snapshot_ts,stop_id,route_id,route_short_name,trip_id,vehicle_id,scheduled_arrival_ts,predicted_arrival_ts,status
1775606226,1_481,1_100024,125,1_770790150,1_7055,1775606220,1775606245,default
1775606226,1_22196,1_102736,H Line,1_694056630,1_6114,1775606466,1775606200,default
1775606226,1_12770,1_100228,48,1_721358380,1_8028,1775606189,1775606289,default
1775606226,1_320,1_100011,111,1_664454900,1_7422,1775606220,1775606302,default
1775606226,1_575,1_100210,36,1_800583950,1_8023386,1775606280,1775606011,default
1775606226,1_575,1_100263,7,1_694070770,1_4557,1775606520,1775606272,default
1775606226,1_2850,1_100089,2,1_788758240,1_7117,1775606460,1775605351,default
1775606226,1_46505,1_102619,F Line,1_694521700,1_7976229,1775606460,1775606460,default
1775606226,1_46505,1_102619,F Line,1_694522120,1_7976085,1775607060,1775607060,default
1775606226,1_46505,1_102619,F Line,1_656236290,1_7975999,1775607960,1775607960,default
1775606226,1_46505,1_102619,F Line,1_635449070,1_7976142,1775608860,1775608860,default
1775606226,1_280,40_100240,554,40_560096530,40_7976689,1775606121,1775606290,default
1775606226,1_57453,1_102719,161,1_800651870,1_7489,1775606400,1775606072,default
1775606226,1_57453,1_100060,168,1_693747160,1_7976218,1775609100,1775609100,default
1775606226,1_52306,1_102619,F Line,1_800653870,1_8023729,1775606700,1775606700,default
1775606226,1_52306,1_102619,F Line,1_800654760,1_8023709,1775607300,1775607300,default
1775606226,1_52306,1_102619,F Line,1_800654580,1_8023711,1775607900,1775607900,default
1775606226,1_52306,1_102619,F Line,1_800654920,1_8023715,1775608500,1775608500,default
1775606226,1_52306,1_102619,F Line,1_800654190,1_8023763,1775609400,1775609400,default
1775606226,1_80121,1_102719,161,1_800652510,1_7145,1775606337,1775606212,default
1775606226,1_2200,1_102581,D Line,1_732749190,1_6090,1775605765,1775606405,default
1775606226,1_2200,1_102581,D Line,1_732750350,1_6112,1775606245,1775606407,default
1775606226,1_80124,1_102719,161,1_800652510,1_7145,1775606517,1775606318,default
1775606226,1_59282,1_102717,165,1_800649850,1_7101,1775607180,1775605003,default
1775606226,1_59282,1_100072,181,1_721481540,1_7491,1775606400,1775605505,default
1775606226,1_18580,1_100252,62,1_800855480,1_8068,1775606476,1775606285,default
1775606226,1_620,40_515,515,40_16133756__MCOB-DO:121:0:Weekday:2:26MAR:86036:12345,40_MCOB-DO:121:0:Weekday:2:26MAR:86036:12345,1775606400,1775606415,default
1775606226,1_620,40_510,510,40_16133731__MCOB-DO:121:0:Weekday:2:26MAR:86019:12345,40_MCOB-DO:121:0:Weekday:2:26MAR:86019:12345,1775607000,1775607000,default
1775606226,1_620,29_424,424,29_16132036__MCOB-DO:121:0:Weekday:2:26MAR:61057:12345,29_MCOB-DO:121:0:Weekday:2:26MAR:61057:12345,1775607000,1775607000,default
1775606226,1_620,40_515,515,40_16133717__MCOB-DO:121:0:Weekday:2:26MAR:86037:12345,40_MCOB-DO:121:0:Weekday:2:26MAR:86037:12345,1775607300,1775607300,default
1775606226,1_620,1_102754,256,1_816378500,1_8005267,1775607300,1775607300,default
1775606226,1_620,40_510,510,40_16133716__MCOB-DO:121:0:Weekday:2:26MAR:86028:12345,40_MCOB-DO:121:0:Weekday:2:26MAR:86028:12345,1775608200,1775608200,default
1775606226,1_620,40_515,515,40_16133703__MCOB-DO:121:0:Weekday:2:26MAR:86025:12345,40_MCOB-DO:121:0:Weekday:2:26MAR:86025:12345,1775608380,1775608380,default
1775606226,1_620,1_102754,256,1_816378510,1_8005288,1775609100,1775609100,default
1775606226,1_620,40_515,515,40_16133710__MCOB-DO:121:0:Weekday:2:26MAR:86023:12345,40_MCOB-DO:121:0:Weekday:2:26MAR:86023:12345,1775609100,1775609100,default
1775606226,1_620,40_510,510,40_16133723__MCOB-DO:121:0:Weekday:2:26MAR:86020:12345,40_MCOB-DO:121:0:Weekday:2:26MAR:86020:12345,1775609400,1775609400,default
1775606226,1_10912,40_100451,556,40_635882830,40_7976563,1775606400,1775606400,default
1775606226,1_10912,40_100511,542,40_581722900,40_7976606,1775606760,1775606760,default
1775606226,1_10912,1_100162,271,1_569496920,1_7976670,1775607120,1775607120,default
1775606226,1_10912,1_100162,271,1_569496790,1_7976668,1775607780,1775607780,default
1775606226,1_10912,40_100451,556,40_635883200,40_7976710,1775608200,1775608200,default
1775606226,1_71960,40_100511,542,40_721031410,40_7976685,1775606400,1775606400,default
1775606411,1_12170,1_100039,14,1_562519940,1_4378,1775606379,1775606529,default
1775606411,1_481,1_102736,H Line,1_694056170,1_6080,1775606460,1775606418,default
1775606411,1_481,1_102576,C Line,1_800868910,1_6262,1775606220,1775606434,default
1775606411,1_60161,1_100042,148,1_762077980,1_7976052,1775609880,1775609880,default
1775606411,1_970,1_100459,218,1_694279320,1_6890,1775606266,1775606434,default
1775606411,1_320,40_100239,550,40_597759960,40_9815,1775606460,1775606497,default
1775606411,1_2850,1_100089,2,1_788758240,1_7117,1775606460,1775605351,default
1775606411,1_46505,1_102619,F Line,1_694521700,1_7976229,1775606460,1775606460,default
1775606411,1_46505,1_102619,F Line,1_694522120,1_7976085,1775607060,1775607067,default
1775606411,1_46505,1_102619,F Line,1_656236290,1_7975999,1775607960,1775607960,default
1775606411,1_46505,1_102619,F Line,1_635449070,1_7976142,1775608860,1775608860,default
1775606411,1_280,40_100240,554,40_560096530,40_9677,1775606121,1775606463,default
1775606411,1_13810,1_102581,D Line,1_732749940,1_6105,1775606502,1775606412,default
1775606411,1_27420,1_100161,27,1_759819230,1_8076,1775606533,1775606502,default
1775606411,1_57453,1_100060,168,1_693747160,1_7976218,1775609100,1775609117,default
1775606411,1_10653,1_100252,62,1_800856350,1_8034,1775607568,1775606381,default
1775606411,1_72494,1_100160,269,1_806917230,1_7320,1775606340,1775606489,default
1775606411,1_73953,1_102704,250,1_720962520,1_7367,1775606516,1775606402,default
1775606411,1_52306,1_102619,F Line,1_800653870,1_8023729,1775606700,1775606700,default
1775606411,1_52306,1_102619,F Line,1_800654760,1_8023709,1775607300,1775607300,default
1775606411,1_52306,1_102619,F Line,1_800654580,1_8023711,1775607900,1775607900,default
1775606411,1_52306,1_102619,F Line,1_800654920,1_8023715,1775608500,1775608500,default
1775606411,1_52306,1_102619,F Line,1_800654190,1_8023763,1775609400,1775609400,default
1775606411,1_71970,1_102753,222,1_774817930,1_7389,1775606722,1775606553,default
1775606411,1_59282,1_102717,165,1_800649850,1_7101,1775607180,1775605003,default
1775606411,1_74714,1_102701,225,1_811517090,1_7459,1775606606,1775606560,default
1775606411,1_620,40_515,515,40_16133756__MCOB-DO:121:0:Weekday:2:26MAR:86036:12345,40_MCOB-DO:121:0:Weekday:2:26MAR:86036:12345,1775606400,1775606708,default
1775606411,1_620,29_424,424,29_16132036__MCOB-DO:121:0:Weekday:2:26MAR:61057:12345,29_MCOB-DO:121:0:Weekday:2:26MAR:61057:12345,1775607000,1775607000,default
1775606411,1_620,40_510,510,40_16133731__MCOB-DO:121:0:Weekday:2:26MAR:86019:12345,40_MCOB-DO:121:0:Weekday:2:26MAR:86019:12345,1775607000,1775607144,default
1775606411,1_620,40_515,515,40_16133717__MCOB-DO:121:0:Weekday:2:26MAR:86037:12345,40_MCOB-DO:121:0:Weekday:2:26MAR:86037:12345,1775607300,1775607300,default
1775606411,1_620,1_102754,256,1_816378500,1_8005267,1775607300,1775607300,default
1775606411,1_620,40_510,510,40_16133716__MCOB-DO:121:0:Weekday:2:26MAR:86028:12345,40_MCOB-DO:121:0:Weekday:2:26MAR:86028:12345,1775608200,1775608200,default
1775606411,1_620,40_515,515,40_16133703__MCOB-DO:121:0:Weekday:2:26MAR:86025:12345,40_MCOB-DO:121:0:Weekday:2:26MAR:86025:12345,1775608380,1775608380,default
1775606411,1_620,1_102754,256,1_816378510,1_8005288,1775609100,1775609100,default
1775606411,1_620,40_515,515,40_16133710__MCOB-DO:121:0:Weekday:2:26MAR:86023:12345,40_MCOB-DO:121:0:Weekday:2:26MAR:86023:12345,1775609100,1775609100,default
1775606411,1_620,40_510,510,40_16133723__MCOB-DO:121:0:Weekday:2:26MAR:86020:12345,40_MCOB-DO:121:0:Weekday:2:26MAR:86020:12345,1775609400,1775609400,default
1775606411,1_620,40_515,515,40_16133757__MCOB-DO:121:0:Weekday:2:26MAR:86032:12345,40_MCOB-DO:121:0:Weekday:2:26MAR:86032:12345,1775610000,1775610000,default
1775606411,1_10912,40_100511,542,40_581722900,40_7976606,1775606760,1775606760,default
1775606411,1_10912,1_100162,271,1_569496920,1_7976670,1775607120,1775607120,default
1775606411,1_10912,1_100162,271,1_569496790,1_7976668,1775607780,1775607780,default
1775606411,1_10912,40_100451,556,40_635883200,40_7976710,1775608200,1775608200,default
1775606411,1_8403,1_100039,14,1_562519930,1_4357,1775606700,1775606531,default
1775606411,1_58144,1_100048,153,1_833411830,1_7439,1775606681,1775606493,default
1775606711,1_60161,1_100042,148,1_762077930,1_7976072,1775608080,1775608080,default
1775606711,1_60161,1_100042,148,1_762077980,1_7976052,1775609880,1775609880,default
1775606711,1_75890,1_102615,E Line,1_761417870,1_6091,1775606742,1775606620,default
1775606711,1_320,1_100459,218,1_694279320,1_6890,1775606520,1775606742,default
1775606711,1_320,40_590,590,40_470020,40_9738,1775606820,1775606820,default
1775606711,1_575,1_100210,36,1_800584040,1_8023416,1775606760,1775606642,default
1775606711,1_575,1_100210,36,1_800584040,1_4535,1775606760,1775606648,default
1775606711,1_2850,1_100089,2,1_788757890,1_8023472,1775607000,1775607000,default
1775606711,1_46505,1_102619,F Line,1_694522120,1_7976085,1775607060,1775607060,default
1775606711,1_46505,1_102619,F Line,1_656236290,1_7975999,1775607960,1775607960,default
1775606711,1_46505,1_102619,F Line,1_635449070,1_7976142,1775608860,1775608860,default
1775606711,1_57453,1_102720,160,1_694518220,1_7189,1775606820,1775606678,default
1775606711,1_57453,1_100060,168,1_693747160,1_7976218,1775609100,1775609403,default
1775606711,1_10653,1_100252,62,1_800856350,1_8034,1775607568,1775606664,default
1775606711,1_84810,1_102752,223,1_833610860,1_7388,1775606552,1775606800,default
1775606711,1_52306,1_102619,F Line,1_800654760,1_8023709,1775607300,1775607300,default
1775606711,1_52306,1_102619,F Line,1_800654580,1_8023711,1775607900,1775607900,default
1775606711,1_52306,1_102619,F Line,1_800654920,1_8023715,1775608500,1775608500,default
1775606711,1_52306,1_102619,F Line,1_800654190,1_8023763,1775609400,1775609400,default
1775606711,1_8530,1_100005,106,1_727784860,1_7002,1775606526,1775606819,default
1775606711,1_70665,1_102704,250,1_720962520,1_7367,1775606844,1775606804,default
1775606711,1_57804,1_100072,181,1_721482070,1_7071,1775607373,1775607325,default
1775606711,1_59282,1_102717,165,1_800649850,1_7101,1775607180,1775605003,default
1775606711,1_82810,1_100133,240,1_761786600,1_7306,1775607057,1775606691,default
1775606711,1_57791,1_102718,184,1_664464450,1_1002,1775606889,1775606771,default
1775606711,1_2260,1_100275,8,1_800891370,1_8033,1775606812,1775606873,default
1775606711,1_620,40_100240,554,40_774872440,40_9664,1775607300,1775606847,default
1775606711,1_620,40_100236,545,40_585569830,40_7976564,1775606880,1775606910,default
1775606711,1_620,40_100236,545,40_585569830,40_9816,1775606880,1775606981,default
1775606711,1_620,29_424,424,29_16132036__MCOB-DO:121:0:Weekday:2:26MAR:61057:12345,29_MCOB-DO:121:0:Weekday:2:26MAR:61057:12345,1775607000,1775607095,default
1775606711,1_620,40_100239,550,40_597759710,40_6923,1775606760,1775607267,default
1775606711,1_620,40_515,515,40_16133717__MCOB-DO:121:0:Weekday:2:26MAR:86037:12345,40_MCOB-DO:121:0:Weekday:2:26MAR:86037:12345,1775607300,1775607300,default
1775606711,1_620,1_102754,256,1_816378500,1_8005267,1775607300,1775607300,default
1775606711,1_620,40_510,510,40_16133731__MCOB-DO:121:0:Weekday:2:26MAR:86019:12345,40_MCOB-DO:121:0:Weekday:2:26MAR:86019:12345,1775607000,1775607385,default
1775606711,1_620,40_510,510,40_16133716__MCOB-DO:121:0:Weekday:2:26MAR:86028:12345,40_MCOB-DO:121:0:Weekday:2:26MAR:86028:12345,1775608200,1775608200,default
1775606711,1_620,40_515,515,40_16133703__MCOB-DO:121:0:Weekday:2:26MAR:86025:12345,40_MCOB-DO:121:0:Weekday:2:26MAR:86025:12345,1775608380,1775608380,default
1775606711,1_620,1_102754,256,1_816378510,1_8005288,1775609100,1775609100,default
1775606711,1_620,40_515,515,40_16133710__MCOB-DO:121:0:Weekday:2:26MAR:86023:12345,40_MCOB-DO:121:0:Weekday:2:26MAR:86023:12345,1775609100,1775609100,default
1775606711,1_620,40_510,510,40_16133723__MCOB-DO:121:0:Weekday:2:26MAR:86020:12345,40_MCOB-DO:121:0:Weekday:2:26MAR:86020:12345,1775609400,1775609400,default
1775606711,1_620,40_515,515,40_16133757__MCOB-DO:121:0:Weekday:2:26MAR:86032:12345,40_MCOB-DO:121:0:Weekday:2:26MAR:86032:12345,1775610000,1775610000,default
1775606711,1_10912,1_100162,271,1_569496920,1_7976670,1775607120,1775607120,default
1775606711,1_10912,1_100162,271,1_569496790,1_7976668,1775607780,1775607780,default
1775606711,1_10912,40_100511,542,40_581723450,40_7976604,1775608020,1775608020,default
1775606711,1_10912,40_100451,556,40_635883200,40_7976710,1775608200,1775608200,default
1775606711,1_71960,40_100511,542,40_721030800,40_7976686,1775607660,1775607660,default
1775606711,1_8403,1_100039,14,1_562519930,1_4357,1775606700,1775606608,default
1775607011,1_12170,1_100039,14,1_562519930,1_4357,1775607279,1775607088,default
1775607011,1_60161,1_100042,148,1_762077930,1_3735,1775608080,1775606777,default
1775607011,1_60161,1_100042,148,1_762077930,1_7976072,1775608080,1775608080,default
1775607011,1_60161,1_100042,148,1_762077980,1_7976052,1775609880,1775609880,default
1775607011,1_320,40_100239,550,40_597760060,40_6951,1775607060,1775607019,default
1775607011,1_46505,1_102619,F Line,1_694522120,1_7976085,1775607060,1775607060,default
1775607011,1_46505,1_102619,F Line,1_656236290,1_7975999,1775607960,1775607960,default
1775607011,1_46505,1_102619,F Line,1_635449070,1_7976142,1775608860,1775608860,default
1775607011,1_280,40_100240,554,40_581723280,40_7976696,1775607081,1775607081,default
1775607011,1_280,1_100104,212,1_806323820,1_8005196,1775607110,1775607110,default
1775607011,1_57453,1_100060,168,1_693747160,1_7976218,1775609100,1775609608,default
1775607011,1_60477,1_102715,162,1_800652730,1_7466,1775607649,1775607125,default
1775607011,1_10653,1_100252,62,1_800856350,1_8034,1775607568,1775606964,default
1775607011,1_52306,1_102619,F Line,1_800654760,1_8023709,1775607300,1775607300,default
1775607011,1_52306,1_102619,F Line,1_800654580,1_8023711,1775607900,1775607900,default
1775607011,1_52306,1_102619,F Line,1_800654920,1_8023715,1775608500,1775608500,default
1775607011,1_52306,1_102619,F Line,1_800654190,1_8023763,1775609400,1775609400,default
1775607011,1_52306,1_102619,F Line,1_800654690,1_8023764,1775610300,1775610300,default
1775607011,1_2200,1_102581,D Line,1_732749940,1_6105,1775607205,1775607026,default
1775607011,1_57804,1_100072,181,1_721482070,1_7071,1775607373,1775607105,default
1775607011,1_59282,1_102717,165,1_800649850,1_7101,1775607180,1775605003,default
1775607011,1_23905,1_100214,372,1_694306830,1_6962,1775606932,1775607155,default
1775607011,1_620,1_102754,256,1_816378500,1_8005267,1775607300,1775607300,default
1775607011,1_620,40_515,515,40_16133717__MCOB-DO:121:0:Weekday:2:26MAR:86037:12345,40_MCOB-DO:121:0:Weekday:2:26MAR:86037:12345,1775607300,1775607317,default
1775607011,1_620,40_510,510,40_16133731__MCOB-DO:121:0:Weekday:2:26MAR:86019:12345,40_MCOB-DO:121:0:Weekday:2:26MAR:86019:12345,1775607000,1775607517,default
1775607011,1_620,40_510,510,40_16133716__MCOB-DO:121:0:Weekday:2:26MAR:86028:12345,40_MCOB-DO:121:0:Weekday:2:26MAR:86028:12345,1775608200,1775608200,default
1775607011,1_620,40_515,515,40_16133703__MCOB-DO:121:0:Weekday:2:26MAR:86025:12345,40_MCOB-DO:121:0:Weekday:2:26MAR:86025:12345,1775608380,1775608380,default
1775607011,1_620,1_102754,256,1_816378510,1_8005288,1775609100,1775609100,default
1775607011,1_620,40_515,515,40_16133710__MCOB-DO:121:0:Weekday:2:26MAR:86023:12345,40_MCOB-DO:121:0:Weekday:2:26MAR:86023:12345,1775609100,1775609100,default
1775607011,1_620,40_510,510,40_16133723__MCOB-DO:121:0:Weekday:2:26MAR:86020:12345,40_MCOB-DO:121:0:Weekday:2:26MAR:86020:12345,1775609400,1775609400,default
1775607011,1_620,40_515,515,40_16133757__MCOB-DO:121:0:Weekday:2:26MAR:86032:12345,40_MCOB-DO:121:0:Weekday:2:26MAR:86032:12345,1775610000,1775610000,default
1775607011,1_620,40_510,510,40_16133729__MCOB-DO:121:0:Weekday:2:26MAR:86021:12345,40_MCOB-DO:121:0:Weekday:2:26MAR:86021:12345,1775610600,1775610600,default
1775607011,1_10912,1_100264,70,1_816208630,1_8026411,1775607127,1775607206,default
1775607011,1_10912,1_100162,271,1_569496790,1_7976668,1775607780,1775607780,default
1775607011,1_10912,40_100511,542,40_581723450,40_7976604,1775608020,1775608020,default
1775607011,1_10912,40_100451,556,40_635883200,40_7976710,1775608200,1775608200,default
1775607011,1_10912,1_100162,271,1_569496940,1_7976352,1775608380,1775608380,default
1775607011,1_10912,40_100451,556,40_635883190,40_7976550,1775610120,1775610120,default
1775607011,1_71960,40_100511,542,40_721030800,40_7976686,1775607660,1775607660,default
1775607011,1_18220,1_100028,13,1_788759720,1_4335,1775607333,1775607105,default
1775607311,1_60161,1_100042,148,1_762077930,1_3735,1775608080,1775606777,default
1775607311,1_60161,1_100042,148,1_762077980,1_7976052,1775609880,1775609880,default
1775607311,1_60453,1_102715,162,1_800652730,1_7466,1775607900,1775607293,default
1775607311,1_320,40_595,595,40_1898020,40_9310,1775607420,1775607420,default
1775607311,1_320,40_592,592,40_645020,40_41514,1775607480,1775607480,default
1775607311,1_575,1_100263,7,1_694072780,1_4555,1775607420,1775607355,default
1775607311,1_575,1_100028,13,1_788759050,1_7091,1775607360,1775607362,default
1775607311,1_2850,1_100089,2,1_788758250,1_7098,1775607900,1775606991,default
1775607311,1_46505,1_102619,F Line,1_656236290,1_7975999,1775607960,1775607960,default
1775607311,1_46505,1_102619,F Line,1_635449070,1_7976142,1775608860,1775608860,default
1775607311,1_46505,1_102619,F Line,1_656236440,1_7976083,1775610720,1775610720,default
1775607311,1_29423,1_102732,79,1_816446320,1_7257,1775608500,1775608500,default
1775607311,1_57453,1_100060,168,1_693747160,1_7976218,1775609100,1775609632,default
1775607311,1_10653,1_100252,62,1_800856350,1_8034,1775607568,1775607250,default
1775607311,1_52306,1_102619,F Line,1_800654580,1_8023711,1775607900,1775607900,default
1775607311,1_52306,1_102619,F Line,1_800654920,1_8023715,1775608500,1775608500,default
1775607311,1_52306,1_102619,F Line,1_800654190,1_8023763,1775609400,1775609400,default
1775607311,1_52306,1_102619,F Line,1_800654690,1_8023764,1775610300,1775610300,default
1775607311,1_8530,1_100039,14,1_562520040,1_4322,1775607412,1775607383,default
1775607311,1_58112,1_102619,F Line,1_694521460,1_6284,1775607336,1775607425,default
1775607311,1_14280,1_102581,D Line,1_803816970,1_6096,1775606842,1775607457,default
1775607311,1_25791,1_100214,372,1_694306250,1_7425,1775607141,1775607485,default
1775607311,1_620,40_100236,545,40_585570410,40_9662,1775607600,1775607585,default
1775607311,1_620,40_100239,550,40_597759720,40_9820,1775607360,1775607755,default
1775607311,1_620,1_100104,212,1_806323810,1_6972,1775608020,1775607884,default
1775607311,1_620,40_100239,550,40_597759950,40_9647,1775607960,1775608028,default
1775607311,1_620,40_510,510,40_16133716__MCOB-DO:121:0:Weekday:2:26MAR:86028:12345,40_MCOB-DO:121:0:Weekday:2:26MAR:86028:12345,1775608200,1775608200,default
1775607311,1_620,40_515,515,40_16133703__MCOB-DO:121:0:Weekday:2:26MAR:86025:12345,40_MCOB-DO:121:0:Weekday:2:26MAR:86025:12345,1775608380,1775608380,default
1775607311,1_620,1_102754,256,1_816378510,1_8005288,1775609100,1775609100,default
1775607311,1_620,40_515,515,40_16133710__MCOB-DO:121:0:Weekday:2:26MAR:86023:12345,40_MCOB-DO:121:0:Weekday:2:26MAR:86023:12345,1775609100,1775609100,default
1775607311,1_620,40_510,510,40_16133723__MCOB-DO:121:0:Weekday:2:26MAR:86020:12345,40_MCOB-DO:121:0:Weekday:2:26MAR:86020:12345,1775609400,1775609400,default
1775607311,1_620,40_515,515,40_16133757__MCOB-DO:121:0:Weekday:2:26MAR:86032:12345,40_MCOB-DO:121:0:Weekday:2:26MAR:86032:12345,1775610000,1775610000,default
1775607311,1_620,40_510,510,40_16133729__MCOB-DO:121:0:Weekday:2:26MAR:86021:12345,40_MCOB-DO:121:0:Weekday:2:26MAR:86021:12345,1775610600,1775610600,default
1775607311,1_10912,1_100162,271,1_569496790,1_7976668,1775607780,1775607780,default
1775607311,1_10912,40_100511,542,40_581723450,40_7976604,1775608020,1775608020,default
1775607311,1_10912,40_100451,556,40_635883200,40_7976710,1775608200,1775608200,default
1775607311,1_10912,1_100162,271,1_569496940,1_7976352,1775608380,1775608380,default
1775607311,1_10912,40_100451,556,40_635883190,40_7976550,1775610120,1775610120,default
1775607311,1_71960,40_100511,542,40_721030800,40_7976686,1775607660,1775607660,default
1775607611,1_26560,1_102574,40,1_811901650,1_8265,1775607683,1775607735,default
1775607611,1_60161,1_100042,148,1_762077930,1_3735,1775608080,1775606777,default
1775607611,1_60161,1_100042,148,1_762077980,1_7976052,1775609880,1775609880,default
1775607611,1_970,40_578,578,40_768020,40_9301,1775607602,1775607688,default
1775607611,1_320,40_100239,550,40_597760720,40_9650,1775607660,1775607663,default
1775607611,1_575,1_102576,C Line,1_800869450,1_6252,1775607780,1775607689,default
1775607611,1_2850,1_100089,2,1_788758250,1_7098,1775607900,1775606991,default
1775607611,1_46505,1_102619,F Line,1_656236290,1_7975999,1775607960,1775607960,default
1775607611,1_46505,1_102619,F Line,1_635449070,1_7976142,1775608860,1775608860,default
1775607611,1_46505,1_102619,F Line,1_656236440,1_7976083,1775610720,1775610720,default
1775607611,1_29423,1_102732,79,1_816446320,1_7257,1775608500,1775608500,default
1775607611,1_57453,1_102720,160,1_694517240,1_7476,1775607720,1775607565,default
1775607611,1_57453,1_100060,168,1_693747160,1_7976218,1775609100,1775609520,default
1775607611,1_52306,1_102619,F Line,1_800654580,1_8023711,1775607900,1775607900,default
1775607611,1_52306,1_102619,F Line,1_800654920,1_8023715,1775608500,1775608500,default
1775607611,1_52306,1_102619,F Line,1_800654190,1_8023763,1775609400,1775609400,default
1775607611,1_52306,1_102619,F Line,1_800654690,1_8023764,1775610300,1775610300,default
1775607611,1_99254,40_594,594,40_614020,40_9715,1775607573,1775607702,default
1775607611,1_70665,1_102704,250,1_720962540,1_7305,1775607744,1775607522,default
1775607611,1_41850,1_100249,60,1_801585890,1_7030,1775607746,1775607631,default
1775607611,1_76312,1_102705,230,1_664298820,1_7337,1775607418,1775607796,default
1775607611,1_59282,1_100072,181,1_721490250,1_7103,1775608140,1775607567,default
1775607611,1_59282,1_100072,181,1_721490250,1_7976104,1775608140,1775608140,default
1775607611,1_81749,1_100160,269,1_806917800,1_7408,1775607514,1775607754,default
1775607611,1_620,40_100239,550,40_597759950,40_9647,1775607960,1775607907,default
1775607611,1_620,40_515,515,40_16133703__MCOB-DO:121:0:Weekday:2:26MAR:86025:12345,40_MCOB-DO:121:0:Weekday:2:26MAR:86025:12345,1775608380,1775608380,default
1775607611,1_620,40_510,510,40_16133716__MCOB-DO:121:0:Weekday:2:26MAR:86028:12345,40_MCOB-DO:121:0:Weekday:2:26MAR:86028:12345,1775608200,1775608426,default
1775607611,1_620,1_102754,256,1_816378510,1_8005288,1775609100,1775609100,default
1775607611,1_620,40_515,515,40_16133710__MCOB-DO:121:0:Weekday:2:26MAR:86023:12345,40_MCOB-DO:121:0:Weekday:2:26MAR:86023:12345,1775609100,1775609100,default
1775607611,1_620,40_510,510,40_16133723__MCOB-DO:121:0:Weekday:2:26MAR:86020:12345,40_MCOB-DO:121:0:Weekday:2:26MAR:86020:12345,1775609400,1775609400,default
1775607611,1_620,40_515,515,40_16133757__MCOB-DO:121:0:Weekday:2:26MAR:86032:12345,40_MCOB-DO:121:0:Weekday:2:26MAR:86032:12345,1775610000,1775610000,default
1775607611,1_620,40_510,510,40_16133729__MCOB-DO:121:0:Weekday:2:26MAR:86021:12345,40_MCOB-DO:121:0:Weekday:2:26MAR:86021:12345,1775610600,1775610600,default
1775607611,1_620,40_515,515,40_16133699__MCOB-DO:121:0:Weekday:2:26MAR:86024:12345,40_MCOB-DO:121:0:Weekday:2:26MAR:86024:12345,1775611200,1775611200,default
1775607611,1_10912,1_100162,271,1_569496790,1_7976668,1775607780,1775607780,default
1775607611,1_10912,40_100511,542,40_581723450,40_7976604,1775608020,1775608020,default
1775607611,1_10912,40_100451,556,40_635883200,40_7976710,1775608200,1775608200,default
1775607611,1_10912,1_100162,271,1_569496940,1_7976352,1775608380,1775608380,default
1775607611,1_10912,40_100511,542,40_581723480,40_7976607,1775609220,1775609220,default
1775607611,1_10912,1_100162,271,1_569497180,1_7976663,1775609220,1775609220,default
1775607611,1_10912,40_100451,556,40_635883190,40_7976550,1775610120,1775610120,default
1775607911,1_85800,1_100196,331,1_803353070,1_7214,1775607771,1775607962,default
1775607911,1_60161,1_100042,148,1_762077930,1_3735,1775608080,1775606777,default
1775607911,1_60161,1_100042,148,1_762077980,1_7976052,1775609880,1775609880,default
1775607911,1_320,40_590,590,40_2978020,40_9739,1775608020,1775608020,default
1775607911,1_575,1_100210,36,1_800584050,1_4400,1775608020,1775607955,default
1775607911,1_2850,1_100089,2,1_818403120,1_7152,1775608200,1775607652,default
1775607911,1_2850,1_100089,2,1_818403120,1_8023486,1775608200,1775608200,default
1775607911,1_46505,1_102619,F Line,1_656236290,1_7975999,1775607960,1775607960,default
1775607911,1_46505,1_102619,F Line,1_635449070,1_7976142,1775608860,1775608860,default
1775607911,1_46505,1_102619,F Line,1_656236440,1_7976083,1775610720,1775610720,default
1775607911,1_29423,1_102732,79,1_816446320,1_7257,1775608500,1775608500,default
1775607911,1_1190,1_100009,11,1_736449240,1_7044,1775607978,1775607904,default
1775607911,1_57453,1_100060,168,1_693747160,1_7976218,1775609100,1775609650,default
1775607911,1_72494,1_100160,269,1_806917010,1_7381,1775608140,1775608118,default
1775607911,1_52306,1_100031,132,1_800858510,1_8060,1775608500,1775607979,default
1775607911,1_52306,1_102619,F Line,1_800654920,1_8023715,1775608500,1775608500,default
1775607911,1_52306,1_102619,F Line,1_800654190,1_8023763,1775609400,1775609400,default
1775607911,1_52306,1_102619,F Line,1_800654690,1_8023764,1775610300,1775610300,default
1775607911,1_52306,1_102619,F Line,1_800654430,1_8023883,1775611200,1775611200,default
1775607911,1_45670,1_100210,36,1_800582680,1_8023483,1775607921,1775608020,default
1775607911,1_59282,1_100072,181,1_721490250,1_7103,1775608140,1775607567,default
1775607911,1_59282,1_102717,165,1_800649860,1_7315,1775608860,1775607887,default
1775607911,1_59282,1_102717,165,1_800649860,1_8023717,1775608860,1775608860,default
1775607911,1_620,40_594,594,40_614020,40_9715,1775607960,1775608117,default
1775607911,1_620,40_515,515,40_16133703__MCOB-DO:121:0:Weekday:2:26MAR:86025:12345,40_MCOB-DO:121:0:Weekday:2:26MAR:86025:12345,1775608380,1775608424,default
1775607911,1_620,40_510,510,40_16133716__MCOB-DO:121:0:Weekday:2:26MAR:86028:12345,40_MCOB-DO:121:0:Weekday:2:26MAR:86028:12345,1775608200,1775608597,default
1775607911,1_620,1_102754,256,1_816378510,1_8005288,1775609100,1775609100,default
1775607911,1_620,40_515,515,40_16133710__MCOB-DO:121:0:Weekday:2:26MAR:86023:12345,40_MCOB-DO:121:0:Weekday:2:26MAR:86023:12345,1775609100,1775609100,default
1775607911,1_620,40_510,510,40_16133723__MCOB-DO:121:0:Weekday:2:26MAR:86020:12345,40_MCOB-DO:121:0:Weekday:2:26MAR:86020:12345,1775609400,1775609400,default
1775607911,1_620,40_515,515,40_16133757__MCOB-DO:121:0:Weekday:2:26MAR:86032:12345,40_MCOB-DO:121:0:Weekday:2:26MAR:86032:12345,1775610000,1775610000,default
1775607911,1_620,40_510,510,40_16133729__MCOB-DO:121:0:Weekday:2:26MAR:86021:12345,40_MCOB-DO:121:0:Weekday:2:26MAR:86021:12345,1775610600,1775610600,default
1775607911,1_620,1_102754,256,1_816378520,1_8005280,1775610960,1775610960,default
1775607911,1_620,40_515,515,40_16133699__MCOB-DO:121:0:Weekday:2:26MAR:86024:12345,40_MCOB-DO:121:0:Weekday:2:26MAR:86024:12345,1775611200,1775611200,default
1775607911,1_10912,40_100451,556,40_635883200,40_7976710,1775608200,1775608200,default
1775607911,1_10912,1_100162,271,1_569496940,1_7976352,1775608380,1775608380,default
1775607911,1_10912,40_100511,542,40_581723480,40_7976607,1775609220,1775609220,default
1775607911,1_10912,1_100162,271,1_569497180,1_7976663,1775609220,1775609220,default
1775607911,1_10912,40_100451,556,40_635883190,40_7976550,1775610120,1775610120,default
1775607911,1_71960,40_100511,542,40_721031010,40_7976608,1775609460,1775609460,default
1775607911,1_39476,1_100246,57,1_801580820,1_8214,1775608154,1775608014,default
1775608211,1_60161,1_100042,148,1_762077980,1_7976052,1775609880,1775609880,default
1775608211,1_8541,1_100263,7,1_800587300,1_4506,1775607720,1775608227,default
1775608211,1_12770,1_100228,48,1_721359460,1_8029,1775607989,1775608272,default
1775608211,1_575,1_100089,2,1_788758240,1_7117,1775608260,1775608273,default
1775608211,1_46505,1_102619,F Line,1_635449070,1_7976142,1775608860,1775608860,default
1775608211,1_46505,1_102619,F Line,1_656236440,1_7976083,1775610720,1775610720,default
1775608211,1_46505,1_102619,F Line,1_656237600,1_7975998,1775611620,1775611620,default
1775608211,1_29423,1_102732,79,1_816446320,1_7257,1775608500,1775608500,default
1775608211,1_27420,1_100249,60,1_801585840,1_7075,1775608088,1775608291,default
1775608211,1_27420,1_100161,27,1_759819390,1_8069,1775608273,1775608300,default
1775608211,1_57453,1_100060,168,1_693747160,1_7976218,1775609100,1775609552,default
1775608211,1_60477,1_100060,168,1_800648190,1_7352,1775608419,1775608276,default
1775608211,1_60477,1_102715,162,1_800652740,1_7109,1775609389,1775608325,default
1775608211,1_73366,1_102548,B Line,1_721019520,1_6044,1775607820,1775608289,default
1775608211,1_52306,1_100031,132,1_800858510,1_8060,1775608500,1775608113,default
1775608211,1_52306,1_102619,F Line,1_800654920,1_8023715,1775608500,1775608500,default
1775608211,1_52306,1_102619,F Line,1_800654190,1_8023763,1775609400,1775609400,default
1775608211,1_52306,1_102619,F Line,1_800654690,1_8023764,1775610300,1775610300,default
1775608211,1_52306,1_102619,F Line,1_800654430,1_8023883,1775611200,1775611200,default
1775608211,1_8530,1_100005,106,1_727784830,1_7088,1775608326,1775608185,default
1775608211,1_49350,1_100026,128,1_806634250,1_1008,1775608357,1775608357,default
1775608211,1_59282,1_102717,165,1_800649860,1_7315,1775608860,1775607887,default
1775608211,1_620,40_515,515,40_16133703__MCOB-DO:121:0:Weekday:2:26MAR:86025:12345,40_MCOB-DO:121:0:Weekday:2:26MAR:86025:12345,1775608380,1775608629,default
1775608211,1_620,40_510,510,40_16133716__MCOB-DO:121:0:Weekday:2:26MAR:86028:12345,40_MCOB-DO:121:0:Weekday:2:26MAR:86028:12345,1775608200,1775608645,default
1775608211,1_620,1_102754,256,1_816378510,1_8005288,1775609100,1775609100,default
1775608211,1_620,40_515,515,40_16133710__MCOB-DO:121:0:Weekday:2:26MAR:86023:12345,40_MCOB-DO:121:0:Weekday:2:26MAR:86023:12345,1775609100,1775609100,default
1775608211,1_620,40_510,510,40_16133723__MCOB-DO:121:0:Weekday:2:26MAR:86020:12345,40_MCOB-DO:121:0:Weekday:2:26MAR:86020:12345,1775609400,1775609400,default
1775608211,1_620,40_515,515,40_16133757__MCOB-DO:121:0:Weekday:2:26MAR:86032:12345,40_MCOB-DO:121:0:Weekday:2:26MAR:86032:12345,1775610000,1775610000,default
1775608211,1_620,40_510,510,40_16133729__MCOB-DO:121:0:Weekday:2:26MAR:86021:12345,40_MCOB-DO:121:0:Weekday:2:26MAR:86021:12345,1775610600,1775610600,default
1775608211,1_620,1_102754,256,1_816378520,1_8005280,1775610960,1775610960,default
1775608211,1_620,40_515,515,40_16133699__MCOB-DO:121:0:Weekday:2:26MAR:86024:12345,40_MCOB-DO:121:0:Weekday:2:26MAR:86024:12345,1775611200,1775611200,default
1775608211,1_620,40_510,510,40_16133730__MCOB-DO:121:0:Weekday:2:26MAR:86031:12345,40_MCOB-DO:121:0:Weekday:2:26MAR:86031:12345,1775611800,1775611800,default
1775608211,1_10912,1_100162,271,1_569496940,1_7976352,1775608380,1775608380,default
1775608211,1_10912,40_100511,542,40_581723480,40_7976607,1775609220,1775609220,default
1775608211,1_10912,1_100162,271,1_569497180,1_7976663,1775609220,1775609220,default
1775608211,1_10912,40_100451,556,40_635883190,40_7976550,1775610120,1775610120,default
1775608211,1_10912,1_100162,271,1_569554140,1_7976662,1775610180,1775610180,default
1775608211,1_71960,40_100511,542,40_721031010,40_7976608,1775609460,1775609460,default
1775608511,1_103,1_102745,G Line,1_736436840,1_6401,1775608158,1775608525,default
1775608511,1_60161,1_100042,148,1_762077980,1_7976052,1775609880,1775609880,default
1775608511,1_320,1_100011,111,1_664454920,1_7412,1775608560,1775608535,default
1775608511,1_320,40_590,590,40_1390020,40_9207,1775608620,1775608620,default
1775608511,1_2850,1_100089,2,1_788757900,1_7157,1775608800,1775608133,default
1775608511,1_46505,1_102619,F Line,1_635449070,1_7976142,1775608860,1775608860,default
1775608511,1_46505,1_102619,F Line,1_656236440,1_7976083,1775610720,1775610720,default
1775608511,1_46505,1_102619,F Line,1_656237600,1_7975998,1775611620,1775611620,default
1775608511,1_57453,1_100060,168,1_693747160,1_7976218,1775609100,1775609491,default
1775608511,1_8190,1_100263,7,1_800587210,1_4558,1775608616,1775608485,default
1775608511,1_52306,1_102619,F Line,1_800654190,1_8023763,1775609400,1775609400,default
1775608511,1_52306,1_102619,F Line,1_800654690,1_8023764,1775610300,1775610300,default
1775608511,1_52306,1_102619,F Line,1_800654430,1_8023883,1775611200,1775611200,default
1775608511,1_2200,1_102581,D Line,1_732748590,1_6068,1775608645,1775608657,default
1775608511,1_59282,1_102717,165,1_800649860,1_7315,1775608860,1775607887,default
1775608511,1_620,40_100240,554,40_774872590,40_9675,1775609040,1775609022,default
1775608511,1_620,1_102754,256,1_816378510,1_8005288,1775609100,1775609100,default
1775608511,1_620,40_515,515,40_16133710__MCOB-DO:121:0:Weekday:2:26MAR:86023:12345,40_MCOB-DO:121:0:Weekday:2:26MAR:86023:12345,1775609100,1775609100,default
1775608511,1_620,40_100239,550,40_597760050,40_6987,1775608620,1775609291,default
1775608511,1_620,40_510,510,40_16133723__MCOB-DO:121:0:Weekday:2:26MAR:86020:12345,40_MCOB-DO:121:0:Weekday:2:26MAR:86020:12345,1775609400,1775609400,default
1775608511,1_620,40_515,515,40_16133757__MCOB-DO:121:0:Weekday:2:26MAR:86032:12345,40_MCOB-DO:121:0:Weekday:2:26MAR:86032:12345,1775610000,1775610000,default
1775608511,1_620,40_510,510,40_16133729__MCOB-DO:121:0:Weekday:2:26MAR:86021:12345,40_MCOB-DO:121:0:Weekday:2:26MAR:86021:12345,1775610600,1775610600,default
1775608511,1_620,1_102754,256,1_816378520,1_8005280,1775610960,1775610960,default
1775608511,1_620,40_515,515,40_16133699__MCOB-DO:121:0:Weekday:2:26MAR:86024:12345,40_MCOB-DO:121:0:Weekday:2:26MAR:86024:12345,1775611200,1775611200,default
1775608511,1_620,40_510,510,40_16133730__MCOB-DO:121:0:Weekday:2:26MAR:86031:12345,40_MCOB-DO:121:0:Weekday:2:26MAR:86031:12345,1775611800,1775611800,default
1775608511,1_10912,40_100511,542,40_581723480,40_7976607,1775609220,1775609220,default
1775608511,1_10912,1_100162,271,1_569497180,1_7976663,1775609220,1775609220,default
1775608511,1_10912,40_100451,556,40_635883190,40_7976550,1775610120,1775610120,default
1775608511,1_10912,1_100162,271,1_569554140,1_7976662,1775610180,1775610180,default
1775608511,1_10912,40_100451,556,40_635883580,40_7976589,1775611800,1775611800,default
1775608511,1_71960,40_100511,542,40_721031010,40_7976608,1775609460,1775609460,default
1775608811,1_12170,1_100039,14,1_562520810,1_4336,1775609079,1775608820,default
1775608811,1_4290,1_100219,4,1_675344970,1_4383,1775608905,1775608728,default
1775608811,1_60161,1_100042,148,1_762077980,1_3738,1775609880,1775608576,default
1775608811,1_60161,1_100042,148,1_762077980,1_7976052,1775609880,1775609880,default
1775608811,1_575,1_100173,3,1_761126450,1_4401,1775608200,1775608857,default
1775608811,1_575,1_100219,4,1_675344820,1_4323,1775608740,1775608859,default
1775608811,1_575,1_102576,C Line,1_800868240,1_6267,1775608980,1775608908,default
1775608811,1_46505,1_102619,F Line,1_635449070,1_7976142,1775608860,1775608860,default
1775608811,1_46505,1_102619,F Line,1_656236440,1_7976083,1775610720,1775610720,default
1775608811,1_46505,1_102619,F Line,1_656237600,1_7975998,1775611620,1775611620,default
1775608811,1_57453,1_100060,168,1_693747160,1_7976218,1775609100,1775609331,default
1775608811,1_5489,1_100196,331,1_803353070,1_7214,1775609022,1775608886,default
1775608811,1_52306,1_102619,F Line,1_800654190,1_8023763,1775609400,1775609400,default
1775608811,1_52306,1_102619,F Line,1_800654690,1_8023764,1775610300,1775610300,default
1775608811,1_52306,1_102619,F Line,1_800654430,1_8023883,1775611200,1775611200,default
1775608811,1_52306,1_102619,F Line,1_800654850,1_8023779,1775612100,1775612100,default
1775608811,1_80121,1_102719,161,1_800652260,1_7489,1775608977,1775608871,default
1775608811,1_41128,1_100026,128,1_806634990,1_1027,1775609022,1775608860,default
1775608811,1_39983,1_102736,H Line,1_694056670,1_6077,1775609040,1775608858,default
1775608811,1_59282,1_100072,181,1_721482070,1_7071,1775608980,1775608902,default
1775608811,1_82107,1_100196,331,1_724955200,1_3710,1775609073,1775608941,default
1775608811,1_18145,1_102574,40,1_811900470,1_8217,1775608977,1775608866,default
1775608811,1_620,40_100240,554,40_774872590,40_9675,1775609040,1775608897,default
1775608811,1_620,40_100236,545,40_563504050,40_7976552,1775609040,1775609068,default
1775608811,1_620,1_102754,256,1_816378510,1_8005288,1775609100,1775609100,default
1775608811,1_620,40_100239,550,40_597760050,40_6987,1775608620,1775609255,default
1775608811,1_620,40_515,515,40_16133710__MCOB-DO:121:0:Weekday:2:26MAR:86023:12345,40_MCOB-DO:121:0:Weekday:2:26MAR:86023:12345,1775609100,1775609304,default
1775608811,1_620,40_510,510,40_16133723__MCOB-DO:121:0:Weekday:2:26MAR:86020:12345,40_MCOB-DO:121:0:Weekday:2:26MAR:86020:12345,1775609400,1775609517,default
1775608811,1_620,40_100239,550,40_597760460,40_9810,1775609220,1775609619,default
1775608811,1_620,40_515,515,40_16133757__MCOB-DO:121:0:Weekday:2:26MAR:86032:12345,40_MCOB-DO:121:0:Weekday:2:26MAR:86032:12345,1775610000,1775610000,default
1775608811,1_620,40_510,510,40_16133729__MCOB-DO:121:0:Weekday:2:26MAR:86021:12345,40_MCOB-DO:121:0:Weekday:2:26MAR:86021:12345,1775610600,1775610600,default
1775608811,1_620,1_102754,256,1_816378520,1_8005280,1775610960,1775610960,default
1775608811,1_620,40_515,515,40_16133699__MCOB-DO:121:0:Weekday:2:26MAR:86024:12345,40_MCOB-DO:121:0:Weekday:2:26MAR:86024:12345,1775611200,1775611200,default
1775608811,1_620,40_510,510,40_16133730__MCOB-DO:121:0:Weekday:2:26MAR:86031:12345,40_MCOB-DO:121:0:Weekday:2:26MAR:86031:12345,1775611800,1775611800,default
1775608811,1_620,40_515,515,40_16133708__MCOB-DO:121:0:Weekday:2:26MAR:86022:12345,40_MCOB-DO:121:0:Weekday:2:26MAR:86022:12345,1775612400,1775612400,default
1775608811,1_10912,40_100511,542,40_581723480,40_7976607,1775609220,1775609220,default
1775608811,1_10912,1_100162,271,1_569497180,1_7976663,1775609220,1775609220,default
1775608811,1_10912,40_100451,556,40_635883190,40_7976550,1775610120,1775610120,default
1775608811,1_10912,1_100162,271,1_569554140,1_7976662,1775610180,1775610180,default
1775608811,1_10912,40_100511,542,40_581724870,40_7976685,1775610480,1775610480,default
1775608811,1_10912,40_100451,556,40_635883580,40_7976589,1775611800,1775611800,default
1775608811,1_71960,40_100511,542,40_721031010,40_7976608,1775609460,1775609460,default
1775608811,1_10640,1_100252,62,1_800856400,1_8025003,1775612220,1775612220,default
1775609112,1_481,1_102576,C Line,1_800867770,1_6256,1775609220,1775609099,default
1775609112,1_85800,1_100196,331,1_803353210,1_7232,1775608971,1775609181,default
1775609112,1_60161,1_100042,148,1_762077980,1_3738,1775609880,1775608576,default
1775609112,1_970,1_100487,102,1_762101490,1_7488,1775609196,1775609102,default
1775609112,1_320,40_590,590,40_363020,40_9306,1775609220,1775609220,default
1775609112,1_320,40_592,592,40_3676020,40_9311,1775609280,1775609280,default
1775609112,1_575,1_100264,70,1_801592960,1_8240,1775607960,1775609166,default
1775609112,1_2850,1_100089,2,1_815905420,1_7139,1775609820,1775608888,default
1775609112,1_46505,1_102619,F Line,1_800654610,1_8023712,1775609820,1775609849,default
1775609112,1_46505,1_102619,F Line,1_656236440,1_7976083,1775610720,1775610720,default
1775609112,1_46505,1_102619,F Line,1_656237600,1_7975998,1775611620,1775611620,default
1775609112,1_46505,1_102619,F Line,1_656237760,1_7976035,1775612520,1775612520,default
1775609112,1_57453,1_100060,168,1_693747160,1_7976218,1775609100,1775609172,default
1775609112,1_52306,1_102619,F Line,1_800654190,1_8023763,1775609400,1775609400,default
1775609112,1_52306,1_102619,F Line,1_800654690,1_8023764,1775610300,1775610300,default
1775609112,1_52306,1_102619,F Line,1_800654430,1_8023883,1775611200,1775611200,default
1775609112,1_52306,1_102619,F Line,1_800654850,1_8023779,1775612100,1775612100,default
1775609112,1_8530,1_100263,7,1_800587820,1_4563,1775609233,1775609205,default
1775609112,1_99254,40_594,594,40_1061020,40_41510,1775609313,1775609310,default
1775609112,1_45670,1_100210,36,1_800583840,1_4368,1775609212,1775609160,default
1775609112,1_57804,1_100072,181,1_721481710,1_7345,1775609233,1775609712,default
1775609112,1_59282,1_100072,181,1_721481870,1_7071,1775609820,1775608882,default
1775609112,1_59282,1_102717,165,1_800649870,1_8023783,1775610540,1775610540,default
1775609112,1_14280,1_102581,D Line,1_803816990,1_6092,1775608942,1775609255,default
1775609112,1_620,40_515,515,40_16133710__MCOB-DO:121:0:Weekday:2:26MAR:86023:12345,40_MCOB-DO:121:0:Weekday:2:26MAR:86023:12345,1775609100,1775609330,default
1775609112,1_620,40_100239,550,40_597760460,40_9810,1775609220,1775609510,default
1775609112,1_620,40_510,510,40_16133723__MCOB-DO:121:0:Weekday:2:26MAR:86020:12345,40_MCOB-DO:121:0:Weekday:2:26MAR:86020:12345,1775609400,1775609788,default
1775609112,1_620,40_515,515,40_16133757__MCOB-DO:121:0:Weekday:2:26MAR:86032:12345,40_MCOB-DO:121:0:Weekday:2:26MAR:86032:12345,1775610000,1775610000,default
1775609112,1_620,40_510,510,40_16133729__MCOB-DO:121:0:Weekday:2:26MAR:86021:12345,40_MCOB-DO:121:0:Weekday:2:26MAR:86021:12345,1775610600,1775610600,default
1775609112,1_620,1_102754,256,1_816378520,1_8005280,1775610960,1775610960,default
1775609112,1_620,40_515,515,40_16133699__MCOB-DO:121:0:Weekday:2:26MAR:86024:12345,40_MCOB-DO:121:0:Weekday:2:26MAR:86024:12345,1775611200,1775611200,default
1775609112,1_620,40_510,510,40_16133730__MCOB-DO:121:0:Weekday:2:26MAR:86031:12345,40_MCOB-DO:121:0:Weekday:2:26MAR:86031:12345,1775611800,1775611800,default
1775609112,1_620,40_515,515,40_16133708__MCOB-DO:121:0:Weekday:2:26MAR:86022:12345,40_MCOB-DO:121:0:Weekday:2:26MAR:86022:12345,1775612400,1775612400,default
1775609112,1_10912,40_100451,556,40_635883190,40_7976550,1775610120,1775610120,default
1775609112,1_10912,1_100162,271,1_569554140,1_7976662,1775610180,1775610180,default
1775609112,1_10912,40_100511,542,40_581724870,40_7976685,1775610480,1775610480,default
1775609112,1_10912,40_100451,556,40_635883580,40_7976589,1775611800,1775611800,default
1775609112,1_71960,1_102752,223,1_816297720,1_7378,1775609280,1775609290,default
1775609112,1_71960,40_100511,542,40_721031010,40_7976608,1775609460,1775609460,default
1775609112,1_10640,1_100252,62,1_800856400,1_8025003,1775612220,1775612220,default
1775609412,1_26560,1_102574,40,1_811900540,1_8233,1775609456,1775609511,default
1775609412,1_60161,1_100042,148,1_762077980,1_3738,1775609880,1775608576,default
1775609412,1_2850,1_100089,2,1_815905420,1_7139,1775609820,1775608888,default
1775609412,1_46505,1_102619,F Line,1_800654610,1_8023712,1775609820,1775609820,default
1775609412,1_46505,1_102619,F Line,1_656236440,1_7976083,1775610720,1775610720,default
1775609412,1_46505,1_102619,F Line,1_656237600,1_7975998,1775611620,1775611620,default
1775609412,1_46505,1_102619,F Line,1_656237760,1_7976035,1775612520,1775612520,default
1775609412,1_60477,1_102715,162,1_800652750,1_7077,1775610589,1775609407,default
1775609412,1_79610,1_100006,107,1_800646930,1_7473,1775609572,1775609404,default
1775609412,1_52306,1_102619,F Line,1_800654690,1_8023764,1775610300,1775610300,default
1775609412,1_52306,1_102619,F Line,1_800654430,1_8023883,1775611200,1775611200,default
1775609412,1_52306,1_102619,F Line,1_800654850,1_8023779,1775612100,1775612100,default
1775609412,1_52306,1_102619,F Line,1_800653480,1_8023710,1775613000,1775613000,default
1775609412,1_99254,1_100003,101,1_800669600,1_8141,1775609500,1775609526,default
1775609412,1_49350,1_100026,128,1_806634990,1_1027,1775609557,1775609431,default
1775609412,1_57804,1_100072,181,1_721481710,1_7345,1775609233,1775609650,default
1775609412,1_59282,1_100072,181,1_721481870,1_7071,1775609820,1775608882,default
1775609412,1_59282,1_102717,165,1_800649870,1_7397,1775610540,1775609386,default
1775609412,1_59282,1_102717,165,1_800649870,1_8023783,1775610540,1775610540,default
1775609412,1_59872,1_102619,F Line,1_800654760,1_6274,1775609392,1775609568,default
1775609412,1_620,40_100236,545,40_563504210,40_9655,1775609640,1775609664,default
1775609412,1_620,40_594,594,40_1061020,40_41510,1775609700,1775609700,default
1775609412,1_620,40_510,510,40_16133723__MCOB-DO:121:0:Weekday:2:26MAR:86020:12345,40_MCOB-DO:121:0:Weekday:2:26MAR:86020:12345,1775609400,1775609742,default
1775609412,1_620,40_515,515,40_16133757__MCOB-DO:121:0:Weekday:2:26MAR:86032:12345,40_MCOB-DO:121:0:Weekday:2:26MAR:86032:12345,1775610000,1775610000,default
1775609412,1_620,40_100239,550,40_597760780,40_9689,1775609820,1775610123,default
1775609412,1_620,40_510,510,40_16133729__MCOB-DO:121:0:Weekday:2:26MAR:86021:12345,40_MCOB-DO:121:0:Weekday:2:26MAR:86021:12345,1775610600,1775610600,default
1775609412,1_620,1_102754,256,1_816378520,1_8005280,1775610960,1775610960,default
1775609412,1_620,40_515,515,40_16133699__MCOB-DO:121:0:Weekday:2:26MAR:86024:12345,40_MCOB-DO:121:0:Weekday:2:26MAR:86024:12345,1775611200,1775611200,default
1775609412,1_620,40_510,510,40_16133730__MCOB-DO:121:0:Weekday:2:26MAR:86031:12345,40_MCOB-DO:121:0:Weekday:2:26MAR:86031:12345,1775611800,1775611800,default
1775609412,1_620,40_515,515,40_16133708__MCOB-DO:121:0:Weekday:2:26MAR:86022:12345,40_MCOB-DO:121:0:Weekday:2:26MAR:86022:12345,1775612400,1775612400,default
1775609412,1_10912,40_100451,556,40_635883190,40_7976550,1775610120,1775610120,default
1775609412,1_10912,1_100162,271,1_569554140,1_7976662,1775610180,1775610180,default
1775609412,1_10912,40_100511,542,40_581724870,40_7976685,1775610480,1775610480,default
1775609412,1_10912,1_100162,271,1_569496350,1_7976351,1775611140,1775611140,default
1775609412,1_10912,40_100451,556,40_635883580,40_7976589,1775611800,1775611800,default
1775609412,1_10640,1_100252,62,1_800856400,1_8025003,1775612220,1775612220,default
1775609412,1_8403,1_100039,14,1_562520100,1_4402,1775609400,1775609552,default
1775609412,1_18220,1_100219,4,1_675344970,1_4383,1775610000,1775609427,default
1775609712,1_60161,1_100042,148,1_762077980,1_3738,1775609880,1775608576,default
1775609712,1_23030,1_100101,21,1_809328440,1_7136,1775609930,1775609663,default
1775609712,1_60453,1_102715,162,1_800652750,1_7077,1775610840,1775609640,default
1775609712,1_320,40_590,590,40_168020,40_9714,1775609880,1775609880,default
1775609712,1_575,1_102581,D Line,1_800600740,1_6105,1775609760,1775609735,default
1775609712,1_575,1_100210,36,1_800582670,1_4364,1775609820,1775609736,default
1775609712,1_575,1_100264,70,1_801594170,1_8234,1775609160,1775609759,default
1775609712,1_575,1_102576,C Line,1_800869350,1_6270,1775609580,1775609794,default
1775609712,1_2850,1_100089,2,1_815905420,1_7139,1775609820,1775608888,default
1775609712,1_2850,1_100089,2,1_788757910,1_7097,1775610780,1775609406,default
1775609712,1_46505,1_102619,F Line,1_800654610,1_8023712,1775609820,1775609820,default
1775609712,1_46505,1_102619,F Line,1_656236440,1_7976083,1775610720,1775610720,default
1775609712,1_46505,1_102619,F Line,1_656237600,1_7975998,1775611620,1775611620,default
1775609712,1_46505,1_102619,F Line,1_656237760,1_7976035,1775612520,1775612520,default
1775609712,1_40060,1_102574,40,1_811900460,1_8250,1775609853,1775609725,default
1775609712,1_52306,1_102619,F Line,1_800654690,1_8023764,1775610300,1775610300,default
1775609712,1_52306,1_102619,F Line,1_800654430,1_8023883,1775611200,1775611200,default
1775609712,1_52306,1_102619,F Line,1_800654850,1_8023779,1775612100,1775612100,default
1775609712,1_52306,1_102619,F Line,1_800653480,1_8023710,1775613000,1775613000,default
1775609712,1_40065,1_102574,40,1_811900460,1_8250,1775609965,1775609804,default
1775609712,1_59282,1_102717,165,1_800649870,1_7397,1775610540,1775609386,default
1775609712,1_620,1_100003,101,1_800669600,1_8141,1775609880,1775609745,default
1775609712,1_620,1_100104,212,1_806323860,1_6930,1775610480,1775609881,default
1775609712,1_620,40_515,515,40_16133757__MCOB-DO:121:0:Weekday:2:26MAR:86032:12345,40_17859,1775610000,1775610000,default
1775609712,1_620,40_515,515,40_16133757__MCOB-DO:121:0:Weekday:2:26MAR:86032:12345,40_MCOB-DO:121:0:Weekday:2:26MAR:86032:12345,1775610000,1775610000,default
1775609712,1_620,40_510,510,40_16133729__MCOB-DO:121:0:Weekday:2:26MAR:86021:12345,40_MCOB-DO:121:0:Weekday:2:26MAR:86021:12345,1775610600,1775610600,default
1775609712,1_620,1_102754,256,1_816378520,1_8005280,1775610960,1775610960,default
1775609712,1_620,40_515,515,40_16133699__MCOB-DO:121:0:Weekday:2:26MAR:86024:12345,40_MCOB-DO:121:0:Weekday:2:26MAR:86024:12345,1775611200,1775611200,default
1775609712,1_620,40_515,515,40_16133708__MCOB-DO:121:0:Weekday:2:26MAR:86022:12345,40_MCOB-DO:121:0:Weekday:2:26MAR:86022:12345,1775612400,1775612400,default
1775609712,1_620,40_510,510,40_16133730__MCOB-DO:121:0:Weekday:2:26MAR:86031:12345,40_MCOB-DO:121:0:Weekday:2:26MAR:86031:12345,1775611800,1775613183,default
1775609712,1_10912,40_100451,556,40_635883190,40_7976550,1775610120,1775610120,default
1775609712,1_10912,1_100162,271,1_569554140,1_7976662,1775610180,1775610180,default
1775609712,1_10912,40_100511,542,40_581724870,40_7976685,1775610480,1775610480,default
1775609712,1_10912,1_100162,271,1_569496350,1_7976351,1775611140,1775611140,default
1775609712,1_10912,40_100451,556,40_635883580,40_7976589,1775611800,1775611800,default
1775609712,1_10640,1_100252,62,1_800856400,1_8025003,1775612220,1775612220,default
1775609712,1_10640,1_100252,62,1_800856410,1_8024964,1775613120,1775613120,default
1775610012,1_26560,1_102574,40,1_811900470,1_8217,1775610056,1775610039,default
1775610012,1_60161,1_100042,148,1_762078120,1_7976061,1775613480,1775613480,default
1775610012,1_60453,1_102715,162,1_800652750,1_7077,1775610840,1775609952,default
1775610012,1_320,40_100239,550,40_597760450,40_9647,1775610060,1775610060,default
1775610012,1_320,40_100239,550,40_597760740,40_9820,1775609460,1775610110,default
1775610012,1_2850,1_100089,2,1_788757910,1_7097,1775610780,1775609406,default
1775610012,1_46505,1_102619,F Line,1_656236440,1_7976083,1775610720,1775610720,default
1775610012,1_46505,1_102619,F Line,1_656237600,1_7975998,1775611620,1775611620,default
1775610012,1_46505,1_102619,F Line,1_656237760,1_7976035,1775612520,1775612520,default
1775610012,1_46505,1_102619,F Line,1_656237030,1_7975997,1775613420,1775613420,default
1775610012,1_280,40_100240,554,40_581724170,40_7976648,1775610081,1775610081,default
1775610012,1_68130,1_102548,B Line,1_721019320,1_6033,1775610088,1775610116,default
1775610012,1_52306,1_102619,F Line,1_800654690,1_8023764,1775610300,1775610300,default
1775610012,1_52306,1_102619,F Line,1_800654430,1_8023883,1775611200,1775611200,default
1775610012,1_52306,1_102619,F Line,1_800654850,1_8023779,1775612100,1775612100,default
1775610012,1_52306,1_102619,F Line,1_800653480,1_8023710,1775613000,1775613000,default
1775610012,1_80121,1_102719,161,1_800652490,1_7442,1775609817,1775610097,default
1775610012,1_8530,1_100005,106,1_727784850,1_7080,1775610126,1775610027,default
1775610012,1_8530,1_100263,7,1_800587210,1_4558,1775610133,1775610086,default
1775610012,1_59282,1_102717,165,1_800649870,1_7397,1775610540,1775609386,default
1775610012,1_85531,1_102757,187,1_762095610,1_7125,1775610120,1775610183,default
1775610012,1_82107,1_100196,331,1_724954130,1_7231,1775610273,1775610102,default
1775610012,1_620,40_100236,545,40_563504160,40_7976554,1775610240,1775610240,default
1775610012,1_620,40_510,510,40_16133729__MCOB-DO:121:0:Weekday:2:26MAR:86021:12345,40_15819,1775610600,1775610600,default
1775610012,1_620,40_100239,550,40_597760510,40_9659,1775610240,1775610649,default
1775610012,1_620,40_510,510,40_16133729__MCOB-DO:121:0:Weekday:2:26MAR:86021:12345,40_MCOB-DO:121:0:Weekday:2:26MAR:86021:12345,1775610600,1775610715,default
1775610012,1_620,1_102754,256,1_816378520,1_8005280,1775610960,1775610960,default
1775610012,1_620,40_515,515,40_16133699__MCOB-DO:121:0:Weekday:2:26MAR:86024:12345,40_MCOB-DO:121:0:Weekday:2:26MAR:86024:12345,1775611200,1775611200,default
1775610012,1_620,40_515,515,40_16133708__MCOB-DO:121:0:Weekday:2:26MAR:86022:12345,40_MCOB-DO:121:0:Weekday:2:26MAR:86022:12345,1775612400,1775612400,default
1775610012,1_620,1_102754,256,1_816378530,1_8005282,1775612820,1775612820,default
1775610012,1_620,40_510,510,40_16133730__MCOB-DO:121:0:Weekday:2:26MAR:86031:12345,40_MCOB-DO:121:0:Weekday:2:26MAR:86031:12345,1775611800,1775613483,default
1775610012,1_10912,1_100162,271,1_569554140,1_7976662,1775610180,1775610180,default
1775610012,1_10912,40_100511,542,40_581724870,40_7976685,1775610480,1775610480,default
1775610012,1_10912,1_100162,271,1_569496350,1_7976351,1775611140,1775611140,default
1775610012,1_10912,40_100451,556,40_635883580,40_7976589,1775611800,1775611800,default
1775610012,1_10912,1_100162,271,1_569496510,1_7976382,1775612040,1775612040,default
1775610012,1_10640,1_100252,62,1_800856400,1_8025003,1775612220,1775612220,default
1775610012,1_10640,1_100252,62,1_800856410,1_8024964,1775613120,1775613120,default
1775610312,1_12170,1_100039,14,1_562520100,1_4402,1775609979,1775610356,default
1775610312,1_60161,1_100042,148,1_762078040,1_7976054,1775611680,1775611680,default
1775610312,1_60161,1_100042,148,1_762078120,1_7976061,1775613480,1775613480,default
1775610312,1_575,1_100001,1,1_800581030,1_4378,1775609940,1775610355,default
1775610312,1_575,1_100263,7,1_800587820,1_4563,1775610120,1775610370,default
1775610312,1_575,1_102576,C Line,1_800867800,1_6253,1775610120,1775610411,default
1775610312,1_2850,1_100089,2,1_788757910,1_7097,1775610780,1775609406,default
1775610312,1_2850,1_100089,2,1_818403210,1_7158,1775611020,1775609859,default
1775610312,1_46505,1_102619,F Line,1_656236440,1_7976083,1775610720,1775610720,default
1775610312,1_46505,1_102619,F Line,1_656237600,1_7975998,1775611620,1775611620,default
1775610312,1_46505,1_102619,F Line,1_656237760,1_7976035,1775612520,1775612520,default
1775610312,1_46505,1_102619,F Line,1_656237030,1_7975997,1775613420,1775613420,default
1775610312,1_27420,1_100161,27,1_759819560,1_8080,1775610034,1775610366,default
1775610312,1_52306,1_102619,F Line,1_800654430,1_8023883,1775611200,1775611200,default
1775610312,1_52306,1_102619,F Line,1_800654850,1_8023779,1775612100,1775612100,default
1775610312,1_52306,1_102619,F Line,1_800653480,1_8023710,1775613000,1775613000,default
1775610312,1_2200,1_102581,D Line,1_732748500,1_6096,1775610565,1775610436,default
1775610312,1_59282,1_102717,165,1_800649870,1_7397,1775610540,1775609386,default
1775610312,1_620,1_100104,212,1_806323860,1_8005194,1775610480,1775609949,default
1775610312,1_620,40_510,510,40_16133729__MCOB-DO:121:0:Weekday:2:26MAR:86021:12345,40_15819,1775610600,1775610348,default
1775610312,1_620,1_102754,256,1_816378520,1_8005280,1775610960,1775610960,default
1775610312,1_620,40_515,515,40_16133699__MCOB-DO:121:0:Weekday:2:26MAR:86024:12345,40_MCOB-DO:121:0:Weekday:2:26MAR:86024:12345,1775611200,1775611200,default
1775610312,1_620,40_515,515,40_16133708__MCOB-DO:121:0:Weekday:2:26MAR:86022:12345,40_MCOB-DO:121:0:Weekday:2:26MAR:86022:12345,1775612400,1775612400,default
1775610312,1_620,1_102754,256,1_816378530,1_8005282,1775612820,1775612820,default
1775610312,1_620,40_510,510,40_16133730__MCOB-DO:121:0:Weekday:2:26MAR:86031:12345,40_MCOB-DO:121:0:Weekday:2:26MAR:86031:12345,1775611800,1775613771,default
1775610312,1_10912,40_100511,542,40_581724870,40_7976685,1775610480,1775610480,default
1775610312,1_10912,1_100162,271,1_569496350,1_7976351,1775611140,1775611140,default
1775610312,1_10912,40_100451,556,40_635883580,40_7976589,1775611800,1775611800,default
1775610312,1_10912,1_100162,271,1_569496510,1_7976382,1775612040,1775612040,default
1775610312,1_10912,40_100511,542,40_581725440,40_7976686,1775612280,1775612280,default
1775610312,1_71960,40_100511,542,40_721031190,40_7976604,1775611380,1775611380,default
1775610312,1_10640,1_100252,62,1_800856400,1_8025003,1775612220,1775612220,default
1775610312,1_10640,1_100252,62,1_800856410,1_8024964,1775613120,1775613120,default
1775610312,1_8403,1_100039,14,1_562520110,1_4312,1775610240,1775610234,default
1775610312,1_3000,1_100089,2,1_815905420,1_7139,1775610372,1775610484,default
1775610612,1_60161,1_100042,148,1_762078040,1_7130,1775611680,1775610444,default
1775610612,1_60161,1_100042,148,1_762078040,1_7976054,1775611680,1775611680,default
1775610612,1_60161,1_100042,148,1_762078120,1_7976061,1775613480,1775613480,default
1775610612,1_320,40_590,590,40_2369020,40_61406,1775610600,1775610651,default
1775610612,1_575,1_100210,36,1_800582650,1_4386,1775610720,1775610451,default
1775610612,1_2850,1_100089,2,1_788757910,1_7097,1775610780,1775609406,default
1775610612,1_2850,1_100089,2,1_818403210,1_7158,1775611020,1775609859,default
1775610612,1_46505,1_102619,F Line,1_656236440,1_7976083,1775610720,1775610720,default
1775610612,1_46505,1_102619,F Line,1_656237600,1_7975998,1775611620,1775611620,default
1775610612,1_46505,1_102619,F Line,1_656237760,1_7976035,1775612520,1775612520,default
1775610612,1_46505,1_102619,F Line,1_656237030,1_7975997,1775613420,1775613420,default
1775610612,1_60477,1_102715,162,1_800652760,1_7198,1775611549,1775610688,default
1775610612,1_52306,1_102619,F Line,1_800654430,1_8023883,1775611200,1775611200,default
1775610612,1_52306,1_102619,F Line,1_800654850,1_8023779,1775612100,1775612100,default
1775610612,1_52306,1_102619,F Line,1_800653480,1_8023710,1775613000,1775613000,default
1775610612,1_65092,1_100162,271,1_720967960,1_7387,1775611680,1775610507,default
1775610612,1_48948,1_100512,A Line,1_800644600,1_6234,1775610825,1775610603,default
1775610612,1_76312,1_102705,230,1_633062230,1_7447,1775610885,1775610672,default
1775610612,1_57804,1_100072,181,1_721482010,1_7322,1775610976,1775611228,default
1775610612,1_68160,1_102548,B Line,1_721019590,1_6042,1775610834,1775610633,default
1775610612,1_25791,1_100214,372,1_694306800,1_6962,1775610741,1775610788,default
1775610612,1_620,1_102754,256,1_816378520,1_8005280,1775610960,1775610960,default
1775610612,1_620,40_100240,554,40_774872940,40_9663,1775611080,1775611020,default
1775610612,1_620,40_515,515,40_16133699__MCOB-DO:121:0:Weekday:2:26MAR:86024:12345,40_MCOB-DO:121:0:Weekday:2:26MAR:86024:12345,1775611200,1775611333,default
1775610612,1_620,40_515,515,40_16133708__MCOB-DO:121:0:Weekday:2:26MAR:86022:12345,40_MCOB-DO:121:0:Weekday:2:26MAR:86022:12345,1775612400,1775612400,default
1775610612,1_620,1_102754,256,1_816378530,1_8005282,1775612820,1775612820,default
1775610612,1_620,40_510,510,40_16133730__MCOB-DO:121:0:Weekday:2:26MAR:86031:12345,40_MCOB-DO:121:0:Weekday:2:26MAR:86031:12345,1775611800,1775614071,default
1775610612,1_10912,1_100162,271,1_569496350,1_7976351,1775611140,1775611140,default
1775610612,1_10912,40_100451,556,40_635883580,40_7976589,1775611800,1775611800,default
1775610612,1_10912,1_100162,271,1_569496510,1_7976382,1775612040,1775612040,default
1775610612,1_10912,40_100511,542,40_581725440,40_7976686,1775612280,1775612280,default
1775610612,1_71960,40_100511,542,40_721031190,40_7976604,1775611380,1775611380,default
1775610612,1_10640,1_100252,62,1_800856400,1_8025003,1775612220,1775612220,default
1775610612,1_10640,1_100252,62,1_800856410,1_8024964,1775613120,1775613120,default
1775610912,1_103,1_102745,G Line,1_736437630,1_6409,1775610678,1775610916,default
1775610912,1_46570,1_100011,111,1_664454920,1_7412,1775611172,1775610801,default
1775610912,1_51551,1_102736,H Line,1_694055820,1_6045,1775610927,1775610918,default
1775610912,1_60161,1_100042,148,1_762078040,1_7130,1775611680,1775610444,default
1775610912,1_60161,1_100042,148,1_762078120,1_7976061,1775613480,1775613480,default
1775610912,1_60453,1_102715,162,1_800652760,1_7198,1775611800,1775610854,default
1775610912,1_575,1_100264,70,1_801593950,1_8201,1775610960,1775610910,default
1775610912,1_2850,1_100089,2,1_818403210,1_7158,1775611020,1775609859,default
1775610912,1_46505,1_102619,F Line,1_656237600,1_7975998,1775611620,1775611620,default
1775610912,1_46505,1_102619,F Line,1_656237760,1_7976035,1775612520,1775612520,default
1775610912,1_46505,1_102619,F Line,1_656237030,1_7975997,1775613420,1775613420,default
1775610912,1_46505,1_102619,F Line,1_656237530,1_7976016,1775614380,1775614380,default
1775610912,1_40060,1_102574,40,1_811901530,1_8229,1775611113,1775610909,default
1775610912,1_47660,1_102736,H Line,1_694055890,1_6093,1775610955,1775610864,default
1775610912,1_52306,1_102619,F Line,1_800654430,1_8023883,1775611200,1775611200,default
1775610912,1_52306,1_102619,F Line,1_800654850,1_8023779,1775612100,1775612100,default
1775610912,1_52306,1_102619,F Line,1_800653480,1_8023710,1775613000,1775613000,default
1775610912,1_8530,1_100263,7,1_800587830,1_4539,1775611033,1775610925,default
1775610912,1_8530,1_100005,106,1_727784990,1_7169,1775611026,1775610929,default
1775610912,1_99254,40_594,594,40_3565020,40_9726,1775611053,1775611040,default
1775610912,1_65092,1_100162,271,1_720967960,1_7387,1775611680,1775610507,default
1775610912,1_41940,1_100249,60,1_801585920,1_7067,1775611057,1775610985,default
1775610912,1_57804,1_100072,181,1_721482010,1_7322,1775610976,1775611147,default
1775610912,1_59282,1_100072,181,1_721482080,1_7976015,1775611620,1775611620,default
1775610912,1_57791,1_102718,184,1_635461940,1_1012,1775611103,1775610978,default
1775610912,1_620,40_100240,554,40_774872940,40_9663,1775611080,1775610913,default
1775610912,1_620,40_100236,545,40_563505150,40_7976558,1775611080,1775611225,default
1775610912,1_620,40_100239,550,40_597760770,40_6961,1775611080,1775611419,default
1775610912,1_620,40_515,515,40_16133699__MCOB-DO:121:0:Weekday:2:26MAR:86024:12345,40_MCOB-DO:121:0:Weekday:2:26MAR:86024:12345,1775611200,1775611633,default
1775610912,1_620,40_515,515,40_16133708__MCOB-DO:121:0:Weekday:2:26MAR:86022:12345,40_MCOB-DO:121:0:Weekday:2:26MAR:86022:12345,1775612400,1775612400,default
1775610912,1_620,1_102754,256,1_816378530,1_8005282,1775612820,1775612820,default
1775610912,1_620,40_510,510,40_16133730__MCOB-DO:121:0:Weekday:2:26MAR:86031:12345,40_MCOB-DO:121:0:Weekday:2:26MAR:86031:12345,1775611800,1775614371,default
1775610912,1_10912,1_100162,271,1_569496350,1_7976351,1775611140,1775611140,default
1775610912,1_10912,40_100451,556,40_635883580,40_7976589,1775611800,1775611800,default
1775610912,1_10912,1_100162,271,1_569496510,1_7976382,1775612040,1775612040,default
1775610912,1_10912,40_100511,542,40_581725440,40_7976686,1775612280,1775612280,default
1775610912,1_71960,40_100511,542,40_721031190,40_7976604,1775611380,1775611380,default
1775610912,1_10640,1_100252,62,1_800856400,1_8025003,1775612220,1775612220,default
1775610912,1_10640,1_100252,62,1_800856410,1_8024964,1775613120,1775613120,default
1775610912,1_8403,1_100039,14,1_562520150,1_4301,1775611080,1775610901,default
1775611212,1_103,1_102745,G Line,1_736436260,1_6411,1775611038,1775611218,default
1775611212,1_481,1_100024,125,1_770790190,1_7054,1775610900,1775611231,default
1775611212,1_60161,1_100042,148,1_762078040,1_7130,1775611680,1775610444,default
1775611212,1_60161,1_100042,148,1_762078120,1_7976061,1775613480,1775613480,default
1775611212,1_60453,1_102715,162,1_800652760,1_7198,1775611800,1775611125,default
1775611212,1_320,40_590,590,40_2415020,40_9715,1775611320,1775611238,default
1775611212,1_64569,1_100162,271,1_569497230,1_7417,1775611333,1775611232,default
1775611212,1_68784,1_102548,B Line,1_721019590,1_6042,1775611359,1775611213,default
1775611212,1_575,1_102615,E Line,1_813076820,1_6217,1775611200,1775611267,default
1775611212,1_2850,1_100089,2,1_815906120,1_8023470,1775611800,1775611800,default
1775611212,1_46505,1_102619,F Line,1_656237600,1_7975998,1775611620,1775611620,default
1775611212,1_46505,1_102619,F Line,1_656237760,1_7976035,1775612520,1775612520,default
1775611212,1_46505,1_102619,F Line,1_656237030,1_7975997,1775613420,1775613420,default
1775611212,1_46505,1_102619,F Line,1_656237530,1_7976016,1775614380,1775614380,default
1775611212,1_29423,1_102732,79,1_816446530,1_8022070,1775612100,1775612100,default
1775611212,1_58342,1_100072,181,1_721481870,1_7071,1775611320,1775611274,default
1775611212,1_79610,1_100487,102,1_762101490,1_7488,1775611399,1775611240,default
1775611212,1_52306,1_102619,F Line,1_800654850,1_8023779,1775612100,1775612100,default
1775611212,1_52306,1_102619,F Line,1_800653480,1_8023710,1775613000,1775613000,default
1775611212,1_65092,1_100162,271,1_720967960,1_7387,1775611680,1775610507,default
1775611212,1_59282,1_100072,181,1_721482080,1_7976015,1775611620,1775611620,default
1775611212,1_81749,1_100160,269,1_806916880,1_7248,1775611278,1775611351,default
1775611212,1_620,40_594,594,40_3565020,40_9726,1775611440,1775611427,default
1775611212,1_620,40_515,515,40_16133699__MCOB-DO:121:0:Weekday:2:26MAR:86024:12345,40_MCOB-DO:121:0:Weekday:2:26MAR:86024:12345,1775611200,1775611658,default
1775611212,1_620,40_515,515,40_16133708__MCOB-DO:121:0:Weekday:2:26MAR:86022:12345,40_MCOB-DO:121:0:Weekday:2:26MAR:86022:12345,1775612400,1775612400,default
1775611212,1_620,1_102754,256,1_816378530,1_8005282,1775612820,1775612820,default
1775611212,1_620,40_510,510,40_16133730__MCOB-DO:121:0:Weekday:2:26MAR:86031:12345,40_MCOB-DO:121:0:Weekday:2:26MAR:86031:12345,1775611800,1775614671,default
1775611212,1_10912,40_100451,556,40_635883580,40_7976589,1775611800,1775611800,default
1775611212,1_10912,1_100162,271,1_569496510,1_7976382,1775612040,1775612040,default
1775611212,1_10912,40_100511,542,40_581725440,40_7976686,1775612280,1775612280,default
1775611212,1_10912,1_100162,271,1_585519420,1_7976349,1775613120,1775613120,default
1775611212,1_71960,40_100511,542,40_721031190,40_7976604,1775611380,1775611380,default
1775611212,1_10640,1_100252,62,1_800856400,1_8296,1775612220,1775611130,default
1775611212,1_10640,1_100252,62,1_800856400,1_8025003,1775612220,1775612220,default
1775611212,1_10640,1_100252,62,1_800856410,1_8024964,1775613120,1775613120,default
1775611512,1_12170,1_100039,14,1_562520150,1_4301,1775611599,1775611554,default
1775611512,1_46791,1_100016,118,1_669631310,1_3713,1775611560,1775611540,default
1775611512,1_52638,40_574,574,40_3670020,40_9123,1775611518,1775611550,default
1775611512,1_60161,1_100042,148,1_762078040,1_7130,1775611680,1775610444,default
1775611512,1_60161,1_100042,148,1_762078120,1_7976061,1775613480,1775613480,default
1775611512,1_320,40_100239,550,40_597761040,40_9810,1775611500,1775611542,default
1775611512,1_320,40_592,592,40_409020,40_41502,1775611620,1775611620,default
1775611512,1_575,1_100219,4,1_675344730,1_4367,1775611380,1775611598,default
1775611512,1_2850,1_100089,2,1_815906120,1_7115,1775611800,1775611141,default
1775611512,1_46505,1_102619,F Line,1_656237600,1_7975998,1775611620,1775611620,default
1775611512,1_46505,1_102619,F Line,1_656237760,1_7976035,1775612520,1775612520,default
1775611512,1_46505,1_102619,F Line,1_656237030,1_7975997,1775613420,1775613420,default
1775611512,1_46505,1_102619,F Line,1_656237530,1_7976016,1775614380,1775614380,default
1775611512,1_29423,1_102732,79,1_816446530,1_8022070,1775612100,1775612100,default
1775611512,1_1190,1_100009,11,1_736448920,1_7024,1775611578,1775611451,default
1775611512,1_76024,1_102702,239,1_736529490,1_3718,1775611646,1775611518,default
1775611512,1_81199,1_100072,181,1_721482010,1_7322,1775611320,1775611585,default
1775611512,1_84810,1_102752,223,1_833610900,1_7384,1775611399,1775611625,default
1775611512,1_52306,1_102619,F Line,1_800654850,1_8023779,1775612100,1775612100,default
1775611512,1_52306,1_102619,F Line,1_800653480,1_8023710,1775613000,1775613000,default
1775611512,1_8530,1_100263,7,1_800588440,1_4531,1775611633,1775611538,default
1775611512,1_65092,1_100162,271,1_720967960,1_7387,1775611680,1775610507,default
1775611512,1_22184,1_102736,H Line,1_694057800,1_6061,1775611706,1775611549,default
1775611512,1_10210,1_100264,70,1_801592810,1_8239,1775611735,1775611616,default
1775611512,1_620,40_515,515,40_16133708__MCOB-DO:121:0:Weekday:2:26MAR:86022:12345,40_MCOB-DO:121:0:Weekday:2:26MAR:86022:12345,1775612400,1775612400,default
1775611512,1_620,1_102754,256,1_816378530,1_8005282,1775612820,1775612820,default
1775611512,1_620,40_510,510,40_16133730__MCOB-DO:121:0:Weekday:2:26MAR:86031:12345,40_MCOB-DO:121:0:Weekday:2:26MAR:86031:12345,1775611800,1775614951,default
1775611512,1_10912,40_100451,556,40_635883580,40_7976589,1775611800,1775611800,default
1775611512,1_10912,1_100162,271,1_569496510,1_7976382,1775612040,1775612040,default
1775611512,1_10912,40_100511,542,40_581725440,40_7976686,1775612280,1775612280,default
1775611512,1_10912,1_100162,271,1_585519420,1_7976349,1775613120,1775613120,default
1775611512,1_71960,40_100511,542,40_721031230,40_7976607,1775613120,1775613120,default
1775611512,1_10640,1_100252,62,1_800856400,1_8296,1775612220,1775611130,default
1775611512,1_10640,1_100252,62,1_800856410,1_8024964,1775613120,1775613120,default
1775611812,1_60161,1_100042,148,1_762078120,1_7976061,1775613480,1775613480,default
1775611812,1_575,1_102576,C Line,1_800869060,1_6266,1775611320,1775611869,default
1775611812,1_2850,1_100089,2,1_788757920,1_8023446,1775612820,1775612820,default
1775611812,1_46505,1_102619,F Line,1_656237760,1_7976035,1775612520,1775612520,default
1775611812,1_46505,1_102619,F Line,1_656237030,1_7975997,1775613420,1775613420,default
1775611812,1_46505,1_102619,F Line,1_656237530,1_7976016,1775614380,1775614380,default
1775611812,1_46505,1_102619,F Line,1_656237270,1_7976229,1775615280,1775615280,default
1775611812,1_29423,1_102732,79,1_816446530,1_8022070,1775612100,1775612100,default
1775611812,1_1510,1_100001,1,1_800581720,1_4336,1775612094,1775611832,default
1775611812,1_75770,1_102615,E Line,1_816541610,1_6081,1775612271,1775611790,default
1775611812,1_52306,1_102619,F Line,1_800654850,1_8023779,1775612100,1775612100,default
1775611812,1_52306,1_102619,F Line,1_800653480,1_8023710,1775613000,1775613000,default
1775611812,1_8530,1_100263,7,1_800587440,1_4502,1775611933,1775611886,default
1775611812,1_58112,1_100045,150,1_800670470,1_6975,1775611589,1775611929,default
1775611812,1_58112,1_102619,F Line,1_635449070,1_6232,1775610816,1775611957,default
1775611812,1_58112,1_102619,F Line,1_800654610,1_6244,1775611716,1775611958,default
1775611812,1_65092,1_100162,271,1_569497230,1_7417,1775612280,1775611805,default
1775611812,1_2200,1_100089,2,1_788758660,1_7117,1775611826,1775611936,default
1775611812,1_57804,1_100072,181,1_721481550,1_7182,1775612236,1775612177,default
1775611812,1_59282,1_102717,165,1_800649880,1_8023768,1775612640,1775612640,default
1775611812,1_60710,1_100512,A Line,1_800643710,1_6242,1775611879,1775612002,default
1775611812,1_25791,1_100214,372,1_694306930,1_6957,1775611920,1775612019,default
1775611812,1_620,40_100236,545,40_560091720,40_7976551,1775611980,1775612051,default
1775611812,1_620,40_100236,545,40_560091720,40_9645,1775611980,1775612078,default
1775611812,1_620,40_100239,550,40_597760480,40_9815,1775611980,1775612451,default
1775611812,1_620,40_515,515,40_16133708__MCOB-DO:121:0:Weekday:2:26MAR:86022:12345,40_MCOB-DO:121:0:Weekday:2:26MAR:86022:12345,1775612400,1775612559,default
1775611812,1_620,1_102754,256,1_816378530,1_8005282,1775612820,1775612820,default
1775611812,1_620,40_510,510,40_16133730__MCOB-DO:121:0:Weekday:2:26MAR:86031:12345,40_MCOB-DO:121:0:Weekday:2:26MAR:86031:12345,1775611800,1775615053,default
1775611812,1_10912,1_100162,271,1_569496510,1_7976382,1775612040,1775612040,default
1775611812,1_10912,40_100511,542,40_581725440,40_7976686,1775612280,1775612280,default
1775611812,1_10912,1_100162,271,1_585519420,1_7976349,1775613120,1775613120,default
1775611812,1_10912,40_100511,542,40_569576340,40_7976608,1775614260,1775614260,default
1775611812,1_71960,40_100511,542,40_721031230,40_7976607,1775613120,1775613120,default
1775611812,1_10640,1_100252,62,1_800856400,1_8296,1775612220,1775611130,default
1775611812,1_10640,1_100252,62,1_800856410,1_8024964,1775613120,1775613120,default
1775612112,1_60161,1_100042,148,1_762078120,1_7976061,1775613480,1775613480,default
1775612112,1_575,1_100264,70,1_801593630,1_8251,1775612160,1775612144,default
1775612112,1_575,1_100219,4,1_675344790,1_4369,1775612220,1775612161,default
1775612112,1_2850,1_100089,2,1_788757920,1_8023446,1775612820,1775612820,default
1775612112,1_46505,1_102619,F Line,1_656237760,1_7976035,1775612520,1775612520,default
1775612112,1_46505,1_102619,F Line,1_656237030,1_7975997,1775613420,1775613420,default
1775612112,1_46505,1_102619,F Line,1_656237530,1_7976016,1775614380,1775614380,default
1775612112,1_46505,1_102619,F Line,1_656237270,1_7976229,1775615280,1775615280,default
1775612112,1_47660,1_102736,H Line,1_694056590,1_6114,1775612455,1775612112,default
1775612112,1_280,40_100240,554,40_560097870,40_9806,1775612185,1775612150,default
1775612112,1_280,1_100104,212,1_806323880,1_6930,1775612213,1775612172,default
1775612112,1_27420,1_100249,60,1_801586030,1_7144,1775612168,1775612114,default
1775612112,1_57453,1_100060,168,1_664461020,1_7976094,1775615460,1775615460,default
1775612112,1_79610,1_100003,101,1_800669460,1_8160,1775612220,1775612091,default
1775612112,1_52306,1_102619,F Line,1_800653480,1_8023710,1775613000,1775613000,default
1775612112,1_8530,1_100263,7,1_800587110,1_4512,1775612233,1775612135,default
1775612112,1_40065,1_102574,40,1_811900420,1_7029,1775611705,1775612226,default
1775612112,1_2200,1_102581,D Line,1_732749420,1_6051,1775611525,1775612245,default
1775612112,1_59282,1_102717,165,1_800649880,1_7190,1775612640,1775612018,default
1775612112,1_59282,1_102717,165,1_800649880,1_8023768,1775612640,1775612640,default
1775612112,1_620,40_100239,550,40_597761050,40_9650,1775612760,1775612762,default
1775612112,1_620,1_102754,256,1_816378530,1_8005282,1775612820,1775612820,default
1775612112,1_620,40_515,515,40_16133708__MCOB-DO:121:0:Weekday:2:26MAR:86022:12345,40_MCOB-DO:121:0:Weekday:2:26MAR:86022:12345,1775612400,1775612860,default
1775612112,1_10912,40_100511,542,40_581725440,40_7976686,1775612280,1775612280,default
1775612112,1_10912,1_100162,271,1_585519420,1_7976349,1775613120,1775613120,default
1775612112,1_10912,40_100511,542,40_569576340,40_7976608,1775614260,1775614260,default
1775612112,1_71960,40_100511,542,40_721031230,40_9687,1775613120,1775612077,default
1775612112,1_71960,40_100511,542,40_721031230,40_7976607,1775613120,1775613120,default
1775612112,1_10640,1_100252,62,1_800856410,1_8024964,1775613120,1775613120,default
1775612412,1_12170,1_100039,14,1_562520160,1_4385,1775612499,1775612499,default
1775612412,1_60161,1_100042,148,1_762078120,1_7473,1775613480,1775612183,default
1775612412,1_60161,1_100042,148,1_762078120,1_7976061,1775613480,1775613480,default
1775612412,1_970,40_594,594,40_910020,40_41510,1775612491,1775612399,default
1775612412,1_575,1_100001,1,1_800581720,1_4336,1775612700,1775612419,default
1775612412,1_575,1_100028,13,1_788759080,1_7097,1775612340,1775612446,default
1775612412,1_2850,1_100089,2,1_788757920,1_7095,1775612820,1775612068,default
1775612412,1_2850,1_100089,2,1_788758280,1_7155,1775613900,1775612344,default
1775612412,1_46505,1_102619,F Line,1_656237760,1_7976035,1775612520,1775612520,default
1775612412,1_46505,1_102619,F Line,1_656237030,1_7975997,1775613420,1775613420,default
1775612412,1_46505,1_102619,F Line,1_656237530,1_7976016,1775614380,1775614380,default
1775612412,1_46505,1_102619,F Line,1_656237270,1_7976229,1775615280,1775615280,default
1775612412,1_57453,1_100060,168,1_664461020,1_7976094,1775615460,1775615460,default
1775612412,1_81199,1_100072,181,1_721481550,1_7182,1775612543,1775612493,default
1775612412,1_52306,1_102619,F Line,1_800653480,1_8023710,1775613000,1775613000,default
1775612412,1_59282,1_102717,165,1_800649880,1_7190,1775612640,1775612018,default
1775612412,1_19921,1_100101,21,1_809328490,1_7136,1775612641,1775612509,default
1775612412,1_620,40_100239,550,40_597761050,40_9650,1775612760,1775612518,default
1775612412,1_620,1_102754,256,1_816378530,1_8005282,1775612820,1775612820,default
1775612412,1_620,40_515,515,40_16133708__MCOB-DO:121:0:Weekday:2:26MAR:86022:12345,40_MCOB-DO:121:0:Weekday:2:26MAR:86022:12345,1775612400,1775613097,default
1775612412,1_10912,1_100162,271,1_585519420,1_7976349,1775613120,1775613120,default
1775612412,1_10912,40_100511,542,40_569576340,40_7976608,1775614260,1775614260,default
1775612412,1_71960,40_100511,542,40_721031230,40_9687,1775613120,1775612077,default
1775612412,1_10640,1_100252,62,1_800856410,1_8024964,1775613120,1775613120,default
1775612712,1_60161,1_100042,148,1_762078120,1_7473,1775613480,1775612183,default
1775612712,1_970,40_578,578,40_1575020,40_9218,1775612847,1775612789,default
1775612712,1_60453,1_102715,162,1_800652770,1_8179,1775612820,1775612510,default
1775612712,1_320,40_594,594,40_910020,40_41510,1775612760,1775612764,default
1775612712,1_2850,1_100089,2,1_788757920,1_7095,1775612820,1775612068,default
1775612712,1_2850,1_100089,2,1_788758280,1_7155,1775613900,1775612344,default
1775612712,1_46505,1_102619,F Line,1_656237030,1_7975997,1775613420,1775613420,default
1775612712,1_46505,1_102619,F Line,1_656237530,1_7976016,1775614380,1775614380,default
1775612712,1_46505,1_102619,F Line,1_656237270,1_7976229,1775615280,1775615280,default
1775612712,1_46505,1_102619,F Line,1_656237690,1_7976085,1775616180,1775616180,default
1775612712,1_57453,1_100060,168,1_664461020,1_7976094,1775615460,1775615460,default
1775612712,1_52306,1_102619,F Line,1_800653480,1_8023710,1775613000,1775613000,default
1775612712,1_99254,40_594,594,40_2527020,40_9212,1775612853,1775612850,default
1775612712,1_58112,1_102619,F Line,1_656236440,1_6228,1775612616,1775612815,default
1775612712,1_45670,1_100210,36,1_800583680,1_8023380,1775612812,1775612812,default
1775612712,1_59282,1_100072,181,1_721490240,1_7322,1775613420,1775612691,default
1775612712,1_59282,1_100072,181,1_721490240,1_7976033,1775613420,1775613420,default
1775612712,1_60710,1_100512,A Line,1_800654990,1_6240,1775612599,1775612886,default
1775612712,1_59810,1_100042,148,1_762078040,1_7130,1775612902,1775612753,default
1775612712,1_79874,1_100133,240,1_761786140,1_7245,1775612893,1775612802,default
1775612712,1_25791,1_100214,372,1_694306860,1_6976,1775612520,1775612885,default
1775612712,1_620,40_100236,545,40_563505770,40_7976562,1775612820,1775613025,default
1775612712,1_620,40_100240,554,40_774872950,40_9677,1775612880,1775613145,default
1775612712,1_10912,1_100224,44,1_664047380,1_4553,1775612689,1775612878,default
1775612712,1_10912,1_100162,271,1_585519420,1_7976349,1775613120,1775613120,default
1775612712,1_10912,1_100162,271,1_569554050,1_7976354,1775613900,1775613900,default
1775612712,1_10912,40_100511,542,40_569576340,40_7976608,1775614260,1775614260,default
1775612712,1_71960,40_100511,542,40_721031230,40_9687,1775613120,1775612077,default
1775612712,1_71960,40_100511,542,40_721031440,40_7976685,1775614860,1775614860,default
1775612712,1_10640,1_100252,62,1_800856410,1_8000,1775613120,1775612477,default
1775612712,1_10640,1_100252,62,1_800856420,1_8025001,1775614020,1775614020,default
1775612712,1_8403,1_100039,14,1_562520230,1_4311,1775612880,1775612783,default
1775613012,1_60161,1_100042,148,1_762078120,1_7473,1775613480,1775612183,default
1775613012,1_575,1_100263,7,1_800587110,1_4512,1775613060,1775612909,default
1775613012,1_2850,1_100089,2,1_788758280,1_7155,1775613900,1775612344,default
1775613012,1_46505,1_102619,F Line,1_656237030,1_7975997,1775613420,1775613420,default
1775613012,1_46505,1_102619,F Line,1_656237530,1_7976016,1775614380,1775614380,default
1775613012,1_46505,1_102619,F Line,1_656237270,1_7976229,1775615280,1775615280,default
1775613012,1_46505,1_102619,F Line,1_656237690,1_7976085,1775616180,1775616180,default
1775613012,1_47660,1_102736,H Line,1_694056070,1_6041,1775613055,1775612951,default
1775613012,1_72560,1_102704,250,1_816288630,1_7367,1775613064,1775613033,default
1775613012,1_57453,1_100060,168,1_664461020,1_7976094,1775615460,1775615460,default
1775613012,1_73366,1_102548,B Line,1_721019400,1_6021,1775613100,1775613091,default
1775613012,1_52306,1_102619,F Line,1_800654620,1_8023712,1775613900,1775613900,default
1775613012,1_52306,1_102619,F Line,1_800654940,1_8023715,1775616600,1775616600,default
1775613012,1_40065,1_102574,40,1_811901400,1_8244,1775612905,1775613137,default
1775613012,1_2200,1_100089,2,1_788758670,1_7098,1775613026,1775613140,default
1775613012,1_2200,1_100001,1,1_562520360,1_4378,1775613171,1775613159,default
1775613012,1_59282,1_100072,181,1_721490240,1_7322,1775613420,1775612691,default
1775613012,1_58138,1_102719,161,1_800652290,1_7440,1775613180,1775613132,default
1775613012,1_620,40_100236,545,40_563505770,40_9670,1775612820,1775613211,default
1775613012,1_620,40_594,594,40_2527020,40_9212,1775613240,1775613237,default
1775613012,1_10912,1_100224,44,1_664047620,1_4538,1775613169,1775613176,default
1775613012,1_10912,1_100162,271,1_569554050,1_7976354,1775613900,1775613900,default
1775613012,1_10912,40_100511,542,40_569576340,40_7976608,1775614260,1775614260,default
1775613012,1_71960,40_100511,542,40_721031440,40_7976685,1775614860,1775614860,default
1775613012,1_10640,1_100252,62,1_800856420,1_8025001,1775614020,1775614020,default
1775613012,1_58144,1_102719,161,1_800651910,1_7489,1775613428,1775613149,default
1775613312,1_12170,1_100039,14,1_562520230,1_4311,1775613399,1775613399,default
1775613312,1_51551,1_102736,H Line,1_694055730,1_6108,1775613147,1775613341,default
1775613312,1_60161,1_100042,148,1_762078120,1_7473,1775613480,1775612183,default
1775613312,1_970,40_594,594,40_2011020,40_61401,1775613270,1775613381,default
1775613312,1_575,1_100089,2,1_815906120,1_7115,1775613360,1775613329,default
1775613312,1_2850,1_100089,2,1_788758280,1_7155,1775613900,1775612344,default
1775613312,1_2850,1_100089,2,1_788757930,1_8023447,1775614740,1775614740,default
1775613312,1_46505,1_102619,F Line,1_656237030,1_7975997,1775613420,1775613420,default
1775613312,1_46505,1_102619,F Line,1_656237530,1_7976016,1775614380,1775614380,default
1775613312,1_46505,1_102619,F Line,1_656237270,1_7976229,1775615280,1775615280,default
1775613312,1_46505,1_102619,F Line,1_656237690,1_7976085,1775616180,1775616180,default
1775613312,1_57453,1_100060,168,1_664461020,1_7976094,1775615460,1775615549,default
1775613312,1_52306,1_102619,F Line,1_800654620,1_8023712,1775613900,1775613900,default
1775613312,1_52306,1_102619,F Line,1_800654940,1_8023715,1775616600,1775616600,default
1775613312,1_8530,1_100263,7,1_800587100,1_4541,1775613433,1775613337,default
1775613312,1_82187,1_100259,67,1_724948660,1_8115,1775613442,1775613375,default
1775613312,1_22184,1_100249,60,1_801586050,1_7070,1775613545,1775613394,default
1775613312,1_59282,1_102717,165,1_800649890,1_7173,1775614440,1775612916,default
1775613312,1_55831,1_100005,106,1_727784750,1_7087,1775613548,1775613410,default
1775613312,1_620,40_100239,550,40_597761140,40_9678,1775613660,1775613939,default
1775613312,1_10912,1_100162,271,1_569554050,1_7976354,1775613900,1775613900,default
1775613312,1_10912,40_100511,542,40_569576340,40_7976608,1775614260,1775614260,default
1775613312,1_71960,40_100511,542,40_721031440,40_7976685,1775614860,1775614860,default
1775613312,1_10640,1_100252,62,1_800856420,1_8025001,1775614020,1775614020,default
1775613312,1_8403,1_100039,14,1_562520350,1_4301,1775613600,1775613520,default
1775613612,1_320,40_594,594,40_2011020,40_61401,1775613540,1775613724,default
1775613612,1_575,1_100264,70,1_801593020,1_8216,1775613600,1775613671,default
1775613612,1_575,1_100263,7,1_800588760,1_4551,1775613660,1775613684,default
1775613612,1_2850,1_100089,2,1_788758280,1_7155,1775613900,1775612344,default
1775613612,1_2850,1_100089,2,1_788757930,1_8023447,1775614740,1775614740,default
1775613612,1_46505,1_102619,F Line,1_656237530,1_7976016,1775614380,1775614380,default
1775613612,1_46505,1_102619,F Line,1_656237270,1_7976229,1775615280,1775615280,default
1775613612,1_46505,1_102619,F Line,1_656237690,1_7976085,1775616180,1775616180,default
1775613612,1_46505,1_102619,F Line,1_656236310,1_7975999,1775617080,1775617080,default
1775613612,1_57453,1_100060,168,1_664461020,1_7976094,1775615460,1775615610,default
1775613612,1_60477,1_102715,162,1_800652780,1_6281,1775614129,1775613597,default
1775613612,1_68130,1_102548,B Line,1_721019280,1_6034,1775613624,1775613671,default
1775613612,1_52306,1_102619,F Line,1_800654620,1_8023712,1775613900,1775613900,default
1775613612,1_52306,1_102619,F Line,1_800654940,1_8023715,1775616600,1775616600,default
1775613612,1_65092,1_100162,271,1_569496940,1_7976352,1775613720,1775613723,default
1775613612,1_22184,1_102736,H Line,1_694055930,1_6111,1775613446,1775613762,default
1775613612,1_59282,1_102717,165,1_800649890,1_7173,1775614440,1775612916,default
1775613612,1_57791,1_102718,184,1_635462130,1_1012,1775613803,1775613805,default
1775613612,1_10912,1_100162,271,1_569554050,1_7976354,1775613900,1775613900,default
1775613612,1_10912,40_100511,542,40_569576340,40_7976608,1775614260,1775614260,default
1775613612,1_10912,1_100162,271,1_569495950,1_7976350,1775614920,1775614920,default
1775613612,1_10912,40_100511,542,40_569576360,40_7976604,1775616060,1775616060,default
1775613612,1_71960,40_100511,542,40_721031440,40_7976685,1775614860,1775614860,default
1775613612,1_10640,1_100252,62,1_800856420,1_8056,1775614020,1775613488,default
1775613612,1_10640,1_100252,62,1_800856420,1_8025001,1775614020,1775614020,default
1775613612,1_18220,1_100219,4,1_675344790,1_4369,1775613840,1775613713,default
1775613912,1_77930,1_102746,333,1_778704290,1_7212,1775613917,1775613936,default
1775613912,1_60161,1_100042,148,1_762077900,1_7976053,1775617260,1775617260,default
1775613912,1_60453,1_102715,162,1_800652780,1_6281,1775614380,1775613827,default
1775613912,1_320,40_100239,550,40_597761690,40_9815,1775613900,1775613953,default
1775613912,1_320,40_594,594,40_1040020,40_9220,1775614200,1775614073,default
1775613912,1_2850,1_100089,2,1_788757930,1_8023447,1775614740,1775614740,default
1775613912,1_46505,1_102619,F Line,1_656237530,1_7976016,1775614380,1775614380,default
1775613912,1_46505,1_102619,F Line,1_656237270,1_7976229,1775615280,1775615280,default
1775613912,1_46505,1_102619,F Line,1_656237690,1_7976085,1775616180,1775616180,default
1775613912,1_46505,1_102619,F Line,1_656236310,1_7975999,1775617080,1775617080,default
1775613912,1_27420,1_100249,60,1_801586090,1_7008,1775613488,1775614010,default
1775613912,1_57453,1_100060,168,1_664461020,1_7976094,1775615460,1775615532,default
1775613912,1_2320,1_100001,1,1_800581180,1_4402,1775614045,1775613951,default
1775613912,1_11200,1_100447,49,1_801199780,1_4377,1775614020,1775613959,default
1775613912,1_52306,1_102619,F Line,1_656236450,1_7976083,1775614800,1775614800,default
1775613912,1_52306,1_102619,F Line,1_800654940,1_8023715,1775616600,1775616600,default
1775613912,1_65092,1_100162,271,1_720966790,1_7976352,1775615100,1775613729,default
1775613912,1_59282,1_102717,165,1_800649890,1_7173,1775614440,1775612916,default
1775613912,1_59282,1_100072,181,1_721482020,1_7182,1775614500,1775613558,default
1775613912,1_620,40_100240,554,40_774873230,40_9807,1775614560,1775614320,default
1775613912,1_10912,40_100511,542,40_569576340,40_7976608,1775614260,1775614260,default
1775613912,1_10912,1_100162,271,1_569495950,1_7976350,1775614920,1775614920,default
1775613912,1_10912,40_100511,542,40_569576360,40_7976604,1775616060,1775616060,default
1775613912,1_71960,40_100511,542,40_721031440,40_7976685,1775614860,1775614860,default
1775613912,1_49810,1_100031,132,1_800858930,1_8005,1775614090,1775614022,default
1775613912,1_10640,1_100252,62,1_800856430,1_8050,1775614920,1775613875,default
1775614212,1_12170,1_100039,14,1_562520280,1_4314,1775614299,1775614299,default
1775614212,1_60161,1_100042,148,1_762077900,1_7976053,1775617260,1775617260,default
1775614212,1_23030,1_100101,21,1_809330270,1_8237,1775614780,1775614168,default
1775614212,1_2850,1_100089,2,1_788758290,1_7117,1775615820,1775613955,default
1775614212,1_2850,1_100089,2,1_788757930,1_8023447,1775614740,1775614740,default
1775614212,1_46505,1_102619,F Line,1_656237530,1_7976016,1775614380,1775614380,default
1775614212,1_46505,1_102619,F Line,1_656237270,1_7976229,1775615280,1775615280,default
1775614212,1_46505,1_102619,F Line,1_656237690,1_7976085,1775616180,1775616180,default
1775614212,1_46505,1_102619,F Line,1_656236310,1_7975999,1775617080,1775617080,default
1775614212,1_70832,1_100136,245,1_761787320,1_7318,1775614279,1775614134,default
1775614212,1_57453,1_100060,168,1_664461020,1_7976094,1775615460,1775615625,default
1775614212,1_75190,1_102746,333,1_778704430,1_7259,1775614325,1775614255,default
1775614212,1_52306,1_102619,F Line,1_656236450,1_7976083,1775614800,1775614800,default
1775614212,1_52306,1_102619,F Line,1_800654940,1_8023715,1775616600,1775616600,default
1775614212,1_65092,1_100162,271,1_720966790,1_7976352,1775615100,1775613729,default
1775614212,1_76312,1_102705,230,1_664298890,1_7337,1775614321,1775614365,default
1775614212,1_57804,1_100072,181,1_721481880,1_7491,1775614036,1775614401,default
1775614212,1_59282,1_102717,165,1_800649890,1_7173,1775614440,1775612916,default
1775614212,1_59282,1_100072,181,1_721482020,1_7182,1775614500,1775613558,default
1775614212,1_59872,1_102619,F Line,1_800654850,1_6280,1775614132,1775614369,default
1775614212,1_620,40_100240,554,40_774873230,40_9807,1775614560,1775614249,default
1775614212,1_620,1_100045,150,1_694514150,1_8164,1775614380,1775614261,default
1775614212,1_620,40_100239,550,40_597761440,40_9820,1775614560,1775614582,default
1775614212,1_10912,1_100223,43,1_800586420,1_8023390,1775613740,1775614387,default
1775614212,1_10912,1_100162,271,1_569495950,1_7976350,1775614920,1775614920,default
1775614212,1_10912,40_100511,542,40_569576360,40_7976604,1775616060,1775616060,default
1775614212,1_71960,40_100511,542,40_721031440,40_7976685,1775614860,1775614860,default
1775614212,1_71960,40_100511,542,40_721031120,40_7976686,1775616840,1775616840,default
1775614212,1_10640,1_100252,62,1_800856430,1_8050,1775614920,1775613875,default
1775614512,1_103,1_102745,G Line,1_736436460,1_6409,1775613886,1775614559,default
1775614512,1_29217,1_100224,44,1_800584680,1_8023422,1775612978,1775614527,default
1775614512,1_60161,1_100042,148,1_762077900,1_7976053,1775617260,1775617260,default
1775614512,1_8541,1_100039,14,1_562520340,1_4378,1775614560,1775614533,default
1775614512,1_575,1_100263,7,1_800588270,1_4532,1775614800,1775614524,default
1775614512,1_575,1_102576,C Line,1_800867810,1_6220,1775614740,1775614644,default
1775614512,1_2850,1_100089,2,1_788758290,1_7117,1775615820,1775613955,default
1775614512,1_2850,1_100089,2,1_788757930,1_7099,1775614740,1775614221,default
1775614512,1_46505,1_102619,F Line,1_656237270,1_7976229,1775615280,1775615280,default
1775614512,1_46505,1_102619,F Line,1_656237690,1_7976085,1775616180,1775616180,default
1775614512,1_46505,1_102619,F Line,1_656236310,1_7975999,1775617080,1775617080,default
1775614512,1_46505,1_102619,F Line,1_656237460,1_7976004,1775617980,1775617980,default
1775614512,1_57453,1_100060,168,1_664461020,1_7976094,1775615460,1775615737,default
1775614512,1_52306,1_102619,F Line,1_656236450,1_7976083,1775614800,1775614800,default
1775614512,1_52306,1_102619,F Line,1_800654940,1_8023715,1775616600,1775616600,default
1775614512,1_99254,40_594,594,40_1027020,40_51403,1775614653,1775614651,default
1775614512,1_65092,1_100162,271,1_720966790,1_7976352,1775615100,1775613729,default
1775614512,1_22184,1_100249,60,1_801586070,1_7030,1775614745,1775614565,default
1775614512,1_14280,1_102581,D Line,1_800600240,1_6049,1775614042,1775614668,default
1775614512,1_620,40_100236,545,40_563506200,40_7976567,1775614620,1775614676,default
1775614512,1_620,40_100236,545,40_563506200,40_9672,1775614620,1775614757,default
1775614512,1_10912,1_100162,271,1_569495950,1_7976350,1775614920,1775614920,default
1775614512,1_10912,40_100511,542,40_569576360,40_7976604,1775616060,1775616060,default
1775614512,1_71960,40_100511,542,40_721031440,40_7976685,1775614860,1775614860,default
1775614512,1_71960,40_100511,542,40_721031120,40_7976686,1775616840,1775616840,default
1775614512,1_10640,1_100252,62,1_800856430,1_8050,1775614920,1775613875,default
1775614512,1_71838,1_102753,222,1_774817650,1_7336,1775614689,1775614642,default
1775614812,1_60161,1_100042,148,1_762077900,1_7976053,1775617260,1775617260,default
1775614812,1_320,40_100239,550,40_597761930,40_9650,1775614860,1775614862,default
1775614812,1_17651,1_102747,61,1_803357220,1_3748,1775614873,1775614757,default
1775614812,1_68784,1_100136,245,1_761787020,1_7364,1775614198,1775614846,default
1775614812,1_2850,1_100089,2,1_788758290,1_7117,1775615820,1775613955,default
1775614812,1_46505,1_102619,F Line,1_656237270,1_7976229,1775615280,1775615280,default
1775614812,1_46505,1_102619,F Line,1_656237690,1_7976085,1775616180,1775616180,default
1775614812,1_46505,1_102619,F Line,1_656236310,1_7975999,1775617080,1775617080,default
1775614812,1_46505,1_102619,F Line,1_656237460,1_7976004,1775617980,1775617980,default
1775614812,1_29423,1_102732,79,1_816446510,1_7257,1775615700,1775615700,default
1775614812,1_57453,1_100060,168,1_664461020,1_7976094,1775615460,1775615576,default
1775614812,1_78002,1_102703,231,1_633061980,1_7976335,1775614735,1775614876,default
1775614812,1_52306,1_102619,F Line,1_656237610,1_7975998,1775615700,1775615700,default
1775614812,1_52306,1_102619,F Line,1_800654940,1_8023715,1775616600,1775616600,default
1775614812,1_21945,1_102717,165,1_800649480,1_7477,1775614620,1775614918,default
1775614812,1_65092,1_100162,271,1_720966790,1_7331,1775615100,1775615100,default
1775614812,1_36510,1_100026,128,1_806634920,1_1011,1775614982,1775614901,default
1775614812,1_54201,1_102619,F Line,1_800654620,1_6244,1775614659,1775614934,default
1775614812,1_620,40_594,594,40_1027020,40_51403,1775615040,1775615024,default
1775614812,1_10912,40_100511,542,40_569576360,40_7976604,1775616060,1775616060,default
1775614812,1_71960,40_100511,542,40_721031120,40_7976686,1775616840,1775616840,default
1775614812,1_8403,1_100039,14,1_562520300,1_4366,1775614740,1775614753,default
1775615112,1_12170,1_100039,14,1_562520300,1_4366,1775615259,1775615259,default
1775615112,1_51551,1_102736,H Line,1_694056520,1_6067,1775615307,1775615124,default
1775615112,1_60161,1_100042,148,1_762077900,1_7976053,1775617260,1775617260,default
1775615112,1_970,40_578,578,40_3195020,40_9737,1775615247,1775615210,default
1775615112,1_320,40_594,594,40_3700020,40_9726,1775615400,1775615316,default
1775615112,1_2850,1_100089,2,1_788758290,1_7117,1775615820,1775613955,default
1775615112,1_46505,1_102619,F Line,1_656237270,1_7976229,1775615280,1775615280,default
1775615112,1_46505,1_102619,F Line,1_656237690,1_7976085,1775616180,1775616180,default
1775615112,1_46505,1_102619,F Line,1_656236310,1_7975999,1775617080,1775617080,default
1775615112,1_46505,1_102619,F Line,1_656237460,1_7976004,1775617980,1775617980,default
1775615112,1_29423,1_102732,79,1_816446510,1_7257,1775615700,1775615700,default
1775615112,1_27420,1_100249,60,1_801586300,1_7192,1775614868,1775615256,default
1775615112,1_57453,1_100060,168,1_664461020,1_7976094,1775615460,1775615537,default
1775615112,1_68130,1_102548,B Line,1_721019480,1_6044,1775614164,1775615217,default
1775615112,1_52306,1_100031,132,1_800858930,1_8005,1775615220,1775614971,default
1775615112,1_52306,1_102619,F Line,1_656237610,1_7975998,1775615700,1775615700,default
1775615112,1_52306,1_102619,F Line,1_800654940,1_8023715,1775616600,1775616600,default
1775615112,1_59282,1_102717,165,1_800649900,1_7063,1775616300,1775614927,default
1775615112,1_59282,1_102717,165,1_800649900,1_8023716,1775616300,1775616300,default
1775615112,1_23905,1_100214,372,1_694306030,1_6908,1775615172,1775615272,default
1775615112,1_620,40_100239,550,40_597761680,40_9647,1775615460,1775615401,default
1775615112,1_10912,40_100511,542,40_569576360,40_7976604,1775616060,1775616060,default
1775615112,1_71960,40_100511,542,40_721031120,40_7976686,1775616840,1775616840,default
1775615112,1_10640,1_100252,62,1_800856440,1_8024963,1775615820,1775615820,default
1775615112,1_8403,1_100039,14,1_562520340,1_4378,1775615460,1775615260,default
1775615412,1_12170,1_100039,14,1_562520340,1_4378,1775615979,1775615555,default
1775615412,1_60161,1_100042,148,1_762077900,1_7976053,1775617260,1775617260,default
1775615412,1_575,1_100089,2,1_788758280,1_7155,1775615400,1775615475,default
1775615412,1_2850,1_100089,2,1_788758290,1_7117,1775615820,1775613955,default
1775615412,1_2850,1_100089,2,1_788757940,1_7098,1775616960,1775615196,default
1775615412,1_2850,1_100089,2,1_788757940,1_8023469,1775616960,1775616960,default
1775615412,1_46505,1_102619,F Line,1_656237690,1_6280,1775616180,1775615293,default
1775615412,1_46505,1_102619,F Line,1_656237690,1_7976085,1775616180,1775616180,default
1775615412,1_46505,1_102619,F Line,1_656236310,1_7975999,1775617080,1775617080,default
1775615412,1_46505,1_102619,F Line,1_656237460,1_7976004,1775617980,1775617980,default
1775615412,1_29423,1_102732,79,1_816446510,1_7257,1775615700,1775615700,default
1775615412,1_57453,1_100060,168,1_664461020,1_7976094,1775615460,1775615563,default
1775615412,1_52306,1_102619,F Line,1_656237610,1_7975998,1775615700,1775615700,default
1775615412,1_52306,1_102619,F Line,1_800654940,1_8023715,1775616600,1775616600,default
1775615412,1_57804,1_100072,181,1_721482090,1_7103,1775615719,1775616230,default
1775615412,1_59282,1_102717,165,1_800649900,1_7063,1775616300,1775614927,default
1775615412,1_59282,1_100072,181,1_721481560,1_7491,1775616300,1775615482,default
1775615412,1_59282,1_100072,181,1_721481560,1_7976037,1775616300,1775616300,default
1775615412,1_620,40_100240,554,40_774873550,40_9664,1775616240,1775615829,default
1775615412,1_10912,40_100511,542,40_569576360,40_7976604,1775616060,1775616060,default
1775615412,1_10912,1_100162,271,1_569496760,1_7976668,1775616720,1775616720,default
1775615412,1_71960,40_100511,542,40_721031120,40_7976686,1775616840,1775616840,default
1775615412,1_10640,1_100252,62,1_800856440,1_7052,1775615820,1775615267,default
1775615412,1_10640,1_100252,62,1_800856450,1_8024956,1775616720,1775616720,default
1775615815,1_103,1_102745,G Line,1_736436380,1_6410,1775615686,1775615847,default
1775615815,1_12170,1_100039,14,1_562520340,1_4378,1775615979,1775615497,default
1775615815,1_6650,1_100229,5,1_809328470,1_7136,1775616104,1775615754,default
1775615815,1_60161,1_100042,148,1_762077900,1_7976053,1775617260,1775617260,default
1775615815,1_575,1_102581,D Line,1_800600490,1_6047,1775615760,1775615881,default
1775615815,1_13830,1_102581,D Line,1_803816930,1_6100,1775615231,1775615864,default
1775615815,1_2850,1_100089,2,1_788757940,1_7098,1775616960,1775615196,default
1775615815,1_46505,1_102619,F Line,1_656237690,1_6280,1775616180,1775615293,default
1775615815,1_46505,1_102619,F Line,1_656236310,1_7975999,1775617080,1775617080,default
1775615815,1_46505,1_102619,F Line,1_656237460,1_7976004,1775617980,1775617980,default
1775615815,1_1190,40_100239,550,40_597761680,40_9647,1775615869,1775615810,default
1775615815,1_57453,1_100060,168,1_664461060,1_7976089,1775619060,1775619060,default
1775615815,1_11569,1_100002,10,1_675385180,1_4328,1775615241,1775615914,default
1775615815,1_52306,1_102619,F Line,1_800654940,1_8023715,1775616600,1775616600,default
1775615815,1_99254,1_100045,150,1_694513530,1_8187,1775615740,1775615963,default
1775615815,1_70665,1_102702,239,1_736529300,1_3718,1775615945,1775615831,default
1775615815,1_11060,1_100249,60,1_801586210,1_7008,1775615797,1775615933,default
1775615815,1_57804,1_100072,181,1_721482090,1_7103,1775615719,1775616130,default
1775615815,1_59282,1_102717,165,1_800649900,1_7063,1775616300,1775614927,default
1775615815,1_59282,1_100072,181,1_721481560,1_7491,1775616300,1775615482,default
1775615815,1_620,40_100239,550,40_597761950,40_9688,1775616360,1775616544,default
1775615815,1_10912,40_100511,542,40_569576360,40_7976604,1775616060,1775616060,default
1775615815,1_10912,1_100162,271,1_569496760,1_7976668,1775616720,1775616720,default
1775615815,1_71960,40_100511,542,40_721031120,40_7976686,1775616840,1775616840,default
1775615815,1_10640,1_100252,62,1_800856450,1_8024956,1775616720,1775616720,default
1775615815,1_18220,1_100219,4,1_675344870,1_4380,1775616120,1775615947,default
1775616115,1_60161,1_100042,148,1_762077900,1_7976053,1775617260,1775617260,default
1775616115,1_970,40_594,594,40_1055020,40_9212,1775616330,1775616256,default
1775616115,1_575,1_100028,13,1_788759100,1_7099,1775616240,1775616205,default
1775616115,1_2850,1_100089,2,1_788757940,1_7098,1775616960,1775615196,default
1775616115,1_46505,1_102619,F Line,1_656237690,1_6280,1775616180,1775615293,default
1775616115,1_46505,1_102619,F Line,1_656236310,1_7975999,1775617080,1775617080,default
1775616115,1_46505,1_102619,F Line,1_656237460,1_7976004,1775617980,1775617980,default
1775616115,1_57453,1_100060,168,1_664461060,1_7976089,1775619060,1775619060,default
1775616115,1_52306,1_102619,F Line,1_800654940,1_8023715,1775616600,1775616600,default
1775616115,1_80121,1_102719,161,1_800652300,1_7352,1775616046,1775616224,default
1775616115,1_58112,1_100045,150,1_800670720,1_8121,1775616228,1775616200,default
1775616115,1_41940,1_102729,322,1_803353420,1_8100,1775616235,1775616162,default
1775616115,1_59282,1_102717,165,1_800649900,1_7063,1775616300,1775614927,default
1775616115,1_59282,1_100072,181,1_721481560,1_7491,1775616300,1775615482,default
1775616115,1_2260,1_100275,8,1_800890920,1_8057,1775616368,1775616274,default
1775616115,1_620,40_100239,550,40_597761950,40_9688,1775616360,1775616344,default
1775616115,1_10912,1_100162,271,1_569496760,1_7976668,1775616720,1775616720,default
1775616115,1_71960,40_100511,542,40_721031120,40_7976686,1775616840,1775616840,default
1775616115,1_71960,40_100511,542,40_721031050,40_7976608,1775618220,1775618220,default
1775616115,1_10640,1_100252,62,1_800856450,1_8024956,1775616720,1775616720,default
1775616115,1_8403,1_100039,14,1_562520480,1_4314,1775616360,1775616281,default
1775616415,1_60161,1_100042,148,1_762077900,1_7976053,1775617260,1775617260,default
1775616415,1_320,40_594,594,40_1055020,40_9212,1775616600,1775616613,default
1775616415,1_81205,1_100072,181,1_721482090,1_7103,1775616200,1775616465,default
1775616415,1_575,1_100263,7,1_800587880,1_8023403,1775616540,-1,default
1775616415,1_2850,1_100089,2,1_788757940,1_7098,1775616960,1775615196,default
1775616415,1_46505,1_102619,F Line,1_656236310,1_7975999,1775617080,1775617080,default
1775616415,1_46505,1_102619,F Line,1_656237460,1_7976004,1775617980,1775617980,default
1775616415,1_57453,1_100060,168,1_664461060,1_7976089,1775619060,1775619060,default
1775616415,1_52306,1_102619,F Line,1_800654940,1_8023715,1775616600,1775616600,default
1775616415,1_8530,1_100039,14,1_562520400,1_4311,1775616201,1775616510,default
1775616415,1_620,40_100236,545,40_563506220,40_7976564,1775616480,1775616612,default
1775616415,1_10912,1_100162,271,1_569496760,1_7976668,1775616720,1775616720,default
1775616415,1_71960,40_100511,542,40_721031120,40_7976686,1775616840,1775616840,default
1775616415,1_71960,40_100511,542,40_721031050,40_7976608,1775618220,1775618220,default
1775616415,1_10640,1_100252,62,1_800856450,1_8024956,1775616720,1775616720,default
1775616415,1_25210,1_100259,67,1_724950240,1_8297,1775616639,1775616521,default
1775616715,1_103,1_102745,G Line,1_736436330,1_6406,1775616586,1775616716,default
1775616715,1_481,1_100024,125,1_770790230,1_7055,1775616720,1775616696,default
1775616715,1_60161,1_100042,148,1_762077900,1_7976053,1775617260,1775617260,default
1775616715,1_320,40_100239,550,40_597762530,40_9820,1775616660,1775616748,default
1775616715,1_2850,1_100089,2,1_788757940,1_7098,1775616960,1775615196,default
1775616715,1_46505,1_102619,F Line,1_656236310,1_6282,1775617080,1775616643,default
1775616715,1_46505,1_102619,F Line,1_656236310,1_7975999,1775617080,1775617080,default
1775616715,1_46505,1_102619,F Line,1_656237460,1_7976004,1775617980,1775617980,default
1775616715,1_40060,1_102574,40,1_811899280,1_8261,1775616848,1775616721,default
1775616715,1_57453,1_100060,168,1_664461060,1_7976089,1775619060,1775619060,default
1775616715,1_68130,1_102548,B Line,1_721019210,1_6020,1775616681,1775616784,default
1775616715,1_52306,1_102619,F Line,1_656237040,1_7975997,1775617500,1775617500,default
1775616715,1_57516,1_102717,165,1_800649480,1_7477,1775616842,1775616718,default
1775616715,1_40065,1_102574,40,1_811899280,1_8261,1775616941,1775616810,default
1775616715,1_9605,1_100193,32,1_651767710,1_7042,1775616912,1775616795,default
1775616715,1_620,40_100239,550,40_597761940,40_9659,1775617320,1775617467,default
1775616715,1_10912,40_100511,542,40_569577080,40_7976685,1775617980,1775617980,default
1775616715,1_10912,1_100162,271,1_569495960,1_7976387,1775618520,1775618520,default
1775616715,1_71960,40_100511,542,40_721031050,40_7976608,1775618220,1775618220,default
1775616715,1_10640,1_100252,62,1_800856460,1_8025,1775617620,1775616654,default
1775616715,1_10640,1_100252,62,1_800856460,1_8024960,1775617620,1775617620,default
1775616715,1_10640,1_100252,62,1_800856490,1_8025038,1775620320,1775620320,default
1775616715,1_58144,1_102719,161,1_800651930,1_7403,1775616913,1775616857,default
1775617015,1_60161,1_100042,148,1_762077900,1_7976053,1775617260,1775617260,default
1775617015,1_970,40_578,578,40_792020,40_41501,1775617047,1775617021,default
1775617015,1_2850,1_100089,2,1_788758300,1_8023474,1775618340,1775618340,default
1775617015,1_46505,1_102619,F Line,1_656236310,1_6282,1775617080,1775616643,default
1775617015,1_46505,1_102619,F Line,1_656237460,1_7976004,1775617980,1775617980,default
1775617015,1_57453,1_100060,168,1_664461060,1_7976089,1775619060,1775619131,default
1775617015,1_52306,1_102619,F Line,1_656237040,1_7975997,1775617500,1775617500,default
1775617015,1_57804,1_100072,181,1_721481730,1_7071,1775617519,1775617381,default
1775617015,1_59282,1_100072,181,1_770980530,1_7976104,1775618100,1775618100,default
1775617015,1_60640,1_102757,187,1_762095190,1_7976065,1775617004,1775617170,default
1775617015,1_620,40_100239,550,40_597761940,40_9659,1775617320,1775617396,default
1775617015,1_10912,40_100511,542,40_569577080,40_7976685,1775617980,1775617980,default
1775617015,1_10912,1_100162,271,1_569495960,1_7976387,1775618520,1775618520,default
1775617015,1_71960,40_100511,542,40_721031050,40_7976608,1775618220,1775618220,default
1775617015,1_81982,1_102746,333,1_778705010,1_7975730,1775617179,1775617210,default
1775617015,1_10640,1_100252,62,1_800856460,1_8025,1775617620,1775616654,default
1775617015,1_10640,1_100252,62,1_800856490,1_8025038,1775620320,1775620320,default
1775617315,1_2850,1_100089,2,1_788758300,1_8023474,1775618340,1775618340,default
1775617315,1_46505,1_102619,F Line,1_656237460,1_7976004,1775617980,1775617980,default
1775617315,1_46505,1_102619,F Line,1_656237780,1_7976035,1775620680,1775620680,default
1775617315,1_82674,1_102705,230,1_664298930,1_7447,1775617440,1775617316,default
1775617315,1_57453,1_100060,168,1_664461060,1_7976089,1775619060,1775619074,default
1775617315,1_57453,1_100060,168,1_664468580,1_7976088,1775620860,1775620860,default
1775617315,1_52306,1_102619,F Line,1_656237040,1_7975997,1775617500,1775617500,default
1775617315,1_57804,1_100072,181,1_721481730,1_7071,1775617519,1775617290,default
1775617315,1_59282,1_100072,181,1_770980530,1_7103,1775618100,1775617232,default
1775617315,1_59282,1_100072,181,1_770980530,1_7976104,1775618100,1775618100,default
1775617315,1_620,40_100236,545,40_560092050,40_7976571,1775617560,1775617577,default
1775617315,1_10912,40_100511,542,40_569577080,40_7976685,1775617980,1775617980,default
1775617315,1_10912,1_100162,271,1_569495960,1_7976387,1775618520,1775618520,default
1775617315,1_71960,40_100511,542,40_721031050,40_7976608,1775618220,1775618220,default
1775617315,1_10640,1_100252,62,1_800856460,1_8025,1775617620,1775616654,default
1775617315,1_10640,1_100252,62,1_800856470,1_8024958,1775618520,1775618520,default
1775617315,1_10640,1_100252,62,1_800856490,1_8025038,1775620320,1775620320,default
1775617615,1_12170,1_100039,14,1_562520380,1_4339,1775617539,1775617681,default
1775617615,1_970,40_594,594,40_2406020,40_9215,1775617504,1775617674,default
1775617615,1_12770,1_100228,48,1_721360150,1_8058,1775617347,1775617663,default
1775617615,1_30790,1_100249,60,1_801586210,1_7008,1775617477,1775617653,default
1775617615,1_2850,1_100089,2,1_788758300,1_8023474,1775618340,1775618340,default
1775617615,1_46505,1_102619,F Line,1_656237460,1_7976004,1775617980,1775617980,default
1775617615,1_46505,1_102619,F Line,1_656237780,1_7976035,1775620680,1775620680,default
1775617615,1_47660,1_102736,H Line,1_694056260,1_6060,1775617555,1775617660,default
1775617615,1_27420,1_100249,60,1_801586160,1_7070,1775617448,1775617775,default
1775617615,1_57453,1_100060,168,1_664461060,1_7976089,1775619060,1775619084,default
1775617615,1_57453,1_100060,168,1_664468580,1_7976088,1775620860,1775620860,default
1775617615,1_68130,1_102548,B Line,1_721019330,1_6033,1775617641,1775617719,default
1775617615,1_52306,1_102619,F Line,1_656237540,1_7976016,1775618400,1775618400,default
1775617615,1_45670,1_100210,36,1_800582690,1_4407,1775617612,1775617724,default
1775617615,1_76312,1_102705,230,1_664298930,1_7447,1775617921,1775617780,default
1775617615,1_59282,1_102717,165,1_800649910,1_7477,1775618280,1775617226,default
1775617615,1_59282,1_100072,181,1_770980530,1_7103,1775618100,1775617232,default
1775617615,1_620,40_100240,554,40_774873460,40_9675,1775618040,1775618065,default
1775617615,1_10912,1_100264,70,1_801592710,1_8025881,1775617786,1775617786,default
1775617615,1_10912,40_100511,542,40_569577080,40_7976685,1775617980,1775617980,default
1775617615,1_10912,1_100162,271,1_569495960,1_7976387,1775618520,1775618520,default
1775617615,1_71960,40_100511,542,40_721031050,40_7976608,1775618220,1775618220,default
1775617615,1_10640,1_100252,62,1_800856470,1_8024958,1775618520,1775618520,default
1775617615,1_10640,1_100252,62,1_800856490,1_8025038,1775620320,1775620320,default
1775617915,1_320,40_594,594,40_2406020,40_9215,1775617740,1775618034,default
1775617915,1_2850,1_100089,2,1_788757950,1_7097,1775619420,1775617655,default
1775617915,1_2850,1_100089,2,1_788758300,1_8023474,1775618340,1775618340,default
1775617915,1_46505,1_102619,F Line,1_656237460,1_7976004,1775617980,1775617980,default
1775617915,1_46505,1_102619,F Line,1_656236460,1_7976083,1775618880,1775618880,default
1775617915,1_46505,1_102619,F Line,1_656237780,1_7976035,1775620680,1775620680,default
1775617915,1_1190,1_100447,49,1_801199590,1_8023495,1775617990,1775617990,default
1775617915,1_57453,1_100060,168,1_664461060,1_7976089,1775619060,1775619180,default
1775617915,1_57453,1_100060,168,1_664468580,1_7976088,1775620860,1775620860,default
1775617915,1_52306,1_102619,F Line,1_656237540,1_7976016,1775618400,1775618400,default
1775617915,1_99254,40_594,594,40_1687020,40_41601,1775618073,1775618061,default
1775617915,1_82187,1_100259,67,1_724950240,1_8297,1775618331,1775617983,default
1775617915,1_65092,1_100162,271,1_720966510,1_7976349,1775618820,1775618820,default
1775617915,1_59282,1_102717,165,1_800649910,1_7477,1775618280,1775617226,default
1775617915,1_59282,1_100072,181,1_770980530,1_7103,1775618100,1775617232,default
1775617915,1_28287,1_100169,28,1_687246360,1_8077,1775618073,1775617980,default
1775617915,1_10912,1_100162,271,1_569495960,1_7976387,1775618520,1775618520,default
1775617915,1_71960,40_100511,542,40_721031050,40_7976608,1775618220,1775618220,default
1775617915,1_71960,40_100511,542,40_721031200,40_7976604,1775619840,1775619840,default
1775617915,1_10640,1_100252,62,1_800856470,1_8034,1775618520,1775617864,default
1775617915,1_10640,1_100252,62,1_800856470,1_8024958,1775618520,1775618520,default
1775617915,1_10640,1_100252,62,1_800856490,1_8025038,1775620320,1775620320,default
1775617915,1_8403,1_100039,14,1_562520840,1_4336,1775618040,1775617936,default
1775618215,1_12770,1_100228,48,1_721360520,1_8026,1775618247,1775618283,default
1775618215,1_2850,1_100089,2,1_788757950,1_7097,1775619420,1775617655,default
1775618215,1_2850,1_100089,2,1_788758300,1_8023474,1775618340,1775618340,default
1775618215,1_46505,1_102619,F Line,1_656236460,1_7976083,1775618880,1775618880,default
1775618215,1_46505,1_102619,F Line,1_656237780,1_7976035,1775620680,1775620680,default
1775618215,1_29423,1_102732,79,1_816446520,1_8022070,1775619300,1775619300,default
1775618215,1_280,40_100240,554,40_560098880,40_7976690,1775618125,1775618266,default
1775618215,1_13810,1_100193,32,1_651767710,1_7042,1775618280,1775618181,default
1775618215,1_57453,1_100060,168,1_664461060,1_7976089,1775619060,1775619178,default
1775618215,1_57453,1_100060,168,1_664468580,1_7976088,1775620860,1775620860,default
1775618215,1_35070,1_100230,50,1_785559490,1_3701,1775618322,1775618213,default
1775618215,1_52306,1_102619,F Line,1_656237540,1_7976016,1775618400,1775618400,default
1775618215,1_65092,1_100162,271,1_720966510,1_7976349,1775618820,1775618820,default
1775618215,1_620,1_100003,101,1_800669900,1_8141,1775618400,1775618331,default
1775618215,1_620,40_594,594,40_1687020,40_41601,1775618460,1775618437,default
1775618215,1_10912,1_100447,49,1_801199610,1_4374,1775618490,1775618383,default
1775618215,1_10912,1_100162,271,1_569495960,1_7976387,1775618520,1775618520,default
1775618215,1_10912,1_100162,271,1_569496340,1_7976351,1775620320,1775620320,default
1775618215,1_71960,40_100511,542,40_721031200,40_7976604,1775619840,1775619840,default
1775618215,1_10640,1_100252,62,1_800856470,1_8034,1775618520,1775617864,default
1775618215,1_10640,1_100252,62,1_800856480,1_8025072,1775619420,1775619420,default
1775618215,1_10640,1_100252,62,1_800856490,1_8025038,1775620320,1775620320,default
1775618515,1_12170,1_100039,14,1_562520840,1_4336,1775618559,1775618559,default
1775618515,1_2850,1_100089,2,1_788757950,1_7097,1775619420,1775617655,default
1775618515,1_46505,1_102619,F Line,1_656236460,1_7976083,1775618880,1775618880,default
1775618515,1_46505,1_102619,F Line,1_656237780,1_7976035,1775620680,1775620680,default
1775618515,1_29423,1_102732,79,1_816446520,1_8022070,1775619300,1775619300,default
1775618515,1_57453,1_100060,168,1_664461060,1_7976089,1775619060,1775619143,default
1775618515,1_57453,1_100060,168,1_664468580,1_7976088,1775620860,1775620860,default
1775618515,1_52306,1_102619,F Line,1_656237280,1_7976229,1775619300,1775619300,default
1775618515,1_40030,1_102574,40,1_811901310,1_8212,1775618360,1775618631,default
1775618515,1_65092,1_100162,271,1_720966510,1_7335,1775618820,1775618362,default
1775618515,1_65092,1_100162,271,1_720966510,1_7976349,1775618820,1775618820,default
1775618515,1_620,40_100236,545,40_560092070,40_7976554,1775618760,1775618778,default
1775618515,1_10912,40_100511,542,40_569577110,40_7976686,1775619780,1775619780,default
1775618515,1_10912,1_100162,271,1_569496340,1_7976351,1775620320,1775620320,default
1775618515,1_71960,40_100511,542,40_721031200,40_7976604,1775619840,1775619840,default
1775618515,1_10640,1_100252,62,1_800856480,1_8025072,1775619420,1775619420,default
1775618515,1_10640,1_100252,62,1_800856490,1_8025038,1775620320,1775620320,default
1775618815,1_22196,1_102736,H Line,1_694056560,1_6067,1775618259,1775618823,default
1775618815,1_970,40_578,578,40_1584020,40_41507,1775618847,1775618833,default
1775618815,1_970,40_594,594,40_1335020,40_51403,1775618824,1775618891,default
1775618815,1_2850,1_100089,2,1_788757950,1_7097,1775619420,1775617655,default
1775618815,1_2850,1_100089,2,1_788758310,1_8023470,1775620740,1775620740,default
1775618815,1_46505,1_102619,F Line,1_656236460,1_6228,1775618880,1775618493,default
1775618815,1_46505,1_102619,F Line,1_656237620,1_7975998,1775619780,1775619780,default
1775618815,1_46505,1_102619,F Line,1_656237780,1_7976035,1775620680,1775620680,default
1775618815,1_29423,1_102732,79,1_816446520,1_8022070,1775619300,1775619300,default
1775618815,1_57453,1_100060,168,1_664461060,1_7976089,1775619060,1775619084,default
1775618815,1_57453,1_100060,168,1_664468580,1_7976088,1775620860,1775620929,default
1775618815,1_73366,1_102548,B Line,1_721019330,1_6033,1775618640,1775618920,default
1775618815,1_52306,1_102619,F Line,1_656237280,1_7976229,1775619300,1775619300,default
1775618815,1_71970,1_102753,222,1_774817990,1_7336,1775618986,1775618911,default
1775618815,1_49350,1_100026,128,1_806634950,1_1039,1775618877,1775618937,default
1775618815,1_59282,1_100072,181,1_721481740,1_7071,1775619900,1775618648,default
1775618815,1_81749,40_100240,554,40_560097160,40_9807,1775618922,1775618962,default
1775618815,1_620,40_100236,545,40_560092070,40_7976554,1775618760,1775619094,default
1775618815,1_620,40_100239,550,40_597762290,40_9650,1775619240,1775619318,default
1775618815,1_10912,40_100511,542,40_569577110,40_7976686,1775619780,1775619780,default
1775618815,1_10912,1_100162,271,1_569496340,1_7976351,1775620320,1775620320,default
1775618815,1_71960,40_100511,542,40_721031200,40_7976604,1775619840,1775619840,default
1775618815,1_81982,1_102746,333,1_778705000,1_7975727,1775618979,1775619011,default
1775618815,1_10640,1_100252,62,1_800856480,1_8004,1775619420,1775618664,default
1775618815,1_10640,1_100252,62,1_800856480,1_8025072,1775619420,1775619420,default
1775618815,1_10640,1_100252,62,1_800856490,1_8025038,1775620320,1775620320,default
1775618815,1_3000,1_100089,2,1_788758300,1_7139,1775618832,1775618987,default
1775619115,1_8541,1_100263,7,1_800587650,1_8023403,1775619240,-1,default
1775619115,1_2850,1_100089,2,1_788757950,1_7097,1775619420,1775617655,default
1775619115,1_2850,1_100089,2,1_788758310,1_7115,1775620740,1775618775,default
1775619115,1_46505,1_102619,F Line,1_656237620,1_7975998,1775619780,1775619780,default
1775619115,1_46505,1_102619,F Line,1_656237780,1_7976035,1775620680,1775620680,default
1775619115,1_29423,1_102732,79,1_816446520,1_8022070,1775619300,1775619300,default
1775619115,1_27420,1_100249,60,1_801586130,1_7075,1775618648,1775619236,default
1775619115,1_3470,1_100249,60,1_801586270,1_7007,1775619180,1775619130,default
1775619115,1_57453,1_100060,168,1_664468580,1_7976088,1775620860,1775620930,default
1775619115,1_57453,1_100060,168,1_664461080,1_7976218,1775622660,1775622660,default
1775619115,1_52306,1_102619,F Line,1_656237280,1_7976229,1775619300,1775619300,default
1775619115,1_52306,1_102619,F Line,1_656237700,1_7976085,1775620200,1775620200,default
1775619115,1_71970,1_102752,223,1_833610960,1_8024748,1775619248,1775619248,default
1775619115,1_57804,1_100072,181,1_815955240,1_7322,1775619319,1775619524,default
1775619115,1_59282,1_100072,181,1_721481740,1_7071,1775619900,1775618648,default
1775619115,1_59282,1_102717,165,1_800649920,1_8023717,1775620080,1775620080,default
1775619115,1_81684,40_100240,554,40_560097160,40_9807,1775619240,1775619317,default
1775619115,1_10912,40_100511,542,40_569577110,40_7976686,1775619780,1775619780,default
1775619115,1_10912,1_100162,271,1_569496340,1_7976351,1775620320,1775620320,default
1775619115,1_71960,40_100511,542,40_721031200,40_7976604,1775619840,1775619840,default
1775619115,1_10640,1_100252,62,1_800856480,1_8004,1775619420,1775618664,default
1775619115,1_10640,1_100252,62,1_800856490,1_8025038,1775620320,1775620320,default
1775619415,1_60161,1_100042,148,1_762078240,1_7976072,1775621100,1775621100,default
1775619415,1_8541,1_100039,14,1_562520460,1_4312,1775618880,1775619438,default
1775619415,1_64569,1_100099,208,1_736533620,1_7327,1775619452,1775619452,default
1775619415,1_575,1_102581,D Line,1_803816770,1_6097,1775619360,1775619455,default
1775619415,1_575,1_100264,70,1_801593590,1_8251,1775619300,1775619465,default
1775619415,1_2850,1_100089,2,1_788758310,1_7115,1775620740,1775618775,default
1775619415,1_46505,1_102619,F Line,1_656237620,1_7975998,1775619780,1775619780,default
1775619415,1_46505,1_102619,F Line,1_656237780,1_7976035,1775620680,1775620680,default
1775619415,1_72560,1_102704,250,1_816288750,1_7237,1775619464,1775619419,default
1775619415,1_57453,1_100060,168,1_664468580,1_7976088,1775620860,1775620963,default
1775619415,1_57453,1_100060,168,1_664461080,1_7976218,1775622660,1775622660,default
1775619415,1_52306,1_102619,F Line,1_656237700,1_7976085,1775620200,1775620200,default
1775619415,1_58112,1_100045,150,1_800670460,1_8164,1775619408,1775619535,default
1775619415,1_59282,1_100072,181,1_721481740,1_7071,1775619900,1775618648,default
1775619415,1_59282,1_102717,165,1_800649920,1_8023717,1775620080,1775620080,default
1775619415,1_68888,1_102552,226,1_816296210,1_7373,1775619630,1775619539,default
1775619415,1_10912,40_100511,542,40_569577110,40_7976686,1775619780,1775619780,default
1775619415,1_10912,1_100162,271,1_569496340,1_7976351,1775620320,1775620320,default
1775619415,1_71960,40_100511,542,40_721031200,40_7976604,1775619840,1775619840,default
1775619415,1_10640,1_100252,62,1_800856490,1_8025038,1775620320,1775620320,default
1775619715,1_51551,1_102736,H Line,1_694056600,1_6072,1775619577,1775619734,default
1775619715,1_60161,1_100042,148,1_762078240,1_7976072,1775621100,1775621100,default
1775619715,1_2850,1_100089,2,1_788758310,1_7115,1775620740,1775618775,default
1775619715,1_2850,1_100089,2,1_788757960,1_8023446,1775621880,1775621880,default
1775619715,1_46505,1_102619,F Line,1_656237620,1_6274,1775619780,1775619672,default
1775619715,1_46505,1_102619,F Line,1_656237620,1_7975998,1775619780,1775619780,default
1775619715,1_46505,1_102619,F Line,1_656237780,1_7976035,1775620680,1775620680,default
1775619715,1_57453,1_100060,168,1_664468580,1_7976088,1775620860,1775621089,default
1775619715,1_57453,1_100060,168,1_664461080,1_7976218,1775622660,1775622660,default
1775619715,1_52306,1_102619,F Line,1_656237700,1_7976085,1775620200,1775620200,default
1775619715,1_21080,1_100249,60,1_801586120,1_7144,1775619840,1775619758,default
1775619715,1_59282,1_100072,181,1_721481740,1_7071,1775619900,1775618648,default
1775619715,1_59282,1_102717,165,1_800649920,1_7315,1775620080,1775619592,default
1775619715,1_59282,1_102717,165,1_800649920,1_8023717,1775620080,1775620080,default
1775619715,1_59282,1_100072,181,1_800642400,1_8023851,1775623140,1775623140,default
1775619715,1_7690,1_102615,E Line,1_813082040,1_6115,1775619905,1775619819,default
1775619715,1_620,40_100240,554,40_774873810,40_9663,1775619960,1775620145,default
1775619715,1_10912,1_100224,44,1_664047610,1_4538,1775619637,1775619880,default
1775619715,1_10912,1_100162,271,1_569496340,1_7976351,1775620320,1775620320,default
1775619715,1_71960,40_100511,542,40_721031370,40_7976685,1775621640,1775621640,default
1775619715,1_10640,1_100252,62,1_800856490,1_8021,1775620320,1775619583,default
1775620015,1_60161,1_100042,148,1_762078240,1_3735,1775621100,1775619819,default
1775620015,1_60161,1_100042,148,1_762078240,1_7976072,1775621100,1775621100,default
1775620015,1_12770,1_100228,48,1_721360090,1_8028,1775620047,1775620047,default
1775620015,1_2850,1_100089,2,1_788758310,1_7115,1775620740,1775618775,default
1775620015,1_2850,1_100089,2,1_788757960,1_8023446,1775621880,1775621880,default
1775620015,1_46505,1_102619,F Line,1_656237780,1_7976035,1775620680,1775620680,default
1775620015,1_57453,1_100060,168,1_664468580,1_7976088,1775620860,1775621052,default
1775620015,1_57453,1_100060,168,1_664461080,1_7976218,1775622660,1775622660,default
1775620015,1_52306,1_102619,F Line,1_656237700,1_7976085,1775620200,1775620200,default
1775620015,1_52306,1_102619,F Line,1_656236320,1_7975999,1775621100,1775621100,default
1775620015,1_58112,1_102619,F Line,1_656237460,1_6244,1775619621,1775620172,default
1775620015,1_45670,1_100210,36,1_800582380,1_8023385,1775620012,1775620130,default
1775620015,1_9605,1_100259,67,1_657909210,1_7975676,1775619840,1775620154,default
1775620015,1_2200,1_102581,D Line,1_732748430,1_6092,1775620225,1775620201,default
1775620015,1_59282,1_100072,181,1_800642400,1_8023851,1775623140,1775623140,default
1775620015,1_9060,1_100263,7,1_800589210,1_4557,1775620480,1775620111,default
1775620015,1_620,40_100240,554,40_774873810,40_9663,1775619960,1775620200,default
1775620015,1_10912,1_100264,70,1_816207490,1_8267,1775620066,1775620182,default
1775620015,1_10912,1_100162,271,1_569496340,1_7976351,1775620320,1775620320,default
1775620015,1_10912,40_100511,542,40_569578010,40_7976608,1775621700,1775621700,default
1775620015,1_10912,1_100162,271,1_569497030,1_7976352,1775622120,1775622120,default
1775620015,1_71960,40_100511,542,40_721031370,40_7976685,1775621640,1775621640,default
1775620015,1_81982,1_100196,331,1_803359600,1_7231,1775619939,1775620193,default
1775620015,1_10640,1_100252,62,1_800856490,1_8021,1775620320,1775619583,default
1775620315,1_60161,1_100042,148,1_762078240,1_3735,1775621100,1775619819,default
1775620315,1_320,40_594,594,40_2063020,40_61406,1775620440,1775620426,default
1775620315,1_575,1_102576,C Line,1_800869230,1_6261,1775620020,1775620351,default
1775620315,1_2850,1_100089,2,1_788758310,1_7115,1775620740,1775618775,default
1775620315,1_2850,1_100089,2,1_788757960,1_7095,1775621880,1775620086,default
1775620315,1_2850,1_100089,2,1_788757960,1_8023446,1775621880,1775621880,default
1775620315,1_46505,1_102619,F Line,1_656237780,1_7976035,1775620680,1775620680,default
1775620315,1_1190,1_100447,49,1_801199580,1_8023493,1775620390,1775620390,default
1775620315,1_57453,1_100060,168,1_664468580,1_7976088,1775620860,1775621045,default
1775620315,1_57453,1_100060,168,1_664461080,1_7976218,1775622660,1775622660,default
1775620315,1_52306,1_102619,F Line,1_656236320,1_7975999,1775621100,1775621100,default
1775620315,1_59282,1_100072,181,1_800642400,1_8023851,1775623140,1775623140,default
1775620315,1_620,40_100236,545,40_560092220,40_7976551,1775620620,1775620620,default
1775620315,1_10912,40_100511,542,40_569578010,40_7976608,1775621700,1775621700,default
1775620315,1_10912,1_100162,271,1_569497030,1_7976352,1775622120,1775622120,default
1775620315,1_71960,40_100511,542,40_721031370,40_7976685,1775621640,1775621640,default
1775620615,1_12170,1_100039,14,1_562520460,1_4312,1775620179,1775620621,default
1775620615,1_60161,1_100042,148,1_762078240,1_3735,1775621100,1775619819,default
1775620615,1_970,40_578,578,40_130020,40_41603,1775620647,1775620638,default
1775620615,1_575,1_100028,13,1_788759120,1_7097,1775620740,1775620654,default
1775620615,1_2850,1_100089,2,1_788758310,1_7115,1775620740,1775618775,default
1775620615,1_2850,1_100089,2,1_788757960,1_7095,1775621880,1775620086,default
1775620615,1_8080,1_100263,7,1_800589210,1_4557,1775621154,1775620631,default
1775620615,1_46505,1_102619,F Line,1_656237780,1_7976035,1775620680,1775620680,default
1775620615,1_46505,1_102619,F Line,1_656237050,1_7975997,1775621580,1775621580,default
1775620615,1_40060,1_102574,40,1_811901800,1_8210,1775620628,1775620662,default
1775620615,1_57453,1_100060,168,1_664468580,1_7976088,1775620860,1775620993,default
1775620615,1_57453,1_100060,168,1_664461080,1_7976218,1775622660,1775622803,default
1775620615,1_52306,1_102619,F Line,1_656236320,1_7975999,1775621100,1775621100,default
1775620615,1_57804,1_100072,181,1_721481570,1_7476,1775621059,1775621150,default
1775620615,1_59282,1_100072,181,1_800642400,1_8023851,1775623140,1775623140,default
1775620615,1_10912,1_100264,70,1_801593880,1_8201,1775620786,1775620741,default
1775620615,1_10912,40_100511,542,40_569578010,40_7976608,1775621700,1775621700,default
1775620615,1_10912,1_100162,271,1_569497030,1_7976352,1775622120,1775622120,default
1775620615,1_71960,40_100511,542,40_721031370,40_7976685,1775621640,1775621640,default
1775620615,1_10640,1_100252,62,1_800856500,1_8025003,1775622120,1775622120,default
1775620615,1_41900,1_100249,60,1_801586250,1_7067,1775620800,1775620746,default
1775620615,1_76310,1_102705,230,1_664298990,1_7447,1775620587,1775620808,default
1775620915,1_26560,1_102574,40,1_811901310,1_8212,1775620382,1775621002,default
1775620915,1_60161,1_100042,148,1_762078240,1_3735,1775621100,1775619819,default
1775620915,1_2850,1_100089,2,1_788757960,1_7095,1775621880,1775620086,default
1775620915,1_2850,1_100089,2,1_788758320,1_7155,1775623140,1775620642,default
1775620915,1_46505,1_102619,F Line,1_656237050,1_7975997,1775621580,1775621580,default
1775620915,1_47660,1_102736,H Line,1_694056080,1_6041,1775620983,1775620984,default
1775620915,1_27420,1_100249,60,1_801586250,1_7067,1775620956,1775621002,default
1775620915,1_57453,1_100060,168,1_664461080,1_7976218,1775622660,1775622977,default
1775620915,1_52306,1_102619,F Line,1_656236320,1_7975999,1775621100,1775621100,default
1775620915,1_52306,1_102619,F Line,1_656237470,1_7976004,1775622000,1775622000,default
1775620915,1_57804,1_100072,181,1_721481570,1_7476,1775621059,1775621013,default
1775620915,1_59282,1_100072,181,1_800642400,1_8023851,1775623140,1775623140,default
1775620915,1_60710,1_100512,A Line,1_800643810,1_6234,1775621135,1775621060,default
1775620915,1_620,40_100239,550,40_597762280,40_9804,1775621040,1775621418,default
1775620915,1_10912,40_100511,542,40_569578010,40_7976608,1775621700,1775621700,default
1775620915,1_10912,1_100162,271,1_569497030,1_7976352,1775622120,1775622120,default
1775620915,1_71960,40_100511,542,40_721031370,40_7976685,1775621640,1775621640,default
1775620915,1_10640,1_100252,62,1_800856500,1_8296,1775622120,1775620804,default
1775620915,1_10640,1_100252,62,1_800856500,1_8025003,1775622120,1775622120,default
1775621216,1_26560,1_102574,40,1_811899220,1_8261,1775621222,1775621249,default
1775621216,1_8541,1_100263,7,1_800587150,1_4508,1775621040,1775621278,default
1775621216,1_2850,1_100089,2,1_788757960,1_7095,1775621880,1775620086,default
1775621216,1_2850,1_100089,2,1_788758320,1_7155,1775623140,1775620642,default
1775621216,1_46505,1_102619,F Line,1_656237050,1_7975997,1775621580,1775621580,default
1775621216,1_57453,1_100060,168,1_664461080,1_7976218,1775622660,1775622890,default
1775621216,1_81199,1_100072,181,1_721481570,1_7476,1775621325,1775621329,default
1775621216,1_52306,1_102619,F Line,1_656237470,1_7976004,1775622000,1775622000,default
1775621216,1_99254,40_594,594,40_2394020,40_9714,1775621416,1775621408,default
1775621216,1_76312,1_102705,230,1_664298980,1_7337,1775621357,1775621390,default
1775621216,1_2200,1_102581,D Line,1_732748980,1_6047,1775621125,1775621383,default
1775621216,1_59282,1_100072,181,1_800642400,1_8023851,1775623140,1775623140,default
1775621216,1_30180,1_100006,107,1_635437890,1_7450,1775620764,1775621352,default
1775621216,1_59872,1_102619,F Line,1_656237280,1_6285,1775621065,1775621378,default
1775621216,1_10912,40_100511,542,40_569578010,40_7976608,1775621700,1775621700,default
1775621216,1_10912,1_100162,271,1_569497030,1_7976352,1775622120,1775622120,default
1775621216,1_71960,40_100511,542,40_721031370,40_7976685,1775621640,1775621640,default
1775621216,1_10640,1_100252,62,1_800856500,1_8296,1775622120,1775620804,default
1775621516,1_2850,1_100089,2,1_788757960,1_7095,1775621880,1775620086,default
1775621516,1_2850,1_100089,2,1_788758320,1_7155,1775623140,1775620642,default
1775621516,1_46505,1_102619,F Line,1_656237050,1_7975997,1775621580,1775621580,default
1775621516,1_46505,1_102619,F Line,1_656237550,1_7976016,1775622540,1775622540,default
1775621516,1_29423,1_102732,79,1_816446500,1_7257,1775622900,1775622900,default
1775621516,1_1190,1_100447,49,1_801199550,1_4374,1775622790,1775621532,default
1775621516,1_1190,1_100447,49,1_801199560,1_8023496,1775621590,1775621590,default
1775621516,1_57453,1_100060,168,1_664461080,1_7976218,1775622660,1775622966,default
1775621516,1_52306,1_102619,F Line,1_656237470,1_7976004,1775622000,1775622000,default
1775621516,1_65092,1_100162,271,1_720966680,1_7976668,1775622480,1775622480,default
1775621516,1_59282,1_100072,181,1_800642400,1_8023851,1775623140,1775623140,default
1775621516,1_59936,1_102720,160,1_762081590,1_7189,1775621529,1775621680,default
1775621516,1_620,40_594,594,40_2394020,40_9714,1775621760,1775621748,default
1775621516,1_620,40_100240,554,40_774873870,40_9677,1775621880,1775621952,default
1775621516,1_10912,1_100264,70,1_801592690,1_8026414,1775621686,1775621696,default
1775621516,1_10912,40_100511,542,40_569578010,40_7976608,1775621700,1775621700,default
1775621516,1_10912,1_100162,271,1_569497030,1_7976352,1775622120,1775622120,default
1775621516,1_10912,40_100511,542,40_569577980,40_7976604,1775623500,1775623500,default
1775621516,1_10640,1_100252,62,1_800856500,1_8296,1775622120,1775620804,default
1775621816,1_2850,1_100089,2,1_788757960,1_7095,1775621880,1775620086,default
1775621816,1_2850,1_100089,2,1_788758320,1_7155,1775623140,1775620642,default
1775621816,1_46505,1_102619,F Line,1_656237550,1_7976016,1775622540,1775622540,default
1775621816,1_29423,1_102732,79,1_816446500,1_7257,1775622900,1775622900,default
1775621816,1_1190,1_100447,49,1_801199550,1_4374,1775622790,1775621848,default
1775621816,1_57453,1_100060,168,1_664461080,1_7976218,1775622660,1775622966,default
1775621816,1_68130,1_102548,B Line,1_721019660,1_6046,1775621869,1775621882,default
1775621816,1_79610,1_100003,101,1_762101770,1_6940,1775622060,1775621875,default
1775621816,1_52306,1_102619,F Line,1_656237470,1_7976004,1775622000,1775622000,default
1775621816,1_52306,1_102619,F Line,1_656236470,1_7976083,1775622900,1775622900,default
1775621816,1_45670,1_100210,36,1_800583820,1_8023415,1775621812,1775621931,default
1775621816,1_65092,1_100162,271,1_720966680,1_6933,1775622480,1775621585,default
1775621816,1_59282,1_100072,181,1_800642400,1_8023851,1775623140,1775623140,default
1775621816,1_10912,1_100162,271,1_569497030,1_7976352,1775622120,1775622120,default
1775621816,1_10912,40_100511,542,40_569577980,40_7976604,1775623500,1775623500,default
1775621816,1_10912,1_100162,271,1_569495700,1_7976354,1775623920,1775623920,default
1775621816,1_10640,1_100252,62,1_800856500,1_8296,1775622120,1775620804,default
1775622116,1_103,1_102745,G Line,1_736436500,1_6401,1775621986,1775622119,default
1775622116,1_481,1_100024,125,1_770790250,1_7055,1775622060,1775622134,default
1775622116,1_85800,1_100196,331,1_803359610,1_7224,1775621994,1775622247,default
1775622116,1_970,40_594,594,40_115020,40_41601,1775622004,1775622178,default
1775622116,1_575,1_100089,2,1_788758310,1_7115,1775622060,1775622169,default
1775622116,1_2850,1_100089,2,1_788758320,1_7155,1775623140,1775620642,default
1775622116,1_2850,1_100089,2,1_788757970,1_7099,1775624280,1775621728,default
1775622116,1_8080,1_100005,106,1_727784700,1_7087,1775622206,1775622075,default
1775622116,1_46505,1_102619,F Line,1_656237550,1_7976016,1775622540,1775622540,default
1775622116,1_29423,1_102732,79,1_816446500,1_7257,1775622900,1775622900,default
1775622116,1_13810,1_102581,D Line,1_761139060,1_6112,1775622195,1775622070,default
1775622116,1_57453,1_100060,168,1_664461080,1_7976218,1775622660,1775622952,default
1775622116,1_52306,1_102619,F Line,1_656236470,1_7976083,1775622900,1775622900,default
1775622116,1_65092,1_100162,271,1_720966680,1_6933,1775622480,1775621585,default
1775622116,1_21080,1_100249,60,1_801586310,1_7192,1775622240,1775622189,default
1775622116,1_59282,1_100072,181,1_800642400,1_8023851,1775623140,1775623140,default
1775622116,1_9060,1_100263,7,1_800586970,1_4513,1775622280,1775622207,default
1775622116,1_10912,40_100511,542,40_569577980,40_7976604,1775623500,1775623500,default
1775622116,1_10912,1_100162,271,1_569495700,1_7976354,1775623920,1775623920,default
1775622416,1_29217,1_100224,44,1_664048780,1_4534,1775622374,1775622431,default
1775622416,1_2850,1_100089,2,1_788758320,1_7155,1775623140,1775620642,default
1775622416,1_2850,1_100089,2,1_788757970,1_7099,1775624280,1775621728,default
1775622416,1_46505,1_102619,F Line,1_656237550,1_7976016,1775622540,1775622540,default
1775622416,1_46505,1_102619,F Line,1_656237290,1_7976229,1775623440,1775623440,default
1775622416,1_29423,1_102732,79,1_816446500,1_7257,1775622900,1775622900,default
1775622416,1_27420,1_100161,27,1_759820180,1_8076,1775622495,1775622507,default
1775622416,1_57453,1_100060,168,1_664461080,1_7976218,1775622660,1775622971,default
1775622416,1_52306,1_102619,F Line,1_656236470,1_7976083,1775622900,1775622900,default
1775622416,1_59282,1_100072,181,1_800642860,1_8023856,1775626800,1775626800,default
1775622416,1_620,1_100003,101,1_693748090,1_8173,1775623980,1775623735,default
1775622416,1_10912,1_100162,271,1_569495700,1_7976354,1775623920,1775623920,default
1775622416,1_10912,40_100511,542,40_569578000,40_7976685,1775625300,1775625300,default
1775622416,1_10912,1_100162,271,1_569496380,1_7976349,1775625720,1775625720,default
1775622416,1_71960,40_100511,542,40_721031100,40_7976608,1775624340,1775624340,default
1775622416,1_10640,1_100252,62,1_800856510,1_8056,1775623920,1775622584,default
1775623876,1_60161,1_100042,148,1_762078070,1_7130,1775624880,1775623499,default
1775623876,1_970,40_594,594,40_3159020,40_9717,1775623804,1775623971,default
1775623876,1_23030,1_100101,21,1_809328360,1_8264,1775624020,1775623818,default
1775623876,1_2850,1_100089,2,1_788757970,1_7099,1775624280,1775621728,default
1775623876,1_2850,1_100089,2,1_788758330,1_7117,1775625540,1775622847,default
1775623876,1_46505,1_102619,F Line,1_656237710,1_7976085,1775624340,1775624340,default
1775623876,1_46505,1_102619,F Line,1_656237480,1_7975999,1775626140,1775626140,default
1775623876,1_52306,1_102619,F Line,1_656236490,1_7976035,1775624700,1775624700,default
1775623876,1_21945,1_102717,165,1_800649530,1_7063,1775623740,1775623969,default
1775623876,1_59282,1_100072,181,1_800642860,1_8023856,1775626800,1775626800,default
1775623876,1_59872,1_102619,F Line,1_656237470,1_6244,1775623645,1775624078,default
1775623876,1_60710,1_100512,A Line,1_800643950,1_6008,1775624015,1775624048,default
1775623876,1_10912,40_100511,542,40_569578000,40_7976685,1775625300,1775625300,default
1775623876,1_10912,1_100162,271,1_569496380,1_7976349,1775625720,1775625720,default
1775623876,1_71960,40_100511,542,40_721031100,40_7976608,1775624340,1775624340,default
1775624176,1_60161,1_100042,148,1_762078070,1_7130,1775624880,1775623499,default
1775624176,1_320,40_594,594,40_3159020,40_9717,1775624040,1775624249,default
1775624176,1_575,1_100173,3,1_675344430,1_7166,1775624400,1775624224,default
1775624176,1_2850,1_100089,2,1_788757970,1_7099,1775624280,1775621728,default
1775624176,1_2850,1_100089,2,1_788758330,1_7117,1775625540,1775622847,default
1775624176,1_2850,1_100089,2,1_788758380,1_7098,1775626740,1775624071,default
1775624176,1_2850,1_100089,2,1_788758380,1_8023469,1775626740,1775626740,default
1775624176,1_46505,1_102619,F Line,1_656237710,1_7976085,1775624340,1775624340,default
1775624176,1_46505,1_102619,F Line,1_656237480,1_7975999,1775626140,1775626140,default
1775624176,1_52306,1_102619,F Line,1_656236490,1_7976035,1775624700,1775624700,default
1775624176,1_58112,1_102619,F Line,1_656237550,1_6014,1775624121,1775624313,default
1775624176,1_39983,1_102736,H Line,1_694056270,1_6060,1775624460,1775624173,default
1775624176,1_59282,1_100072,181,1_800642860,1_8023856,1775626800,1775626800,default
1775624176,1_620,40_100236,545,40_560092310,40_9816,1775624280,1775624362,default
1775624176,1_620,40_100239,550,40_597763070,40_9659,1775624580,1775624852,default
1775624176,1_10912,1_100228,48,1_721359520,1_8290,1775624340,1775624287,default
1775624176,1_10912,1_100264,70,1_801592670,1_8025881,1775624365,1775624365,default
1775624176,1_10912,40_100511,542,40_569578000,40_7976685,1775625300,1775625300,default
1775624176,1_10912,1_100162,271,1_569496380,1_7976349,1775625720,1775625720,default
1775624176,1_71960,40_100511,542,40_721031100,40_7976608,1775624340,1775624340,default
1775624176,1_81982,1_102746,333,1_778704870,1_7975730,1775624368,1775624368,default
1775624176,1_10640,1_100252,62,1_800856520,1_7052,1775625780,1775624246,default
1775624176,1_10640,1_100252,62,1_800856520,1_8024963,1775625780,1775625780,default
1775624476,1_60161,1_100042,148,1_762078070,1_7130,1775624880,1775623499,default
1775624476,1_8541,1_100039,14,1_562520590,1_4378,1775624100,1775624513,default
1775624476,1_30790,1_100249,60,1_801586260,1_7067,1775624451,1775624497,default
1775624476,1_2850,1_100089,2,1_788758330,1_7117,1775625540,1775622847,default
1775624476,1_2850,1_100089,2,1_788758380,1_7098,1775626740,1775624071,default
1775624476,1_46505,1_102619,F Line,1_656237480,1_7975999,1775626140,1775626140,default
1775624476,1_27420,1_100249,60,1_801586310,1_7192,1775624496,1775624601,default
1775624476,1_11590,1_100002,10,1_675385530,1_4313,1775624516,1775624536,default
1775624476,1_52306,1_102619,F Line,1_656236490,1_7976035,1775624700,1775624700,default
1775624476,1_45670,1_100210,36,1_800583640,1_4310,1775624512,1775624578,default
1775624476,1_57804,1_100072,181,1_762073770,1_7103,1775624659,1775624893,default
1775624476,1_59282,1_100072,181,1_800642860,1_8023856,1775626800,1775626800,default
1775624476,1_59872,1_102619,F Line,1_656236470,1_6228,1775624545,1775624610,default
1775624476,1_620,40_100239,550,40_597763070,40_9659,1775624580,1775624714,default
1775624476,1_10912,1_100447,49,1_801199540,1_4407,1775624490,1775624645,default
1775624476,1_10912,1_100264,70,1_801592670,1_8025881,1775624365,1775624648,default
1775624476,1_10912,40_100511,542,40_569578000,40_7976685,1775625300,1775625300,default
1775624476,1_10912,1_100162,271,1_569496380,1_7976349,1775625720,1775625720,default
1775624476,1_10640,1_100252,62,1_800856520,1_7052,1775625780,1775624246,default
1775624476,1_52081,1_102736,H Line,1_694056270,1_6060,1775624841,1775624633,default
1775624776,1_60161,1_100042,148,1_762078070,1_7130,1775624880,1775623499,default
1775624776,1_970,1_100045,150,1_800671040,1_8190,1775624652,1775624803,default
1775624776,1_2850,1_100089,2,1_788758330,1_7117,1775625540,1775622847,default
1775624776,1_2850,1_100089,2,1_788758380,1_7098,1775626740,1775624071,default
1775624776,1_46505,1_102619,F Line,1_656237480,1_7975999,1775626140,1775626140,default
1775624776,1_68130,1_102548,B Line,1_721019430,1_6021,1775624717,1775624874,default
1775624776,1_40030,1_102574,40,1_811901540,1_8229,1775624600,1775624873,default
1775624776,1_76312,1_102705,230,1_664299000,1_7447,1775624957,1775624886,default
1775624776,1_59282,1_100072,181,1_800642860,1_8023856,1775626800,1775626800,default
1775624776,1_60710,1_100512,A Line,1_800643830,1_6273,1775624735,1775624945,default
1775624776,1_10912,40_100511,542,40_569578000,40_7976685,1775625300,1775625300,default
1775624776,1_10912,1_100162,271,1_569496380,1_7976349,1775625720,1775625720,default
1775624776,1_10640,1_100252,62,1_800856520,1_7052,1775625780,1775624246,default
1775625076,1_2850,1_100089,2,1_788758330,1_7117,1775625540,1775622847,default
1775625076,1_2850,1_100089,2,1_788758380,1_7098,1775626740,1775624071,default
1775625076,1_46505,1_102619,F Line,1_656237480,1_7975999,1775626140,1775626140,default
1775625076,1_22184,1_100024,125,1_770790260,1_7017,1775625215,1775625118,default
1775625076,1_59282,1_100072,181,1_800642860,1_8023856,1775626800,1775626800,default
1775625076,1_10912,1_100264,70,1_816207600,1_8026407,1775625265,1775625265,default
1775625076,1_10912,40_100511,542,40_569578000,40_7976685,1775625300,1775625300,default
1775625076,1_10912,1_100162,271,1_569496380,1_7976349,1775625720,1775625720,default
1775625076,1_10640,1_100252,62,1_800856520,1_7052,1775625780,1775624246,default
1775625376,1_12170,1_100039,14,1_562520590,1_4378,1775625015,1775625468,default
1775625376,1_12770,1_100228,48,1_721359520,1_8290,1775625411,1775625367,default
1775625376,1_2850,1_100089,2,1_788758330,1_7117,1775625540,1775622847,default
1775625376,1_2850,1_100089,2,1_788758380,1_7098,1775626740,1775624071,default
1775625376,1_46505,1_102619,F Line,1_656237480,1_7975999,1775626140,1775626140,default
1775625376,1_52306,1_102619,F Line,1_721497100,1_7976016,1775626500,1775626500,default
1775625376,1_58112,1_102619,F Line,1_656237290,1_6285,1775625021,1775625489,default
1775625376,1_59282,1_100072,181,1_800642860,1_8023856,1775626800,1775626800,default
1775625376,1_10912,1_100162,271,1_569496380,1_7976349,1775625720,1775625720,default
1775625376,1_10640,1_100252,62,1_800856520,1_7052,1775625780,1775624246,default
1775625676,1_26560,1_102574,40,1_811899200,1_8252,1775625542,1775625740,default
1775625676,1_320,40_594,594,40_2174020,40_9714,1775625840,1775625838,default
1775625676,1_2850,1_100089,2,1_788758380,1_7098,1775626740,1775624071,default
1775625676,1_2850,1_100089,2,1_788758340,1_7139,1775627940,1775625531,default
1775625676,1_2850,1_100089,2,1_788758340,1_8023474,1775627940,1775627940,default
1775625676,1_46505,1_102619,F Line,1_656237480,1_7975999,1775626140,1775626140,default
1775625676,1_52306,1_102619,F Line,1_721497100,1_7976016,1775626500,1775626500,default
1775625676,1_54971,1_100004,105,1_635436760,1_1025,1775627375,1775625775,default
1775625676,1_59282,1_100072,181,1_800642860,1_8023856,1775626800,1775626800,default
1775625676,1_85531,1_102757,187,1_800663570,1_7351,1775625900,1775625808,default
1775625676,1_620,40_100240,554,40_774873970,40_9675,1775625780,1775625857,default
1775625676,1_10640,1_100252,62,1_800856540,1_8025072,1775629380,1775629380,default
1775625976,1_2850,1_100089,2,1_788758380,1_7098,1775626740,1775624071,default
1775625976,1_2850,1_100089,2,1_788758340,1_7139,1775627940,1775625531,default
1775625976,1_46505,1_102619,F Line,1_656237480,1_7975999,1775626140,1775626140,default
1775625976,1_52306,1_102619,F Line,1_721497100,1_7976016,1775626500,1775626500,default
1775625976,1_58112,1_102619,F Line,1_656237710,1_6280,1775625905,1775626109,default
1775625976,1_70665,1_102704,250,1_720962820,1_7241,1775625550,1775626075,default
1775625976,1_59282,1_100072,181,1_800642860,1_7103,1775626800,1775625950,default
1775625976,1_59282,1_100072,181,1_800642860,1_8023856,1775626800,1775626800,default
1775625976,1_10210,1_100264,70,1_816207600,1_8240,1775626144,1775626115,default
1775625976,1_620,40_100236,545,40_560092380,40_7976571,1775626080,1775626167,default
1775625976,1_620,40_100236,545,40_560092380,40_9818,1775626080,1775626209,default
1775625976,1_620,40_100239,550,40_597762930,40_9650,1775626440,1775626354,default
1775625976,1_10912,1_100228,48,1_721359440,1_8048,1775626140,1775626110,default
1775625976,1_10912,1_100264,70,1_801594130,1_8234,1775626105,1775626139,default
1775625976,1_10912,40_100511,542,40_569578630,40_7976608,1775627100,1775627100,default
1775625976,1_81982,1_102746,333,1_778704460,1_7975727,1775626168,1775626168,default
1775625976,1_10640,1_100252,62,1_800856530,1_8025,1775627580,1775626080,default
1775625976,1_10640,1_100252,62,1_800856530,1_8024960,1775627580,1775627580,default
1775625976,1_10640,1_100252,62,1_800856540,1_8025072,1775629380,1775629380,default
1775626276,1_23030,1_100101,21,1_809328890,1_8262,1775626385,1775626231,default
1775626276,1_64569,1_100162,271,1_569497030,1_7331,1775626154,1775626322,default
1775626276,1_575,1_102581,D Line,1_803816870,1_6100,1775626260,1775626325,default
1775626276,1_2850,1_100089,2,1_788758380,1_7098,1775626740,1775624071,default
1775626276,1_2850,1_100089,2,1_788758340,1_7139,1775627940,1775625531,default
1775626276,1_68130,1_102548,B Line,1_721019550,1_6027,1775626217,1775626358,default
1775626276,1_52306,1_102619,F Line,1_721497100,1_7976016,1775626500,1775626500,default
1775626276,1_45670,1_100210,36,1_800582440,1_8023385,1775626312,1775626404,default
1775626276,1_59282,1_100072,181,1_800642860,1_7103,1775626800,1775625950,default
1775626276,1_59282,1_102717,165,1_800649940,1_8023716,1775627340,1775627340,default
1775626276,1_31970,1_100230,50,1_785559510,1_3701,1775626415,1775626405,default
1775626276,1_620,40_100239,550,40_597762930,40_9650,1775626440,1775626329,default
1775626276,1_68888,1_102552,226,1_816296230,1_7373,1775626710,1775626418,default
1775626276,1_10912,40_100511,542,40_569578630,40_7976608,1775627100,1775627100,default
1775626276,1_10640,1_100252,62,1_800856530,1_8025,1775627580,1775626080,default
1775626276,1_10640,1_100252,62,1_800856540,1_8025072,1775629380,1775629380,default
1775626576,1_2850,1_100089,2,1_788758380,1_7098,1775626740,1775624071,default
1775626576,1_2850,1_100089,2,1_788758340,1_7139,1775627940,1775625531,default
1775626576,1_46505,1_102619,F Line,1_656237640,1_7975998,1775627940,1775627940,default
1775626576,1_58112,1_100045,150,1_800671040,1_8190,1775626507,1775626686,default
1775626576,1_40030,1_102574,40,1_811900770,1_8247,1775626400,1775626696,default
1775626576,1_65092,1_100162,271,1_569497030,1_7331,1775626680,1775626666,default
1775626576,1_49350,1_100026,128,1_806634790,1_1003,1775626257,1775626728,default
1775626576,1_9605,1_100193,32,1_651767210,1_7049,1775626692,1775626705,default
1775626576,1_59282,1_100072,181,1_800642860,1_7103,1775626800,1775625950,default
1775626576,1_59282,1_102717,165,1_800649940,1_8023716,1775627340,1775627340,default
1775626576,1_23905,1_100214,372,1_694306970,1_6957,1775626726,1775626725,default
1775626576,1_57791,1_102718,184,1_762089520,1_1012,1775626837,1775626779,default
1775626576,1_10912,40_100511,542,40_569578630,40_7976608,1775627100,1775627100,default
1775626576,1_10640,1_100252,62,1_800856530,1_8025,1775627580,1775626080,default
1775626576,1_10640,1_100252,62,1_800856540,1_8025072,1775629380,1775629380,default
1775626876,1_2850,1_100089,2,1_788758340,1_7139,1775627940,1775625531,default
1775626876,1_46505,1_102619,F Line,1_656237640,1_7975998,1775627940,1775627940,default
1775626876,1_77460,1_100205,348,1_771627460,1_7233,1775626905,1775626938,default
1775626876,1_11060,1_100447,49,1_801199470,1_4374,1775626731,1775626997,default
1775626876,1_22184,1_100024,125,1_770803190,1_7057,1775627015,1775626974,default
1775626876,1_59282,1_102717,165,1_800649940,1_7063,1775627340,1775627340,default
1775626876,1_59282,1_102717,165,1_800649940,1_8023716,1775627340,1775627340,default
1775626876,1_10912,1_100447,49,1_801199370,1_8023495,1775626890,1775627076,default
1775626876,1_10912,1_100264,70,1_801592750,1_8267,1775627005,1775627077,default
1775626876,1_10912,40_100511,542,40_569578630,40_7976608,1775627100,1775627100,default
1775626876,1_10640,1_100252,62,1_800856530,1_8025,1775627580,1775626080,default
1775626876,1_10640,1_100252,62,1_800856540,1_8025072,1775629380,1775629380,default
1775626876,1_76310,1_100214,372,1_694307110,1_7976763,1775627052,1775627052,default
1775627176,1_2850,1_100089,2,1_788758340,1_7139,1775627940,1775625531,default
1775627176,1_46505,1_102619,F Line,1_656237640,1_7975998,1775627940,1775627940,default
1775627176,1_40060,1_102574,40,1_811901090,1_8269,1775627485,1775627175,default
1775627176,1_52306,1_102619,F Line,1_721497260,1_7976085,1775628300,1775628300,default
1775627176,1_8530,1_100263,7,1_694072630,1_4547,1775627121,1775627276,default
1775627176,1_40030,1_102574,40,1_811901690,1_8265,1775627240,1775627314,default
1775627176,1_40065,1_102574,40,1_811901090,1_8269,1775627569,1775627302,default
1775627176,1_59282,1_102717,165,1_800649940,1_7063,1775627340,1775626932,default
1775627176,1_10912,1_100447,49,1_801199370,1_8023495,1775626890,1775627361,default
1775627176,1_10640,1_100252,62,1_800856530,1_8025,1775627580,1775626080,default
1775627176,1_10640,1_100252,62,1_800856540,1_8025072,1775629380,1775629380,default
1775627176,1_8403,1_100039,14,1_562520650,1_4378,1775627520,1775627375,default
1775627176,1_76310,1_102705,230,1_633062180,1_7976336,1775627407,1775627407,default
1775627476,1_481,1_100024,125,1_685929860,1_7055,1775627400,1775627493,default
1775627476,1_320,40_594,594,40_469020,40_41602,1775627640,1775627611,default
1775627476,1_12220,1_100009,11,1_736448940,1_7021,1775627972,1775627479,default
1775627476,1_2850,1_100089,2,1_788758340,1_7139,1775627940,1775625531,default
1775627476,1_46505,1_102619,F Line,1_656237640,1_7975998,1775627940,1775627940,default
1775627476,1_280,40_100240,554,40_560099080,40_7976694,1775627305,1775627551,default
1775627476,1_52306,1_102619,F Line,1_721497260,1_7976085,1775628300,1775628300,default
1775627476,1_82187,1_100259,67,1_724950590,1_8116,1775627856,1775627521,default
1775627476,1_10912,1_100447,49,1_801199370,1_8023495,1775626890,1775627647,default
1775627476,1_10640,1_100252,62,1_800856540,1_8025072,1775629380,1775629331,default
1775627777,1_6650,1_102747,61,1_803357350,1_8022041,1775627745,1775627787,default
1775627777,1_970,40_578,578,40_882020,40_41508,1775627847,1775627861,default
1775627777,1_8541,1_100039,14,1_562520640,1_4312,1775627580,1775627810,default
1775627777,1_320,40_100240,554,40_560099080,40_9675,1775627400,1775627849,default
1775627777,1_12220,1_100009,11,1_736448940,1_7021,1775627972,1775627765,default
1775627777,1_2850,1_100089,2,1_788758340,1_7139,1775627940,1775625531,default
1775627777,1_2850,1_100089,2,1_788758350,1_8023470,1775629740,1775629740,default
1775627777,1_46505,1_102619,F Line,1_656237640,1_7975998,1775627940,1775627940,default
1775627777,1_46505,1_102619,F Line,1_656237640,1_6274,1775627940,1775627940,default
1775627777,1_13810,1_100193,32,1_651767210,1_7049,1775627903,1775627810,default
1775627777,1_52306,1_102619,F Line,1_721497260,1_7976085,1775628300,1775628300,default
1775627777,1_99254,1_100045,150,1_693748890,1_8187,1775627860,1775627975,default
1775627777,1_45670,1_100210,36,1_800583200,1_4404,1775627812,1775627870,default
1775627777,1_22184,1_102736,H Line,1_694056320,1_6060,1775628012,1775627905,default
1775627777,1_45230,40_560,560,40_1648020,40_41504,1775627930,1775627939,default
1775627777,1_620,40_100239,550,40_597762940,40_9804,1775628240,1775628436,default
1775627777,1_10912,1_100264,70,1_801592660,1_8235,1775627845,1775627946,default
1775627777,1_10912,1_100447,49,1_801199370,1_8023495,1775626890,1775627948,default
1775627777,1_81982,1_102746,333,1_778704570,1_7238,1775627957,1775627957,default
1775627777,1_10640,1_100252,62,1_800856540,1_8004,1775629380,1775627644,default
1775627777,1_10640,1_100252,62,1_800856540,1_8025072,1775629380,1775629380,default
1775628077,1_2850,1_100089,2,1_788758350,1_7115,1775629740,1775627916,default
1775628077,1_2850,1_100089,2,1_788758350,1_8023470,1775629740,1775629740,default
1775628077,1_47660,1_102736,H Line,1_694056610,1_6072,1775628183,1775628081,default
1775628077,1_52306,1_102619,F Line,1_721497260,1_7976085,1775628300,1775628300,default
1775628077,1_57804,1_100072,181,1_721481590,1_7476,1775628499,1775628593,default
1775628077,1_620,40_100239,550,40_597762940,40_9804,1775628240,1775628313,default
1775628077,1_10640,1_100252,62,1_800856540,1_8004,1775629380,1775627644,default
1775628377,1_2850,1_100089,2,1_788758350,1_7115,1775629740,1775627916,default
1775628377,1_45670,1_100210,36,1_800583160,1_8023415,1775628412,1775628516,default
1775628377,1_57804,1_100072,181,1_721481590,1_7476,1775628499,1775628458,default
1775628377,1_10912,1_100447,49,1_801199370,1_8023495,1775626890,1775628564,default
1775628377,1_10640,1_100252,62,1_800856540,1_8004,1775629380,1775627644,default
1775628677,1_575,1_100264,70,1_801592650,1_8239,1775628300,1775628739,default
1775628677,1_2850,1_100089,2,1_788758350,1_7115,1775629740,1775627916,default
1775628677,1_81199,1_100072,181,1_721481590,1_7476,1775628765,1775628683,default
1775628677,1_80121,1_102719,161,1_800651640,1_7352,1775628623,1775628781,default
1775628677,1_10640,1_100252,62,1_800856540,1_8004,1775629380,1775627644,default
1775628977,1_26560,1_102574,40,1_811901690,1_8265,1775629022,1775629029,default
1775628977,1_2850,1_100089,2,1_788758350,1_7115,1775629740,1775627916,default
1775628977,1_52306,1_102619,F Line,1_694521940,1_7975999,1775630100,1775630100,default
1775628977,1_30800,1_100249,60,1_801586350,1_7072,1775629165,1775629034,default
1775628977,1_10640,1_100252,62,1_800856540,1_8004,1775629380,1775627644,default
1775629277,1_481,1_100024,125,1_689965510,1_7017,1775629200,1775629289,default
1775629277,1_85800,1_100196,331,1_803359640,1_7224,1775629154,1775629329,default
1775629277,1_2850,1_100089,2,1_788758350,1_7115,1775629740,1775627916,default
1775629277,1_46505,1_102619,F Line,1_694522020,1_7976016,1775629860,1775629860,default
1775629277,1_52306,1_102619,F Line,1_694521940,1_7975999,1775630100,1775630100,default
1775629277,1_40030,1_102574,40,1_811899180,1_8261,1775629340,1775629391,default
1775629277,1_21080,1_100249,60,1_801586380,1_7144,1775629440,1775629366,default
1775629277,1_10640,1_100252,62,1_800856550,1_8025003,1775631180,1775631180,default
1775629577,1_2850,1_100089,2,1_788758350,1_7115,1775629740,1775627916,default
1775629577,1_46505,1_102619,F Line,1_694522020,1_7976016,1775629860,1775629860,default
1775629577,1_3470,1_100210,36,1_800582930,1_4386,1775629740,1775629587,default
1775629577,1_2320,1_100001,1,1_800581530,1_4378,1775629244,1775629630,default
1775629577,1_52306,1_102619,F Line,1_694521940,1_7975999,1775630100,1775630100,default
1775629577,1_8530,1_100263,7,1_800586930,1_4532,1775629821,1775629711,default
1775629577,1_60983,1_100023,124,1_690553610,1_8040,1775629709,1775629746,default
1775629577,1_81982,1_102746,333,1_778704640,1_7975728,1775629757,1775629757,default
1775629577,1_81982,1_102746,333,1_778704640,1_7212,1775629757,1775629781,default
1775629577,1_10640,1_100252,62,1_800856550,1_8025003,1775631180,1775631180,default
1775629577,1_10640,1_100252,62,1_800856560,1_8025001,1775632980,1775632980,default
1775629577,1_46080,1_100006,107,1_694510860,1_7473,1775629748,1775629738,default
1775629877,1_30790,1_100230,50,1_785559730,1_3737,1775629572,1775629901,default
1775629877,1_64569,1_100162,271,1_569496380,1_7335,1775629574,1775629930,default
1775629877,1_2850,1_100089,2,1_788757980,1_8023449,1775633280,1775633280,default
1775629877,1_47660,1_102736,H Line,1_694055760,1_6077,1775629983,1775629874,default
1775629877,1_52306,1_102619,F Line,1_694521940,1_7975999,1775630100,1775630100,default
1775629877,1_8530,1_100039,14,1_562520940,1_4336,1775630001,1775629890,default
1775629877,1_620,40_100240,554,40_774874150,40_9677,1775630220,1775630313,default
1775629877,1_620,40_100239,550,40_597763440,40_9688,1775630640,1775630570,default
1775629877,1_10640,1_100252,62,1_800856550,1_8025003,1775631180,1775631180,default
1775629877,1_10640,1_100252,62,1_800856560,1_8025001,1775632980,1775632980,default
1775630177,1_2850,1_100089,2,1_788758360,1_7155,1775631540,1775629959,default
1775630177,1_2850,1_100089,2,1_788757980,1_8023449,1775633280,1775633280,default
1775630177,1_1510,1_100210,36,1_800582930,1_4386,1775630373,1775630201,default
1775630177,1_57791,1_102718,184,1_664480640,1_1012,1775630197,1775630369,default
1775630177,1_620,40_100239,550,40_597763440,40_9688,1775630640,1775630507,default
1775630177,1_10640,1_100252,62,1_800856550,1_8025003,1775631180,1775631180,default
1775630177,1_10640,1_100252,62,1_800856560,1_8025001,1775632980,1775632980,default
1775630477,1_575,1_100263,7,1_800586930,1_8023484,1775630640,1775630492,default
1775630477,1_575,1_100263,7,1_800586930,1_4532,1775630640,1775630514,default
1775630477,1_13830,1_102581,D Line,1_769809030,1_6100,1775630521,1775630518,default
1775630477,1_2850,1_100089,2,1_788758360,1_7155,1775631540,1775629959,default
1775630477,1_2850,1_100089,2,1_788757980,1_8023449,1775633280,1775633280,default
1775630477,1_620,40_100236,545,40_560092510,40_9672,1775631480,1775631380,default
1775630477,1_16990,1_102574,40,1_811899170,1_8252,1775631413,1775631246,default
1775630477,1_10640,1_100252,62,1_800856560,1_8056,1775632980,1775631119,default
1775630477,1_10640,1_100252,62,1_800856560,1_8025001,1775632980,1775632980,default
1775631299,1_481,1_102576,C Line,1_800867680,1_6261,1775630580,1775631308,default
1775631299,1_2850,1_100089,2,1_788758360,1_7155,1775631540,1775629959,default
1775631299,1_2850,1_100089,2,1_788757980,1_8023449,1775633280,1775633280,default
1775631299,1_46505,1_102619,F Line,1_694522180,1_7976085,1775631660,1775631660,default
1775631299,1_81254,1_102746,333,1_778704640,1_7212,1775631373,1775631333,default
1775631299,1_52306,1_100030,131,1_800857280,1_8055,1775631360,1775631381,default
1775631299,1_52306,1_102619,F Line,1_694522100,1_7975998,1775631900,1775631900,default
1775631299,1_49350,1_100026,128,1_806635030,1_1027,1775631117,1775631429,default
1775631299,1_10640,1_100252,62,1_800856560,1_8056,1775632980,1775631119,default
1775631599,1_575,1_100173,3,1_675344440,1_4401,1775631600,1775631641,default
1775631599,1_2850,1_100089,2,1_788757980,1_8023449,1775633280,1775633280,default
1775631599,1_46505,1_102619,F Line,1_694522180,1_7976085,1775631660,1775631660,default
1775631599,1_47660,1_102736,H Line,1_713099960,1_6079,1775631783,1775631452,default
1775631599,1_27420,1_100249,60,1_801586380,1_7144,1775631576,1775631717,default
1775631599,1_68130,1_102548,B Line,1_721019510,1_6027,1775631586,1775631662,default
1775631599,1_52306,1_102619,F Line,1_694522100,1_7975998,1775631900,1775631900,default
1775631599,1_59872,1_102619,F Line,1_694521940,1_6282,1775631632,1775631771,default
1775631599,1_10912,1_100264,70,1_801592630,1_8025881,1775631685,1775631759,default
1775631599,1_10912,1_100447,49,1_801199310,1_4374,1775631690,1775631766,default
1775631599,1_10640,1_100252,62,1_800856560,1_8056,1775632980,1775631119,default
1775631599,1_8403,1_100039,14,1_562520700,1_4314,1775631960,1775631787,default
1775631899,1_2850,1_100089,2,1_788757980,1_8023449,1775633280,1775633280,default
1775631899,1_280,40_100240,554,40_560096200,40_7976689,1775631805,1775631958,default
1775631899,1_2200,1_102581,D Line,1_769850630,1_6097,1775632152,1775632108,default
1775631899,1_21080,1_100249,60,1_801586410,1_7192,1775631840,1775632069,default
1775631899,1_10640,1_100252,62,1_800856560,1_8056,1775632980,1775631119,default
1775632199,1_55230,1_100006,107,1_732058900,1_7130,1775632258,1775632172,default
1775632199,1_2850,1_100089,2,1_788757980,1_7166,1775633280,1775632104,default
1775632199,1_2850,1_100089,2,1_788757980,1_8023449,1775633280,1775633280,default
1775632199,1_280,40_100240,554,40_560096200,40_7976689,1775631805,1775632255,default
1775632199,1_8530,1_100263,7,1_800587190,1_4557,1775632521,1775632299,default
1775632199,1_39983,1_102736,H Line,1_713099420,1_6060,1775632500,1775632294,default
1775632199,1_620,40_100239,550,40_651524630,40_9659,1775632260,1775632878,default
1775632199,1_10640,1_100252,62,1_800856560,1_8056,1775632980,1775631119,default
1775632499,1_575,1_102615,E Line,1_813082000,1_6202,1775632560,1775632573,default
1775632499,1_2850,1_100089,2,1_788757980,1_7166,1775633280,1775632104,default
1775632499,1_35334,1_102747,61,1_803357370,1_3749,1775632567,1775632490,default
1775632499,1_47660,1_102736,H Line,1_694056390,1_6062,1775632683,1775632558,default
1775632499,1_54201,1_102619,F Line,1_694522100,1_6274,1775632569,1775632614,default
1775632499,1_620,40_100239,550,40_651524630,40_9659,1775632260,1775632718,default
1775632499,1_81982,1_100196,331,1_803359650,1_7228,1775632528,1775632662,default
1775632499,1_10640,1_100252,62,1_800856560,1_8056,1775632980,1775631119,default
1775632799,1_2850,1_100089,2,1_788757980,1_7166,1775633280,1775632104,default
1775632799,1_27420,1_100249,60,1_801586420,1_7008,1775632776,1775632931,default
1775632799,1_25791,1_100214,372,1_694307040,1_6922,1775632974,1775632960,default
1775632799,1_10640,1_100252,62,1_800856560,1_8056,1775632980,1775631119,default
1775633099,1_575,1_100263,7,1_800587190,1_4557,1775633340,1775633157,default
1775633099,1_2850,1_100089,2,1_788757980,1_7166,1775633280,1775632104,default
1775633099,1_47660,1_102736,H Line,1_713099420,1_6060,1775633583,1775633164,default
1775633399,1_12770,1_100228,48,1_721359340,1_8048,1775633294,1775633436,default
1775633399,1_320,40_100239,550,40_597763530,40_7976619,1775633460,1775633460,default
1775633399,1_99254,40_102758,570,40_816380090,40_8005272,1775634223,1775634444,default
1775633399,1_45670,1_100210,36,1_800582710,1_8023380,1775633484,1775633512,default
1775633399,1_59872,1_102619,F Line,1_694522100,1_6274,1775633432,1775633581,default
1775633399,1_60710,1_100512,A Line,1_800643880,1_6273,1775633484,1775633543,default
1775633399,1_82107,1_100196,331,1_724969520,1_7224,1775633622,1775633496,default
1775633699,1_99254,40_102758,570,40_816380090,40_8005272,1775634223,1775634362,default
1775633699,1_7750,1_102615,E Line,1_813082000,1_6202,1775633881,1775633798,default
1775633699,1_57791,1_102718,184,1_664480780,1_1012,1775633750,1775633875,default
1775633699,1_8403,1_100039,14,1_562520740,1_7974992,1775634420,1775634420,default
1775633999,1_575,1_102581,D Line,1_803817000,1_6100,1775634000,1775634034,default
1775633999,1_575,1_102576,C Line,1_800867640,1_6267,1775634180,1775634054,default
1775633999,1_99254,40_102758,570,40_816380090,40_8005272,1775634223,1775634183,default
1775633999,1_8403,1_100039,14,1_562520740,1_4378,1775634420,1775634025,default
1775633999,1_8403,1_100039,14,1_562520740,1_7974992,1775634420,1775634420,default
1775634299,1_35334,1_102747,61,1_803357380,1_3748,1775634367,1775634293,default
1775634299,1_60477,1_100060,168,1_800648360,1_7352,1775634086,1775634355,default
1775634899,1_2850,1_100089,2,1_788758370,1_7139,1775635140,1775634687,default
1775634899,1_2850,1_100089,2,1_788758370,1_8023474,1775635140,1775635140,default
1775634899,1_47660,1_102736,H Line,1_732459430,1_6080,1775635083,1775634894,default
1775634899,1_99254,1_100045,150,1_724421500,1_6955,1775635000,1775634964,default
1775635200,1_28370,1_102574,40,1_811901210,1_8212,1775635011,1775635207,default
1775635200,1_26560,1_102574,40,1_811900400,1_8260,1775634695,1775635219,default
1775635200,1_575,1_100263,7,1_800589150,1_4513,1775635140,1775635239,default
1775635200,1_72560,1_102704,250,1_816288890,1_7240,1775635422,1775635250,default
1775635200,1_99254,40_102758,570,40_816380100,40_8005271,1775636023,1775636281,default
1775635200,1_81749,40_100240,554,40_560096200,40_9677,1775634642,1775635365,default
1775635200,1_10912,1_100264,70,1_801592590,1_8235,1775635285,1775635361,default
1775635200,1_10912,1_100447,49,1_801199360,1_8023493,1775635290,1775635382,default
1775635500,1_99254,40_102758,570,40_816380100,40_8005271,1775636023,1775636293,default
1775635800,1_99254,40_102758,570,40_816380100,40_8005271,1775636023,1775636092,default
1775635800,1_9605,1_100193,32,1_651767590,1_7043,1775635623,1775635931,default
1775636100,1_2200,1_102581,D Line,1_800600840,1_6056,1775636352,1775636302,default
1775636700,1_970,1_100045,150,1_800671050,1_8190,1775636532,1775636742,default
1775636700,1_10912,1_100264,70,1_801593080,1_8026408,1775636785,1775636891,default
1775637000,1_99254,40_102758,570,40_816380110,40_9804,1775637823,1775637986,default
1775640085,1_575,1_102615,E Line,1_813082010,1_6201,1775639880,1775640165,default
1775640085,1_2200,1_102581,D Line,1_800600370,1_6076,1775639952,1775640259,default
1775640085,1_57940,1_102720,160,1_635445190,1_7976102,1775639613,1775640240,default
1775640385,1_481,1_102736,H Line,1_732459500,1_6080,1775640000,1775640406,default
1775640385,1_99254,40_102758,570,40_816380130,40_8005272,1775641423,1775641466,default
1775640685,1_99254,40_102758,570,40_816380130,40_8005272,1775641423,1775641708,default
1775640685,1_14280,1_102581,D Line,1_800600760,1_6056,1775640915,1775640832,default
1775640985,1_575,1_102576,C Line,1_800867460,1_6254,1775641020,1775640981,default
1775640985,1_575,1_100263,7,1_800586880,1_4557,1775641380,1775641016,default
1775640985,1_99254,40_102758,570,40_816380130,40_8005272,1775641423,1775641809,default
1775641285,1_99254,40_102758,570,40_816380130,40_8005272,1775641423,1775642368,default
1775641585,1_99254,40_102758,570,40_816380130,40_8005272,1775641423,1775642356,default
1775641885,1_575,1_100264,70,1_801592580,1_8239,1775641680,1775641937,default
1775641885,1_99254,40_102758,570,40_816380130,40_8005272,1775641423,1775642187,default
1775642186,1_99254,40_102758,570,40_816380140,40_9818,1775643223,1775643274,default
1775642486,1_99254,40_102758,570,40_816380140,40_9818,1775643223,1775643291,default
1775642786,1_99254,40_102758,570,40_816380140,40_8005271,1775643223,1775643291,default
1775643086,1_11200,1_100447,49,1_801199250,1_8023489,1775643180,1775643180,default
1775643086,1_99254,40_102758,570,40_816380140,40_8005271,1775643223,1775643291,default
1775643086,1_2200,1_102581,D Line,1_800600830,1_8023440,1775643552,1775643233,default
1775643386,1_8541,1_100263,7,1_800586830,1_8023411,1775643420,1775643420,default
1775643686,1_10912,1_100224,44,1_664046400,1_7974931,1775643577,1775643874,default
1775643986,1_12770,1_100228,48,1_721365950,1_8290,1775644058,1775644000,default
1775643986,1_99254,40_102758,570,40_816380150,40_9804,1775645023,1775645070,default
1775643986,1_10912,1_100264,70,1_801592620,1_8239,1775644105,1775644145,default
1775644286,1_99254,40_102758,570,40_816380150,40_9804,1775645023,1775645107,default
1775644286,1_14280,1_102581,D Line,1_800600350,1_8023439,1775644493,1775644446,default
1775644286,1_10912,1_100447,49,1_801199240,1_8023496,1775644290,1775644463,default
1775644586,1_99254,40_102758,570,40_816380150,40_9804,1775645023,1775644918,default
1775644886,1_99254,40_102758,570,40_816380150,40_9804,1775645023,1775644953,default
1775647718,1_60453,1_102715,162,1_635447070,1_7976013,1775649120,1775649120,default
1775647718,1_2850,1_100089,2,1_788757990,1_8023443,1775648820,1775648820,default
1775647718,1_57453,40_102734,566,40_597750610,40_7976586,1775648640,1775648640,default
1775647718,1_52306,1_102619,F Line,1_635448310,1_7976142,1775648640,1775648640,default
1775647718,1_59282,1_100072,181,1_815955210,1_8023815,1775649300,1775649300,default
1775647718,1_59282,1_102717,165,1_800649560,1_8023767,1775649300,1775649300,default
1775647718,1_59282,1_100072,181,1_721481720,1_7976141,1775650740,1775650740,default
1775647718,1_620,40_590,590,40_689020,40_9307,1775647980,1775647979,default
1775647718,1_60680,1_100512,A Line,1_800643050,1_6240,1775647959,1775647855,default
1775647718,1_10640,1_100252,62,1_800855800,1_8024961,1775648640,1775648640,default
1775648018,1_103,1_102745,G Line,1_737094330,1_6411,1775648023,1775648027,default
1775648018,1_52638,40_574,574,40_1285020,40_9125,1775648121,1775648050,default
1775648018,1_60453,1_102715,162,1_635447070,1_7976013,1775649120,1775649120,default
1775648018,1_575,1_100089,2,1_788758810,1_7152,1775648100,1775648077,default
1775648018,1_2850,1_100089,2,1_788757990,1_8023443,1775648820,1775648820,default
1775648018,1_57453,40_102734,566,40_597750610,40_7976586,1775648640,1775648640,default
1775648018,1_57453,1_100060,168,1_664460500,1_7976127,1775651400,1775651400,default
1775648018,1_52306,1_102619,F Line,1_635448310,1_7976142,1775648640,1775648640,default
1775648018,1_59282,1_100072,181,1_815955210,1_8023815,1775649300,1775649300,default
1775648018,1_59282,1_102717,165,1_800649560,1_8023767,1775649300,1775649300,default
1775648018,1_59282,1_102717,165,1_800649570,1_8023733,1775650680,1775650680,default
1775648018,1_59282,1_100072,181,1_721481720,1_7976141,1775650740,1775650740,default
1775648018,1_81684,40_100240,554,40_774869050,40_7976697,1775648280,1775648178,default
1775648018,1_10912,1_100447,49,1_694075660,1_7975096,1775648220,1775648220,default
1775648018,1_10640,1_100252,62,1_800855800,1_8024961,1775648640,1775648640,default
1775648319,1_60453,1_102715,162,1_635447070,1_7976013,1775649120,1775649120,default
1775648319,1_60453,1_102715,162,1_635447080,1_7976026,1775650320,1775650320,default
1775648319,1_2850,1_100089,2,1_788757990,1_8023443,1775648820,1775648820,default
1775648319,1_57453,40_102734,566,40_597750610,40_7976586,1775648640,1775648640,default
1775648319,1_57453,1_100060,168,1_664460500,1_7976127,1775651400,1775651400,default
1775648319,1_52306,1_102619,F Line,1_635448310,1_7976142,1775648640,1775648640,default
1775648319,1_59282,1_100072,181,1_815955210,1_8023815,1775649300,1775649300,default
1775648319,1_59282,1_102717,165,1_800649560,1_8023767,1775649300,1775649300,default
1775648319,1_59282,1_102717,165,1_800649570,1_8023733,1775650680,1775650680,default
1775648319,1_59282,1_100072,181,1_721481720,1_7976141,1775650740,1775650740,default
1775648319,1_10640,1_100252,62,1_800855800,1_8024961,1775648640,1775648640,default
1775648619,1_30510,1_100249,60,1_801584830,1_7087,1775648652,1775648652,default
1775648619,1_60453,1_102715,162,1_635447070,1_7976013,1775649120,1775649120,default
1775648619,1_60453,1_102715,162,1_635447080,1_7976026,1775650320,1775650320,default
1775648619,1_2850,1_100089,2,1_788757990,1_8023443,1775648820,1775648820,default
1775648619,1_57453,1_100060,168,1_664460500,1_7976127,1775651400,1775651400,default
1775648619,1_59282,1_100072,181,1_815955210,1_8023815,1775649300,1775649300,default
1775648619,1_59282,1_102717,165,1_800649560,1_8023767,1775649300,1775649300,default
1775648619,1_59282,1_102717,165,1_800649570,1_8023733,1775650680,1775650680,default
1775648619,1_59282,1_100072,181,1_721481720,1_7976141,1775650740,1775650740,default
1775648619,1_10640,1_100252,62,1_800855820,1_8024957,1775652240,1775652240,default
1775648919,1_60453,1_102715,162,1_635447070,1_7976013,1775649120,1775649120,default
1775648919,1_60453,1_102715,162,1_635447080,1_7976026,1775650320,1775650320,default
1775648919,1_57453,40_102734,566,40_597751250,40_7976588,1775651280,1775651280,default
1775648919,1_57453,1_100060,168,1_664460500,1_7976127,1775651400,1775651400,default
1775648919,1_59282,1_100072,181,1_815955210,1_8023815,1775649300,1775649300,default
1775648919,1_59282,1_102717,165,1_800649560,1_8023767,1775649300,1775649300,default
1775648919,1_59282,1_102717,165,1_800649570,1_8023733,1775650680,1775650680,default
1775648919,1_59282,1_100072,181,1_721481720,1_7976141,1775650740,1775650740,default
1775648919,1_620,40_590,590,40_3503020,40_9735,1775649180,1775649186,default
1775648919,1_620,40_100240,554,40_774868060,40_9655,1775649300,1775649301,default
1775648919,1_71960,40_100511,542,40_721030910,40_7976607,1775650860,1775650860,default
1775648919,1_10640,1_100252,62,1_800855810,1_8024956,1775650440,1775650440,default
1775648919,1_10640,1_100252,62,1_800855820,1_8024957,1775652240,1775652240,default
1775649219,1_60453,1_102715,162,1_635447080,1_7976026,1775650320,1775650320,default
1775649219,1_46505,1_102619,F Line,1_656236480,1_7975992,1775650980,1775650980,default
1775649219,1_57453,40_102734,566,40_597751250,40_7976588,1775651280,1775651280,default
1775649219,1_57453,1_100060,168,1_664460500,1_7976127,1775651400,1775651446,default
1775649219,1_59282,1_102717,165,1_800649570,1_8023733,1775650680,1775650680,default
1775649219,1_59282,1_100072,181,1_721481720,1_7976141,1775650740,1775650740,default
1775649219,1_59282,1_102717,165,1_800649580,1_8023842,1775651880,1775651880,default
1775649219,1_71960,40_100511,542,40_721030910,40_7976607,1775650860,1775650860,default
1775649219,1_10640,1_100252,62,1_800855810,1_8024956,1775650440,1775650440,default
1775649219,1_10640,1_100252,62,1_800855820,1_8024957,1775652240,1775652240,default
1775649519,1_60453,1_102715,162,1_635447080,1_7976026,1775650320,1775650320,default
1775649519,1_60453,1_102715,162,1_664468640,1_7975993,1775651520,1775651520,default
1775649519,1_575,1_100219,4,1_689911030,1_4385,1775649660,1775649582,default
1775649519,1_575,1_102576,C Line,1_800869500,1_6253,1775649480,1775649586,default
1775649519,1_575,1_102581,D Line,1_628189110,1_7974913,1775649600,1775649613,default
1775649519,1_46505,1_102619,F Line,1_656236480,1_7975992,1775650980,1775650980,default
1775649519,1_57453,40_102734,566,40_597751250,40_7976588,1775651280,1775651280,default
1775649519,1_57453,1_100060,168,1_664460500,1_7976127,1775651400,1775651555,default
1775649519,1_52306,1_102619,F Line,1_694520790,1_7976083,1775650800,1775650800,default
1775649519,1_59282,1_102717,165,1_800649570,1_8023733,1775650680,1775650680,default
1775649519,1_59282,1_100072,181,1_721481720,1_7976141,1775650740,1775650740,default
1775649519,1_59282,1_102717,165,1_800649580,1_8023842,1775651880,1775651880,default
1775649519,1_71960,40_100511,542,40_721030910,40_7976607,1775650860,1775650860,default
1775649519,1_10640,1_100252,62,1_800855810,1_8024956,1775650440,1775650440,default
1775649519,1_10640,1_100252,62,1_800855820,1_8024957,1775652240,1775652240,default
1775649819,1_60453,1_102715,162,1_635447080,1_7976026,1775650320,1775650320,default
1775649819,1_60453,1_102715,162,1_664468640,1_7975993,1775651520,1775651520,default
1775649819,1_51651,1_102736,H Line,1_694057520,1_6112,1775649878,1775649826,default
1775649819,1_46505,1_102619,F Line,1_656236480,1_7975992,1775650980,1775650980,default
1775649819,1_57453,40_102734,566,40_597751250,40_7976588,1775651280,1775651280,default
1775649819,1_57453,1_100060,168,1_664460500,1_7976127,1775651400,1775651487,default
1775649819,1_11200,1_100447,49,1_801235630,1_4321,1775649720,1775649907,default
1775649819,1_52306,1_102619,F Line,1_694520790,1_7976083,1775650800,1775650800,default
1775649819,1_59282,1_102717,165,1_800649570,1_7196,1775650680,1775649668,default
1775649819,1_59282,1_100072,181,1_721481720,1_7976141,1775650740,1775650740,default
1775649819,1_59282,1_102717,165,1_800649580,1_8023842,1775651880,1775651880,default
1775649819,1_59282,1_100072,181,1_770986350,1_7976082,1775652240,1775652240,default
1775649819,1_59282,1_100072,181,1_721481600,1_7976015,1775653440,1775653440,default
1775649819,1_81684,40_100240,554,40_774868680,40_9647,1775649900,1775650016,default
1775649819,1_620,40_100236,545,40_806327820,40_8005184,1775650020,1775650041,default
1775649819,1_620,40_100236,545,40_806327820,40_9687,1775650020,1775650089,default
1775649819,1_10912,1_100162,271,1_569495650,1_7976347,1775651880,1775651880,default
1775649819,1_71960,40_100511,542,40_721030910,40_7976607,1775650860,1775650860,default
1775649819,1_10640,1_100252,62,1_800855810,1_8024956,1775650440,1775650440,default
1775649819,1_10640,1_100252,62,1_800855820,1_8024957,1775652240,1775652240,default
1775650119,1_60453,1_102715,162,1_635447080,1_7976026,1775650320,1775650320,default
1775650119,1_60453,1_102715,162,1_664468640,1_7975993,1775651520,1775651520,default
1775650119,1_575,1_100089,2,1_788757990,1_7142,1775650140,1775650156,default
1775650119,1_46505,1_102619,F Line,1_656236480,1_7975992,1775650980,1775650980,default
1775650119,1_57453,40_102734,566,40_597751250,40_7976588,1775651280,1775651280,default
1775650119,1_57453,1_100060,168,1_664460500,1_7976127,1775651400,1775651557,default
1775650119,1_52306,1_102619,F Line,1_694520790,1_7976083,1775650800,1775650800,default
1775650119,1_52306,1_102619,F Line,1_694521050,1_7976226,1775651700,1775651700,default
1775650119,1_45670,1_100210,36,1_800582070,1_8023415,1775650224,1775650224,default
1775650119,1_59282,1_102717,165,1_800649570,1_7196,1775650680,1775649668,default
1775650119,1_59282,1_100072,181,1_721481720,1_7976141,1775650740,1775650740,default
1775650119,1_59282,1_102717,165,1_800649580,1_8023842,1775651880,1775651880,default
1775650119,1_59282,1_100072,181,1_770986350,1_7976082,1775652240,1775652240,default
1775650119,1_59282,1_100072,181,1_721481600,1_7976015,1775653440,1775653440,default
1775650119,1_620,40_590,590,40_2921020,40_9726,1775650380,1775650376,default
1775650119,1_620,40_100239,550,40_597752040,40_9574,1775650680,1775650737,default
1775650119,1_10912,1_100162,271,1_569495650,1_7976347,1775651880,1775651880,default
1775650119,1_71960,40_100511,542,40_721030910,40_7976607,1775650860,1775650860,default
1775650119,1_10640,1_100252,62,1_800855810,1_8020,1775650440,1775650033,default
1775650119,1_10640,1_100252,62,1_800855810,1_8024956,1775650440,1775650440,default
1775650119,1_10640,1_100252,62,1_800855820,1_8024957,1775652240,1775652240,default
1775650419,1_60453,1_102715,162,1_664468640,1_7975993,1775651520,1775651520,default
1775650419,1_575,1_100219,4,1_675345460,1_4309,1775650440,1775650492,default
1775650419,1_13830,1_102581,D Line,1_732750550,1_6050,1775650534,1775650462,default
1775650419,1_46505,1_102619,F Line,1_656236480,1_7975992,1775650980,1775650980,default
1775650419,1_57453,40_102734,566,40_597751250,40_7976588,1775651280,1775651280,default
1775650419,1_57453,1_100060,168,1_664460500,1_7976127,1775651400,1775651515,default
1775650419,1_52306,1_102619,F Line,1_694520790,1_7976083,1775650800,1775650800,default
1775650419,1_52306,1_102619,F Line,1_694521050,1_7976226,1775651700,1775651700,default
1775650419,1_99254,1_100068,177,1_721500670,1_7182,1775650762,1775650566,default
1775650419,1_59282,1_102717,165,1_800649570,1_7196,1775650680,1775649668,default
1775650419,1_59282,1_100072,181,1_721481720,1_7976141,1775650740,1775650740,default
1775650419,1_59282,1_102717,165,1_800649580,1_8023842,1775651880,1775651880,default
1775650419,1_59282,1_100072,181,1_770986350,1_7976082,1775652240,1775652240,default
1775650419,1_59282,1_100072,181,1_721481600,1_7976015,1775653440,1775653440,default
1775650419,1_620,40_100239,550,40_597752040,40_9574,1775650680,1775650604,default
1775650419,1_620,40_100240,554,40_774869050,40_7976697,1775650920,1775650780,default
1775650419,1_10912,1_100162,271,1_569495650,1_7976347,1775651880,1775651880,default
1775650419,1_71960,40_100511,542,40_721030910,40_7976607,1775650860,1775650860,default
1775650419,1_10640,1_100252,62,1_800855820,1_8024957,1775652240,1775652240,default
1775650419,1_76310,1_100214,372,1_694305700,1_6890,1775650601,1775650601,default
1775650719,1_60453,1_102715,162,1_664468640,1_7975993,1775651520,1775651520,default
1775650719,1_60453,1_102715,162,1_664468650,1_7976113,1775653320,1775653320,default
1775650719,1_8080,1_100006,107,1_664458370,1_3757,1775650765,1775650719,default
1775650719,1_46505,1_102619,F Line,1_656236480,1_7975992,1775650980,1775650980,default
1775650719,1_57453,40_102734,566,40_597751250,40_7976588,1775651280,1775651280,default
1775650719,1_57453,1_100060,168,1_664460500,1_7976127,1775651400,1775651440,default
1775650719,1_57453,1_100060,168,1_664460530,1_7976210,1775653200,1775653200,default
1775650719,1_1510,1_100263,7,1_800589340,1_4553,1775650811,1775650767,default
1775650719,1_52306,1_102619,F Line,1_694520790,1_7976083,1775650800,1775650800,default
1775650719,1_52306,1_102619,F Line,1_694521050,1_7976226,1775651700,1775651700,default
1775650719,1_2200,1_102581,D Line,1_732750550,1_6050,1775651039,1775650893,default
1775650719,1_21080,1_100026,128,1_806634010,1_1028,1775650920,1775650823,default
1775650719,1_59282,1_102717,165,1_800649580,1_8023842,1775651880,1775651880,default
1775650719,1_59282,1_100072,181,1_770986350,1_7976082,1775652240,1775652240,default
1775650719,1_59282,1_100072,181,1_721481600,1_7976015,1775653440,1775653440,default
1775650719,1_10912,1_100162,271,1_569495650,1_7976347,1775651880,1775651880,default
1775650719,1_71960,40_100511,542,40_721030940,40_7976602,1775652240,1775652240,default
1775650719,1_10640,1_100252,62,1_800855820,1_8024957,1775652240,1775652240,default
1775651019,1_60161,1_100042,148,1_762076990,1_7976053,1775652300,1775652300,default
1775651019,1_60453,1_102715,162,1_664468640,1_7975993,1775651520,1775651520,default
1775651019,1_60453,1_102715,162,1_664468650,1_7976113,1775653320,1775653320,default
1775651019,1_280,40_100240,554,40_560096240,40_9655,1775651005,1775651072,default
1775651019,1_27420,23_102638,First Hill Streetcar,23_55295669,block_7769570_schedBasedVehicle,1775651160,1775651079,default
1775651019,1_57453,1_100060,168,1_664460500,1_7976127,1775651400,1775651428,default
1775651019,1_57453,1_100060,168,1_664460530,1_7976210,1775653200,1775653272,default
1775651019,1_52306,1_102619,F Line,1_694521050,1_7976226,1775651700,1775651700,default
1775651019,1_59282,1_102717,165,1_800649580,1_8023842,1775651880,1775651880,default
1775651019,1_59282,1_100072,181,1_770986350,1_7976082,1775652240,1775652240,default
1775651019,1_59282,1_100072,181,1_721481600,1_7976015,1775653440,1775653440,default
1775651019,1_10912,1_100162,271,1_569495650,1_7976347,1775651880,1775651880,default
1775651019,1_71960,40_100511,542,40_721030940,40_7976602,1775652240,1775652240,default
1775651019,1_58230,1_102720,160,1_664466450,1_7103,1775651306,1775651158,default
1775651019,1_10640,1_100252,62,1_800855820,1_8024957,1775652240,1775652240,default
1775651019,1_10640,1_100252,62,1_800855830,1_8025077,1775653140,1775653140,default
1775651319,1_60161,1_100042,148,1_762076990,1_7976053,1775652300,1775652300,default
1775651319,1_60453,1_102715,162,1_664468640,1_7143,1775651520,1775651078,default
1775651319,1_60453,1_102715,162,1_664468640,1_7975993,1775651520,1775651520,default
1775651319,1_60453,1_102715,162,1_664468650,1_7976113,1775653320,1775653320,default
1775651319,1_320,40_100239,550,40_597752650,40_9805,1775651280,1775651364,default
1775651319,1_2850,1_100089,2,1_788758000,1_7119,1775651820,1775649704,default
1775651319,1_46505,1_102619,F Line,1_635448320,1_7976142,1775652180,1775652180,default
1775651319,1_11590,1_100002,10,1_675385340,1_4391,1775651558,1775651378,default
1775651319,1_57453,1_100060,168,1_664460500,1_7976127,1775651400,1775651400,default
1775651319,1_57453,1_100060,168,1_664460530,1_7976210,1775653200,1775653381,default
1775651319,1_52306,1_102619,F Line,1_694521050,1_7976226,1775651700,1775651700,default
1775651319,1_59282,1_102717,165,1_800649580,1_8023842,1775651880,1775651880,default
1775651319,1_59282,1_100072,181,1_770986350,1_7976082,1775652240,1775652240,default
1775651319,1_59282,1_100072,181,1_721481600,1_7976015,1775653440,1775653440,default
1775651319,1_620,40_590,590,40_2946020,40_9721,1775651580,1775651561,default
1775651319,1_10912,1_100162,271,1_569495650,1_7976347,1775651880,1775651880,default
1775651319,1_71960,40_100511,542,40_721030940,40_7976602,1775652240,1775652240,default
1775651319,1_10640,1_100252,62,1_800855820,1_8024957,1775652240,1775652240,default
1775651319,1_10640,1_100252,62,1_800855830,1_8025077,1775653140,1775653140,default
1775651619,1_481,1_102736,H Line,1_694057180,1_6063,1775651640,1775651596,default
1775651619,1_60161,1_100042,148,1_762076990,1_7976053,1775652300,1775652300,default
1775651619,1_970,40_594,594,40_2493020,40_9735,1775651731,1775651751,default
1775651619,1_60453,1_102715,162,1_664468650,1_7976113,1775653320,1775653320,default
1775651619,1_575,1_100264,70,1_801594340,1_8213,1775651580,1775651661,default
1775651619,1_2850,1_100089,2,1_788758000,1_7119,1775651820,1775649704,default
1775651619,1_46505,1_102619,F Line,1_635448320,1_7976142,1775652180,1775652180,default
1775651619,1_57447,1_102717,165,1_800649570,1_7196,1775651709,1775651612,default
1775651619,1_57453,1_100060,168,1_664460530,1_7976210,1775653200,1775653311,default
1775651619,1_57453,1_100060,168,1_635439020,1_7976212,1775655000,1775655000,default
1775651619,1_52306,1_102619,F Line,1_694521050,1_7976226,1775651700,1775651700,default
1775651619,1_52306,1_102619,F Line,1_694521160,1_7975997,1775652600,1775652600,default
1775651619,1_52306,1_102619,F Line,1_635449090,1_7976017,1775653500,1775653500,default
1775651619,1_70665,1_100136,245,1_765953060,1_7408,1775651753,1775651673,default
1775651619,1_57804,1_100072,181,1_721481430,1_7063,1775652082,1775652200,default
1775651619,1_59282,1_102717,165,1_800649580,1_8023842,1775651880,1775651880,default
1775651619,1_59282,1_100072,181,1_770986350,1_7976082,1775652240,1775652240,default
1775651619,1_59282,1_100072,181,1_721481600,1_7976015,1775653440,1775653440,default
1775651619,1_60710,1_100512,A Line,1_800643090,1_6283,1775651664,1775651759,default
1775651619,1_42540,1_100072,181,1_815955210,1_7474,1775651946,1775651719,default
1775651619,1_620,40_100236,545,40_806328760,40_8005179,1775651820,1775651869,default
1775651619,1_620,40_100236,545,40_806328760,40_9683,1775651820,1775651886,default
1775651619,1_10912,1_100162,271,1_569495650,1_7976347,1775651880,1775651880,default
1775651619,1_10912,1_100162,271,1_585519130,1_7976348,1775653380,1775653380,default
1775651619,1_71960,40_100511,542,40_721030940,40_7976602,1775652240,1775652240,default
1775651619,1_10640,1_100252,62,1_800855820,1_8024957,1775652240,1775652240,default
1775651619,1_10640,1_100252,62,1_800855830,1_8025077,1775653140,1775653140,default
1775651619,1_18220,1_100028,13,1_815907190,1_7098,1775652003,1775651722,default
1775651919,1_60161,1_100042,148,1_762076990,1_7976053,1775652300,1775652300,default
1775651919,1_60161,1_100042,148,1_762077410,1_7976051,1775654100,1775654100,default
1775651919,1_970,40_577,577,40_3608020,40_9307,1775651967,1775651967,default
1775651919,1_60453,1_102715,162,1_664468650,1_7976113,1775653320,1775653320,default
1775651919,1_320,40_594,594,40_2493020,40_9735,1775652000,1775652030,default
1775651919,1_46505,1_102619,F Line,1_635448320,1_7976142,1775652180,1775652180,default
1775651919,1_46505,1_102619,F Line,1_635448970,1_7976000,1775653080,1775653080,default
1775651919,1_27420,23_102638,First Hill Streetcar,23_55295670,block_7769571_schedBasedVehicle,1775652060,1775651949,default
1775651919,1_57453,1_100060,168,1_664460530,1_7976210,1775653200,1775653450,default
1775651919,1_57453,1_100060,168,1_635439020,1_7976212,1775655000,1775655000,default
1775651919,1_52306,1_102619,F Line,1_694521160,1_7975997,1775652600,1775652600,default
1775651919,1_52306,1_102619,F Line,1_635449090,1_7976017,1775653500,1775653500,default
1775651919,1_40030,1_102574,40,1_811901720,1_8251,1775651900,1775652042,default
1775651919,1_57804,1_100072,181,1_721481430,1_7063,1775652082,1775652067,default
1775651919,1_59282,1_100072,181,1_770986350,1_7976082,1775652240,1775652240,default
1775651919,1_59282,1_100072,181,1_721481600,1_7976015,1775653440,1775653440,default
1775651919,1_10912,1_100162,271,1_585519130,1_7976348,1775653380,1775653380,default
1775651919,1_71960,40_100511,542,40_721030940,40_7976602,1775652240,1775652240,default
1775651919,1_81982,1_102746,333,1_778704410,1_7211,1775652279,1775652101,default
1775651919,1_10640,1_100252,62,1_800855820,1_8024957,1775652240,1775652240,default
1775651919,1_10640,1_100252,62,1_800855830,1_8025077,1775653140,1775653140,default
1775651919,1_10640,1_100252,62,1_800855840,1_8025066,1775654040,1775654040,default
1775651919,1_8403,1_100039,14,1_562518410,1_7974988,1775652120,1775652139,default
1775651919,1_58144,1_102717,165,1_800649570,1_7196,1775652186,1775652002,default
1775652219,1_60161,1_100042,148,1_762076990,1_7976053,1775652300,1775652300,default
1775652219,1_60161,1_100042,148,1_762077410,1_7976051,1775654100,1775654100,default
1775652219,1_60453,1_102715,162,1_664468650,1_7976113,1775653320,1775653320,default
1775652219,1_46505,1_102619,F Line,1_635448970,1_7976000,1775653080,1775653080,default
1775652219,1_46505,1_102619,F Line,1_635449240,1_7976074,1775653680,1775653680,default
1775652219,1_57453,1_100060,168,1_664460530,1_7976210,1775653200,1775653467,default
1775652219,1_57453,1_100060,168,1_635439020,1_7976212,1775655000,1775655000,default
1775652219,1_75770,1_102615,E Line,1_768603670,1_6218,1775652309,1775652226,default
1775652219,1_81254,1_102746,333,1_778705040,1_7232,1775652307,1775652225,default
1775652219,1_52306,1_102619,F Line,1_694521160,1_7975997,1775652600,1775652600,default
1775652219,1_52306,1_102619,F Line,1_635449090,1_7976017,1775653500,1775653500,default
1775652219,1_32165,1_100023,124,1_800861390,1_8006,1775652360,1775652324,default
1775652219,1_59282,1_100072,181,1_721481600,1_7976015,1775653440,1775653440,default
1775652219,1_10210,1_102754,256,1_816378540,1_6981,1775652579,1775652493,default
1775652219,1_10210,1_100177,303,1_803352660,1_8144,1775653020,1775653071,default
1775652219,1_620,40_100239,550,40_597754060,40_9660,1775652600,1775652872,default
1775652219,1_10912,1_100162,271,1_585519130,1_7976348,1775653380,1775653380,default
1775652219,1_10912,40_100511,542,40_569563230,40_7976607,1775654040,1775654040,default
1775652219,1_71960,40_100511,542,40_721030780,40_7976603,1775654220,1775654220,default
1775652219,1_10640,1_100252,62,1_800855830,1_8025077,1775653140,1775653140,default
1775652219,1_10640,1_100252,62,1_800855840,1_8025066,1775654040,1775654040,default
1775652519,1_46791,1_100016,118,1_635461240,1_3713,1775652600,1775652685,default
1775652519,1_85800,1_100196,331,1_803359540,1_7213,1775652494,1775652619,default
1775652519,1_60161,1_100042,148,1_762077410,1_7976051,1775654100,1775654100,default
1775652519,1_60453,1_102715,162,1_664468650,1_7976113,1775653320,1775653320,default
1775652519,1_575,1_102615,E Line,1_813076450,1_6206,1775652600,1775652569,default
1775652519,1_575,1_102576,C Line,1_800869250,1_6258,1775652480,1775652593,default
1775652519,1_46505,1_102619,F Line,1_635448970,1_7976000,1775653080,1775653080,default
1775652519,1_46505,1_102619,F Line,1_635449240,1_7976074,1775653680,1775653680,default
1775652519,1_29423,1_102732,79,1_816446280,1_8022070,1775654700,1775654700,default
1775652519,1_57453,1_100060,168,1_664460530,1_7976210,1775653200,1775653402,default
1775652519,1_57453,1_100060,168,1_635439020,1_7976212,1775655000,1775655000,default
1775652519,1_52306,1_102619,F Line,1_635449090,1_7976017,1775653500,1775653500,default
1775652519,1_58112,1_102619,F Line,1_656236480,1_6010,1775652605,1775652646,default
1775652519,1_17950,1_100062,17,1_651754470,1_7974580,1775654280,1775654280,default
1775652519,1_73368,1_100136,245,1_761787060,1_7309,1775652788,1775652599,default
1775652519,1_2200,1_102581,D Line,1_732750290,1_6090,1775652719,1775652625,default
1775652519,1_21080,1_100026,128,1_806634100,1_1017,1775652660,1775652648,default
1775652519,1_59282,1_102717,165,1_800649590,1_7175,1775653200,1775652262,default
1775652519,1_59282,1_100072,181,1_721481600,1_7976015,1775653440,1775653440,default
1775652519,1_74714,1_102701,225,1_811516900,1_7465,1775652637,1775652666,default
1775652519,1_59872,1_102619,F Line,1_694520790,1_6274,1775652505,1775652685,default
1775652519,1_10210,1_100177,303,1_803352660,1_8144,1775653020,1775653107,default
1775652519,1_27270,1_100161,27,1_759817270,1_8033,1775652696,1775652608,default
1775652519,1_620,40_100240,554,40_774868680,40_9647,1775652540,1775652883,default
1775652519,1_10912,1_100162,271,1_585519130,1_7976348,1775653380,1775653380,default
1775652519,1_10912,40_100511,542,40_569563230,40_7976607,1775654040,1775654040,default
1775652519,1_71960,40_100511,542,40_721030780,40_7976603,1775654220,1775654220,default
1775652519,1_10640,1_100252,62,1_800855830,1_8025077,1775653140,1775653140,default
1775652519,1_10640,1_100252,62,1_800855840,1_8025066,1775654040,1775654040,default
1775652819,1_103,1_102745,G Line,1_736437380,1_6400,1775652555,1775652865,default
1775652819,1_60161,1_100042,148,1_762077410,1_7976051,1775654100,1775654100,default
1775652819,1_60453,1_102715,162,1_664468650,1_7976113,1775653320,1775653320,default
1775652819,1_60453,1_102715,162,1_693754380,1_7976115,1775655120,1775655120,default
1775652819,1_320,40_100240,554,40_560096480,40_7976697,1775652900,1775652828,default
1775652819,1_2850,1_100089,2,1_788758010,1_7152,1775653620,1775652184,default
1775652819,1_46505,1_102619,F Line,1_635448970,1_7976000,1775653080,1775653080,default
1775652819,1_46505,1_102619,F Line,1_635449240,1_7976074,1775653680,1775653680,default
1775652819,1_29423,1_102732,79,1_816446280,1_8022070,1775654700,1775654700,default
1775652819,1_57453,1_100060,168,1_664460530,1_7976210,1775653200,1775653401,default
1775652819,1_57453,1_100060,168,1_635439020,1_7976212,1775655000,1775655021,default
1775652819,1_52306,1_102619,F Line,1_635449090,1_7976017,1775653500,1775653500,default
1775652819,1_99254,1_100045,150,1_724420360,1_8176,1775652922,1775652965,default
1775652819,1_17950,1_100062,17,1_651754470,1_7974580,1775654280,1775654280,default
1775652819,1_59282,1_102717,165,1_800649590,1_7175,1775653200,1775652262,default
1775652819,1_59282,1_100072,181,1_721481600,1_7976015,1775653440,1775653440,default
1775652819,1_10210,1_100177,303,1_803352660,1_8144,1775653020,1775653107,default
1775652819,1_57791,1_102718,184,1_664464220,1_1018,1775653103,1775653078,default
1775652819,1_620,40_100236,545,40_806328180,40_9663,1775653020,1775652984,default
1775652819,1_10912,1_100162,271,1_585519130,1_7976348,1775653380,1775653380,default
1775652819,1_10912,40_100511,542,40_569563230,40_7976607,1775654040,1775654040,default
1775652819,1_71960,40_100511,542,40_721030780,40_7976603,1775654220,1775654220,default
1775652819,1_10640,1_100252,62,1_800855830,1_8025077,1775653140,1775653140,default
1775652819,1_10640,1_100252,62,1_800855840,1_8025066,1775654040,1775654040,default
1775653119,1_60161,1_100042,148,1_762077410,1_7976051,1775654100,1775654100,default
1775653119,1_60453,1_102715,162,1_664468650,1_7976113,1775653320,1775653320,default
1775653119,1_60453,1_102715,162,1_693754380,1_7976115,1775655120,1775655120,default
1775653119,1_60453,1_102715,162,1_693754390,1_7976013,1775656500,1775656500,default
1775653119,1_575,1_100210,36,1_800582160,1_4365,1775653260,1775653152,default
1775653119,1_575,1_100173,3,1_675344500,1_4339,1775653200,1775653195,default
1775653119,1_13830,1_102581,D Line,1_732750380,1_6071,1775653294,1775653151,default
1775653119,1_2850,1_100089,2,1_788758010,1_7152,1775653620,1775652184,default
1775653119,1_46505,1_102619,F Line,1_635449240,1_7976074,1775653680,1775653680,default
1775653119,1_46505,1_102619,F Line,1_635449510,1_7975996,1775654880,1775654880,default
1775653119,1_29423,1_102732,79,1_816446280,1_8022070,1775654700,1775654700,default
1775653119,1_57453,1_100060,168,1_664460530,1_7976210,1775653200,1775653446,default
1775653119,1_57453,1_100060,168,1_635439020,1_7976212,1775655000,1775655037,default
1775653119,1_52306,1_102619,F Line,1_635449090,1_7976017,1775653500,1775653500,default
1775653119,1_17950,1_100062,17,1_651754470,1_7974580,1775654280,1775654280,default
1775653119,1_57804,1_100072,181,1_721490210,1_7355,1775653582,1775653337,default
1775653119,1_59282,1_100072,181,1_721481600,1_7976015,1775653440,1775653440,default
1775653119,1_59282,1_102717,165,1_800649610,1_8023881,1775655540,1775655540,default
1775653119,1_32120,1_100345,987,1_785360680,1_8005289,1775655540,1775655540,default
1775653119,1_19921,1_100101,21,1_809331970,1_8262,1775653321,1775653243,default
1775653119,1_42540,1_100072,181,1_721481720,1_7315,1775653386,1775653159,default
1775653119,1_620,1_100011,111,1_635433380,1_6976,1775653920,1775653945,default
1775653119,1_10912,1_100447,49,1_801235580,1_8023497,1775653290,1775653290,default
1775653119,1_10912,1_100162,271,1_585519130,1_7976348,1775653380,1775653380,default
1775653119,1_10912,40_100511,542,40_569563230,40_7976607,1775654040,1775654040,default
1775653119,1_10912,1_100162,271,1_585518960,1_7976343,1775655180,1775655180,default
1775653119,1_71960,40_100511,542,40_721030780,40_7976603,1775654220,1775654220,default
1775653119,1_10640,1_100252,62,1_800855840,1_8025066,1775654040,1775654040,default
1775653419,1_60161,1_100042,148,1_762077410,1_7976051,1775654100,1775654100,default
1775653419,1_970,1_100003,101,1_762100500,1_6995,1775653452,1775653439,default
1775653419,1_60453,1_102715,162,1_693754380,1_7976115,1775655120,1775655120,default
1775653419,1_60453,1_102715,162,1_693754390,1_7976013,1775656500,1775656500,default
1775653419,1_2850,1_100089,2,1_788758010,1_7152,1775653620,1775652184,default
1775653419,1_46505,1_102619,F Line,1_635449240,1_7976074,1775653680,1775653680,default
1775653419,1_46505,1_102619,F Line,1_635449510,1_7975996,1775654880,1775654880,default
1775653419,1_29423,1_102732,79,1_816446280,1_8022070,1775654700,1775654700,default
1775653419,1_57453,1_100060,168,1_635439020,1_7976212,1775655000,1775655000,default
1775653419,1_57453,1_100060,168,1_635438980,1_7976209,1775656800,1775656800,default
1775653419,1_3380,1_100210,36,1_800582800,1_4342,1775653500,1775653443,default
1775653419,1_5489,1_100196,331,1_803359540,1_7213,1775653549,1775653458,default
1775653419,1_52306,1_102619,F Line,1_656237160,1_7976085,1775654400,1775654400,default
1775653419,1_32013,1_100246,57,1_801580930,1_8025806,1775655600,1775655600,default
1775653419,1_99254,1_100487,102,1_693749560,1_8185,1775652922,1775653562,default
1775653419,1_17950,1_100062,17,1_651754470,1_7974580,1775654280,1775654280,default
1775653419,1_59282,1_100072,181,1_721481900,1_7063,1775654640,1775653359,default
1775653419,1_59282,1_102717,165,1_800649610,1_8023881,1775655540,1775655540,default
1775653419,1_32120,1_100345,987,1_785360680,1_8005289,1775655540,1775655540,default
1775653419,1_59872,1_102619,F Line,1_694521050,1_6008,1775653432,1775653570,default
1775653419,1_620,1_100011,111,1_635433380,1_6976,1775653920,1775653804,default
1775653419,1_620,1_100104,212,1_774865860,1_7401,1775653860,1775653889,default
1775653419,1_10912,40_100511,542,40_569563230,40_7976607,1775654040,1775654040,default
1775653419,1_10912,1_100162,271,1_585518960,1_7976343,1775655180,1775655180,default
1775653419,1_71960,40_100511,542,40_721030780,40_7976603,1775654220,1775654220,default
1775653419,1_71960,40_100511,542,40_721031240,40_7976608,1775655480,1775655480,default
1775653419,1_10640,1_100252,62,1_800855840,1_8025066,1775654040,1775654040,default
1775653719,1_60161,1_100042,148,1_762077410,1_7976051,1775654100,1775654100,default
1775653719,1_60453,1_102715,162,1_693754380,1_7976115,1775655120,1775655120,default
1775653719,1_60453,1_102715,162,1_693754390,1_7976013,1775656500,1775656500,default
1775653719,1_46505,1_102619,F Line,1_635448470,1_7976083,1775654280,1775654280,default
1775653719,1_46505,1_102619,F Line,1_635449510,1_7975996,1775654880,1775654880,default
1775653719,1_29423,1_102732,79,1_816446280,1_8022070,1775654700,1775654700,default
1775653719,1_57453,1_100060,168,1_635439020,1_7976212,1775655000,1775655003,default
1775653719,1_57453,1_100060,168,1_635438980,1_7976209,1775656800,1775656800,default
1775653719,1_81199,1_100072,181,1_721490210,1_7355,1775653883,1775653537,default
1775653719,1_52306,1_102619,F Line,1_656237160,1_7976085,1775654400,1775654400,default
1775653719,1_52306,1_102619,F Line,1_656236500,1_7975992,1775655000,1775655000,default
1775653719,1_32013,1_100246,57,1_801580930,1_8025806,1775655600,1775655600,default
1775653719,1_99254,1_100003,101,1_693748740,1_7339,1775654122,1775653776,default
1775653719,1_7750,1_102615,E Line,1_813076450,1_6206,1775653861,1775653728,default
1775653719,1_17950,1_100062,17,1_651754470,1_7974580,1775654280,1775654280,default
1775653719,1_85906,1_100074,183,1_810698010,1_7302,1775653866,1775653742,default
1775653719,1_59282,1_100072,181,1_721481900,1_7063,1775654640,1775653359,default
1775653719,1_59282,1_102717,165,1_800649610,1_8023881,1775655540,1775655540,default
1775653719,1_32120,1_100345,987,1_785360680,1_8005289,1775655540,1775655540,default
1775653719,1_10210,1_102729,322,1_803353300,1_8113,1775654340,1775654639,default
1775653719,1_10210,1_100177,303,1_803352670,1_8139,1775654760,1775654807,default
1775653719,1_620,40_100236,545,40_806328550,40_9651,1775653920,1775653935,default
1775653719,1_10912,40_100511,542,40_569563230,40_7976607,1775654040,1775654040,default
1775653719,1_10912,1_100162,271,1_585518960,1_7976343,1775655180,1775655180,default
1775653719,1_10912,40_100511,542,40_569560200,40_7976602,1775655840,1775655840,default
1775653719,1_71960,40_100511,542,40_721030780,40_7976603,1775654220,1775654220,default
1775653719,1_71960,40_100511,542,40_721031240,40_7976608,1775655480,1775655480,default
1775653719,1_10640,1_100252,62,1_800855840,1_8081,1775654040,1775653552,default
1775654020,1_26560,1_102574,40,1_811901720,1_8251,1775653895,1775654071,default
1775654020,1_60161,1_100042,148,1_762077410,1_3701,1775654100,1775653875,default
1775654020,1_60161,1_100042,148,1_762077410,1_7976051,1775654100,1775654100,default
1775654020,1_8541,1_100263,7,1_650171990,1_4509,1775653980,1775654053,default
1775654020,1_60453,1_102715,162,1_693754380,1_7976115,1775655120,1775655120,default
1775654020,1_60453,1_102715,162,1_693754390,1_7976013,1775656500,1775656500,default
1775654020,1_46505,1_102619,F Line,1_635448470,1_7976083,1775654280,1775654280,default
1775654020,1_46505,1_102619,F Line,1_635449510,1_7975996,1775654880,1775654880,default
1775654020,1_29423,1_102732,79,1_816446280,1_8022070,1775654700,1775654700,default
1775654020,1_57453,1_100060,168,1_635439020,1_7976212,1775655000,1775655000,default
1775654020,1_57453,1_100060,168,1_635438980,1_7976209,1775656800,1775656800,default
1775654020,1_52306,1_102619,F Line,1_656237160,1_7976085,1775654400,1775654400,default
1775654020,1_52306,1_102619,F Line,1_656236500,1_7975992,1775655000,1775655000,default
1775654020,1_32013,1_100246,57,1_801580930,1_8025806,1775655600,1775655600,default
1775654020,1_21945,1_102717,165,1_800649190,1_7319,1775653920,1775654115,default
1775654020,1_17950,1_100062,17,1_651754470,1_7974580,1775654280,1775654280,default
1775654020,1_2200,1_102581,D Line,1_732750200,1_6041,1775654279,1775654171,default
1775654020,1_59282,1_100072,181,1_721481900,1_7063,1775654640,1775653359,default
1775654020,1_59282,1_102717,165,1_800649600,1_7399,1775654340,1775654340,default
1775654020,1_59282,1_102717,165,1_800649610,1_8023881,1775655540,1775655540,default
1775654020,1_32120,1_100345,987,1_785360680,1_8005289,1775655540,1775655540,default
1775654020,1_19921,1_100101,21,1_809331880,1_8206,1775654281,1775654085,default
1775654020,1_10210,1_102754,256,1_816378550,1_6876,1775654559,1775654610,default
1775654020,1_10210,1_102729,322,1_803353300,1_8113,1775654340,1775654639,default
1775654020,1_10210,1_100177,303,1_803352670,1_8139,1775654760,1775654875,default
1775654020,1_620,40_590,590,40_2715020,40_9310,1775654280,1775654258,default
1775654020,1_620,40_100239,550,40_597754840,40_9810,1775654520,1775654665,default
1775654020,1_620,1_100011,111,1_635442410,1_7424,1775654820,1775654865,default
1775654020,1_10912,1_100162,271,1_585518960,1_7976343,1775655180,1775655180,default
1775654020,1_10912,40_100511,542,40_569560200,40_7976602,1775655840,1775655840,default
1775654020,1_71960,40_100511,542,40_721030780,40_7976603,1775654220,1775654220,default
1775654020,1_71960,40_100511,542,40_721031240,40_7976608,1775655480,1775655480,default
1775654020,1_10640,1_100252,62,1_800855870,1_8025067,1775656320,1775656320,default
1775654320,1_85800,1_100196,331,1_803359520,1_7205,1775654373,1775654444,default
1775654320,1_51551,1_102736,H Line,1_694057780,1_6051,1775654437,1775654347,default
1775654320,1_60161,1_100042,148,1_762076880,1_7976052,1775657580,1775657580,default
1775654320,1_970,40_594,594,40_2332020,40_9721,1775654430,1775654429,default
1775654320,1_60453,1_102715,162,1_693754380,1_7976115,1775655120,1775655120,default
1775654320,1_60453,1_102715,162,1_693754390,1_7976013,1775656500,1775656500,default
1775654320,1_320,40_100239,550,40_597754050,40_9660,1775654280,1775654354,default
1775654320,1_575,1_100001,1,1_562518490,1_4392,1775654340,1775654356,default
1775654320,1_575,1_100264,70,1_801594280,1_8238,1775654160,1775654361,default
1775654320,1_46505,1_102619,F Line,1_635449510,1_7975996,1775654880,1775654880,default
1775654320,1_29423,1_102732,79,1_816446280,1_8022070,1775654700,1775654700,default
1775654320,1_57453,1_100060,168,1_635439020,1_7976212,1775655000,1775655000,default
1775654320,1_57453,1_100060,168,1_635438980,1_7976209,1775656800,1775656800,default
1775654320,1_79610,1_100006,107,1_800645710,1_3756,1775654413,1775654305,default
1775654320,1_52306,1_102619,F Line,1_656236500,1_7975992,1775655000,1775655000,default
1775654320,1_32013,1_100246,57,1_801580930,1_8025806,1775655600,1775655600,default
1775654320,1_17950,1_100062,17,1_651754500,1_7974575,1775656680,1775656680,default
1775654320,1_49350,1_100026,128,1_806634100,1_1017,1775654217,1775654472,default
1775654320,1_59282,1_100072,181,1_721481900,1_7063,1775654640,1775653359,default
1775654320,1_59282,1_102717,165,1_800649610,1_8023881,1775655540,1775655540,default
1775654320,1_32120,1_100345,987,1_785360680,1_8005289,1775655540,1775655540,default
1775654320,1_59872,1_102619,F Line,1_694521160,1_6273,1775654332,1775654466,default
1775654320,1_10210,1_102754,256,1_816378550,1_6876,1775654559,1775654471,default
1775654320,1_10210,1_102729,322,1_803353300,1_8113,1775654340,1775654639,default
1775654320,1_10210,1_100177,303,1_803352670,1_8139,1775654760,1775654875,default
1775654320,1_620,40_100240,554,40_774870300,40_9675,1775654760,1775654470,default
1775654320,1_620,40_100239,550,40_597754840,40_9810,1775654520,1775654476,default
1775654320,1_620,40_100236,545,40_806326020,40_8005189,1775654520,1775654520,default
1775654320,1_620,40_100236,545,40_806326020,40_9682,1775654520,1775654534,default
1775654320,1_620,40_595,595,40_3875020,40_9713,1775654580,1775654550,default
1775654320,1_620,1_100104,212,1_774865870,1_6947,1775655060,1775655177,default
1775654320,1_10912,1_100447,49,1_801235570,1_4327,1775654490,1775654490,default
1775654320,1_10912,1_100447,49,1_801235570,1_8023492,1775654490,1775654490,default
1775654320,1_10912,1_100162,271,1_585518960,1_7976343,1775655180,1775655180,default
1775654320,1_10912,40_100511,542,40_569560200,40_7976602,1775655840,1775655840,default
1775654320,1_71960,40_100511,542,40_721031240,40_7976608,1775655480,1775655480,default
1775654320,1_10640,1_100252,62,1_800855870,1_8025067,1775656320,1775656320,default
1775654620,1_60161,1_100042,148,1_762077250,1_7400,1775654700,1775654604,default
1775654620,1_60161,1_100042,148,1_762076880,1_7976052,1775657580,1775657580,default
1775654620,1_970,40_577,577,40_1622020,40_9716,1775654727,1775654727,default
1775654620,1_23030,1_100101,21,1_809331890,1_8201,1775654765,1775654563,default
1775654620,1_60453,1_102715,162,1_693754380,1_7976115,1775655120,1775655120,default
1775654620,1_60453,1_102715,162,1_693754390,1_7976013,1775656500,1775656500,default
1775654620,1_60453,1_102715,162,1_693754400,1_7976026,1775657940,1775657940,default
1775654620,1_320,29_424,424,29_16132037__MCOB-DO:121:0:Weekday:2:26MAR:61015:12345,29_19805,1775654700,1775654521,default
1775654620,1_320,40_100240,554,40_560096790,40_9647,1775654520,1775654656,default
1775654620,1_320,40_594,594,40_2332020,40_9721,1775654700,1775654699,default
1775654620,1_46505,1_102619,F Line,1_635449510,1_7975996,1775654880,1775654880,default
1775654620,1_46505,1_102619,F Line,1_635448760,1_7976226,1775655480,1775655480,default
1775654620,1_46505,1_102619,F Line,1_635449560,1_7976034,1775656680,1775656680,default
1775654620,1_29423,1_102732,79,1_816446280,1_8022070,1775654700,1775654700,default
1775654620,1_47660,1_102736,H Line,1_694057780,1_6051,1775654883,1775654605,default
1775654620,1_57453,1_100060,168,1_635439020,1_7976212,1775655000,1775655000,default
1775654620,1_57453,1_100060,168,1_635438980,1_7976209,1775656800,1775656861,default
1775654620,1_52306,1_102619,F Line,1_656236500,1_7975992,1775655000,1775655000,default
1775654620,1_52306,1_102619,F Line,1_656237320,1_7976225,1775655600,1775655600,default
1775654620,1_32013,1_100246,57,1_801580930,1_8025806,1775655600,1775655600,default
1775654620,1_32013,1_100246,57,1_801580910,1_8025809,1775657820,1775657820,default
1775654620,1_7750,1_102615,E Line,1_813076490,1_6210,1775654761,1775654644,default
1775654620,1_17950,1_100062,17,1_651754500,1_7974575,1775656680,1775656680,default
1775654620,1_2200,1_102581,D Line,1_732750210,1_6087,1775654759,1775654773,default
1775654620,1_59282,1_102717,165,1_800649610,1_8023881,1775655540,1775655540,default
1775654620,1_32120,1_100345,987,1_785360680,1_8005289,1775655540,1775655540,default
1775654620,1_10210,1_100177,303,1_803352670,1_8139,1775654760,1775654875,default
1775654620,1_620,1_100011,111,1_635442410,1_7424,1775654820,1775654705,default
1775654620,1_620,1_100104,212,1_774865870,1_6947,1775655060,1775655111,default
1775654620,1_620,1_100459,218,1_774864090,1_6983,1775655120,1775655325,default
1775654620,1_620,1_100011,111,1_635433390,1_7407,1775655720,1775655606,default
1775654620,1_10912,1_100224,44,1_562510220,1_4555,1775654845,1775654773,default
1775654620,1_10912,1_100162,271,1_585518960,1_7976343,1775655180,1775655180,default
1775654620,1_10912,40_100511,542,40_569560200,40_7976602,1775655840,1775655840,default
1775654620,1_10912,1_100162,271,1_569495510,1_7976369,1775656320,1775656320,default
1775654620,1_10912,1_100162,271,1_569496460,1_7976349,1775656920,1775656920,default
1775654620,1_71960,40_100511,542,40_721031240,40_7976608,1775655480,1775655480,default
1775654620,1_10640,1_100252,62,1_800855860,1_8024964,1775655840,1775655840,default
1775654620,1_10640,1_100252,62,1_800855870,1_8025067,1775656320,1775656320,default
1775654620,1_8403,1_100039,14,1_562518440,1_4382,1775654880,1775654828,default
1775654920,1_60161,1_100042,148,1_762077240,1_7976071,1775655900,1775655900,default
1775654920,1_60161,1_100042,148,1_762076880,1_7976052,1775657580,1775657580,default
1775654920,1_970,1_102754,256,1_816378550,1_6876,1775654911,1775654938,default
1775654920,1_60453,1_102715,162,1_693754380,1_7976115,1775655120,1775655120,default
1775654920,1_60453,1_102715,162,1_693754390,1_7976013,1775656500,1775656500,default
1775654920,1_60453,1_102715,162,1_693754400,1_7976026,1775657940,1775657940,default
1775654920,1_575,1_100173,3,1_675344410,1_4368,1775655000,1775654972,default
1775654920,1_575,1_102576,C Line,1_800868950,1_6270,1775655240,1775654981,default
1775654920,1_2850,1_100089,2,1_788758020,1_8023443,1775655300,1775655300,default
1775654920,1_46505,1_102619,F Line,1_635448760,1_7976226,1775655480,1775655480,default
1775654920,1_46505,1_102619,F Line,1_635449560,1_7976034,1775656680,1775656680,default
1775654920,1_57453,1_100060,168,1_635439020,1_7406,1775655000,1775654857,default
1775654920,1_57453,1_100060,168,1_635439020,1_7976212,1775655000,1775655000,default
1775654920,1_57453,1_100060,168,1_635438980,1_7976209,1775656800,1775656924,default
1775654920,1_52306,1_102619,F Line,1_656237320,1_7976225,1775655600,1775655600,default
1775654920,1_32013,1_100246,57,1_801580930,1_8025806,1775655600,1775655600,default
1775654920,1_32013,1_100246,57,1_801580910,1_8025809,1775657820,1775657820,default
1775654920,1_21945,1_102717,165,1_800649200,1_7446,1775655120,1775655001,default
1775654920,1_99254,1_100045,150,1_724419010,1_6956,1775655142,1775655048,default
1775654920,1_17950,1_100062,17,1_651754500,1_7974575,1775656680,1775656680,default
1775654920,1_71970,1_102704,250,1_720961700,1_7240,1775655042,1775654972,default
1775654920,1_57804,1_100072,181,1_721481760,1_7474,1775654782,1775655081,default
1775654920,1_59282,1_100072,181,1_721490190,1_7355,1775655840,1775654750,default
1775654920,1_59282,1_102717,165,1_800649610,1_8023881,1775655540,1775655540,default
1775654920,1_85531,1_102757,187,1_762094920,1_7976191,1775654460,1775655143,default
1775654920,1_32120,1_100345,987,1_785360680,1_8005289,1775655540,1775655540,default
1775654920,1_620,40_100236,545,40_806328020,40_8005185,1775655120,1775655167,default
1775654920,1_620,1_100459,218,1_774864090,1_6983,1775655120,1775655206,default
1775654920,1_620,1_100011,111,1_635433390,1_7407,1775655720,1775655577,default
1775654920,1_10912,1_100162,271,1_585518960,1_7976343,1775655180,1775655180,default
1775654920,1_10912,40_100511,542,40_569560200,40_7976602,1775655840,1775655840,default
1775654920,1_10912,1_100162,271,1_569495510,1_7976369,1775656320,1775656320,default
1775654920,1_10912,1_100162,271,1_569496460,1_7976349,1775656920,1775656920,default
1775654920,1_71960,40_100511,542,40_721031240,40_7976608,1775655480,1775655480,default
1775654920,1_10640,1_100252,62,1_800855860,1_8054,1775655840,1775654884,default
1775654920,1_10640,1_100252,62,1_800855860,1_8024964,1775655840,1775655840,default
1775654920,1_10640,1_100252,62,1_800855870,1_8025067,1775656320,1775656320,default
1775654920,1_8403,1_100039,14,1_562518440,1_4382,1775654880,1775654863,default
1775654920,1_18220,1_100028,13,1_815907200,1_7091,1775655303,1775655026,default
1775654920,1_76310,1_100214,372,1_694305940,1_7976765,1775655115,1775655115,default
1775655220,1_60161,1_100042,148,1_762077240,1_7976071,1775655900,1775655900,default
1775655220,1_60161,1_100042,148,1_762076880,1_7976052,1775657580,1775657580,default
1775655220,1_60453,1_102715,162,1_693754390,1_7976013,1775656500,1775656500,default
1775655220,1_60453,1_102715,162,1_693754400,1_7976026,1775657940,1775657940,default
1775655220,1_2850,1_100089,2,1_788758020,1_8023443,1775655300,1775655300,default
1775655220,1_46505,1_102619,F Line,1_635448760,1_7976226,1775655480,1775655480,default
1775655220,1_46505,1_102619,F Line,1_635449560,1_7976034,1775656680,1775656680,default
1775655220,1_27420,1_100161,27,1_759817370,1_8040,1775655154,1775655277,default
1775655220,1_57453,1_100060,168,1_635438980,1_7976209,1775656800,1775656867,default
1775655220,1_57453,1_100060,168,1_664460750,1_7976093,1775658600,1775658600,default
1775655220,1_81199,1_100072,181,1_721481760,1_7474,1775655083,1775655314,default
1775655220,1_5489,1_100196,331,1_803359520,1_7205,1775655469,1775655258,default
1775655220,1_52306,1_102619,F Line,1_656237320,1_7976225,1775655600,1775655600,default
1775655220,1_52306,1_102619,F Line,1_656236200,1_7976142,1775656200,1775656200,default
1775655220,1_80121,1_102719,161,1_800652040,1_7470,1775655395,1775655271,default
1775655220,1_32013,1_100246,57,1_801580930,1_8025806,1775655600,1775655600,default
1775655220,1_32013,1_100246,57,1_801580910,1_8025809,1775657820,1775657820,default
1775655220,1_17950,1_100062,17,1_651754500,1_7974575,1775656680,1775656680,default
1775655220,1_59282,1_100072,181,1_721490190,1_7355,1775655840,1775654750,default
1775655220,1_59282,1_102717,165,1_800649610,1_8023881,1775655540,1775655540,default
1775655220,1_32120,1_100345,987,1_785360680,1_8005289,1775655540,1775655540,default
1775655220,1_59872,1_102619,F Line,1_635449090,1_6226,1775655232,1775655364,default
1775655220,1_60710,1_100512,A Line,1_800643130,1_6275,1775655286,1775655381,default
1775655220,1_10210,1_102729,322,1_803353320,1_8194,1775655660,1775656133,default
1775655220,1_10210,1_100177,303,1_803352680,1_8125,1775655900,1775656147,default
1775655220,1_620,1_100045,150,1_724419010,1_6956,1775655480,1775655306,default
1775655220,1_620,1_100011,111,1_635433390,1_7407,1775655720,1775655417,default
1775655220,1_620,40_100239,550,40_597752640,40_9805,1775655840,1775655907,default
1775655220,1_10912,40_100511,542,40_569560200,40_7976602,1775655840,1775655840,default
1775655220,1_10912,1_100162,271,1_569495510,1_7976369,1775656320,1775656320,default
1775655220,1_10912,1_100162,271,1_569496460,1_7976349,1775656920,1775656920,default
1775655220,1_71960,40_100511,542,40_721031240,40_7976608,1775655480,1775655480,default
1775655220,1_10640,1_100252,62,1_800855860,1_8054,1775655840,1775654884,default
1775655220,1_10640,1_100252,62,1_800855870,1_8025067,1775656320,1775656320,default
1775655520,1_12170,1_100039,14,1_562518440,1_4382,1775655375,1775655566,default
1775655520,1_481,1_102576,C Line,1_800869280,1_6258,1775655420,1775655533,default
1775655520,1_85800,1_100196,331,1_803352850,1_7257,1775655573,1775655479,default
1775655520,1_60161,1_100042,148,1_762077240,1_7976071,1775655900,1775655900,default
1775655520,1_60161,1_100042,148,1_762076880,1_7976052,1775657580,1775657580,default
1775655520,1_8541,1_100263,7,1_800588810,1_4543,1775655540,1775655488,default
1775655520,1_60453,1_102715,162,1_693754390,1_7976013,1775656500,1775656500,default
1775655520,1_60453,1_102715,162,1_693754400,1_7976026,1775657940,1775657940,default
1775655520,1_81205,1_100072,181,1_721481760,1_7474,1775655320,1775655554,default
1775655520,1_46505,1_102619,F Line,1_635448870,1_7975997,1775656080,1775656080,default
1775655520,1_46505,1_102619,F Line,1_635449560,1_7976034,1775656680,1775656680,default
1775655520,1_57453,1_100060,168,1_635438980,1_7976209,1775656800,1775656928,default
1775655520,1_57453,1_100060,168,1_664460750,1_7976093,1775658600,1775658600,default
1775655520,1_60477,1_100060,168,1_635439020,1_7406,1775655626,1775655589,default
1775655520,1_74743,1_102701,225,1_806914310,1_7237,1775654555,1775655587,default
1775655520,1_52306,1_102619,F Line,1_656236200,1_7976142,1775656200,1775656200,default
1775655520,1_32013,1_100246,57,1_801580910,1_8025809,1775657820,1775657820,default
1775655520,1_60180,1_100487,102,1_694513210,1_8137,1775655391,1775655622,default
1775655520,1_17950,1_100062,17,1_651754500,1_7974575,1775656680,1775656680,default
1775655520,1_57804,1_100072,181,1_721481610,1_7315,1775656042,1775656014,default
1775655520,1_59282,1_100072,181,1_721490190,1_7355,1775655840,1775654750,default
1775655520,1_59282,1_102717,165,1_800649620,1_7328,1775656680,1775655396,default
1775655520,1_10210,1_102729,322,1_803353320,1_8194,1775655660,1775656133,default
1775655520,1_10210,1_100177,303,1_803352680,1_8125,1775655900,1775656171,default
1775655520,1_2260,1_100275,8,1_800891620,1_8063,1775655707,1775655604,default
1775655520,1_620,40_100236,545,40_806326650,40_8005181,1775655720,1775655720,default
1775655520,1_620,40_100236,545,40_806326650,40_6933,1775655720,1775655732,default
1775655520,1_620,40_100239,550,40_597752640,40_9805,1775655840,1775655859,default
1775655520,1_620,40_100240,554,40_774869280,40_7976693,1775656140,1775655971,default
1775655520,1_10912,1_100447,49,1_801235550,1_8023490,1775655690,1775655690,default
1775655520,1_10912,40_100511,542,40_569560200,40_7976602,1775655840,1775655840,default
1775655520,1_10912,1_100162,271,1_569495510,1_7976369,1775656320,1775656320,default
1775655520,1_10912,1_100162,271,1_569496460,1_7976349,1775656920,1775656920,default
1775655520,1_10640,1_100252,62,1_800855860,1_8054,1775655840,1775654884,default
1775655520,1_10640,1_100252,62,1_800855870,1_8025067,1775656320,1775656320,default
1775655820,1_51551,1_102736,H Line,1_694057280,1_6109,1775655877,1775655842,default
1775655820,1_60161,1_100042,148,1_762077240,1_7976071,1775655900,1775655900,default
1775655820,1_60161,1_100042,148,1_762076880,1_7976052,1775657580,1775657580,default
1775655820,1_60453,1_102715,162,1_693754410,1_7143,1775659140,1775657630,default
1775655820,1_320,40_100239,550,40_597749730,40_6944,1775658180,1775658281,default
1775655820,1_320,40_594,594,40_1561020,40_9220,1775658300,1775658295,default
1775655820,1_575,1_102615,E Line,1_768603750,1_6203,1775658300,1775658297,default
1775655820,1_46505,1_102619,F Line,1_635448660,1_7976085,1775658480,1775658480,default
1775655820,1_46505,1_102619,F Line,1_635449540,1_7975992,1775659080,1775659080,default
1775655820,1_29423,1_102732,79,1_816446240,1_8022069,1775658300,1775658300,default
1775655820,1_27420,1_100249,60,1_801585170,1_7110,1775657588,1775658308,default
1775655820,1_34740,1_100230,50,1_664485500,1_3715,1775658321,1775658258,default
1775655820,1_57453,1_100060,168,1_664460750,1_7976093,1775658600,1775658600,default
1775655820,1_57453,1_100060,168,1_693746750,1_7976231,1775660400,1775660548,default
1775655820,1_52306,1_102619,F Line,1_635449520,1_7975996,1775658600,1775658600,default
1775655820,1_32013,1_100246,57,1_801580900,1_8025834,1775659320,1775659320,default
1775655820,1_99254,1_100045,150,1_724420350,1_7113,1775658400,1775658389,default
1775655820,1_66730,1_102552,226,1_816295920,1_7372,1775658499,1775658315,default
1775655820,1_17950,1_100062,17,1_721362410,1_7974580,1775659080,1775659080,default
1775655820,1_2200,1_102581,D Line,1_800601190,1_6097,1775658132,1775658424,default
1775655820,1_2200,1_102581,D Line,1_800600930,1_6050,1775658552,1775658432,default
1775655820,1_57804,1_100072,181,1_721490230,1_7442,1775658742,1775658616,default
1775655820,1_59282,1_102717,165,1_800649640,1_7446,1775659680,1775657590,default
1775655820,1_59282,1_100072,181,1_721490200,1_7124,1775659140,1775658116,default
1775655820,1_59282,1_100072,181,1_721490200,1_7976104,1775659140,1775659140,default
1775655820,1_45230,40_560,560,40_791020,40_9124,1775658092,1775658397,default
1775655820,1_60710,1_100512,A Line,1_800643170,1_6011,1775658357,1775658423,default
1775655820,1_10210,1_100177,303,1_803352690,1_8117,1775658720,1775658714,default
1775655820,1_620,1_100003,101,1_693748140,1_8180,1775658480,1775658342,default
1775655820,1_620,1_100459,218,1_774864080,1_6891,1775658960,1775659088,default
1775655820,1_10912,1_100162,271,1_569495910,1_7976665,1775658600,1775658600,default
1775655820,1_10912,1_100162,271,1_585519750,1_7976353,1775659440,1775659440,default
1775655820,1_71960,40_100511,542,40_721030820,40_7976602,1775659140,1775659140,default
1775655820,1_8403,1_100039,14,1_562518590,1_4360,1775658360,1775658294,default
1775655820,1_58144,1_102719,161,1_800651690,1_7196,1775658548,1775658350,default
1775658431,1_46791,1_100016,118,1_635461260,1_3734,1775658600,1775658608,default
1775658431,1_60161,1_100042,148,1_762076860,1_7976054,1775659380,1775659380,default
1775658431,1_60161,1_100042,148,1_762076930,1_7976061,1775661180,1775661180,default
1775658431,1_60453,1_102715,162,1_693754410,1_7143,1775659140,1775657630,default
1775658431,1_575,1_100089,2,1_788758030,1_7157,1775658480,1775658370,default
1775658431,1_575,1_100001,1,1_800579510,1_4382,1775658480,1775658480,default
1775658431,1_575,1_100264,70,1_801594420,1_8225,1775658360,1775658485,default
1775658431,1_2850,1_100089,2,1_788758050,1_7119,1775659440,1775658077,default
1775658431,1_46505,1_102619,F Line,1_635448660,1_6232,1775658480,1775658356,default
1775658431,1_46505,1_102619,F Line,1_635448660,1_7976085,1775658480,1775658480,default
1775658431,1_46505,1_102619,F Line,1_635449540,1_7975992,1775659080,1775659080,default
1775658431,1_57453,1_100060,168,1_664460750,1_7196,1775658600,1775658382,default
1775658431,1_57453,1_100060,168,1_664460750,1_7976093,1775658600,1775658600,default
1775658431,1_57453,1_100060,168,1_693746750,1_7976231,1775660400,1775660499,default
1775658431,1_52306,1_102619,F Line,1_635449520,1_7975996,1775658600,1775658600,default
1775658431,1_52306,1_102619,F Line,1_635448770,1_7976226,1775659200,1775659200,default
1775658431,1_32013,1_100246,57,1_801580900,1_8025834,1775659320,1775659320,default
1775658431,1_99254,40_590,590,40_816020,40_9720,1775658556,1775658541,default
1775658431,1_17950,1_100062,17,1_721362410,1_7974580,1775659080,1775659080,default
1775658431,1_57804,1_100072,181,1_721490230,1_7442,1775658742,1775658510,default
1775658431,1_59282,1_102717,165,1_800649640,1_7446,1775659680,1775657590,default
1775658431,1_59282,1_100072,181,1_721490200,1_7124,1775659140,1775658116,default
1775658431,1_59872,1_102619,F Line,1_656236810,1_6236,1775658592,1775658606,default
1775658431,1_620,40_100240,554,40_774868950,40_9820,1775659140,1775658796,default
1775658431,1_620,1_100459,218,1_774864080,1_6891,1775658960,1775658976,default
1775658431,1_10912,1_100162,271,1_569495910,1_6856,1775658600,1775658600,default
1775658431,1_10912,1_100162,271,1_569495910,1_7976665,1775658600,1775658600,default
1775658431,1_10912,1_100162,271,1_585519750,1_7976353,1775659440,1775659440,default
1775658431,1_10912,40_100511,542,40_569563150,40_7976607,1775659560,1775659560,default
1775658431,1_71960,40_100511,542,40_721030820,40_7976602,1775659140,1775659140,default
1775658431,1_8403,1_100039,14,1_562518590,1_4360,1775658360,1775658374,default
1775658431,1_18220,1_100028,13,1_788759670,1_7166,1775658663,1775658522,default
1775658731,1_62212,1_102715,162,1_693754400,1_7476,1775658771,1775658669,default
1775658731,1_60161,1_100042,148,1_762076860,1_3757,1775659380,1775658395,default
1775658731,1_60161,1_100042,148,1_762076930,1_7976061,1775661180,1775661180,default
1775658731,1_60453,1_102715,162,1_693754410,1_7143,1775659140,1775657630,default
1775658731,1_575,1_100263,7,1_650129540,1_4553,1775658600,1775658789,default
1775658731,1_2850,1_100089,2,1_788758050,1_7119,1775659440,1775658077,default
1775658731,1_46505,1_102619,F Line,1_635449540,1_7975992,1775659080,1775659080,default
1775658731,1_46505,1_102619,F Line,1_635448340,1_7976225,1775659680,1775659680,default
1775658731,1_1190,1_100447,49,1_801235500,1_8023490,1775658790,1775658790,default
1775658731,1_13810,1_102581,D Line,1_803817780,1_6090,1775658795,1775658693,default
1775658731,1_57453,1_100060,168,1_693746750,1_7976231,1775660400,1775660463,default
1775658731,1_57453,1_100060,168,1_664460610,1_7976211,1775662200,1775662200,default
1775658731,1_52306,1_102619,F Line,1_635448770,1_7976226,1775659200,1775659200,default
1775658731,1_32013,1_100246,57,1_801580900,1_8025834,1775659320,1775659320,default
1775658731,1_21945,1_102717,165,1_800649220,1_7148,1775658720,1775658826,default
1775658731,1_17950,1_100062,17,1_721362410,1_7974580,1775659080,1775659080,default
1775658731,1_17950,1_100062,17,1_721362420,1_7974608,1775661480,1775661480,default
1775658731,1_59282,1_102717,165,1_800649640,1_7446,1775659680,1775657590,default
1775658731,1_59282,1_100072,181,1_721490200,1_7124,1775659140,1775658116,default
1775658731,1_59282,1_100072,181,1_721490260,1_7314,1775660040,1775658425,default
1775658731,1_81749,1_100160,269,1_806916990,1_7327,1775658634,1775658907,default
1775658731,1_620,1_100459,218,1_774864080,1_6891,1775658960,1775658828,default
1775658731,1_620,40_100236,545,40_806327830,40_9687,1775658780,1775658953,default
1775658731,1_620,40_100239,550,40_597754100,40_9660,1775658960,1775659315,default
1775658731,1_10912,1_100162,271,1_585519750,1_7976353,1775659440,1775659440,default
1775658731,1_10912,40_100511,542,40_569563150,40_7976607,1775659560,1775659560,default
1775658731,1_71960,40_100511,542,40_721030820,40_7976602,1775659140,1775659140,default
1775659031,1_26560,1_102574,40,1_811901580,1_8211,1775658716,1775659125,default
1775659031,1_60161,1_100042,148,1_762076860,1_3757,1775659380,1775658395,default
1775659031,1_60161,1_100042,148,1_762076930,1_7976061,1775661180,1775661180,default
1775659031,1_60453,1_102715,162,1_693754410,1_7143,1775659140,1775657630,default
1775659031,1_320,1_102754,256,1_816378570,1_7394,1775659380,1775658974,default
1775659031,1_575,1_102576,C Line,1_800869100,1_6269,1775658780,1775659067,default
1775659031,1_2850,1_100089,2,1_788758050,1_7119,1775659440,1775658077,default
1775659031,1_46505,1_102619,F Line,1_635449540,1_7975992,1775659080,1775659080,default
1775659031,1_46505,1_102619,F Line,1_635448340,1_7976225,1775659680,1775659680,default
1775659031,1_57453,1_100060,168,1_693746750,1_7976231,1775660400,1775660499,default
1775659031,1_57453,1_100060,168,1_664460610,1_7976211,1775662200,1775662200,default
1775659031,1_52306,1_102619,F Line,1_635448770,1_7976226,1775659200,1775659200,default
1775659031,1_52306,1_102619,F Line,1_635448880,1_7975997,1775659800,1775659800,default
1775659031,1_32013,1_100246,57,1_801580900,1_8025834,1775659320,1775659320,default
1775659031,1_58112,1_102619,F Line,1_635449100,1_6226,1775659041,1775659151,default
1775659031,1_17950,1_100062,17,1_721362420,1_7974608,1775661480,1775661480,default
1775659031,1_2200,1_100275,8,1_800891350,1_8248,1775660313,1775659041,default
1775659031,1_59282,1_102717,165,1_800649640,1_7446,1775659680,1775657590,default
1775659031,1_59282,1_100072,181,1_721490260,1_7314,1775660040,1775658425,default
1775659031,1_10210,1_102729,322,1_803353350,1_8103,1775660460,1775660593,default
1775659031,1_620,40_100239,550,40_597756360,40_9632,1775659560,1775659545,default
1775659031,1_620,1_100104,212,1_774865970,1_7422,1775659620,1775659633,default
1775659031,1_10912,1_100162,271,1_585519750,1_7976353,1775659440,1775659440,default
1775659031,1_10912,40_100511,542,40_569563150,40_7976607,1775659560,1775659560,default
1775659031,1_10912,1_100162,271,1_586298060,1_7976389,1775660220,1775660220,default
1775659031,1_71960,40_100511,542,40_721030920,40_7976603,1775660340,1775660340,default
1775659331,1_60161,1_100042,148,1_762076860,1_3757,1775659380,1775658395,default
1775659331,1_60161,1_100042,148,1_762076930,1_7976061,1775661180,1775661180,default
1775659331,1_970,40_577,577,40_1842020,40_9204,1775659347,1775659347,default
1775659331,1_2850,1_100089,2,1_788758050,1_7119,1775659440,1775658077,default
1775659331,1_2850,1_100089,2,1_788757690,1_7091,1775660100,1775658719,default
1775659331,1_46505,1_102619,F Line,1_635448340,1_7976225,1775659680,1775659680,default
1775659331,1_46505,1_102619,F Line,1_635448990,1_7976142,1775660280,1775660280,default
1775659331,1_29423,1_102732,79,1_816446270,1_8022130,1775661000,1775661000,default
1775659331,1_57453,1_100060,168,1_693746750,1_7976231,1775660400,1775660506,default
1775659331,1_57453,1_100060,168,1_664460610,1_7976211,1775662200,1775662200,default
1775659331,1_40801,1_100012,113,1_801580700,1_7159,1775658852,1775659700,default
1775659331,1_52306,1_102619,F Line,1_635448880,1_7975997,1775659800,1775659800,default
1775659331,1_8530,1_100005,106,1_727785890,1_7003,1775659626,1775659381,default
1775659331,1_70665,1_102702,239,1_736529060,1_3706,1775659560,1775659376,default
1775659331,1_17950,1_100062,17,1_721362420,1_7974608,1775661480,1775661480,default
1775659331,1_57804,1_100072,181,1_721490170,1_7173,1775659699,1775659807,default
1775659331,1_59282,1_102717,165,1_800649640,1_7446,1775659680,1775657590,default
1775659331,1_59282,1_100072,181,1_721490260,1_7314,1775660040,1775658425,default
1775659331,1_59282,1_102717,165,1_800649650,1_7489,1775661000,1775659237,default
1775659331,1_59282,1_102717,165,1_800649660,1_8023727,1775662800,1775662800,default
1775659331,1_10210,1_102729,322,1_803353350,1_8103,1775660460,1775660801,default
1775659331,1_10210,1_100177,303,1_803357450,1_8144,1775660640,1775660916,default
1775659331,1_620,40_100239,550,40_597756360,40_9632,1775659560,1775659387,default
1775659331,1_620,1_100011,111,1_664454970,1_7413,1775659800,1775660220,default
1775659331,1_10912,40_100511,542,40_569563150,40_7976607,1775659560,1775659560,default
1775659331,1_10912,1_100162,271,1_586298060,1_7976389,1775660220,1775660220,default
1775659331,1_71960,40_100511,542,40_721030920,40_7976603,1775660340,1775660340,default
1775659331,1_8403,1_100039,14,1_562518640,1_4392,1775659380,1775659267,default
1775659631,1_60161,1_100042,148,1_762076930,1_7976061,1775661180,1775661180,default
1775659631,1_60161,1_100042,148,1_762077090,1_7976055,1775662980,1775662980,default
1775659631,1_7790,1_102615,E Line,1_768603750,1_6203,1775659689,1775659577,default
1775659631,1_2850,1_100089,2,1_788757690,1_7091,1775660100,1775658719,default
1775659631,1_46505,1_102619,F Line,1_635448340,1_7976225,1775659680,1775659680,default
1775659631,1_46505,1_102619,F Line,1_635448990,1_7976142,1775660280,1775660280,default
1775659631,1_29423,1_102732,79,1_816446270,1_8022130,1775661000,1775661000,default
1775659631,1_29423,1_102732,79,1_817872860,1_8022127,1775661600,1775661600,default
1775659631,1_57453,1_100060,168,1_693746750,1_7976231,1775660400,1775660400,default
1775659631,1_57453,1_100060,168,1_664460610,1_7976211,1775662200,1775662200,default
1775659631,1_1510,1_100005,106,1_727785890,1_7003,1775659872,1775659626,default
1775659631,1_68130,1_102548,B Line,1_721018350,1_6021,1775659644,1775659758,default
1775659631,1_40801,1_100012,113,1_801580700,1_7159,1775658852,1775659991,default
1775659631,1_52306,1_102619,F Line,1_635448880,1_7975997,1775659800,1775659800,default
1775659631,1_52306,1_102619,F Line,1_635449570,1_7976034,1775660400,1775660400,default
1775659631,1_71164,1_102753,222,1_774817430,1_7245,1775659732,1775659650,default
1775659631,1_66730,1_102552,226,1_816295930,1_7356,1775659759,1775659673,default
1775659631,1_17950,1_100062,17,1_721362420,1_7974608,1775661480,1775661480,default
1775659631,1_9605,1_100259,67,1_657908400,1_7975711,1775659620,1775659758,default
1775659631,1_59282,1_100072,181,1_721490260,1_7314,1775660040,1775658425,default
1775659631,1_59282,1_102717,165,1_800649650,1_7489,1775661000,1775659237,default
1775659631,1_59282,1_102717,165,1_800649660,1_8023727,1775662800,1775662800,default
1775659631,1_70330,1_102555,893,1_630387900,1_6994,1775659524,1775659836,default
1775659631,1_10210,1_102729,322,1_803353350,1_8103,1775660460,1775660940,default
1775659631,1_10210,1_100177,303,1_803357450,1_8144,1775660640,1775660982,default
1775659631,1_620,1_100011,111,1_664454970,1_7413,1775659800,1775660058,default
1775659631,1_620,40_100240,554,40_774869930,40_9650,1775660100,1775660085,default
1775659631,1_620,40_100239,550,40_597750720,40_9659,1775660340,1775660323,default
1775659631,1_10912,1_100162,271,1_586298060,1_7976389,1775660220,1775660220,default
1775659631,1_10912,1_100162,271,1_585555270,1_7976620,1775661240,1775661240,default
1775659631,1_10912,1_100162,271,1_569495660,1_7976723,1775663040,1775663040,default
1775659631,1_71960,40_100511,542,40_721030920,40_7976603,1775660340,1775660340,default
1775659631,1_59947,1_102720,160,1_664466470,1_7103,1775659806,1775659771,default
1775659931,1_103,1_102745,G Line,1_736434650,1_6409,1775659606,1775659975,default
1775659931,1_26560,1_102574,40,1_811901260,1_8252,1775659916,1775660050,default
1775659931,1_60161,1_100042,148,1_800645650,1_3724,1775659980,1775659867,default
1775659931,1_60161,1_100042,148,1_762076930,1_7976061,1775661180,1775661180,default
1775659931,1_60161,1_100042,148,1_762077090,1_7976055,1775662980,1775662980,default
1775659931,1_320,40_100239,550,40_597750130,40_6918,1775660040,1775659999,default
1775659931,1_575,1_102581,D Line,1_628189320,1_6055,1775659980,1775659958,default
1775659931,1_575,1_102576,C Line,1_800868600,1_6263,1775659680,1775659975,default
1775659931,1_2850,1_100089,2,1_788757690,1_7091,1775660100,1775658719,default
1775659931,1_2850,1_100089,2,1_788758060,1_8023466,1775661000,1775661000,default
1775659931,1_46505,1_102619,F Line,1_635448990,1_7976142,1775660280,1775660280,default
1775659931,1_29423,1_102732,79,1_816446270,1_8022130,1775661000,1775661000,default
1775659931,1_29423,1_102732,79,1_817872860,1_8022127,1775661600,1775661600,default
1775659931,1_57453,1_100060,168,1_693746750,1_7976231,1775660400,1775660427,default
1775659931,1_57453,1_100060,168,1_664460610,1_7976211,1775662200,1775662225,default
1775659931,1_81199,1_100072,181,1_721490170,1_7173,1775660003,1775660002,default
1775659931,1_40801,1_100012,113,1_801580700,1_7159,1775658852,1775660240,default
1775659931,1_52306,1_102619,F Line,1_635449570,1_7976034,1775660400,1775660400,default
1775659931,1_17950,1_100062,17,1_721362420,1_7974608,1775661480,1775661480,default
1775659931,1_40065,1_102574,40,1_811901710,1_8251,1775660081,1775659993,default
1775659931,1_57804,1_100072,181,1_721481450,1_7063,1775660599,1775660505,default
1775659931,1_59282,1_102717,165,1_800649650,1_7489,1775661000,1775659237,default
1775659931,1_59282,1_100072,181,1_721481620,1_7398,1775660880,1775659767,default
1775659931,1_59282,1_102717,165,1_800649660,1_8023727,1775662800,1775662800,default
1775659931,1_10210,1_102754,256,1_816378580,1_7425,1775660910,1775660650,default
1775659931,1_10210,1_102729,322,1_803353350,1_8103,1775660460,1775660848,default
1775659931,1_10210,1_100177,303,1_803357450,1_8144,1775660640,1775661146,default
1775659931,1_620,40_100240,554,40_774869930,40_9650,1775660100,1775660103,default
1775659931,1_620,40_100239,550,40_597750720,40_9659,1775660340,1775660332,default
1775659931,1_10912,1_100162,271,1_586298060,1_7976389,1775660220,1775660220,default
1775659931,1_10912,40_100511,542,40_569562800,40_7976605,1775660760,1775660760,default
1775659931,1_10912,1_100162,271,1_585555270,1_7976620,1775661240,1775661240,default
1775659931,1_10912,1_100162,271,1_569495660,1_7976723,1775663040,1775663040,default
1775659931,1_71960,40_100511,542,40_721030920,40_7976603,1775660340,1775660340,default
1775660231,1_60161,1_100042,148,1_762076930,1_7976061,1775661180,1775661180,default
1775660231,1_60161,1_100042,148,1_762077090,1_7976055,1775662980,1775662980,default
1775660231,1_320,40_594,594,40_1841020,40_9719,1775660100,1775660411,default
1775660231,1_2850,1_100089,2,1_788758060,1_7152,1775661000,1775659910,default
1775660231,1_46505,1_102619,F Line,1_635448990,1_7976142,1775660280,1775660280,default
1775660231,1_29423,1_102732,79,1_816446270,1_8022130,1775661000,1775661000,default
1775660231,1_29423,1_102732,79,1_817872860,1_8022127,1775661600,1775661600,default
1775660231,1_57453,1_100060,168,1_693746750,1_7976231,1775660400,1775660416,default
1775660231,1_57453,1_100060,168,1_664460610,1_7976211,1775662200,1775662209,default
1775660231,1_75770,1_102615,E Line,1_813076750,1_6218,1775660297,1775660193,default
1775660231,1_52306,1_102619,F Line,1_635449570,1_7976034,1775660400,1775660400,default
1775660231,1_80121,1_102719,161,1_800652530,1_7440,1775660506,1775660335,default
1775660231,1_17950,1_100062,17,1_721362420,1_7974608,1775661480,1775661480,default
1775660231,1_57804,1_100072,181,1_721481450,1_7063,1775660599,1775660372,default
1775660231,1_59282,1_102717,165,1_800649650,1_7489,1775661000,1775659237,default
1775660231,1_59282,1_100072,181,1_721481620,1_7398,1775660880,1775659767,default
1775660231,1_59282,1_102717,165,1_800649660,1_8023727,1775662800,1775662800,default
1775660231,1_68160,1_102548,B Line,1_721019030,1_6020,1775660410,1775660315,default
1775660231,1_82675,1_102705,230,1_664298390,1_7376,1775660435,1775660342,default
1775660231,1_10210,1_102754,256,1_816378580,1_7425,1775660910,1775660357,default
1775660231,1_10210,1_102729,322,1_803353350,1_8103,1775660460,1775660370,default
1775660231,1_10210,1_100177,303,1_803357450,1_8144,1775660640,1775661051,default
1775660231,1_75850,1_102615,E Line,1_768603750,1_6203,1775660441,1775660284,default
1775660231,1_620,40_590,590,40_1015020,40_9717,1775660520,1775660496,default
1775660231,1_620,40_100236,545,40_806328780,40_8005179,1775660580,1775660580,default
1775660231,1_620,1_100104,212,1_774865980,1_6947,1775660940,1775661046,default
1775660231,1_620,1_100011,111,1_664454980,1_7415,1775661120,1775661127,default
1775660231,1_10912,40_100511,542,40_569562800,40_7976605,1775660760,1775660760,default
1775660231,1_10912,1_100162,271,1_585555270,1_7976620,1775661240,1775661240,default
1775660231,1_10912,1_100162,271,1_585519140,1_7976348,1775662200,1775662200,default
1775660231,1_10912,1_100162,271,1_569495660,1_7976723,1775663040,1775663040,default
1775660231,1_71960,40_100511,542,40_721031250,40_7976608,1775661480,1775661480,default
1775660231,1_81982,1_102746,333,1_778704840,1_7975726,1775660439,1775660439,default
1775660231,1_8403,1_100039,14,1_562518680,1_4389,1775660280,1775660354,default
1775660531,1_60161,1_100042,148,1_762076930,1_7976061,1775661180,1775661180,default
1775660531,1_60161,1_100042,148,1_762077090,1_7976055,1775662980,1775662980,default
1775660531,1_75890,1_102615,E Line,1_768603750,1_6203,1775660665,1775660474,default
1775660531,1_77752,1_102746,333,1_778703850,1_7229,1775660619,1775660510,default
1775660531,1_575,1_102576,C Line,1_800868680,1_6266,1775660160,1775660579,default
1775660531,1_575,1_100173,3,1_761127240,1_4368,1775660400,1775660607,default
1775660531,1_2850,1_100089,2,1_788758060,1_7152,1775661000,1775659910,default
1775660531,1_2850,1_100089,2,1_788758070,1_7155,1775661900,1775660445,default
1775660531,1_46505,1_102619,F Line,1_635449260,1_7976074,1775661180,1775661180,default
1775660531,1_29423,1_102732,79,1_816446270,1_8022130,1775661000,1775661000,default
1775660531,1_29423,1_102732,79,1_817872860,1_8022127,1775661600,1775661600,default
1775660531,1_3470,1_100210,36,1_800582790,1_4342,1775660580,1775660490,default
1775660531,1_57453,1_100060,168,1_664460610,1_7976211,1775662200,1775662200,default
1775660531,1_11200,1_100289,9,1_664068600,1_7021,1775660683,1775660542,default
1775660531,1_52306,1_102619,F Line,1_635449110,1_7976017,1775661000,1775661000,default
1775660531,1_17950,1_100062,17,1_721362420,1_7974608,1775661480,1775661480,default
1775660531,1_71970,1_102753,222,1_774817750,1_7227,1775660521,1775660668,default
1775660531,1_49350,1_100026,128,1_806634440,1_1002,1775660717,1775660676,default
1775660531,1_2200,1_102581,D Line,1_803817790,1_6081,1775660425,1775660697,default
1775660531,1_59282,1_102717,165,1_800649650,1_7489,1775661000,1775659237,default
1775660531,1_59282,1_100072,181,1_721481620,1_7398,1775660880,1775659767,default
1775660531,1_59282,1_102717,165,1_800649660,1_8023727,1775662800,1775662800,default
1775660531,1_82810,1_100133,240,1_761786440,1_7329,1775661044,1775660613,default
1775660531,1_10210,1_102729,322,1_803353290,1_8113,1775662320,1775662455,default
1775660531,1_620,1_100104,212,1_774865980,1_6947,1775660940,1775660912,default
1775660531,1_620,40_100240,554,40_774868700,40_9647,1775661000,1775660978,default
1775660531,1_620,1_100011,111,1_664454980,1_7415,1775661120,1775661149,default
1775660531,1_10912,40_100511,542,40_569562800,40_7976605,1775660760,1775660760,default
1775660531,1_10912,1_100162,271,1_585555270,1_7976620,1775661240,1775661240,default
1775660531,1_10912,40_100511,542,40_569567870,40_7976686,1775661960,1775661960,default
1775660531,1_10912,1_100162,271,1_585519140,1_7976348,1775662200,1775662200,default
1775660531,1_10912,1_100162,271,1_569495660,1_7976723,1775663040,1775663040,default
1775660531,1_71960,40_100511,542,40_721031250,40_7976608,1775661480,1775661480,default
1775660831,1_12170,1_100039,14,1_562518680,1_4389,1775660775,1775660893,default
1775660831,1_70694,1_102628,895,1_630387890,1_6932,1775661000,1775660971,default
1775660831,1_60161,1_100042,148,1_762076930,1_7976061,1775661180,1775661180,default
1775660831,1_60161,1_100042,148,1_762077090,1_7976055,1775662980,1775662980,default
1775660831,1_74327,1_102702,239,1_736529070,1_3723,1775661010,1775660753,default
1775660831,1_2850,1_100089,2,1_788758060,1_7152,1775661000,1775659910,default
1775660831,1_2850,1_100089,2,1_788758070,1_7155,1775661900,1775660445,default
1775660831,1_46505,1_102619,F Line,1_635449260,1_7976074,1775661180,1775661180,default
1775660831,1_29423,1_102732,79,1_816446270,1_8022130,1775661000,1775661000,default
1775660831,1_29423,1_102732,79,1_817872860,1_8022127,1775661600,1775661600,default
1775660831,1_29423,1_102732,79,1_816446390,1_8022070,1775662200,1775662200,default
1775660831,1_57453,1_102720,160,1_694517870,1_7436,1775660940,1775660831,default
1775660831,1_57453,1_100060,168,1_664460610,1_7976211,1775662200,1775662211,default
1775660831,1_52306,1_102619,F Line,1_635449110,1_7976017,1775661000,1775661000,default
1775660831,1_17950,1_100062,17,1_721362420,1_7974608,1775661480,1775661480,default
1775660831,1_59282,1_102717,165,1_800649650,1_7489,1775661000,1775659237,default
1775660831,1_59282,1_102717,165,1_800649660,1_8023727,1775662800,1775662800,default
1775660831,1_68160,1_102548,B Line,1_721018050,1_6046,1775661010,1775660927,default
1775660831,1_10210,1_102729,322,1_803353290,1_8113,1775662320,1775662379,default
1775660831,1_620,1_100011,111,1_664454980,1_7415,1775661120,1775660937,default
1775660831,1_620,40_100240,554,40_774868700,40_9647,1775661000,1775660946,default
1775660831,1_620,40_590,590,40_2334020,40_9737,1775661120,1775661094,default
1775660831,1_620,40_100239,550,40_597754810,40_9810,1775661060,1775661265,default
1775660831,1_10912,1_100162,271,1_585555270,1_7976620,1775661240,1775661240,default
1775660831,1_10912,40_100511,542,40_569567870,40_7976686,1775661960,1775661960,default
1775660831,1_10912,1_100162,271,1_585519140,1_7976348,1775662200,1775662200,default
1775660831,1_10912,1_100162,271,1_569495660,1_7976723,1775663040,1775663040,default
1775660831,1_10912,1_100162,271,1_671213680,1_6851,1775663760,1775663760,default
1775660831,1_10912,1_100162,271,1_671213680,1_7976721,1775663760,1775663760,default
1775660831,1_71960,40_100511,542,40_721031250,40_7976608,1775661480,1775661480,default
1775661131,1_22196,1_102736,H Line,1_694057650,1_6093,1775661246,1775661135,default
1775661131,1_60161,1_100042,148,1_762076930,1_7976061,1775661180,1775661180,default
1775661131,1_60161,1_100042,148,1_762077090,1_7976055,1775662980,1775662980,default
1775661131,1_575,1_100089,2,1_788758050,1_7119,1775661180,1775661145,default
1775661131,1_2850,1_100089,2,1_788758070,1_7155,1775661900,1775660445,default
1775661131,1_46505,1_102619,F Line,1_635449260,1_7976074,1775661180,1775661180,default
1775661131,1_46505,1_102619,F Line,1_635448490,1_7976083,1775662080,1775662080,default
1775661131,1_29423,1_102732,79,1_817872860,1_8022127,1775661600,1775661600,default
1775661131,1_29423,1_102732,79,1_816446390,1_8022070,1775662200,1775662200,default
1775661131,1_40060,1_102574,40,1_811901110,1_8257,1775661188,1775661142,default
1775661131,1_280,1_102754,256,1_816378580,1_7425,1775661382,1775661113,default
1775661131,1_57453,1_100060,168,1_664460610,1_7976211,1775662200,1775662200,default
1775661131,1_75770,1_102615,E Line,1_816541410,1_6271,1775662037,1775661103,default
1775661131,1_10653,1_100252,62,1_800855970,1_8002,1775661388,1775661071,default
1775661131,1_52306,1_102619,F Line,1_656237180,1_7976229,1775661900,1775661900,default
1775661131,1_80121,1_102719,161,1_800652070,1_7311,1775661226,1775661186,default
1775661131,1_70665,1_102702,239,1_736529070,1_3723,1775661420,1775661200,default
1775661131,1_17950,1_100062,17,1_721362420,1_7974608,1775661480,1775661480,default
1775661131,1_57804,1_100072,181,1_721481780,1_7355,1775661442,1775661570,default
1775661131,1_59282,1_100072,181,1_721481920,1_7173,1775662080,1775660999,default
1775661131,1_59282,1_102717,165,1_800649660,1_8023727,1775662800,1775662800,default
1775661131,1_10210,1_102729,322,1_803353290,1_8113,1775662320,1775662379,default
1775661131,1_57940,1_102720,160,1_770989010,1_7442,1775661297,1775661217,default
1775661131,1_10912,40_100511,542,40_569567870,40_7976686,1775661960,1775661960,default
1775661131,1_10912,1_100162,271,1_585519140,1_7976348,1775662200,1775662200,default
1775661131,1_10912,1_100162,271,1_569495660,1_7976723,1775663040,1775663040,default
1775661131,1_10912,40_100511,542,40_569562190,40_7976602,1775663160,1775663160,default
1775661131,1_10912,1_100162,271,1_671213680,1_6851,1775663760,1775663760,default
1775661131,1_71960,40_100511,542,40_721031250,40_9690,1775661480,1775661060,default
1775661131,1_71960,40_100511,542,40_721031250,40_7976608,1775661480,1775661480,default
1775661131,1_8403,1_100039,14,1_562518760,1_4392,1775661300,1775661318,default
1775661431,1_60161,1_100042,148,1_762077090,1_7976055,1775662980,1775662980,default
1775661431,1_2850,1_100089,2,1_788758070,1_7155,1775661900,1775660445,default
1775661431,1_46505,1_102619,F Line,1_635448490,1_7976083,1775662080,1775662080,default
1775661431,1_29423,1_102732,79,1_817872860,1_8022127,1775661600,1775661600,default
1775661431,1_29423,1_102732,79,1_816446390,1_8022070,1775662200,1775662200,default
1775661431,1_57453,1_100060,168,1_664460610,1_7976211,1775662200,1775662200,default
1775661431,1_58342,1_100072,181,1_721490260,1_7314,1775661420,1775661532,default
1775661431,1_10653,1_100252,62,1_721367970,1_8011,1775661600,1775661461,default
1775661431,1_52306,1_102619,F Line,1_656237180,1_7976229,1775661900,1775661900,default
1775661431,1_99254,1_100003,101,1_800668620,1_8159,1775661100,1775661540,default
1775661431,1_99254,40_595,595,40_2760020,40_9722,1775661333,1775661563,default
1775661431,1_59282,1_100072,181,1_721481920,1_7173,1775662080,1775660999,default
1775661431,1_59282,1_102717,165,1_800649220,1_7148,1775661660,1775661430,default
1775661431,1_59282,1_102717,165,1_800649660,1_8023727,1775662800,1775662800,default
1775661431,1_14280,1_102581,D Line,1_628189320,1_6055,1775661698,1775661460,default
1775661431,1_10210,1_102729,322,1_803353290,1_8113,1775662320,1775662379,default
1775661431,1_10210,1_100177,303,1_803352700,1_8139,1775662380,1775662997,default
1775661431,1_25791,1_100214,372,1_694305930,1_6951,1775661420,1775661602,default
1775661431,1_620,40_100240,554,40_774870500,40_9648,1775661780,1775661741,default
1775661431,1_620,1_100459,218,1_774864120,1_6920,1775661840,1775662118,default
1775661431,1_10912,40_100511,542,40_569567870,40_7976686,1775661960,1775661960,default
1775661431,1_10912,1_100162,271,1_585519140,1_7976348,1775662200,1775662200,default
1775661431,1_10912,1_100162,271,1_569495660,1_7976723,1775663040,1775663040,default
1775661431,1_10912,40_100511,542,40_569562190,40_7976602,1775663160,1775663160,default
1775661431,1_10912,1_100162,271,1_671213680,1_6851,1775663760,1775663760,default
1775661431,1_71960,1_102752,223,1_816297470,1_7235,1775661660,1775661580,default
1775661731,1_12170,1_100039,14,1_562518690,1_4323,1775661759,1775661759,default
1775661731,1_77930,1_102746,333,1_778703860,1_7232,1775661797,1775661785,default
1775661731,1_85800,1_100196,331,1_803353010,1_7219,1775661672,1775661819,default
1775661731,1_60161,1_100042,148,1_762077090,1_7976055,1775662980,1775662980,default
1775661731,1_575,1_102576,C Line,1_800868440,1_6254,1775661660,1775661781,default
1775661731,1_2850,1_100089,2,1_788758070,1_7155,1775661900,1775660445,default
1775661731,1_2850,1_100089,2,1_788757700,1_7117,1775662440,1775661565,default
1775661731,1_2850,1_100089,2,1_788757700,1_8023467,1775662440,1775662440,default
1775661731,1_46505,1_102619,F Line,1_635448490,1_6274,1775662080,1775661427,default
1775661731,1_29423,1_102732,79,1_816446390,1_8022070,1775662200,1775662200,default
1775661731,1_280,40_594,594,40_2339020,40_9312,1775661698,1775661800,default
1775661731,1_57453,1_100060,168,1_664460610,1_7976211,1775662200,1775662311,default
1775661731,1_74152,1_102753,222,1_774817760,1_7338,1775661872,1775661696,default
1775661731,1_52306,1_102619,F Line,1_656237180,1_7976229,1775661900,1775661900,default
1775661731,1_52306,1_102619,F Line,1_656236520,1_7976085,1775662800,1775662800,default
1775661731,1_58112,1_102619,F Line,1_635448340,1_6006,1775661441,1775661838,default
1775661731,1_38220,1_100214,372,1_694305740,1_6972,1775662125,1775661803,default
1775661731,1_59282,1_100072,181,1_721481920,1_7173,1775662080,1775660999,default
1775661731,1_59282,1_102717,165,1_800649660,1_7063,1775662800,1775661704,default
1775661731,1_59282,1_102717,165,1_800649660,1_8023727,1775662800,1775662800,default
1775661731,1_31890,1_100230,50,1_693838620,1_3735,1775661881,1775661757,default
1775661731,1_10210,1_102729,322,1_803353290,1_8113,1775662320,1775662379,default
1775661731,1_10210,1_102754,256,1_816378590,1_6876,1775662884,1775662725,default
1775661731,1_10210,1_100177,303,1_803352700,1_8139,1775662380,1775662997,default
1775661731,1_620,1_100459,218,1_774864120,1_6920,1775661840,1775661934,default
1775661731,1_620,40_595,595,40_2760020,40_9722,1775661720,1775661960,default
1775661731,1_620,40_100239,550,40_597756280,40_7976613,1775661780,1775662163,default
1775661731,1_620,1_100011,111,1_635433430,1_6976,1775662500,1775662731,default
1775661731,1_10912,40_100511,542,40_569567870,40_7976686,1775661960,1775661960,default
1775661731,1_10912,1_100162,271,1_585519140,1_7976348,1775662200,1775662200,default
1775661731,1_10912,1_100162,271,1_569495660,1_7976723,1775663040,1775663040,default
1775661731,1_10912,40_100511,542,40_569562190,40_7976602,1775663160,1775663160,default
1775661731,1_10912,1_100162,271,1_671213680,1_6851,1775663760,1775663760,default
1775661731,1_71960,40_100511,542,40_721030870,40_7976607,1775662740,1775662740,default
1775662031,1_60161,1_100042,148,1_762077090,1_7976055,1775662980,1775662980,default
1775662031,1_60161,1_100042,148,1_762077090,1_3755,1775662980,1775662980,default
1775662031,1_575,1_102576,C Line,1_800869140,1_6250,1775662980,1775663170,default
1775662031,1_2850,1_100089,2,1_788758080,1_7166,1775663400,1775662548,default
1775662031,1_46505,1_102619,F Line,1_656236730,1_7975997,1775663880,1775663880,default
1775662031,1_10653,1_100252,62,1_800856020,1_8081,1775664268,1775663078,default
1775662031,1_40801,1_100012,113,1_801580710,1_7040,1775661972,1775663386,default
1775662031,1_52306,1_102619,F Line,1_656236220,1_7976225,1775663700,1775663700,default
1775662031,1_7750,1_102615,E Line,1_761417650,1_6086,1775663226,1775663168,default
1775662031,1_71164,1_102753,222,1_774817450,1_7366,1775663451,1775663137,default
1775662031,1_41850,1_100249,60,1_801584920,1_8025826,1775660366,1775663270,default
1775662031,1_57804,1_100072,181,1_800642450,1_7474,1775663362,1775663463,default
1775662031,1_59282,1_100072,181,1_721481460,1_7355,1775663880,1775662602,default
1775662031,1_59282,1_100072,181,1_721481790,1_7976037,1775665680,1775665680,default
1775662031,1_82810,1_100133,240,1_806916170,1_7236,1775663684,1775663190,default
1775662031,1_31970,1_100230,50,1_785559200,1_3715,1775663281,1775663206,default
1775662031,1_10210,1_102729,322,1_803353310,1_8194,1775664720,1775664892,default
1775662031,1_620,40_100240,554,40_774870340,40_9675,1775663580,1775663233,default
1775662031,1_620,40_590,590,40_1296020,40_9218,1775663400,1775663382,default
1775662031,1_620,1_100104,212,1_774865960,1_7394,1775663820,1775663982,default
1775662031,1_10912,1_100162,271,1_671213680,1_6851,1775663760,1775663760,default
1775662031,1_10912,1_100162,271,1_569553850,1_7976666,1775664540,1775664540,default
1775662031,1_71960,40_100511,542,40_721031470,40_7976605,1775663940,1775663940,default
1775663305,1_49588,1_100030,131,1_800858190,1_8022,1775663340,1775663276,default
1775663305,1_575,1_100263,7,1_650129630,1_4502,1775663340,1775663363,default
1775663305,1_2850,1_100089,2,1_788758080,1_7166,1775663400,1775662548,default
1775663305,1_46505,1_102619,F Line,1_656236730,1_7975997,1775663880,1775663880,default
1775663305,1_10653,1_100252,62,1_800856020,1_8081,1775664268,1775663243,default
1775663305,1_52306,1_102619,F Line,1_656236220,1_7976225,1775663700,1775663700,default
1775663305,1_52306,1_102619,F Line,1_656236830,1_7976142,1775664600,1775664600,default
1775663305,1_59282,1_100072,181,1_721481460,1_7355,1775663880,1775662602,default
1775663305,1_59282,1_100072,181,1_721481790,1_7976037,1775665680,1775665680,default
1775663305,1_10210,1_102729,322,1_803353310,1_8194,1775664720,1775664892,default
1775663305,1_27270,1_100161,27,1_759817840,1_8033,1775663460,1775663381,default
1775663305,1_620,40_100236,545,40_806326030,40_9685,1775663580,1775663596,default
1775663305,1_620,40_100239,550,40_597752130,40_9574,1775663700,1775663831,default
1775663305,1_620,1_100104,212,1_774865960,1_7394,1775663820,1775663851,default
1775663305,1_10912,1_100162,271,1_671213680,1_6851,1775663760,1775663760,default
1775663305,1_10912,1_100162,271,1_569553850,1_7976666,1775664540,1775664540,default
1775663305,1_71960,40_100511,542,40_721031470,40_7976605,1775663940,1775663940,default
1775663305,1_8403,1_100039,14,1_562518780,1_4401,1775663160,1775663381,default
1775663605,1_12170,1_100039,14,1_562518780,1_4401,1775663739,1775663687,default
1775663605,1_970,40_578,578,40_2952020,40_41502,1775663727,1775663720,default
1775663605,1_12770,1_100228,48,1_721361930,1_8057,1775663560,1775663674,default
1775663605,1_75890,1_102615,E Line,1_768603400,1_6210,1775663725,1775663591,default
1775663605,1_320,40_594,594,40_2237020,40_9717,1775663700,1775663724,default
1775663605,1_575,1_102615,E Line,1_761417720,1_6104,1775663700,1775663613,default
1775663605,1_46505,1_102619,F Line,1_656236730,1_7975997,1775663880,1775663880,default
1775663605,1_52306,1_102619,F Line,1_656236220,1_7976225,1775663700,1775663700,default
1775663605,1_52306,1_102619,F Line,1_656236830,1_7976142,1775664600,1775664600,default
1775663605,1_54971,1_100004,105,1_635436200,1_1044,1775663513,1775663734,default
1775663605,1_59282,1_100072,181,1_721481460,1_7355,1775663880,1775662602,default
1775663605,1_59282,1_100072,181,1_721481790,1_7976037,1775665680,1775665680,default
1775663605,1_23905,1_100214,372,1_694306750,1_6984,1775662825,1775663779,default
1775663605,1_42540,1_100072,181,1_721481620,1_7398,1775663756,1775663707,default
1775663605,1_10210,1_102729,322,1_803353310,1_8194,1775664720,1775664892,default
1775663605,1_620,1_100104,212,1_774865960,1_7394,1775663820,1775663732,default
1775663605,1_10912,1_100162,271,1_569553850,1_7976666,1775664540,1775664540,default
1775663605,1_10912,40_100511,542,40_569565600,40_7976608,1775664600,1775664600,default
1775663605,1_71960,40_100511,542,40_721031470,40_7976605,1775663940,1775663940,default
1775663605,1_81982,1_100196,331,1_803352710,1_7257,1775663761,1775663801,default
1775663905,1_60161,1_100042,148,1_762077020,1_7976053,1775664840,1775664840,default
1775663905,1_30510,1_100249,60,1_801584890,1_8025825,1775661041,1775663944,default
1775663905,1_51651,1_102736,H Line,1_694057660,1_6063,1775664098,1775663906,default
1775663905,1_320,40_100239,550,40_597756260,40_9818,1775663760,1775663949,default
1775663905,1_575,1_102576,C Line,1_800868260,1_6270,1775663820,1775663940,default
1775663905,1_2850,1_100089,2,1_788757710,1_7157,1775664360,1775663279,default
1775663905,1_76024,1_102702,239,1_736529590,1_3723,1775663966,1775663979,default
1775663905,1_52306,1_102619,F Line,1_656236830,1_7976142,1775664600,1775664600,default
1775663905,1_8530,1_100039,14,1_562518850,1_4404,1775664052,1775664024,default
1775663905,1_59282,1_102717,165,1_800649670,1_8023716,1775664540,1775664540,default
1775663905,1_59282,1_100072,181,1_721481790,1_7976037,1775665680,1775665680,default
1775663905,1_10210,1_102754,256,1_816378600,1_6952,1775664684,1775664586,default
1775663905,1_10210,1_102729,322,1_803353310,1_8194,1775664720,1775664892,default
1775663905,1_620,40_100239,550,40_597756660,40_9684,1775664240,1775664242,default
1775663905,1_10912,1_100162,271,1_569553850,1_7976666,1775664540,1775664540,default
1775663905,1_10912,40_100511,542,40_569565600,40_7976608,1775664600,1775664600,default
1775663905,1_10912,1_100162,271,1_569495530,1_7976369,1775665500,1775665500,default
1775663905,1_76310,1_100214,372,1_694306470,1_7421,1775664115,1775664095,default
1775664205,1_60161,1_100042,148,1_762077020,1_7976053,1775664840,1775664840,default
1775664205,1_74327,1_102702,239,1_736529090,1_3717,1775664250,1775664100,default
1775664205,1_2850,1_100089,2,1_788757710,1_7157,1775664360,1775663279,default
1775664205,1_46505,1_102619,F Line,1_656236950,1_7976017,1775664780,1775664780,default
1775664205,1_10653,1_100252,62,1_800856020,1_8081,1775664268,1775664100,default
1775664205,1_52306,1_102619,F Line,1_656236830,1_7976142,1775664600,1775664600,default
1775664205,1_52306,1_102619,F Line,1_656237090,1_7976074,1775665500,1775665500,default
1775664205,1_21080,1_100249,60,1_801584990,1_8025821,1775664240,1775664342,default
1775664205,1_59282,1_102717,165,1_800649670,1_8023716,1775664540,1775664540,default
1775664205,1_59282,1_100072,181,1_721481790,1_7976037,1775665680,1775665680,default
1775664205,1_10210,1_102754,256,1_816378600,1_6952,1775664684,1775664431,default
1775664205,1_10210,1_102729,322,1_803353310,1_8194,1775664720,1775664892,default
1775664205,1_620,40_100236,545,40_806328030,40_8005182,1775664300,1775664419,default
1775664205,1_10912,1_100162,271,1_569553850,1_7976666,1775664540,1775664540,default
1775664205,1_10912,40_100511,542,40_569565600,40_7976608,1775664600,1775664600,default
1775664205,1_10912,1_100162,271,1_569495530,1_7976369,1775665500,1775665500,default
1775664205,1_71960,40_100511,542,40_721030860,40_7976686,1775665740,1775665740,default
1775664505,1_60161,1_100042,148,1_762077020,1_7976053,1775664840,1775664840,default
1775664505,1_46505,1_102619,F Line,1_656236950,1_7976017,1775664780,1775664780,default
1775664505,1_280,40_100240,554,40_560098600,40_7976705,1775664593,1775664593,default
1775664505,1_27420,1_100249,60,1_801584920,1_8025826,1775661368,1775664577,default
1775664505,1_52306,1_102619,F Line,1_656236830,1_7976142,1775664600,1775664600,default
1775664505,1_52306,1_102619,F Line,1_656237090,1_7976074,1775665500,1775665500,default
1775664505,1_2200,1_100275,8,1_800890890,1_8025047,1775664633,1775664633,default
1775664505,1_59282,1_100072,181,1_721481790,1_7976037,1775665680,1775665680,default
1775664505,1_10912,1_100162,271,1_569495530,1_7976369,1775665500,1775665500,default
1775664505,1_10912,1_100162,271,1_569496980,1_7976364,1775666460,1775666460,default
1775664505,1_71960,40_100511,542,40_721030860,40_7976686,1775665740,1775665740,default
1775664806,1_60161,1_100042,148,1_762077020,1_7976053,1775664840,1775664840,default
1775664806,1_2850,1_100089,2,1_788758090,1_8023470,1775665320,1775664600,default
1775664806,1_52306,1_102619,F Line,1_656237090,1_7976074,1775665500,1775665500,default
1775664806,1_21080,1_100249,60,1_801585070,1_8025820,1775664960,1775664974,default
1775664806,1_59282,1_100072,181,1_721481790,1_7976037,1775665680,1775665680,default
1775664806,1_10912,40_586,586,40_347020,40_9201,1775665244,1775665021,default
1775664806,1_10912,1_100162,271,1_569495530,1_7976369,1775665500,1775665500,default
1775664806,1_10912,40_100511,542,40_569563320,40_7976607,1775665920,1775665920,default
1775664806,1_10912,1_100162,271,1_569496980,1_7976364,1775666460,1775666460,default
1775664806,1_71960,40_100511,542,40_721030860,40_7976686,1775665740,1775665740,default
1775665106,1_46791,1_100016,118,1_669626680,1_7976006,1775665260,1775665318,default
1775665106,1_970,40_594,594,40_1835020,40_9722,1775665230,1775665209,default
1775665106,1_8541,1_100005,106,1_727785490,1_7975095,1775665140,1775665169,default
1775665106,1_2850,1_100089,2,1_788758090,1_8023470,1775665320,1775664600,default
1775665106,1_46505,1_102619,F Line,1_770992180,1_7976229,1775665740,1775665740,default
1775665106,1_29423,1_102732,79,1_816446360,1_8022069,1775665800,1775665800,default
1775665106,1_27420,1_100249,60,1_801584890,1_8025825,1775662148,1775665263,default
1775665106,1_52306,1_102619,F Line,1_656237090,1_7976074,1775665500,1775665500,default
1775665106,1_52306,1_102619,F Line,1_721495920,1_7976083,1775666340,1775666340,default
1775665106,1_9605,1_100259,67,1_761382980,1_7975710,1775665080,1775665240,default
1775665106,1_59282,1_100072,181,1_721481790,1_7976037,1775665680,1775664928,default
1775665106,1_59282,1_102717,165,1_800649680,1_8023877,1775666220,1775665109,default
1775665106,1_620,1_100104,212,1_774865930,1_7976681,1775665980,1775665981,default
1775665106,1_10912,1_100447,49,1_801235390,1_8023497,1775665290,1775665290,default
1775665106,1_10912,1_100162,271,1_569495530,1_7976369,1775665500,1775665500,default
1775665106,1_10912,40_100511,542,40_569563320,40_7976607,1775665920,1775665920,default
1775665106,1_10912,1_100162,271,1_569496980,1_7976364,1775666460,1775666460,default
1775665106,1_71960,40_100511,542,40_721030860,40_7976686,1775665740,1775665740,default
1775665106,1_81982,1_100196,331,1_803352780,1_8022030,1775665321,1775665328,default
1775665406,1_51740,1_100030,131,1_800857960,1_8024990,1775665422,1775665426,default
1775665406,1_320,40_594,594,40_1835020,40_9722,1775665500,1775665451,default
1775665406,1_8080,1_100005,106,1_727785620,1_7975007,1775665462,1775665419,default
1775665406,1_46505,1_102619,F Line,1_770992180,1_7976229,1775665740,1775665740,default
1775665406,1_29423,1_102732,79,1_816446360,1_8022069,1775665800,1775665800,default
1775665406,1_27420,1_100249,60,1_801585200,1_8025818,1775663588,1775665480,default
1775665406,1_27420,1_100249,60,1_801584900,1_8025824,1775662868,1775665504,default
1775665406,1_27420,1_100249,60,1_801584960,1_8025823,1775664308,1775665540,default
1775665406,1_52306,1_102619,F Line,1_656237090,1_7976074,1775665500,1775665500,default
1775665406,1_52306,1_102619,F Line,1_721495920,1_7976083,1775666340,1775666340,default
1775665406,1_41940,1_100249,60,1_801584890,1_8025825,1775662417,1775665530,default
1775665406,1_2200,1_100275,8,1_800891520,1_8025041,1775665533,1775665533,default
1775665406,1_59282,1_100072,181,1_721481790,1_7976037,1775665680,1775664928,default
1775665406,1_59282,1_102717,165,1_800649680,1_8023877,1775666220,1775665109,default
1775665406,1_60710,1_100512,A Line,1_800652820,1_8023792,1775665546,1775665558,default
1775665406,1_620,1_100104,212,1_774865930,1_7976681,1775665980,1775665981,default
1775665406,1_10912,1_100264,70,1_801593700,1_8025832,1775665606,1775665606,default
1775665406,1_10912,40_100511,542,40_569563320,40_7976607,1775665920,1775665920,default
1775665406,1_10912,1_100162,271,1_569496980,1_7976364,1775666460,1775666460,default
1775665406,1_71960,40_100511,542,40_721030860,40_7976686,1775665740,1775665740,default
1775665706,1_103,1_102745,G Line,1_736434910,1_7974686,1775665726,1775665733,default
1775665706,1_481,1_100024,125,1_721357690,1_7974703,1775664900,1775665731,default
1775665706,1_60161,1_100042,148,1_762077480,1_7976051,1775666640,1775666640,default
1775665706,1_8541,1_100263,7,1_800588060,1_8023406,1775665740,1775665750,default
1775665706,1_575,1_102581,D Line,1_803817550,1_8023487,1775665740,1775665746,default
1775665706,1_575,1_100264,70,1_801593690,1_8026407,1775665800,1775665800,default
1775665706,1_2850,1_100089,2,1_788757720,1_8023471,1775666340,1775666340,default
1775665706,1_29423,1_102732,79,1_816446360,1_8022069,1775665800,1775665800,default
1775665706,1_52306,1_102619,F Line,1_721495920,1_7976083,1775666340,1775666340,default
1775665706,1_8530,1_100039,14,1_562518920,1_7974992,1775665852,1775665868,default
1775665706,1_59282,1_102717,165,1_800649680,1_8023877,1775666220,1775665109,default
1775665706,1_25791,1_100214,372,1_694305760,1_7976749,1775665898,1775665922,default
1775665706,1_620,1_100104,212,1_774865930,1_7976681,1775665980,1775665981,default
1775665706,1_10912,40_100511,542,40_569563320,40_7976607,1775665920,1775665920,default
1775665706,1_10912,1_100162,271,1_569496980,1_7976364,1775666460,1775666460,default
1775665706,1_59070,1_100072,181,1_721481790,1_7976037,1775665886,1775665895,default
1775665706,1_81982,1_102746,333,1_778705030,1_7975729,1775665899,1775665899,default
1775665706,1_3000,1_100089,2,1_788758090,1_8023470,1775665872,1775665874,default
1775665706,1_76310,1_100214,372,1_694305960,1_7976757,1775665901,1775665901,default
1775666006,1_103,1_102745,G Line,1_736435000,1_7974689,1775666086,1775666091,default
1775666006,1_60161,1_100042,148,1_762077480,1_7976051,1775666640,1775665832,default
1775666006,1_8541,1_100005,106,1_727785580,1_7975005,1775666040,1775666040,default
1775666006,1_320,40_100240,554,40_736592590,40_7976696,1775666100,1775666100,default
1775666006,1_2850,1_100089,2,1_788757720,1_8023471,1775666340,1775665710,default
1775666006,1_77910,1_102746,333,1_778703910,1_7975682,1775666047,1775666063,default
1775666006,1_46505,1_102619,F Line,1_770991530,1_7976085,1775666640,1775666640,default
1775666006,1_11590,1_100002,10,1_675385280,1_7974875,1775666096,1775666106,default
1775666006,1_1510,1_100001,1,1_800579810,1_8023463,1775666094,1775666094,default
1775666006,1_52306,1_102619,F Line,1_721495920,1_7976083,1775666340,1775666340,default
1775666006,1_52306,1_102619,F Line,1_721496180,1_7976226,1775667240,1775667240,default
1775666006,1_10370,1_102732,79,1_816446360,1_8022069,1775666106,1775666108,default
1775666006,1_99254,40_590,590,40_219020,40_9217,1775665953,1775666167,default
1775666006,1_59282,1_102717,165,1_800649680,1_8023877,1775666220,1775665109,default
1775666006,1_60710,1_100512,A Line,1_800643290,1_8023718,1775666146,1775666159,default
1775666006,1_10912,1_100264,70,1_801593560,1_8026410,1775666206,1775666206,default
1775666006,1_10912,1_100162,271,1_569496980,1_7976364,1775666460,1775666460,default
1775666006,1_10912,40_100511,542,40_569562640,40_7976605,1775667180,1775667180,default
1775666006,1_10912,1_100162,271,1_569496600,1_7976370,1775667360,1775667360,default
1775666006,1_41900,1_100289,9,1_664068640,1_7974574,1775666220,1775666220,default
1775666006,1_18550,1_100252,62,1_721368040,1_7974587,1775666156,1775666180,default
1775666306,1_52638,40_574,574,40_131020,40_9738,1775666446,1775666356,default
1775666306,1_60161,1_100042,148,1_762077480,1_7976051,1775666640,1775665832,default
1775666306,1_8541,1_100263,7,1_800588050,1_8023409,1775666340,1775666351,default
1775666306,1_68784,1_100136,245,1_761787940,1_7976345,1775666338,1775666363,default
1775666306,1_575,1_102581,D Line,1_803817590,1_8023442,1775666340,1775666349,default
1775666306,1_2850,1_100089,2,1_788757720,1_8023471,1775666340,1775665710,default
1775666306,1_46505,1_102619,F Line,1_770991530,1_7976085,1775666640,1775666640,default
1775666306,1_27420,1_100249,60,1_801585610,1_8025816,1775666408,1775666440,default
1775666306,1_57453,1_102720,160,1_694517290,1_7976099,1775666340,1775666360,default
1775666306,1_75143,1_102746,333,1_778703920,1_7975728,1775666362,1775666382,default
1775666306,1_74743,1_102702,239,1_736529610,1_7976432,1775666348,1775666374,default
1775666306,1_52306,1_102619,F Line,1_721496180,1_7976226,1775667240,1775667240,default
1775666306,1_70665,1_102704,250,1_806914860,1_8024724,1775666451,1775666455,default
1775666306,1_2200,1_100275,8,1_800890800,1_8025046,1775666433,1775666433,default
1775666306,1_59872,1_102619,F Line,1_656236830,1_7976142,1775666452,1775666466,default
1775666306,1_620,1_100104,212,1_774865940,1_7976688,1775667180,1775667184,default
1775666306,1_10912,1_100447,49,1_801235380,1_8023492,1775666490,1775666490,default
1775666306,1_10912,40_100511,542,40_569562640,40_7976605,1775667180,1775667180,default
1775666306,1_10912,1_100162,271,1_569496600,1_7976370,1775667360,1775667360,default
1775666606,1_55812,1_100005,106,1_727785620,1_7975007,1775666621,1775666591,default
1775666606,1_60161,1_100042,148,1_762077480,1_7976051,1775666640,1775665832,default
1775666606,1_575,1_100001,1,1_800579810,1_8023463,1775666640,1775666647,default
1775666606,1_575,1_100210,36,1_800582410,1_8023381,1775666700,1775666700,default
1775666606,1_2850,1_100089,2,1_788758100,1_8023453,1775667240,1775666432,default
1775666606,1_82324,1_100196,331,1_803352960,1_8022115,1775666701,1775666701,default
1775666606,1_52306,1_102619,F Line,1_721496180,1_7976226,1775667240,1775667240,default
1775666606,1_8530,1_100039,14,1_562518960,1_7974978,1775666752,1775666771,default
1775666606,1_59282,1_100072,181,1_721481640,1_7976104,1775667480,1775666462,default
1775666606,1_30180,1_100006,107,1_635437160,1_7976055,1775666736,1775666746,default
1775666606,1_19921,1_100101,21,1_809330650,1_8025801,1775666746,1775666752,default
1775666606,1_60710,1_100512,A Line,1_800643300,1_8023806,1775666746,1775666760,default
1775666606,1_10210,1_100264,70,1_801593700,1_8025832,1775666746,1775666766,default
1775666606,1_25791,1_100214,372,1_694306670,1_7976754,1775666798,1775666823,default
1775666606,1_620,40_100240,554,40_774868460,40_7976707,1775667120,1775667120,default
1775666606,1_620,1_100104,212,1_774865940,1_7976688,1775667180,1775667184,default
1775666606,1_10912,1_100264,70,1_801593530,1_8026409,1775666806,1775666806,default
1775666606,1_10912,40_100511,542,40_569562640,40_7976605,1775667180,1775667180,default
1775666606,1_10912,1_100162,271,1_569496600,1_7976370,1775667360,1775667360,default
1775666606,1_10912,1_100162,271,1_569496420,1_7976349,1775668260,1775668260,default
1775666606,1_10912,40_100511,542,40_569565790,40_7976685,1775668260,1775668260,default
1775666606,1_8403,1_100039,14,1_562518910,1_7974977,1775666760,1775666761,default
1775666906,1_60161,1_100042,148,1_762077070,1_7976052,1775670240,1775670240,default
1775666906,1_8541,1_100005,106,1_727785500,1_7975011,1775666940,1775666940,default
1775666906,1_8541,1_100263,7,1_800588030,1_8023484,1775666940,1775666951,default
1775666906,1_575,1_102576,C Line,1_800869510,1_8024970,1775666940,1775666942,default
1775666906,1_575,1_102581,D Line,1_803817600,1_8022077,1775666940,1775666950,default
1775666906,1_2850,1_100089,2,1_788758100,1_8023453,1775667240,1775666432,default
1775666906,1_77910,1_102746,333,1_778703920,1_7975728,1775666947,1775666968,default
1775666906,1_46505,1_102619,F Line,1_770991230,1_7976225,1775667540,1775667540,default
1775666906,1_1510,1_100001,1,1_800579860,1_8023421,1775666994,1775666997,default
1775666906,1_52306,1_102619,F Line,1_721496180,1_7976226,1775667240,1775667240,default
1775666906,1_52306,1_102619,F Line,1_656236740,1_7975997,1775668200,1775668200,default
1775666906,1_81426,1_102702,239,1_736529610,1_7976432,1775666995,1775667004,default
1775666906,1_99254,40_594,594,40_503020,40_9721,1775666973,1775667042,default
1775666906,1_59282,1_100072,181,1_721481640,1_7976104,1775667480,1775666462,default
1775666906,1_59282,1_102717,165,1_800649690,1_8023881,1775668020,1775668020,default
1775666906,1_45230,40_560,560,40_1367020,40_41506,1775667041,1775667062,default
1775666906,1_620,40_100240,554,40_774868460,40_7976707,1775667120,1775667120,default
1775666906,1_620,1_100104,212,1_774865940,1_7976688,1775667180,1775667184,default
1775666906,1_620,40_100239,550,40_597754900,40_7976646,1775667540,1775667543,default
1775666906,1_10912,40_100511,542,40_569562640,40_7976605,1775667180,1775667180,default
1775666906,1_10912,1_100162,271,1_569496600,1_7976370,1775667360,1775667360,default
1775666906,1_10912,1_100162,271,1_569496420,1_7976349,1775668260,1775668260,default
1775666906,1_10912,40_100511,542,40_569565790,40_7976685,1775668260,1775668260,default
1775666906,1_71960,40_100511,542,40_721031290,40_7976608,1775667660,1775667660,default
1775666906,1_81982,1_100196,331,1_803352960,1_8022115,1775667121,1775667124,default
1775666906,1_8403,1_100039,14,1_562518910,1_7974977,1775666760,1775666761,default
1775667206,1_12170,1_100039,14,1_562518910,1_7974977,1775667339,1775667339,default
1775667206,1_60161,1_100042,148,1_762077070,1_7976052,1775670240,1775670240,default
1775667206,1_970,40_594,594,40_1717020,40_9713,1775667004,1775667233,default
1775667206,1_68784,1_100136,245,1_761787590,1_7976379,1775667238,1775667263,default
1775667206,1_575,1_100264,70,1_801594220,1_8026417,1775667240,1775667269,default
1775667206,1_575,1_100210,36,1_800582490,1_8023483,1775667300,1775667303,default
1775667206,1_46505,1_102619,F Line,1_770991230,1_7976225,1775667540,1775667540,default
1775667206,1_280,40_594,594,40_1717020,40_9713,1775667063,1775667258,default
1775667206,1_11590,1_100002,10,1_675385450,1_7974882,1775667296,1775667305,default
1775667206,1_45920,1_100030,131,1_800857250,1_8024994,1775666011,1775667255,default
1775667206,1_52306,1_102619,F Line,1_656236740,1_7975997,1775668200,1775668200,default
1775667206,1_30800,1_100249,60,1_801585050,1_8025826,1775665458,1775667318,default
1775667206,1_27360,1_100161,27,1_759818050,1_7974705,1775667304,1775667309,default
1775667206,1_63811,1_100160,269,1_806917730,1_8024686,1775667318,1775667321,default
1775667206,1_2200,1_100275,8,1_800891180,1_8025080,1775667333,1775667333,default
1775667206,1_59282,1_100072,181,1_721481640,1_7976104,1775667480,1775666462,default
1775667206,1_59282,1_102717,165,1_800649690,1_8023881,1775668020,1775668020,default
1775667206,1_23905,1_100214,372,1_694306520,1_7976640,1775667325,1775667337,default
1775667206,1_59872,1_102619,F Line,1_656237090,1_7976074,1775667352,1775667366,default
1775667206,1_60710,1_100512,A Line,1_800652910,1_8023719,1775667346,1775667363,default
1775667206,1_620,40_594,594,40_503020,40_9721,1775667360,1775667444,default
1775667206,1_620,40_100239,550,40_597754900,40_7976646,1775667540,1775667543,default
1775667206,1_10912,1_100264,70,1_801593510,1_8026408,1775667406,1775667406,default
1775667206,1_10912,1_100162,271,1_569496420,1_7976349,1775668260,1775668260,default
1775667206,1_10912,40_100511,542,40_569565790,40_7976685,1775668260,1775668260,default
1775667206,1_71960,40_100511,542,40_721031290,40_7976608,1775667660,1775667660,default
1775667506,1_103,1_102745,G Line,1_736435060,1_7974687,1775667526,1775667535,default
1775667506,1_8310,1_100263,7,1_800589090,1_8023428,1775667531,1775667539,default
1775667506,1_60161,1_100042,148,1_762077280,1_7976071,1775668440,1775668440,default
1775667506,1_60161,1_100042,148,1_762077070,1_7976052,1775670240,1775670240,default
1775667506,1_24430,1_100132,24,1_690551250,1_7974556,1775667526,1775667527,default
1775667506,1_8541,1_100263,7,1_800588460,1_8023405,1775667540,1775667555,default
1775667506,1_575,1_102576,C Line,1_800869400,1_8025089,1775667540,1775667542,default
1775667506,1_575,1_102581,D Line,1_800601220,1_8023488,1775667540,1775667549,default
1775667506,1_575,1_100001,1,1_800579860,1_8023421,1775667540,1775667549,default
1775667506,1_575,1_100173,3,1_761127000,1_7974914,1775667600,1775667602,default
1775667506,1_27420,1_100161,27,1_759818050,1_7974705,1775667594,1775667612,default
1775667506,1_77460,1_100205,348,1_771627240,1_7975646,1775667585,1775667590,default
1775667506,1_52306,1_102619,F Line,1_656236740,1_7975997,1775668200,1775668200,default
1775667506,1_80121,1_102719,161,1_800652100,1_8023733,1775667346,1775667590,default
1775667506,1_8530,1_100005,106,1_727785620,1_7975007,1775667606,1775667616,default
1775667506,1_8530,1_100039,14,1_562518990,1_7974986,1775667652,1775667671,default
1775667506,1_57156,1_102720,160,1_770988870,1_7976105,1775667587,1775667599,default
1775667506,1_57350,1_102720,160,1_694517420,1_7976143,1775667600,1775667608,default
1775667506,1_59282,1_102717,165,1_800649690,1_8023881,1775668020,1775667424,default
1775667506,1_59282,1_100072,181,1_721481480,1_7976015,1775671080,1775671080,default
1775667506,1_30180,1_100006,107,1_696733650,1_7976108,1775667636,1775667647,default
1775667506,1_82675,1_102705,230,1_664298410,1_7976384,1775667647,1775667649,default
1775667506,1_55831,1_100005,106,1_727785470,1_7975009,1775667608,1775667655,default
1775667506,1_21320,1_100249,60,1_801585640,1_8026428,1775666460,1775667663,default
1775667506,1_25791,1_100214,372,1_694306780,1_7976759,1775667698,1775667724,default
1775667506,1_10912,1_100447,49,1_801235330,1_8023490,1775667690,1775667690,default
1775667506,1_10912,1_100162,271,1_569496420,1_7976349,1775668260,1775668260,default
1775667506,1_10912,40_100511,542,40_569565790,40_7976685,1775668260,1775668260,default
1775667506,1_10912,1_100162,271,1_569496250,1_7976353,1775669160,1775669160,default
1775667506,1_8403,1_100039,14,1_562518970,1_7974988,1775667600,1775667603,default
1775667506,1_41900,1_100249,60,1_801585070,1_8025820,1775667660,1775667680,default
1775667806,1_103,1_102745,G Line,1_736437080,1_7974688,1775667886,1775667894,default
1775667806,1_60161,1_100042,148,1_762077280,1_7976071,1775668440,1775668440,default
1775667806,1_60161,1_100042,148,1_762077070,1_7976052,1775670240,1775670240,default
1775667806,1_8541,1_100005,106,1_727785560,1_7975013,1775667840,1775667840,default
1775667806,1_30790,1_100006,107,1_635437040,1_7976061,1775667852,1775667868,default
1775667806,1_30510,1_100006,107,1_635437160,1_7976055,1775667859,1775667875,default
1775667806,1_74327,1_102702,239,1_736529110,1_7976433,1775667868,1775667873,default
1775667806,1_575,1_100028,13,1_788758890,1_8023471,1775667840,1775667848,default
1775667806,1_575,1_100210,36,1_800584160,1_8023384,1775667900,1775667905,default
1775667806,1_2850,1_100089,2,1_788757730,1_8023466,1775668200,1775667605,default
1775667806,1_46505,1_102619,F Line,1_770991840,1_7976142,1775668440,1775668440,default
1775667806,1_1510,1_100005,106,1_727785620,1_7975007,1775667852,1775667864,default
1775667806,1_1510,1_100001,1,1_800579910,1_8023457,1775667894,1775667898,default
1775667806,1_5489,1_102746,333,1_778705020,1_7975726,1775667880,1775667907,default
1775667806,1_52306,1_102619,F Line,1_656236740,1_7975997,1775668200,1775668200,default
1775667806,1_52306,1_102619,F Line,1_656236960,1_7976017,1775669100,1775669100,default
1775667806,1_60958,1_100023,124,1_690551470,1_7974559,1775667891,1775667906,default
1775667806,1_30800,1_100006,107,1_635437040,1_7976061,1775667880,1775667910,default
1775667806,1_40030,1_102574,40,1_811900870,1_8026395,1775667975,1775667977,default
1775667806,1_45751,1_100023,124,1_690551320,1_7974561,1775667917,1775667922,default
1775667806,1_41850,1_100006,107,1_635437160,1_7976055,1775667937,1775667938,default
1775667806,1_49630,1_100031,132,1_800858340,1_8024989,1775667894,1775667923,default
1775667806,1_54971,1_100004,105,1_635436310,1_7976219,1775667979,1775667994,default
1775667806,1_59282,1_102717,165,1_800649690,1_8023881,1775668020,1775667424,default
1775667806,1_59282,1_100072,181,1_721481480,1_7976015,1775671080,1775671080,default
1775667806,1_81749,1_100160,269,1_806917250,1_8024688,1775668054,1775668064,default
1775667806,1_60710,1_100512,A Line,1_800643310,1_8023745,1775667946,1775667962,default
1775667806,1_57420,1_102720,160,1_694517420,1_7976143,1775667940,1775667958,default
1775667806,1_10210,1_100264,70,1_801593530,1_8026409,1775667946,1775667969,default
1775667806,1_620,40_100239,550,40_597756250,40_7976613,1775668440,1775668444,default
1775667806,1_10912,1_100162,271,1_569496420,1_7976349,1775668260,1775668260,default
1775667806,1_10912,40_100511,542,40_569565790,40_7976685,1775668260,1775668260,default
1775667806,1_10912,1_100162,271,1_569496250,1_7976353,1775669160,1775669160,default
1775667806,1_10912,40_100511,542,40_569567950,40_7976686,1775669880,1775669880,default
1775668106,1_12170,1_100039,14,1_562518970,1_7974988,1775668179,1775668179,default
1775668106,1_60161,1_100042,148,1_762077280,1_7976071,1775668440,1775667907,default
1775668106,1_60161,1_100042,148,1_762077070,1_7976052,1775670240,1775670240,default
1775668106,1_8541,1_100263,7,1_800588070,1_8023403,1775668140,1775668157,default
1775668106,1_7790,1_102615,E Line,1_768603540,1_7975042,1775668149,1775668151,default
1775668106,1_575,1_102581,D Line,1_800600670,1_8022078,1775668140,1775668140,default
1775668106,1_575,1_102576,C Line,1_800868280,1_8024965,1775668140,1775668145,default
1775668106,1_13830,1_102581,D Line,1_800601100,1_8023437,1775668151,1775668178,default
1775668106,1_2850,1_100089,2,1_788757730,1_8023466,1775668200,1775667605,default
1775668106,1_46505,1_102619,F Line,1_770991840,1_7976142,1775668440,1775668440,default
1775668106,1_82674,1_102705,230,1_664298470,1_7976336,1775668140,1775668165,default
1775668106,1_11569,1_100002,10,1_675382870,1_7974876,1775668161,1775668178,default
1775668106,1_52306,1_102619,F Line,1_656236740,1_7975997,1775668200,1775668200,default
1775668106,1_52306,1_102619,F Line,1_656236960,1_7976017,1775669100,1775669100,default
1775668106,1_99254,40_594,594,40_3904020,40_9310,1775668173,1775668304,default
1775668106,1_70665,1_102702,239,1_736529110,1_7976433,1775668210,1775668224,default
1775668106,1_70665,1_102704,250,1_806914920,1_8024719,1775668251,1775668259,default
1775668106,1_41850,1_100249,60,1_801585350,1_8025884,1775668257,1775668262,default
1775668106,1_53870,1_100026,128,1_806634040,1_8023657,1775668226,1775668226,default
1775668106,1_2200,1_100275,8,1_800891360,1_8025042,1775668233,1775668233,default
1775668106,1_57804,1_100072,181,1_800642620,1_8023858,1775668702,1775668713,default
1775668106,1_22184,1_100249,60,1_801585050,1_8025826,1775667245,1775668237,default
1775668106,1_59282,1_100072,181,1_721481480,1_7976015,1775671080,1775671080,default
1775668106,1_23905,1_100214,372,1_694306760,1_7976758,1775668225,1775668239,default
1775668106,1_59872,1_102619,F Line,1_721495920,1_7976083,1775668252,1775668268,default
1775668106,1_620,1_100045,150,1_694512980,1_7976149,1775668260,1775668282,default
1775668106,1_620,40_100239,550,40_597756250,40_7976613,1775668440,1775668444,default
1775668106,1_10912,1_100162,271,1_569496250,1_7976353,1775669160,1775669160,default
1775668106,1_10912,40_100511,542,40_569567950,40_7976686,1775669880,1775669880,default
1775668106,1_71960,40_100511,542,40_721030830,40_7976607,1775669460,1775669460,default
1775668406,1_29217,1_100224,44,1_664047170,1_7974983,1775668418,1775668424,default
1775668406,1_60161,1_100042,148,1_762077280,1_7976071,1775668440,1775667907,default
1775668406,1_60161,1_100042,148,1_762077070,1_7976052,1775670240,1775670240,default
1775668406,1_8541,1_100039,14,1_562519030,1_7974989,1775668500,1775668504,default
1775668406,1_575,1_100219,4,1_675345560,1_7974866,1775668440,1775668444,default
1775668406,1_575,1_100001,1,1_800579910,1_8023457,1775668440,1775668450,default
1775668406,1_575,1_100210,36,1_800582470,1_8023382,1775668500,1775668507,default
1775668406,1_2850,1_100089,2,1_788758110,1_8023472,1775668980,1775668146,default
1775668406,1_29423,1_102732,79,1_816446430,1_8022070,1775669400,1775669400,default
1775668406,1_27420,1_100249,60,1_801585060,1_8025819,1775668508,1775668514,default
1775668406,1_11590,1_100002,10,1_675382870,1_7974876,1775668496,1775668502,default
1775668406,1_3470,1_100249,60,1_801585350,1_8025884,1775668440,1775668466,default
1775668406,1_77460,1_100205,348,1_771626920,1_7975643,1775668485,1775668491,default
1775668406,1_59510,1_100042,148,1_800645840,1_8023812,1775668458,1775668477,default
1775668406,1_52306,1_102619,F Line,1_656236960,1_7976017,1775669100,1775669100,default
1775668406,1_81426,1_102702,239,1_736529620,1_7976434,1775668495,1775668509,default
1775668406,1_8530,1_100039,14,1_562521070,1_7974993,1775668552,1775668572,default
1775668406,1_8530,1_100005,106,1_727785470,1_7975009,1775668506,1775668579,default
1775668406,1_57156,1_102720,160,1_770988670,1_7976098,1775668487,1775668502,default
1775668406,1_57350,1_102720,160,1_694518060,1_7976097,1775668500,1775668507,default
1775668406,1_57804,1_100072,181,1_800642620,1_8023858,1775668702,1775668713,default
1775668406,1_59282,1_100072,181,1_721481940,1_7976082,1775669280,1775668265,default
1775668406,1_59282,1_100072,181,1_721481480,1_7976015,1775671080,1775671080,default
1775668406,1_30180,1_100006,107,1_635437020,1_7976053,1775668536,1775668542,default
1775668406,1_60710,1_100512,A Line,1_800643320,1_8023849,1775668606,1775668606,default
1775668406,1_42540,1_100072,181,1_721481790,1_7976037,1775668556,1775668561,default
1775668406,1_10210,1_100264,70,1_801593510,1_8026408,1775668546,1775668571,default
1775668406,1_25791,1_100214,372,1_694305920,1_7976764,1775668598,1775668626,default
1775668406,1_620,40_100240,554,40_774869900,40_7976694,1775668920,1775668922,default
1775668406,1_10912,1_100162,271,1_569496250,1_7976353,1775669160,1775669160,default
1775668406,1_10912,40_100511,542,40_569567950,40_7976686,1775669880,1775669880,default
1775668406,1_71960,40_100511,542,40_721030830,40_7976607,1775669460,1775669460,default
1775668406,1_25210,1_100225,45,1_803351390,1_8022094,1775668570,1775668581,default
1775668406,1_8403,1_100039,14,1_562518980,1_7974991,1775668500,1775668506,default
1775668706,1_26560,1_102574,40,1_811900860,1_8026393,1775668856,1775668860,default
1775668706,1_60161,1_100042,148,1_762077070,1_7976052,1775670240,1775670240,default
1775668706,1_60161,1_100042,148,1_762077140,1_7976054,1775672040,1775672040,default
1775668706,1_8541,1_100005,106,1_727785530,1_7975006,1775668740,1775668740,default
1775668706,1_8541,1_100263,7,1_800588040,1_8023407,1775668740,1775668758,default
1775668706,1_30510,1_100006,107,1_696733650,1_7976108,1775668759,1775668777,default
1775668706,1_51651,1_102736,H Line,1_694056910,1_7974899,1775668778,1775668778,default
1775668706,1_7790,1_102615,E Line,1_761418040,1_7975613,1775668749,1775668752,default
1775668706,1_575,1_102576,C Line,1_800868230,1_8024974,1775668740,1775668749,default
1775668706,1_575,1_102581,D Line,1_803817520,1_8023438,1775668740,1775668770,default
1775668706,1_2850,1_100089,2,1_788758110,1_8023472,1775668980,1775668146,default
1775668706,1_77910,1_102746,333,1_778703940,1_7975683,1775668741,1775668769,default
1775668706,1_46505,1_102619,F Line,1_770992090,1_7976074,1775669340,1775669340,default
1775668706,1_29423,1_102732,79,1_816446430,1_8022070,1775669400,1775669400,default
1775668706,1_74152,1_102753,222,1_774817800,1_7976396,1775668824,1775668773,default
1775668706,1_10653,1_100252,62,1_721368040,1_7974587,1775668800,1775668818,default
1775668706,1_5489,1_102746,333,1_778704900,1_7975682,1775668780,1775668806,default
1775668706,1_52306,1_102619,F Line,1_656236960,1_7976017,1775669100,1775669100,default
1775668706,1_52306,1_102619,F Line,1_656237200,1_7976229,1775670000,1775670000,default
1775668706,1_60958,1_100023,124,1_690551420,1_7974553,1775668791,1775668809,default
1775668706,1_99254,1_100003,101,1_762100800,1_7976166,1775668840,1775668846,default
1775668706,1_45751,1_100023,124,1_690551470,1_7974559,1775668817,1775668822,default
1775668706,1_41850,1_100006,107,1_696733650,1_7976108,1775668837,1775668840,default
1775668706,1_9030,1_100263,7,1_800588030,1_8023484,1775668844,1775668849,default
1775668706,1_59282,1_100072,181,1_721481940,1_7976082,1775669280,1775668265,default
1775668706,1_59282,1_102717,165,1_800649700,1_8023732,1775669820,1775668747,default
1775668706,1_59282,1_100072,181,1_721481480,1_7976015,1775671080,1775671080,default
1775668706,1_85531,1_102757,187,1_762095000,1_7976065,1775668920,1775668925,default
1775668706,1_57420,1_102720,160,1_694518060,1_7976097,1775668840,1775668867,default
1775668706,1_620,40_100240,554,40_774869900,40_7976694,1775668920,1775668922,default
1775668706,1_620,40_100239,550,40_597752630,40_7976616,1775669340,1775669346,default
1775668706,1_10912,1_100447,49,1_801235360,1_8023493,1775668890,1775668890,default
1775668706,1_10912,1_100162,271,1_569496250,1_7976353,1775669160,1775669160,default
1775668706,1_10912,40_100511,542,40_569567950,40_7976686,1775669880,1775669880,default
1775668706,1_10912,1_100162,271,1_569495880,1_7976665,1775670060,1775670060,default
1775668706,1_71960,40_100511,542,40_721030830,40_7976607,1775669460,1775669460,default
1775668706,1_81982,1_100196,331,1_803353050,1_8022056,1775668921,1775668923,default
1775669006,1_12170,1_100039,14,1_562518980,1_7974991,1775669079,1775669079,default
1775669006,1_46791,1_100016,118,1_669626690,1_7976006,1775669160,1775669165,default
1775669006,1_60161,1_100042,148,1_762077070,1_7976052,1775670240,1775670240,default
1775669006,1_60161,1_100042,148,1_762077140,1_7976054,1775672040,1775672040,default
1775669006,1_15040,1_100230,50,1_785559300,1_7976172,1775669049,1775669057,default
1775669006,1_46505,1_102619,F Line,1_770992090,1_7976074,1775669340,1775669340,default
1775669006,1_29423,1_102732,79,1_816446430,1_8022070,1775669400,1775669400,default
1775669006,1_47660,1_102736,H Line,1_694057410,1_7974893,1775669103,1775669108,default
1775669006,1_280,40_594,594,40_3088020,40_9726,1775668863,1775669071,default
1775669006,1_58110,1_100045,150,1_800669690,1_8023788,1775669100,1775669106,default
1775669006,1_52306,1_102619,F Line,1_656236960,1_7976017,1775669100,1775669100,default
1775669006,1_52306,1_102619,F Line,1_656237200,1_7976229,1775670000,1775670000,default
1775669006,1_80121,1_102719,161,1_800652110,1_8023880,1775669146,1775669154,default
1775669006,1_31990,1_100026,128,1_806634460,1_8023670,1775669124,1775669124,default
1775669006,1_70665,1_102704,250,1_806914910,1_8024762,1775669151,1775669160,default
1775669006,1_63811,1_100160,269,1_806918450,1_8024684,1775669118,1775669118,default
1775669006,1_2200,1_100275,8,1_800890900,1_8025044,1775669133,1775669133,default
1775669006,1_22184,1_100249,60,1_801585040,1_8025824,1775668685,1775669164,default
1775669006,1_22184,1_102736,H Line,1_694056910,1_7974899,1775669186,1775669186,default
1775669006,1_59282,1_100072,181,1_721481940,1_7976082,1775669280,1775668265,default
1775669006,1_59282,1_102717,165,1_800649700,1_8023732,1775669820,1775668747,default
1775669006,1_59282,1_100072,181,1_721481480,1_7976015,1775671080,1775671080,default
1775669006,1_59872,1_102619,F Line,1_721496180,1_7976226,1775669152,1775669170,default
1775669006,1_60710,1_100512,A Line,1_800652860,1_8023744,1775669206,1775669217,default
1775669006,1_10210,1_100264,70,1_801594380,1_8025828,1775669206,1775669209,default
1775669006,1_620,1_100045,150,1_800670530,1_8023775,1775669160,1775669184,default
1775669006,1_620,1_100003,101,1_762100800,1_7976166,1775669220,1775669230,default
1775669006,1_620,40_100239,550,40_597752630,40_7976616,1775669340,1775669346,default
1775669006,1_10912,40_100511,542,40_569567950,40_7976686,1775669880,1775669880,default
1775669006,1_10912,1_100162,271,1_569495880,1_7976665,1775670060,1775670060,default
1775669006,1_71960,40_100511,542,40_721030830,40_7976607,1775669460,1775669460,default
1775669306,1_103,1_102745,G Line,1_736434940,1_7974685,1775669326,1775669337,default
1775669306,1_51551,1_102736,H Line,1_694056730,1_7974896,1775669307,1775669314,default
1775669306,1_60161,1_100042,148,1_762077070,1_7976052,1775670240,1775668988,default
1775669306,1_60161,1_100042,148,1_762077140,1_7976054,1775672040,1775672040,default
1775669306,1_8541,1_100263,7,1_800589180,1_8023452,1775669340,1775669358,default
1775669306,1_74268,1_102702,239,1_736529120,1_7976431,1775669356,1775669371,default
1775669306,1_7790,1_102615,E Line,1_761418130,1_7975614,1775669349,1775669352,default
1775669306,1_575,1_102576,C Line,1_800869290,1_8024967,1775669340,1775669349,default
1775669306,1_575,1_100001,1,1_800581630,1_8023464,1775669340,1775669351,default
1775669306,1_575,1_102581,D Line,1_803817540,1_8022122,1775669340,1775669354,default
1775669306,1_575,1_100173,3,1_761126520,1_7974916,1775669400,1775669404,default
1775669306,1_2850,1_100089,2,1_788757740,1_8023473,1775669820,1775669107,default
1775669306,1_29423,1_102732,79,1_816446430,1_8022070,1775669400,1775669400,default
1775669306,1_27420,1_100161,27,1_759818010,1_7974629,1775669394,1775669414,default
1775669306,1_77460,1_100205,348,1_771627250,1_7975641,1775669385,1775669391,default
1775669306,1_52306,1_102619,F Line,1_656237200,1_7976229,1775670000,1775670000,default
1775669306,1_52306,1_102619,F Line,1_800654030,1_8023882,1775672700,1775672700,default
1775669306,1_8530,1_100039,14,1_562519070,1_7974987,1775669452,1775669474,default
1775669306,1_99254,40_594,594,40_3550020,40_9220,1775669193,1775669433,default
1775669306,1_71970,1_102753,222,1_774817800,1_7976396,1775669506,1775669482,default
1775669306,1_2200,1_102581,D Line,1_803817570,1_8022079,1775669485,1775669500,default
1775669306,1_59282,1_102717,165,1_800649700,1_8023732,1775669820,1775668747,default
1775669306,1_59282,1_100072,181,1_721481480,1_7976015,1775671080,1775671080,default
1775669306,1_30180,1_100006,107,1_696623250,1_7976110,1775669436,1775669442,default
1775669306,1_25791,1_100214,372,1_694306480,1_7976761,1775669498,1775669507,default
1775669306,1_10912,40_100511,542,40_569567950,40_7976686,1775669880,1775669880,default
1775669306,1_10912,1_100162,271,1_569495880,1_7976665,1775670060,1775670060,default
1775669306,1_25210,1_100225,45,1_803351550,1_8022020,1775669470,1775669480,default
1775669306,1_8403,1_100039,14,1_562519030,1_7974989,1775669400,1775669406,default
1775669606,1_103,1_102745,G Line,1_736435020,1_7974690,1775669686,1775669698,default
1775669606,1_60161,1_100042,148,1_762077070,1_7976052,1775670240,1775668988,default
1775669606,1_60161,1_100042,148,1_762077140,1_7976054,1775672040,1775672040,default
1775669606,1_8541,1_100005,106,1_727785600,1_7975007,1775669640,1775669640,default
1775669606,1_575,1_100028,13,1_788758900,1_8023466,1775669700,1775669708,default
1775669606,1_575,1_100210,36,1_800583170,1_8023417,1775669700,1775669711,default
1775669606,1_2850,1_100089,2,1_788757740,1_8023473,1775669820,1775669107,default
1775669606,1_8080,1_100263,7,1_800588730,1_8023402,1775669688,1775669688,default
1775669606,1_46505,1_102619,F Line,1_770991380,1_7976083,1775670240,1775670240,default
1775669606,1_11590,1_100002,10,1_675385460,1_7974875,1775669696,1775669712,default
1775669606,1_1510,1_100001,1,1_800579970,1_8023458,1775669694,1775669700,default
1775669606,1_10653,1_100252,62,1_721368050,1_7974593,1775669700,1775669709,default
1775669606,1_74743,1_102702,239,1_736529630,1_7976433,1775669708,1775669726,default
1775669606,1_35110,1_100230,50,1_785559550,1_7976173,1775669640,1775669676,default
1775669606,1_5489,1_102746,333,1_778704610,1_7975728,1775669680,1775669709,default
1775669606,1_52306,1_102619,F Line,1_656237200,1_7976229,1775670000,1775670000,default
1775669606,1_52306,1_102619,F Line,1_800654030,1_8023882,1775672700,1775672700,default
1775669606,1_10370,1_102732,79,1_816446430,1_8022070,1775669706,1775669713,default
1775669606,1_99254,1_100003,101,1_762100710,1_7976162,1775669740,1775669747,default
1775669606,1_7750,1_102615,E Line,1_761417430,1_7975606,1775669706,1775669708,default
1775669606,1_45751,1_100023,124,1_690551420,1_7974553,1775669717,1775669725,default
1775669606,1_41850,1_100006,107,1_635437020,1_7976053,1775669737,1775669741,default
1775669606,1_17800,1_100202,345,1_724954070,1_7975635,1775669766,1775669766,default
1775669606,1_39983,1_102736,H Line,1_694056710,1_7974966,1775669760,1775669779,default
1775669606,1_54971,1_100004,105,1_635436290,1_7976223,1775669779,1775669803,default
1775669606,1_59282,1_102717,165,1_800649700,1_8023732,1775669820,1775668747,default
1775669606,1_59282,1_100072,181,1_721481480,1_7976015,1775671080,1775671080,default
1775669606,1_81749,1_100160,269,1_806916930,1_8024685,1775669823,1775669834,default
1775669606,1_60710,1_100512,A Line,1_800643330,1_8023805,1775669806,1775669816,default
1775669606,1_57791,1_102718,184,1_635442780,1_7975994,1775669843,1775669847,default
1775669606,1_620,40_594,594,40_3550020,40_9220,1775669580,1775669825,default
1775669606,1_620,40_100240,554,40_774870490,40_7976695,1775670060,1775670063,default
1775669606,1_620,40_100239,550,40_597752080,40_7976612,1775670240,1775670247,default
1775669606,1_10912,40_100511,542,40_569567950,40_7976686,1775669880,1775669880,default
1775669606,1_10912,1_100162,271,1_569495880,1_7976665,1775670060,1775670060,default
1775669606,1_10912,40_100511,542,40_569565570,40_7976608,1775671680,1775671680,default
1775669606,1_18550,1_100252,62,1_800855180,1_8025070,1775669756,1775669785,default
1775669906,1_12170,1_100039,14,1_562519030,1_7974989,1775669979,1775669979,default
1775669906,1_8310,1_100263,7,1_800587980,1_8023406,1775669931,1775669944,default
1775669906,1_51551,1_102736,H Line,1_694056700,1_7974887,1775669907,1775669915,default
1775669906,1_60161,1_100042,148,1_762077070,1_7976052,1775670240,1775668988,default
1775669906,1_60161,1_100042,148,1_762077140,1_7976054,1775672040,1775672040,default
1775669906,1_8541,1_100263,7,1_800587920,1_8023404,1775669940,1775669957,default
1775669906,1_51651,1_102736,H Line,1_694056980,1_7974898,1775669978,1775669978,default
1775669906,1_320,40_100240,554,40_560096810,40_7976690,1775670000,1775670000,default
1775669906,1_575,1_102576,C Line,1_800868120,1_8024971,1775669940,1775669950,default
1775669906,1_575,1_102581,D Line,1_800600660,1_8023441,1775669940,1775669955,default
1775669906,1_46505,1_102619,F Line,1_770991380,1_7976083,1775670240,1775670240,default
1775669906,1_64405,1_100099,208,1_630242840,1_7976388,1775669960,1775669963,default
1775669906,1_72494,1_100160,269,1_806917250,1_8024688,1775670120,1775670130,default
1775669906,1_84810,1_102752,223,1_833610700,1_8024727,1775670054,1775670056,default
1775669906,1_42120,1_100249,60,1_801584980,1_8025822,1775669960,1775669986,default
1775669906,1_52306,1_102619,F Line,1_656237200,1_7976229,1775670000,1775670000,default
1775669906,1_52306,1_102619,F Line,1_656236540,1_7976085,1775670900,1775670900,default
1775669906,1_52306,1_102619,F Line,1_800654030,1_8023882,1775672700,1775672700,default
1775669906,1_74137,1_102753,222,1_774817480,1_7976391,1775670102,1775669988,default
1775669906,1_70665,1_102704,250,1_806914960,1_8024728,1775670051,1775670061,default
1775669906,1_2200,1_100275,8,1_800890740,1_8025048,1775670033,1775670033,default
1775669906,1_2200,1_102581,D Line,1_800600860,1_8022076,1775670085,1775670102,default
1775669906,1_57804,1_100072,181,1_721481650,1_7976033,1775670442,1775670457,default
1775669906,1_39983,1_100111,22,1_635462230,1_7976056,1775670060,1775670072,default
1775669906,1_59282,1_100072,181,1_721481480,1_7976015,1775671080,1775671080,default
1775669906,1_21320,1_100249,60,1_801585010,1_8025823,1775670060,-1,default
1775669906,1_620,1_100045,150,1_800670540,1_8023796,1775670060,1775670069,default
1775669906,1_620,40_100239,550,40_597752080,40_7976612,1775670240,1775670247,default
1775669906,1_620,40_100239,550,40_597752080,40_9574,1775670240,1775670247,default
1775669906,1_10912,1_100447,49,1_801235320,1_8023491,1775670090,1775670090,default
1775669906,1_10912,1_100162,271,1_569497080,1_7976667,1775670960,1775670960,default
1775669906,1_10912,40_100511,542,40_569565570,40_7976608,1775671680,1775671680,default
1775669906,1_10912,1_100162,271,1_569496900,1_7976389,1775671860,1775671860,default
1775670206,1_8310,1_100230,50,1_785559090,1_3728,1775670277,1775670141,default
1775670206,1_60161,1_100042,148,1_762077070,1_7976052,1775670240,1775668988,default
1775670206,1_60161,1_100042,148,1_762077070,1_3754,1775670240,1775668988,default
1775670206,1_60161,1_100042,148,1_762077140,1_7976054,1775672040,1775672040,default
1775670206,1_73562,1_102753,222,1_774817480,1_7447,1775670253,1775670208,default
1775670206,1_2850,1_100089,2,1_788758120,1_8023467,1775670780,1775669889,default
1775670206,1_2850,1_100089,2,1_788758120,1_7117,1775670780,1775669889,default
1775670206,1_11940,1_100039,14,1_562519100,1_4316,1775670199,1775670288,default
1775670206,1_5489,1_100196,331,1_803353050,1_7219,1775670349,1775670243,default
1775670206,1_52306,1_102619,F Line,1_656236540,1_7976085,1775670900,1775670900,default
1775670206,1_52306,1_102619,F Line,1_800654030,1_8023882,1775672700,1775672700,default
1775670206,1_99254,40_594,594,40_1949020,40_9719,1775670393,1775670422,default
1775670206,1_57804,1_100072,181,1_721481650,1_7355,1775670442,1775670628,default
1775670206,1_59282,1_100072,181,1_721481480,1_7976015,1775671080,1775671080,default
1775670206,1_59282,1_100072,181,1_721481480,1_7173,1775671080,1775671080,default
1775670206,1_10912,1_100224,44,1_664048790,1_4541,1775670469,1775670328,default
1775670206,1_10912,1_100162,271,1_569497080,1_7976667,1775670960,1775670960,default
1775670206,1_10912,40_100511,542,40_569565570,40_7976608,1775671680,1775671680,default
1775670206,1_10912,1_100162,271,1_569496900,1_7976389,1775671860,1775671860,default
1775670206,1_8403,1_100039,14,1_562519040,1_4404,1775670360,1775670261,default
1775670506,1_60161,1_100042,148,1_762077140,1_7976054,1775672040,1775672040,default
1775670506,1_80692,1_100045,150,1_800670750,1_6979,1775670346,1775670529,default
1775670506,1_2850,1_100089,2,1_788758120,1_7117,1775670780,1775669889,default
1775670506,1_46505,1_102619,F Line,1_770991640,1_7976226,1775671140,1775671140,default
1775670506,1_46505,1_102619,F Line,1_635449590,1_7976003,1775671980,1775671980,default
1775670506,1_280,40_100240,554,40_560096810,40_9655,1775669873,1775670549,default
1775670506,1_10653,1_100252,62,1_721368060,1_8002,1775670600,1775670543,default
1775670506,1_81254,1_102746,333,1_778704610,1_7229,1775670601,1775670507,default
1775670506,1_52306,1_102619,F Line,1_656236540,1_7976085,1775670900,1775670900,default
1775670506,1_52306,1_102619,F Line,1_800654030,1_8023882,1775672700,1775672700,default
1775670506,1_8530,1_100005,106,1_727785410,1_7092,1775670186,1775670640,default
1775670506,1_45751,1_100023,124,1_690551560,1_8055,1775670617,1775670524,default
1775670506,1_59282,1_100072,181,1_721481480,1_7173,1775671080,1775670259,default
1775670506,1_59282,1_102717,165,1_800649710,1_8023878,1775671620,1775671620,default
1775670506,1_31890,1_100230,50,1_770997190,1_3729,1775670777,1775670590,default
1775670506,1_25791,1_100214,372,1_694306600,1_6931,1775670398,1775670701,default
1775670506,1_620,40_100236,545,40_560088830,40_9663,1775670660,1775670670,default
1775670506,1_10912,1_100162,271,1_569497080,1_7976667,1775670960,1775670960,default
1775670506,1_10912,40_100511,542,40_569565570,40_7976608,1775671680,1775671680,default
1775670506,1_10912,1_100162,271,1_569496900,1_7976389,1775671860,1775671860,default
1775670506,1_71960,40_100511,542,40_721031390,40_7976685,1775671260,1775671260,default
1775670506,1_8403,1_100039,14,1_562519040,1_4404,1775670360,1775670261,default
1775670806,1_46791,1_100016,118,1_635461300,1_3713,1775670900,1775670900,default
1775670806,1_26560,1_102574,40,1_811900870,1_8265,1775670296,1775670857,default
1775670806,1_60161,1_100042,148,1_762077140,1_7976054,1775672040,1775672040,default
1775670806,1_970,40_578,578,40_3216020,40_9205,1775670927,1775670914,default
1775670806,1_320,40_100240,554,40_560096810,40_9655,1775670000,1775670836,default
1775670806,1_320,40_594,594,40_3387020,40_9721,1775670840,1775670980,default
1775670806,1_46505,1_102619,F Line,1_770991640,1_7976226,1775671140,1775671140,default
1775670806,1_46505,1_102619,F Line,1_635449590,1_7976003,1775671980,1775671980,default
1775670806,1_58342,1_100072,181,1_721481940,1_7398,1775670660,1775670885,default
1775670806,1_81199,1_100072,181,1_721481650,1_7355,1775670743,1775670873,default
1775670806,1_52306,1_102619,F Line,1_656236540,1_7976085,1775670900,1775670900,default
1775670806,1_52306,1_102619,F Line,1_656236240,1_7976225,1775671800,1775671800,default
1775670806,1_52306,1_102619,F Line,1_800654030,1_8023882,1775672700,1775672700,default
1775670806,1_70665,1_102704,250,1_806914950,1_7234,1775670951,1775670913,default
1775670806,1_59282,1_100072,181,1_721481480,1_7173,1775671080,1775670259,default
1775670806,1_59282,1_102717,165,1_800649710,1_7446,1775671620,1775670713,default
1775670806,1_59282,1_102717,165,1_800649710,1_8023878,1775671620,1775671620,default
1775670806,1_60710,1_100512,A Line,1_800652830,1_6280,1775671006,1775670951,default
1775670806,1_620,40_594,594,40_1949020,40_9719,1775670780,1775670968,default
1775670806,1_620,40_100239,550,40_597756600,40_9684,1775671140,1775671245,default
1775670806,1_10912,40_100511,542,40_569565570,40_7976608,1775671680,1775671680,default
1775670806,1_10912,1_100162,271,1_569496900,1_7976389,1775671860,1775671860,default
1775670806,1_10912,1_100162,271,1_569496730,1_7976723,1775672760,1775672760,default
1775670806,1_71960,40_100511,542,40_721031390,40_7976685,1775671260,1775671260,default
1775671106,1_60161,1_100042,148,1_762077140,1_3757,1775672040,1775670888,default
1775671106,1_60161,1_100042,148,1_762077140,1_7976054,1775672040,1775672040,default
1775671106,1_320,40_100239,550,40_597752670,40_9805,1775670960,1775671142,default
1775671106,1_2850,1_100089,2,1_788757750,1_7166,1775671620,1775670841,default
1775671106,1_46505,1_102619,F Line,1_635449590,1_7976003,1775671980,1775671980,default
1775671106,1_27420,1_100249,60,1_801585600,1_7088,1775670608,1775671229,default
1775671106,1_52306,1_102619,F Line,1_656236240,1_7976225,1775671800,1775671800,default
1775671106,1_52306,1_102619,F Line,1_800654030,1_8023882,1775672700,1775672700,default
1775671106,1_8530,1_100039,14,1_562519130,1_4360,1775671252,1775671198,default
1775671106,1_8530,1_100005,106,1_727785680,1_7012,1775671086,1775671220,default
1775671106,1_21680,1_100023,124,1_690551560,1_8055,1775671299,1775671153,default
1775671106,1_79229,1_100045,150,1_800669970,1_8163,1775671261,1775671165,default
1775671106,1_59282,1_102717,165,1_800649710,1_7446,1775671620,1775670713,default
1775671106,1_57420,1_102720,160,1_800650540,1_7103,1775671420,1775671145,default
1775671106,1_7690,1_102615,E Line,1_768603440,1_6210,1775671325,1775671183,default
1775671106,1_10912,1_100447,49,1_801235270,1_8023497,1775671290,1775671290,default
1775671106,1_10912,40_100511,542,40_569565570,40_7976608,1775671680,1775671680,default
1775671106,1_10912,1_100162,271,1_569496900,1_7976389,1775671860,1775671860,default
1775671106,1_10912,1_100162,271,1_569496730,1_7976723,1775672760,1775672760,default
1775671106,1_18220,1_100219,4,1_675345210,1_4385,1775671380,1775671253,default
1775671407,1_103,1_102745,G Line,1_736435140,1_6409,1775671126,1775671438,default
1775671407,1_60161,1_100042,148,1_762077140,1_3757,1775672040,1775670888,default
1775671407,1_12770,1_100219,4,1_675345250,1_4373,1775672108,1775671384,default
1775671407,1_12770,1_100228,48,1_721361980,1_8078,1775671503,1775671418,default
1775671407,1_2850,1_100089,2,1_788757750,1_7166,1775671620,1775670841,default
1775671407,1_46505,1_102619,F Line,1_635449590,1_7976003,1775671980,1775671980,default
1775671407,1_46505,1_102619,F Line,1_656236750,1_7975997,1775672880,1775672880,default
1775671407,1_52306,1_102619,F Line,1_656236240,1_7976225,1775671800,1775671800,default
1775671407,1_52306,1_102619,F Line,1_800654030,1_8023882,1775672700,1775672700,default
1775671407,1_2200,1_102581,D Line,1_803817580,1_6070,1775671285,1775671569,default
1775671407,1_59282,1_102717,165,1_800649710,1_7446,1775671620,1775670713,default
1775671407,1_57791,1_102718,184,1_635442790,1_1024,1775671463,1775671602,default
1775671407,1_620,40_100236,545,40_560090170,40_7976572,1775671560,1775671644,default
1775671407,1_620,40_100236,545,40_560090170,40_9651,1775671560,1775671674,default
1775671407,1_620,40_100240,554,40_774869490,40_9670,1775671200,1775671785,default
1775671407,1_620,40_100239,550,40_597754140,40_9660,1775672040,1775672021,default
1775671407,1_10912,40_100511,542,40_569565570,40_7976608,1775671680,1775671680,default
1775671407,1_10912,1_100162,271,1_569496900,1_7976389,1775671860,1775671860,default
1775671407,1_10912,1_100162,271,1_569496730,1_7976723,1775672760,1775672760,default
1775671407,1_10912,40_100511,542,40_569563220,40_7976607,1775673480,1775673480,default
1775671707,1_103,1_102745,G Line,1_736435170,1_6406,1775671846,1775671739,default
1775671707,1_60161,1_100042,148,1_762077140,1_3757,1775672040,1775670888,default
1775671707,1_12770,1_100219,4,1_675345250,1_4373,1775672108,1775671669,default
1775671707,1_575,1_102576,C Line,1_800867950,1_6247,1775671740,1775671738,default
1775671707,1_13830,1_102581,D Line,1_800601230,1_6082,1775671871,1775671710,default
1775671707,1_46505,1_102619,F Line,1_635449590,1_7976003,1775671980,1775671980,default
1775671707,1_46505,1_102619,F Line,1_656236750,1_7975997,1775672880,1775672880,default
1775671707,1_29423,1_102732,79,1_816446340,1_8022069,1775673000,1775673000,default
1775671707,1_52306,1_102619,F Line,1_656236240,1_7976225,1775671800,1775671800,default
1775671707,1_52306,1_102619,F Line,1_800654030,1_8023882,1775672700,1775672700,default
1775671707,1_70665,1_102702,239,1_736529130,1_3717,1775671750,1775671814,default
1775671707,1_57804,1_100072,181,1_721481950,1_7474,1775672239,1775672144,default
1775671707,1_620,40_100239,550,40_597754140,40_9660,1775672040,1775671843,default
1775671707,1_10912,1_100162,271,1_569496730,1_7976723,1775672760,1775672760,default
1775671707,1_10912,40_100511,542,40_569563220,40_7976607,1775673480,1775673480,default
1775671707,1_10912,1_100162,271,1_569496150,1_7976348,1775673660,1775673660,default
1775672007,1_60161,1_100042,148,1_762077140,1_3757,1775672040,1775670888,default
1775672007,1_12770,1_100219,4,1_675345250,1_4373,1775672108,1775672000,default
1775672007,1_2850,1_100089,2,1_788758130,1_7157,1775672580,1775671500,default
1775672007,1_46505,1_102619,F Line,1_656236750,1_7975997,1775672880,1775672880,default
1775672007,1_29423,1_102732,79,1_816446340,1_8022069,1775673000,1775673000,default
1775672007,1_52306,1_102619,F Line,1_800654030,1_8023882,1775672700,1775672700,default
1775672007,1_8530,1_100039,14,1_562519180,1_4392,1775672152,1775672095,default
1775672007,1_8530,1_100005,106,1_727785420,1_7169,1775671986,1775672128,default
1775672007,1_76312,1_102705,230,1_664298420,1_7376,1775672161,1775672041,default
1775672007,1_49350,1_100026,128,1_806634360,1_1025,1775671457,1775672148,default
1775672007,1_2200,1_102581,D Line,1_803817610,1_6077,1775671885,1775672157,default
1775672007,1_57804,1_100072,181,1_721481950,1_7474,1775672239,1775672043,default
1775672007,1_59282,1_100072,181,1_721481810,1_7355,1775672880,1775671807,default
1775672007,1_60710,1_100512,A Line,1_800643360,1_6288,1775672206,1775672176,default
1775672007,1_10912,1_100162,271,1_569496730,1_7976723,1775672760,1775672760,default
1775672007,1_10912,40_100511,542,40_569563220,40_7976607,1775673480,1775673480,default
1775672007,1_10912,1_100162,271,1_569496150,1_7976348,1775673660,1775673660,default
1775672007,1_71960,40_100511,542,40_721031090,40_7976686,1775673060,1775673060,default
1775672007,1_18220,1_100219,4,1_675345220,1_4375,1775672280,1775671986,default
1775672307,1_73945,1_102704,250,1_816288050,1_7336,1775672326,1775672199,default
1775672307,1_970,1_100003,101,1_762100880,1_6975,1775672214,1775672332,default
1775672307,1_970,40_594,594,40_1922020,40_9220,1775672404,1775672380,default
1775672307,1_2850,1_100089,2,1_788758130,1_7157,1775672580,1775671500,default
1775672307,1_46505,1_102619,F Line,1_656236750,1_7975997,1775672880,1775672880,default
1775672307,1_46505,1_102619,F Line,1_656236970,1_7976017,1775673780,1775673780,default
1775672307,1_29423,1_102732,79,1_816446340,1_8022069,1775673000,1775673000,default
1775672307,1_280,40_100240,554,40_560098260,40_7976695,1775672273,1775672385,default
1775672307,1_3470,1_100210,36,1_800582950,1_4365,1775672400,1775672343,default
1775672307,1_57453,1_102720,160,1_770988950,1_7442,1775672460,1775672340,default
1775672307,1_2320,1_100001,1,1_800580060,1_4360,1775672495,1775672375,default
1775672307,1_1510,1_100001,1,1_800580100,1_4392,1775672394,1775672350,default
1775672307,1_68130,1_102548,B Line,1_721018510,1_6042,1775672332,1775672424,default
1775672307,1_81199,1_100072,181,1_721481950,1_7474,1775672543,1775672425,default
1775672307,1_52306,1_102619,F Line,1_800654030,1_8023882,1775672700,1775672700,default
1775672307,1_99254,1_100003,101,1_762100820,1_6956,1775672440,1775672463,default
1775672307,1_99254,40_594,594,40_3199020,40_9312,1775672193,1775672464,default
1775672307,1_2200,1_102581,D Line,1_800601230,1_6082,1775672485,1775672315,default
1775672307,1_59282,1_100072,181,1_721481810,1_7355,1775672880,1775671807,default
1775672307,1_59282,1_102717,165,1_800649720,1_7489,1775673420,1775672148,default
1775672307,1_620,40_100236,545,40_560087810,40_9682,1775672460,1775672519,default
1775672307,1_620,40_100240,554,40_774870320,40_9688,1775672400,1775672680,default
1775672307,1_10912,1_100162,271,1_569496730,1_7976723,1775672760,1775672760,default
1775672307,1_10912,40_100511,542,40_569563220,40_7976607,1775673480,1775673480,default
1775672307,1_10912,1_100162,271,1_569496150,1_7976348,1775673660,1775673660,default
1775672307,1_71960,40_100511,542,40_721031090,40_7976686,1775673060,1775673060,default
1775672307,1_8403,1_100039,14,1_562519140,1_4315,1775672220,1775672086,default
1775672607,1_970,1_100045,150,1_800670390,1_8172,1775672694,1775672640,default
1775672607,1_970,40_578,578,40_3934020,40_9715,1775672727,1775672705,default
1775672607,1_320,40_100239,550,40_597756610,40_9684,1775672760,1775672705,default
1775672607,1_575,1_100263,7,1_800588730,1_4531,1775672520,1775672649,default
1775672607,1_8080,1_100006,107,1_696733920,1_7485,1775672725,1775672604,default
1775672607,1_46505,1_102619,F Line,1_656236750,1_7975997,1775672880,1775672880,default
1775672607,1_46505,1_102619,F Line,1_656236970,1_7976017,1775673780,1775673780,default
1775672607,1_29423,1_102732,79,1_816446340,1_8022069,1775673000,1775673000,default
1775672607,1_52306,1_102619,F Line,1_800654030,1_8023882,1775672700,1775672700,default
1775672607,1_52306,1_102619,F Line,1_694521560,1_7976074,1775673600,1775673600,default
1775672607,1_59282,1_100072,181,1_721481810,1_7355,1775672880,1775671807,default
1775672607,1_59282,1_102717,165,1_800649720,1_7489,1775673420,1775672148,default
1775672607,1_45230,40_560,560,40_3693020,40_9215,1775672741,1775672765,default
1775672607,1_49755,1_100031,132,1_800858110,1_8022,1775672900,1775672688,default
1775672607,1_620,40_100239,550,40_597756300,40_9632,1775672940,1775672970,default
1775672607,1_10912,40_100511,542,40_569563220,40_7976607,1775673480,1775673480,default
1775672607,1_10912,1_100162,271,1_569496150,1_7976348,1775673660,1775673660,default
1775672607,1_10912,1_100162,271,1_569495550,1_7976369,1775674560,1775674560,default
1775672607,1_71960,40_100511,542,40_721031090,40_7976686,1775673060,1775673060,default
1775672907,1_85800,1_100196,331,1_803352870,1_7253,1775672832,1775672965,default
1775672907,1_60161,1_100042,148,1_762077180,1_3724,1775673840,1775672778,default
1775672907,1_60161,1_100042,148,1_762077180,1_7976061,1775673840,1775673840,default
1775672907,1_2850,1_100089,2,1_788757760,1_8023470,1775673420,1775673420,default
1775672907,1_46505,1_102619,F Line,1_656236970,1_7976017,1775673780,1775673780,default
1775672907,1_29423,1_102732,79,1_816446340,1_8022069,1775673000,1775673000,default
1775672907,1_49724,1_100031,132,1_800858110,1_8022,1775673000,1775672871,default
1775672907,1_52306,1_102619,F Line,1_694521560,1_7976074,1775673600,1775673600,default
1775672907,1_59282,1_102717,165,1_800649720,1_7489,1775673420,1775672148,default
1775672907,1_59282,1_100072,181,1_721481960,1_7976104,1775676480,1775676480,default
1775672907,1_10912,40_100511,542,40_569563220,40_7976607,1775673480,1775673480,default
1775672907,1_10912,1_100162,271,1_569496150,1_7976348,1775673660,1775673660,default
1775672907,1_10912,1_100162,271,1_569495550,1_7976369,1775674560,1775674560,default
1775673207,1_575,1_102615,E Line,1_761418350,1_7975617,1775673300,1775673300,default
1775673207,1_2850,1_100089,2,1_788757760,1_8023470,1775673420,1775672926,default
1775673207,1_46505,1_102619,F Line,1_656236970,1_7976017,1775673780,1775673780,default
1775673207,1_46505,1_102619,F Line,1_656237210,1_7976229,1775674680,1775674680,default
1775673207,1_52306,1_102619,F Line,1_694521560,1_7976074,1775673600,1775673600,default
1775673207,1_59282,1_100072,181,1_721481960,1_7976104,1775676480,1775676480,default
1775673207,1_10912,40_100511,542,40_569563220,40_7976607,1775673480,1775673480,default
1775673207,1_10912,1_100162,271,1_569496150,1_7976348,1775673660,1775673660,default
1775673207,1_10912,1_100162,271,1_569495550,1_7976369,1775674560,1775674560,default
1775673207,1_10912,40_100511,542,40_569565810,40_7976685,1775675280,1775675280,default
1775673507,1_52638,40_574,574,40_2368020,40_9125,1775673542,1775673509,default
1775673507,1_970,1_100045,150,1_800669980,1_8023809,1775673534,1775673538,default
1775673507,1_970,40_577,577,40_3008020,40_9716,1775673627,1775673627,default
1775673507,1_320,40_100240,554,40_560098610,40_7976705,1775673600,1775673600,default
1775673507,1_320,40_100239,550,40_597754110,40_7976644,1775673600,1775673612,default
1775673507,1_575,1_102581,D Line,1_803817270,1_8023487,1775673540,1775673561,default
1775673507,1_2850,1_100089,2,1_788758140,1_8023471,1775674380,1775674380,default
1775673507,1_46505,1_102619,F Line,1_656236970,1_7976017,1775673780,1775673780,default
1775673507,1_46505,1_102619,F Line,1_656237210,1_7976229,1775674680,1775674680,default
1775673507,1_48720,1_102717,165,1_800649310,1_8023877,1775673552,1775673563,default
1775673507,1_52306,1_102619,F Line,1_694521560,1_7976074,1775673600,1775673600,default
1775673507,1_52306,1_102619,F Line,1_694520850,1_7976083,1775674500,1775674500,default
1775673507,1_54201,1_102619,F Line,1_800654030,1_8023882,1775673519,1775673624,default
1775673507,1_43090,1_100202,345,1_724955030,1_7975635,1775673645,1775673645,default
1775673507,1_2200,1_100275,8,1_800891510,1_8025041,1775673633,1775673633,default
1775673507,1_59282,1_100072,181,1_721481960,1_7976104,1775676480,1775676480,default
1775673507,1_10912,1_100447,49,1_801235240,1_8023490,1775673690,1775673690,default
1775673507,1_10912,1_100162,271,1_569495550,1_7976369,1775674560,1775674560,default
1775673507,1_10912,40_100511,542,40_569565810,40_7976685,1775675280,1775675280,default
1775673507,1_10912,1_100162,271,1_569496060,1_7976674,1775675460,1775675460,default
1775673807,1_2850,1_100089,2,1_788758140,1_8023471,1775674380,1775673526,default
1775673807,1_46505,1_102619,F Line,1_656237210,1_7976229,1775674680,1775674680,default
1775673807,1_68130,1_102548,B Line,1_721018990,1_7976632,1775673952,1775673965,default
1775673807,1_52306,1_102619,F Line,1_694520850,1_7976083,1775674500,1775674500,default
1775673807,1_99254,40_594,594,40_1576020,40_9720,1775673993,1775673995,default
1775673807,1_59282,1_100072,181,1_721481660,1_7976037,1775674680,1775673768,default
1775673807,1_59282,1_100072,181,1_721481960,1_7976104,1775676480,1775676480,default
1775673807,1_60710,1_100512,A Line,1_800643380,1_8023806,1775674006,1775674028,default
1775673807,1_10912,1_100162,271,1_569495550,1_7976369,1775674560,1775674560,default
1775673807,1_10912,40_100511,542,40_569565810,40_7976685,1775675280,1775675280,default
1775673807,1_10912,1_100162,271,1_569496060,1_7976674,1775675460,1775675460,default
1775673807,1_71960,40_100511,542,40_721031300,40_7976608,1775674860,1775674860,default
1775673807,1_3000,1_100089,2,1_788757760,1_8023470,1775673972,1775673989,default
1775675751,1_46791,1_100016,118,1_669626540,1_3713,1775675760,1775675844,default
1775675751,1_5830,1_100229,5,1_809328800,1_8231,1775675777,1775675716,default
1775675751,1_2850,1_100089,2,1_788758150,1_7152,1775676180,1775675240,default
1775675751,1_46505,1_102619,F Line,1_656236250,1_7976225,1775676480,1775676480,default
1775675751,1_46505,1_102619,F Line,1_656236860,1_7976142,1775677380,1775677380,default
1775675751,1_29423,1_102732,79,1_816446460,1_8022070,1775676600,1775676600,default
1775675751,1_78002,1_102703,231,1_633061910,1_7252,1775675871,1775675760,default
1775675751,1_52306,1_102619,F Line,1_656237370,1_7976003,1775676300,1775676300,default
1775675751,1_8530,1_100039,14,1_562519320,1_4315,1775675752,1775675875,default
1775675751,1_40030,1_102574,40,1_811901480,1_8254,1775675835,1775675879,default
1775675751,1_57804,1_100072,181,1_800642640,1_7398,1775675956,1775675847,default
1775675751,1_59282,1_100072,181,1_721481960,1_7124,1775676480,1775675697,default
1775675751,1_59282,1_100072,181,1_721481960,1_7976104,1775676480,1775676480,default
1775675751,1_59282,1_100072,181,1_721481500,1_7976082,1775678280,1775678280,default
1775675751,1_68160,1_102548,B Line,1_721018670,1_6028,1775675907,1775675845,default
1775675751,1_25791,1_100214,372,1_694305800,1_6972,1775675880,1775675974,default
1775675751,1_2260,1_100275,8,1_800891210,1_8018,1775675948,1775675879,default
1775675751,1_620,40_100236,545,40_560090380,40_7976552,1775676060,1775676060,default
1775675751,1_620,40_100240,554,40_774868730,40_9655,1775676000,1775676157,default
1775675751,1_10912,1_100162,271,1_569497160,1_7976370,1775676360,1775676360,default
1775675751,1_10912,40_100511,542,40_569567970,40_7976686,1775677080,1775677080,default
1775675751,1_10912,1_100162,271,1_569496570,1_7976354,1775677260,1775677260,default
1775675751,1_71960,40_100511,542,40_721030810,40_7976607,1775676660,1775676660,default
1775675751,1_71838,1_102753,222,1_774817510,1_7366,1775675949,1775675894,default
1775675935,1_75890,1_102615,E Line,1_768604130,1_6101,1775676244,1775675905,default
1775675935,1_84372,1_100048,153,1_800656500,1_7164,1775675982,1775675938,default
1775675935,1_2850,1_100089,2,1_788758150,1_7152,1775676180,1775675240,default
1775675935,1_46505,1_102619,F Line,1_656236250,1_7976225,1775676480,1775676480,default
1775675935,1_46505,1_102619,F Line,1_656236860,1_7976142,1775677380,1775677380,default
1775675935,1_29423,1_102732,79,1_816446460,1_8022070,1775676600,1775676600,default
1775675935,1_280,40_100240,554,40_560097450,40_7976693,1775675873,1775675998,default
1775675935,1_10653,1_100252,62,1_800855220,1_8054,1775676120,1775675991,default
1775675935,1_52306,1_102619,F Line,1_656237370,1_7976003,1775676300,1775676300,default
1775675935,1_99254,1_100045,150,1_800670120,1_8163,1775675980,1775676060,default
1775675935,1_58112,1_102619,F Line,1_656236970,1_6226,1775675601,1775676040,default
1775675935,1_59282,1_100072,181,1_721481960,1_7124,1775676480,1775675697,default
1775675935,1_59282,1_102717,165,1_800649740,1_8023716,1775677020,1775677020,default
1775675935,1_59282,1_100072,181,1_721481500,1_7976082,1775678280,1775678280,default
1775675935,1_620,40_100240,554,40_774868730,40_9655,1775676000,1775676122,default
1775675935,1_620,40_594,594,40_2798020,40_9722,1775676180,1775676169,default
1775675935,1_620,40_100236,545,40_560090380,40_7976552,1775676060,1775676174,default
1775675935,1_10912,1_100162,271,1_569497160,1_7976370,1775676360,1775676360,default
1775675935,1_10912,40_100511,542,40_569567970,40_7976686,1775677080,1775677080,default
1775675935,1_10912,1_100162,271,1_569496570,1_7976354,1775677260,1775677260,default
1775675935,1_71960,40_100511,542,40_721030810,40_7976607,1775676660,1775676660,default
1775675935,1_8403,1_100039,14,1_562519300,1_4314,1775675820,1775676062,default
1775676235,1_30790,1_100249,60,1_801585280,1_7087,1775675677,1775676254,default
1775676235,1_320,40_100239,550,40_597756220,40_9818,1775676300,1775676243,default
1775676235,1_320,40_100240,554,40_560097450,40_9821,1775676000,1775676269,default
1775676235,1_46505,1_102619,F Line,1_656236250,1_7976225,1775676480,1775676480,default
1775676235,1_46505,1_102619,F Line,1_656236860,1_7976142,1775677380,1775677380,default
1775676235,1_29423,1_102732,79,1_816446460,1_8022070,1775676600,1775676600,default
1775676235,1_280,40_594,594,40_773020,40_9312,1775676063,1775676307,default
1775676235,1_49552,1_100026,128,1_806634470,1_1002,1775676316,1775676194,default
1775676235,1_52306,1_102619,F Line,1_656236760,1_7975997,1775677200,1775677200,default
1775676235,1_59282,1_100072,181,1_721481960,1_7124,1775676480,1775675697,default
1775676235,1_59282,1_102717,165,1_800649740,1_8023716,1775677020,1775677020,default
1775676235,1_59282,1_100072,181,1_721481500,1_7976082,1775678280,1775678280,default
1775676235,1_75850,1_102615,E Line,1_761417960,1_6085,1775676417,1775676305,default
1775676235,1_6330,1_100229,5,1_809330910,1_8228,1775676438,1775676294,default
1775676235,1_620,40_100239,550,40_597752100,40_9574,1775676600,1775676829,default
1775676235,1_10912,40_100511,542,40_569567970,40_7976686,1775677080,1775677080,default
1775676235,1_10912,1_100162,271,1_569496570,1_7976354,1775677260,1775677260,default
1775676235,1_10912,1_100162,271,1_569496960,1_7976364,1775678160,1775678160,default
1775676235,1_71960,40_100511,542,40_721030810,40_7976607,1775676660,1775676660,default
1775676535,1_103,1_102745,G Line,1_736437230,1_6412,1775676526,1775676594,default
1775676535,1_12170,1_100039,14,1_562519300,1_4314,1775676399,1775676609,default
1775676535,1_60161,1_100042,148,1_762077320,1_3738,1775677440,1775676212,default
1775676535,1_320,40_594,594,40_773020,40_9312,1775676240,1775676602,default
1775676535,1_2850,1_100089,2,1_788757780,1_7091,1775677020,1775676231,default
1775676535,1_46505,1_102619,F Line,1_656236860,1_7976142,1775677380,1775677380,default
1775676535,1_29423,1_102732,79,1_816446460,1_8022070,1775676600,1775676600,default
1775676535,1_52306,1_102619,F Line,1_656236760,1_7975997,1775677200,1775677200,default
1775676535,1_59282,1_102717,165,1_800649740,1_8023716,1775677020,1775677020,default
1775676535,1_59282,1_100072,181,1_721481500,1_7976082,1775678280,1775678280,default
1775676535,1_74714,1_102701,225,1_806918190,1_7457,1775676572,1775676704,default
1775676535,1_57420,1_102720,160,1_770988270,1_7198,1775676734,1775676648,default
1775676535,1_10912,40_100511,542,40_569567970,40_7976686,1775677080,1775677080,default
1775676535,1_10912,1_100162,271,1_569496570,1_7976354,1775677260,1775677260,default
1775676535,1_10912,1_100162,271,1_569496960,1_7976364,1775678160,1775678160,default
1775676835,1_60161,1_100042,148,1_762077320,1_3738,1775677440,1775676212,default
1775676835,1_2850,1_100089,2,1_788757780,1_7091,1775677020,1775676231,default
1775676835,1_46505,1_102619,F Line,1_656236860,1_7976142,1775677380,1775677380,default
1775676835,1_46505,1_102619,F Line,1_656237120,1_7976074,1775678280,1775678280,default
1775676835,1_73366,1_102548,B Line,1_721018670,1_6028,1775676940,1775676935,default
1775676835,1_81254,1_102746,333,1_778704710,1_7229,1775676955,1775676759,default
1775676835,1_52306,1_102619,F Line,1_656236760,1_7975997,1775677200,1775677200,default
1775676835,1_21945,1_102717,165,1_800649320,1_7109,1775676420,1775677036,default
1775676835,1_58112,1_102619,F Line,1_656237210,1_6286,1775676501,1775676966,default
1775676835,1_30800,1_100230,50,1_785558840,1_3704,1775676987,1775676869,default
1775676835,1_59282,1_102717,165,1_800649740,1_7175,1775677020,1775676736,default
1775676835,1_59282,1_102717,165,1_800649740,1_8023716,1775677020,1775677020,default
1775676835,1_59282,1_100072,181,1_721481500,1_7976082,1775678280,1775678280,default
1775676835,1_620,40_100236,545,40_560090570,40_7976560,1775676960,1775677024,default
1775676835,1_620,40_100240,554,40_774869910,40_9650,1775677200,1775677050,default
1775676835,1_620,40_100236,545,40_560090570,40_9687,1775676960,1775677127,default
1775676835,1_10912,40_100511,542,40_569567970,40_7976686,1775677080,1775677080,default
1775676835,1_10912,1_100162,271,1_569496570,1_7976354,1775677260,1775677260,default
1775676835,1_10912,1_100162,271,1_569496960,1_7976364,1775678160,1775678160,default
1775676835,1_10912,40_100511,542,40_569565590,40_7976608,1775678880,1775678880,default
1775677136,1_103,1_102745,G Line,1_736435320,1_6409,1775676886,1775677168,default
1775677136,1_60161,1_100042,148,1_762077320,1_3738,1775677440,1775676212,default
1775677136,1_970,40_577,577,40_653020,40_9728,1775677167,1775677167,default
1775677136,1_320,40_100239,550,40_597752690,40_9805,1775677200,1775677236,default
1775677136,1_46505,1_102619,F Line,1_656236860,1_7976142,1775677380,1775677380,default
1775677136,1_46505,1_102619,F Line,1_656237120,1_7976074,1775678280,1775678280,default
1775677136,1_72494,1_100160,269,1_806916840,1_7358,1775677260,1775677270,default
1775677136,1_52306,1_102619,F Line,1_656236980,1_7976017,1775678100,1775678100,default
1775677136,1_8530,1_100005,106,1_727785260,1_7090,1775677446,1775677259,default
1775677136,1_25980,1_100254,65,1_778695000,1_8198,1775677368,1775677171,default
1775677136,1_59282,1_100072,181,1_721481500,1_7976082,1775678280,1775678280,default
1775677136,1_75850,1_102615,E Line,1_761418430,1_6271,1775677317,1775677213,default
1775677136,1_620,40_100239,550,40_597756620,40_9684,1775677500,1775677731,default
1775677136,1_10912,1_100162,271,1_569496960,1_7976364,1775678160,1775678160,default
1775677136,1_10912,40_100511,542,40_569565590,40_7976608,1775678880,1775678880,default
1775677136,1_10912,1_100162,271,1_569496310,1_7976351,1775679060,1775679060,default
1775677436,1_12170,1_100039,14,1_562519310,1_4316,1775677299,1775677537,default
1775677436,1_2850,1_100089,2,1_788758160,1_7155,1775677980,1775677314,default
1775677436,1_2850,1_100089,2,1_788758160,1_8023473,1775677980,1775677980,default
1775677436,1_46505,1_102619,F Line,1_656237120,1_7976074,1775678280,1775678280,default
1775677436,1_52306,1_102619,F Line,1_656236980,1_7976017,1775678100,1775678100,default
1775677436,1_8530,1_100263,7,1_800589100,1_4550,1775677689,1775677488,default
1775677436,1_99254,40_594,594,40_429020,40_9713,1775677593,1775677580,default
1775677436,1_58112,1_100045,150,1_800669700,1_8192,1775677409,1775677537,default
1775677436,1_57804,1_100072,181,1_721481670,1_7173,1775677756,1775677612,default
1775677436,1_59282,1_100072,181,1_721481500,1_7398,1775678280,1775677308,default
1775677436,1_59282,1_100072,181,1_721481500,1_7976082,1775678280,1775678280,default
1775677436,1_60710,1_100512,A Line,1_800643420,1_6002,1775677617,1775677499,default
1775677436,1_10912,1_100162,271,1_569496960,1_7976364,1775678160,1775678160,default
1775677436,1_10912,40_100511,542,40_569565590,40_7976608,1775678880,1775678880,default
1775677436,1_10912,1_100162,271,1_569496310,1_7976351,1775679060,1775679060,default
1775677436,1_71960,40_100511,542,40_721031380,40_7976685,1775678460,1775678460,default
1775677436,1_81982,1_102746,333,1_778704780,1_7975727,1775677479,1775677610,default
1775677736,1_103,1_102745,G Line,1_736435380,1_6402,1775677246,1775677747,default
1775677736,1_2850,1_100089,2,1_788758160,1_7155,1775677980,1775677314,default
1775677736,1_46505,1_102619,F Line,1_656237120,1_7976074,1775678280,1775678280,default
1775677736,1_13810,1_102581,D Line,1_732749290,1_6095,1775677782,1775677727,default
1775677736,1_27420,1_100249,60,1_801585220,1_8025820,1775677808,-1,default
1775677736,1_52306,1_102619,F Line,1_656236980,1_7976017,1775678100,1775678100,default
1775677736,1_59282,1_100072,181,1_721481500,1_7398,1775678280,1775677308,default
1775677736,1_59282,1_102717,165,1_800649750,1_7399,1775678820,1775677700,default
1775677736,1_42540,1_100072,181,1_721481660,1_7474,1775677882,1775677867,default
1775677736,1_620,40_100236,545,40_560087850,40_9677,1775677860,1775677943,default
1775677736,1_620,40_594,594,40_429020,40_9713,1775677980,1775677967,default
1775677736,1_10912,1_100162,271,1_569496960,1_7976364,1775678160,1775678160,default
1775677736,1_10912,40_100511,542,40_569565590,40_7976608,1775678880,1775678880,default
1775677736,1_10912,1_100162,271,1_569496310,1_7976351,1775679060,1775679060,default
1775677736,1_71960,40_100511,542,40_721031380,40_7976685,1775678460,1775678460,default
1775678036,1_46791,1_100016,118,1_698595900,1_3708,1775678160,1775678172,default
1775678036,1_970,40_578,578,40_889020,40_9306,1775678067,1775678104,default
1775678036,1_320,40_100239,550,40_597752090,40_9574,1775678100,1775678138,default
1775678036,1_46505,1_102619,F Line,1_656237120,1_7976074,1775678280,1775678280,default
1775678036,1_46505,1_102619,F Line,1_656236400,1_7976083,1775679180,1775679180,default
1775678036,1_81199,1_100072,181,1_721481670,1_7173,1775678100,1775677880,default
1775678036,1_40012,1_100026,128,1_806634470,1_1002,1775678175,1775677993,default
1775678036,1_52306,1_102619,F Line,1_656237220,1_7976229,1775679000,1775679000,default
1775678036,1_99254,1_100045,150,1_800670330,1_7323,1775677840,1775678217,default
1775678036,1_21080,1_100026,128,1_806634680,1_1029,1775678280,1775678156,default
1775678036,1_59282,1_100072,181,1_721481500,1_7398,1775678280,1775677308,default
1775678036,1_59282,1_102717,165,1_800649750,1_7399,1775678820,1775677700,default
1775678036,1_620,40_100240,554,40_774870560,40_9648,1775678400,1775678272,default
1775678036,1_620,40_100239,550,40_597754130,40_9660,1775678400,1775678272,default
1775678036,1_10912,40_100511,542,40_569565590,40_7976608,1775678880,1775678880,default
1775678036,1_10912,1_100162,271,1_569496310,1_7976351,1775679060,1775679060,default
1775678036,1_10912,1_100162,271,1_569497130,1_7976667,1775679960,1775679960,default
1775678036,1_71960,40_100511,542,40_721031380,40_7976685,1775678460,1775678460,default
1775678336,1_481,1_102576,C Line,1_800869570,1_6268,1775678100,1775678352,default
1775678336,1_60161,1_100042,148,1_762077430,1_7976051,1775679240,1775679240,default
1775678336,1_320,40_594,594,40_1391020,40_9720,1775678040,1775678421,default
1775678336,1_575,1_102576,C Line,1_800868090,1_6254,1775678340,1775678376,default
1775678336,1_2850,1_100089,2,1_788757790,1_7117,1775678820,1775678063,default
1775678336,1_46505,1_102619,F Line,1_656236400,1_7976083,1775679180,1775679180,default
1775678336,1_52306,1_102619,F Line,1_656237220,1_7976229,1775679000,1775679000,default
1775678336,1_80121,1_102719,161,1_800652160,1_7406,1775678337,1775678474,default
1775678336,1_41128,1_100026,128,1_806634140,1_1004,1775678436,1775678300,default
1775678336,1_8530,1_100039,14,1_562521010,1_4357,1775678452,1775678502,default
1775678336,1_29650,1_100224,44,1_664048140,1_4506,1775678449,1775678361,default
1775678336,1_59282,1_102717,165,1_800649750,1_7399,1775678820,1775677700,default
1775678336,1_57420,1_102720,160,1_762081880,1_7442,1775678654,1775678409,default
1775678336,1_620,40_510,510,40_16133735__MCOB-DO:121:0:Weekday:2:26MAR:86018:12345,40_MCOB-DO:121:0:Weekday:2:26MAR:86018:12345,1775682000,1775682000,default
1775678336,1_10912,40_100511,542,40_569565590,40_7976608,1775678880,1775678880,default
1775678336,1_10912,1_100162,271,1_569496310,1_7976351,1775679060,1775679060,default
1775678336,1_10912,1_100162,271,1_569497130,1_7976667,1775679960,1775679960,default
1775678336,1_71960,1_102752,223,1_816297590,1_7235,1775678280,1775678501,default
1775678636,1_60161,1_100042,148,1_762077430,1_3701,1775679240,1775678549,default
1775678636,1_60161,1_100042,148,1_762077430,1_7976051,1775679240,1775679240,default
1775678636,1_2850,1_100089,2,1_788757790,1_7117,1775678820,1775678063,default
1775678636,1_46505,1_102619,F Line,1_656236400,1_7976083,1775679180,1775679180,default
1775678636,1_52306,1_102619,F Line,1_656237220,1_7976229,1775679000,1775679000,default
1775678636,1_59282,1_102717,165,1_800649750,1_7399,1775678820,1775677700,default
1775678636,1_10210,1_100264,70,1_801594200,1_8242,1775678806,1775678777,default
1775678636,1_57791,1_102718,184,1_635442830,1_1024,1775678723,1775678868,default
1775678636,1_620,40_510,510,40_16133735__MCOB-DO:121:0:Weekday:2:26MAR:86018:12345,40_MCOB-DO:121:0:Weekday:2:26MAR:86018:12345,1775682000,1775682000,default
1775678636,1_10912,40_100511,542,40_569565590,40_7976608,1775678880,1775678880,default
1775678636,1_10912,1_100162,271,1_569496310,1_7976351,1775679060,1775679060,default
1775678636,1_10912,1_100162,271,1_569497130,1_7976667,1775679960,1775679960,default
1775678636,1_10912,40_100511,542,40_569569640,40_7976607,1775680680,1775680680,default
1775678636,1_8403,1_100039,14,1_562519390,1_4392,1775678580,1775678741,default
1775678936,1_51551,1_102736,H Line,1_694056810,1_6080,1775678967,1775678897,default
1775678936,1_62212,1_102720,160,1_762081880,1_7442,1775679297,1775678892,default
1775678936,1_60161,1_100042,148,1_762077430,1_3701,1775679240,1775678549,default
1775678936,1_970,40_577,577,40_2430020,40_9304,1775678967,1775678967,default
1775678936,1_46505,1_102619,F Line,1_656236400,1_7976083,1775679180,1775679180,default
1775678936,1_46505,1_102619,F Line,1_656236660,1_7976226,1775680080,1775680080,default
1775678936,1_52306,1_102619,F Line,1_656236560,1_7976085,1775679900,1775679900,default
1775678936,1_58112,1_100045,150,1_800670680,1_8184,1775679089,1775679012,default
1775678936,1_620,40_100239,550,40_597756350,40_9632,1775679300,1775679226,default
1775678936,1_620,40_510,510,40_16133735__MCOB-DO:121:0:Weekday:2:26MAR:86018:12345,40_MCOB-DO:121:0:Weekday:2:26MAR:86018:12345,1775682000,1775682000,default
1775678936,1_10912,1_100224,44,1_664047680,1_4529,1775679229,1775679036,default
1775678936,1_10912,1_100162,271,1_569497130,1_7976667,1775679960,1775679960,default
1775678936,1_10912,40_100511,542,40_569569640,40_7976607,1775680680,1775680680,default
1775678936,1_10912,1_100162,271,1_569496450,1_7976349,1775680800,1775680800,default
1775679236,1_70694,1_102628,895,1_791784130,1_7976739,1775680800,1775680620,default
1775679236,1_575,1_100219,4,1_675345310,1_4375,1775678760,1775679269,default
1775679236,1_2850,1_100089,2,1_788758170,1_7166,1775679780,1775678957,default
1775679236,1_46505,1_102619,F Line,1_656236660,1_7976226,1775680080,1775680080,default
1775679236,1_29423,1_102732,79,1_816446370,1_8022069,1775680200,1775680200,default
1775679236,1_47660,1_102736,H Line,1_694056810,1_6080,1775679475,1775679199,default
1775679236,1_11940,1_100039,14,1_562519340,1_4314,1775679199,1775679329,default
1775679236,1_52306,1_102619,F Line,1_656236560,1_7976085,1775679900,1775679900,default
1775679236,1_99254,40_594,594,40_3886020,40_9303,1775679393,1775679393,default
1775679236,1_41940,1_100249,60,1_801585320,1_7067,1775679517,1775679369,default
1775679236,1_2200,1_102581,D Line,1_732749240,1_6070,1775679085,1775679390,default
1775679236,1_57804,1_100072,181,1_721481970,1_7355,1775679556,1775679497,default
1775679236,1_59872,1_102619,F Line,1_656236760,1_6273,1775679258,1775679408,default
1775679236,1_620,40_100240,554,40_774869420,40_9670,1775679720,1775679623,default
1775679236,1_620,40_510,510,40_16133735__MCOB-DO:121:0:Weekday:2:26MAR:86018:12345,40_MCOB-DO:121:0:Weekday:2:26MAR:86018:12345,1775682000,1775682000,default
1775679236,1_10912,1_100162,271,1_569497130,1_7976667,1775679960,1775679960,default
1775679236,1_10912,40_100511,542,40_569569640,40_7976607,1775680680,1775680680,default
1775679236,1_10912,1_100162,271,1_569496450,1_7976349,1775680800,1775680800,default
1775679236,1_71960,40_100511,542,40_721030840,40_7976686,1775680260,1775680260,default
1775679536,1_103,1_102745,G Line,1_736437260,1_6412,1775679406,1775679564,default
1775679536,1_70694,1_102628,895,1_791784130,1_7976739,1775680800,1775680620,default
1775679536,1_8541,1_100263,7,1_800587590,1_4509,1775679540,1775679552,default
1775679536,1_575,1_100219,4,1_675345320,1_4394,1775679660,1775679535,default
1775679536,1_575,1_102581,D Line,1_803817170,1_6057,1775679540,1775679578,default
1775679536,1_575,1_100264,70,1_801593200,1_8234,1775679660,1775679612,default
1775679536,1_2850,1_100089,2,1_788758170,1_7166,1775679780,1775678957,default
1775679536,1_46505,1_102619,F Line,1_656236660,1_7976226,1775680080,1775680080,default
1775679536,1_29423,1_102732,79,1_816446370,1_8022069,1775680200,1775680200,default
1775679536,1_74152,1_102753,222,1_774817860,1_7366,1775679624,1775679504,default
1775679536,1_60477,1_100060,168,1_800647970,1_7354,1775679070,1775679602,default
1775679536,1_52306,1_102619,F Line,1_656236560,1_7976085,1775679900,1775679900,default
1775679536,1_99254,1_100045,150,1_800670600,1_8140,1775679640,1775679549,default
1775679536,1_11060,1_100447,49,1_801200080,1_4327,1775679630,1775679653,default
1775679536,1_59282,1_100072,181,1_721481830,1_7173,1775680140,1775678996,default
1775679536,1_59282,1_102717,165,1_800649760,1_8023881,1775680620,1775680620,default
1775679536,1_75580,1_100205,348,1_771626340,1_7258,1775679727,1775679619,default
1775679536,1_25791,1_100214,372,1_694306560,1_6931,1775679480,1775679710,default
1775679536,1_620,40_100240,554,40_774869420,40_9670,1775679720,1775679653,default
1775679536,1_620,40_510,510,40_16133735__MCOB-DO:121:0:Weekday:2:26MAR:86018:12345,40_MCOB-DO:121:0:Weekday:2:26MAR:86018:12345,1775682000,1775682000,default
1775679536,1_10912,1_100162,271,1_569497130,1_7976667,1775679960,1775679960,default
1775679536,1_10912,40_100511,542,40_569569640,40_7976607,1775680680,1775680680,default
1775679536,1_10912,1_100162,271,1_569496450,1_7976349,1775680800,1775680800,default
1775679536,1_71960,40_100511,542,40_721030840,40_7976686,1775680260,1775680260,default
1775679536,1_8403,1_100039,14,1_562519360,1_4389,1775679480,1775679484,default
1775679836,1_12170,1_100039,14,1_562519360,1_4389,1775680059,1775679939,default
1775679836,1_70694,1_102628,895,1_791784130,1_7976739,1775680800,1775680620,default
1775679836,1_320,40_100239,550,40_597754070,40_9660,1775679900,1775679908,default
1775679836,1_320,40_594,594,40_1204020,40_9722,1775679960,1775679960,default
1775679836,1_46505,1_102619,F Line,1_656236660,1_6008,1775680080,1775679709,default
1775679836,1_46505,1_102619,F Line,1_656236660,1_7976226,1775680080,1775680080,default
1775679836,1_46505,1_102619,F Line,1_694521830,1_7976003,1775680980,1775680980,default
1775679836,1_29423,1_102732,79,1_816446370,1_8022069,1775680200,1775680200,default
1775679836,1_81199,1_100072,181,1_721481970,1_7355,1775679900,1775679852,default
1775679836,1_52306,1_102619,F Line,1_656236260,1_7976225,1775680800,1775680800,default
1775679836,1_8530,1_100263,7,1_800588740,1_4531,1775680089,1775679880,default
1775679836,1_49350,1_100026,128,1_806634680,1_1029,1775680097,1775679962,default
1775679836,1_59282,1_100072,181,1_721481830,1_7173,1775680140,1775678996,default
1775679836,1_59282,1_102717,165,1_800649760,1_8023881,1775680620,1775680620,default
1775679836,1_45230,40_560,560,40_2176020,40_41514,1775679992,1775679974,default
1775679836,1_620,1_100045,150,1_800670600,1_8140,1775680020,1775680004,default
1775679836,1_620,40_594,594,40_3886020,40_9303,1775679780,1775680068,default
1775679836,1_620,40_510,510,40_16133735__MCOB-DO:121:0:Weekday:2:26MAR:86018:12345,40_MCOB-DO:121:0:Weekday:2:26MAR:86018:12345,1775682000,1775682000,default
1775679836,1_10912,40_100511,542,40_569569640,40_7976607,1775680680,1775680680,default
1775679836,1_10912,1_100162,271,1_569496450,1_7976349,1775680800,1775680800,default
1775679836,1_10912,1_100162,271,1_569496740,1_7976670,1775681700,1775681700,default
1775679836,1_71960,40_100511,542,40_721030840,40_7976686,1775680260,1775680260,default
1775680136,1_70694,1_102628,895,1_791784130,1_7976739,1775680800,1775680620,default
1775680136,1_85800,1_100196,331,1_803352940,1_7253,1775680092,1775680220,default
1775680136,1_51551,1_102736,H Line,1_694057130,1_6064,1775680167,1775680109,default
1775680136,1_60161,1_100042,148,1_762077440,1_7976071,1775681040,1775681040,default
1775680136,1_64569,1_100099,208,1_664282500,1_7386,1775680135,1775680171,default
1775680136,1_2850,1_100089,2,1_788757800,1_7157,1775680440,1775679663,default
1775680136,1_46505,1_102619,F Line,1_694521830,1_7976003,1775680980,1775680980,default
1775680136,1_29423,1_102732,79,1_816446370,1_8022069,1775680200,1775680200,default
1775680136,1_1510,1_100263,7,1_800588740,1_4531,1775680314,1775680144,default
1775680136,1_52306,1_102619,F Line,1_656236260,1_7976225,1775680800,1775680800,default
1775680136,1_52306,1_102619,F Line,1_800653590,1_8023728,1775683500,1775683500,default
1775680136,1_21680,1_100023,124,1_690551910,1_8058,1775680299,1775680201,default
1775680136,1_59282,1_102717,165,1_800649760,1_7109,1775680620,1775680087,default
1775680136,1_59282,1_102717,165,1_800649760,1_8023881,1775680620,1775680620,default
1775680136,1_59872,1_102619,F Line,1_656236980,1_6226,1775680158,1775680272,default
1775680136,1_7690,1_102615,E Line,1_768603560,1_6209,1775680325,1775680209,default
1775680136,1_620,40_100239,550,40_597754850,40_9820,1775680200,1775680788,default
1775680136,1_620,40_510,510,40_16133735__MCOB-DO:121:0:Weekday:2:26MAR:86018:12345,40_MCOB-DO:121:0:Weekday:2:26MAR:86018:12345,1775682000,1775682000,default
1775680136,1_620,40_510,510,40_16133736__MCOB-DO:121:0:Weekday:2:26MAR:86019:12345,40_MCOB-DO:121:0:Weekday:2:26MAR:86019:12345,1775683800,1775683800,default
1775680136,1_10912,40_100511,542,40_569569640,40_7976607,1775680680,1775680680,default
1775680136,1_10912,1_100162,271,1_569496450,1_7976349,1775680800,1775680800,default
1775680136,1_10912,1_100162,271,1_569496740,1_7976670,1775681700,1775681700,default
1775680136,1_81982,1_102746,333,1_778704440,1_7975682,1775680179,1775680321,default
1775682604,1_77930,1_102746,333,1_778704090,1_7211,1775682437,1775682676,default
1775682604,1_60161,1_100042,148,1_762077560,1_7976052,1775682720,1775682720,default
1775682604,1_60161,1_100042,148,1_800646350,1_8023771,1775684520,1775684520,default
1775682604,1_970,40_577,577,40_724020,40_9222,1775682662,1775682662,default
1775682604,1_6800,1_100229,5,1_809331100,1_8267,1775682715,1775682553,default
1775682604,1_2850,1_100089,2,1_788758190,1_7119,1775683260,1775682502,default
1775682604,1_46505,1_102619,F Line,1_721496530,1_6226,1775682780,1775682146,default
1775682604,1_46505,1_102619,F Line,1_721496770,1_7976229,1775683680,1775683680,default
1775682604,1_75770,1_102615,E Line,1_768603580,1_6209,1775683766,1775682584,default
1775682604,1_52306,1_102619,F Line,1_800653590,1_8023728,1775683500,1775683500,default
1775682604,1_52306,1_102619,F Line,1_800653850,1_8023729,1775684400,1775684400,default
1775682604,1_52306,1_102619,F Line,1_800654560,1_8023711,1775685300,1775685300,default
1775682604,1_80763,1_100048,153,1_833412090,1_7177,1775682763,1775682651,default
1775682604,1_57791,1_102718,184,1_635442850,1_7976222,1775682323,1775682824,default
1775682604,1_620,40_100239,550,40_597757390,40_9574,1775682900,1775682667,default
1775682604,1_620,40_510,510,40_16133736__MCOB-DO:121:0:Weekday:2:26MAR:86019:12345,40_MCOB-DO:121:0:Weekday:2:26MAR:86019:12345,1775683800,1775683800,default
1775682604,1_620,40_510,510,40_16133737__MCOB-DO:121:0:Weekday:2:26MAR:86020:12345,40_MCOB-DO:121:0:Weekday:2:26MAR:86020:12345,1775685000,1775685000,default
1775682604,1_620,40_515,515,40_16133696__MCOB-DO:121:0:Weekday:2:26MAR:86022:12345,40_MCOB-DO:121:0:Weekday:2:26MAR:86022:12345,1775685600,1775685600,default
1775682604,1_620,40_510,510,40_16133738__MCOB-DO:121:0:Weekday:2:26MAR:86021:12345,40_MCOB-DO:121:0:Weekday:2:26MAR:86021:12345,1775686200,1775686200,default
1775682604,1_10912,1_100162,271,1_569495940,1_7976350,1775683500,1775683500,default
1775682604,1_10912,40_100511,542,40_569570770,40_7976686,1775684280,1775684280,default
1775682604,1_10912,1_100162,271,1_569495860,1_7976674,1775684460,1775684460,default
1775682790,1_12170,1_100039,14,1_562519530,1_4315,1775682759,1775682888,default
1775682790,1_29217,1_100224,44,1_664048620,1_4541,1775682122,1775682810,default
1775682790,1_60161,1_100042,148,1_800646350,1_8023771,1775684520,1775684520,default
1775682790,1_970,1_100045,150,1_800670420,1_8140,1775682834,1775682718,default
1775682790,1_970,40_592,592,40_1242020,40_9303,1775682810,1775682810,default
1775682790,1_12770,1_100228,48,1_721359040,1_8036,1775682400,1775682871,default
1775682790,1_2850,1_100089,2,1_788758190,1_7119,1775683260,1775682502,default
1775682790,1_46505,1_102619,F Line,1_721496770,1_7976229,1775683680,1775683680,default
1775682790,1_29423,1_102732,79,1_816446410,1_8022070,1775683800,1775683800,default
1775682790,1_11569,1_100002,10,1_675382950,1_4303,1775682621,1775682863,default
1775682790,1_52306,1_102619,F Line,1_800653590,1_8023728,1775683500,1775683500,default
1775682790,1_52306,1_102619,F Line,1_800653850,1_8023729,1775684400,1775684400,default
1775682790,1_52306,1_102619,F Line,1_800654560,1_8023711,1775685300,1775685300,default
1775682790,1_52306,1_102619,F Line,1_800653960,1_8023763,1775686200,1775686200,default
1775682790,1_8530,1_100005,106,1_727785250,1_7144,1775682846,1775682898,default
1775682790,1_21680,1_100023,124,1_800863070,1_8055,1775682999,1775682839,default
1775682790,1_57804,1_100072,181,1_721481840,1_7351,1775683096,1775683265,default
1775682790,1_620,40_510,510,40_16133736__MCOB-DO:121:0:Weekday:2:26MAR:86019:12345,40_MCOB-DO:121:0:Weekday:2:26MAR:86019:12345,1775683800,1775683800,default
1775682790,1_620,40_510,510,40_16133737__MCOB-DO:121:0:Weekday:2:26MAR:86020:12345,40_MCOB-DO:121:0:Weekday:2:26MAR:86020:12345,1775685000,1775685000,default
1775682790,1_620,40_515,515,40_16133696__MCOB-DO:121:0:Weekday:2:26MAR:86022:12345,40_MCOB-DO:121:0:Weekday:2:26MAR:86022:12345,1775685600,1775685600,default
1775682790,1_620,40_510,510,40_16133738__MCOB-DO:121:0:Weekday:2:26MAR:86021:12345,40_MCOB-DO:121:0:Weekday:2:26MAR:86021:12345,1775686200,1775686200,default
1775682790,1_620,40_515,515,40_16133698__MCOB-DO:121:0:Weekday:2:26MAR:86023:12345,40_MCOB-DO:121:0:Weekday:2:26MAR:86023:12345,1775686500,1775686500,default
1775682790,1_10912,1_100162,271,1_569495940,1_7976350,1775683500,1775683500,default
1775682790,1_10912,40_100511,542,40_569570770,40_7976686,1775684280,1775684280,default
1775682790,1_10912,1_100162,271,1_569495860,1_7976674,1775684460,1775684460,default
1775682790,1_71960,40_100511,542,40_721030790,40_7976607,1775683860,1775683860,default
