snapshot_ts,stop_id,route_id,route_short_name,trip_id,vehicle_id,scheduled_arrival_ts,predicted_arrival_ts,status
1775174465,1_481,1_102736,H Line,1_694056170,1_6080,1775174460,1775174492,default
1775174465,1_62212,1_102720,160,1_770989160,1_7976097,1775174517,1775174517,default
1775174465,1_26560,1_102574,40,1_811900750,1_8026393,1775174483,1775174483,default
1775174465,1_60161,1_100042,148,1_762077980,1_7976052,1775177880,1775177880,default
1775174465,1_970,40_590,590,40_2141020,40_9305,1775174507,1775174507,default
1775174465,1_8541,1_100039,14,1_562520050,1_7974986,1775174580,1775174580,default
1775174465,1_320,40_100239,550,40_597759960,40_9806,1775174460,1775174551,default
1775174465,1_64569,1_100099,208,1_736533640,1_7976388,1775174550,1775174550,default
1775174465,1_64569,1_100099,208,1_736533640,1_7360,1775174550,1775174581,default
1775174465,1_575,1_100028,13,1_788759040,1_7097,1775174160,1775174512,default
1775174465,1_575,1_102576,C Line,1_800869600,1_8024970,1775174580,1775174580,default
1775174465,1_2850,1_100089,2,1_788757890,1_8023472,1775175000,1775175023,default
1775174465,1_77910,1_102746,333,1_778704210,1_7975682,1775174539,1775174539,default
1775174465,1_46505,1_102619,F Line,1_694522120,1_7976085,1775175060,1775175060,default
1775174465,1_46505,1_102619,F Line,1_656236290,1_7975999,1775175960,1775175960,default
1775174465,1_46505,1_102619,F Line,1_635449070,1_7976142,1775176860,1775176860,default
1775174465,1_1190,1_100173,3,1_761126570,1_7974917,1775174538,1775174538,default
1775174465,1_27420,1_100161,27,1_759819230,1_7974706,1775174533,1775174533,default
1775174465,1_27420,1_100249,60,1_801585900,1_8025825,1775174648,1775174648,default
1775174465,1_11590,1_100002,10,1_675385220,1_7974882,1775174551,1775174551,default
1775174465,1_23530,1_100259,67,1_724948030,1_7975672,1775174572,1775174572,default
1775174465,1_3470,1_100249,60,1_801585880,1_8025824,1775174520,1775174520,default
1775174465,1_25140,1_100254,65,1_778693360,1_7975675,1775174631,1775174569,default
1775174465,1_57453,1_100060,168,1_693747160,1_7976218,1775177100,1775177168,default
1775174465,1_73366,1_102548,B Line,1_721018920,1_7976639,1775174620,1775174620,default
1775174465,1_16630,1_100203,346,1_724963000,1_7975605,1775174546,1775174546,default
1775174465,1_40012,1_100026,128,1_806634330,1_8023661,1775174555,1775174555,default
1775174465,1_84810,1_102752,223,1_833610860,1_8024749,1775174552,1775174552,default
1775174465,1_52306,1_102619,F Line,1_800653870,1_8023729,1775174700,1775174700,default
1775174465,1_52306,1_102619,F Line,1_800654760,1_8023709,1775175300,1775175300,default
1775174465,1_52306,1_102619,F Line,1_800654580,1_8023711,1775175900,1775175900,default
1775174465,1_52306,1_102619,F Line,1_800654920,1_8023715,1775176500,1775176500,default
1775174465,1_52306,1_102619,F Line,1_800654190,1_8023763,1775177400,1775177400,default
1775174465,1_45670,1_100210,36,1_800583630,1_4531,1775174541,1775174572,default
1775174465,1_59282,1_102717,165,1_800649850,1_7313,1775175180,1775173747,default
1775174465,1_68160,1_102548,B Line,1_721019520,1_6030,1775174677,1775174504,default
1775174465,1_9080,1_100263,7,1_800587610,1_8023401,1775174611,1775174611,default
1775174465,1_10210,1_100264,70,1_801594180,1_8026417,1775174673,1775174673,default
1775174465,1_620,40_100239,550,40_597759710,40_7976704,1775174760,1775174760,default
1775174465,1_620,40_510,510,40_16133731__MCOB-DO:121:0:Weekday:2:26MAR:86019:12345,40_MCOB-DO:121:0:Weekday:2:26MAR:86019:12345,1775175000,1775175000,default
1775174465,1_620,1_102754,256,1_816378500,1_8005267,1775175300,1775175300,default
1775174465,1_620,40_510,510,40_16133716__MCOB-DO:121:0:Weekday:2:26MAR:86028:12345,40_MCOB-DO:121:0:Weekday:2:26MAR:86028:12345,1775176200,1775176200,default
1775174465,1_620,40_515,515,40_16133703__MCOB-DO:121:0:Weekday:2:26MAR:86025:12345,40_MCOB-DO:121:0:Weekday:2:26MAR:86025:12345,1775176380,1775176380,default
1775174465,1_620,1_102754,256,1_816378510,1_8005288,1775177100,1775177100,default
1775174465,1_620,40_510,510,40_16133723__MCOB-DO:121:0:Weekday:2:26MAR:86020:12345,40_MCOB-DO:121:0:Weekday:2:26MAR:86020:12345,1775177400,1775177400,default
1775174465,1_620,40_515,515,40_16133710__MCOB-DO:121:0:Weekday:2:26MAR:86023:12345,40_MCOB-DO:121:0:Weekday:2:26MAR:86023:12345,1775177100,1775177924,default
1775174465,1_620,40_515,515,40_16133757__MCOB-DO:121:0:Weekday:2:26MAR:86032:12345,40_MCOB-DO:121:0:Weekday:2:26MAR:86032:12345,1775178000,1775178000,default
1775174465,1_10912,1_100214,372,1_694306250,1_6993,1775174444,1775174663,default
1775174465,1_10912,1_100264,70,1_816207880,1_8237,1775174527,1775174664,default
1775174465,1_10912,40_100511,542,40_581722900,40_7976606,1775174760,1775174760,default
1775174465,1_10912,1_100162,271,1_569496920,1_7976670,1775175120,1775175120,default
1775174465,1_10912,1_100162,271,1_569496790,1_7976668,1775175780,1775175780,default
1775174465,1_10912,40_100451,556,40_635883200,40_7976710,1775176200,1775176200,default
1775174465,1_71960,40_100511,542,40_721030800,40_7976686,1775175660,1775175660,default
1775174465,1_8403,1_100039,14,1_562519930,1_7974978,1775174700,1775174700,default
1775174465,1_58144,1_100048,153,1_833411830,1_8023810,1775174681,1775174681,default
1775174765,1_60161,1_100042,148,1_762077930,1_3733,1775176080,1775174565,default
1775174765,1_60161,1_100042,148,1_762077930,1_7976072,1775176080,1775176080,default
1775174765,1_60161,1_100042,148,1_762077980,1_7976052,1775177880,1775177880,default
1775174765,1_320,40_590,590,40_2141020,40_9305,1775174820,1775174820,default
1775174765,1_2850,1_100089,2,1_788757890,1_8023472,1775175000,1775174567,default
1775174765,1_46505,1_102619,F Line,1_694522120,1_7976085,1775175060,1775175060,default
1775174765,1_46505,1_102619,F Line,1_656236290,1_7975999,1775175960,1775175960,default
1775174765,1_46505,1_102619,F Line,1_635449070,1_7976142,1775176860,1775176860,default
1775174765,1_57453,1_100060,168,1_693747160,1_7976218,1775177100,1775177309,default
1775174765,1_81254,1_102744,365,1_761395790,1_7975723,1775174862,1775174862,default
1775174765,1_79610,1_100006,107,1_800646500,1_8023812,1775174855,1775174855,default
1775174765,1_52306,1_102619,F Line,1_800654760,1_8023709,1775175300,1775175300,default
1775174765,1_52306,1_102619,F Line,1_800654580,1_8023711,1775175900,1775175900,default
1775174765,1_52306,1_102619,F Line,1_800654920,1_8023715,1775176500,1775176500,default
1775174765,1_52306,1_102619,F Line,1_800654190,1_8023763,1775177400,1775177400,default
1775174765,1_52306,1_102619,F Line,1_800654690,1_8023764,1775178300,1775178300,default
1775174765,1_99254,1_100003,101,1_800669590,1_8023803,1775174860,1775174860,default
1775174765,1_70665,1_100136,245,1_761788310,1_7976379,1775174916,1775174916,default
1775174765,1_70665,1_102702,239,1_736529250,1_7976432,1775174940,1775174940,default
1775174765,1_40065,1_102574,40,1_811900580,1_8026403,1775174905,1775174905,default
1775174765,1_41940,1_100249,60,1_801585900,1_8025825,1775174917,1775174917,default
1775174765,1_2200,1_100275,8,1_800890330,1_8074,1775174913,1775174913,default
1775174765,1_57804,1_100072,181,1_721482070,1_7976082,1775175373,1775175373,default
1775174765,1_59282,1_102717,165,1_800649850,1_7313,1775175180,1775173747,default
1775174765,1_23905,1_100214,372,1_694306830,1_7976759,1775174932,1775174932,default
1775174765,1_620,40_510,510,40_16133731__MCOB-DO:121:0:Weekday:2:26MAR:86019:12345,40_MCOB-DO:121:0:Weekday:2:26MAR:86019:12345,1775175000,1775175000,default
1775174765,1_620,40_100240,554,40_774872440,40_7976690,1775175300,1775175300,default
1775174765,1_620,1_102754,256,1_816378500,1_8005267,1775175300,1775175300,default
1775174765,1_620,40_100239,550,40_597759720,40_7976642,1775175360,1775175360,default
1775174765,1_620,40_510,510,40_16133716__MCOB-DO:121:0:Weekday:2:26MAR:86028:12345,40_MCOB-DO:121:0:Weekday:2:26MAR:86028:12345,1775176200,1775176200,default
1775174765,1_620,40_515,515,40_16133703__MCOB-DO:121:0:Weekday:2:26MAR:86025:12345,40_MCOB-DO:121:0:Weekday:2:26MAR:86025:12345,1775176380,1775176380,default
1775174765,1_620,1_102754,256,1_816378510,1_8005288,1775177100,1775177100,default
1775174765,1_620,40_510,510,40_16133723__MCOB-DO:121:0:Weekday:2:26MAR:86020:12345,40_MCOB-DO:121:0:Weekday:2:26MAR:86020:12345,1775177400,1775177400,default
1775174765,1_620,40_515,515,40_16133757__MCOB-DO:121:0:Weekday:2:26MAR:86032:12345,40_MCOB-DO:121:0:Weekday:2:26MAR:86032:12345,1775178000,1775178000,default
1775174765,1_620,40_515,515,40_16133710__MCOB-DO:121:0:Weekday:2:26MAR:86023:12345,40_MCOB-DO:121:0:Weekday:2:26MAR:86023:12345,1775177100,1775178164,default
1775174765,1_10912,1_100162,271,1_569496920,1_7976670,1775175120,1775175120,default
1775174765,1_10912,1_100162,271,1_569496790,1_7976668,1775175780,1775175780,default
1775174765,1_10912,40_100511,542,40_581723450,40_7976604,1775176020,1775176020,default
1775174765,1_10912,40_100451,556,40_635883200,40_7976710,1775176200,1775176200,default
1775174765,1_10912,1_100162,271,1_569496940,1_7976352,1775176380,1775176380,default
1775174765,1_10912,40_100451,556,40_635883190,40_7976550,1775178120,1775178120,default
1775174765,1_71960,40_100511,542,40_721030800,40_7976686,1775175660,1775175660,default
1775174765,1_52081,1_102736,H Line,1_694056370,1_7974898,1775174936,1775174936,default
1775174765,1_8403,1_100039,14,1_562519930,1_7974978,1775174700,1775174700,default
1775175066,1_103,1_102745,G Line,1_736436150,1_7974690,1775175078,1775175078,default
1775175066,1_26560,1_102574,40,1_811900500,1_8026438,1775175083,1775175083,default
1775175066,1_60161,1_100042,148,1_762077930,1_3733,1775176080,1775174565,default
1775175066,1_60161,1_100042,148,1_762077980,1_7976052,1775177880,1775177880,default
1775175066,1_12770,1_100228,48,1_721358480,1_7974620,1775175089,1775175089,default
1775175066,1_320,40_100239,550,40_597760060,40_9815,1775175060,1775175125,default
1775175066,1_68784,1_100136,245,1_761788120,1_7365,1775175118,1775175118,default
1775175066,1_575,1_102576,C Line,1_800867900,1_8025089,1775175180,1775175180,default
1775175066,1_575,1_100210,36,1_800584210,1_8023380,1775175180,1775175180,default
1775175066,1_2850,1_100089,2,1_788758250,1_8023469,1775175900,1775175900,default
1775175066,1_46505,1_102619,F Line,1_656236290,1_7975999,1775175960,1775175960,default
1775175066,1_46505,1_102619,F Line,1_635449070,1_7976142,1775176860,1775176860,default
1775175066,1_3470,1_100210,36,1_800584250,1_8023432,1775175120,1775175120,default
1775175066,1_57453,1_100060,168,1_693747160,1_7976218,1775177100,1775177231,default
1775175066,1_74743,1_102702,239,1_736529450,1_7976431,1775175139,1775175139,default
1775175066,1_73366,1_102548,B Line,1_721019260,1_7976627,1775175220,1775175220,default
1775175066,1_52306,1_102619,F Line,1_800654760,1_8023709,1775175300,1775175300,default
1775175066,1_52306,1_102619,F Line,1_800654580,1_8023711,1775175900,1775175900,default
1775175066,1_52306,1_102619,F Line,1_800654920,1_8023715,1775176500,1775176500,default
1775175066,1_52306,1_102619,F Line,1_800654190,1_8023763,1775177400,1775177400,default
1775175066,1_52306,1_102619,F Line,1_800654690,1_8023764,1775178300,1775178300,default
1775175066,1_45670,1_100210,36,1_800582730,1_4557,1775175021,1775175206,default
1775175066,1_57804,1_100072,181,1_721482070,1_7976082,1775175373,1775175373,default
1775175066,1_10210,1_100264,70,1_816207650,1_8026416,1775175273,1775175273,default
1775175066,1_620,1_100003,101,1_800669590,1_8023803,1775175240,1775175240,default
1775175066,1_620,40_100240,554,40_774872440,40_7976690,1775175300,1775175300,default
1775175066,1_620,1_102754,256,1_816378500,1_8005267,1775175300,1775175300,default
1775175066,1_620,40_100239,550,40_597759720,40_7976642,1775175360,1775175360,default
1775175066,1_620,40_510,510,40_16133716__MCOB-DO:121:0:Weekday:2:26MAR:86028:12345,40_MCOB-DO:121:0:Weekday:2:26MAR:86028:12345,1775176200,1775176200,default
1775175066,1_620,40_515,515,40_16133703__MCOB-DO:121:0:Weekday:2:26MAR:86025:12345,40_MCOB-DO:121:0:Weekday:2:26MAR:86025:12345,1775176380,1775176380,default
1775175066,1_620,1_102754,256,1_816378510,1_8005288,1775177100,1775177100,default
1775175066,1_620,40_510,510,40_16133723__MCOB-DO:121:0:Weekday:2:26MAR:86020:12345,40_MCOB-DO:121:0:Weekday:2:26MAR:86020:12345,1775177400,1775177400,default
1775175066,1_620,40_515,515,40_16133757__MCOB-DO:121:0:Weekday:2:26MAR:86032:12345,40_MCOB-DO:121:0:Weekday:2:26MAR:86032:12345,1775178000,1775178000,default
1775175066,1_620,40_515,515,40_16133710__MCOB-DO:121:0:Weekday:2:26MAR:86023:12345,40_MCOB-DO:121:0:Weekday:2:26MAR:86023:12345,1775177100,1775178522,default
1775175066,1_620,40_510,510,40_16133729__MCOB-DO:121:0:Weekday:2:26MAR:86021:12345,40_MCOB-DO:121:0:Weekday:2:26MAR:86021:12345,1775178600,1775178600,default
1775175066,1_10912,1_100214,372,1_694306410,1_6984,1775175044,1775175253,default
1775175066,1_10912,1_100264,70,1_816208630,1_8026411,1775175127,1775175294,default
1775175066,1_10912,1_100162,271,1_569496790,1_7976668,1775175780,1775175780,default
1775175066,1_10912,40_100511,542,40_581723450,40_7976604,1775176020,1775176020,default
1775175066,1_10912,40_100451,556,40_635883200,40_7976710,1775176200,1775176200,default
1775175066,1_10912,1_100162,271,1_569496940,1_7976352,1775176380,1775176380,default
1775175066,1_10912,40_100451,556,40_635883190,40_7976550,1775178120,1775178120,default
1775175066,1_71960,40_100511,542,40_721030800,40_7976686,1775175660,1775175660,default
1775175066,1_81982,1_102746,333,1_778704880,1_7975726,1775175279,1775175279,default
1775175066,1_58230,1_102720,160,1_770989160,1_7976097,1775175246,1775175246,default
1775175365,1_46791,1_100016,118,1_694538340,1_7976005,1775175480,1775175480,default
1775175365,1_46791,1_100016,118,1_694538340,1_3737,1775175480,1775175480,default
1775175365,1_60161,1_100042,148,1_762077930,1_3733,1775176080,1775174565,default
1775175365,1_60161,1_100042,148,1_762077980,1_7976052,1775177880,1775177880,default
1775175365,1_320,40_100240,554,40_581723280,40_9664,1775175240,1775175479,default
1775175365,1_575,1_100028,13,1_788759050,1_7158,1775175360,1775175432,default
1775175365,1_2850,1_100089,2,1_788758250,1_8023469,1775175900,1775175900,default
1775175365,1_2850,1_100089,2,1_788758250,1_7095,1775175900,1775175900,default
1775175365,1_46505,1_102619,F Line,1_656236290,1_7975999,1775175960,1775175960,default
1775175365,1_46505,1_102619,F Line,1_635449070,1_7976142,1775176860,1775176860,default
1775175365,1_46505,1_102619,F Line,1_656236440,1_7976083,1775178720,1775178720,default
1775175365,1_29423,1_102732,79,1_816446320,1_8022069,1775176500,1775176500,default
1775175365,1_280,1_100011,111,1_664454910,1_7396,1775175261,1775175432,default
1775175365,1_280,1_100104,212,1_806323820,1_6972,1775175110,1775175481,default
1775175365,1_57453,1_100060,168,1_800648190,1_8023780,1775175300,1775175300,default
1775175365,1_57453,1_100060,168,1_693747160,1_7976218,1775177100,1775177303,default
1775175365,1_35070,1_100230,50,1_785559470,1_7976174,1775175447,1775175447,default
1775175365,1_52306,1_102619,F Line,1_800654580,1_8023711,1775175900,1775175900,default
1775175365,1_52306,1_102619,F Line,1_800654920,1_8023715,1775176500,1775176500,default
1775175365,1_52306,1_102619,F Line,1_800654190,1_8023763,1775177400,1775177400,default
1775175365,1_52306,1_102619,F Line,1_800654690,1_8023764,1775178300,1775178300,default
1775175365,1_40065,1_102574,40,1_811900430,1_8026401,1775175505,1775175505,default
1775175365,1_59282,1_100072,181,1_721490250,1_7976104,1775176140,1775176140,default
1775175365,1_59872,1_102619,F Line,1_800654600,1_8023712,1775175618,1775175618,default
1775175365,1_620,40_100236,545,40_585570410,40_9656,1775175600,1775175665,default
1775175365,1_620,40_100239,550,40_597759950,40_7976609,1775175960,1775175960,default
1775175365,1_620,1_100104,212,1_806323810,1_8005197,1775176020,1775176020,default
1775175365,1_620,40_510,510,40_16133716__MCOB-DO:121:0:Weekday:2:26MAR:86028:12345,40_MCOB-DO:121:0:Weekday:2:26MAR:86028:12345,1775176200,1775176200,default
1775175365,1_620,40_515,515,40_16133703__MCOB-DO:121:0:Weekday:2:26MAR:86025:12345,40_MCOB-DO:121:0:Weekday:2:26MAR:86025:12345,1775176380,1775176380,default
1775175365,1_620,1_102754,256,1_816378510,1_8005288,1775177100,1775177100,default
1775175365,1_620,40_510,510,40_16133723__MCOB-DO:121:0:Weekday:2:26MAR:86020:12345,40_MCOB-DO:121:0:Weekday:2:26MAR:86020:12345,1775177400,1775177400,default
1775175365,1_620,40_515,515,40_16133757__MCOB-DO:121:0:Weekday:2:26MAR:86032:12345,40_MCOB-DO:121:0:Weekday:2:26MAR:86032:12345,1775178000,1775178000,default
1775175365,1_620,40_510,510,40_16133729__MCOB-DO:121:0:Weekday:2:26MAR:86021:12345,40_MCOB-DO:121:0:Weekday:2:26MAR:86021:12345,1775178600,1775178600,default
1775175365,1_620,40_515,515,40_16133710__MCOB-DO:121:0:Weekday:2:26MAR:86023:12345,40_MCOB-DO:121:0:Weekday:2:26MAR:86023:12345,1775177100,1775178822,default
1775175365,1_620,1_102754,256,1_816378520,1_8005280,1775178960,1775178960,default
1775175365,1_10912,1_100162,271,1_569496790,1_7976668,1775175780,1775175780,default
1775175365,1_10912,40_100511,542,40_581723450,40_7976604,1775176020,1775176020,default
1775175365,1_10912,40_100451,556,40_635883200,40_7976710,1775176200,1775176200,default
1775175365,1_10912,1_100162,271,1_569496940,1_7976352,1775176380,1775176380,default
1775175365,1_10912,40_100511,542,40_581723480,40_7976607,1775177220,1775177220,default
1775175365,1_10912,1_100162,271,1_569497180,1_7976663,1775177220,1775177220,default
1775175365,1_10912,40_100451,556,40_635883190,40_7976550,1775178120,1775178120,default
1775175365,1_71960,40_100511,542,40_721030800,40_9674,1775175660,1775175469,default
1775175365,1_71960,40_100511,542,40_721030800,40_7976686,1775175660,1775175660,default
1775175365,1_8403,1_100039,14,1_562520050,1_7974986,1775175600,1775175600,default
1775175365,1_76310,40_100232,522,40_635897070,40_7976746,1775175567,1775175567,default
1775175665,1_26560,1_102574,40,1_811901650,1_8026388,1775175683,1775175683,default
1775175665,1_60161,1_100042,148,1_762077930,1_3733,1775176080,1775174565,default
1775175665,1_60161,1_100042,148,1_762077980,1_7976052,1775177880,1775177880,default
1775175665,1_320,1_100011,111,1_664454910,1_7396,1775175420,1775175709,default
1775175665,1_320,40_100239,550,40_597760720,40_9650,1775175660,1775175772,default
1775175665,1_320,1_100104,212,1_806323820,1_6972,1775175300,1775175801,default
1775175665,1_17651,1_102747,61,1_803357140,1_3751,1775175748,1775175748,default
1775175665,1_575,1_102576,C Line,1_800869450,1_8024965,1775175780,1775175780,default
1775175665,1_2850,1_100089,2,1_788758250,1_7095,1775175900,1775175298,default
1775175665,1_2850,1_100089,2,1_818403120,1_8023486,1775176200,1775176200,default
1775175665,1_46505,1_102619,F Line,1_656236290,1_7975999,1775175960,1775175960,default
1775175665,1_46505,1_102619,F Line,1_635449070,1_7976142,1775176860,1775176860,default
1775175665,1_46505,1_102619,F Line,1_656236440,1_7976083,1775178720,1775178720,default
1775175665,1_29423,1_102732,79,1_816446320,1_8022069,1775176500,1775176500,default
1775175665,1_11590,1_100002,10,1_675385250,1_7974874,1775175751,1775175751,default
1775175665,1_57453,1_100060,168,1_693747160,1_7976218,1775177100,1775177346,default
1775175665,1_68130,1_102548,B Line,1_721019600,1_6065,1775176288,1775175803,default
1775175665,1_73366,1_102548,B Line,1_721019520,1_7976622,1775175820,1775175820,default
1775175665,1_84810,1_102752,223,1_833610870,1_8024725,1775175812,1775175812,default
1775175665,1_52306,1_102619,F Line,1_800654580,1_8023711,1775175900,1775175900,default
1775175665,1_52306,1_102619,F Line,1_800654920,1_8023715,1775176500,1775176500,default
1775175665,1_52306,1_102619,F Line,1_800654190,1_8023763,1775177400,1775177400,default
1775175665,1_52306,1_102619,F Line,1_800654690,1_8023764,1775178300,1775178300,default
1775175665,1_52306,1_102619,F Line,1_800654430,1_8023883,1775179200,1775179200,default
1775175665,1_99254,1_100003,101,1_800669580,1_8023743,1775175760,1775175760,default
1775175665,1_41940,1_100177,303,1_803352630,1_8112,1775175793,1775175793,default
1775175665,1_59282,1_100072,181,1_721490250,1_7482,1775176140,1775175623,default
1775175665,1_59282,1_100072,181,1_721490250,1_7976104,1775176140,1775176140,default
1775175665,1_59282,1_102717,165,1_800649860,1_8023717,1775176860,1775176860,default
1775175665,1_23905,1_100214,372,1_694306910,1_7976755,1775175832,1775175832,default
1775175665,1_10210,1_100264,70,1_816207880,1_8026412,1775175817,1775175817,default
1775175665,1_620,40_100236,545,40_585569830,40_6957,1775174880,1775175875,default
1775175665,1_620,40_100239,550,40_597759950,40_7976609,1775175960,1775175960,default
1775175665,1_620,1_100104,212,1_806323810,1_8005197,1775176020,1775176020,default
1775175665,1_620,40_515,515,40_16133703__MCOB-DO:121:0:Weekday:2:26MAR:86025:12345,40_MCOB-DO:121:0:Weekday:2:26MAR:86025:12345,1775176380,1775176380,default
1775175665,1_620,40_510,510,40_16133716__MCOB-DO:121:0:Weekday:2:26MAR:86028:12345,40_MCOB-DO:121:0:Weekday:2:26MAR:86028:12345,1775176200,1775176435,default
1775175665,1_620,1_102754,256,1_816378510,1_8005288,1775177100,1775177100,default
1775175665,1_620,40_510,510,40_16133723__MCOB-DO:121:0:Weekday:2:26MAR:86020:12345,40_MCOB-DO:121:0:Weekday:2:26MAR:86020:12345,1775177400,1775177400,default
1775175665,1_620,40_515,515,40_16133757__MCOB-DO:121:0:Weekday:2:26MAR:86032:12345,40_MCOB-DO:121:0:Weekday:2:26MAR:86032:12345,1775178000,1775178000,default
1775175665,1_620,40_510,510,40_16133729__MCOB-DO:121:0:Weekday:2:26MAR:86021:12345,40_MCOB-DO:121:0:Weekday:2:26MAR:86021:12345,1775178600,1775178600,default
1775175665,1_620,1_102754,256,1_816378520,1_8005280,1775178960,1775178960,default
1775175665,1_620,40_515,515,40_16133710__MCOB-DO:121:0:Weekday:2:26MAR:86023:12345,40_MCOB-DO:121:0:Weekday:2:26MAR:86023:12345,1775177100,1775179122,default
1775175665,1_620,40_515,515,40_16133699__MCOB-DO:121:0:Weekday:2:26MAR:86024:12345,40_MCOB-DO:121:0:Weekday:2:26MAR:86024:12345,1775179200,1775179200,default
1775175665,1_10912,1_100214,372,1_694306040,1_6923,1775175704,1775175879,default
1775175665,1_10912,1_100264,70,1_816207560,1_8026415,1775175727,1775175890,default
1775175665,1_10912,40_100511,542,40_581723450,40_7976604,1775176020,1775176020,default
1775175665,1_10912,40_100451,556,40_635883200,40_7976710,1775176200,1775176200,default
1775175665,1_10912,1_100162,271,1_569496940,1_7976352,1775176380,1775176380,default
1775175665,1_10912,40_100511,542,40_581723480,40_7976607,1775177220,1775177220,default
1775175665,1_10912,1_100162,271,1_569497180,1_7976663,1775177220,1775177220,default
1775175665,1_10912,40_100451,556,40_635883190,40_7976550,1775178120,1775178120,default
1775175665,1_8403,1_100039,14,1_562520050,1_7974986,1775175600,1775175600,default
1775175966,1_481,1_102736,H Line,1_694055830,1_6079,1775175900,1775175988,default
1775175966,1_4290,1_100219,4,1_675344980,1_7974884,1775176005,1775176005,default
1775175966,1_60161,1_100042,148,1_762077930,1_3733,1775176080,1775174565,default
1775175966,1_60161,1_100042,148,1_762077980,1_7976052,1775177880,1775177880,default
1775175966,1_12770,1_100228,48,1_721359460,1_7974614,1775175989,1775175989,default
1775175966,1_68784,1_100136,245,1_761787670,1_7976372,1775176018,1775176018,default
1775175966,1_2850,1_100089,2,1_818403120,1_7098,1775176200,1775175810,default
1775175966,1_2850,1_100089,2,1_818403120,1_8023486,1775176200,1775176200,default
1775175966,1_46505,1_102619,F Line,1_635449070,1_7976142,1775176860,1775176860,default
1775175966,1_46505,1_102619,F Line,1_656236440,1_7976083,1775178720,1775178720,default
1775175966,1_29423,1_102732,79,1_816446320,1_8022069,1775176500,1775176500,default
1775175966,1_40060,1_102574,40,1_811900600,1_8026398,1775176053,1775176053,default
1775175966,1_280,40_100240,554,40_581724360,40_7976693,1775176041,1775176097,default
1775175966,1_27420,1_100249,60,1_801585840,1_8025818,1775176088,1775176088,default
1775175966,1_3470,1_100210,36,1_800582730,1_8023434,1775176020,1775176020,default
1775175966,1_64405,1_100099,208,1_664282530,1_7976338,1775176040,1775176040,default
1775175966,1_57453,1_100060,168,1_693747160,1_7976218,1775177100,1775177220,default
1775175966,1_81254,1_102744,365,1_761395800,1_7975724,1775176062,1775176062,default
1775175966,1_72494,1_100160,269,1_806917010,1_8024684,1775176140,1775176140,default
1775175966,1_52306,1_102619,F Line,1_800654920,1_8023715,1775176500,1775176500,default
1775175966,1_52306,1_102619,F Line,1_800654190,1_8023763,1775177400,1775177400,default
1775175966,1_52306,1_102619,F Line,1_800654690,1_8023764,1775178300,1775178300,default
1775175966,1_52306,1_102619,F Line,1_800654430,1_8023883,1775179200,1775179200,default
1775175966,1_59282,1_100072,181,1_721490250,1_7482,1775176140,1775175623,default
1775175966,1_59282,1_102717,165,1_800649860,1_7135,1775176860,1775175993,default
1775175966,1_59282,1_102717,165,1_800649860,1_8023717,1775176860,1775176860,default
1775175966,1_71678,1_102552,226,1_816296140,1_8024716,1775176100,1775176100,default
1775175966,1_620,1_100003,101,1_800669580,1_8023743,1775176140,1775176140,default
1775175966,1_620,40_100236,545,40_585570390,40_7976571,1775176320,1775176320,default
1775175966,1_620,40_515,515,40_16133703__MCOB-DO:121:0:Weekday:2:26MAR:86025:12345,40_MCOB-DO:121:0:Weekday:2:26MAR:86025:12345,1775176380,1775176512,default
1775175966,1_620,40_510,510,40_16133716__MCOB-DO:121:0:Weekday:2:26MAR:86028:12345,40_MCOB-DO:121:0:Weekday:2:26MAR:86028:12345,1775176200,1775176600,default
1775175966,1_620,40_100239,550,40_597760050,40_7976617,1775176620,1775176620,default
1775175966,1_620,1_102754,256,1_816378510,1_8005288,1775177100,1775177100,default
1775175966,1_620,40_510,510,40_16133723__MCOB-DO:121:0:Weekday:2:26MAR:86020:12345,40_MCOB-DO:121:0:Weekday:2:26MAR:86020:12345,1775177400,1775177400,default
1775175966,1_620,40_515,515,40_16133757__MCOB-DO:121:0:Weekday:2:26MAR:86032:12345,40_MCOB-DO:121:0:Weekday:2:26MAR:86032:12345,1775178000,1775178000,default
1775175966,1_620,40_510,510,40_16133729__MCOB-DO:121:0:Weekday:2:26MAR:86021:12345,40_MCOB-DO:121:0:Weekday:2:26MAR:86021:12345,1775178600,1775178600,default
1775175966,1_620,1_102754,256,1_816378520,1_8005280,1775178960,1775178960,default
1775175966,1_620,40_515,515,40_16133699__MCOB-DO:121:0:Weekday:2:26MAR:86024:12345,40_MCOB-DO:121:0:Weekday:2:26MAR:86024:12345,1775179200,1775179200,default
1775175966,1_620,40_515,515,40_16133710__MCOB-DO:121:0:Weekday:2:26MAR:86023:12345,40_MCOB-DO:121:0:Weekday:2:26MAR:86023:12345,1775177100,1775179422,default
1775175966,1_10912,40_100451,556,40_635883200,40_7976710,1775176200,1775176200,default
1775175966,1_10912,1_100162,271,1_569496940,1_7976352,1775176380,1775176380,default
1775175966,1_10912,40_100511,542,40_581723480,40_7976607,1775177220,1775177220,default
1775175966,1_10912,1_100162,271,1_569497180,1_7976663,1775177220,1775177220,default
1775175966,1_10912,40_100451,556,40_635883190,40_7976550,1775178120,1775178120,default
1775175966,1_71960,40_100511,542,40_721031010,40_7976608,1775177460,1775177460,default
1775175966,1_81982,1_102746,333,1_778704630,1_7975682,1775176179,1775176179,default
1775176266,1_51551,1_102736,H Line,1_694056210,1_7974962,1775176287,1775176287,default
1775176266,1_26560,1_102574,40,1_811900490,1_8026437,1775176283,1775176283,default
1775176266,1_60161,1_100042,148,1_762077980,1_7976052,1775177880,1775177880,default
1775176266,1_30790,1_100249,60,1_801586000,1_8025819,1775176283,1775176283,default
1775176266,1_575,1_100263,7,1_800587220,1_8023477,1775176320,1775176320,default
1775176266,1_575,1_102576,C Line,1_800868430,1_8024974,1775176380,1775176380,default
1775176266,1_2850,1_100089,2,1_788757900,1_8023473,1775176800,1775176800,default
1775176266,1_46505,1_102619,F Line,1_635449070,1_7976142,1775176860,1775176860,default
1775176266,1_46505,1_102619,F Line,1_656236440,1_7976083,1775178720,1775178720,default
1775176266,1_46505,1_102619,F Line,1_656237600,1_7975998,1775179620,1775179620,default
1775176266,1_29423,1_102732,79,1_816446320,1_8022069,1775176500,1775176500,default
1775176266,1_47660,1_102736,H Line,1_694056250,1_7974892,1775176367,1775176367,default
1775176266,1_280,40_100240,554,40_581724360,40_9661,1775176041,1775176343,default
1775176266,1_1190,1_100173,3,1_761126450,1_7974915,1775176338,1775176338,default
1775176266,1_57453,1_100060,168,1_693747160,1_7976218,1775177100,1775177132,default
1775176266,1_1510,1_100210,36,1_800583630,1_8023415,1775176358,1775176358,default
1775176266,1_73366,1_102548,B Line,1_721018430,1_7976638,1775176420,1775176420,default
1775176266,1_52306,1_102619,F Line,1_800654920,1_8023715,1775176500,1775176500,default
1775176266,1_52306,1_102619,F Line,1_800654190,1_8023763,1775177400,1775177400,default
1775176266,1_52306,1_102619,F Line,1_800654690,1_8023764,1775178300,1775178300,default
1775176266,1_52306,1_102619,F Line,1_800654430,1_8023883,1775179200,1775179200,default
1775176266,1_71970,1_102753,222,1_774817940,1_7976418,1775176402,1775176402,default
1775176266,1_59282,1_102717,165,1_800649860,1_7135,1775176860,1775175993,default
1775176266,1_9080,1_100263,7,1_800587200,1_8023414,1775176411,1775176411,default
1775176266,1_31890,1_100230,50,1_770997100,1_7976176,1775176421,1775176421,default
1775176266,1_10210,1_100264,70,1_816208630,1_8026411,1775176417,1775176417,default
1775176266,1_50787,1_100074,183,1_800656870,1_7471,1775176500,1775176500,default
1775176266,1_620,40_100239,550,40_597760050,40_7976617,1775176620,1775176620,default
1775176266,1_620,40_515,515,40_16133703__MCOB-DO:121:0:Weekday:2:26MAR:86025:12345,40_MCOB-DO:121:0:Weekday:2:26MAR:86025:12345,1775176380,1775176780,default
1775176266,1_620,1_102754,256,1_816378510,1_8005288,1775177100,1775177100,default
1775176266,1_620,40_510,510,40_16133723__MCOB-DO:121:0:Weekday:2:26MAR:86020:12345,40_MCOB-DO:121:0:Weekday:2:26MAR:86020:12345,1775177400,1775177400,default
1775176266,1_620,40_515,515,40_16133757__MCOB-DO:121:0:Weekday:2:26MAR:86032:12345,40_MCOB-DO:121:0:Weekday:2:26MAR:86032:12345,1775178000,1775178000,default
1775176266,1_620,40_510,510,40_16133729__MCOB-DO:121:0:Weekday:2:26MAR:86021:12345,40_MCOB-DO:121:0:Weekday:2:26MAR:86021:12345,1775178600,1775178600,default
1775176266,1_620,1_102754,256,1_816378520,1_8005280,1775178960,1775178960,default
1775176266,1_620,40_515,515,40_16133699__MCOB-DO:121:0:Weekday:2:26MAR:86024:12345,40_MCOB-DO:121:0:Weekday:2:26MAR:86024:12345,1775179200,1775179200,default
1775176266,1_620,40_515,515,40_16133710__MCOB-DO:121:0:Weekday:2:26MAR:86023:12345,40_MCOB-DO:121:0:Weekday:2:26MAR:86023:12345,1775177100,1775179723,default
1775176266,1_620,40_510,510,40_16133730__MCOB-DO:121:0:Weekday:2:26MAR:86031:12345,40_MCOB-DO:121:0:Weekday:2:26MAR:86031:12345,1775179800,1775179800,default
1775176266,1_10912,40_100511,542,40_581723480,40_7976607,1775177220,1775177220,default
1775176266,1_10912,1_100162,271,1_569497180,1_7976663,1775177220,1775177220,default
1775176266,1_10912,40_100451,556,40_635883190,40_7976550,1775178120,1775178120,default
1775176266,1_10912,1_100162,271,1_569554140,1_7976662,1775178180,1775178180,default
1775176266,1_71960,40_100511,542,40_721031010,40_7976608,1775177460,1775177460,default
1775176266,1_8403,1_100039,14,1_562520810,1_7974993,1775176500,1775176500,default
1775176566,1_5830,1_100229,5,1_809328900,1_8025836,1775176290,1775176577,default
1775176566,1_5830,1_100229,5,1_809331720,1_8025796,1775175390,1775176600,default
1775176566,1_60161,1_100042,148,1_762077980,1_7976052,1775177880,1775177880,default
1775176566,1_8541,1_100263,7,1_800588120,1_8023484,1775176620,1775176620,default
1775176566,1_2850,1_100089,2,1_788757900,1_8023473,1775176800,1775176800,default
1775176566,1_46505,1_102619,F Line,1_635449070,1_7976142,1775176860,1775176860,default
1775176566,1_46505,1_102619,F Line,1_656236440,1_7976083,1775178720,1775178720,default
1775176566,1_46505,1_102619,F Line,1_656237600,1_7975998,1775179620,1775179620,default
1775176566,1_40060,1_102574,40,1_811900480,1_8026404,1775176653,1775176653,default
1775176566,1_280,1_100011,111,1_664454920,1_7976577,1775176433,1775176656,default
1775176566,1_57453,1_100060,168,1_693747160,1_7976218,1775177100,1775177100,default
1775176566,1_56440,1_100005,106,1_727785040,1_7975010,1775176658,1775176658,default
1775176566,1_35070,1_100230,50,1_785559800,1_7976175,1775176647,1775176647,default
1775176566,1_52306,1_102619,F Line,1_800654190,1_8023763,1775177400,1775177400,default
1775176566,1_52306,1_102619,F Line,1_800654690,1_8023764,1775178300,1775178300,default
1775176566,1_52306,1_102619,F Line,1_800654430,1_8023883,1775179200,1775179200,default
1775176566,1_52306,1_102619,F Line,1_800654850,1_8023779,1775180100,1775180100,default
1775176566,1_99254,1_100003,101,1_800669570,1_8023804,1775176660,1775176660,default
1775176566,1_45670,1_100210,36,1_800582650,1_8023435,1775176341,1775176712,default
1775176566,1_70665,1_102702,239,1_736529260,1_7976434,1775176740,1775176740,default
1775176566,1_9605,1_100259,67,1_761385250,1_7975669,1775176500,1775176727,default
1775176566,1_57804,1_100072,181,1_721481710,1_7976015,1775177233,1775177233,default
1775176566,1_59282,1_102717,165,1_800649860,1_7135,1775176860,1775175993,default
1775176566,1_23905,1_100214,372,1_694306880,1_7976767,1775176792,1775176792,default
1775176566,1_31890,1_100026,128,1_806634080,1_8023677,1775176728,1775176728,default
1775176566,1_620,40_515,515,40_16133703__MCOB-DO:121:0:Weekday:2:26MAR:86025:12345,40_MCOB-DO:121:0:Weekday:2:26MAR:86025:12345,1775176380,1775176861,default
1775176566,1_620,40_515,515,40_16133703__MCOB-DO:121:0:Weekday:2:26MAR:86025:12345,40_17850,1775176380,1775176861,default
1775176566,1_620,40_100240,554,40_774872590,40_7976694,1775177040,1775177040,default
1775176566,1_620,1_102754,256,1_816378510,1_8005288,1775177100,1775177100,default
1775176566,1_620,40_100239,550,40_597760460,40_7976613,1775177220,1775177220,default
1775176566,1_620,40_510,510,40_16133723__MCOB-DO:121:0:Weekday:2:26MAR:86020:12345,40_MCOB-DO:121:0:Weekday:2:26MAR:86020:12345,1775177400,1775177400,default
1775176566,1_620,40_515,515,40_16133757__MCOB-DO:121:0:Weekday:2:26MAR:86032:12345,40_MCOB-DO:121:0:Weekday:2:26MAR:86032:12345,1775178000,1775178000,default
1775176566,1_620,40_510,510,40_16133729__MCOB-DO:121:0:Weekday:2:26MAR:86021:12345,40_MCOB-DO:121:0:Weekday:2:26MAR:86021:12345,1775178600,1775178600,default
1775176566,1_620,1_102754,256,1_816378520,1_8005280,1775178960,1775178960,default
1775176566,1_620,40_515,515,40_16133699__MCOB-DO:121:0:Weekday:2:26MAR:86024:12345,40_MCOB-DO:121:0:Weekday:2:26MAR:86024:12345,1775179200,1775179200,default
1775176566,1_620,40_510,510,40_16133730__MCOB-DO:121:0:Weekday:2:26MAR:86031:12345,40_MCOB-DO:121:0:Weekday:2:26MAR:86031:12345,1775179800,1775179800,default
1775176566,1_620,40_515,515,40_16133710__MCOB-DO:121:0:Weekday:2:26MAR:86023:12345,40_MCOB-DO:121:0:Weekday:2:26MAR:86023:12345,1775177100,1775180023,default
1775176566,1_10912,40_100511,542,40_581723480,40_7976607,1775177220,1775177220,default
1775176566,1_10912,1_100162,271,1_569497180,1_7976663,1775177220,1775177220,default
1775176566,1_10912,40_100451,556,40_635883190,40_7976550,1775178120,1775178120,default
1775176566,1_10912,1_100162,271,1_569554140,1_7976662,1775178180,1775178180,default
1775176566,1_10912,40_100451,556,40_635883580,40_7976589,1775179800,1775179800,default
1775176566,1_71960,40_100511,542,40_721031010,40_7976608,1775177460,1775177460,default
1775176566,1_10640,1_100252,62,1_800856400,1_8025003,1775180220,1775180220,default
1775176566,1_52081,1_102736,H Line,1_694055960,1_7974896,1775176779,1775176779,default
1775176566,1_8403,1_100039,14,1_562520810,1_7974993,1775176500,1775176500,default
1775176866,1_103,1_102745,G Line,1_736436130,1_7974692,1775176878,1775176878,default
1775176866,1_6650,1_102747,61,1_803357160,1_8022041,1775176743,1775176901,default
1775176866,1_26560,1_102574,40,1_811901300,1_8026390,1775176883,1775176883,default
1775176866,1_60161,1_100042,148,1_762077980,1_7976052,1775177880,1775177880,default
1775176866,1_12770,1_100228,48,1_721360490,1_7974616,1775176889,1775176889,default
1775176866,1_320,1_100011,111,1_664454920,1_7419,1775176560,1775176952,default
1775176866,1_320,1_100104,212,1_806323840,1_7437,1775176980,1775176985,default
1775176866,1_68784,1_100136,245,1_761787410,1_7976373,1775176918,1775176918,default
1775176866,1_575,1_100210,36,1_800583630,1_8023415,1775176920,1775176920,default
1775176866,1_575,1_102615,E Line,1_768604490,1_6217,1775176800,1775176920,default
1775176866,1_575,1_102576,C Line,1_800868240,1_8024967,1775176980,1775176980,default
1775176866,1_46505,1_102619,F Line,1_635449070,1_7976142,1775176860,1775176943,default
1775176866,1_46505,1_102619,F Line,1_656236440,1_7976083,1775178720,1775178720,default
1775176866,1_46505,1_102619,F Line,1_656237600,1_7975998,1775179620,1775179620,default
1775176866,1_3470,1_100210,36,1_800582680,1_8023483,1775176920,1775176920,default
1775176866,1_57453,1_100060,168,1_693747160,1_7976218,1775177100,1775177100,default
1775176866,1_10653,1_100252,62,1_800855470,1_8025070,1775176980,1775176980,default
1775176866,3_31002,1_102736,H Line,1_694055960,1_7974896,1775176941,1775176941,default
1775176866,1_73366,1_102548,B Line,1_721018320,1_7976628,1775177020,1775177020,default
1775176866,1_11940,1_100039,14,1_562520090,1_7974992,1775176970,1775176970,default
1775176866,1_84810,1_102752,223,1_833610880,1_8024727,1775177012,1775177012,default
1775176866,1_52306,1_100030,131,1_800857410,1_8025087,1775176980,1775176980,default
1775176866,1_52306,1_102619,F Line,1_800654190,1_8023763,1775177400,1775177400,default
1775176866,1_52306,1_102619,F Line,1_800654690,1_8023764,1775178300,1775178300,default
1775176866,1_52306,1_102619,F Line,1_800654430,1_8023883,1775179200,1775179200,default
1775176866,1_52306,1_102619,F Line,1_800654850,1_8023779,1775180100,1775180100,default
1775176866,1_80121,1_102719,161,1_800652260,1_8023781,1775176977,1775176977,default
1775176866,1_70665,1_100136,245,1_761788120,1_7976365,1775176708,1775176995,default
1775176866,1_38220,1_100214,372,1_694306460,1_7976760,1775176991,1775176991,default
1775176866,1_72446,1_102752,223,1_816297720,1_8024748,1775176993,1775176993,default
1775176866,1_57804,1_100072,181,1_721481710,1_7976015,1775177233,1775177233,default
1775176866,1_59282,1_102717,165,1_800649870,1_8023783,1775178540,1775178540,default
1775176866,1_10210,1_100264,70,1_816207560,1_8026415,1775177017,1775177017,default
1775176866,1_620,40_100240,554,40_774872590,40_7976694,1775177040,1775177040,default
1775176866,1_620,1_100003,101,1_800669570,1_8023804,1775177040,1775177040,default
1775176866,1_620,1_102754,256,1_816378510,1_8005288,1775177100,1775177100,default
1775176866,1_620,40_100236,545,40_563504050,40_7976552,1775177040,1775177154,default
1775176866,1_620,40_100236,545,40_563504050,40_9648,1775177040,1775177167,default
1775176866,1_620,40_100239,550,40_597760460,40_7976613,1775177220,1775177220,default
1775176866,1_620,40_510,510,40_16133723__MCOB-DO:121:0:Weekday:2:26MAR:86020:12345,40_MCOB-DO:121:0:Weekday:2:26MAR:86020:12345,1775177400,1775177610,default
1775176866,1_620,40_515,515,40_16133757__MCOB-DO:121:0:Weekday:2:26MAR:86032:12345,40_MCOB-DO:121:0:Weekday:2:26MAR:86032:12345,1775178000,1775178000,default
1775176866,1_620,40_510,510,40_16133729__MCOB-DO:121:0:Weekday:2:26MAR:86021:12345,40_MCOB-DO:121:0:Weekday:2:26MAR:86021:12345,1775178600,1775178600,default
1775176866,1_620,1_102754,256,1_816378520,1_8005280,1775178960,1775178960,default
1775176866,1_620,40_515,515,40_16133699__MCOB-DO:121:0:Weekday:2:26MAR:86024:12345,40_MCOB-DO:121:0:Weekday:2:26MAR:86024:12345,1775179200,1775179200,default
1775176866,1_620,40_510,510,40_16133730__MCOB-DO:121:0:Weekday:2:26MAR:86031:12345,40_MCOB-DO:121:0:Weekday:2:26MAR:86031:12345,1775179800,1775179800,default
1775176866,1_620,40_515,515,40_16133710__MCOB-DO:121:0:Weekday:2:26MAR:86023:12345,40_MCOB-DO:121:0:Weekday:2:26MAR:86023:12345,1775177100,1775180243,default
1775176866,1_620,40_515,515,40_16133708__MCOB-DO:121:0:Weekday:2:26MAR:86022:12345,40_MCOB-DO:121:0:Weekday:2:26MAR:86022:12345,1775180400,1775180400,default
1775176866,1_16990,1_100202,345,1_686355700,1_7975633,1775177025,1775177025,default
1775176866,1_10912,1_100447,49,1_801199770,1_8023493,1775176920,1775177040,default
1775176866,1_10912,1_100447,49,1_801199770,1_4408,1775176920,1775177051,default
1775176866,1_10912,1_100214,372,1_694306700,1_6944,1775176844,1775177055,default
1775176866,1_10912,40_100511,542,40_581723480,40_7976607,1775177220,1775177220,default
1775176866,1_10912,1_100162,271,1_569497180,1_7976663,1775177220,1775177220,default
1775176866,1_10912,40_100451,556,40_635883190,40_7976550,1775178120,1775178120,default
1775176866,1_10912,1_100162,271,1_569554140,1_7976662,1775178180,1775178180,default
1775176866,1_10912,40_100511,542,40_581724870,40_7976685,1775178480,1775178480,default
1775176866,1_10912,40_100451,556,40_635883580,40_7976589,1775179800,1775179800,default
1775176866,1_71960,40_100511,542,40_721031010,40_7976608,1775177460,1775177460,default
1775176866,1_81982,1_102746,333,1_778704820,1_8132,1775177079,1775177079,default
1775176866,1_10640,1_100252,62,1_800856400,1_8025003,1775180220,1775180220,default
1775177166,1_103,1_102745,G Line,1_736436250,1_7974686,1775177238,1775177238,default
1775177166,1_60161,1_100042,148,1_762077980,1_7976052,1775177880,1775177880,default
1775177166,1_970,1_100487,102,1_762101450,1_7464,1775175576,1775177206,default
1775177166,1_8541,1_100039,14,1_562520110,1_7974987,1775177220,1775177220,default
1775177166,1_575,1_100219,4,1_675344750,1_7974883,1775177040,1775177207,default
1775177166,1_575,1_100028,13,1_788759060,1_7119,1775176740,1775177233,default
1775177166,1_2850,1_100089,2,1_815905420,1_7117,1775177820,1775176660,default
1775177166,1_46505,1_102619,F Line,1_800654610,1_6242,1775177820,1775177014,default
1775177166,1_46505,1_102619,F Line,1_800654610,1_8023712,1775177820,1775177820,default
1775177166,1_46505,1_102619,F Line,1_656236440,1_7976083,1775178720,1775178720,default
1775177166,1_46505,1_102619,F Line,1_656237600,1_7975998,1775179620,1775179620,default
1775177166,1_46505,1_102619,F Line,1_656237760,1_7976035,1775180520,1775180520,default
1775177166,1_40060,1_102574,40,1_811901780,1_8025887,1775177253,1775177253,default
1775177166,1_47660,1_102736,H Line,1_694056170,1_7974893,1775177267,1775177267,default
1775177166,1_31680,1_100249,60,1_801586000,1_8025819,1775177210,1775177210,default
1775177166,1_52306,1_102619,F Line,1_800654190,1_8023763,1775177400,1775177400,default
1775177166,1_52306,1_102619,F Line,1_800654690,1_8023764,1775178300,1775178300,default
1775177166,1_52306,1_102619,F Line,1_800654430,1_8023883,1775179200,1775179200,default
1775177166,1_52306,1_102619,F Line,1_800654850,1_8023779,1775180100,1775180100,default
1775177166,1_40065,1_102574,40,1_811901780,1_8025887,1775177365,1775177365,default
1775177166,1_59282,1_100072,181,1_721481870,1_7354,1775177820,1775177104,default
1775177166,1_59282,1_100072,181,1_721481870,1_7976082,1775177820,1775177820,default
1775177166,1_59282,1_102717,165,1_800649870,1_8023783,1775178540,1775178540,default
1775177166,1_30180,1_100006,107,1_800646520,1_8023885,1775177316,1775177316,default
1775177166,1_620,40_510,510,40_16133723__MCOB-DO:121:0:Weekday:2:26MAR:86020:12345,40_MCOB-DO:121:0:Weekday:2:26MAR:86020:12345,1775177400,1775177823,default
1775177166,1_620,40_515,515,40_16133757__MCOB-DO:121:0:Weekday:2:26MAR:86032:12345,40_MCOB-DO:121:0:Weekday:2:26MAR:86032:12345,1775178000,1775178000,default
1775177166,1_620,40_510,510,40_16133729__MCOB-DO:121:0:Weekday:2:26MAR:86021:12345,40_MCOB-DO:121:0:Weekday:2:26MAR:86021:12345,1775178600,1775178600,default
1775177166,1_620,1_102754,256,1_816378520,1_8005280,1775178960,1775178960,default
1775177166,1_620,40_515,515,40_16133699__MCOB-DO:121:0:Weekday:2:26MAR:86024:12345,40_MCOB-DO:121:0:Weekday:2:26MAR:86024:12345,1775179200,1775179200,default
1775177166,1_620,40_510,510,40_16133730__MCOB-DO:121:0:Weekday:2:26MAR:86031:12345,40_MCOB-DO:121:0:Weekday:2:26MAR:86031:12345,1775179800,1775179800,default
1775177166,1_620,40_515,515,40_16133710__MCOB-DO:121:0:Weekday:2:26MAR:86023:12345,40_MCOB-DO:121:0:Weekday:2:26MAR:86023:12345,1775177100,1775180292,default
1775177166,1_620,40_515,515,40_16133708__MCOB-DO:121:0:Weekday:2:26MAR:86022:12345,40_MCOB-DO:121:0:Weekday:2:26MAR:86022:12345,1775180400,1775180400,default
1775177166,1_10912,40_100451,556,40_635883190,40_7976550,1775178120,1775178120,default
1775177166,1_10912,1_100162,271,1_569554140,1_7976662,1775178180,1775178180,default
1775177166,1_10912,40_100511,542,40_581724870,40_7976685,1775178480,1775178480,default
1775177166,1_10912,40_100451,556,40_635883580,40_7976589,1775179800,1775179800,default
1775177166,1_71960,40_100511,542,40_721031010,40_7976608,1775177460,1775177460,default
1775177166,1_10640,1_100252,62,1_800856400,1_8025003,1775180220,1775180220,default
1775177166,1_8403,1_100039,14,1_562520100,1_7974976,1775177400,1775177400,default
1775177166,1_41900,1_100249,60,1_801585980,1_8025817,1775177340,1775177340,default
1775177466,1_29217,1_100224,44,1_664048610,1_4550,1775177522,1775177522,default
1775177466,1_60161,1_100042,148,1_762077980,1_7976052,1775177880,1775177880,default
1775177466,1_8541,1_100005,106,1_727785160,1_7012,1775177340,1775177499,default
1775177466,1_17651,1_102747,61,1_803357160,1_3746,1775177548,1775177548,default
1775177466,1_64569,1_100162,271,1_569496280,1_7976387,1775177533,1775177533,default
1775177466,1_575,1_100089,2,1_788758250,1_8023469,1775177520,1775177520,default
1775177466,1_575,1_102576,C Line,1_800869350,1_8024971,1775177580,1775177580,default
1775177466,1_2850,1_100089,2,1_815905420,1_7117,1775177820,1775176660,default
1775177466,1_46505,1_102619,F Line,1_800654610,1_6242,1775177820,1775177014,default
1775177466,1_46505,1_102619,F Line,1_656236440,1_7976083,1775178720,1775178720,default
1775177466,1_46505,1_102619,F Line,1_656237600,1_7975998,1775179620,1775179620,default
1775177466,1_46505,1_102619,F Line,1_656237760,1_7976035,1775180520,1775180520,default
1775177466,1_47660,1_102736,H Line,1_694055960,1_7974896,1775177575,1775177575,default
1775177466,1_27420,1_100249,60,1_801585980,1_8025817,1775177528,1775177528,default
1775177466,1_10653,1_100252,62,1_800855480,1_8024955,1775177580,1775177580,default
1775177466,1_81199,1_100072,181,1_721481710,1_7976015,1775177580,1775177580,default
1775177466,1_73366,1_102548,B Line,1_721019600,1_7976632,1775177620,1775177620,default
1775177466,1_79610,1_100006,107,1_800646930,1_8023887,1775177572,1775177572,default
1775177466,1_52306,1_102619,F Line,1_800654690,1_8023764,1775178300,1775178300,default
1775177466,1_52306,1_102619,F Line,1_800654430,1_8023883,1775179200,1775179200,default
1775177466,1_52306,1_102619,F Line,1_800654850,1_8023779,1775180100,1775180100,default
1775177466,1_52306,1_102619,F Line,1_800653480,1_8023710,1775181000,1775181000,default
1775177466,1_25980,1_100254,65,1_778694130,1_7975676,1775177556,1775177556,default
1775177466,1_7750,1_102615,E Line,1_813078570,1_8026443,1775177592,1775177592,default
1775177466,1_40030,1_102574,40,1_811901900,1_8245,1775177411,1775177611,default
1775177466,1_70665,1_100136,245,1_761787670,1_7976372,1775177608,1775177608,default
1775177466,1_2200,1_100028,13,1_788759410,1_8023446,1775177331,1775177631,default
1775177466,1_59282,1_100072,181,1_721481870,1_7354,1775177820,1775177104,default
1775177466,1_59282,1_102717,165,1_800649870,1_7410,1775178540,1775177353,default
1775177466,1_59282,1_102717,165,1_800649870,1_8023783,1775178540,1775178540,default
1775177466,1_60640,1_102757,187,1_762095150,1_7310,1775177539,1775177607,default
1775177466,1_620,40_100236,545,40_563504210,40_7976560,1775177640,1775177785,default
1775177466,1_620,40_510,510,40_16133723__MCOB-DO:121:0:Weekday:2:26MAR:86020:12345,40_MCOB-DO:121:0:Weekday:2:26MAR:86020:12345,1775177400,1775177860,default
1775177466,1_620,40_515,515,40_16133757__MCOB-DO:121:0:Weekday:2:26MAR:86032:12345,40_MCOB-DO:121:0:Weekday:2:26MAR:86032:12345,1775178000,1775178157,default
1775177466,1_620,40_100239,550,40_597760510,40_7976619,1775178240,1775178240,default
1775177466,1_620,40_510,510,40_16133729__MCOB-DO:121:0:Weekday:2:26MAR:86021:12345,40_MCOB-DO:121:0:Weekday:2:26MAR:86021:12345,1775178600,1775178600,default
1775177466,1_620,1_102754,256,1_816378520,1_8005280,1775178960,1775178960,default
1775177466,1_620,40_515,515,40_16133699__MCOB-DO:121:0:Weekday:2:26MAR:86024:12345,40_MCOB-DO:121:0:Weekday:2:26MAR:86024:12345,1775179200,1775179200,default
1775177466,1_620,40_510,510,40_16133730__MCOB-DO:121:0:Weekday:2:26MAR:86031:12345,40_MCOB-DO:121:0:Weekday:2:26MAR:86031:12345,1775179800,1775179800,default
1775177466,1_620,40_515,515,40_16133708__MCOB-DO:121:0:Weekday:2:26MAR:86022:12345,40_MCOB-DO:121:0:Weekday:2:26MAR:86022:12345,1775180400,1775180400,default
1775177466,1_10912,1_100214,372,1_694307140,1_7480,1775177444,1775177670,default
1775177466,1_10912,1_100264,70,1_816208150,1_8231,1775177506,1775177673,default
1775177466,1_10912,40_100451,556,40_635883190,40_7976550,1775178120,1775178120,default
1775177466,1_10912,1_100162,271,1_569554140,1_7976662,1775178180,1775178180,default
1775177466,1_10912,40_100511,542,40_581724870,40_7976685,1775178480,1775178480,default
1775177466,1_10912,1_100162,271,1_569496350,1_7976351,1775179140,1775179140,default
1775177466,1_10912,40_100451,556,40_635883580,40_7976589,1775179800,1775179800,default
1775177466,1_10640,1_100252,62,1_800856400,1_8025003,1775180220,1775180220,default
1775177466,1_10640,1_100252,62,1_800856410,1_8024964,1775181120,1775181120,default
1775177466,1_8403,1_100039,14,1_562520100,1_7974976,1775177400,1775177400,default
1775177466,1_3000,1_100089,2,1_788757900,1_8023473,1775177352,1775177632,default
1775177766,1_60161,1_100042,148,1_762077980,1_7976052,1775177880,1775177880,default
1775177766,1_320,40_100239,550,40_597760750,40_6856,1775176860,1775177846,default
1775177766,1_320,40_590,590,40_2687020,40_514,1775177880,1775177880,default
1775177766,1_68784,1_100136,245,1_761787930,1_7976344,1775177818,1775177818,default
1775177766,1_81205,1_100072,181,1_721481710,1_7976015,1775177851,1775177851,default
1775177766,1_575,1_102581,D Line,1_800600740,1_6092,1775177760,1775177810,default
1775177766,1_575,1_102615,E Line,1_813081760,1_6089,1775178000,1775177825,default
1775177766,1_2850,1_100089,2,1_815905420,1_7117,1775177820,1775176660,default
1775177766,1_2850,1_100089,2,1_788757910,1_7115,1775178780,1775177404,default
1775177766,1_46505,1_102619,F Line,1_800654610,1_6242,1775177820,1775177014,default
1775177766,1_46505,1_102619,F Line,1_656236440,1_7976083,1775178720,1775178720,default
1775177766,1_46505,1_102619,F Line,1_656237600,1_7975998,1775179620,1775179620,default
1775177766,1_46505,1_102619,F Line,1_656237760,1_7976035,1775180520,1775180520,default
1775177766,1_40060,1_102574,40,1_811900460,1_8026400,1775177853,1775177853,default
1775177766,1_76024,1_102702,239,1_736529500,1_7976432,1775177846,1775177846,default
1775177766,1_35070,1_100230,50,1_785559690,1_7976178,1775177847,1775177847,default
1775177766,1_72494,1_100160,269,1_806917800,1_8024683,1775177880,1775177880,default
1775177766,1_11940,1_100039,14,1_562520210,1_7974978,1775177870,1775177870,default
1775177766,1_52306,1_102619,F Line,1_800654690,1_8023764,1775178300,1775178300,default
1775177766,1_52306,1_102619,F Line,1_800654430,1_8023883,1775179200,1775179200,default
1775177766,1_52306,1_102619,F Line,1_800654850,1_8023779,1775180100,1775180100,default
1775177766,1_52306,1_102619,F Line,1_800653480,1_8023710,1775181000,1775181000,default
1775177766,1_45670,1_100210,36,1_800583970,1_8023383,1775177812,1775177891,default
1775177766,1_59282,1_102717,165,1_800649870,1_7410,1775178540,1775177353,default
1775177766,1_620,40_100236,545,40_563504210,40_7976560,1775177640,1775178029,default
1775177766,1_620,40_100236,545,40_563504210,40_9675,1775177640,1775178076,default
1775177766,1_620,40_100239,550,40_597760510,40_7976619,1775178240,1775178240,default
1775177766,1_620,40_515,515,40_16133757__MCOB-DO:121:0:Weekday:2:26MAR:86032:12345,40_MCOB-DO:121:0:Weekday:2:26MAR:86032:12345,1775178000,1775178395,default
1775177766,1_620,40_510,510,40_16133729__MCOB-DO:121:0:Weekday:2:26MAR:86021:12345,40_MCOB-DO:121:0:Weekday:2:26MAR:86021:12345,1775178600,1775178600,default
1775177766,1_620,1_102754,256,1_816378520,1_8005280,1775178960,1775178960,default
1775177766,1_620,40_515,515,40_16133699__MCOB-DO:121:0:Weekday:2:26MAR:86024:12345,40_MCOB-DO:121:0:Weekday:2:26MAR:86024:12345,1775179200,1775179200,default
1775177766,1_620,40_510,510,40_16133730__MCOB-DO:121:0:Weekday:2:26MAR:86031:12345,40_MCOB-DO:121:0:Weekday:2:26MAR:86031:12345,1775179800,1775179800,default
1775177766,1_620,40_515,515,40_16133708__MCOB-DO:121:0:Weekday:2:26MAR:86022:12345,40_MCOB-DO:121:0:Weekday:2:26MAR:86022:12345,1775180400,1775180400,default
1775177766,1_10912,40_100451,556,40_635883190,40_7976550,1775178120,1775178120,default
1775177766,1_10912,1_100162,271,1_569554140,1_7976662,1775178180,1775178180,default
1775177766,1_10912,40_100511,542,40_581724870,40_7976685,1775178480,1775178480,default
1775177766,1_10912,1_100162,271,1_569496350,1_7976351,1775179140,1775179140,default
1775177766,1_10912,40_100451,556,40_635883580,40_7976589,1775179800,1775179800,default
1775177766,1_10640,1_100252,62,1_800856400,1_8025003,1775180220,1775180220,default
1775177766,1_10640,1_100252,62,1_800856410,1_8024964,1775181120,1775181120,default
1775177766,1_68400,1_100136,245,1_761787340,1_7976379,1775177971,1775177971,default
1775178066,1_51551,1_102736,H Line,1_694055830,1_7974966,1775178147,1775178147,default
1775178066,1_60161,1_100042,148,1_762078040,1_7976054,1775179680,1775179680,default
1775178066,1_60161,1_100042,148,1_762078120,1_7976061,1775181480,1775181480,default
1775178066,1_320,40_100239,550,40_597760450,40_6994,1775178060,1775178105,default
1775178066,1_575,1_100263,7,1_800587820,1_8023413,1775178120,1775178120,default
1775178066,1_2850,1_100089,2,1_788757910,1_7115,1775178780,1775177404,default
1775178066,1_2850,1_100089,2,1_818403210,1_8023455,1775179020,1775179020,default
1775178066,1_46505,1_102619,F Line,1_656236440,1_7976083,1775178720,1775178720,default
1775178066,1_46505,1_102619,F Line,1_656237600,1_7975998,1775179620,1775179620,default
1775178066,1_46505,1_102619,F Line,1_656237760,1_7976035,1775180520,1775180520,default
1775178066,1_46505,1_102619,F Line,1_656237030,1_7975997,1775181420,1775181420,default
1775178066,1_280,1_100104,212,1_806323850,1_8005197,1775178141,1775178141,default
1775178066,1_280,1_100104,212,1_806323850,1_6033,1775178141,1775178172,default
1775178066,1_280,1_100011,111,1_829479110,1_8005287,1775178173,1775178173,default
1775178066,1_1190,1_100173,3,1_761127020,1_7974914,1775178154,1775178154,default
1775178066,1_27420,1_100249,60,1_801585860,1_8025822,1775178188,1775178188,default
1775178066,1_1510,1_100210,36,1_800582650,1_8023435,1775178158,1775178158,default
1775178066,1_84810,1_102752,223,1_833610890,1_8024751,1775178199,1775178199,default
1775178066,1_52306,1_102619,F Line,1_800654690,1_8023764,1775178300,1775178300,default
1775178066,1_52306,1_102619,F Line,1_800654430,1_8023883,1775179200,1775179200,default
1775178066,1_52306,1_102619,F Line,1_800654850,1_8023779,1775180100,1775180100,default
1775178066,1_52306,1_102619,F Line,1_800653480,1_8023710,1775181000,1775181000,default
1775178066,1_48390,1_100030,131,1_800856870,1_8024997,1775178155,1775178155,default
1775178066,1_41128,1_100026,128,1_806634820,1_8023683,1775178156,1775178156,default
1775178066,1_71970,1_102753,222,1_774817950,1_7976419,1775178202,1775178202,default
1775178066,1_59282,1_102717,165,1_800649870,1_7410,1775178540,1775177353,default
1775178066,1_9080,1_100263,7,1_800587300,1_8023409,1775178211,1775178211,default
1775178066,1_620,40_515,515,40_16133757__MCOB-DO:121:0:Weekday:2:26MAR:86032:12345,40_MCOB-DO:121:0:Weekday:2:26MAR:86032:12345,1775178000,1775178224,default
1775178066,1_620,40_100236,545,40_563504160,40_7976554,1775178240,1775178240,default
1775178066,1_620,40_100239,550,40_597760510,40_7976619,1775178240,1775178240,default
1775178066,1_620,40_100236,545,40_563504160,40_9659,1775178240,1775178243,default
1775178066,1_620,1_100104,212,1_806323860,1_8005194,1775178480,1775178480,default
1775178066,1_620,40_510,510,40_16133729__MCOB-DO:121:0:Weekday:2:26MAR:86021:12345,40_MCOB-DO:121:0:Weekday:2:26MAR:86021:12345,1775178600,1775178690,default
1775178066,1_620,1_102754,256,1_816378520,1_8005280,1775178960,1775178960,default
1775178066,1_620,40_515,515,40_16133699__MCOB-DO:121:0:Weekday:2:26MAR:86024:12345,40_MCOB-DO:121:0:Weekday:2:26MAR:86024:12345,1775179200,1775179200,default
1775178066,1_620,40_510,510,40_16133730__MCOB-DO:121:0:Weekday:2:26MAR:86031:12345,40_MCOB-DO:121:0:Weekday:2:26MAR:86031:12345,1775179800,1775179800,default
1775178066,1_620,40_515,515,40_16133708__MCOB-DO:121:0:Weekday:2:26MAR:86022:12345,40_MCOB-DO:121:0:Weekday:2:26MAR:86022:12345,1775180400,1775180400,default
1775178066,1_620,1_102754,256,1_816378530,1_8005282,1775180820,1775180820,default
1775178066,1_10912,40_100451,556,40_635883190,40_7976550,1775178120,1775178400,default
1775178066,1_10912,40_100511,542,40_581724870,40_7976685,1775178480,1775178480,default
1775178066,1_10912,1_100162,271,1_569496350,1_7976351,1775179140,1775179140,default
1775178066,1_10912,40_100451,556,40_635883580,40_7976589,1775179800,1775179800,default
1775178066,1_10912,1_100162,271,1_569496510,1_7976382,1775180040,1775180040,default
1775178066,1_10912,40_100511,542,40_581725440,40_7976686,1775180280,1775180280,default
1775178066,1_10640,1_100252,62,1_800856400,1_8025003,1775180220,1775180220,default
1775178066,1_10640,1_100252,62,1_800856410,1_8024964,1775181120,1775181120,default
1775178066,1_8403,1_100039,14,1_562520110,1_7974987,1775178240,1775178240,default
1775178366,1_60161,1_100042,148,1_762078040,1_7976054,1775179680,1775179680,default
1775178366,1_60161,1_100042,148,1_762078120,1_7976061,1775181480,1775181480,default
1775178366,1_970,1_100003,101,1_800669460,1_6975,1775178156,1775178430,default
1775178366,1_320,1_100011,111,1_829479110,1_6891,1775178300,1775178465,default
1775178366,1_320,40_590,590,40_1910020,40_10163,1775178600,1775178600,default
1775178366,1_17651,1_102747,61,1_803357170,1_3749,1775178410,1775178410,default
1775178366,1_2850,1_100089,2,1_788757910,1_7115,1775178780,1775177404,default
1775178366,1_2850,1_100089,2,1_818403210,1_7094,1775179020,1775178244,default
1775178366,1_2850,1_100089,2,1_818403210,1_8023455,1775179020,1775179020,default
1775178366,1_46505,1_102619,F Line,1_656236440,1_7976083,1775178720,1775178720,default
1775178366,1_46505,1_102619,F Line,1_656237600,1_7975998,1775179620,1775179620,default
1775178366,1_46505,1_102619,F Line,1_656237760,1_7976035,1775180520,1775180520,default
1775178366,1_46505,1_102619,F Line,1_656237030,1_7975997,1775181420,1775181420,default
1775178366,1_52306,1_102619,F Line,1_800654430,1_8023883,1775179200,1775179200,default
1775178366,1_52306,1_102619,F Line,1_800654850,1_8023779,1775180100,1775180100,default
1775178366,1_52306,1_102619,F Line,1_800653480,1_8023710,1775181000,1775181000,default
1775178366,1_70665,1_100136,245,1_761787410,1_7976373,1775178508,1775178508,default
1775178366,1_65092,1_100162,271,1_569496280,1_7976387,1775178480,1775178480,default
1775178366,1_57804,1_100072,181,1_721482010,1_7976033,1775178976,1775178976,default
1775178366,1_59282,1_102717,165,1_800649870,1_7410,1775178540,1775177353,default
1775178366,1_620,40_510,510,40_16133729__MCOB-DO:121:0:Weekday:2:26MAR:86021:12345,40_17857,1775178600,1775178266,default
1775178366,1_620,1_102754,256,1_816378520,1_8005280,1775178960,1775178960,default
1775178366,1_620,40_100239,550,40_597760770,40_7976712,1775179080,1775179080,default
1775178366,1_620,40_515,515,40_16133699__MCOB-DO:121:0:Weekday:2:26MAR:86024:12345,40_MCOB-DO:121:0:Weekday:2:26MAR:86024:12345,1775179200,1775179200,default
1775178366,1_620,40_510,510,40_16133730__MCOB-DO:121:0:Weekday:2:26MAR:86031:12345,40_MCOB-DO:121:0:Weekday:2:26MAR:86031:12345,1775179800,1775179800,default
1775178366,1_620,40_515,515,40_16133708__MCOB-DO:121:0:Weekday:2:26MAR:86022:12345,40_MCOB-DO:121:0:Weekday:2:26MAR:86022:12345,1775180400,1775180400,default
1775178366,1_620,1_102754,256,1_816378530,1_8005282,1775180820,1775180820,default
1775178366,1_10912,1_100162,271,1_569496350,1_7976351,1775179140,1775179140,default
1775178366,1_10912,40_100451,556,40_635883580,40_7976589,1775179800,1775179800,default
1775178366,1_10912,1_100162,271,1_569496510,1_7976382,1775180040,1775180040,default
1775178366,1_10912,40_100511,542,40_581725440,40_7976686,1775180280,1775180280,default
1775178366,1_71960,40_100511,542,40_721031190,40_7976604,1775179380,1775179380,default
1775178366,1_10640,1_100252,62,1_800856400,1_8025003,1775180220,1775180220,default
1775178366,1_10640,1_100252,62,1_800856410,1_8024964,1775181120,1775181120,default
1775178366,1_8403,1_100039,14,1_562520110,1_7974987,1775178240,1775178240,default
1775178666,1_103,1_102745,G Line,1_736437630,1_7974684,1775178678,1775178678,default
1775178666,1_12170,1_100039,14,1_562520110,1_7974987,1775178759,1775178759,default
1775178666,1_46791,1_100016,118,1_669631290,1_7976012,1775178840,1775178840,default
1775178666,1_6650,1_102747,61,1_803357180,1_8022053,1775178543,1775178694,default
1775178666,1_4290,1_100219,4,1_675344720,1_7974885,1775178705,1775178705,default
1775178666,1_60161,1_100042,148,1_762078040,1_7101,1775179680,1775178509,default
1775178666,1_60161,1_100042,148,1_762078040,1_7976054,1775179680,1775179680,default
1775178666,1_60161,1_100042,148,1_762078120,1_7976061,1775181480,1775181480,default
1775178666,1_6800,1_100229,5,1_809328500,1_8025803,1775178955,1775178699,default
1775178666,1_320,40_100239,550,40_597760960,40_9632,1775178780,1775178794,default
1775178666,1_68784,1_100136,245,1_761788290,1_7976346,1775178718,1775178718,default
1775178666,1_575,1_100210,36,1_800582650,1_8023435,1775178720,1775178720,default
1775178666,1_575,1_102576,C Line,1_800868060,1_8025004,1775178720,1775178720,default
1775178666,1_2850,1_100089,2,1_788757910,1_7115,1775178780,1775177404,default
1775178666,1_2850,1_100089,2,1_818403210,1_7094,1775179020,1775178244,default
1775178666,1_8080,1_100263,7,1_800587300,1_8023409,1775178887,1775178684,default
1775178666,1_46505,1_102619,F Line,1_656236440,1_7976083,1775178720,1775178720,default
1775178666,1_46505,1_102619,F Line,1_656237600,1_7975998,1775179620,1775179620,default
1775178666,1_46505,1_102619,F Line,1_656237760,1_7976035,1775180520,1775180520,default
1775178666,1_46505,1_102619,F Line,1_656237030,1_7975997,1775181420,1775181420,default
1775178666,1_1190,40_100239,550,40_597760510,40_7976619,1775178752,1775178752,default
1775178666,1_27420,1_100249,60,1_801585920,1_8025816,1775178788,1775178788,default
1775178666,1_57453,1_102719,161,1_800652620,1_8023905,1775178720,1775178720,default
1775178666,1_73366,1_102548,B Line,1_721019120,1_7976629,1775178820,1775178820,default
1775178666,1_11940,1_100039,14,1_562520190,1_7974986,1775178770,1775178770,default
1775178666,1_52306,1_102619,F Line,1_800654430,1_8023883,1775179200,1775179200,default
1775178666,1_52306,1_102619,F Line,1_800654850,1_8023779,1775180100,1775180100,default
1775178666,1_52306,1_102619,F Line,1_800653480,1_8023710,1775181000,1775181000,default
1775178666,1_65092,1_100162,271,1_720967960,1_7409,1775179680,1775178433,default
1775178666,1_76312,1_102705,230,1_633062230,1_7976336,1775178885,1775178885,default
1775178666,1_57804,1_100072,181,1_721482010,1_7976033,1775178976,1775178976,default
1775178666,1_59061,1_102717,165,1_800649870,1_7410,1775178778,1775178804,default
1775178666,1_31890,1_100230,50,1_635467630,1_7976170,1775178837,1775178837,default
1775178666,1_620,1_102754,256,1_816378520,1_8005280,1775178960,1775178960,default
1775178666,1_620,40_100239,550,40_597760770,40_7976712,1775179080,1775179080,default
1775178666,1_620,40_100240,554,40_774872940,40_7976695,1775179080,1775179080,default
1775178666,1_620,40_515,515,40_16133699__MCOB-DO:121:0:Weekday:2:26MAR:86024:12345,40_MCOB-DO:121:0:Weekday:2:26MAR:86024:12345,1775179200,1775179299,default
1775178666,1_620,40_510,510,40_16133730__MCOB-DO:121:0:Weekday:2:26MAR:86031:12345,40_MCOB-DO:121:0:Weekday:2:26MAR:86031:12345,1775179800,1775179800,default
1775178666,1_620,40_515,515,40_16133708__MCOB-DO:121:0:Weekday:2:26MAR:86022:12345,40_MCOB-DO:121:0:Weekday:2:26MAR:86022:12345,1775180400,1775180400,default
1775178666,1_620,1_102754,256,1_816378530,1_8005282,1775180820,1775180820,default
1775178666,1_10912,1_100162,271,1_569496350,1_7976351,1775179140,1775179140,default
1775178666,1_10912,40_100451,556,40_635883580,40_7976589,1775179800,1775179800,default
1775178666,1_10912,1_100162,271,1_569496510,1_7976382,1775180040,1775180040,default
1775178666,1_10912,40_100511,542,40_581725440,40_7976686,1775180280,1775180280,default
1775178666,1_71960,40_100511,542,40_721031190,40_7976604,1775179380,1775179380,default
1775178666,1_81982,1_102746,333,1_778704810,1_7975683,1775178879,1775178879,default
1775178666,1_58230,1_102720,160,1_762082760,1_7976105,1775178842,1775178842,default
1775178666,1_10640,1_100252,62,1_800856400,1_8025003,1775180220,1775180220,default
1775178666,1_10640,1_100252,62,1_800856410,1_8024964,1775181120,1775181120,default
1775178666,1_68400,1_100136,245,1_761789550,1_7976371,1775178871,1775178871,default
1775178966,1_60161,1_100042,148,1_762078040,1_7101,1775179680,1775178509,default
1775178966,1_60161,1_100042,148,1_762078120,1_7976061,1775181480,1775181480,default
1775178966,1_970,40_590,590,40_1295020,40_513,1775179007,1775179007,default
1775178966,1_970,40_590,590,40_1295020,40_9215,1775179007,1775179007,default
1775178966,1_575,1_102615,E Line,1_813078710,1_6208,1775178900,1775179020,default
1775178966,1_575,1_102581,D Line,1_803816840,1_6055,1775179020,1775179033,default
1775178966,1_2850,1_100089,2,1_818403210,1_7094,1775179020,1775178244,default
1775178966,1_2850,1_100089,2,1_815906120,1_8023470,1775179800,1775179800,default
1775178966,1_77910,1_102746,333,1_778704260,1_7975681,1775179027,1775179027,default
1775178966,1_46505,1_102619,F Line,1_656237600,1_7975998,1775179620,1775179620,default
1775178966,1_46505,1_102619,F Line,1_656237760,1_7976035,1775180520,1775180520,default
1775178966,1_46505,1_102619,F Line,1_656237030,1_7975997,1775181420,1775181420,default
1775178966,1_46505,1_102619,F Line,1_656237530,1_7976016,1775182380,1775182380,default
1775178966,1_280,40_100240,554,40_581724770,40_7976694,1775179073,1775179073,default
1775178966,1_78002,1_102703,231,1_633061970,1_7976383,1775179075,1775179075,default
1775178966,1_52306,1_102619,F Line,1_800654430,1_8023883,1775179200,1775179200,default
1775178966,1_52306,1_102619,F Line,1_800654850,1_8023779,1775180100,1775180100,default
1775178966,1_52306,1_102619,F Line,1_800653480,1_8023710,1775181000,1775181000,default
1775178966,1_65092,1_100162,271,1_720967960,1_7409,1775179680,1775178433,default
1775178966,1_59282,1_100072,181,1_721482080,1_7476,1775179620,1775178868,default
1775178966,1_59282,1_100072,181,1_721482080,1_7976015,1775179620,1775179620,default
1775178966,1_620,40_100236,545,40_563505150,40_7976558,1775179080,1775179309,default
1775178966,1_620,40_515,515,40_16133699__MCOB-DO:121:0:Weekday:2:26MAR:86024:12345,40_MCOB-DO:121:0:Weekday:2:26MAR:86024:12345,1775179200,1775179400,default
1775178966,1_620,40_510,510,40_16133730__MCOB-DO:121:0:Weekday:2:26MAR:86031:12345,40_MCOB-DO:121:0:Weekday:2:26MAR:86031:12345,1775179800,1775179800,default
1775178966,1_620,40_515,515,40_16133708__MCOB-DO:121:0:Weekday:2:26MAR:86022:12345,40_MCOB-DO:121:0:Weekday:2:26MAR:86022:12345,1775180400,1775180400,default
1775178966,1_620,1_102754,256,1_816378530,1_8005282,1775180820,1775180820,default
1775178966,1_10912,40_100451,556,40_635883580,40_7976589,1775179800,1775179800,default
1775178966,1_10912,1_100162,271,1_569496510,1_7976382,1775180040,1775180040,default
1775178966,1_10912,40_100511,542,40_581725440,40_7976686,1775180280,1775180280,default
1775178966,1_10912,1_100162,271,1_585519420,1_7976349,1775181120,1775181120,default
1775178966,1_71960,40_100511,542,40_721031190,40_7976604,1775179380,1775179380,default
1775178966,1_10640,1_100252,62,1_800856400,1_8025003,1775180220,1775180220,default
1775178966,1_10640,1_100252,62,1_800856410,1_8024964,1775181120,1775181120,default
1775178966,1_8403,1_100039,14,1_562520150,1_7974977,1775179080,1775179080,default
1775179266,1_5830,1_100229,5,1_809330300,1_8026439,1775178990,1775179303,default
1775179266,1_29217,1_100224,44,1_664047380,1_4561,1775179298,1775179298,default
1775179266,1_60161,1_100042,148,1_762078040,1_7101,1775179680,1775178509,default
1775179266,1_60161,1_100042,148,1_762078120,1_7976061,1775181480,1775181480,default
1775179266,1_30510,1_100006,107,1_800646540,1_8023812,1775179319,1775179319,default
1775179266,1_320,40_590,590,40_1295020,40_9215,1775179320,1775179320,default
1775179266,1_575,1_100219,4,1_675344730,1_7974886,1775179380,1775179380,default
1775179266,1_575,1_100089,2,1_815905420,1_8023474,1775179440,1775179440,default
1775179266,1_2850,1_100089,2,1_815906120,1_8023470,1775179800,1775179800,default
1775179266,1_46505,1_102619,F Line,1_656237600,1_7975998,1775179620,1775179620,default
1775179266,1_46505,1_102619,F Line,1_656237760,1_7976035,1775180520,1775180520,default
1775179266,1_46505,1_102619,F Line,1_656237030,1_7975997,1775181420,1775181420,default
1775179266,1_46505,1_102619,F Line,1_656237530,1_7976016,1775182380,1775182380,default
1775179266,1_29423,1_102732,79,1_816446530,1_8022070,1775180100,1775180100,default
1775179266,1_280,40_100240,554,40_581724170,40_9814,1775178081,1775179323,default
1775179266,1_51471,1_102736,H Line,1_694056020,1_6080,1775179304,1775179326,default
1775179266,1_50774,1_100045,150,1_694514150,1_8182,1775179266,1775179327,default
1775179266,1_73366,1_102548,B Line,1_721019320,1_7976636,1775179360,1775179360,default
1775179266,1_72494,1_100160,269,1_806918470,1_8024688,1775179440,1775179440,default
1775179266,1_52306,1_102619,F Line,1_800654850,1_8023779,1775180100,1775180100,default
1775179266,1_52306,1_102619,F Line,1_800653480,1_8023710,1775181000,1775181000,default
1775179266,1_70665,1_100136,245,1_761787930,1_7976344,1775179408,1775179408,default
1775179266,1_65092,1_100162,271,1_720967960,1_7409,1775179680,1775178433,default
1775179266,1_41850,1_100006,107,1_800646540,1_8023812,1775179404,1775179404,default
1775179266,1_59282,1_100072,181,1_721482080,1_7476,1775179620,1775178868,default
1775179266,1_23905,1_100214,372,1_694306540,1_7976765,1775179405,1775179405,default
1775179266,1_41370,1_100219,4,1_675344720,1_7974885,1775179451,1775179451,default
1775179266,1_42540,1_100072,181,1_721490250,1_7976104,1775179427,1775179427,default
1775179266,1_58111,1_102619,F Line,1_800654610,1_8023712,1775179435,1775179435,default
1775179266,1_620,40_100236,545,40_563505150,40_7976558,1775179080,1775179543,default
1775179266,1_620,40_510,510,40_16133730__MCOB-DO:121:0:Weekday:2:26MAR:86031:12345,40_MCOB-DO:121:0:Weekday:2:26MAR:86031:12345,1775179800,1775179800,default
1775179266,1_620,40_100239,550,40_597760480,40_7976614,1775179980,1775179980,default
1775179266,1_620,40_515,515,40_16133708__MCOB-DO:121:0:Weekday:2:26MAR:86022:12345,40_MCOB-DO:121:0:Weekday:2:26MAR:86022:12345,1775180400,1775180400,default
1775179266,1_620,1_102754,256,1_816378530,1_8005282,1775180820,1775180820,default
1775179266,1_10912,40_100451,556,40_635883580,40_7976589,1775179800,1775179800,default
1775179266,1_10912,1_100162,271,1_569496510,1_7976382,1775180040,1775180040,default
1775179266,1_10912,40_100511,542,40_581725440,40_7976686,1775180280,1775180280,default
1775179266,1_10912,1_100162,271,1_585519420,1_7976349,1775181120,1775181120,default
1775179266,1_71960,40_100511,542,40_721031230,40_7976607,1775181120,1775181120,default
1775179266,1_10640,1_100252,62,1_800856400,1_8025003,1775180220,1775180220,default
1775179266,1_10640,1_100252,62,1_800856410,1_8024964,1775181120,1775181120,default
1775179266,1_25210,1_100225,45,1_803351600,1_8123,1775179421,1775179434,default
1775179566,1_12170,1_100039,14,1_562520150,1_7974977,1775179599,1775179599,default
1775179566,1_60161,1_100042,148,1_762078040,1_7101,1775179680,1775178509,default
1775179566,1_60161,1_100042,148,1_762078120,1_7976061,1775181480,1775181480,default
1775179566,1_970,40_590,590,40_3685020,40_10181,1775179727,1775179727,default
1775179566,1_320,40_100240,554,40_581724770,40_9649,1775179200,1775179632,default
1775179566,1_575,1_102615,E Line,1_813078060,1_8025854,1775179620,1775179620,default
1775179566,1_2850,1_100089,2,1_815906120,1_8023470,1775179800,1775179800,default
1775179566,1_46505,1_102619,F Line,1_656237600,1_6275,1775179620,1775179541,default
1775179566,1_46505,1_102619,F Line,1_656237600,1_7975998,1775179620,1775179620,default
1775179566,1_46505,1_102619,F Line,1_656237760,1_7976035,1775180520,1775180520,default
1775179566,1_46505,1_102619,F Line,1_656237030,1_7975997,1775181420,1775181420,default
1775179566,1_46505,1_102619,F Line,1_656237530,1_7976016,1775182380,1775182380,default
1775179566,1_29423,1_102732,79,1_816446530,1_8022070,1775180100,1775180100,default
1775179566,1_76024,1_102702,239,1_736529490,1_7976434,1775179646,1775179646,default
1775179566,1_81254,1_100203,346,1_724962690,1_7975623,1775179617,1775179639,default
1775179566,1_36500,1_100026,128,1_806634940,1_8023666,1775179659,1775179659,default
1775179566,1_52306,1_102619,F Line,1_800654850,1_8023779,1775180100,1775180100,default
1775179566,1_52306,1_102619,F Line,1_800653480,1_8023710,1775181000,1775181000,default
1775179566,1_58112,1_102619,F Line,1_800654610,1_8023712,1775179716,1775179716,default
1775179566,1_65092,1_100162,271,1_720967960,1_7409,1775179680,1775178433,default
1775179566,1_49350,1_100026,128,1_806634500,1_8023667,1775179717,1775179717,default
1775179566,1_57804,1_100072,181,1_721481550,1_7976067,1775180236,1775180236,default
1775179566,1_71678,1_102552,226,1_816296170,1_8024714,1775179700,1775179700,default
1775179566,1_10210,1_100264,70,1_801592810,1_8025881,1775179735,1775179735,default
1775179566,1_620,40_510,510,40_16133730__MCOB-DO:121:0:Weekday:2:26MAR:86031:12345,40_MCOB-DO:121:0:Weekday:2:26MAR:86031:12345,1775179800,1775179885,default
1775179566,1_620,40_100239,550,40_597760480,40_7976614,1775179980,1775179980,default
1775179566,1_620,40_515,515,40_16133708__MCOB-DO:121:0:Weekday:2:26MAR:86022:12345,40_MCOB-DO:121:0:Weekday:2:26MAR:86022:12345,1775180400,1775180400,default
1775179566,1_620,1_102754,256,1_816378530,1_8005282,1775180820,1775180820,default
1775179566,1_10912,40_100451,556,40_635883580,40_7976589,1775179800,1775179800,default
1775179566,1_10912,1_100162,271,1_569496510,1_7976382,1775180040,1775180040,default
1775179566,1_10912,40_100511,542,40_581725440,40_7976686,1775180280,1775180280,default
1775179566,1_10912,1_100162,271,1_585519420,1_7976349,1775181120,1775181120,default
1775179566,1_71960,40_100511,542,40_721031230,40_7976607,1775181120,1775181120,default
1775179566,1_81982,1_102746,333,1_778704660,1_7975727,1775179779,1775179779,default
1775179566,1_10640,1_100252,62,1_800856400,1_8021,1775180220,1775179578,default
1775179566,1_10640,1_100252,62,1_800856400,1_8025003,1775180220,1775180220,default
1775179566,1_10640,1_100252,62,1_800856410,1_8024964,1775181120,1775181119,default
1775179566,1_18220,1_100219,4,1_675344720,1_7974885,1775179740,1775179740,default
1775179866,1_60161,1_100042,148,1_762078120,1_7328,1775181480,1775179701,default
1775179866,1_60161,1_100042,148,1_762078120,1_7976061,1775181480,1775181480,default
1775179866,1_320,40_590,590,40_3685020,40_10181,1775180040,1775180040,default
1775179866,1_575,1_102615,E Line,1_813082030,1_6054,1775178300,1775179945,default
1775179866,1_575,1_100210,36,1_800583970,1_8023383,1775179980,1775179980,default
1775179866,1_2850,1_100089,2,1_788757920,1_8023446,1775180820,1775180820,default
1775179866,1_46505,1_102619,F Line,1_656237760,1_7976035,1775180520,1775180520,default
1775179866,1_46505,1_102619,F Line,1_656237030,1_7975997,1775181420,1775181420,default
1775179866,1_46505,1_102619,F Line,1_656237530,1_7976016,1775182380,1775182380,default
1775179866,1_46505,1_102619,F Line,1_656237270,1_7976229,1775183280,1775183280,default
1775179866,1_29423,1_102732,79,1_816446530,1_8022070,1775180100,1775180100,default
1775179866,1_47660,1_102736,H Line,1_694055840,1_7974900,1775179915,1775179915,default
1775179866,1_1190,1_100173,3,1_761126180,1_7974916,1775179938,1775179938,default
1775179866,1_57453,1_100060,168,1_664461020,1_7976094,1775183460,1775183460,default
1775179866,1_11569,1_100002,10,1_675385300,1_7974874,1775179974,1775179993,default
1775179866,1_52306,1_102619,F Line,1_800654850,1_8023779,1775180100,1775180100,default
1775179866,1_52306,1_102619,F Line,1_800653480,1_8023710,1775181000,1775181000,default
1775179866,1_71970,1_102752,223,1_833610910,1_7329,1775179457,1775179982,default
1775179866,1_57804,1_100072,181,1_721481550,1_7976067,1775180236,1775180236,default
1775179866,1_59282,1_102717,165,1_800649880,1_7451,1775180640,1775179517,default
1775179866,1_85531,1_102757,187,1_762095160,1_7976065,1775180100,1775180100,default
1775179866,1_31890,1_100230,50,1_664485660,1_7976172,1775180037,1775180037,default
1775179866,1_620,40_100236,545,40_560091720,40_9682,1775179980,1775180027,default
1775179866,1_620,40_515,515,40_16133708__MCOB-DO:121:0:Weekday:2:26MAR:86022:12345,40_MCOB-DO:121:0:Weekday:2:26MAR:86022:12345,1775180400,1775180574,default
1775179866,1_620,1_102754,256,1_816378530,1_8005282,1775180820,1775180820,default
1775179866,1_10912,1_100214,372,1_694306860,1_6925,1775179844,1775180030,default
1775179866,1_10912,1_100162,271,1_569496510,1_7976382,1775180040,1775180040,default
1775179866,1_10912,40_100511,542,40_581725440,40_7976686,1775180280,1775180280,default
1775179866,1_10912,1_100162,271,1_585519420,1_7976349,1775181120,1775181120,default
1775179866,1_10912,40_100511,542,40_569576340,40_7976608,1775182260,1775182260,default
1775179866,1_71960,40_100511,542,40_721031230,40_7976607,1775181120,1775181120,default
1775179866,1_10640,1_100252,62,1_800856400,1_8021,1775180220,1775179578,default
1775179866,1_10640,1_100252,62,1_800856410,1_8024964,1775181120,1775181074,default
1775179866,1_8403,1_100039,14,1_562520160,1_7974988,1775179980,1775179980,default
1775180166,1_46791,1_100016,118,1_669631310,1_3737,1775179560,1775180272,default
1775180166,1_46791,1_100016,118,1_669631310,1_7976005,1775179560,1775180273,default
1775180166,1_55290,1_100006,107,1_800646590,1_8023886,1775179936,1775180183,default
1775180166,1_60161,1_100042,148,1_762078120,1_7328,1775181480,1775179701,default
1775180166,1_970,1_100045,150,1_800669730,1_8121,1775179794,1775180205,default
1775180166,1_12770,1_100228,48,1_721358510,1_7974615,1775180260,1775180260,default
1775180166,1_30790,1_100230,50,1_785558880,1_7976176,1775180217,1775180217,default
1775180166,1_575,1_100219,4,1_675344790,1_7974871,1775180220,1775180220,default
1775180166,1_2850,1_100089,2,1_788757920,1_7139,1775180820,1775180063,default
1775180166,1_2850,1_100089,2,1_788757920,1_8023446,1775180820,1775180820,default
1775180166,1_46505,1_102619,F Line,1_656237760,1_7976035,1775180520,1775180520,default
1775180166,1_46505,1_102619,F Line,1_656237030,1_7975997,1775181420,1775181420,default
1775180166,1_46505,1_102619,F Line,1_656237530,1_7976016,1775182380,1775182380,default
1775180166,1_46505,1_102619,F Line,1_656237270,1_7976229,1775183280,1775183280,default
1775180166,1_280,1_100104,212,1_806323880,1_7394,1775180213,1775180213,default
1775180166,1_1190,1_100447,49,1_801199740,1_4307,1775179999,1775180222,default
1775180166,1_57453,1_100060,168,1_664461020,1_7976094,1775183460,1775183460,default
1775180166,1_81254,1_102746,333,1_778704590,1_7975730,1775180263,1775180263,default
1775180166,1_52306,1_102619,F Line,1_800653480,1_8023710,1775181000,1775181000,default
1775180166,1_7750,1_102615,E Line,1_813078710,1_8025862,1775180292,1775180292,default
1775180166,1_70665,1_100136,245,1_761788290,1_7976346,1775180308,1775180308,default
1775180166,1_22184,1_102736,H Line,1_694056020,1_7974893,1775180306,1775180306,default
1775180166,1_59282,1_102717,165,1_800649880,1_7451,1775180640,1775179517,default
1775180166,1_23905,1_100214,372,1_694307060,1_7976762,1775180352,1775180352,default
1775180166,1_10210,1_100264,70,1_816207680,1_8026407,1775180335,1775180335,default
1775180166,1_58111,1_102619,F Line,1_656236440,1_7976083,1775180335,1775180335,default
1775180166,1_620,40_100239,550,40_597761050,40_7976644,1775180760,1775180760,default
1775180166,1_620,1_102754,256,1_816378530,1_8005282,1775180820,1775180820,default
1775180166,1_620,40_515,515,40_16133708__MCOB-DO:121:0:Weekday:2:26MAR:86022:12345,40_MCOB-DO:121:0:Weekday:2:26MAR:86022:12345,1775180400,1775180871,default
1775180166,1_10912,1_100162,271,1_585519420,1_7976349,1775181120,1775181120,default
1775180166,1_10912,40_100511,542,40_569576340,40_7976608,1775182260,1775182260,default
1775180166,1_71960,40_100511,542,40_721031230,40_7976607,1775181120,1775181120,default
1775180166,1_49810,1_100031,132,1_800857340,1_8024996,1775180350,1775180350,default
1775180166,1_10640,1_100252,62,1_800856410,1_8037,1775181120,1775180086,default
1775180166,1_10640,1_100252,62,1_800856410,1_8024964,1775181120,1775181057,default
1775180166,1_3000,1_100089,2,1_815906120,1_7157,1775180352,1775180352,default
1775180166,1_18220,1_100219,4,1_675344740,1_7974870,1775180340,1775180340,default
1775180166,1_18550,1_100252,62,1_800855580,1_8024963,1775180373,1775180373,default
1775180166,1_76310,40_100232,522,40_635897240,40_7976743,1775180367,1775180367,default
1775180466,1_12170,1_100039,14,1_562520160,1_7974988,1775180499,1775180499,default
1775180466,1_51551,1_102736,H Line,1_694056070,1_7974895,1775180547,1775180547,default
1775180466,1_60161,1_100042,148,1_762078120,1_7328,1775181480,1775179701,default
1775180466,1_30510,1_100249,60,1_801586090,1_8025815,1775180546,1775180546,default
1775180466,1_575,1_100210,36,1_800584230,1_8023418,1775180520,1775180520,default
1775180466,1_2850,1_100089,2,1_788757920,1_7139,1775180820,1775180063,default
1775180466,1_2850,1_100089,2,1_788758280,1_8023471,1775181900,1775181900,default
1775180466,1_46505,1_102619,F Line,1_656237760,1_6226,1775180520,1775180435,default
1775180466,1_46505,1_102619,F Line,1_656237760,1_7976035,1775180520,1775180520,default
1775180466,1_46505,1_102619,F Line,1_656237030,1_7975997,1775181420,1775181420,default
1775180466,1_46505,1_102619,F Line,1_656237530,1_7976016,1775182380,1775182380,default
1775180466,1_46505,1_102619,F Line,1_656237270,1_7976229,1775183280,1775183280,default
1775180466,1_57453,1_100060,168,1_664461020,1_7976094,1775183460,1775183460,default
1775180466,1_81199,1_100072,181,1_721481550,1_7976067,1775180543,1775180543,default
1775180466,1_11940,1_100039,14,1_562520290,1_7974976,1775180570,1775180570,default
1775180466,1_52306,1_102619,F Line,1_800653480,1_8023710,1775181000,1775181000,default
1775180466,1_58112,1_102619,F Line,1_656236440,1_7976083,1775180616,1775180616,default
1775180466,1_41850,1_100249,60,1_801586090,1_8025815,1775180637,1775180637,default
1775180466,1_59282,1_102717,165,1_800649880,1_7451,1775180640,1775179517,default
1775180466,1_59282,1_100072,181,1_721490240,1_7976033,1775181420,1775181420,default
1775180466,1_620,1_100045,150,1_694514380,1_7976156,1775180640,1775180640,default
1775180466,1_620,40_100239,550,40_597761050,40_7976644,1775180760,1775180760,default
1775180466,1_620,40_100236,545,40_563505770,40_7976562,1775180820,1775180820,default
1775180466,1_620,1_102754,256,1_816378530,1_8005282,1775180820,1775180820,default
1775180466,1_620,40_100240,554,40_774872950,40_7976689,1775180880,1775180880,default
1775180466,1_620,40_515,515,40_16133708__MCOB-DO:121:0:Weekday:2:26MAR:86022:12345,40_MCOB-DO:121:0:Weekday:2:26MAR:86022:12345,1775180400,1775181095,default
1775180466,1_10912,1_100224,44,1_664047380,1_7974932,1775180689,1775180689,default
1775180466,1_10912,1_100162,271,1_585519420,1_7976349,1775181120,1775181120,default
1775180466,1_10912,40_100511,542,40_569576340,40_7976608,1775182260,1775182260,default
1775180466,1_71960,40_100511,542,40_721031230,40_7976607,1775181120,1775181120,default
1775180466,1_71960,40_100511,542,40_721031440,40_7976685,1775182860,1775182860,default
1775180466,1_81982,1_102746,333,1_778704430,1_7975681,1775180679,1775180679,default
1775180466,1_10640,1_100252,62,1_800856410,1_8037,1775181120,1775180086,default
1775180466,1_8403,1_100039,14,1_562520310,1_7974987,1775180700,1775180700,default
1775180766,1_5830,1_100229,5,1_809331400,1_8025837,1775180777,1775180778,default
1775180766,1_60161,1_100042,148,1_762078120,1_7328,1775181480,1775179701,default
1775180766,1_2850,1_100089,2,1_788757920,1_7139,1775180820,1775180063,default
1775180766,1_2850,1_100089,2,1_788758280,1_7153,1775181900,1775180475,default
1775180766,1_46505,1_102619,F Line,1_656237030,1_7975997,1775181420,1775181420,default
1775180766,1_46505,1_102619,F Line,1_656237530,1_7976016,1775182380,1775182380,default
1775180766,1_46505,1_102619,F Line,1_656237270,1_7976229,1775183280,1775183280,default
1775180766,1_46505,1_102619,F Line,1_656237690,1_7976085,1775184180,1775184180,default
1775180766,1_3470,1_100249,60,1_801586090,1_8025815,1775180820,1775180820,default
1775180766,1_57453,1_100060,168,1_664461020,1_7976094,1775183460,1775183460,default
1775180766,1_52306,1_102619,F Line,1_800653480,1_8023710,1775181000,1775181000,default
1775180766,1_45670,1_100210,36,1_800583680,1_8023380,1775180812,1775180894,default
1775180766,1_40065,1_102574,40,1_811901400,1_8026389,1775180905,1775180905,default
1775180766,1_59282,1_100072,181,1_721490240,1_7431,1775181420,1775180771,default
1775180766,1_59282,1_100072,181,1_721490240,1_7976033,1775181420,1775181420,default
1775180766,1_41370,1_100219,4,1_675344730,1_7974886,1775180917,1775180917,default
1775180766,1_14280,1_102581,D Line,1_803816840,1_8022080,1775180962,1775180962,default
1775180766,1_59810,1_100042,148,1_762078040,1_7976054,1775180902,1775180915,default
1775180766,1_620,40_515,515,40_16133708__MCOB-DO:121:0:Weekday:2:26MAR:86022:12345,40_MCOB-DO:121:0:Weekday:2:26MAR:86022:12345,1775180400,1775181133,default
1775180766,1_10912,1_100162,271,1_585519420,1_7976349,1775181120,1775181120,default
1775180766,1_10912,1_100162,271,1_569554050,1_7976354,1775181900,1775181900,default
1775180766,1_10912,40_100511,542,40_569576340,40_7976608,1775182260,1775182260,default
1775180766,1_71960,40_100511,542,40_721031230,40_7976607,1775181120,1775181120,default
1775180766,1_71960,40_100511,542,40_721031440,40_7976685,1775182860,1775182860,default
1775180766,1_10640,1_100252,62,1_800856410,1_8037,1775181120,1775180086,default
1775180766,1_10640,1_100252,62,1_800856420,1_8025001,1775182020,1775182020,default
1775180766,1_8403,1_100039,14,1_562520230,1_7974991,1775180880,1775180880,default
1775180766,1_37840,1_102732,79,1_816446490,1_8022069,1775180940,1775180940,default
1775181066,1_60161,1_100042,148,1_762078120,1_7328,1775181480,1775179701,default
1775181066,1_12770,1_100228,48,1_721359730,1_7974613,1775181100,1775181100,default
1775181066,1_17651,1_102747,61,1_803357200,1_3751,1775181110,1775181110,default
1775181066,1_575,1_100219,4,1_675345440,1_7974869,1775181120,1775181120,default
1775181066,1_2850,1_100089,2,1_788758280,1_7153,1775181900,1775180475,default
1775181066,1_2850,1_100089,2,1_788757930,1_8023447,1775182740,1775182740,default
1775181066,1_46505,1_102619,F Line,1_656237030,1_7975997,1775181420,1775181420,default
1775181066,1_46505,1_102619,F Line,1_656237530,1_7976016,1775182380,1775182380,default
1775181066,1_46505,1_102619,F Line,1_656237270,1_7976229,1775183280,1775183280,default
1775181066,1_46505,1_102619,F Line,1_656237690,1_7976085,1775184180,1775184180,default
1775181066,1_57453,1_100060,168,1_664461020,1_7976094,1775183460,1775183460,default
1775181066,1_50774,1_100045,150,1_694513530,1_8142,1775181066,1775181135,default
1775181066,1_1510,1_100001,1,1_800581180,1_4401,1775180934,1775181121,default
1775181066,1_52306,1_102619,F Line,1_800654620,1_8023712,1775181900,1775181900,default
1775181066,1_52306,1_102619,F Line,1_800654940,1_8023715,1775184600,1775184600,default
1775181066,1_59282,1_100072,181,1_721490240,1_7431,1775181420,1775180771,default
1775181066,1_59282,1_102717,165,1_800649890,1_8023767,1775182440,1775182440,default
1775181066,1_60710,1_100512,A Line,1_800643720,1_8023719,1775181319,1775181319,default
1775181066,1_31890,1_100230,50,1_664485790,1_7976174,1775181237,1775181237,default
1775181066,1_75850,1_102615,E Line,1_813078710,1_8025862,1775181221,1775181221,default
1775181066,1_10912,1_100162,271,1_569554050,1_7976354,1775181900,1775181900,default
1775181066,1_10912,40_100511,542,40_569576340,40_7976608,1775182260,1775182260,default
1775181066,1_71960,40_100511,542,40_721031440,40_7976685,1775182860,1775182860,default
1775181066,1_10640,1_100252,62,1_800856420,1_8014,1775182020,1775181018,default
1775181066,1_10640,1_100252,62,1_800856420,1_8025001,1775182020,1775182020,default
1775181066,1_10640,1_100252,62,1_800856430,1_8024959,1775182920,1775182163,default
1775181366,1_12170,1_100039,14,1_562520230,1_7974991,1775181399,1775181399,default
1775181366,1_481,1_102736,H Line,1_694056520,1_6062,1775181240,1775181410,default
1775181366,1_60161,1_100042,148,1_762078120,1_7328,1775181480,1775179701,default
1775181366,1_10020,1_102732,79,1_816446490,1_8022069,1775181394,1775181394,default
1775181366,1_575,1_102576,C Line,1_800868920,1_8025005,1775181540,1775181540,default
1775181366,1_2850,1_100089,2,1_788758280,1_7153,1775181900,1775180475,default
1775181366,1_2850,1_100089,2,1_788757930,1_7097,1775182740,1775181097,default
1775181366,1_46505,1_102619,F Line,1_656237030,1_7975997,1775181420,1775181420,default
1775181366,1_46505,1_102619,F Line,1_656237530,1_7976016,1775182380,1775182380,default
1775181366,1_46505,1_102619,F Line,1_656237270,1_7976229,1775183280,1775183280,default
1775181366,1_46505,1_102619,F Line,1_656237690,1_7976085,1775184180,1775184180,default
1775181366,1_27420,1_100249,60,1_801586090,1_8025815,1775181488,1775181488,default
1775181366,1_57453,1_100060,168,1_664461020,1_7976094,1775183460,1775183609,default
1775181366,1_81254,1_100203,346,1_724962700,1_7975605,1775181430,1775181446,default
1775181366,1_72494,1_100160,269,1_806916880,1_8024685,1775181480,1775181480,default
1775181366,1_52306,1_102619,F Line,1_800654620,1_8023712,1775181900,1775181900,default
1775181366,1_52306,1_102619,F Line,1_800654940,1_8023715,1775184600,1775184600,default
1775181366,1_7750,1_102615,E Line,1_813078370,1_8026431,1775181492,1775181492,default
1775181366,1_72446,1_102752,223,1_816297760,1_8024725,1775181496,1775181496,default
1775181366,1_57804,1_100072,181,1_721481880,1_7976037,1775182036,1775182036,default
1775181366,1_59282,1_102717,165,1_800649890,1_8023767,1775182440,1775182440,default
1775181366,1_9080,1_100263,7,1_800587120,1_8023404,1775181511,1775181511,default
1775181366,1_10210,1_100264,70,1_816208830,1_8026417,1775181535,1775181535,default
1775181366,1_620,40_100236,545,40_563505730,40_7976559,1775181720,1775181720,default
1775181366,1_10912,1_100162,271,1_569554050,1_7976354,1775181900,1775181900,default
1775181366,1_10912,40_100511,542,40_569576340,40_7976608,1775182260,1775182260,default
1775181366,1_10912,1_100162,271,1_569495950,1_7976350,1775182920,1775182920,default
1775181366,1_71960,40_100511,542,40_721031440,40_7976685,1775182860,1775182860,default
1775181366,1_81982,1_102746,333,1_778704420,1_7975729,1775181579,1775181579,default
1775181366,1_81982,1_102746,333,1_778704420,1_7205,1775181579,1775181579,default
1775181366,1_10640,1_100252,62,1_800856420,1_8014,1775182020,1775181018,default
1775181666,1_8541,1_100263,7,1_800589040,1_4520,1775181000,1775181682,default
1775181666,1_8541,1_100039,14,1_562520300,1_7974990,1775181720,1775181720,default
1775181666,1_30790,1_100249,60,1_801586280,1_8025817,1775181697,1775181697,default
1775181666,1_575,1_100210,36,1_800583890,1_8023386,1775181720,1775181720,default
1775181666,1_2850,1_100089,2,1_788758280,1_7153,1775181900,1775180475,default
1775181666,1_2850,1_100089,2,1_788757930,1_7097,1775182740,1775181097,default
1775181666,1_46505,1_102619,F Line,1_656237530,1_7976016,1775182380,1775182380,default
1775181666,1_46505,1_102619,F Line,1_656237270,1_7976229,1775183280,1775183280,default
1775181666,1_46505,1_102619,F Line,1_656237690,1_7976085,1775184180,1775184180,default
1775181666,1_46505,1_102619,F Line,1_656236310,1_7975999,1775185080,1775185080,default
1775181666,1_57453,1_100060,168,1_664461020,1_7976094,1775183460,1775183746,default
1775181666,1_52306,1_102619,F Line,1_800654620,1_8023712,1775181900,1775181900,default
1775181666,1_52306,1_102619,F Line,1_800654940,1_8023715,1775184600,1775184600,default
1775181666,1_65092,1_100162,271,1_720966790,1_7976352,1775183100,1775183100,default
1775181666,1_9605,1_100259,67,1_761383240,1_7975673,1775181660,1775181797,default
1775181666,1_57804,1_100072,181,1_721481880,1_7976037,1775182036,1775182036,default
1775181666,1_59282,1_100072,181,1_721482020,1_7390,1775182500,1775181309,default
1775181666,1_59282,1_102717,165,1_800649890,1_7108,1775182440,1775181677,default
1775181666,1_59282,1_102717,165,1_800649890,1_8023767,1775182440,1775182440,default
1775181666,1_10912,1_100264,70,1_816207930,1_8237,1775181706,1775181841,default
1775181666,1_10912,1_100447,49,1_650118650,1_4354,1775181690,1775181857,default
1775181666,1_10912,1_100162,271,1_569554050,1_7976354,1775181900,1775181900,default
1775181666,1_10912,40_100511,542,40_569576340,40_7976608,1775182260,1775182260,default
1775181666,1_10912,1_100162,271,1_569495950,1_7976350,1775182920,1775182920,default
1775181666,1_10912,40_100511,542,40_569576360,40_7976604,1775184060,1775184060,default
1775181666,1_71960,40_100511,542,40_721031440,40_7976685,1775182860,1775182860,default
1775181666,1_10640,1_100252,62,1_800856420,1_8014,1775182020,1775181018,default
1775181666,1_8403,1_100039,14,1_562520280,1_7974989,1775181780,1775181780,default
1775181666,1_18220,1_100219,4,1_675344790,1_7974871,1775181840,1775181840,default
1775181966,1_60161,1_100042,148,1_762077900,1_7976053,1775185260,1775185260,default
1775181966,1_575,1_100219,4,1_675345450,1_7974864,1775182020,1775182020,default
1775181966,1_575,1_102576,C Line,1_800868630,1_8024969,1775182140,1775182140,default
1775181966,1_2850,1_100089,2,1_788757930,1_7097,1775182740,1775181097,default
1775181966,1_46505,1_102619,F Line,1_656237530,1_7976016,1775182380,1775182380,default
1775181966,1_46505,1_102619,F Line,1_656237270,1_7976229,1775183280,1775183280,default
1775181966,1_46505,1_102619,F Line,1_656237690,1_7976085,1775184180,1775184180,default
1775181966,1_46505,1_102619,F Line,1_656236310,1_7975999,1775185080,1775185080,default
1775181966,1_1190,40_100239,550,40_597761140,40_7976643,1775182069,1775182069,default
1775181966,1_57453,1_100060,168,1_664461020,1_7976094,1775183460,1775183734,default
1775181966,3_31002,40_560,560,40_1857020,40_511,1775182174,1775182174,default
1775181966,1_52306,1_102619,F Line,1_656236450,1_7976083,1775182800,1775182800,default
1775181966,1_52306,1_102619,F Line,1_800654940,1_8023715,1775184600,1775184600,default
1775181966,1_65092,1_100162,271,1_720966790,1_7976352,1775183100,1775183100,default
1775181966,1_65092,1_100162,271,1_720966790,1_7460,1775183100,1775183100,default
1775181966,1_36510,1_100026,128,1_806635000,1_8023660,1775182078,1775182078,default
1775181966,1_59282,1_100072,181,1_721482020,1_7390,1775182500,1775181309,default
1775181966,1_59282,1_102717,165,1_800649890,1_7108,1775182440,1775181677,default
1775181966,1_10210,1_100264,70,1_801592790,1_8026416,1775182135,1775182135,default
1775181966,1_620,40_100239,550,40_597761440,40_7976642,1775182560,1775182560,default
1775181966,1_10912,40_100511,542,40_569576340,40_7976608,1775182260,1775182260,default
1775181966,1_10912,1_100162,271,1_569495950,1_7976350,1775182920,1775182920,default
1775181966,1_10912,40_100511,542,40_569576360,40_7976604,1775184060,1775184060,default
1775181966,1_71960,40_100511,542,40_721031440,40_7976685,1775182860,1775182860,default
1775181966,1_10640,1_100252,62,1_800856430,1_8047,1775182920,1775181193,default
1775181966,1_76310,40_100232,522,40_635897620,40_7976771,1775182155,1775182155,default
1775182266,1_12170,1_100039,14,1_562520280,1_7974989,1775182299,1775182299,default
1775182266,1_29217,1_100224,44,1_800584910,1_4554,1775181998,1775182278,default
1775182266,1_60161,1_100042,148,1_762077900,1_7976053,1775185260,1775185260,default
1775182266,1_2850,1_100089,2,1_788757930,1_7097,1775182740,1775181097,default
1775182266,1_2850,1_100089,2,1_788758290,1_7099,1775183820,1775181977,default
1775182266,1_46505,1_102619,F Line,1_656237530,1_7976016,1775182380,1775182380,default
1775182266,1_46505,1_102619,F Line,1_656237270,1_7976229,1775183280,1775183280,default
1775182266,1_46505,1_102619,F Line,1_656237690,1_7976085,1775184180,1775184180,default
1775182266,1_46505,1_102619,F Line,1_656236310,1_7975999,1775185080,1775185080,default
1775182266,1_280,40_100240,554,40_694286990,40_7976689,1775182285,1775182316,default
1775182266,1_57453,1_100060,168,1_664461020,1_7976094,1775183460,1775183810,default
1775182266,1_81199,1_100072,181,1_721481880,1_7976037,1775182343,1775182343,default
1775182266,1_52306,1_102619,F Line,1_656236450,1_7976083,1775182800,1775182800,default
1775182266,1_52306,1_102619,F Line,1_800654940,1_8023715,1775184600,1775184600,default
1775182266,1_65092,1_100162,271,1_720966790,1_7460,1775183100,1775182019,default
1775182266,1_59282,1_100072,181,1_721482020,1_7390,1775182500,1775181309,default
1775182266,1_59282,1_102717,165,1_800649890,1_7108,1775182440,1775181677,default
1775182266,1_55831,1_100005,106,1_727784740,1_7975005,1775182448,1775182448,default
1775182266,1_75850,1_102615,E Line,1_813078370,1_8026431,1775182421,1775182421,default
1775182266,1_620,40_100240,554,40_774873230,40_7976696,1775182560,1775182560,default
1775182266,1_620,40_100239,550,40_597761440,40_7976642,1775182560,1775182560,default
1775182266,1_620,40_100236,545,40_563506200,40_7976567,1775182620,1775182620,default
1775182266,1_10912,1_100228,48,1_721360710,1_8054,1775182440,1775182440,default
1775182266,1_10912,1_100264,70,1_816208650,1_8026411,1775182306,1775182459,default
1775182266,1_10912,1_100162,271,1_569495950,1_7976350,1775182920,1775182920,default
1775182266,1_10912,40_100511,542,40_569576360,40_7976604,1775184060,1775184060,default
1775182266,1_71960,40_100511,542,40_721031440,40_7976685,1775182860,1775182860,default
1775182266,1_71960,40_100511,542,40_721031120,40_7976686,1775184840,1775184840,default
1775182266,1_10640,1_100252,62,1_800856430,1_8047,1775182920,1775181193,default
1775182566,1_51551,1_102736,H Line,1_694055700,1_7974899,1775182587,1775182587,default
1775182566,1_26560,1_102574,40,1_811901790,1_8025887,1775182649,1775182649,default
1775182566,1_60161,1_100042,148,1_762077900,1_7976053,1775185260,1775185260,default
1775182566,1_575,1_102615,E Line,1_813081840,1_6101,1775181900,1775182619,default
1775182566,1_2850,1_100089,2,1_788757930,1_7097,1775182740,1775181097,default
1775182566,1_2850,1_100089,2,1_788758290,1_7099,1775183820,1775181977,default
1775182566,1_46505,1_102619,F Line,1_656237270,1_7976229,1775183280,1775183280,default
1775182566,1_46505,1_102619,F Line,1_656237690,1_7976085,1775184180,1775184180,default
1775182566,1_46505,1_102619,F Line,1_656236310,1_7975999,1775185080,1775185080,default
1775182566,1_46505,1_102619,F Line,1_656237460,1_7976004,1775185980,1775185980,default
1775182566,1_29423,1_102732,79,1_816446510,1_8022069,1775183700,1775183700,default
1775182566,1_89990,1_100203,346,1_724962710,1_7203,1775182618,1775182618,default
1775182566,1_280,40_100240,554,40_694286990,40_7976689,1775182285,1775182626,default
1775182566,1_1190,1_100447,49,1_801199630,1_4321,1775182399,1775182619,default
1775182566,1_57453,1_100060,168,1_664461020,1_7976094,1775183460,1775183892,default
1775182566,1_52306,40_560,560,40_1857020,40_511,1775182800,1775182800,default
1775182566,1_52306,1_102619,F Line,1_656236450,1_7976083,1775182800,1775182800,default
1775182566,1_52306,1_102619,F Line,1_800654940,1_8023715,1775184600,1775184600,default
1775182566,1_45670,1_100210,36,1_800583740,1_8023415,1775182612,1775182693,default
1775182566,1_65092,1_100162,271,1_720966790,1_7460,1775183100,1775182019,default
1775182566,1_9605,1_100259,67,1_657908070,1_7975678,1775182560,1775182686,default
1775182566,1_39983,1_100111,22,1_815968250,1_8023814,1775182320,1775182719,default
1775182566,1_60710,1_100512,A Line,1_800643740,1_8023744,1775182737,1775182737,default
1775182566,1_10912,1_100162,271,1_569495950,1_7976350,1775182920,1775182920,default
1775182566,1_10912,40_100511,542,40_569576360,40_7976604,1775184060,1775184060,default
1775182566,1_71960,40_100511,542,40_721031440,40_7976685,1775182860,1775182860,default
1775182566,1_71960,40_100511,542,40_721031120,40_7976686,1775184840,1775184840,default
1775182566,1_10640,1_100252,62,1_800856430,1_8047,1775182920,1775181193,default
1775182566,1_8403,1_100039,14,1_562520300,1_7974990,1775182740,1775182740,default
1775182566,1_18220,1_100219,4,1_675345440,1_7974869,1775182740,1775182740,default
1775182866,1_481,1_100024,125,1_770790220,1_7974702,1775182920,1775182920,default
1775182866,1_60161,1_100042,148,1_762077900,1_7976053,1775185260,1775185260,default
1775182866,1_575,1_100210,36,1_800583680,1_8023380,1775182920,1775182920,default
1775182866,1_2850,1_100089,2,1_788758290,1_7099,1775183820,1775181977,default
1775182866,1_46505,1_102619,F Line,1_656237270,1_7976229,1775183280,1775183280,default
1775182866,1_46505,1_102619,F Line,1_656237690,1_7976085,1775184180,1775184180,default
1775182866,1_46505,1_102619,F Line,1_656236310,1_7975999,1775185080,1775185080,default
1775182866,1_46505,1_102619,F Line,1_656237460,1_7976004,1775185980,1775185980,default
1775182866,1_29423,1_102732,79,1_816446510,1_8022069,1775183700,1775183700,default
1775182866,1_1190,40_100239,550,40_597761440,40_7976642,1775182969,1775182969,default
1775182866,1_57453,1_100060,168,1_664461020,1_7976094,1775183460,1775183914,default
1775182866,1_52306,1_102619,F Line,1_656237610,1_7975998,1775183700,1775183700,default
1775182866,1_52306,1_102619,F Line,1_800654940,1_8023715,1775184600,1775184600,default
1775182866,1_65092,1_100162,271,1_720966790,1_7460,1775183100,1775182019,default
1775182866,1_59282,1_102717,165,1_800649900,1_7430,1775184300,1775182378,default
1775182866,1_18580,1_100252,62,1_800855610,1_8024958,1775183012,1775183012,default
1775182866,1_10912,1_100264,70,1_816207440,1_8266,1775183026,1775183043,default
1775182866,1_10912,40_100511,542,40_569576360,40_7976604,1775184060,1775184060,default
1775182866,1_71960,40_100511,542,40_721031120,40_7976686,1775184840,1775184840,default
1775182866,1_10640,1_100252,62,1_800856440,1_8024963,1775183820,1775183820,default
1775182866,1_8403,1_100039,14,1_562520300,1_7974990,1775182740,1775182740,default
1775182866,1_68400,1_100136,245,1_765953410,1_7976346,1775183053,1775183053,default
1775183166,1_12170,1_100039,14,1_562520300,1_7974990,1775183259,1775183259,default
1775183166,1_60161,1_100042,148,1_762077900,1_7976053,1775185260,1775185260,default
1775183166,1_970,1_100003,101,1_800669740,1_8143,1775183154,1775183208,default
1775183166,1_13830,1_102581,D Line,1_803816930,1_8022123,1775183231,1775183231,default
1775183166,1_2850,1_100089,2,1_788758290,1_7099,1775183820,1775181977,default
1775183166,1_46505,1_102619,F Line,1_656237270,1_7976229,1775183280,1775183280,default
1775183166,1_46505,1_102619,F Line,1_656237690,1_7976085,1775184180,1775184180,default
1775183166,1_46505,1_102619,F Line,1_656236310,1_7975999,1775185080,1775185080,default
1775183166,1_46505,1_102619,F Line,1_656237460,1_7976004,1775185980,1775185980,default
1775183166,1_29423,1_102732,79,1_816446510,1_8022069,1775183700,1775183700,default
1775183166,1_27420,1_100161,27,1_759819790,1_7974629,1775183295,1775183295,default
1775183166,1_57453,1_100060,168,1_664461020,1_7976094,1775183460,1775183854,default
1775183166,1_73366,1_102752,223,1_816297780,1_8024751,1775183265,1775183265,default
1775183166,1_73366,1_102548,B Line,1_721019480,1_7976622,1775183270,1775183270,default
1775183166,1_11569,1_100002,10,1_675385180,1_4322,1775183241,1775183241,default
1775183166,1_52306,1_102619,F Line,1_656237610,1_7975998,1775183700,1775183700,default
1775183166,1_52306,1_102619,F Line,1_800654940,1_8023715,1775184600,1775184600,default
1775183166,1_8530,1_100039,14,1_562520390,1_7974988,1775183301,1775183301,default
1775183166,1_45670,1_100210,36,1_800583730,1_4557,1775183212,1775183261,default
1775183166,1_41940,1_100177,303,1_803352640,1_8118,1775183155,1775183274,default
1775183166,1_57804,1_100072,181,1_721482090,1_7976104,1775183719,1775183719,default
1775183166,1_59282,1_102717,165,1_800649900,1_7430,1775184300,1775182378,default
1775183166,1_35440,1_100269,75,1_803352070,1_8022016,1775183224,1775183370,default
1775183166,1_9080,1_100263,7,1_800589040,1_8023431,1775183311,1775183311,default
1775183166,1_620,40_100236,545,40_563506180,40_7976555,1775183460,1775183460,default
1775183166,1_620,40_100236,545,40_563506180,40_9676,1775183460,1775183460,default
1775183166,1_60680,1_100512,A Line,1_800643750,1_8023746,1775183332,1775183332,default
1775183166,1_10912,40_100511,542,40_569576360,40_7976604,1775184060,1775184060,default
1775183166,1_71960,40_100511,542,40_721031120,40_7976686,1775184840,1775184840,default
1775183166,1_81982,1_102746,333,1_778704800,1_8132,1775183379,1775183379,default
1775183166,1_10640,1_100252,62,1_800856440,1_8024963,1775183820,1775183820,default
1775183466,1_60161,1_100042,148,1_762077900,1_7976053,1775185260,1775185260,default
1775183466,1_60161,1_100042,148,1_762077900,1_7118,1775185260,1775185260,default
1775183466,1_2850,1_100089,2,1_788758290,1_7099,1775183820,1775181977,default
1775183466,1_2850,1_100089,2,1_788757940,1_8023469,1775184960,1775184960,default
1775183466,1_46505,1_102619,F Line,1_656237690,1_7976085,1775184180,1775184180,default
1775183466,1_46505,1_102619,F Line,1_656236310,1_7975999,1775185080,1775185080,default
1775183466,1_46505,1_102619,F Line,1_656237460,1_7976004,1775185980,1775185980,default
1775183466,1_29423,1_102732,79,1_816446510,1_8022069,1775183700,1775183700,default
1775183466,1_57453,1_100060,168,1_664461020,1_7976094,1775183460,1775183873,default
1775183466,1_57453,1_100060,168,1_664461060,1_7976089,1775187060,1775187060,default
1775183466,1_52306,1_100030,131,1_800857060,1_8024983,1775183580,1775183580,default
1775183466,1_52306,1_102619,F Line,1_656237610,1_7975998,1775183700,1775183700,default
1775183466,1_52306,1_102619,F Line,1_800654940,1_8023715,1775184600,1775184600,default
1775183466,1_31990,1_100026,128,1_806634950,1_1006,1775183457,1775183562,default
1775183466,1_57804,1_100072,181,1_721482090,1_7976104,1775183719,1775183719,default
1775183466,1_59282,1_102717,165,1_800649900,1_7430,1775184300,1775182378,default
1775183466,1_59282,1_100072,181,1_721481560,1_7466,1775184300,1775183425,default
1775183466,1_59282,1_100072,181,1_721481560,1_7976037,1775184300,1775184300,default
1775183466,1_41370,1_100028,13,1_788759090,1_8023446,1775183593,1775183593,default
1775183466,1_10912,40_100511,542,40_569576360,40_7976604,1775184060,1775184060,default
1775183466,1_10912,1_100162,271,1_569496760,1_7976668,1775184720,1775184720,default
1775183466,1_71960,40_100511,542,40_721031120,40_7976686,1775184840,1775184840,default
1775183466,1_10640,1_100252,62,1_800856440,1_7021,1775183820,1775183354,default
1775183466,1_10640,1_100252,62,1_800856440,1_8024963,1775183820,1775183820,default
1775183466,1_8403,1_100039,14,1_562520340,1_7974992,1775183460,1775183460,default
1775183466,1_11600,1_100002,10,1_675385180,1_7974874,1775183663,1775183663,default
1775183767,1_26560,1_102574,40,1_811899270,1_8026406,1775183849,1775183849,default
1775183767,1_2850,1_100089,2,1_788758290,1_7099,1775183820,1775181977,default
1775183767,1_2850,1_100089,2,1_788757940,1_7095,1775184960,1775183526,default
1775183767,1_2850,1_100089,2,1_788757940,1_8023469,1775184960,1775184960,default
1775183767,1_46505,1_102619,F Line,1_656237690,1_7976085,1775184180,1775184180,default
1775183767,1_46505,1_102619,F Line,1_656236310,1_7975999,1775185080,1775185080,default
1775183767,1_46505,1_102619,F Line,1_656237460,1_7976004,1775185980,1775185980,default
1775183767,1_47660,1_102736,H Line,1_694056520,1_7974891,1775183815,1775183815,default
1775183767,1_57453,1_100060,168,1_664461020,1_7976094,1775183460,1775183845,default
1775183767,1_57453,1_100060,168,1_664461060,1_7976089,1775187060,1775187060,default
1775183767,1_52306,1_102619,F Line,1_800654940,1_8023715,1775184600,1775184600,default
1775183767,1_70665,1_102702,239,1_736529300,1_7976434,1775183945,1775183945,default
1775183767,1_59282,1_102717,165,1_800649900,1_7430,1775184300,1775182378,default
1775183767,1_59282,1_100072,181,1_721481560,1_7466,1775184300,1775183425,default
1775183767,1_25791,1_100214,372,1_694307030,1_6952,1775183580,1775183928,default
1775183767,1_620,40_100240,554,40_774873550,40_7976690,1775184240,1775184240,default
1775183767,1_620,40_100239,550,40_597761950,40_7976613,1775184360,1775184360,default
1775183767,1_10912,40_100511,542,40_569576360,40_7976604,1775184060,1775184060,default
1775183767,1_10912,1_100162,271,1_569496760,1_7976668,1775184720,1775184720,default
1775183767,1_71960,40_100511,542,40_721031120,40_7976686,1775184840,1775184840,default
1775183767,1_10640,1_100252,62,1_800856450,1_8079,1775184720,1775183740,default
1775183767,1_10640,1_100252,62,1_800856450,1_8024956,1775184720,1775184720,default
1775184067,1_575,1_102615,E Line,1_813078510,1_6221,1775184060,1775184109,default
1775184067,1_2850,1_100089,2,1_788757940,1_7095,1775184960,1775183526,default
1775184067,1_46505,1_102619,F Line,1_656237690,1_7976085,1775184180,1775184180,default
1775184067,1_46505,1_102619,F Line,1_656236310,1_7975999,1775185080,1775185080,default
1775184067,1_46505,1_102619,F Line,1_656237460,1_7976004,1775185980,1775185980,default
1775184067,1_89990,29_130,130,29_16131471__MCOB-DO:121:0:Weekday:2:26MAR:41006:12345,29_19112,1775184120,1775184066,default
1775184067,1_280,40_100240,554,40_560097160,40_9664,1775183965,1775184124,default
1775184067,1_27420,1_100249,60,1_801586190,1_8025826,1775184248,1775184248,default
1775184067,1_25140,1_100254,65,1_778695150,1_7975671,1775184207,1775184142,default
1775184067,1_57453,1_100060,168,1_664461060,1_7976089,1775187060,1775187060,default
1775184067,1_77460,1_100205,348,1_771627430,1_7975645,1775184165,1775184165,default
1775184067,1_60477,1_100060,168,1_664461020,1_7472,1775184130,1775184130,default
1775184067,1_52306,1_102619,F Line,1_800654940,1_8023715,1775184600,1775184600,default
1775184067,1_45670,1_100210,36,1_800582120,1_4373,1775183812,1775184159,default
1775184067,1_80124,1_102719,161,1_800652300,1_8023780,1775184215,1775184215,default
1775184067,1_59282,1_102717,165,1_800649900,1_7430,1775184300,1775182378,default
1775184067,1_59282,1_100072,181,1_721481560,1_7466,1775184300,1775183425,default
1775184067,1_55831,1_100005,106,1_727784730,1_7975003,1775184248,1775184272,default
1775184067,1_57791,1_102718,184,1_635461930,1_7976216,1775184263,1775184272,default
1775184067,1_620,40_100240,554,40_774873550,40_7976690,1775184240,1775184240,default
1775184067,1_620,40_100239,550,40_597761950,40_7976613,1775184360,1775184360,default
1775184067,1_16990,1_102574,40,1_811901290,1_8026390,1775184224,1775184224,default
1775184067,1_10912,1_100447,49,1_650118670,1_4408,1775184090,1775184238,default
1775184067,1_10912,1_100162,271,1_569496760,1_7976668,1775184720,1775184720,default
1775184067,1_71960,40_100511,542,40_721031120,40_7976686,1775184840,1775184840,default
1775184067,1_71960,40_100511,542,40_721031050,40_7976608,1775186220,1775186220,default
1775184067,1_10640,1_100252,62,1_800856450,1_8079,1775184720,1775183740,default
1775184367,1_26560,1_102574,40,1_811901560,1_8026435,1775184449,1775184449,default
1775184367,1_60161,1_100042,148,1_762077900,1_7118,1775185260,1775183194,default
1775184367,1_30510,1_100006,107,1_635438070,1_7976054,1775184439,1775184439,default
1775184367,1_68784,1_102548,B Line,1_721019640,1_7976632,1775184419,1775184419,default
1775184367,1_575,1_102576,C Line,1_800869460,1_8025089,1775184480,1775184480,default
1775184367,1_2850,1_100089,2,1_788757940,1_7095,1775184960,1775183526,default
1775184367,1_77910,1_102746,333,1_778704310,1_7975727,1775184421,1775184421,default
1775184367,1_46505,1_102619,F Line,1_656236310,1_7975999,1775185080,1775185080,default
1775184367,1_46505,1_102619,F Line,1_656237460,1_7976004,1775185980,1775185980,default
1775184367,1_89990,1_100203,346,1_724962720,1_7219,1775184418,1775184418,default
1775184367,1_1190,1_100002,10,1_675385140,1_4316,1775184423,1775184423,default
1775184367,1_57453,1_100060,168,1_664461060,1_7976089,1775187060,1775187060,default
1775184367,1_52306,1_102619,F Line,1_800654940,1_8023715,1775184600,1775184600,default
1775184367,1_45670,1_100210,36,1_800582020,1_8023435,1775184412,1775184485,default
1775184367,1_41850,1_100006,107,1_635438070,1_7976054,1775184517,1775184517,default
1775184367,1_41940,1_100249,60,1_801586190,1_8025826,1775184517,1775184517,default
1775184367,1_16990,1_100202,345,1_692495230,1_7975635,1775184537,1775184537,default
1775184367,1_10912,1_100162,271,1_569496760,1_7976668,1775184720,1775184720,default
1775184367,1_71960,40_100511,542,40_721031120,40_7976686,1775184840,1775184840,default
1775184367,1_71960,40_100511,542,40_721031050,40_7976608,1775186220,1775186220,default
1775184367,1_10640,1_100252,62,1_800856450,1_8079,1775184720,1775183740,default
1775184669,1_481,1_100024,125,1_770790230,1_7974703,1775184720,1775184720,default
1775184669,1_60161,1_100042,148,1_762077900,1_7118,1775185260,1775183194,default
1775184669,1_320,40_100239,550,40_597762530,40_9669,1775184660,1775184741,default
1775184669,1_575,1_100210,36,1_800583740,1_8023415,1775184720,1775184720,default
1775184669,1_575,1_102581,D Line,1_800600600,1_6050,1775184660,1775184744,default
1775184669,1_2850,1_100089,2,1_788757940,1_7095,1775184960,1775183526,default
1775184669,1_46505,1_102619,F Line,1_656236310,1_7975999,1775185080,1775185080,default
1775184669,1_46505,1_102619,F Line,1_656237460,1_7976004,1775185980,1775185980,default
1775184669,1_47660,1_102736,H Line,1_694056380,1_7974898,1775184715,1775184715,default
1775184669,1_1190,40_100239,550,40_597761950,40_7976613,1775184769,1775184769,default
1775184669,1_57453,1_100060,168,1_664461060,1_7976089,1775187060,1775187060,default
1775184669,1_52306,1_100031,132,1_800858290,1_8024989,1775184780,1775184780,default
1775184669,1_52306,1_102619,F Line,1_656237040,1_7975997,1775185500,1775185500,default
1775184669,1_40030,1_102574,40,1_811900730,1_8244,1775184560,1775184789,default
1775184669,1_54971,1_100004,105,1_635436600,1_1031,1775184679,1775184817,default
1775184669,1_60710,1_100512,A Line,1_800643760,1_8023834,1775184886,1775184886,default
1775184669,1_7690,1_102615,E Line,1_813081980,1_8025857,1775184845,1775184845,default
1775184669,1_25791,1_100214,372,1_694306230,1_6993,1775184518,1775184887,default
1775184669,1_620,40_100239,550,40_597761940,40_7976619,1775185320,1775185320,default
1775184669,1_10912,40_100511,542,40_569577080,40_7976685,1775185980,1775185980,default
1775184669,1_10912,1_100162,271,1_569495960,1_7976387,1775186520,1775186520,default
1775184669,1_71960,40_100511,542,40_721031120,40_7976686,1775184840,1775184840,default
1775184669,1_71960,40_100511,542,40_721031050,40_7976608,1775186220,1775186220,default
1775184669,1_10640,1_100252,62,1_800856460,1_8024960,1775185620,1775185620,default
1775184669,1_10640,1_100252,62,1_800856490,1_8025038,1775188320,1775188320,default
1775184669,1_68400,1_100136,245,1_761787550,1_7976397,1775184853,1775184853,default
1775184968,1_51551,1_102736,H Line,1_694056260,1_7974892,1775185047,1775185047,default
1775184968,1_60161,1_100042,148,1_762077900,1_7118,1775185260,1775183194,default
1775184968,1_9750,1_100269,75,1_803351170,1_8022022,1775184272,1775184996,default
1775184968,1_2850,1_100089,2,1_788758300,1_8023474,1775186340,1775186340,default
1775184968,1_46505,1_102619,F Line,1_656236310,1_7975999,1775185080,1775185080,default
1775184968,1_46505,1_102619,F Line,1_656237460,1_7976004,1775185980,1775185980,default
1775184968,1_57453,1_100060,168,1_664461060,1_7976089,1775187060,1775187207,default
1775184968,1_73366,1_102752,223,1_816297790,1_8024748,1775185065,1775185065,default
1775184968,1_11569,1_100002,10,1_675385140,1_7974876,1775185041,1775185041,default
1775184968,1_52306,1_102619,F Line,1_656237040,1_7975997,1775185500,1775185500,default
1775184968,1_8530,1_100039,14,1_562520480,1_7974989,1775185101,1775185101,default
1775184968,1_57804,1_100072,181,1_721481730,1_7976082,1775185519,1775185519,default
1775184968,1_59282,1_100072,181,1_770980530,1_7482,1775186100,1775184912,default
1775184968,1_620,40_100239,550,40_597761940,40_7976619,1775185320,1775185320,default
1775184968,1_10912,40_100511,542,40_569577080,40_7976685,1775185980,1775185980,default
1775184968,1_10912,1_100162,271,1_569495960,1_7976387,1775186520,1775186520,default
1775184968,1_71960,40_100511,542,40_721031050,40_7976608,1775186220,1775186220,default
1775184968,1_81982,1_102746,333,1_778705010,1_7233,1775185179,1775185179,default
1775184968,1_81982,1_102746,333,1_778705010,1_7975730,1775185179,1775185179,default
1775184968,1_10640,1_100252,62,1_800856460,1_8024960,1775185620,1775185620,default
1775184968,1_10640,1_100252,62,1_800856490,1_8025038,1775188320,1775188320,default
1775185268,1_52638,1_102719,161,1_800652310,1_8023904,1775185295,1775185295,default
1775185268,1_12770,1_100228,48,1_721360150,1_7974625,1775185347,1775185347,default
1775185268,1_575,1_100210,36,1_800583730,1_8023434,1775185320,1775185320,default
1775185268,1_575,1_102576,C Line,1_800868480,1_8024974,1775185320,1775185320,default
1775185268,1_2850,1_100089,2,1_788758300,1_7117,1775186340,1775184980,default
1775185268,1_46505,1_102619,F Line,1_656237460,1_7976004,1775185980,1775185980,default
1775185268,1_46505,1_102619,F Line,1_656237780,1_7976035,1775188680,1775188680,default
1775185268,1_27420,1_100249,60,1_801586160,1_8025824,1775185448,1775185448,default
1775185268,1_11590,1_100002,10,1_675385140,1_7974876,1775185376,1775185376,default
1775185268,1_57453,1_100060,168,1_664461060,1_7976089,1775187060,1775187309,default
1775185268,1_57453,1_100060,168,1_664468580,1_7976088,1775188860,1775188860,default
1775185268,1_56440,1_100005,106,1_727784720,1_7975004,1775185360,1775185360,default
1775185268,1_52306,1_102619,F Line,1_656237040,1_7975997,1775185500,1775185500,default
1775185268,1_72050,1_100136,245,1_761788200,1_7976372,1775185393,1775185393,default
1775185268,1_57804,1_100072,181,1_721481730,1_7976082,1775185519,1775185519,default
1775185268,1_59282,1_100072,181,1_770980530,1_7482,1775186100,1775184912,default
1775185268,1_620,40_100236,545,40_560092050,40_7976571,1775185560,1775185541,default
1775185268,1_10912,1_100447,49,1_801199620,1_8023496,1775185290,1775185454,default
1775185268,1_10912,1_100224,44,1_664048720,1_7974923,1775185477,1775185477,default
1775185268,1_10912,40_100511,542,40_569577080,40_7976685,1775185980,1775185980,default
1775185268,1_10912,1_100162,271,1_569495960,1_7976387,1775186520,1775186520,default
1775185268,1_71960,40_100511,542,40_721031050,40_7976608,1775186220,1775186220,default
1775185268,1_49810,1_100031,132,1_800857610,1_8024991,1775185441,1775185441,default
1775185268,1_10640,1_100252,62,1_800856460,1_8024960,1775185620,1775185620,default
1775185268,1_10640,1_100252,62,1_800856470,1_8024958,1775186520,1775186520,default
1775185268,1_10640,1_100252,62,1_800856490,1_8025038,1775188320,1775188320,default
1775185568,1_2850,1_100089,2,1_788758300,1_7117,1775186340,1775184980,default
1775185568,1_8080,1_100263,7,1_800588340,1_8023429,1775185614,1775185614,default
1775185568,1_46505,1_102619,F Line,1_656237460,1_7976004,1775185980,1775185980,default
1775185568,1_46505,1_102619,F Line,1_656237780,1_7976035,1775188680,1775188680,default
1775185568,1_57453,1_102720,160,1_721492280,1_7976103,1775185620,1775185620,default
1775185568,1_57453,1_100060,168,1_664461060,1_7976089,1775187060,1775187246,default
1775185568,1_57453,1_100060,168,1_664468580,1_7976088,1775188860,1775188860,default
1775185568,1_68130,1_102548,B Line,1_721019330,1_6042,1775185641,1775185641,default
1775185568,1_73366,1_102548,B Line,1_721019210,1_7976629,1775185680,1775185680,default
1775185568,1_52306,1_102619,F Line,1_656237540,1_7976016,1775186400,1775186400,default
1775185568,1_80121,1_102719,161,1_800652310,1_8023904,1775185786,1775185786,default
1775185568,1_40030,1_102574,40,1_811901670,1_8295,1775185460,1775185714,default
1775185568,1_65092,1_100162,271,1_585519420,1_7976349,1775185680,1775185680,default
1775185568,1_41940,1_100249,60,1_801586160,1_8025824,1775185717,1775185717,default
1775185568,1_59282,1_100072,181,1_770980530,1_7482,1775186100,1775184912,default
1775185568,1_59282,1_102717,165,1_800649910,1_7164,1775186280,1775185253,default
1775185568,1_620,40_100240,554,40_774873460,40_7976694,1775186040,1775186040,default
1775185568,1_10912,1_100447,49,1_801199620,1_8023496,1775185290,1775185754,default
1775185568,1_10912,1_100264,70,1_801592710,1_8025881,1775185786,1775185786,default
1775185568,1_10912,40_100511,542,40_569577080,40_7976685,1775185980,1775185980,default
1775185568,1_10912,1_100162,271,1_569495960,1_7976387,1775186520,1775186520,default
1775185568,1_71960,40_100511,542,40_721031050,40_7976608,1775186220,1775186220,default
1775185568,1_10640,1_100252,62,1_800856470,1_8024958,1775186520,1775186520,default
1775185568,1_10640,1_100252,62,1_800856490,1_8025038,1775188320,1775188320,default
1775185868,1_51551,1_102736,H Line,1_694055980,1_7974893,1775185887,1775185887,default
1775185868,1_2850,1_100089,2,1_788758300,1_7117,1775186340,1775184980,default
1775185868,1_2850,1_100089,2,1_788757950,1_7115,1775187420,1775185742,default
1775185868,1_46505,1_102619,F Line,1_656237460,1_7976004,1775185980,1775185980,default
1775185868,1_46505,1_102619,F Line,1_656236460,1_7976083,1775186880,1775186880,default
1775185868,1_46505,1_102619,F Line,1_656237780,1_7976035,1775188680,1775188680,default
1775185868,1_57453,1_100060,168,1_664461060,1_7976089,1775187060,1775187178,default
1775185868,1_57453,1_100060,168,1_664468580,1_7976088,1775188860,1775188860,default
1775185868,1_52306,1_102619,F Line,1_656237540,1_7976016,1775186400,1775186400,default
1775185868,1_70665,1_100136,245,1_761788200,1_7976372,1775185981,1775185981,default
1775185868,1_65092,1_100162,271,1_720966510,1_7976349,1775186820,1775186820,default
1775185868,1_59282,1_100072,181,1_770980530,1_7482,1775186100,1775184912,default
1775185868,1_59282,1_102717,165,1_800649910,1_7164,1775186280,1775185253,default
1775185868,1_70330,1_102705,230,1_664298940,1_7976384,1775186013,1775186013,default
1775185868,1_10210,1_100264,70,1_801593060,1_8026408,1775186039,1775186039,default
1775185868,1_57791,1_102718,184,1_635442930,1_7975994,1775186063,1775186063,default
1775185868,1_620,40_100240,554,40_774873460,40_7976694,1775186040,1775186040,default
1775185868,1_10912,1_100264,70,1_801592710,1_8025881,1775185786,1775186033,default
1775185868,1_10912,1_100162,271,1_569495960,1_7976387,1775186520,1775186520,default
1775185868,1_71960,40_100511,542,40_721031050,40_7976608,1775186220,1775186220,default
1775185868,1_71960,40_100511,542,40_721031200,40_7976604,1775187840,1775187840,default
1775185868,1_10640,1_100252,62,1_800856470,1_8024958,1775186520,1775186520,default
1775185868,1_10640,1_100252,62,1_800856490,1_8025038,1775188320,1775188320,default
1775185868,1_8403,1_100039,14,1_562520840,1_7974993,1775186040,1775186040,default
1775185868,1_58144,1_100048,153,1_833412490,1_3711,1775186050,1775186050,default
1775186168,1_12770,1_100228,48,1_721360520,1_7974618,1775186247,1775186247,default
1775186168,1_30510,1_100006,107,1_635438100,1_7976061,1775186199,1775186199,default
1775186168,1_68784,1_102548,B Line,1_721019330,1_7976636,1775186219,1775186219,default
1775186168,1_575,1_102576,C Line,1_800867610,1_8024967,1775186220,1775186220,default
1775186168,1_2850,1_100089,2,1_788758300,1_7117,1775186340,1775184980,default
1775186168,1_2850,1_100089,2,1_788757950,1_7115,1775187420,1775185742,default
1775186168,1_77910,1_102746,333,1_778704320,1_7975729,1775186221,1775186221,default
1775186168,1_46505,1_102619,F Line,1_656236460,1_7976083,1775186880,1775186880,default
1775186168,1_46505,1_102619,F Line,1_656237780,1_7976035,1775188680,1775188680,default
1775186168,1_29423,1_102732,79,1_816446520,1_8022070,1775187300,1775187300,default
1775186168,1_280,40_100240,554,40_560098880,40_9673,1775186125,1775186217,default
1775186168,1_57453,1_100060,168,1_664461060,1_7976089,1775187060,1775187236,default
1775186168,1_57453,1_100060,168,1_664468580,1_7976088,1775188860,1775188860,default
1775186168,1_52306,1_102619,F Line,1_656237540,1_7976016,1775186400,1775186400,default
1775186168,1_65092,1_100162,271,1_720966510,1_7375,1775186820,1775185969,default
1775186168,1_65092,1_100162,271,1_720966510,1_7976349,1775186820,1775186820,default
1775186168,1_60710,1_100512,A Line,1_800643780,1_6011,1775186326,1775186326,default
1775186168,1_60710,1_100512,A Line,1_800643780,1_8023742,1775186326,1775186326,default
1775186168,1_16990,1_100202,345,1_692495220,1_7975637,1775186337,1775186337,default
1775186168,1_10912,1_100162,271,1_569495960,1_7976387,1775186520,1775186520,default
1775186168,1_10912,1_100162,271,1_569496340,1_7976351,1775188320,1775188320,default
1775186168,1_71960,40_100511,542,40_721031200,40_7976604,1775187840,1775187840,default
1775186168,1_10640,1_100252,62,1_800856470,1_8042,1775186520,1775186039,default
1775186168,1_10640,1_100252,62,1_800856470,1_8024958,1775186520,1775186520,default
1775186168,1_10640,1_100252,62,1_800856480,1_8025072,1775187420,1775187420,default
1775186168,1_10640,1_100252,62,1_800856490,1_8025038,1775188320,1775188320,default
1775186168,1_8403,1_100039,14,1_562520840,1_7974993,1775186040,1775186040,default
1775186468,1_12170,1_100039,14,1_562520840,1_7974993,1775186559,1775186559,default
1775186468,1_26560,1_102574,40,1_811900730,1_8026393,1775186582,1775186582,default
1775186468,1_575,1_100028,13,1_788759110,1_7095,1775186340,1775186543,default
1775186468,1_2850,1_100089,2,1_788757950,1_7115,1775187420,1775185742,default
1775186468,1_46505,1_102619,F Line,1_656236460,1_7976083,1775186880,1775186880,default
1775186468,1_46505,1_102619,F Line,1_656237780,1_7976035,1775188680,1775188680,default
1775186468,1_29423,1_102732,79,1_816446520,1_8022070,1775187300,1775187300,default
1775186468,1_27420,1_100249,60,1_801586130,1_8025818,1775186648,1775186648,default
1775186468,1_57453,1_100060,168,1_664461060,1_7976089,1775187060,1775187147,default
1775186468,1_57453,1_100060,168,1_664468580,1_7976088,1775188860,1775188860,default
1775186468,1_68130,1_102548,B Line,1_721019420,1_6034,1775186541,1775186541,default
1775186468,1_52306,1_102619,F Line,1_656237280,1_7976229,1775187300,1775187300,default
1775186468,1_8530,1_100005,106,1_727784960,1_7975006,1775186597,1775186597,default
1775186468,1_57350,1_102720,160,1_664466960,1_7976096,1775186580,1775186580,default
1775186468,1_65092,1_100162,271,1_720966510,1_7375,1775186820,1775185969,default
1775186468,1_9030,1_100263,7,1_800587040,1_8023411,1775186582,1775186582,default
1775186468,1_25791,1_100214,372,1_694306080,1_6923,1775186318,1775186627,default
1775186468,1_620,40_100236,545,40_560092070,40_7976554,1775186760,1775186760,default
1775186468,1_620,40_100239,550,40_597762290,40_7976614,1775187240,1775187240,default
1775186468,1_10912,1_100447,49,1_801199610,1_4377,1775186490,1775186640,default
1775186468,1_10912,40_100511,542,40_569577110,40_7976686,1775187780,1775187780,default
1775186468,1_10912,1_100162,271,1_569496340,1_7976351,1775188320,1775188320,default
1775186468,1_71960,40_100511,542,40_721031200,40_7976604,1775187840,1775187840,default
1775186468,1_10640,1_100252,62,1_800856480,1_8025072,1775187420,1775187420,default
1775186468,1_10640,1_100252,62,1_800856490,1_8025038,1775188320,1775188320,default
1775186768,1_2850,1_100089,2,1_788757950,1_7115,1775187420,1775185742,default
1775186768,1_2850,1_100089,2,1_788758310,1_8023470,1775188740,1775188740,default
1775186768,1_46505,1_102619,F Line,1_656236460,1_7976083,1775186880,1775186880,default
1775186768,1_46505,1_102619,F Line,1_656237620,1_7975998,1775187780,1775187780,default
1775186768,1_46505,1_102619,F Line,1_656237780,1_7976035,1775188680,1775188680,default
1775186768,1_29423,1_102732,79,1_816446520,1_8022070,1775187300,1775187300,default
1775186768,1_27420,1_100161,27,1_759819820,1_7974705,1775186895,1775186895,default
1775186768,1_25140,1_100254,65,1_778693390,1_7975675,1775186822,1775186822,default
1775186768,1_57453,1_100060,168,1_664461060,1_7976089,1775187060,1775187228,default
1775186768,1_57453,1_100060,168,1_664468580,1_7976088,1775188860,1775188983,default
1775186768,1_52306,1_102619,F Line,1_656237280,1_7976229,1775187300,1775187300,default
1775186768,1_59282,1_100072,181,1_721481740,1_7354,1775187900,1775186734,default
1775186768,1_57420,1_102720,160,1_664466960,1_7976096,1775186920,1775186920,default
1775186768,1_620,40_100239,550,40_597762290,40_7976614,1775187240,1775187240,default
1775186768,1_10912,40_100511,542,40_569577110,40_7976686,1775187780,1775187780,default
1775186768,1_10912,1_100162,271,1_569496340,1_7976351,1775188320,1775188320,default
1775186768,1_71960,40_100511,542,40_721031200,40_7976604,1775187840,1775187840,default
1775186768,1_81982,1_102746,333,1_778705000,1_7975727,1775186979,1775186979,default
1775186768,1_10640,1_100252,62,1_800856480,1_8000,1775187420,1775186672,default
1775186768,1_10640,1_100252,62,1_800856480,1_8025072,1775187420,1775187420,default
1775186768,1_10640,1_100252,62,1_800856490,1_8025038,1775188320,1775188320,default
1775187068,1_28370,1_102574,40,1_811901800,1_8025887,1775187089,1775187089,default
1775187068,1_12770,1_100228,48,1_721360250,1_7974615,1775187147,1775187147,default
1775187068,1_575,1_102576,C Line,1_800868140,1_8024972,1775187120,1775187120,default
1775187068,1_2850,1_100089,2,1_788757950,1_7115,1775187420,1775185742,default
1775187068,1_2850,1_100089,2,1_788758310,1_8023470,1775188740,1775188740,default
1775187068,1_46505,1_102619,F Line,1_656237620,1_7975998,1775187780,1775187780,default
1775187068,1_46505,1_102619,F Line,1_656237780,1_7976035,1775188680,1775188680,default
1775187068,1_29423,1_102732,79,1_816446520,1_8022070,1775187300,1775187300,default
1775187068,1_11590,1_100002,10,1_675385500,1_7974874,1775187116,1775187116,default
1775187068,1_57453,1_100060,168,1_664461060,1_7976089,1775187060,1775187238,default
1775187068,1_57453,1_100060,168,1_664468580,1_7976088,1775188860,1775188889,default
1775187068,1_52306,1_102619,F Line,1_656237280,1_7976229,1775187300,1775187300,default
1775187068,1_72050,1_100136,245,1_761787890,1_7976346,1775187193,1775187193,default
1775187068,1_9605,1_100259,67,1_657908850,1_7975674,1775186940,1775187207,default
1775187068,1_59282,1_100072,181,1_721481740,1_7354,1775187900,1775186734,default
1775187068,1_59282,1_102717,165,1_800649920,1_8023717,1775188080,1775188080,default
1775187068,1_59872,1_102619,F Line,1_656237040,1_7975997,1775187265,1775187265,default
1775187068,1_620,40_100239,550,40_597762290,40_7976614,1775187240,1775187240,default
1775187068,1_10912,1_100214,372,1_694307150,1_7480,1775186661,1775187262,default
1775187068,1_10912,40_100511,542,40_569577110,40_7976686,1775187780,1775187780,default
1775187068,1_10912,1_100162,271,1_569496340,1_7976351,1775188320,1775188320,default
1775187068,1_71960,40_100511,542,40_721031200,40_7976604,1775187840,1775187840,default
1775187068,1_49810,1_100031,132,1_800856990,1_8024993,1775187241,1775187241,default
1775187068,1_10640,1_100252,62,1_800856480,1_8000,1775187420,1775186672,default
1775187068,1_10640,1_100252,62,1_800856490,1_8017,1775188320,1775187115,default
1775187068,1_10640,1_100252,62,1_800856490,1_8025038,1775188320,1775188320,default
1775187368,1_26560,1_102574,40,1_811901670,1_8026388,1775187482,1775187482,default
1775187368,1_2850,1_100089,2,1_788757950,1_7115,1775187420,1775185742,default
1775187368,1_2850,1_100089,2,1_788758310,1_8023470,1775188740,1775188740,default
1775187368,1_46505,1_102619,F Line,1_656237620,1_7975998,1775187780,1775187780,default
1775187368,1_46505,1_102619,F Line,1_656237780,1_7976035,1775188680,1775188680,default
1775187368,1_280,40_100240,554,40_560099060,40_7976694,1775187445,1775187445,default
1775187368,1_57453,1_100060,168,1_664468580,1_7976088,1775188860,1775188916,default
1775187368,1_57453,1_100060,168,1_664461080,1_7976218,1775190660,1775190660,default
1775187368,1_68130,1_102548,B Line,1_721018960,1_6020,1775187441,1775187441,default
1775187368,1_52306,1_102619,F Line,1_656237700,1_7976085,1775188200,1775188200,default
1775187368,1_80121,1_102719,161,1_800652320,1_8023905,1775187575,1775187575,default
1775187368,1_38220,1_100214,372,1_694307080,1_7976763,1775187484,1775187484,default
1775187368,1_2200,1_100275,8,1_800890660,1_8025047,1775187493,1775187493,default
1775187368,1_59282,1_100072,181,1_721481740,1_7354,1775187900,1775186734,default
1775187368,1_59282,1_102717,165,1_800649920,1_8023717,1775188080,1775188080,default
1775187368,1_71678,1_102552,226,1_816296210,1_8024714,1775187502,1775187502,default
1775187368,1_10912,40_100511,542,40_569577110,40_7976686,1775187780,1775187780,default
1775187368,1_10912,1_100162,271,1_569496340,1_7976351,1775188320,1775188320,default
1775187368,1_71960,40_100511,542,40_721031200,40_7976604,1775187840,1775187840,default
1775187368,1_10640,1_100252,62,1_800856490,1_8017,1775188320,1775187115,default
1775187669,1_60161,1_100042,148,1_762078240,1_7976072,1775189100,1775189100,default
1775187669,1_575,1_100089,2,1_788758300,1_8023474,1775187720,1775187720,default
1775187669,1_2850,1_100089,2,1_788758310,1_7157,1775188740,1775187438,default
1775187669,1_2850,1_100089,2,1_788758310,1_8023470,1775188740,1775188740,default
1775187669,1_2850,1_100089,2,1_788757960,1_8023446,1775189880,1775189880,default
1775187669,1_46505,1_102619,F Line,1_656237620,1_6275,1775187780,1775187653,default
1775187669,1_46505,1_102619,F Line,1_656237620,1_7975998,1775187780,1775187780,default
1775187669,1_46505,1_102619,F Line,1_656237780,1_7976035,1775188680,1775188680,default
1775187669,1_27420,1_100249,60,1_801586270,1_8025817,1775187848,1775187848,default
1775187669,1_57453,1_100060,168,1_664468580,1_7976088,1775188860,1775188984,default
1775187669,1_57453,1_100060,168,1_664461080,1_7976218,1775190660,1775190660,default
1775187669,1_79877,1_100162,271,1_569496760,1_7976668,1775187752,1775187752,default
1775187669,1_52306,1_102619,F Line,1_656237700,1_7976085,1775188200,1775188200,default
1775187669,1_10370,1_102732,79,1_816446520,1_7206,1775187606,1775187758,default
1775187669,1_70665,1_100136,245,1_761787890,1_7976346,1775187781,1775187781,default
1775187669,1_59282,1_100072,181,1_721481740,1_7354,1775187900,1775186734,default
1775187669,1_59282,1_102717,165,1_800649920,1_7135,1775188080,1775187482,default
1775187669,1_59282,1_100072,181,1_800642400,1_8023851,1775191140,1775191140,default
1775187669,1_23905,1_100214,372,1_694307080,1_7976763,1775187852,1775187852,default
1775187669,1_31970,1_100026,128,1_806634520,1_1023,1775187496,1775187810,default
1775187669,1_35440,1_100269,75,1_803352420,1_8022024,1775187673,1775187839,default
1775187669,1_57791,1_102718,184,1_664480860,1_7976216,1775187877,1775187877,default
1775187669,1_10912,1_100447,49,1_801199720,1_4318,1775187690,1775187861,default
1775187669,1_10912,1_100162,271,1_569496340,1_7976351,1775188320,1775188320,default
1775187669,1_71960,40_100511,542,40_721031200,40_7976604,1775187840,1775187840,default
1775187669,1_71960,40_100511,542,40_721031370,40_7976685,1775189640,1775189640,default
1775187669,1_10640,1_100252,62,1_800856490,1_8017,1775188320,1775187115,default
1775187669,1_8403,1_100039,14,1_562520460,1_7974987,1775187660,1775187660,default
1775187969,1_28370,1_102574,40,1_811899210,1_8026406,1775187989,1775187989,default
1775187969,1_6650,1_102747,61,1_803357280,1_8022152,1775187645,1775187974,default
1775187969,1_22196,1_102736,H Line,1_694056300,1_7974892,1775187999,1775187999,default
1775187969,1_60161,1_100042,148,1_762078240,1_7976072,1775189100,1775189100,default
1775187969,1_575,1_102576,C Line,1_800869230,1_8024977,1775188020,1775188020,default
1775187969,1_2850,1_100089,2,1_788758310,1_7157,1775188740,1775187438,default
1775187969,1_2850,1_100089,2,1_788757960,1_8023446,1775189880,1775189880,default
1775187969,1_77910,1_102746,333,1_778704330,1_7975728,1775188021,1775188021,default
1775187969,1_46505,1_102619,F Line,1_656237780,1_7976035,1775188680,1775188680,default
1775187969,1_47660,1_102736,H Line,1_694056600,1_7974900,1775188023,1775188023,default
1775187969,1_57453,1_100060,168,1_664468580,1_7976088,1775188860,1775189010,default
1775187969,1_57453,1_100060,168,1_664461080,1_7976218,1775190660,1775190660,default
1775187969,1_84810,1_102752,223,1_833610960,1_8024748,1775188109,1775188109,default
1775187969,1_52306,1_102619,F Line,1_656237700,1_7976085,1775188200,1775188200,default
1775187969,1_52306,1_102619,F Line,1_656236320,1_7975999,1775189100,1775189100,default
1775187969,1_41940,1_100249,60,1_801586270,1_8025817,1775188098,1775188098,default
1775187969,1_59282,1_100072,181,1_800642400,1_8023851,1775191140,1775191140,default
1775187969,1_59872,1_102619,F Line,1_656237540,1_7976016,1775188165,1775188165,default
1775187969,1_16990,1_100202,345,1_686352330,1_7975636,1775188137,1775188137,default
1775187969,1_10912,1_100264,70,1_816207490,1_8026416,1775188066,1775188139,default
1775187969,1_10912,1_100264,70,1_816207490,1_8238,1775188066,1775188186,default
1775187969,1_10912,1_100162,271,1_569496340,1_7976351,1775188320,1775188320,default
1775187969,1_10912,40_100511,542,40_569578010,40_7976608,1775189700,1775189700,default
1775187969,1_10912,1_100162,271,1_569497030,1_7976352,1775190120,1775190120,default
1775187969,1_71960,40_100511,542,40_721031370,40_7976685,1775189640,1775189640,default
1775187969,1_10640,1_100252,62,1_800856490,1_8017,1775188320,1775187115,default
1775188269,1_26560,1_102574,40,1_811901310,1_8026390,1775188382,1775188382,default
1775188269,1_60161,1_100042,148,1_762078240,1_3733,1775189100,1775187952,default
1775188269,1_8541,1_100263,7,1_800586970,1_4562,1775188140,1775188297,default
1775188269,1_320,40_100239,550,40_597762520,40_9686,1775188200,1775188345,default
1775188269,1_2850,1_100089,2,1_788758310,1_7157,1775188740,1775187438,default
1775188269,1_2850,1_100089,2,1_788757960,1_8023446,1775189880,1775188090,default
1775188269,1_2850,1_100089,2,1_788757960,1_7139,1775189880,1775188090,default
1775188269,1_46505,1_102619,F Line,1_656237780,1_7976035,1775188680,1775188680,default
1775188269,1_3470,1_100249,60,1_801586250,1_8025816,1775188320,1775188320,default
1775188269,1_57453,1_100060,168,1_664468580,1_7976088,1775188860,1775188947,default
1775188269,1_57453,1_100060,168,1_664461080,1_7976218,1775190660,1775190660,default
1775188269,1_74442,1_100146,255,1_635876830,1_7976713,1775188351,1775188351,default
1775188269,1_52306,1_102619,F Line,1_656236320,1_7975999,1775189100,1775189100,default
1775188269,1_9030,1_100263,7,1_800589210,1_8023410,1775188382,1775188382,default
1775188269,1_59282,1_100072,181,1_800642400,1_8023851,1775191140,1775191140,default
1775188269,1_60710,1_100512,A Line,1_800643800,1_8023719,1775188415,1775188415,default
1775188269,1_620,40_100239,550,40_597762280,40_7976643,1775189040,1775189040,default
1775188269,1_10912,40_100511,542,40_569578010,40_7976608,1775189700,1775189700,default
1775188269,1_10912,1_100162,271,1_569497030,1_7976352,1775190120,1775190120,default
1775188269,1_71960,40_100511,542,40_721031370,40_7976685,1775189640,1775189640,default
1775188269,1_8403,1_100039,14,1_562520880,1_7974993,1775188440,1775188440,default
1775188569,1_60161,1_100042,148,1_762078240,1_3733,1775189100,1775187952,default
1775188569,1_2850,1_100089,2,1_788758310,1_7157,1775188740,1775187438,default
1775188569,1_2850,1_100089,2,1_788757960,1_7139,1775189880,1775188090,default
1775188569,1_46505,1_102619,F Line,1_656237780,1_7976035,1775188680,1775188680,default
1775188569,1_46505,1_102619,F Line,1_656237050,1_7975997,1775189580,1775189580,default
1775188569,1_40060,1_102574,40,1_811901800,1_8025887,1775188628,1775188628,default
1775188569,1_57453,1_100060,168,1_664468580,1_7976088,1775188860,1775188882,default
1775188569,1_57453,1_100060,168,1_664461080,1_7976218,1775190660,1775190705,default
1775188569,1_52306,1_102619,F Line,1_656236320,1_7975999,1775189100,1775189100,default
1775188569,1_40065,1_102574,40,1_811901800,1_8025887,1775188721,1775188721,default
1775188569,1_59282,1_100072,181,1_800642400,1_8023851,1775191140,1775191140,default
1775188569,1_620,40_100239,550,40_597762280,40_7976643,1775189040,1775189040,default
1775188569,1_10912,1_100264,70,1_801593880,1_8026411,1775188786,1775188786,default
1775188569,1_10912,40_100511,542,40_569578010,40_7976608,1775189700,1775189700,default
1775188569,1_10912,1_100162,271,1_569497030,1_7976352,1775190120,1775190120,default
1775188569,1_71960,40_100511,542,40_721031370,40_7976685,1775189640,1775189640,default
1775188569,1_10640,1_100252,62,1_800856500,1_8025003,1775190120,1775190120,default
1775188869,1_28370,1_102574,40,1_811901550,1_8026435,1775188889,1775188889,default
1775188869,1_481,1_102736,H Line,1_694055660,1_6077,1775188500,1775188899,default
1775188869,1_22196,1_102736,H Line,1_694056040,1_7974893,1775188899,1775188899,default
1775188869,1_60161,1_100042,148,1_762078240,1_3733,1775189100,1775187952,default
1775188869,1_24430,1_100132,24,1_800864270,1_8024950,1775188821,1775188884,default
1775188869,1_2850,1_100089,2,1_788757960,1_7139,1775189880,1775188090,default
1775188869,1_2850,1_100089,2,1_788758320,1_8023471,1775191140,1775191140,default
1775188869,1_46505,1_102619,F Line,1_656237050,1_7975997,1775189580,1775189580,default
1775188869,1_27420,1_100249,60,1_801586250,1_8025816,1775188956,1775188956,default
1775188869,1_11590,1_100002,10,1_675385540,1_7974876,1775188916,1775188916,default
1775188869,1_57453,1_100060,168,1_664461080,1_7976218,1775190660,1775190755,default
1775188869,1_52306,1_102619,F Line,1_656236320,1_7975999,1775189100,1775189100,default
1775188869,1_52306,1_102619,F Line,1_656237470,1_7976004,1775190000,1775190000,default
1775188869,1_8530,1_100263,7,1_800588770,1_8023430,1775188993,1775188993,default
1775188869,1_59282,1_100072,181,1_800642400,1_8023851,1775191140,1775191140,default
1775188869,1_59872,1_102619,F Line,1_656237280,1_7976229,1775189065,1775189065,default
1775188869,1_620,40_100239,550,40_597762280,40_7976643,1775189040,1775189040,default
1775188869,1_10912,1_100447,49,1_801199500,1_4354,1775188890,1775189036,default
1775188869,1_10912,40_100511,542,40_569578010,40_7976608,1775189700,1775189700,default
1775188869,1_10912,1_100162,271,1_569497030,1_7976352,1775190120,1775190120,default
1775188869,1_71960,40_100511,542,40_721031370,40_7976685,1775189640,1775189640,default
1775188869,1_10640,1_100252,62,1_800856500,1_8025003,1775190120,1775190120,default
1775189169,1_26560,1_102574,40,1_811899220,1_8026405,1775189222,1775189222,default
1775189169,1_75890,1_102615,E Line,1_813082040,1_8022120,1775189207,1775189207,default
1775189169,1_2850,1_100089,2,1_788757960,1_7139,1775189880,1775188090,default
1775189169,1_2850,1_100089,2,1_788758320,1_8023471,1775191140,1775191140,default
1775189169,1_46505,1_102619,F Line,1_656237050,1_7975997,1775189580,1775189580,default
1775189169,1_57453,1_100060,168,1_664461080,1_7976218,1775190660,1775190735,default
1775189169,1_73366,1_102548,B Line,1_721019500,1_7976627,1775189280,1775189280,default
1775189169,1_52306,1_102619,F Line,1_656237470,1_7976004,1775190000,1775190000,default
1775189169,1_80121,1_102719,161,1_800652330,1_8023781,1775189255,1775189255,default
1775189169,1_58112,1_102619,F Line,1_656237620,1_7975998,1775189361,1775189361,default
1775189169,1_76312,1_102705,230,1_664298980,1_7976384,1775189357,1775189357,default
1775189169,1_59282,1_100072,181,1_800642400,1_8023851,1775191140,1775191140,default
1775189169,1_10912,40_100511,542,40_569578010,40_7976608,1775189700,1775189700,default
1775189169,1_10912,1_100162,271,1_569497030,1_7976352,1775190120,1775190120,default
1775189169,1_71960,40_100511,542,40_721031370,40_7976685,1775189640,1775189640,default
1775189169,1_10640,1_100252,62,1_800856500,1_8021,1775190120,1775189117,default
1775189169,1_10640,1_100252,62,1_800856500,1_8025003,1775190120,1775190120,default
1775189469,1_6650,1_102747,61,1_803357300,1_8022039,1775189445,1775189475,default
1775189469,1_51551,1_102736,H Line,1_694055740,1_7974901,1775189497,1775189497,default
1775189469,1_2850,1_100089,2,1_788757960,1_7139,1775189880,1775188090,default
1775189469,1_2850,1_100089,2,1_788758320,1_7153,1775191140,1775189450,default
1775189469,1_2850,1_100089,2,1_788758320,1_8023471,1775191140,1775191140,default
1775189469,1_46505,1_102619,F Line,1_656237050,1_7975997,1775189580,1775189580,default
1775189469,1_46505,1_102619,F Line,1_656237550,1_7976016,1775190540,1775190540,default
1775189469,1_29423,1_102732,79,1_816446500,1_8022069,1775190900,1775190900,default
1775189469,1_40060,1_102574,40,1_811899210,1_8026406,1775189528,1775189528,default
1775189469,1_57453,1_100060,168,1_664461080,1_7976218,1775190660,1775190773,default
1775189469,1_52306,1_102619,F Line,1_656237470,1_7976004,1775190000,1775190000,default
1775189469,1_99254,1_100003,101,1_800671090,1_8023832,1775189602,1775189602,default
1775189469,1_65092,1_100162,271,1_720966680,1_6882,1775190480,1775189207,default
1775189469,1_40065,1_102574,40,1_811899210,1_8026406,1775189621,1775189621,default
1775189469,1_59282,1_100072,181,1_800642400,1_8023851,1775191140,1775191140,default
1775189469,1_70330,1_102705,230,1_664298990,1_7976336,1775189613,1775189613,default
1775189469,1_59936,1_102720,160,1_762081590,1_7063,1775189529,1775189629,default
1775189469,1_620,40_100240,554,40_774873870,40_7976689,1775189880,1775189880,default
1775189469,1_10912,1_100264,70,1_801592690,1_8026414,1775189686,1775189686,default
1775189469,1_10912,40_100511,542,40_569578010,40_7976608,1775189700,1775189700,default
1775189469,1_10912,1_100162,271,1_569497030,1_7976352,1775190120,1775190120,default
1775189469,1_10912,40_100511,542,40_569577980,40_7976604,1775191500,1775191500,default
1775189469,1_71960,40_100511,542,40_721031370,40_9690,1775189640,1775189518,default
1775189469,1_71960,40_100511,542,40_721031370,40_7976685,1775189640,1775189640,default
1775189469,1_10640,1_100252,62,1_800856500,1_8021,1775190120,1775189117,default
1775189469,1_8403,1_100039,14,1_562520530,1_7974988,1775189460,1775189460,default
1775189769,1_22196,1_102736,H Line,1_694055940,1_7974896,1775189799,1775189799,default
1775189769,1_575,1_100263,7,1_800588770,1_8023430,1775189820,1775189820,default
1775189769,1_575,1_102576,C Line,1_800867580,1_8025005,1775189760,1775189830,default
1775189769,1_2850,1_100089,2,1_788757960,1_7139,1775189880,1775188090,default
1775189769,1_2850,1_100089,2,1_788758320,1_7153,1775191140,1775189450,default
1775189769,1_77910,1_102746,333,1_778704340,1_7975730,1775189821,1775189821,default
1775189769,1_46505,1_102619,F Line,1_656237550,1_6286,1775190540,1775189696,default
1775189769,1_46505,1_102619,F Line,1_656237550,1_7976016,1775190540,1775190540,default
1775189769,1_29423,1_102732,79,1_816446500,1_8022069,1775190900,1775190900,default
1775189769,1_57453,1_100060,168,1_664461080,1_7976218,1775190660,1775190772,default
1775189769,1_74152,1_102753,222,1_774818000,1_7976419,1775189829,1775189829,default
1775189769,1_52306,1_102619,F Line,1_656237470,1_7976004,1775190000,1775190000,default
1775189769,1_52306,1_102619,F Line,1_656236470,1_7976083,1775190900,1775190900,default
1775189769,1_45670,1_100210,36,1_800583820,1_8023415,1775189812,1775189887,default
1775189769,1_65092,1_100162,271,1_720966680,1_6882,1775190480,1775189207,default
1775189769,1_59282,1_100072,181,1_800642400,1_8023851,1775191140,1775191140,default
1775189769,1_59872,1_102619,F Line,1_656237700,1_7976085,1775189965,1775189965,default
1775189769,1_620,1_100003,101,1_800671090,1_8023832,1775189940,1775189940,default
1775189769,1_10912,1_100162,271,1_569497030,1_7976352,1775190120,1775190120,default
1775189769,1_10912,40_100511,542,40_569577980,40_7976604,1775191500,1775191500,default
1775189769,1_10912,1_100162,271,1_569495700,1_7976354,1775191920,1775191920,default
1775189769,1_10640,1_100252,62,1_800856500,1_8021,1775190120,1775189117,default
1775190069,1_320,40_100239,550,40_597762900,40_9650,1775189940,1775190148,default
1775190069,1_2850,1_100089,2,1_788758320,1_7153,1775191140,1775189450,default
1775190069,1_2850,1_100089,2,1_788757970,1_8023447,1775192280,1775192280,default
1775190069,1_46505,1_102619,F Line,1_656237550,1_6286,1775190540,1775189696,default
1775190069,1_29423,1_102732,79,1_816446500,1_8022069,1775190900,1775190900,default
1775190069,1_57453,1_100060,168,1_664461080,1_7976218,1775190660,1775190743,default
1775190069,1_52306,1_102619,F Line,1_656236470,1_7976083,1775190900,1775190978,default
1775190069,1_58112,1_102619,F Line,1_656237780,1_7976035,1775190261,1775190261,default
1775190069,1_65092,1_100162,271,1_720966680,1_6882,1775190480,1775189207,default
1775190069,1_36510,1_100024,125,1_770790640,1_7974704,1775190183,1775190183,default
1775190069,1_9030,1_100263,7,1_800586970,1_8023477,1775190182,1775190182,default
1775190069,1_59282,1_100072,181,1_800642400,1_8023851,1775191140,1775191140,default
1775190069,1_620,40_100239,550,40_597762550,40_7976613,1775190840,1775190840,default
1775190069,1_10912,40_100511,542,40_569577980,40_7976604,1775191500,1775191500,default
1775190069,1_10912,1_100162,271,1_569495700,1_7976354,1775191920,1775191920,default
1775191063,1_51651,1_102736,H Line,1_694056110,1_7974895,1775191128,1775191128,default
1775191063,1_2850,1_100089,2,1_788758320,1_7153,1775191140,1775189450,default
1775191063,1_2850,1_100089,2,1_788757970,1_7097,1775192280,1775190052,default
1775191063,1_2850,1_100089,2,1_788758330,1_7099,1775193540,1775190884,default
1775191063,1_46505,1_102619,F Line,1_656237290,1_7976229,1775191440,1775191440,default
1775191063,1_46505,1_102619,F Line,1_656237710,1_7976085,1775192340,1775192340,default
1775191063,1_74743,1_102702,239,1_736529380,1_7976432,1775191137,1775191137,default
1775191063,1_52306,1_102619,F Line,1_656237630,1_7975998,1775191800,1775191800,default
1775191063,1_31990,1_100026,128,1_806634790,1_1039,1775191164,1775191164,default
1775191063,1_45670,1_100210,36,1_800583810,1_4301,1775190712,1775191163,default
1775191063,1_70665,1_100136,245,1_761786970,1_7976371,1775191201,1775191201,default
1775191063,1_59282,1_102717,165,1_800649930,1_8023768,1775191680,1775191680,default
1775191063,1_23905,1_100214,372,1_694306390,1_7976753,1775191259,1775191259,default
1775191063,1_55831,1_100005,106,1_727784700,1_7975005,1775191226,1775191226,default
1775191063,1_75850,1_102615,E Line,1_813082130,1_8026431,1775191225,1775191225,default
1775191063,1_10912,40_100511,542,40_569577980,40_7976604,1775191500,1775191500,default
1775191063,1_10912,1_100162,271,1_569495700,1_7976354,1775191920,1775191920,default
1775191063,1_10640,1_100252,62,1_800856510,1_8025001,1775191920,1775191920,default
1775191063,1_8403,1_100039,14,1_562520520,1_7974989,1775191200,1775191200,default
1775191242,1_481,1_102736,H Line,1_694056270,1_6111,1775191200,1775191255,default
1775191242,1_6650,1_102747,61,1_803357320,1_8022041,1775191245,1775191267,default
1775191242,1_5830,1_100229,5,1_809328880,1_8025799,1775191249,1775191263,default
1775191242,1_51551,1_102736,H Line,1_694056530,1_7974891,1775191297,1775191297,default
1775191242,1_60161,1_100042,148,1_762078070,1_7976054,1775192880,1775192880,default
1775191242,1_7790,1_102615,E Line,1_813078310,1_8025856,1775191283,1775191283,default
1775191242,1_2850,1_100089,2,1_788757970,1_7097,1775192280,1775190052,default
1775191242,1_2850,1_100089,2,1_788758330,1_7099,1775193540,1775190884,default
1775191242,1_46505,1_102619,F Line,1_656237290,1_7976229,1775191440,1775191440,default
1775191242,1_46505,1_102619,F Line,1_656237710,1_7976085,1775192340,1775192340,default
1775191242,1_280,40_100240,554,40_560096170,40_7976689,1775191225,1775191310,default
1775191242,1_27420,1_100249,60,1_801586220,1_8025815,1775191296,1775191296,default
1775191242,1_77460,1_100205,348,1_771627450,1_7975645,1775191305,1775191305,default
1775191242,1_52306,1_102619,F Line,1_656237630,1_7975998,1775191800,1775191800,default
1775191242,1_59282,1_102717,165,1_800649930,1_8023768,1775191680,1775191680,default
1775191242,1_59282,1_100072,181,1_800642860,1_8023856,1775194800,1775194800,default
1775191242,1_10912,1_100264,70,1_801593040,1_8026408,1775191465,1775191465,default
1775191242,1_10912,40_100511,542,40_569577980,40_7976604,1775191500,1775191500,default
1775191242,1_10912,1_100162,271,1_569495700,1_7976354,1775191920,1775191920,default
1775191242,1_10912,40_100511,542,40_569578000,40_7976685,1775193300,1775193300,default
1775191242,1_71960,40_100511,542,40_721031100,40_7976608,1775192340,1775192340,default
1775191242,1_10640,1_100252,62,1_800856510,1_8025001,1775191920,1775191920,default
1775191242,1_8403,1_100039,14,1_562520520,1_7974989,1775191200,1775191200,default
1775191542,1_12170,1_100039,14,1_562520520,1_7974989,1775191695,1775191695,default
1775191542,1_8310,1_100263,7,1_800589310,1_8023410,1775191561,1775191561,default
1775191542,1_60161,1_100042,148,1_762078070,1_7976054,1775192880,1775192880,default
1775191542,1_2850,1_100089,2,1_788757970,1_7097,1775192280,1775190052,default
1775191542,1_2850,1_100089,2,1_788758330,1_7099,1775193540,1775190884,default
1775191542,1_46505,1_102619,F Line,1_656237710,1_7976085,1775192340,1775192340,default
1775191542,1_280,40_100240,554,40_560096170,40_9687,1775191225,1775191598,default
1775191542,1_5489,1_102746,333,1_778704740,1_7975728,1775191617,1775191617,default
1775191542,1_52306,1_102619,F Line,1_656237630,1_7975998,1775191800,1775191800,default
1775191542,1_52306,1_102619,F Line,1_656236490,1_7976035,1775192700,1775192700,default
1775191542,1_8530,1_100263,7,1_800587850,1_8023403,1775191637,1775191637,default
1775191542,1_45670,1_100210,36,1_800582870,1_4342,1775191612,1775191653,default
1775191542,1_59282,1_102717,165,1_800649930,1_7451,1775191680,1775191504,default
1775191542,1_59282,1_102717,165,1_800649930,1_8023768,1775191680,1775191680,default
1775191542,1_59282,1_100072,181,1_800642860,1_8023856,1775194800,1775194800,default
1775191542,1_10912,1_100162,271,1_569495700,1_7976354,1775191920,1775191920,default
1775191542,1_10912,40_100511,542,40_569578000,40_7976685,1775193300,1775193300,default
1775191542,1_10912,1_100162,271,1_569496380,1_7976349,1775193720,1775193720,default
1775191542,1_71960,40_100511,542,40_721031100,40_7976608,1775192340,1775192340,default
1775191542,1_10640,1_100252,62,1_800856510,1_8014,1775191920,1775191524,default
1775191542,1_10640,1_100252,62,1_800856510,1_8025001,1775191920,1775191920,default
1775191842,1_60161,1_100042,148,1_762078070,1_7101,1775192880,1775191570,default
1775191842,1_60161,1_100042,148,1_762078070,1_7976054,1775192880,1775192880,default
1775191842,1_2850,1_100089,2,1_788757970,1_7097,1775192280,1775190052,default
1775191842,1_2850,1_100089,2,1_788758330,1_7099,1775193540,1775190884,default
1775191842,1_46505,1_102619,F Line,1_656237710,1_7976085,1775192340,1775192340,default
1775191842,1_46505,1_102619,F Line,1_656237480,1_7975999,1775194140,1775194140,default
1775191842,1_52306,1_102619,F Line,1_656236490,1_7976035,1775192700,1775192700,default
1775191842,1_8530,1_100005,106,1_727784700,1_7975005,1775191937,1775191937,default
1775191842,1_59282,1_100072,181,1_800642860,1_8023856,1775194800,1775194800,default
1775191842,1_15540,1_100230,50,1_635468040,1_7976174,1775191980,1775191980,default
1775191842,1_620,40_100239,550,40_597763070,40_7976619,1775192580,1775192580,default
1775191842,1_10912,40_100511,542,40_569578000,40_7976685,1775193300,1775193300,default
1775191842,1_10912,1_100162,271,1_569496380,1_7976349,1775193720,1775193720,default
1775191842,1_71960,40_100511,542,40_721031100,40_7976608,1775192340,1775192340,default
1775192142,1_76317,1_102702,239,1_736529380,1_7976432,1775192157,1775192157,default
1775192142,1_51551,1_102736,H Line,1_694056360,1_7974898,1775192197,1775192197,default
1775192142,1_60161,1_100042,148,1_762078070,1_7101,1775192880,1775191570,default
1775192142,1_7790,1_102615,E Line,1_813078790,1_8026444,1775192183,1775192183,default
1775192142,1_2850,1_100089,2,1_788757970,1_7097,1775192280,1775190052,default
1775192142,1_2850,1_100089,2,1_788758330,1_7099,1775193540,1775190884,default
1775192142,1_2850,1_100089,2,1_788758380,1_7095,1775194740,1775192022,default
1775192142,1_46505,1_102619,F Line,1_656237710,1_6280,1775192340,1775192042,default
1775192142,1_46505,1_102619,F Line,1_656237710,1_7976085,1775192340,1775192340,default
1775192142,1_46505,1_102619,F Line,1_656237480,1_7975999,1775194140,1775194140,default
1775192142,1_52306,1_102619,F Line,1_656236490,1_7976035,1775192700,1775192700,default
1775192142,1_59282,1_100072,181,1_800642860,1_8023856,1775194800,1775194800,default
1775192142,1_620,40_100236,545,40_560092310,40_7976564,1775192280,1775192320,default
1775192142,1_620,40_100236,545,40_560092310,40_6957,1775192280,1775192388,default
1775192142,1_620,40_100239,550,40_597763070,40_7976619,1775192580,1775192580,default
1775192142,1_10912,40_100511,542,40_569578000,40_7976685,1775193300,1775193300,default
1775192142,1_10912,1_100162,271,1_569496380,1_7976349,1775193720,1775193720,default
1775192142,1_71960,40_100511,542,40_721031100,40_7976608,1775192340,1775192340,default
1775192142,1_10640,1_100252,62,1_800856520,1_8024963,1775193780,1775193780,default
1775192442,1_22196,1_102736,H Line,1_694055790,1_7974901,1775192473,1775192473,default
1775192442,1_60161,1_100042,148,1_762078070,1_7101,1775192880,1775191570,default
1775192442,1_2850,1_100089,2,1_788758330,1_7099,1775193540,1775190884,default
1775192442,1_2850,1_100089,2,1_788758380,1_7095,1775194740,1775192022,default
1775192442,1_46505,1_102619,F Line,1_656237480,1_7975999,1775194140,1775194140,default
1775192442,1_82674,1_102705,230,1_664299000,1_7976336,1775192508,1775192508,default
1775192442,1_27420,1_100249,60,1_801586310,1_8025884,1775192496,1775192496,default
1775192442,1_11590,1_100002,10,1_675385530,1_7974876,1775192516,1775192516,default
1775192442,1_52306,1_102619,F Line,1_656236490,1_7976035,1775192700,1775192700,default
1775192442,1_8530,1_100263,7,1_800589310,1_8023410,1775192537,1775192537,default
1775192442,1_70665,1_102702,239,1_609009860,1_7976433,1775192600,1775192600,default
1775192442,1_9030,1_100263,7,1_800587670,1_8023413,1775191982,1775192599,default
1775192442,1_59282,1_100072,181,1_800642860,1_8023856,1775194800,1775194800,default
1775192442,1_10912,1_100447,49,1_801199570,1_8023493,1775191290,1775192613,default
1775192442,1_10912,1_100447,49,1_801199540,1_4321,1775192490,1775192625,default
1775192442,1_10912,40_100511,542,40_569578000,40_7976685,1775193300,1775193300,default
1775192442,1_10912,1_100162,271,1_569496380,1_7976349,1775193720,1775193720,default
1775192442,1_10640,1_100252,62,1_800856520,1_8024963,1775193780,1775193780,default
1775192742,1_60161,1_100042,148,1_762078070,1_7101,1775192880,1775191570,default
1775192742,1_2850,1_100089,2,1_788758330,1_7099,1775193540,1775190884,default
1775192742,1_2850,1_100089,2,1_788758380,1_7095,1775194740,1775192022,default
1775192742,1_46505,1_102619,F Line,1_656237480,1_7975999,1775194140,1775194140,default
1775192742,1_59282,1_100072,181,1_800642860,1_8023856,1775194800,1775194800,default
1775192742,1_25791,1_100214,372,1_694307050,1_6952,1775192596,1775192915,default
1775192742,1_10912,40_100511,542,40_569578000,40_7976685,1775193300,1775193300,default
1775192742,1_10912,1_100162,271,1_569496380,1_7976349,1775193720,1775193720,default
1775192742,1_10640,1_100252,62,1_800856520,1_7021,1775193780,1775192683,default
1775192742,1_10640,1_100252,62,1_800856520,1_8024963,1775193780,1775193780,default
1775193042,1_481,1_102736,H Line,1_694055990,1_6080,1775192100,1775193074,default
1775193042,1_51551,1_102736,H Line,1_694056270,1_7974892,1775193097,1775193097,default
1775193042,1_2850,1_100089,2,1_788758330,1_7099,1775193540,1775190884,default
1775193042,1_2850,1_100089,2,1_788758380,1_7095,1775194740,1775192022,default
1775193042,1_46505,1_102619,F Line,1_656237480,1_7975999,1775194140,1775194140,default
1775193042,1_77460,1_100205,348,1_771627130,1_7975649,1775193105,1775193105,default
1775193042,1_75770,1_102615,E Line,1_816542050,1_6200,1775193763,1775193049,default
1775193042,1_59282,1_100072,181,1_800642860,1_8023856,1775194800,1775194800,default
1775193042,1_59936,1_102720,160,1_770989200,1_7351,1775193189,1775193189,default
1775193042,1_10912,1_100264,70,1_816207600,1_8026407,1775193265,1775193265,default
1775193042,1_10912,40_100511,542,40_569578000,40_7976685,1775193300,1775193300,default
1775193042,1_10912,1_100162,271,1_569496380,1_7976349,1775193720,1775193720,default
1775193042,1_10640,1_100252,62,1_800856520,1_7021,1775193780,1775192683,default
1775193343,1_22196,1_102736,H Line,1_694055690,1_7974899,1775193373,1775193373,default
1775193343,1_2850,1_100089,2,1_788758330,1_7099,1775193540,1775190884,default
1775193343,1_2850,1_100089,2,1_788758380,1_7095,1775194740,1775192022,default
1775193343,1_77910,1_102746,333,1_778704360,1_7975729,1775193421,1775193421,default
1775193343,1_46505,1_102619,F Line,1_656237480,1_7975999,1775194140,1775194140,default
1775193343,1_23530,1_100259,67,1_724950600,1_7975674,1775193399,1775193399,default
1775193343,1_52306,1_102619,F Line,1_721497100,1_7976016,1775194500,1775194500,default
1775193343,1_8530,1_100263,7,1_800587180,1_8023404,1775193437,1775193437,default
1775193343,1_21680,1_100023,124,1_800864310,1_8024943,1775193454,1775193454,default
1775193343,1_45670,1_100210,36,1_800583290,1_8023386,1775193412,1775193479,default
1775193343,1_59282,1_100072,181,1_800642860,1_8023856,1775194800,1775194800,default
1775193343,1_19921,1_100101,21,1_809328460,1_8025804,1775193361,1775193493,default
1775193343,1_620,40_100240,554,40_774873970,40_7976694,1775193780,1775193780,default
1775193343,1_10912,1_100162,271,1_569496380,1_7976349,1775193720,1775193720,default
1775193343,1_10640,1_100252,62,1_800856520,1_7021,1775193780,1775192683,default
1775193643,1_575,1_100028,13,1_788759140,1_7097,1775193540,1775193691,default
1775193643,1_2850,1_100089,2,1_788758380,1_7095,1775194740,1775192022,default
1775193643,1_2850,1_100089,2,1_788758340,1_8023474,1775195940,1775195940,default
1775193643,1_46505,1_102619,F Line,1_656237480,1_7975999,1775194140,1775194140,default
1775193643,1_27420,1_100249,60,1_801586170,1_8025826,1775193696,1775193696,default
1775193643,1_52306,1_102619,F Line,1_721497100,1_7976016,1775194500,1775194500,default
1775193643,1_59282,1_100072,181,1_800642860,1_8023856,1775194800,1775194800,default
1775193643,1_15540,1_100230,50,1_664486030,1_7976178,1775193780,1775193780,default
1775193643,1_10912,1_100447,49,1_801199470,1_8023489,1775193690,1775193802,default
1775193643,1_10912,1_100224,44,1_664046600,1_7974931,1775193817,1775193817,default
1775193643,1_10912,1_100447,49,1_801199470,1_4377,1775193690,1775193819,default
1775193943,1_2850,1_100089,2,1_788758380,1_7095,1775194740,1775192022,default
1775193943,1_2850,1_100089,2,1_788758340,1_8023474,1775195940,1775195940,default
1775193943,1_46505,1_102619,F Line,1_656237480,1_7975999,1775194140,1775194140,default
1775193943,1_40012,1_100026,128,1_806635020,1_8023660,1775194016,1775194016,default
1775193943,1_52306,1_102619,F Line,1_721497100,1_7976016,1775194500,1775194500,default
1775193943,1_82187,1_100259,67,1_724950600,1_7975674,1775194056,1775194056,default
1775193943,1_2200,1_100275,8,1_800890400,1_8033,1775194093,1775194093,default
1775193943,1_59282,1_100072,181,1_800642860,1_7482,1775194800,1775193845,default
1775193943,1_59282,1_100072,181,1_800642860,1_8023856,1775194800,1775194800,default
1775193943,1_620,40_100239,550,40_597762930,40_7976614,1775194440,1775194440,default
1775193943,1_10912,1_100264,70,1_801594130,1_8026417,1775194105,1775194105,default
1775193943,1_10912,40_100511,542,40_569578630,40_7976608,1775195100,1775195100,default
1775193943,1_10640,1_100252,62,1_800856530,1_8024960,1775195580,1775195580,default
1775193943,1_10640,1_100252,62,1_800856540,1_8025072,1775197380,1775197380,default
1775194243,1_2850,1_100089,2,1_788758380,1_7095,1775194740,1775192022,default
1775194243,1_2850,1_100089,2,1_788758340,1_7117,1775195940,1775194112,default
1775194243,1_2850,1_100089,2,1_788758340,1_8023474,1775195940,1775195940,default
1775194243,1_52306,1_102619,F Line,1_721497100,1_7976016,1775194500,1775194500,default
1775194243,1_71970,1_102752,223,1_833611000,1_8024748,1775194378,1775194378,default
1775194243,1_17800,1_100202,345,1_774124260,1_7975635,1775194386,1775194386,default
1775194243,1_59282,1_100072,181,1_800642860,1_7482,1775194800,1775193845,default
1775194243,1_620,40_100239,550,40_597762930,40_7976614,1775194440,1775194440,default
1775194243,1_10912,40_100511,542,40_569578630,40_7976608,1775195100,1775195100,default
1775194243,1_10640,1_100252,62,1_800856530,1_8249,1775195580,1775194199,default
1775194243,1_10640,1_100252,62,1_800856530,1_8024960,1775195580,1775195580,default
1775194243,1_10640,1_100252,62,1_800856540,1_8025072,1775197380,1775197380,default
1775194543,1_2850,1_100089,2,1_788758380,1_7095,1775194740,1775192022,default
1775194543,1_2850,1_100089,2,1_788758340,1_7117,1775195940,1775194112,default
1775194543,1_46505,1_102619,F Line,1_656237640,1_7975998,1775195940,1775195940,default
1775194543,1_80124,1_102719,161,1_800651650,1_8023905,1775194692,1775194692,default
1775194543,1_59282,1_100072,181,1_800642860,1_7482,1775194800,1775193845,default
1775194543,1_59282,1_102717,165,1_800649940,1_7430,1775195340,1775194280,default
1775194543,1_23905,1_100214,372,1_694306970,1_7976755,1775194726,1775194726,default
1775194543,1_41370,1_100028,13,1_788759140,1_8023447,1775194669,1775194669,default
1775194543,1_57791,1_102718,184,1_762089520,1_7976216,1775194837,1775194837,default
1775194543,1_68888,1_102552,226,1_816296230,1_8024714,1775194710,1775194710,default
1775194543,1_10912,40_100511,542,40_569578630,40_7976608,1775195100,1775195100,default
1775194543,1_10640,1_100252,62,1_800856530,1_8249,1775195580,1775194199,default
1775194543,1_10640,1_100252,62,1_800856540,1_8025072,1775197380,1775197380,default
1775194843,1_575,1_102581,D Line,1_803816870,1_6081,1775194260,1775194888,default
1775194843,1_2850,1_100089,2,1_788758340,1_7117,1775195940,1775194112,default
1775194843,1_46505,1_102619,F Line,1_656237640,1_7975998,1775195940,1775196063,default
1775194843,1_27420,1_100249,60,1_801586370,1_8025824,1775194896,1775194896,default
1775194843,1_77460,1_100205,348,1_771627460,1_7975641,1775194905,1775194905,default
1775194843,1_74137,1_102753,222,1_774817690,1_7976419,1775194925,1775194925,default
1775194843,1_59282,1_102717,165,1_800649940,1_7430,1775195340,1775194280,default
1775194843,1_10912,1_100264,70,1_801592750,1_8026416,1775195005,1775195005,default
1775194843,1_10912,1_100447,49,1_801199370,1_4354,1775194890,1775195016,default
1775194843,1_10912,1_100224,44,1_664046610,1_7974928,1775195017,1775195017,default
1775194843,1_10912,40_100511,542,40_569578630,40_7976608,1775195100,1775195100,default
1775194843,1_10640,1_100252,62,1_800856530,1_8249,1775195580,1775194199,default
1775194843,1_10640,1_100252,62,1_800856540,1_8025072,1775197380,1775197380,default
1775195143,1_2850,1_100089,2,1_788758340,1_7117,1775195940,1775194112,default
1775195143,1_77910,1_102746,333,1_778704370,1_7975728,1775195221,1775195221,default
1775195143,1_46505,1_102619,F Line,1_656237640,1_7975998,1775195940,1775196349,default
1775195143,1_31680,1_100031,132,1_800857160,1_8024983,1775195187,1775195187,default
1775195143,1_23530,1_100259,67,1_724950590,1_7975711,1775195199,1775195199,default
1775195143,1_52306,1_102619,F Line,1_721497260,1_7976085,1775196300,1775196300,default
1775195143,1_99254,1_100003,101,1_693750180,1_7976167,1775195242,1775195242,default
1775195143,1_21680,1_100023,124,1_800864430,1_8024950,1775195254,1775195264,default
1775195143,1_59282,1_102717,165,1_800649940,1_7430,1775195340,1775194280,default
1775195143,1_19921,1_100101,21,1_809328380,1_8025843,1775195266,1775195285,default
1775195143,1_10640,1_100252,62,1_800856530,1_8249,1775195580,1775194199,default
1775195143,1_10640,1_100252,62,1_800856540,1_8025072,1775197380,1775197380,default
1775195443,1_575,1_102581,D Line,1_803816730,1_6055,1775195460,1775195543,default
1775195443,1_2850,1_100089,2,1_788758340,1_7117,1775195940,1775194112,default
1775195443,1_46505,1_102619,F Line,1_656237640,1_7975998,1775195940,1775196639,default
1775195443,1_76024,1_102702,239,1_736529370,1_7976433,1775195514,1775195514,default
1775195443,1_81254,1_100202,345,1_774124260,1_7975635,1775195522,1775195522,default
1775195443,1_11569,1_100002,10,1_675385520,1_7974876,1775195567,1775195567,default
1775195443,1_52306,1_102619,F Line,1_721497260,1_7976085,1775196300,1775196300,default
1775195443,1_40030,1_102574,40,1_811901690,1_8295,1775195240,1775195540,default
1775195443,1_49350,1_100026,128,1_806634880,1_8023675,1775195577,1775195577,default
1775195443,1_10640,1_100252,62,1_800856540,1_8025072,1775197380,1775197380,default
1775195443,1_8403,1_100039,14,1_562520650,1_4335,1775195520,1775195619,default
1775195743,1_2850,1_100089,2,1_788758340,1_7117,1775195940,1775194112,default
1775195743,1_2850,1_100089,2,1_788758350,1_8023470,1775197740,1775197740,default
1775195743,1_46505,1_102619,F Line,1_656237640,1_7975998,1775195940,1775195940,default
1775195743,1_52306,1_102619,F Line,1_721497260,1_7976085,1775196300,1775196300,default
1775195743,1_620,40_100236,545,40_559501080,40_7976740,1775195880,1775196019,default
1775195743,1_10640,1_100252,62,1_800856540,1_8025072,1775197380,1775197380,default
1775195743,1_11600,1_100002,10,1_675385520,1_7974876,1775195915,1775195915,default
1775196043,1_51740,1_100030,131,1_800856770,1_8025088,1775196059,1775196059,default
1775196043,1_22196,1_102736,H Line,1_694056320,1_7974892,1775196073,1775196073,default
1775196043,1_575,1_100028,13,1_788759740,1_7095,1775195940,1775196097,default
1775196043,1_2850,1_100089,2,1_788758350,1_8023470,1775197740,1775197740,default
1775196043,1_27420,1_100249,60,1_801586320,1_8025818,1775196096,1775196096,default
1775196043,1_52306,1_102619,F Line,1_721497260,1_7976085,1775196300,1775196300,default
1775196043,1_41370,1_100219,4,1_675344920,1_7974865,1775196186,1775196186,default
1775196043,1_30180,1_100006,107,1_721486060,1_7976054,1775196192,1775196192,default
1775196043,1_620,40_100239,550,40_597762940,40_7976643,1775196240,1775196240,default
1775196043,1_10912,1_100224,44,1_664046560,1_7974927,1775196217,1775196217,default
1775196043,1_10640,1_100252,62,1_800856540,1_8000,1775197380,1775195989,default
1775196043,1_10640,1_100252,62,1_800856540,1_8025072,1775197380,1775197380,default
1775196343,1_575,1_102576,C Line,1_800867690,1_8024977,1775196360,1775196388,default
1775196343,1_2850,1_100089,2,1_788758350,1_7157,1775197740,1775196067,default
1775196343,1_2850,1_100089,2,1_788758350,1_8023470,1775197740,1775197740,default
1775196343,1_45670,1_100210,36,1_800583160,1_8023415,1775196412,1775196470,default
1775196343,1_23905,1_100214,372,1_694307110,1_7976763,1775196526,1775196526,default
1775196343,1_31970,1_100026,128,1_806635030,1_1015,1775196473,1775196474,default
1775196343,1_10640,1_100252,62,1_800856540,1_8000,1775197380,1775195989,default
1775196643,1_2850,1_100089,2,1_788758350,1_7157,1775197740,1775196067,default
1775196643,1_40060,1_102574,40,1_811901930,1_8025886,1775196685,1775196685,default
1775196643,1_31680,1_100249,60,1_801586360,1_8025884,1775196702,1775196702,default
1775196643,1_77460,1_100205,348,1_771627140,1_7975650,1775196705,1775196705,default
1775196643,1_40065,1_102574,40,1_811901930,1_8025886,1775196769,1775196769,default
1775196643,1_80124,1_102719,161,1_800651640,1_8023780,1775196770,1775196770,default
1775196643,1_10640,1_100252,62,1_800856540,1_8000,1775197380,1775195989,default
1775196943,1_26560,1_102574,40,1_811901690,1_8026388,1775197022,1775197022,default
1775196943,1_9750,1_100269,75,1_803351180,1_8022105,1775196795,1775196969,default
1775196943,1_575,1_100001,1,1_800581530,1_4335,1775196840,1775196996,default
1775196943,1_2850,1_100089,2,1_788758350,1_7157,1775197740,1775196067,default
1775196943,1_31680,1_100031,132,1_800856840,1_8025086,1775196987,1775196987,default
1775196943,1_51471,1_102736,H Line,1_713099990,1_6045,1775196961,1775196994,default
1775196943,1_52306,1_102619,F Line,1_694521940,1_7975999,1775198100,1775198100,default
1775196943,1_45670,1_100210,36,1_800582930,1_8023435,1775197012,1775197082,default
1775196943,1_11060,1_100447,49,1_801199390,1_8023492,1775197071,1775197071,default
1775196943,1_41370,1_100028,13,1_788759740,1_8023469,1775197069,1775197069,default
1775196943,1_10640,1_100252,62,1_800856540,1_8000,1775197380,1775195989,default
1775197243,1_30790,1_100006,107,1_694510860,1_7328,1775197212,1775197274,default
1775197243,1_2850,1_100089,2,1_788758350,1_7157,1775197740,1775196067,default
1775197243,1_46505,1_102619,F Line,1_694522020,1_7976016,1775197860,1775197860,default
1775197243,1_49724,1_100031,132,1_800857440,1_8025087,1775197320,1775197320,default
1775197243,1_52306,1_102619,F Line,1_694521940,1_7975999,1775198100,1775198100,default
1775197243,1_25791,1_100214,372,1_694306950,1_6829,1775197374,1775197417,default
1775197243,1_10640,1_100252,62,1_800856550,1_8025003,1775199180,1775199180,default
1775197543,1_30790,1_100230,50,1_785559730,1_7976178,1775197572,1775197572,default
1775197543,1_2850,1_100089,2,1_788758350,1_7157,1775197740,1775196067,default
1775197543,1_46505,1_102619,F Line,1_694522020,1_7976016,1775197860,1775197860,default
1775197543,1_52306,1_102619,F Line,1_694521940,1_7975999,1775198100,1775198100,default
1775197543,1_2200,1_100275,8,1_800890940,1_8063,1775197674,1775197675,default
1775197543,1_10912,1_100228,48,1_721359530,1_8078,1775197680,1775197716,default
1775197543,1_81982,1_102746,333,1_778704640,1_7975728,1775197757,1775197757,default
1775197543,1_10640,1_100252,62,1_800856550,1_8025003,1775199180,1775199180,default
1775197543,1_10640,1_100252,62,1_800856560,1_8025001,1775200980,1775200980,default
1775197543,1_11600,1_100002,10,1_675385550,1_7974874,1775197715,1775197715,default
1775197844,1_2850,1_100089,2,1_788758360,1_8023471,1775199540,1775199540,default
1775197844,1_2850,1_100089,2,1_788757980,1_8023449,1775201280,1775201280,default
1775197844,1_1190,1_100447,49,1_801199380,1_4354,1775197982,1775198003,default
1775197844,1_52306,1_102619,F Line,1_694521940,1_7975999,1775198100,1775198100,default
1775197844,1_30180,1_100006,107,1_635438160,1_7976053,1775198112,1775198112,default
1775197844,1_57791,1_102718,184,1_664480640,1_7976216,1775198197,1775198197,default
1775197844,1_620,40_100240,554,40_774874150,40_7976689,1775198220,1775198220,default
1775197844,1_10640,1_100252,62,1_800856550,1_8021,1775199180,1775197839,default
1775197844,1_10640,1_100252,62,1_800856550,1_8025003,1775199180,1775199180,default
1775197844,1_10640,1_100252,62,1_800856560,1_8025001,1775200980,1775200980,default
1775198143,1_12170,1_100039,14,1_562520680,1_7974988,1775198235,1775198235,default
1775198143,1_2850,1_100089,2,1_788758360,1_8023471,1775199540,1775199540,default
1775198143,1_2850,1_100089,2,1_788757980,1_8023449,1775201280,1775201280,default
1775198143,1_11060,1_100447,49,1_801199490,1_8023493,1775198271,1775198271,default
1775198143,1_10640,1_100252,62,1_800856550,1_8021,1775199180,1775197839,default
1775198143,1_10640,1_100252,62,1_800856560,1_8025001,1775200980,1775200980,default
1775198443,1_2850,1_100089,2,1_788758360,1_7153,1775199540,1775198335,default
1775198443,1_2850,1_100089,2,1_788758360,1_8023471,1775199540,1775199540,default
1775198443,1_2850,1_100089,2,1_788757980,1_8023449,1775201280,1775201280,default
1775198443,1_10640,1_100252,62,1_800856550,1_8021,1775199180,1775197839,default
1775198443,1_10640,1_100252,62,1_800856560,1_8025001,1775200980,1775200980,default
1775198743,1_2850,1_100089,2,1_788758360,1_7153,1775199540,1775198335,default
1775198743,1_2850,1_100089,2,1_788757980,1_8023449,1775201280,1775201280,default
1775198743,1_31680,1_100031,132,1_800856690,1_8024980,1775198787,1775198787,default
1775198743,1_51471,1_102736,H Line,1_713100000,1_6076,1775198761,1775198796,default
1775198743,1_52306,1_102619,F Line,1_694522100,1_7975998,1775199900,1775199900,default
1775198743,1_99254,1_100003,101,1_693750190,1_7976166,1775198842,1775198842,default
1775198743,1_19921,1_100101,21,1_809330240,1_8026439,1775198866,1775198877,default
1775198743,1_10640,1_100252,62,1_800856550,1_8021,1775199180,1775197839,default
1775198743,1_10640,1_100252,62,1_800856560,1_8025001,1775200980,1775200980,default
1775199044,1_970,1_100003,101,1_762102260,1_8135,1775198970,1775199065,default
1775199044,1_2850,1_100089,2,1_788758360,1_7153,1775199540,1775198335,default
1775199044,1_2850,1_100089,2,1_788757980,1_8023449,1775201280,1775201280,default
1775199044,1_46505,1_102619,F Line,1_694522180,1_7976085,1775199660,1775199660,default
1775199044,1_49724,1_100031,132,1_800856980,1_8024993,1775199120,1775199120,default
1775199044,1_52306,1_102619,F Line,1_694522100,1_7975998,1775199900,1775199900,default
1775199044,1_10640,1_100252,62,1_800856560,1_8025001,1775200980,1775200980,default
1775199344,1_8541,1_100005,106,1_727784970,1_7111,1775199180,1775199362,default
1775199344,1_2850,1_100089,2,1_788758360,1_7153,1775199540,1775198335,default
1775199344,1_2850,1_100089,2,1_788757980,1_8023449,1775201280,1775201280,default
1775199344,1_46505,1_102619,F Line,1_694522180,1_7976085,1775199660,1775199660,default
1775199344,1_52306,1_102619,F Line,1_694522100,1_7975998,1775199900,1775199900,default
1775199344,1_25791,1_100214,372,1_694307090,1_6943,1775199174,1775199539,default
1775199344,1_620,40_100236,545,40_560092510,40_9678,1775199480,1775199518,default
1775199344,1_10640,1_100252,62,1_800856560,1_8014,1775200980,1775199249,default
1775199344,1_10640,1_100252,62,1_800856560,1_8025001,1775200980,1775200980,default
1775199644,1_51740,1_100030,131,1_800857210,1_8024992,1775199659,1775199659,default
1775199644,1_320,40_100239,550,40_597763310,40_9655,1775199660,1775199689,default
1775199644,1_2850,1_100089,2,1_788757980,1_8023449,1775201280,1775201280,default
1775199644,1_79610,1_100006,107,1_694510860,1_7976061,1775199736,1775199736,default
1775199644,1_52306,1_102619,F Line,1_694522100,1_7975998,1775199900,1775199900,default
1775199644,1_25980,1_100254,65,1_778695710,1_7975711,1775199732,1775199732,default
1775199644,1_11060,1_100249,60,1_801586430,1_8025817,1775199773,1775199773,default
1775199644,1_41370,1_100219,4,1_675344900,1_7974869,1775199786,1775199786,default
1775199644,1_620,40_100239,550,40_651524630,40_7976619,1775200260,1775200260,default
1775199644,1_10912,1_100447,49,1_801199310,1_8023489,1775199690,1775199847,default
1775199644,1_10912,1_100264,70,1_801592630,1_8025881,1775199685,1775199853,default
1775199644,1_10640,1_100252,62,1_800856560,1_8014,1775200980,1775199249,default
1775199944,1_2850,1_100089,2,1_788757980,1_8023449,1775201280,1775201280,default
1775199944,1_280,40_100240,554,40_560096200,40_7976689,1775199805,1775200026,default
1775199944,1_7750,1_102615,E Line,1_813078770,1_8026444,1775200081,1775200081,default
1775199944,1_620,40_100239,550,40_651524630,40_7976619,1775200260,1775200260,default
1775199944,1_10640,1_100252,62,1_800856560,1_8014,1775200980,1775199249,default
1775200244,1_575,1_100210,36,1_800582850,1_8023456,1775200320,1775200320,default
1775200244,1_2850,1_100089,2,1_788757980,1_8023449,1775201280,1775201280,default
1775200244,1_10640,1_100252,62,1_800856560,1_8014,1775200980,1775199249,default
1775200544,1_22196,1_102736,H Line,1_713100010,1_7974901,1775200573,1775200573,default
1775200544,1_2850,1_100089,2,1_788757980,1_8023449,1775201280,1775200303,default
1775200544,1_2850,1_100089,2,1_788757980,1_7166,1775201280,1775200303,default
1775200544,1_10912,1_100214,372,1_694307040,1_6952,1775200509,1775200710,default
1775200544,1_10640,1_100252,62,1_800856560,1_8014,1775200980,1775199249,default
1775200844,1_26560,1_102574,40,1_811901940,1_8025886,1775200895,1775200895,default
1775200844,1_2850,1_100089,2,1_788757980,1_7166,1775201280,1775200303,default
1775200844,1_49724,1_100031,132,1_800856710,1_8025088,1775200920,1775200920,default
1775201144,1_2850,1_100089,2,1_788757980,1_7166,1775201280,1775200303,default
1775201144,1_11590,1_100002,10,1_675385170,1_7974874,1775201198,1775201198,default
1775201144,1_99254,40_102758,570,40_816380090,40_8005272,1775202223,1775202223,default
1775201444,1_99254,40_102758,570,40_816380090,40_8005272,1775202223,1775202223,default
1775201444,1_41370,1_100219,4,1_675344890,1_7974873,1775201586,1775201586,default
1775201744,1_68130,1_102548,B Line,1_721019570,1_6028,1775201686,1775201807,default
1775201744,1_99254,40_102758,570,40_816380090,40_8005272,1775202223,1775202223,default
1775201744,1_9605,1_100193,32,1_651767460,1_7052,1775201823,1775201869,default
1775201744,1_8403,1_100039,14,1_562520740,1_7974992,1775202420,1775202420,default
1775202044,1_99254,40_102758,570,40_816380090,40_8005272,1775202223,1775202223,default
1775202044,1_8403,1_100039,14,1_562520740,1_4335,1775202420,1775201969,default
1775202044,1_8403,1_100039,14,1_562520740,1_7974992,1775202420,1775202420,default
1775202044,1_3000,1_100089,2,1_788757980,1_8023449,1775201702,1775202231,default
1775202344,1_575,1_102615,E Line,1_813078680,1_6218,1775202360,1775202391,default
1775202344,1_30180,1_100006,107,1_721486200,1_7976061,1775202492,1775202492,default
1775202344,1_10912,1_100224,44,1_664046670,1_7974927,1775202577,1775202577,default
1775202944,1_6650,1_102747,61,1_803357390,1_8022039,1775202945,1775202955,default
1775202944,1_5830,1_100229,5,1_809328290,1_8025843,1775202802,1775202959,default
1775202944,1_2850,1_100089,2,1_788758370,1_7117,1775203140,1775202556,default
1775202944,1_8530,1_100039,14,1_562520740,1_7974992,1775203101,1775203101,default
1775202944,1_99254,40_102758,570,40_816380100,40_8005271,1775204023,1775204023,default
1775203244,1_99254,40_102758,570,40_816380100,40_8005271,1775204023,1775204023,default
1775203244,1_41370,1_100219,4,1_675344880,1_7974872,1775203386,1775203386,default
1775203244,1_10912,1_100264,70,1_801592590,1_8266,1775203285,1775203428,default
1775203544,1_99254,40_102758,570,40_816380100,40_8005271,1775204023,1775204023,default
1775203844,1_99254,40_102758,570,40_816380100,40_8005271,1775204023,1775204023,default
1775203844,1_10912,1_100228,48,1_721359690,1_8078,1775203980,1775204014,default
1775204144,1_2200,1_102581,D Line,1_800600840,1_8023440,1775204352,1775204352,default
1775204444,1_57453,1_102720,160,1_635445170,1_7976102,1775204520,1775204520,default
1775204444,1_16990,1_102574,40,1_811901210,1_8026390,1775204607,1775204607,default
1775204744,1_1190,1_100009,11,1_736449850,1_7059,1775204523,1775204790,default
1775204744,1_99254,40_102758,570,40_816380110,40_8005273,1775205823,1775205823,default
1775205044,1_22196,1_102736,H Line,1_732459510,1_7974893,1775205073,1775205073,default
1775205044,1_99254,40_102758,570,40_816380110,40_8005273,1775205823,1775205823,default
1775205344,1_575,1_102576,C Line,1_800867520,1_8024978,1775205420,1775205420,default
1775205344,1_99254,40_102758,570,40_816380110,40_8005273,1775205823,1775205823,default
1775205644,1_99254,40_102758,570,40_816380110,40_8005273,1775205823,1775205823,default
1775205944,1_575,1_102615,E Line,1_813078750,1_6208,1775205960,1775205990,default
1775206244,1_58112,1_100045,150,1_800671050,1_8023832,1775206347,1775206347,default
1775206244,1_10912,1_100264,70,1_801592610,1_8025881,1775206285,1775206435,default
1775206544,1_6650,1_102747,61,1_803357410,1_8022039,1775206545,1775206559,default
1775206544,1_99254,40_102758,570,40_816380120,40_8005270,1775207623,1775207623,default
1775206544,1_10912,1_100264,70,1_801592610,1_8264,1775206285,1775206715,default
1775206845,1_99254,40_102758,570,40_816380120,40_8005270,1775207623,1775207623,default
1775206845,1_99254,40_102758,570,40_816380120,40_9652,1775207623,1775207623,default
1775206845,1_10912,1_100447,49,1_801199270,1_4377,1775206890,1775207023,default
1775207145,1_99254,40_102758,570,40_816380120,40_8005270,1775207623,1775207623,default
1775207445,1_99254,40_102758,570,40_816380120,40_8005270,1775207623,1775207623,default
1775207745,1_970,1_100045,150,1_800670900,1_8180,1775207652,1775207800,default
1775207745,1_2200,1_102581,D Line,1_800600370,1_8023439,1775207952,1775207952,default
1775208045,1_481,1_102736,H Line,1_732459500,1_6080,1775208000,1775208052,default
1775208045,1_575,1_102615,E Line,1_813082010,1_6205,1775207880,1775208083,default
1775208345,1_99254,40_102758,570,40_816380130,40_8005272,1775209423,1775209423,default
1775208645,1_22196,1_102736,H Line,1_732458610,1_7974901,1775208673,1775208673,default
1775208645,1_99254,40_102758,570,40_816380130,40_8005272,1775209423,1775209423,default
1775208645,1_10912,1_100224,44,1_664046530,1_7974927,1775208877,1775208877,default
1775208945,1_575,1_102576,C Line,1_800867460,1_8024976,1775209020,1775209020,default
1775208945,1_99254,40_102758,570,40_816380130,40_8005272,1775209423,1775209423,default
1775209245,1_99254,40_102758,570,40_816380130,40_8005272,1775209423,1775209423,default
1775209545,1_10912,1_100264,70,1_801592560,1_8026414,1775209765,1775209765,default
1775210145,1_99254,40_102758,570,40_816380140,40_8005271,1775211223,1775211223,default
1775210445,1_99254,40_102758,570,40_816380140,40_8005271,1775211223,1775211223,default
1775210445,1_60680,1_100512,A Line,1_800643910,1_8023867,1775210619,1775210619,default
1775210745,1_99254,40_102758,570,40_816380140,40_8005271,1775211223,1775211223,default
1775211045,1_25140,1_100254,65,1_778699810,1_7975679,1775211098,1775211098,default
1775211345,1_10912,1_100224,44,1_664046400,1_7974931,1775211577,1775211577,default
1775211645,1_12770,1_100219,4,1_675347240,1_7974873,1775211668,1775211668,default
1775211945,1_10912,1_100264,70,1_801592620,1_8025881,1775212105,1775212138,default
1775212245,1_99254,40_102758,570,40_816380150,40_8005273,1775213023,1775213023,default
1775212545,1_12770,1_100219,4,1_675347240,1_7974873,1775211668,1775212579,default
1775212545,1_575,1_102576,C Line,1_800867560,1_8024978,1775212620,1775212620,default
1775212545,1_99254,40_102758,570,40_816380150,40_8005273,1775213023,1775213023,default
1775212845,1_99254,40_102758,570,40_816380150,40_8005273,1775213023,1775213023,default
1775214046,1_10912,1_100447,49,1_801199230,1_8023489,1775214090,1775214252,default
1775214346,1_59282,1_102717,165,1_800649560,1_8023767,1775217300,1775217300,default
1775214699,1_60453,1_102715,162,1_635447070,1_7976013,1775217120,1775217120,default
1775214699,1_2850,1_100089,2,1_788757990,1_8023443,1775216820,1775216820,default
1775214699,1_57453,40_102734,566,40_597750610,40_7976586,1775216640,1775216640,default
1775214699,1_59282,1_102717,165,1_800649560,1_8023767,1775217300,1775217300,default
1775214999,1_60453,1_102715,162,1_635447070,1_7976013,1775217120,1775217120,default
1775214999,1_2850,1_100089,2,1_788757990,1_8023443,1775216820,1775216820,default
1775214999,1_57453,40_102734,566,40_597750610,40_7976586,1775216640,1775216640,default
1775214999,1_59282,1_100072,181,1_815955210,1_8023815,1775217300,1775217300,default
1775214999,1_59282,1_102717,165,1_800649560,1_8023767,1775217300,1775217300,default
1775214999,1_10640,1_100252,62,1_800855800,1_8024961,1775216640,1775216640,default
1775215299,1_60453,1_102715,162,1_635447070,1_7976013,1775217120,1775217120,default
1775215299,1_2850,1_100089,2,1_788757990,1_8023443,1775216820,1775216820,default
1775215299,1_57453,40_102734,566,40_597750610,40_7976586,1775216640,1775216640,default
1775215299,1_52306,1_102619,F Line,1_635448310,1_7976142,1775216640,1775216640,default
1775215299,1_59282,1_100072,181,1_815955210,1_8023815,1775217300,1775217300,default
1775215299,1_59282,1_102717,165,1_800649560,1_8023767,1775217300,1775217300,default
1775215299,1_59282,1_100072,181,1_721481720,1_7976141,1775218740,1775218740,default
1775215299,1_10640,1_100252,62,1_800855800,1_8024961,1775216640,1775216640,default
1775215599,1_60453,1_102715,162,1_635447070,1_7976013,1775217120,1775217120,default
1775215599,1_2850,1_100089,2,1_788757990,1_8023443,1775216820,1775216820,default
1775215599,1_57453,40_102734,566,40_597750610,40_7976586,1775216640,1775216640,default
1775215599,1_52306,1_102619,F Line,1_635448310,1_7976142,1775216640,1775216640,default
1775215599,1_59282,1_100072,181,1_815955210,1_8023815,1775217300,1775217300,default
1775215599,1_59282,1_102717,165,1_800649560,1_8023767,1775217300,1775217300,default
1775215599,1_59282,1_100072,181,1_721481720,1_7976141,1775218740,1775218740,default
1775215599,1_10640,1_100252,62,1_800855800,1_8024961,1775216640,1775216640,default
1775215899,1_60453,1_102715,162,1_635447070,1_7976013,1775217120,1775217120,default
1775215899,1_60453,1_102715,162,1_635447080,1_7976026,1775218320,1775218320,default
1775215899,1_2850,1_100089,2,1_788757990,1_8023443,1775216820,1775216820,default
1775215899,1_57453,40_102734,566,40_597750610,40_7976586,1775216640,1775216640,default
1775215899,1_57453,1_100060,168,1_664460500,1_7976127,1775219400,1775219400,default
1775215899,1_52306,1_102619,F Line,1_635448310,1_7976142,1775216640,1775216640,default
1775215899,1_59282,1_100072,181,1_815955210,1_8023815,1775217300,1775217300,default
1775215899,1_59282,1_102717,165,1_800649560,1_8023767,1775217300,1775217300,default
1775215899,1_59282,1_100072,181,1_721481720,1_7976141,1775218740,1775218740,default
1775215899,1_60710,1_100512,A Line,1_800643050,1_8023849,1775216053,1775216053,default
1775215899,1_10640,1_100252,62,1_800855800,1_8024961,1775216640,1775216640,default
1775215899,1_10640,1_100252,62,1_800855810,1_8024956,1775218440,1775218440,default
1775216200,1_60453,1_102715,162,1_635447070,1_6954,1775217120,1775215973,default
1775216200,1_60453,1_102715,162,1_635447070,1_7976013,1775217120,1775217120,default
1775216200,1_60453,1_102715,162,1_635447080,1_7976026,1775218320,1775218320,default
1775216200,1_2850,1_100089,2,1_788757990,1_8023443,1775216820,1775216820,default
1775216200,1_57453,40_102734,566,40_597750610,40_7976586,1775216640,1775216640,default
1775216200,1_57453,1_100060,168,1_664460500,1_7976127,1775219400,1775219400,default
1775216200,1_52306,1_102619,F Line,1_635448310,1_7976142,1775216640,1775216640,default
1775216200,1_59282,1_100072,181,1_815955210,1_8023815,1775217300,1775217300,default
1775216200,1_59282,1_102717,165,1_800649560,1_8023767,1775217300,1775217300,default
1775216200,1_59282,1_102717,165,1_800649570,1_8023733,1775218680,1775218680,default
1775216200,1_59282,1_100072,181,1_721481720,1_7976141,1775218740,1775218740,default
1775216200,1_57791,1_102718,184,1_635447420,1_7975994,1775216377,1775216377,default
1775216200,1_10640,1_100252,62,1_800855800,1_8024961,1775216640,1775216640,default
1775216200,1_10640,1_100252,62,1_800855810,1_8024956,1775218440,1775218440,default
1775216500,1_60453,1_102715,162,1_635447070,1_6954,1775217120,1775215973,default
1775216500,1_60453,1_102715,162,1_635447080,1_7976026,1775218320,1775218320,default
1775216500,1_2850,1_100089,2,1_788757990,1_8023443,1775216820,1775216820,default
1775216500,1_57453,1_100060,168,1_664460500,1_7976127,1775219400,1775219400,default
1775216500,1_52306,1_102619,F Line,1_635448310,1_7976142,1775216640,1775216640,default
1775216500,1_59282,1_100072,181,1_815955210,1_8023815,1775217300,1775217300,default
1775216500,1_59282,1_102717,165,1_800649560,1_8023767,1775217300,1775217300,default
1775216500,1_59282,1_102717,165,1_800649570,1_8023733,1775218680,1775218680,default
1775216500,1_59282,1_100072,181,1_721481720,1_7976141,1775218740,1775218740,default
1775216500,1_10640,1_100252,62,1_800855810,1_8024956,1775218440,1775218440,default
1775216800,1_60453,1_102715,162,1_635447070,1_6954,1775217120,1775215973,default
1775216800,1_60453,1_102715,162,1_635447080,1_7976026,1775218320,1775218320,default
1775216800,1_60453,1_102715,162,1_664468640,1_7975993,1775219520,1775219520,default
1775216800,1_57453,1_100060,168,1_664460500,1_7976127,1775219400,1775219400,default
1775216800,1_21080,1_100249,60,1_801584870,1_7144,1775216940,1775216940,default
1775216800,1_59282,1_100072,181,1_815955210,1_8023815,1775217300,1775217300,default
1775216800,1_59282,1_102717,165,1_800649560,1_8023767,1775217300,1775217300,default
1775216800,1_59282,1_102717,165,1_800649570,1_8023733,1775218680,1775218680,default
1775216800,1_59282,1_100072,181,1_721481720,1_7976141,1775218740,1775218740,default
1775216800,1_10640,1_100252,62,1_800855810,1_8024956,1775218440,1775218440,default
1775216800,1_10640,1_100252,62,1_800855820,1_8024957,1775220240,1775220240,default
1775217100,1_8541,1_100263,7,1_650171930,1_4542,1775217120,1775217120,default
1775217100,1_12770,1_100219,4,1_675344990,1_7974865,1775217068,1775217118,default
1775217100,1_60453,1_102715,162,1_635447080,1_7976026,1775218320,1775218320,default
1775217100,1_60453,1_102715,162,1_664468640,1_7975993,1775219520,1775219520,default
1775217100,1_57453,1_100060,168,1_664460500,1_7976127,1775219400,1775219400,default
1775217100,1_59282,1_100072,181,1_815955210,1_8023815,1775217300,1775217300,default
1775217100,1_59282,1_102717,165,1_800649560,1_8023767,1775217300,1775217300,default
1775217100,1_59282,1_102717,165,1_800649570,1_8023733,1775218680,1775218680,default
1775217100,1_59282,1_100072,181,1_721481720,1_7976141,1775218740,1775218740,default
1775217100,1_31970,1_100026,128,1_806634010,1_8023657,1775217233,1775217233,default
1775217100,1_620,40_100240,554,40_774868060,40_7976691,1775217300,1775217300,default
1775217100,1_10640,1_100252,62,1_800855810,1_8024956,1775218440,1775218440,default
1775217100,1_10640,1_100252,62,1_800855820,1_8024957,1775220240,1775220240,default
1775217100,1_3000,1_100089,2,1_788757990,1_8023443,1775217302,1775217302,default
1775217400,1_60453,1_102715,162,1_635447080,1_7976026,1775218320,1775218320,default
1775217400,1_60453,1_102715,162,1_664468640,1_7975993,1775219520,1775219520,default
1775217400,1_575,1_102576,C Line,1_800869500,1_8024966,1775217480,1775217480,default
1775217400,1_57453,1_100060,168,1_664460500,1_7976127,1775219400,1775219400,default
1775217400,1_59282,1_102717,165,1_800649570,1_8023733,1775218680,1775218680,default
1775217400,1_59282,1_100072,181,1_721481720,1_7976141,1775218740,1775218740,default
1775217400,1_10640,1_100252,62,1_800855810,1_8024956,1775218440,1775218440,default
1775217400,1_10640,1_100252,62,1_800855820,1_8024957,1775220240,1775220240,default
1775217700,1_970,40_578,578,40_3220020,40_41603,1775217747,1775217747,default
1775217700,1_60453,1_102715,162,1_635447080,1_7976026,1775218320,1775218320,default
1775217700,1_60453,1_102715,162,1_664468640,1_7975993,1775219520,1775219520,default
1775217700,1_320,40_100239,550,40_597754820,40_9810,1775217720,1775217743,default
1775217700,1_46505,1_102619,F Line,1_656236480,1_7975992,1775218980,1775218980,default
1775217700,1_57453,40_102734,566,40_597751250,40_7976588,1775219280,1775219280,default
1775217700,1_57453,1_100060,168,1_664460500,1_7976127,1775219400,1775219400,default
1775217700,1_59282,1_102717,165,1_800649570,1_8023733,1775218680,1775218680,default
1775217700,1_59282,1_100072,181,1_721481720,1_7976141,1775218740,1775218740,default
1775217700,1_59282,1_102717,165,1_800649580,1_8023842,1775219880,1775219880,default
1775217700,1_620,40_100236,545,40_806327820,40_8005184,1775218020,1775218020,default
1775217700,1_10640,1_100252,62,1_800855810,1_8024956,1775218440,1775218440,default
1775217700,1_10640,1_100252,62,1_800855820,1_8024957,1775220240,1775220240,default
1775218000,1_60453,1_102715,162,1_635447080,1_7976026,1775218320,1775218320,default
1775218000,1_60453,1_102715,162,1_664468640,1_7975993,1775219520,1775219520,default
1775218000,1_64569,1_100099,208,1_664288940,1_7976388,1775217921,1775218065,default
1775218000,1_46505,1_102619,F Line,1_656236480,1_7975992,1775218980,1775218980,default
1775218000,1_57453,40_102734,566,40_597751250,40_7976588,1775219280,1775219280,default
1775218000,1_57453,1_100060,168,1_664460500,1_7976127,1775219400,1775219400,default
1775218000,1_52306,1_102619,F Line,1_694520790,1_7976083,1775218800,1775218800,default
1775218000,1_80121,1_102719,161,1_800652540,1_8023892,1775218115,1775218115,default
1775218000,1_59282,1_102717,165,1_800649570,1_7393,1775218680,1775217924,default
1775218000,1_59282,1_102717,165,1_800649570,1_8023733,1775218680,1775218680,default
1775218000,1_59282,1_100072,181,1_721481720,1_7976141,1775218740,1775218740,default
1775218000,1_59282,1_102717,165,1_800649580,1_8023842,1775219880,1775219880,default
1775218000,1_59282,1_100072,181,1_770986350,1_7976082,1775220240,1775220240,default
1775218000,1_59282,1_100072,181,1_721481600,1_7976015,1775221440,1775221440,default
1775218000,1_59872,1_102619,F Line,1_635448310,1_7976142,1775218225,1775218225,default
1775218000,1_57791,1_102718,184,1_635442650,1_7976125,1775218237,1775218301,default
1775218000,1_10912,1_100162,271,1_569495650,1_7976347,1775219880,1775219880,default
1775218000,1_10640,1_100252,62,1_800855810,1_8024956,1775218440,1775218440,default
1775218000,1_10640,1_100252,62,1_800855820,1_8024957,1775220240,1775220240,default
1775218300,1_29217,1_100224,44,1_562536510,1_4532,1775218309,1775218309,default
1775218300,1_60161,1_100042,148,1_762076990,1_7976053,1775220300,1775220300,default
1775218300,1_60453,1_102715,162,1_664468640,1_7975993,1775219520,1775219520,default
1775218300,1_64569,1_100099,208,1_664288940,1_7976388,1775217921,1775218335,default
1775218300,1_46505,1_102619,F Line,1_656236480,1_7975992,1775218980,1775218980,default
1775218300,1_57453,40_102734,566,40_597751250,40_7976588,1775219280,1775219280,default
1775218300,1_57453,1_100060,168,1_664460500,1_7976127,1775219400,1775219400,default
1775218300,3_31002,40_560,560,40_11020,40_9723,1775218544,1775218544,default
1775218300,1_52306,1_102619,F Line,1_694520790,1_7976083,1775218800,1775218800,default
1775218300,1_52306,1_102619,F Line,1_694521050,1_7976226,1775219700,1775219700,default
1775218300,1_9605,1_100259,67,1_534505270,1_7975711,1775218380,1775218428,default
1775218300,1_59282,1_102717,165,1_800649570,1_7393,1775218680,1775217924,default
1775218300,1_59282,1_100072,181,1_721481720,1_7976141,1775218740,1775218740,default
1775218300,1_59282,1_102717,165,1_800649580,1_8023842,1775219880,1775219880,default
1775218300,1_59282,1_100072,181,1_770986350,1_7976082,1775220240,1775220240,default
1775218300,1_59282,1_100072,181,1_721481600,1_7976015,1775221440,1775221440,default
1775218300,1_620,40_100239,550,40_597752040,40_7976612,1775218680,1775218680,default
1775218300,1_10912,1_100162,271,1_569495650,1_7976347,1775219880,1775219880,default
1775218300,1_81982,1_102746,333,1_778705040,1_7238,1775218479,1775218479,default
1775218300,1_10640,1_100252,62,1_800855820,1_8024957,1775220240,1775220240,default
1775218600,1_60161,1_100042,148,1_762076990,1_7976053,1775220300,1775220300,default
1775218600,1_60453,1_102715,162,1_664468640,1_7975993,1775219520,1775219520,default
1775218600,1_575,1_100028,13,1_815907190,1_7153,1775218680,1775218680,default
1775218600,1_46505,1_102619,F Line,1_656236480,1_7975992,1775218980,1775218980,default
1775218600,1_57453,40_102734,566,40_597751250,40_7976588,1775219280,1775219280,default
1775218600,1_57453,1_100060,168,1_664460500,1_7976127,1775219400,1775219400,default
1775218600,1_52306,1_102619,F Line,1_694520790,1_7976083,1775218800,1775218800,default
1775218600,1_52306,1_102619,F Line,1_694521050,1_7976226,1775219700,1775219700,default
1775218600,1_59282,1_100072,181,1_721481720,1_7976141,1775218740,1775218740,default
1775218600,1_59282,1_102717,165,1_800649580,1_8023842,1775219880,1775219880,default
1775218600,1_59282,1_100072,181,1_770986350,1_7976082,1775220240,1775220240,default
1775218600,1_59282,1_100072,181,1_721481600,1_7976015,1775221440,1775221440,default
1775218600,1_60710,1_100512,A Line,1_800643080,1_8023769,1775218753,1775218753,default
1775218600,1_620,40_100240,554,40_774869050,40_7976697,1775218920,1775218920,default
1775218600,1_10912,1_100162,271,1_569495650,1_7976347,1775219880,1775219880,default
1775218600,1_71960,40_100511,542,40_721030940,40_7976602,1775220240,1775220240,default
1775218600,1_10640,1_100252,62,1_800855820,1_8024957,1775220240,1775220240,default
1775218900,1_481,1_102576,C Line,1_800870050,1_8024969,1775218920,1775218920,default
1775218900,1_60161,1_100042,148,1_762076990,1_7976053,1775220300,1775220300,default
1775218900,1_8541,1_100263,7,1_650171950,1_4529,1775218920,1775218738,default
1775218900,1_60453,1_102715,162,1_664468640,1_7975993,1775219520,1775219520,default
1775218900,1_60453,1_102715,162,1_664468650,1_7976113,1775221320,1775221320,default
1775218900,1_46505,1_102619,F Line,1_656236480,1_6243,1775218980,1775218980,default
1775218900,1_46505,1_102619,F Line,1_656236480,1_7975992,1775218980,1775218980,default
1775218900,1_57453,40_102734,566,40_597751250,40_7976588,1775219280,1775219280,default
1775218900,1_57453,1_100060,168,1_664460500,1_7976127,1775219400,1775219400,default
1775218900,1_57453,1_100060,168,1_664460530,1_7976210,1775221200,1775221200,default
1775218900,1_52306,1_102619,F Line,1_694521050,1_7976226,1775219700,1775219700,default
1775218900,1_48390,1_100030,131,1_800858630,1_8024998,1775219004,1775219004,default
1775218900,1_2200,1_102581,D Line,1_732750550,1_7974918,1775219039,1775219039,default
1775218900,1_59282,1_102717,165,1_800649580,1_8023842,1775219880,1775219880,default
1775218900,1_59282,1_100072,181,1_770986350,1_7976082,1775220240,1775220240,default
1775218900,1_59282,1_100072,181,1_721481600,1_7976015,1775221440,1775221440,default
1775218900,1_58138,1_102719,161,1_800652550,1_8023902,1775219058,1775219058,default
1775218900,1_10912,1_100162,271,1_569495650,1_7976347,1775219880,1775219880,default
1775218900,1_71960,40_100511,542,40_721030940,40_7976602,1775220240,1775220240,default
1775218900,1_10640,1_100252,62,1_800855820,1_8024957,1775220240,1775220240,default
1775218900,1_10640,1_100252,62,1_800855830,1_8025077,1775221140,1775221140,default
1775219200,1_60161,1_100042,148,1_762076990,1_7976053,1775220300,1775220300,default
1775219200,1_60453,1_102715,162,1_664468640,1_7975993,1775219520,1775219520,default
1775219200,1_60453,1_102715,162,1_664468650,1_7976113,1775221320,1775221320,default
1775219200,1_320,40_100239,550,40_597752650,40_9653,1775219280,1775219280,default
1775219200,1_57453,40_102734,566,40_597751250,40_9660,1775219280,1775219097,default
1775219200,1_57453,40_102734,566,40_597751250,40_7976588,1775219280,1775219280,default
1775219200,1_57453,1_100060,168,1_664460500,1_7976127,1775219400,1775219400,default
1775219200,1_57453,1_100060,168,1_664460530,1_7976210,1775221200,1775221295,default
1775219200,1_52306,1_102619,F Line,1_694521050,1_7976226,1775219700,1775219700,default
1775219200,1_45670,1_100210,36,1_800582160,1_4404,1775219184,1775219293,default
1775219200,1_59282,1_102717,165,1_800649580,1_8023842,1775219880,1775219880,default
1775219200,1_59282,1_100072,181,1_770986350,1_7976082,1775220240,1775220240,default
1775219200,1_59282,1_100072,181,1_721481600,1_7976015,1775221440,1775221440,default
1775219200,1_10912,1_100162,271,1_569495650,1_7976347,1775219880,1775219880,default
1775219200,1_71960,40_100511,542,40_721030940,40_7976602,1775220240,1775220240,default
1775219200,1_10640,1_100252,62,1_800855820,1_8024957,1775220240,1775220240,default
1775219200,1_10640,1_100252,62,1_800855830,1_8025077,1775221140,1775221140,default
1775219500,1_60161,1_100042,148,1_762076990,1_7976053,1775220300,1775220300,default
1775219500,1_8541,1_100263,7,1_800588940,1_8023405,1775219580,1775219580,default
1775219500,1_60453,1_102715,162,1_664468650,1_7976113,1775221320,1775221320,default
1775219500,1_2850,1_100089,2,1_788758000,1_7099,1775219820,1775218824,default
1775219500,1_46505,1_102619,F Line,1_635448320,1_7976142,1775220180,1775220180,default
1775219500,1_46505,1_102619,F Line,1_635448970,1_7976000,1775221080,1775221080,default
1775219500,1_11590,1_100002,10,1_675385340,1_7974875,1775219558,1775219558,default
1775219500,1_57453,1_100060,168,1_664460530,1_7976210,1775221200,1775221309,default
1775219500,1_57453,1_100060,168,1_635439020,1_7976212,1775223000,1775223000,default
1775219500,1_50774,1_100045,150,1_724420660,1_8190,1775219526,1775219568,default
1775219500,1_11200,1_100447,49,1_801235640,1_8023497,1775219580,1775219580,default
1775219500,1_52306,1_102619,F Line,1_694521050,1_7976226,1775219700,1775219700,default
1775219500,1_8530,1_100005,106,1_662808760,1_7975012,1775219661,1775219661,default
1775219500,1_57804,1_100072,181,1_721481430,1_7976081,1775220082,1775220082,default
1775219500,1_59282,1_102717,165,1_800649580,1_8023842,1775219880,1775219880,default
1775219500,1_59282,1_100072,181,1_770986350,1_7976082,1775220240,1775220240,default
1775219500,1_59282,1_100072,181,1_721481600,1_7976015,1775221440,1775221440,default
1775219500,1_60710,1_100512,A Line,1_800643090,1_8023718,1775219664,1775219664,default
1775219500,1_57791,1_102718,184,1_664464210,1_7975994,1775219723,1775219723,default
1775219500,1_620,40_100236,545,40_806328760,40_8005179,1775219820,1775219758,default
1775219500,1_620,40_100236,545,40_806328760,40_9656,1775219820,1775219758,default
1775219500,1_10912,1_100162,271,1_569495650,1_7976347,1775219880,1775219880,default
1775219500,1_10912,1_100162,271,1_585519130,1_7976348,1775221380,1775221380,default
1775219500,1_71960,40_100511,542,40_721030940,40_7976602,1775220240,1775220240,default
1775219500,1_10640,1_100252,62,1_800855820,1_8024957,1775220240,1775220240,default
1775219500,1_10640,1_100252,62,1_800855830,1_8025077,1775221140,1775221140,default
1775219800,1_481,1_102576,C Line,1_800870060,1_8024966,1775219820,1775219820,default
1775219800,1_60161,1_100042,148,1_762076990,1_7976053,1775220300,1775220300,default
1775219800,1_60453,1_102715,162,1_664468650,1_7976113,1775221320,1775221320,default
1775219800,1_46505,1_102619,F Line,1_635448320,1_7976142,1775220180,1775220180,default
1775219800,1_46505,1_102619,F Line,1_635448970,1_7976000,1775221080,1775221080,default
1775219800,1_46505,1_102619,F Line,1_635449240,1_7976074,1775221680,1775221680,default
1775219800,1_1190,1_100447,49,1_801235620,1_8023492,1775219813,1775219846,default
1775219800,1_27420,23_102638,First Hill Streetcar,23_55295670,block_7769571_schedBasedVehicle,1775220060,1775219949,default
1775219800,1_57453,1_100060,168,1_664460530,1_7976210,1775221200,1775221394,default
1775219800,1_57453,1_100060,168,1_635439020,1_7976212,1775223000,1775223000,default
1775219800,1_52306,1_102619,F Line,1_694521160,1_7975997,1775220600,1775220600,default
1775219800,1_2200,1_102581,D Line,1_732750310,1_7975590,1775219999,1775219999,default
1775219800,1_57804,1_100072,181,1_721481430,1_7976081,1775220082,1775220082,default
1775219800,1_59282,1_100072,181,1_770986350,1_7976082,1775220240,1775220240,default
1775219800,1_59282,1_100072,181,1_721481600,1_7976015,1775221440,1775221440,default
1775219800,1_59282,1_102717,165,1_800649600,1_8023877,1775222340,1775222340,default
1775219800,1_85531,1_102757,187,1_762094800,1_7976069,1775220000,1775220000,default
1775219800,1_57420,1_102720,160,1_770988640,1_7976105,1775219946,1775219946,default
1775219800,1_10912,1_100162,271,1_585519130,1_7976348,1775221380,1775221380,default
1775219800,1_71960,40_100511,542,40_721030940,40_7976602,1775220240,1775220240,default
1775219800,1_10640,1_100252,62,1_800855820,1_8024957,1775220240,1775220240,default
1775219800,1_10640,1_100252,62,1_800855830,1_8025077,1775221140,1775221140,default
1775219800,1_10640,1_100252,62,1_800855840,1_8025066,1775222040,1775222040,default
1775220100,1_22196,1_102736,H Line,1_694057580,1_7974890,1775220159,1775220159,default
1775220100,1_60161,1_100042,148,1_762076990,1_7976053,1775220300,1775220300,default
1775220100,1_60161,1_100042,148,1_762077410,1_7976051,1775222100,1775222100,default
1775220100,1_12770,1_100228,48,1_759805130,1_7974613,1775220194,1775220194,default
1775220100,1_60453,1_102715,162,1_664468650,1_7976113,1775221320,1775221320,default
1775220100,1_46505,1_102619,F Line,1_635448320,1_7976142,1775220180,1775220180,default
1775220100,1_46505,1_102619,F Line,1_635448970,1_7976000,1775221080,1775221080,default
1775220100,1_46505,1_102619,F Line,1_635449240,1_7976074,1775221680,1775221680,default
1775220100,1_57453,1_100060,168,1_664460530,1_7976210,1775221200,1775221494,default
1775220100,1_57453,1_100060,168,1_635439020,1_7976212,1775223000,1775223000,default
1775220100,3_31002,40_560,560,40_2359020,40_9220,1775220214,1775220214,default
1775220100,1_52306,1_102619,F Line,1_694521160,1_7975997,1775220600,1775220600,default
1775220100,1_52306,1_102619,F Line,1_635449090,1_7976017,1775221500,1775221500,default
1775220100,1_17950,1_100062,17,1_651754470,1_7974580,1775222280,1775222280,default
1775220100,1_59282,1_100072,181,1_770986350,1_7976082,1775220240,1775220240,default
1775220100,1_59282,1_100072,181,1_721481600,1_7976015,1775221440,1775221440,default
1775220100,1_59282,1_102717,165,1_800649600,1_8023877,1775222340,1775222340,default
1775220100,1_620,40_100239,550,40_597754060,40_7976645,1775220600,1775220600,default
1775220100,1_10912,1_100224,44,1_562536520,1_7974923,1775220265,1775220265,default
1775220100,1_10912,1_100162,271,1_585519130,1_7976348,1775221380,1775221380,default
1775220100,1_71960,40_100511,542,40_721030780,40_7976603,1775222220,1775222220,default
1775220100,1_81982,1_102746,333,1_778704410,1_7975727,1775220279,1775220279,default
1775220100,1_10640,1_100252,62,1_800855830,1_8025077,1775221140,1775221140,default
1775220100,1_10640,1_100252,62,1_800855840,1_8025066,1775222040,1775222040,default
1775220400,1_46791,1_100016,118,1_635461240,1_7976006,1775220600,1775220600,default
1775220400,1_60161,1_100042,148,1_762077410,1_7976051,1775222100,1775222100,default
1775220400,1_60453,1_102715,162,1_664468650,1_7976113,1775221320,1775221320,default
1775220400,1_575,1_102576,C Line,1_800869250,1_8024967,1775220480,1775220480,default
1775220400,1_46505,1_102619,F Line,1_635448970,1_7976000,1775221080,1775221080,default
1775220400,1_46505,1_102619,F Line,1_635449240,1_7976074,1775221680,1775221680,default
1775220400,1_57453,1_100060,168,1_664460530,1_7976210,1775221200,1775221522,default
1775220400,1_57453,1_100060,168,1_635439020,1_7976212,1775223000,1775223000,default
1775220400,1_52306,1_102619,F Line,1_694521160,1_7975997,1775220600,1775220600,default
1775220400,1_52306,1_102619,F Line,1_635449090,1_7976017,1775221500,1775221500,default
1775220400,1_17950,1_100062,17,1_651754470,1_7974580,1775222280,1775222280,default
1775220400,1_59282,1_102717,165,1_800649590,1_8023716,1775221200,1775221200,default
1775220400,1_59282,1_100072,181,1_721481600,1_7976015,1775221440,1775221440,default
1775220400,1_59282,1_102717,165,1_800649600,1_8023877,1775222340,1775222340,default
1775220400,1_18580,1_100252,62,1_800855010,1_8024964,1775220545,1775220545,default
1775220400,1_60710,1_100512,A Line,1_800643100,1_8023719,1775220564,1775220564,default
1775220400,1_620,40_100239,550,40_597754060,40_7976645,1775220600,1775220600,default
1775220400,1_10912,1_100162,271,1_585519130,1_7976348,1775221380,1775221380,default
1775220400,1_10912,40_100511,542,40_569563230,40_7976607,1775222040,1775222040,default
1775220400,1_71960,40_100511,542,40_721030780,40_7976603,1775222220,1775222220,default
1775220400,1_10640,1_100252,62,1_800855830,1_8025077,1775221140,1775221140,default
1775220400,1_10640,1_100252,62,1_800855840,1_8025066,1775222040,1775222040,default
1775220400,1_68400,1_100136,245,1_761786910,1_7976393,1775220594,1775220594,default
1775220400,1_76310,40_100232,522,40_635897130,40_7976743,1775220602,1775220602,default
1775220700,1_481,1_102576,C Line,1_800869530,1_8024970,1775220720,1775220720,default
1775220700,1_60161,1_100042,148,1_762077410,1_7976051,1775222100,1775222100,default
1775220700,1_60453,1_102715,162,1_664468650,1_7976113,1775221320,1775221320,default
1775220700,1_2850,1_100089,2,1_788758010,1_8023466,1775221620,1775221620,default
1775220700,1_46505,1_102619,F Line,1_635448970,1_7976000,1775221080,1775221080,default
1775220700,1_46505,1_102619,F Line,1_635449240,1_7976074,1775221680,1775221680,default
1775220700,1_29423,1_102732,79,1_816446280,1_8022070,1775222700,1775222700,default
1775220700,1_27290,1_100161,27,1_759817270,1_7974629,1775220750,1775220750,default
1775220700,1_57453,1_100060,168,1_664460530,1_7976210,1775221200,1775221420,default
1775220700,1_57453,1_100060,168,1_635439020,1_7976212,1775223000,1775223000,default
1775220700,1_52306,40_560,560,40_2359020,40_9220,1775220840,1775220840,default
1775220700,1_52306,1_102619,F Line,1_635449090,1_7976017,1775221500,1775221500,default
1775220700,1_48390,1_100030,131,1_800858050,1_8024984,1775220804,1775220804,default
1775220700,1_17950,1_100062,17,1_651754470,1_7974580,1775222280,1775222280,default
1775220700,1_71970,1_102753,222,1_774817710,1_7976417,1775220858,1775220858,default
1775220700,1_39983,1_102736,H Line,1_694057180,1_7974887,1775220840,1775220840,default
1775220700,1_59282,1_102717,165,1_800649590,1_8023716,1775221200,1775221200,default
1775220700,1_59282,1_100072,181,1_721481600,1_7976015,1775221440,1775221440,default
1775220700,1_59282,1_102717,165,1_800649600,1_8023877,1775222340,1775222340,default
1775220700,1_10912,1_100162,271,1_585519130,1_7976348,1775221380,1775221380,default
1775220700,1_10912,40_100511,542,40_569563230,40_7976607,1775222040,1775222040,default
1775220700,1_71960,40_100511,542,40_721030780,40_7976603,1775222220,1775222220,default
1775220700,1_10640,1_100252,62,1_800855830,1_8025077,1775221140,1775221140,default
1775220700,1_10640,1_100252,62,1_800855840,1_8025066,1775222040,1775222040,default
1775220700,1_10640,1_100252,62,1_800855850,1_8025081,1775222940,1775222940,default
1775221000,1_60161,1_100042,148,1_762077410,1_7976051,1775222100,1775222100,default
1775221000,1_970,1_100045,150,1_800669650,1_8023794,1775221032,1775221032,default
1775221000,1_8541,1_100263,7,1_650171980,1_4539,1775221020,1775221020,default
1775221000,1_60453,1_102715,162,1_664468650,1_7976113,1775221320,1775221320,default
1775221000,1_60453,1_102715,162,1_693754380,1_7976115,1775223120,1775223120,default
1775221000,1_60453,1_102715,162,1_693754390,1_7976013,1775224500,1775224500,default
1775221000,1_2850,1_100089,2,1_788758010,1_7095,1775221620,1775220744,default
1775221000,1_2850,1_100089,2,1_788758010,1_8023466,1775221620,1775221620,default
1775221000,1_46505,1_102619,F Line,1_635448970,1_7976000,1775221080,1775221080,default
1775221000,1_46505,1_102619,F Line,1_635449240,1_7976074,1775221680,1775221680,default
1775221000,1_29423,1_102732,79,1_816446280,1_8022070,1775222700,1775222700,default
1775221000,1_57453,1_100060,168,1_664460530,1_7976210,1775221200,1775221441,default
1775221000,1_57453,1_100060,168,1_635439020,1_7976212,1775223000,1775223041,default
1775221000,1_2320,1_100001,1,1_562518430,1_7974977,1775221124,1775221124,default
1775221000,1_73366,1_102548,B Line,1_721018210,1_7976621,1775221080,1775221080,default
1775221000,1_52306,1_102619,F Line,1_635449090,1_7976017,1775221500,1775221500,default
1775221000,1_52306,1_102619,F Line,1_656237160,1_7976085,1775222400,1775222400,default
1775221000,1_17950,1_100062,17,1_651754470,1_7974580,1775222280,1775222280,default
1775221000,1_74400,1_100146,255,1_635875730,1_7976650,1775221112,1775221112,default
1775221000,1_57804,1_100072,181,1_721490210,1_7976033,1775221582,1775221582,default
1775221000,1_59282,1_102717,165,1_800649590,1_8023716,1775221200,1775221200,default
1775221000,1_59282,1_100072,181,1_721481600,1_7976015,1775221440,1775221440,default
1775221000,1_59282,1_102717,165,1_800649600,1_8023877,1775222340,1775222340,default
1775221000,1_59282,1_102717,165,1_800649610,1_8023881,1775223540,1775223540,default
1775221000,1_10912,1_100162,271,1_585519130,1_7976348,1775221380,1775221380,default
1775221000,1_10912,40_100511,542,40_569563230,40_7976607,1775222040,1775222040,default
1775221000,1_71960,40_100511,542,40_721030780,40_7976603,1775222220,1775222220,default
1775221000,1_10640,1_100252,62,1_800855840,1_8025066,1775222040,1775222040,default
1775221000,1_10640,1_100252,62,1_800855850,1_8025081,1775222940,1775222940,default
1775221300,1_60161,1_100042,148,1_762077410,1_7976051,1775222100,1775222100,default
1775221300,1_970,1_100045,150,1_800669650,1_6975,1775221032,1775221320,default
1775221300,1_8541,1_100005,106,1_727785840,1_7975012,1775221380,1775221320,default
1775221300,1_60453,1_102715,162,1_693754380,1_7976115,1775223120,1775223120,default
1775221300,1_60453,1_102715,162,1_693754390,1_7976013,1775224500,1775224500,default
1775221300,1_2850,1_100089,2,1_788758010,1_7095,1775221620,1775220744,default
1775221300,1_46505,1_102619,F Line,1_635449240,1_7976074,1775221680,1775221680,default
1775221300,1_46505,1_102619,F Line,1_635449510,1_7975996,1775222880,1775222880,default
1775221300,1_29423,1_102732,79,1_816446280,1_8022070,1775222700,1775222700,default
1775221300,1_27420,1_100161,27,1_759817270,1_7974629,1775221354,1775221354,default
1775221300,1_11590,1_100002,10,1_675385350,1_7974882,1775221358,1775221358,default
1775221300,1_57453,1_100060,168,1_664460530,1_7976210,1775221200,1775221448,default
1775221300,1_57453,1_100060,168,1_635439020,1_7976212,1775223000,1775223000,default
1775221300,1_57453,1_100060,168,1_635438980,1_7976209,1775224800,1775224800,default
1775221300,1_52306,1_102619,F Line,1_635449090,1_7976017,1775221500,1775221500,default
1775221300,1_52306,1_102619,F Line,1_656237160,1_7976085,1775222400,1775222400,default
1775221300,1_8530,1_100005,106,1_727785880,1_7975010,1775221461,1775221461,default
1775221300,1_17950,1_100062,17,1_651754470,1_7974580,1775222280,1775222280,default
1775221300,1_57804,1_100072,181,1_721490210,1_7976033,1775221582,1775221582,default
1775221300,1_59282,1_100072,181,1_721481430,1_7976081,1775221440,1775221440,default
1775221300,1_59282,1_100072,181,1_721481600,1_7976015,1775221440,1775221440,default
1775221300,1_59282,1_102717,165,1_800649600,1_8023877,1775222340,1775222340,default
1775221300,1_59282,1_102717,165,1_800649610,1_8023881,1775223540,1775223540,default
1775221300,1_59872,1_102619,F Line,1_694521050,1_7976226,1775221432,1775221432,default
1775221300,1_60710,1_100512,A Line,1_800643110,1_8023745,1775221464,1775221464,default
1775221300,1_10912,40_100511,542,40_569563230,40_7976607,1775222040,1775222040,default
1775221300,1_10912,1_100162,271,1_585518960,1_7976343,1775223180,1775223180,default
1775221300,1_71960,40_100511,542,40_721030780,40_7976603,1775222220,1775222220,default
1775221300,1_10640,1_100252,62,1_800855840,1_8025066,1775222040,1775222040,default
1775221300,1_10640,1_100252,62,1_800855850,1_8025081,1775222940,1775222940,default
1775221600,1_481,1_102576,C Line,1_800869380,1_8024965,1775221620,1775221620,default
1775221600,1_60161,1_100042,148,1_762077410,1_7976051,1775222100,1775222100,default
1775221600,1_8541,1_100005,106,1_727785840,1_7136,1775221380,1775221630,default
1775221600,1_60453,1_102715,162,1_693754380,1_7976115,1775223120,1775223120,default
1775221600,1_60453,1_102715,162,1_693754390,1_7976013,1775224500,1775224500,default
1775221600,1_46505,1_102619,F Line,1_635449240,1_7976074,1775221680,1775221680,default
1775221600,1_46505,1_102619,F Line,1_635448470,1_7976083,1775222280,1775222280,default
1775221600,1_46505,1_102619,F Line,1_635449510,1_7975996,1775222880,1775222880,default
1775221600,1_29423,1_102732,79,1_816446280,1_8022070,1775222700,1775222700,default
1775221600,1_57453,1_100060,168,1_635439020,1_7976212,1775223000,1775223043,default
1775221600,1_57453,1_100060,168,1_635438980,1_7976209,1775224800,1775224800,default
1775221600,1_68130,1_102548,B Line,1_721018360,1_6021,1775221697,1775221697,default
1775221600,1_52306,1_102619,F Line,1_656237160,1_7976085,1775222400,1775222400,default
1775221600,1_32013,1_100246,57,1_801580930,1_8025806,1775223600,1775223600,default
1775221600,1_45670,1_100210,36,1_800583020,1_4301,1775221612,1775221696,default
1775221600,1_40030,1_102574,40,1_811901460,1_8294,1775221580,1775221720,default
1775221600,1_17950,1_100062,17,1_651754470,1_7974580,1775222280,1775222280,default
1775221600,1_38220,1_100214,372,1_694305780,1_7976749,1775221718,1775221718,default
1775221600,1_57650,1_102718,184,1_664464520,1_7976125,1775221719,1775221719,default
1775221600,1_2200,1_102581,D Line,1_732750380,1_7974913,1775221799,1775221799,default
1775221600,1_39983,1_102736,H Line,1_694057780,1_7974888,1775221740,1775221740,default
1775221600,1_59282,1_100072,181,1_721481900,1_7442,1775222640,1775221404,default
1775221600,1_59282,1_102717,165,1_800649600,1_8023877,1775222340,1775222340,default
1775221600,1_59282,1_102717,165,1_800649610,1_8023881,1775223540,1775223540,default
1775221600,1_620,1_100104,212,1_774865860,1_7976679,1775221860,1775221860,default
1775221600,1_10912,40_100511,542,40_569563230,40_7976607,1775222040,1775222040,default
1775221600,1_10912,1_100162,271,1_585518960,1_7976343,1775223180,1775223180,default
1775221600,1_10912,40_100511,542,40_569560200,40_7976602,1775223840,1775223840,default
1775221600,1_71960,40_100511,542,40_721030780,40_7976603,1775222220,1775222220,default
1775221600,1_10640,1_100252,62,1_800855840,1_8290,1775222040,1775221552,default
1775221600,1_10640,1_100252,62,1_800855840,1_8025066,1775222040,1775222040,default
1775221600,1_10640,1_100252,62,1_800855850,1_8025081,1775222940,1775222940,default
1775221900,1_22196,1_102736,H Line,1_694057570,1_7974963,1775221926,1775221926,default
1775221900,1_60161,1_100042,148,1_762077410,1_7976051,1775222100,1775222100,default
1775221900,1_60161,1_100042,148,1_762077410,1_7352,1775222100,1775222100,default
1775221900,1_30510,1_100006,107,1_800656270,1_8023887,1775221959,1775221959,default
1775221900,1_60453,1_102715,162,1_693754380,1_7976115,1775223120,1775223120,default
1775221900,1_60453,1_102715,162,1_693754390,1_7976013,1775224500,1775224500,default
1775221900,1_575,1_100028,13,1_815907200,1_7155,1775221980,1775221980,default
1775221900,1_13830,1_100193,32,1_774662940,1_7974630,1775221939,1775221939,default
1775221900,1_46505,1_102619,F Line,1_635448470,1_6235,1775222280,1775221788,default
1775221900,1_46505,1_102619,F Line,1_635448470,1_7976083,1775222280,1775222280,default
1775221900,1_46505,1_102619,F Line,1_635449510,1_7975996,1775222880,1775222880,default
1775221900,1_29423,1_102732,79,1_816446280,1_8022070,1775222700,1775222700,default
1775221900,1_40060,1_102574,40,1_811901620,1_8026388,1775221945,1775221945,default
1775221900,1_47660,1_102736,H Line,1_694057180,1_7974887,1775221983,1775221983,default
1775221900,1_57453,1_100060,168,1_635439020,1_7976212,1775223000,1775223000,default
1775221900,1_57453,1_100060,168,1_635438980,1_7976209,1775224800,1775224800,default
1775221900,1_77460,1_100205,348,1_771626840,1_7975646,1775221965,1775221965,default
1775221900,1_52306,1_102619,F Line,1_656237160,1_7976085,1775222400,1775222400,default
1775221900,1_52306,1_102619,F Line,1_656236500,1_7975992,1775223000,1775223000,default
1775221900,1_52306,1_102619,F Line,1_656237320,1_7976225,1775223600,1775223600,default
1775221900,1_32013,1_100246,57,1_801580930,1_8025806,1775223600,1775223600,default
1775221900,1_17950,1_100062,17,1_651754470,1_7974580,1775222280,1775222280,default
1775221900,1_40065,1_102574,40,1_811901620,1_8026388,1775222029,1775222029,default
1775221900,1_41850,1_100006,107,1_800656270,1_8023887,1775222030,1775222030,default
1775221900,1_22184,1_100024,125,1_721357600,1_7974702,1775222023,1775222023,default
1775221900,1_59282,1_100072,181,1_721481900,1_7442,1775222640,1775221404,default
1775221900,1_59282,1_102717,165,1_800649600,1_8023877,1775222340,1775222340,default
1775221900,1_59282,1_102717,165,1_800649610,1_8023881,1775223540,1775223540,default
1775221900,1_23905,1_100214,372,1_694305780,1_7976749,1775222112,1775222112,default
1775221900,1_620,40_100239,550,40_597754840,40_7976646,1775222520,1775222520,default
1775221900,1_10912,1_100264,70,1_801594290,1_8226,1775222065,1775222065,default
1775221900,1_10912,1_100162,271,1_585518960,1_7976343,1775223180,1775223180,default
1775221900,1_10912,40_100511,542,40_569560200,40_7976602,1775223840,1775223840,default
1775221900,1_71960,40_100511,542,40_721030780,40_7976603,1775222220,1775222220,default
1775221900,1_71960,40_100511,542,40_721031240,40_7976608,1775223480,1775223480,default
1775221900,1_81982,1_102746,333,1_778704850,1_7212,1775222079,1775222079,default
1775221900,1_10640,1_100252,62,1_800855850,1_8025081,1775222940,1775222940,default
1775222200,1_5830,1_100229,5,1_809331870,1_8026439,1775222177,1775222211,default
1775222200,1_60161,1_100042,148,1_762076880,1_7976052,1775225580,1775225580,default
1775222200,1_60453,1_102715,162,1_693754380,1_7976115,1775223120,1775223120,default
1775222200,1_60453,1_102715,162,1_693754390,1_7976013,1775224500,1775224500,default
1775222200,1_320,40_100239,550,40_597754050,40_9683,1775222280,1775222289,default
1775222200,1_13830,1_102581,D Line,1_732750210,1_7975593,1775222254,1775222254,default
1775222200,1_46505,1_102619,F Line,1_635448470,1_6235,1775222280,1775221788,default
1775222200,1_46505,1_102619,F Line,1_635449510,1_7975996,1775222880,1775222880,default
1775222200,1_29423,1_102732,79,1_816446280,1_8022070,1775222700,1775222700,default
1775222200,1_57453,1_100060,168,1_635439020,1_7976212,1775223000,1775223000,default
1775222200,1_57453,1_100060,168,1_635438980,1_7976209,1775224800,1775224800,default
1775222200,1_52306,1_102619,F Line,1_656237160,1_7976085,1775222400,1775222400,default
1775222200,1_52306,1_102619,F Line,1_656236500,1_7975992,1775223000,1775223000,default
1775222200,1_52306,1_102619,F Line,1_656237320,1_7976225,1775223600,1775223600,default
1775222200,1_32013,1_100246,57,1_801580930,1_8025806,1775223600,1775223600,default
1775222200,1_57804,1_100072,181,1_721481760,1_7976037,1775222782,1775222782,default
1775222200,1_59282,1_100072,181,1_721481900,1_7442,1775222640,1775221404,default
1775222200,1_59282,1_102717,165,1_800649600,1_8023877,1775222340,1775222340,default
1775222200,1_59282,1_102717,165,1_800649610,1_8023881,1775223540,1775223540,default
1775222200,1_59872,1_102619,F Line,1_694521160,1_7975997,1775222332,1775222332,default
1775222200,1_60710,1_100512,A Line,1_800643120,1_8023849,1775222375,1775222375,default
1775222200,1_59936,1_102720,160,1_664467050,1_7438,1775222169,1775222353,default
1775222200,1_620,40_100239,550,40_597754840,40_7976646,1775222520,1775222520,default
1775222200,1_620,1_100104,212,1_774865870,1_7976677,1775223060,1775223060,default
1775222200,1_10912,1_100162,271,1_585518960,1_7976343,1775223180,1775223180,default
1775222200,1_10912,40_100511,542,40_569560200,40_7976602,1775223840,1775223840,default
1775222200,1_71960,40_100511,542,40_721031240,40_7976608,1775223480,1775223480,default
1775222200,1_10640,1_100252,62,1_800855850,1_8025081,1775222940,1775222940,default
1775222200,1_8403,1_100039,14,1_562518450,1_7974978,1775222400,1775222400,default
1775222500,1_103,1_102745,G Line,1_736434450,1_7974686,1775222535,1775222535,default
1775222500,1_12170,1_100039,14,1_562518450,1_7974978,1775222595,1775222595,default
1775222500,1_481,1_102576,C Line,1_800868710,1_8024974,1775222520,1775222520,default
1775222500,1_22196,1_102736,H Line,1_694057460,1_7974892,1775222526,1775222526,default
1775222500,1_60161,1_100042,148,1_762076880,1_7976052,1775225580,1775225580,default
1775222500,1_8541,1_100263,7,1_650172000,1_7974935,1775222580,1775222580,default
1775222500,1_60453,1_102715,162,1_693754380,1_7976115,1775223120,1775223120,default
1775222500,1_60453,1_102715,162,1_693754390,1_7976013,1775224500,1775224500,default
1775222500,1_60453,1_102715,162,1_693754400,1_7976026,1775225940,1775225940,default
1775222500,1_51651,1_102736,H Line,1_694057590,1_7974893,1775222558,1775222558,default
1775222500,1_320,40_594,594,40_1397020,40_9738,1775222700,1775222700,default
1775222500,1_46505,1_102619,F Line,1_635449510,1_7975996,1775222880,1775222880,default
1775222500,1_29423,1_102732,79,1_816446280,1_8022070,1775222700,1775222700,default
1775222500,1_280,40_100240,554,40_560096790,40_7976692,1775222425,1775222557,default
1775222500,1_27290,1_100161,27,1_759817370,1_7974706,1775222550,1775222550,default
1775222500,1_57453,1_100060,168,1_635439020,1_7976212,1775223000,1775223048,default
1775222500,1_57453,1_100060,168,1_635438980,1_7976209,1775224800,1775224800,default
1775222500,1_73366,1_102548,B Line,1_721018360,1_7976623,1775222630,1775222630,default
1775222500,1_52306,1_100031,132,1_800858420,1_8024994,1775222580,1775222580,default
1775222500,1_52306,1_102619,F Line,1_656236500,1_7975992,1775223000,1775223000,default
1775222500,1_52306,1_102619,F Line,1_656237320,1_7976225,1775223600,1775223600,default
1775222500,1_32013,1_100246,57,1_801580930,1_8025806,1775223600,1775223600,default
1775222500,1_32013,1_100246,57,1_801580910,1_8025809,1775225820,1775225820,default
1775222500,1_17950,1_100062,17,1_651754500,1_7974575,1775224680,1775224680,default
1775222500,1_71970,1_102753,222,1_774817720,1_7976391,1775222658,1775222658,default
1775222500,1_2200,1_100001,1,1_562520970,1_7974987,1775222426,1775222654,default
1775222500,1_57804,1_100072,181,1_721481760,1_7976037,1775222782,1775222782,default
1775222500,1_39983,1_102736,H Line,1_694057220,1_7974889,1775222640,1775222640,default
1775222500,1_59282,1_100072,181,1_721481900,1_7442,1775222640,1775221404,default
1775222500,1_59282,1_102717,165,1_800649610,1_8023881,1775223540,1775223540,default
1775222500,1_32120,1_100345,987,1_785360680,1_8005289,1775223540,1775223540,default
1775222500,1_620,40_100240,554,40_774870300,40_7976706,1775222760,1775222760,default
1775222500,1_620,1_100104,212,1_774865870,1_7976677,1775223060,1775223060,default
1775222500,1_10912,1_100162,271,1_585518960,1_7976343,1775223180,1775223180,default
1775222500,1_10912,40_100511,542,40_569560200,40_7976602,1775223840,1775223840,default
1775222500,1_10912,1_100162,271,1_569495510,1_7976369,1775224320,1775224320,default
1775222500,1_71960,40_100511,542,40_721031240,40_7976608,1775223480,1775223480,default
1775222500,1_10640,1_100252,62,1_800855860,1_8006,1775223840,1775222551,default
1775222500,1_10640,1_100252,62,1_800855850,1_8025081,1775222940,1775222940,default
1775222500,1_10640,1_100252,62,1_800855860,1_8024964,1775223840,1775223840,default
1775222500,1_10640,1_100252,62,1_800855870,1_8025067,1775224320,1775224320,default
1775222800,1_60161,1_100042,148,1_762077240,1_3757,1775223900,1775222550,default
1775222800,1_60161,1_100042,148,1_762076880,1_7976052,1775225580,1775225580,default
1775222800,1_60453,1_102715,162,1_693754380,1_7976115,1775223120,1775223120,default
1775222800,1_60453,1_102715,162,1_693754390,1_7976013,1775224500,1775224500,default
1775222800,1_60453,1_102715,162,1_693754400,1_7976026,1775225940,1775225940,default
1775222800,1_2850,1_100089,2,1_788758020,1_8023443,1775223300,1775223300,default
1775222800,1_46505,1_102619,F Line,1_635449510,1_7975996,1775222880,1775222880,default
1775222800,1_46505,1_102619,F Line,1_635448760,1_7976226,1775223480,1775223480,default
1775222800,1_47660,1_102736,H Line,1_694057780,1_7974888,1775222883,1775222883,default
1775222800,1_57453,1_100060,168,1_635439020,1_7976212,1775223000,1775223000,default
1775222800,1_57453,1_100060,168,1_635438980,1_7976209,1775224800,1775224800,default
1775222800,1_50774,1_100045,150,1_693747990,1_7976060,1775222859,1775222871,default
1775222800,1_11569,1_100002,10,1_675385360,1_7974875,1775222901,1775222901,default
1775222800,1_52306,1_102619,F Line,1_656236500,1_7975992,1775223000,1775223000,default
1775222800,1_52306,1_102619,F Line,1_656237320,1_7976225,1775223600,1775223600,default
1775222800,1_32013,1_100246,57,1_801580930,1_8025806,1775223600,1775223600,default
1775222800,1_32013,1_100246,57,1_801580910,1_8025809,1775225820,1775225820,default
1775222800,1_17950,1_100062,17,1_651754500,1_7974575,1775224680,1775224680,default
1775222800,1_59282,1_100072,181,1_721490210,1_7976033,1775222940,1775222940,default
1775222800,1_59282,1_102717,165,1_800649610,1_8023881,1775223540,1775223540,default
1775222800,1_23905,1_100214,372,1_694305850,1_7976750,1775222952,1775222952,default
1775222800,1_32120,1_100345,987,1_785360680,1_8005289,1775223540,1775223540,default
1775222800,1_10210,1_100264,70,1_801594290,1_8026409,1775222999,1775222999,default
1775222800,1_620,1_100104,212,1_774865870,1_7976677,1775223060,1775223060,default
1775222800,1_10912,1_100162,271,1_585518960,1_7976343,1775223180,1775223180,default
1775222800,1_10912,40_100511,542,40_569560200,40_7976602,1775223840,1775223840,default
1775222800,1_10912,1_100162,271,1_569495510,1_7976369,1775224320,1775224320,default
1775222800,1_10912,1_100162,271,1_569496460,1_7976349,1775224920,1775224920,default
1775222800,1_71960,40_100511,542,40_721031240,40_7976608,1775223480,1775223480,default
1775222800,1_81982,1_102746,333,1_778704690,1_8181,1775222979,1775222979,default
1775222800,1_10640,1_100252,62,1_800855860,1_8006,1775223840,1775222551,default
1775222800,1_10640,1_100252,62,1_800855870,1_8025067,1775224320,1775224320,default
1775222800,1_8403,1_100039,14,1_562518440,1_7974986,1775222880,1775222880,default
1775223100,1_60161,1_100042,148,1_762077240,1_3757,1775223900,1775222550,default
1775223100,1_60161,1_100042,148,1_762076880,1_7976052,1775225580,1775225580,default
1775223100,1_30790,1_100249,60,1_801584880,1_8025826,1775223157,1775223157,default
1775223100,1_60453,1_102715,162,1_693754390,1_7976013,1775224500,1775224500,default
1775223100,1_60453,1_102715,162,1_693754400,1_7976026,1775225940,1775225940,default
1775223100,1_13830,1_102581,D Line,1_732750240,1_7974920,1775223154,1775223154,default
1775223100,1_2850,1_100089,2,1_788758020,1_8023443,1775223300,1775223300,default
1775223100,1_46505,1_102619,F Line,1_635448760,1_7976226,1775223480,1775223480,default
1775223100,1_27420,1_100161,27,1_759817370,1_7974706,1775223154,1775223154,default
1775223100,1_57453,1_100060,168,1_635438980,1_7976209,1775224800,1775224800,default
1775223100,1_57453,1_100060,168,1_664460750,1_7976093,1775226600,1775226600,default
1775223100,1_75390,1_102746,333,1_778703800,1_7232,1775223159,1775223159,default
1775223100,3_31002,1_102736,H Line,1_694057220,1_7974889,1775223166,1775223166,default
1775223100,1_52306,1_102619,F Line,1_656237320,1_7976225,1775223600,1775223600,default
1775223100,1_52306,1_102619,F Line,1_656236200,1_7976142,1775224200,1775224200,default
1775223100,1_32013,1_100246,57,1_801580930,1_8250,1775223600,1775223600,default
1775223100,1_32013,1_100246,57,1_801580930,1_8025806,1775223600,1775223600,default
1775223100,1_32013,1_100246,57,1_801580910,1_8025809,1775225820,1775225820,default
1775223100,1_30800,1_100249,60,1_801584880,1_8025826,1775223198,1775223198,default
1775223100,1_40030,1_102574,40,1_811901160,1_8229,1775223200,1775223245,default
1775223100,1_17950,1_100062,17,1_651754500,1_7974575,1775224680,1775224680,default
1775223100,1_39983,1_102736,H Line,1_694057280,1_7974895,1775223240,1775223240,default
1775223100,1_59282,1_100072,181,1_721490190,1_7439,1775223840,1775222875,default
1775223100,1_59282,1_102717,165,1_800649610,1_8023881,1775223540,1775223540,default
1775223100,1_32120,1_100345,987,1_785360680,1_8005289,1775223540,1775223540,default
1775223100,1_59872,1_102619,F Line,1_635449090,1_7976017,1775223232,1775223232,default
1775223100,1_60710,1_100512,A Line,1_800643130,1_8023805,1775223286,1775223286,default
1775223100,1_59810,1_100042,148,1_762077410,1_7976051,1775223262,1775223262,default
1775223100,1_10912,1_100264,70,1_801594400,1_8211,1775223265,1775223265,default
1775223100,1_10912,40_100511,542,40_569560200,40_7976602,1775223840,1775223840,default
1775223100,1_10912,1_100162,271,1_569495510,1_7976369,1775224320,1775224320,default
1775223100,1_10912,1_100162,271,1_569496460,1_7976349,1775224920,1775224920,default
1775223100,1_71960,40_100511,542,40_721031240,40_7976608,1775223480,1775223480,default
1775223100,1_10640,1_100252,62,1_800855860,1_8006,1775223840,1775222551,default
1775223100,1_10640,1_100252,62,1_800855870,1_8025067,1775224320,1775224320,default
1775223100,1_11600,1_100002,10,1_675385360,1_7974875,1775223275,1775223275,default
1775223100,1_76310,40_100232,522,40_635897590,40_7976771,1775223315,1775223315,default
1775223400,1_481,1_102576,C Line,1_800869280,1_8024967,1775223420,1775223420,default
1775223400,1_77930,1_102746,333,1_778703790,1_7975730,1775223419,1775223419,default
1775223400,1_22196,1_102736,H Line,1_694057550,1_7974896,1775223426,1775223426,default
1775223400,1_60161,1_100042,148,1_762077240,1_3757,1775223900,1775222550,default
1775223400,1_60161,1_100042,148,1_762076880,1_7976052,1775225580,1775225580,default
1775223400,1_60453,1_102715,162,1_693754390,1_6954,1775224500,1775223189,default
1775223400,1_60453,1_102715,162,1_693754390,1_7976013,1775224500,1775224500,default
1775223400,1_60453,1_102715,162,1_693754400,1_7976026,1775225940,1775225940,default
1775223400,1_320,40_100239,550,40_597750710,40_9811,1775223300,1775223429,default
1775223400,1_46505,1_102619,F Line,1_635448760,1_7976226,1775223480,1775223480,default
1775223400,1_40060,1_102574,40,1_811901250,1_8026390,1775223445,1775223445,default
1775223400,1_57453,1_100060,168,1_635438980,1_7976209,1775224800,1775224857,default
1775223400,1_57453,1_100060,168,1_664460750,1_7976093,1775226600,1775226600,default
1775223400,1_73366,1_102548,B Line,1_721017980,1_7976630,1775223530,1775223530,default
1775223400,1_52306,1_102619,F Line,1_656237320,1_7976225,1775223600,1775223600,default
1775223400,1_52306,1_102619,F Line,1_656236200,1_7976142,1775224200,1775224200,default
1775223400,1_32013,1_100246,57,1_801580930,1_8250,1775223600,1775223600,default
1775223400,1_32013,1_100246,57,1_801580910,1_8025809,1775225820,1775225820,default
1775223400,1_45670,1_100210,36,1_800583490,1_4309,1775223412,1775223496,default
1775223400,1_17950,1_100062,17,1_651754500,1_7974575,1775224680,1775224680,default
1775223400,1_38220,1_100214,372,1_694305900,1_7976764,1775223518,1775223518,default
1775223400,1_40065,1_102574,40,1_811901250,1_8026390,1775223529,1775223529,default
1775223400,1_59282,1_100072,181,1_721490190,1_7439,1775223840,1775222875,default
1775223400,1_59282,1_102717,165,1_800649620,1_7340,1775224680,1775223417,default
1775223400,1_59282,1_102717,165,1_800649610,1_8023881,1775223540,1775223540,default
1775223400,1_59282,1_102717,165,1_800649620,1_8023827,1775224680,1775224680,default
1775223400,1_32120,1_100345,987,1_785360680,1_8005289,1775223540,1775223540,default
1775223400,1_57791,1_102718,184,1_664464240,1_7975994,1775223623,1775223623,default
1775223400,1_620,40_100239,550,40_597752640,40_7976616,1775223840,1775223840,default
1775223400,1_10912,40_100511,542,40_569560200,40_7976602,1775223840,1775223840,default
1775223400,1_10912,1_100162,271,1_569495510,1_7976369,1775224320,1775224320,default
1775223400,1_10912,1_100162,271,1_569496460,1_7976349,1775224920,1775224920,default
1775223400,1_10640,1_100252,62,1_800855860,1_8006,1775223840,1775222551,default
1775223400,1_10640,1_100252,62,1_800855870,1_8025067,1775224320,1775224320,default
1775223700,1_46791,1_100016,118,1_635461140,1_3737,1775223900,1775223900,default
1775223700,1_60161,1_100042,148,1_762077240,1_3757,1775223900,1775222550,default
1775223700,1_60161,1_100042,148,1_762076880,1_7976052,1775225580,1775225580,default
1775223700,1_8541,1_100039,14,1_562520980,1_7974987,1775223720,1775223720,default
1775223700,1_30510,1_100249,60,1_801585030,1_8025821,1775223732,1775223732,default
1775223700,1_60453,1_102715,162,1_693754390,1_6954,1775224500,1775223189,default
1775223700,1_60453,1_102715,162,1_693754400,1_7976026,1775225940,1775225940,default
1775223700,1_60453,1_102715,162,1_693754410,1_7975993,1775227140,1775227140,default
1775223700,1_575,1_102581,D Line,1_628189210,1_6086,1775223660,1775223762,default
1775223700,1_2850,1_100089,2,1_788757670,1_8023454,1775224260,1775224260,default
1775223700,1_46505,1_102619,F Line,1_635448870,1_7975997,1775224080,1775224080,default
1775223700,1_57453,1_100060,168,1_635438980,1_7976209,1775224800,1775224870,default
1775223700,1_57453,1_100060,168,1_664460750,1_7976093,1775226600,1775226600,default
1775223700,1_1510,1_100210,36,1_800583520,1_8023416,1775223758,1775223758,default
1775223700,3_31002,1_102736,H Line,1_694057280,1_7974895,1775223766,1775223766,default
1775223700,1_52306,1_102619,F Line,1_656236200,1_7976142,1775224200,1775224200,default
1775223700,1_32013,1_100246,57,1_801580910,1_8237,1775225820,1775223699,default
1775223700,1_32013,1_100246,57,1_801580910,1_8025809,1775225820,1775225820,default
1775223700,1_17950,1_100062,17,1_651754500,1_7974575,1775224680,1775224680,default
1775223700,1_41850,1_100249,60,1_801585030,1_8025821,1775223807,1775223807,default
1775223700,1_9605,1_100184,31,1_800850320,1_7020,1775223423,1775223831,default
1775223700,1_57804,1_100072,181,1_721481610,1_7976141,1775224042,1775224042,default
1775223700,1_39983,1_102736,H Line,1_694057270,1_7974961,1775223840,1775223840,default
1775223700,1_21080,1_100026,128,1_806634190,1_8023669,1775223840,1775223840,default
1775223700,1_59282,1_100072,181,1_721490190,1_7439,1775223840,1775222875,default
1775223700,1_59282,1_102717,165,1_800649620,1_7340,1775224680,1775223417,default
1775223700,1_23905,1_100214,372,1_694305900,1_7976764,1775223912,1775223912,default
1775223700,1_620,40_100240,554,40_774869280,40_7976693,1775224140,1775224140,default
1775223700,1_620,1_100104,212,1_774865880,1_7976688,1775224500,1775224500,default
1775223700,1_620,1_100104,212,1_774865880,1_6856,1775224500,1775224500,default
1775223700,1_10912,1_100162,271,1_569495510,1_7976369,1775224320,1775224320,default
1775223700,1_10912,1_100162,271,1_569496460,1_7976349,1775224920,1775224920,default
1775223700,1_10912,40_100511,542,40_569560400,40_7976603,1775225040,1775225040,default
1775223700,1_10912,1_100162,271,1_569553890,1_7976664,1775225400,1775225400,default
1775223700,1_71960,40_100511,542,40_721031140,40_7976607,1775224680,1775224680,default
1775223700,1_81982,1_102746,333,1_778704910,1_7219,1775223879,1775223879,default
1775223700,1_10640,1_100252,62,1_800855870,1_8025067,1775224320,1775224320,default
1775223700,1_58144,1_102719,161,1_800652400,1_8023902,1775223904,1775223904,default
1775224001,1_60161,1_100042,148,1_762076880,1_7976052,1775225580,1775225580,default
1775224001,1_60161,1_100042,148,1_762076860,1_7976054,1775227380,1775227380,default
1775224001,1_970,1_100003,101,1_800668480,1_8191,1775223972,1775224017,default
1775224001,1_8541,1_100005,106,1_727785780,1_7137,1775224080,1775224024,default
1775224001,1_60453,1_102715,162,1_693754390,1_6954,1775224500,1775223189,default
1775224001,1_60453,1_102715,162,1_693754400,1_7976026,1775225940,1775225940,default
1775224001,1_60453,1_102715,162,1_693754410,1_7975993,1775227140,1775227140,default
1775224001,1_2850,1_100089,2,1_788757670,1_8023454,1775224260,1775224260,default
1775224001,1_46505,1_102619,F Line,1_635448870,1_7975997,1775224080,1775224080,default
1775224001,1_57453,1_100060,168,1_635438980,1_7976209,1775224800,1775224810,default
1775224001,1_57453,1_100060,168,1_664460750,1_7976093,1775226600,1775226600,default
1775224001,1_79877,1_100162,271,1_585519130,1_7976348,1775224140,1775224140,default
1775224001,1_73366,1_102548,B Line,1_721018640,1_7976624,1775224070,1775224070,default
1775224001,1_11569,1_100002,10,1_675385370,1_7974882,1775224101,1775224101,default
1775224001,1_72494,1_100160,269,1_806916920,1_8024686,1775224080,1775224080,default
1775224001,1_42120,1_100249,60,1_801584850,1_8025825,1775224077,1775224077,default
1775224001,1_52306,1_102619,F Line,1_656236200,1_7976142,1775224200,1775224200,default
1775224001,1_52306,1_102619,F Line,1_656236810,1_7976000,1775224800,1775224800,default
1775224001,1_32013,1_100246,57,1_801580910,1_8237,1775225820,1775223699,default
1775224001,1_17950,1_100062,17,1_651754500,1_7974575,1775224680,1775224680,default
1775224001,1_49350,1_100026,128,1_806634170,1_8023659,1775224137,1775224137,default
1775224001,1_59282,1_102717,165,1_800649620,1_7340,1775224680,1775223417,default
1775224001,1_59872,1_102619,F Line,1_656237160,1_7976085,1775224192,1775224192,default
1775224001,1_70691,1_100344,986,1_721034000,1_7976721,1775225520,1775225520,default
1775224001,1_75850,1_102615,E Line,1_813076920,1_8026430,1775224165,1775224165,default
1775224001,1_620,40_100239,550,40_597749720,40_7976610,1775224500,1775224500,default
1775224001,1_620,1_100104,212,1_774865880,1_7976688,1775224500,1775224500,default
1775224001,1_10912,1_100264,70,1_801594060,1_8025882,1775224186,1775224199,default
1775224001,1_10912,1_100162,271,1_569495510,1_7976369,1775224320,1775224320,default
1775224001,1_10912,1_100162,271,1_569496460,1_7976349,1775224920,1775224920,default
1775224001,1_10912,40_100511,542,40_569560400,40_7976603,1775225040,1775225040,default
1775224001,1_10912,1_100162,271,1_569553890,1_7976664,1775225400,1775225400,default
1775224001,1_10912,1_100162,271,1_569496620,1_7976370,1775226000,1775226000,default
1775224001,1_71960,40_100511,542,40_721031140,40_7976607,1775224680,1775224680,default
1775224001,1_71960,40_100511,542,40_721031480,40_7976605,1775225880,1775225880,default
1775224001,1_10640,1_100252,62,1_800855870,1_8025067,1775224320,1775224320,default
1775224301,1_103,1_102745,G Line,1_736437170,1_7974687,1775224335,1775224335,default
1775224301,1_12170,1_100039,14,1_562523370,1_7974993,1775224455,1775224455,default
1775224301,1_481,1_102576,C Line,1_800868970,1_8025004,1775224320,1775224320,default
1775224301,1_77930,1_102746,333,1_778703800,1_7975683,1775224379,1775224379,default
1775224301,1_22196,1_102736,H Line,1_694057600,1_7974887,1775224326,1775224326,default
1775224301,1_60161,1_100042,148,1_762076880,1_7976052,1775225580,1775225580,default
1775224301,1_60161,1_100042,148,1_762076860,1_7976054,1775227380,1775227380,default
1775224301,1_60453,1_102715,162,1_693754390,1_6954,1775224500,1775223189,default
1775224301,1_60453,1_102715,162,1_693754400,1_7976026,1775225940,1775225940,default
1775224301,1_60453,1_102715,162,1_693754410,1_7975993,1775227140,1775227140,default
1775224301,1_51651,1_102736,H Line,1_694057420,1_7974966,1775224358,1775224358,default
1775224301,1_575,1_100028,13,1_788759660,1_7157,1775224380,1775224380,default
1775224301,1_2850,1_100089,2,1_788758030,1_7158,1775224920,1775223842,default
1775224301,1_46505,1_102619,F Line,1_635449560,1_6008,1775224680,1775224680,default
1775224301,1_46505,1_102619,F Line,1_635449360,1_7976229,1775225880,1775225880,default
1775224301,1_57453,1_100060,168,1_635438980,1_7976209,1775224800,1775224871,default
1775224301,1_57453,1_100060,168,1_664460750,1_7976093,1775226600,1775226600,default
1775224301,1_1510,1_100210,36,1_800582450,1_8023380,1775224358,1775224358,default
1775224301,3_31002,1_102736,H Line,1_694057270,1_7974961,1775224366,1775224366,default
1775224301,1_52306,1_102619,F Line,1_656236810,1_7976000,1775224800,1775224800,default
1775224301,1_32013,1_100246,57,1_801580910,1_8237,1775225820,1775223699,default
1775224301,1_17950,1_100062,17,1_651754500,1_7974575,1775224680,1775224680,default
1775224301,1_2200,1_100001,1,1_562518550,1_7974988,1775224226,1775224429,default
1775224301,1_59282,1_102717,165,1_800649620,1_7340,1775224680,1775223417,default
1775224301,1_59282,1_100072,181,1_721481440,1_7312,1775225040,1775223997,default
1775224301,1_59282,1_100072,181,1_721490200,1_7976104,1775227140,1775227140,default
1775224301,1_70691,1_100344,986,1_721034000,1_7976721,1775225520,1775225520,default
1775224301,1_620,40_100239,550,40_597749720,40_7976610,1775224500,1775224500,default
1775224301,1_620,1_100104,212,1_774865880,1_7976688,1775224500,1775224500,default
1775224301,1_10912,1_100224,44,1_659993600,1_7974922,1775224465,1775224465,default
1775224301,1_10912,1_100162,271,1_569496460,1_7976349,1775224920,1775224920,default
1775224301,1_10912,40_100511,542,40_569560400,40_7976603,1775225040,1775225040,default
1775224301,1_10912,1_100162,271,1_569553890,1_7976664,1775225400,1775225400,default
1775224301,1_10912,1_100162,271,1_569496620,1_7976370,1775226000,1775226000,default
1775224301,1_71960,40_100511,542,40_721031140,40_7976607,1775224680,1775224680,default
1775224301,1_71960,40_100511,542,40_721031480,40_7976605,1775225880,1775225880,default
1775224301,1_11600,1_100002,10,1_675385370,1_7974882,1775224475,1775224475,default
1775224601,1_103,1_102745,G Line,1_736434510,1_7974688,1775224695,1775224695,default
1775224601,1_60161,1_100042,148,1_762076880,1_7976052,1775225580,1775224408,default
1775224601,1_60161,1_100042,148,1_762076880,1_7487,1775225580,1775224408,default
1775224601,1_60161,1_100042,148,1_762076860,1_7976054,1775227380,1775227380,default
1775224601,1_8541,1_100039,14,1_562518560,1_7974977,1775224620,1775224620,default
1775224601,1_60453,1_102715,162,1_693754400,1_7976026,1775225940,1775225940,default
1775224601,1_60453,1_102715,162,1_693754410,1_7975993,1775227140,1775227140,default
1775224601,1_2850,1_100089,2,1_788758030,1_7158,1775224920,1775223842,default
1775224601,1_2850,1_100089,2,1_788758040,1_8023470,1775225760,1775225760,default
1775224601,1_46505,1_102619,F Line,1_635449560,1_6008,1775224680,1775224680,default
1775224601,1_46505,1_102619,F Line,1_635449100,1_7976017,1775225280,1775225280,default
1775224601,1_46505,1_102619,F Line,1_635449360,1_7976229,1775225880,1775225880,default
1775224601,1_27420,1_100249,60,1_801585030,1_8025821,1775224748,1775224748,default
1775224601,1_57453,1_100060,168,1_635438980,1_7976209,1775224800,1775224823,default
1775224601,1_57453,1_100060,168,1_664460750,1_7976093,1775226600,1775226741,default
1775224601,1_73366,1_102548,B Line,1_721018290,1_7976649,1775224670,1775224670,default
1775224601,1_52306,1_102619,F Line,1_656236810,1_7976000,1775224800,1775224800,default
1775224601,1_52306,1_102619,F Line,1_656237070,1_7976074,1775225400,1775225400,default
1775224601,1_32013,1_100246,57,1_801580910,1_8237,1775225820,1775223699,default
1775224601,1_8530,1_100039,14,1_562518540,1_7974978,1775224732,1775224732,default
1775224601,1_17950,1_100062,17,1_721362410,1_7974580,1775227080,1775227080,default
1775224601,1_57804,1_100072,181,1_721481910,1_7976199,1775224942,1775224942,default
1775224601,1_59282,1_100072,181,1_721481440,1_7312,1775225040,1775223997,default
1775224601,1_59282,1_102717,165,1_800649630,1_7354,1775225880,1775224520,default
1775224601,1_59282,1_100072,181,1_721490200,1_7976104,1775227140,1775227140,default
1775224601,1_59872,1_102619,F Line,1_656236500,1_7975992,1775224792,1775224792,default
1775224601,1_71678,1_102552,226,1_816295900,1_8024717,1775224762,1775224762,default
1775224601,1_70691,1_100344,986,1_721034000,1_7976721,1775225520,1775225520,default
1775224601,1_19921,1_100101,21,1_809331680,1_8025842,1775224756,1775224756,default
1775224601,1_79874,1_100133,240,1_806916620,1_8024702,1775224864,1775224739,default
1775224601,1_75850,1_102615,E Line,1_813076420,1_8025844,1775224765,1775224765,default
1775224601,1_620,40_100239,550,40_597752070,40_7976612,1775225100,1775225100,default
1775224601,1_10912,1_100162,271,1_569496460,1_7976349,1775224920,1775224920,default
1775224601,1_10912,40_100511,542,40_569560400,40_7976603,1775225040,1775225040,default
1775224601,1_10912,1_100162,271,1_569553890,1_7976664,1775225400,1775225400,default
1775224601,1_10912,1_100162,271,1_569496620,1_7976370,1775226000,1775226000,default
1775224601,1_71960,40_100511,542,40_721031480,40_7976605,1775225880,1775225880,default
1775224601,1_81982,1_102746,333,1_778704650,1_7238,1775224779,1775224779,default
1775224601,1_8403,1_100039,14,1_562520980,1_7974987,1775224560,1775224560,default
1775224901,1_12170,1_100039,14,1_562520980,1_7974987,1775225055,1775225055,default
1775224901,1_60161,1_100042,148,1_762076880,1_7487,1775225580,1775224408,default
1775224901,1_60161,1_100042,148,1_762076860,1_7976054,1775227380,1775227380,default
1775224901,1_970,1_100003,101,1_800668510,1_8180,1775224872,1775224927,default
1775224901,1_12770,1_100219,4,1_675345080,1_7974870,1775224928,1775224928,default
1775224901,1_60453,1_102715,162,1_693754400,1_7976026,1775225940,1775225940,default
1775224901,1_60453,1_102715,162,1_693754410,1_7975993,1775227140,1775227140,default
1775224901,1_2850,1_100089,2,1_788758040,1_7117,1775225760,1775224758,default
1775224901,1_2850,1_100089,2,1_788758040,1_8023470,1775225760,1775225760,default
1775224901,1_46505,1_102619,F Line,1_635449100,1_7976017,1775225280,1775225280,default
1775224901,1_46505,1_102619,F Line,1_635449360,1_7976229,1775225880,1775225880,default
1775224901,1_29423,1_102732,79,1_816446240,1_8022069,1775226300,1775226300,default
1775224901,1_27420,1_100161,27,1_759817450,1_7974705,1775224954,1775224954,default
1775224901,1_57453,1_100060,168,1_664460750,1_7976093,1775226600,1775226600,default
1775224901,1_57453,1_100060,168,1_693746750,1_7976231,1775228400,1775228400,default
1775224901,1_1510,1_100210,36,1_800583490,1_8023485,1775224958,1775224958,default
1775224901,1_9850,1_100269,75,1_803349480,1_8022104,1775224977,1775224977,default
1775224901,1_5489,1_102746,333,1_778704910,1_7975728,1775225026,1775225026,default
1775224901,1_52306,1_102619,F Line,1_656237070,1_7976074,1775225400,1775225400,default
1775224901,1_32013,1_100246,57,1_801580910,1_8237,1775225820,1775223699,default
1775224901,1_21680,1_100023,124,1_800861530,1_8024949,1775224872,1775225022,default
1775224901,1_17950,1_100062,17,1_721362410,1_7974580,1775227080,1775227080,default
1775224901,1_41940,1_100249,60,1_801585030,1_8025821,1775225007,1775225007,default
1775224901,1_39983,1_100111,22,1_664480920,1_7976056,1775224980,1775225065,default
1775224901,1_21080,1_100249,60,1_801585450,1_7002,1775225040,1775225040,default
1775224901,1_59282,1_100072,181,1_721481440,1_7312,1775225040,1775223997,default
1775224901,1_59282,1_102717,165,1_800649630,1_7354,1775225880,1775224520,default
1775224901,1_59282,1_100072,181,1_721490200,1_7976104,1775227140,1775227140,default
1775224901,1_70691,1_100344,986,1_721034000,1_6931,1775225520,1775224917,default
1775224901,1_59810,1_100042,148,1_762077240,1_7976071,1775225062,1775225062,default
1775224901,1_620,40_100239,550,40_597752070,40_7976612,1775225100,1775225100,default
1775224901,1_620,40_100236,545,40_806327420,40_8005191,1775224920,1775225136,default
1775224901,1_10912,1_100224,44,1_659992770,1_7974928,1775225077,1775225077,default
1775224901,1_10912,1_100162,271,1_569553890,1_7976664,1775225400,1775225400,default
1775224901,1_10912,1_100162,271,1_569496620,1_7976370,1775226000,1775226000,default
1775224901,1_71960,40_100511,542,40_721031480,40_7976605,1775225880,1775225880,default
1775225201,1_481,1_102576,C Line,1_800869120,1_8024968,1775225220,1775225220,default
1775225201,1_77930,1_102746,333,1_778703810,1_7975727,1775225297,1775225297,default
1775225201,1_22196,1_102736,H Line,1_694057510,1_7974888,1775225226,1775225226,default
1775225201,1_29217,1_100224,44,1_664048240,1_4504,1775225222,1775225222,default
1775225201,1_26560,1_102574,40,1_811901160,1_8026391,1775225276,1775225276,default
1775225201,1_60161,1_100042,148,1_762076880,1_7487,1775225580,1775224408,default
1775225201,1_60161,1_100042,148,1_762076860,1_7976054,1775227380,1775227380,default
1775225201,1_30510,1_100249,60,1_801585160,1_8025819,1775225246,1775225246,default
1775225201,1_60453,1_102715,162,1_693754400,1_7976026,1775225940,1775225940,default
1775225201,1_60453,1_102715,162,1_693754410,1_7975993,1775227140,1775227140,default
1775225201,1_320,40_100239,550,40_597752620,40_9653,1775225280,1775225307,default
1775225201,1_12220,1_100009,11,1_736449910,1_7974708,1775224597,1775225230,default
1775225201,1_68784,1_100136,245,1_761787580,1_7976397,1775225239,1775225239,default
1775225201,1_575,1_102576,C Line,1_800868700,1_8024966,1775225280,1775225280,default
1775225201,1_2850,1_100089,2,1_788758040,1_7117,1775225760,1775224758,default
1775225201,1_46505,1_102619,F Line,1_635449100,1_7976017,1775225280,1775225280,default
1775225201,1_46505,1_102619,F Line,1_635449360,1_7976229,1775225880,1775225880,default
1775225201,1_29423,1_102732,79,1_816446240,1_8022069,1775226300,1775226300,default
1775225201,1_57453,1_100060,168,1_664460750,1_7976093,1775226600,1775226604,default
1775225201,1_57453,1_100060,168,1_693746750,1_7976231,1775228400,1775228400,default
1775225201,1_11569,1_100002,10,1_675385380,1_7974876,1775225301,1775225301,default
1775225201,1_52306,1_102619,F Line,1_656237070,1_7976074,1775225400,1775225400,default
1775225201,1_52306,1_102619,F Line,1_635448480,1_7976083,1775226000,1775226000,default
1775225201,1_32013,1_100246,57,1_801580910,1_8237,1775225820,1775223699,default
1775225201,1_17950,1_100062,17,1_721362410,1_7974580,1775227080,1775227080,default
1775225201,1_41850,1_100249,60,1_801585160,1_8025819,1775225337,1775225337,default
1775225201,1_73368,1_102752,223,1_816297440,1_8024749,1775225325,1775225325,default
1775225201,1_59282,1_102717,165,1_800649630,1_7354,1775225880,1775224520,default
1775225201,1_59282,1_100072,181,1_721490200,1_7976104,1775227140,1775227140,default
1775225201,1_59872,1_102619,F Line,1_656237320,1_7976225,1775225392,1775225392,default
1775225201,1_70691,1_100344,986,1_721034000,1_6931,1775225520,1775224917,default
1775225201,1_10210,1_100177,303,1_803357450,1_8100,1775228640,1775226786,default
1775225201,1_620,40_100239,550,40_597756640,40_7976614,1775225700,1775225700,default
1775225201,1_10912,1_100264,70,1_801594240,1_8026417,1775225206,1775225382,default
1775225201,1_10912,1_100162,271,1_569553890,1_7976664,1775225400,1775225400,default
1775225201,1_10912,1_100162,271,1_569496620,1_7976370,1775226000,1775226000,default
1775225201,1_10912,40_100511,542,40_569560520,40_7976608,1775226300,1775226300,default
1775225201,1_71960,40_100511,542,40_721031480,40_7976605,1775225880,1775225880,default
1775225201,1_58230,1_102720,160,1_694517940,1_7976101,1775225370,1775225370,default
1775225501,1_67200,1_102552,226,1_833608230,1_8024714,1775225522,1775225522,default
1775225501,1_60161,1_100042,148,1_762076880,1_7487,1775225580,1775224408,default
1775225501,1_60161,1_100042,148,1_762076860,1_7976054,1775227380,1775227380,default
1775225501,1_8541,1_100039,14,1_562518590,1_7974988,1775225520,1775225520,default
1775225501,1_60453,1_102715,162,1_693754400,1_6995,1775225940,1775225304,default
1775225501,1_60453,1_102715,162,1_693754400,1_7976026,1775225940,1775225940,default
1775225501,1_60453,1_102715,162,1_693754410,1_7975993,1775227140,1775227140,default
1775225501,1_2850,1_100089,2,1_788758040,1_7117,1775225760,1775224758,default
1775225501,1_2850,1_100089,2,1_788757680,1_7166,1775226600,1775225187,default
1775225501,1_46505,1_102619,F Line,1_635449360,1_7976229,1775225880,1775225880,default
1775225501,1_46505,1_102619,F Line,1_635448660,1_7976085,1775226480,1775226480,default
1775225501,1_29423,1_102732,79,1_816446240,1_8022069,1775226300,1775226300,default
1775225501,1_47660,1_102736,H Line,1_694057230,1_7974890,1775225583,1775225583,default
1775225501,1_1190,1_100447,49,1_801235510,1_8023492,1775225582,1775225582,default
1775225501,1_27420,1_100249,60,1_801585170,1_8025820,1775225588,1775225588,default
1775225501,1_57453,1_100060,168,1_664460750,1_7976093,1775226600,1775226625,default
1775225501,1_57453,1_100060,168,1_693746750,1_7976231,1775228400,1775228400,default
1775225501,1_11940,1_100039,14,1_562518580,1_7974986,1775225599,1775225599,default
1775225501,1_52306,1_102619,F Line,1_635448480,1_7976083,1775226000,1775226000,default
1775225501,1_32013,1_100246,57,1_801580910,1_8237,1775225820,1775223699,default
1775225501,1_8530,1_100005,106,1_727785870,1_7975007,1775225597,1775225597,default
1775225501,1_17950,1_100062,17,1_721362410,1_7974580,1775227080,1775227080,default
1775225501,1_57804,1_100072,181,1_721490220,1_7976082,1775225842,1775225842,default
1775225501,1_22184,1_100249,60,1_801584850,1_8025825,1775225645,1775225645,default
1775225501,1_59282,1_102717,165,1_800649630,1_7354,1775225880,1775224520,default
1775225501,1_59282,1_100072,181,1_721481770,1_7313,1775226240,1775225359,default
1775225501,1_59282,1_100072,181,1_721490200,1_7976104,1775227140,1775227140,default
1775225501,1_14280,1_102581,D Line,1_585675910,1_7974913,1775225678,1775225618,default
1775225501,1_10210,1_100177,303,1_803357450,1_8100,1775228640,1775226786,default
1775225501,1_620,40_100239,550,40_597756640,40_7976614,1775225700,1775225700,default
1775225501,1_10912,1_100162,271,1_569496620,1_7976370,1775226000,1775226000,default
1775225501,1_10912,40_100511,542,40_569560520,40_7976608,1775226300,1775226300,default
1775225501,1_71960,40_100511,542,40_721031480,40_7976605,1775225880,1775225880,default
1775225501,1_71960,40_100511,542,40_721030820,40_7976602,1775227140,1775227140,default
1775225501,1_8403,1_100039,14,1_562518560,1_7974977,1775225460,1775225460,default
1775225501,1_11600,1_100002,10,1_675385380,1_7974876,1775225675,1775225675,default
1775225801,1_103,1_102745,G Line,1_736434570,1_7974685,1775225806,1775225806,default
1775225801,1_12170,1_100039,14,1_562518560,1_7974977,1775225955,1775225955,default
1775225801,1_481,1_102736,H Line,1_694057300,1_6061,1775225700,1775225818,default
1775225801,1_481,1_102576,C Line,1_800868940,1_8024975,1775225820,1775225820,default
1775225801,1_29217,1_100224,44,1_664047810,1_4546,1775225822,1775225822,default
1775225801,1_60161,1_100042,148,1_762076860,1_7976054,1775227380,1775227380,default
1775225801,1_60161,1_100042,148,1_762076930,1_7976061,1775229180,1775229180,default
1775225801,1_12770,1_100219,4,1_675345090,1_4308,1775225828,1775225828,default
1775225801,1_60453,1_102715,162,1_693754400,1_6995,1775225940,1775225304,default
1775225801,1_60453,1_102715,162,1_693754410,1_7975993,1775227140,1775227140,default
1775225801,1_575,1_100028,13,1_788758840,1_7153,1775225820,1775225865,default
1775225801,1_13830,1_100193,32,1_651765850,1_7974564,1775225839,1775225839,default
1775225801,1_2850,1_100089,2,1_788757680,1_7166,1775226600,1775225187,default
1775225801,1_46505,1_102619,F Line,1_635449360,1_7976229,1775225880,1775225880,default
1775225801,1_46505,1_102619,F Line,1_635448660,1_7976085,1775226480,1775226480,default
1775225801,1_29423,1_102732,79,1_816446240,1_8022069,1775226300,1775226300,default
1775225801,1_57453,1_100060,168,1_664460750,1_7976093,1775226600,1775226600,default
1775225801,1_57453,1_100060,168,1_693746750,1_7976231,1775228400,1775228400,default
1775225801,1_5489,1_102746,333,1_778704650,1_7975730,1775225926,1775225926,default
1775225801,1_52306,1_102619,F Line,1_635448480,1_7976083,1775226000,1775226000,default
1775225801,1_52306,1_102619,F Line,1_635449520,1_7975996,1775226600,1775226616,default
1775225801,1_17950,1_100062,17,1_721362410,1_7974580,1775227080,1775227080,default
1775225801,1_59282,1_100072,181,1_721481770,1_7313,1775226240,1775225359,default
1775225801,1_59282,1_102717,165,1_800649640,1_7467,1775227680,1775225569,default
1775225801,1_59282,1_100072,181,1_721490200,1_7976104,1775227140,1775227140,default
1775225801,1_59872,1_102619,F Line,1_656236200,1_7976142,1775225992,1775225992,default
1775225801,1_57791,1_102718,184,1_635442710,1_7976222,1775226023,1775226115,default
1775225801,1_620,40_100240,554,40_774868470,40_7976707,1775226240,1775226240,default
1775225801,1_620,40_100239,550,40_597750120,40_7976611,1775226360,1775226360,default
1775225801,1_10912,1_100162,271,1_569496620,1_7976370,1775226000,1775226000,default
1775225801,1_10912,40_100511,542,40_569560520,40_7976608,1775226300,1775226300,default
1775225801,1_71960,40_100511,542,40_721030820,40_7976602,1775227140,1775227140,default
1775225801,1_76310,40_100232,522,40_635896690,40_7976741,1775226027,1775226027,default
1775226101,1_103,1_102745,G Line,1_736434600,1_7974690,1775226166,1775226166,default
1775226101,1_77930,1_102746,333,1_778703820,1_7975729,1775226197,1775226197,default
1775226101,1_60161,1_100042,148,1_762076860,1_7976054,1775227380,1775227380,default
1775226101,1_60161,1_100042,148,1_762076930,1_7976061,1775229180,1775229180,default
1775226101,1_60453,1_102715,162,1_693754410,1_7975993,1775227140,1775227140,default
1775226101,1_320,40_594,594,40_3324020,40_41602,1775226300,1775226300,default
1775226101,1_2850,1_100089,2,1_788757680,1_7166,1775226600,1775225187,default
1775226101,1_46505,1_102619,F Line,1_635448660,1_7976085,1775226480,1775226480,default
1775226101,1_46505,1_102619,F Line,1_635449540,1_7975992,1775227080,1775227080,default
1775226101,1_29423,1_102732,79,1_816446240,1_8022069,1775226300,1775226300,default
1775226101,1_47660,1_102736,H Line,1_694057190,1_7974899,1775226183,1775226183,default
1775226101,1_31680,1_100249,60,1_801585250,1_8025818,1775226170,1775226170,default
1775226101,1_36711,1_100230,50,1_785559530,1_7976173,1775226158,1775226158,default
1775226101,1_27420,1_100249,60,1_801585160,1_8025819,1775226308,1775226308,default
1775226101,1_27290,1_100161,27,1_759817560,1_7974629,1775226150,1775226150,default
1775226101,1_57453,1_100060,168,1_664460750,1_7976093,1775226600,1775226600,default
1775226101,1_57453,1_100060,168,1_693746750,1_7976231,1775228400,1775228458,default
1775226101,1_73366,1_102548,B Line,1_721018780,1_7976639,1775226230,1775226230,default
1775226101,1_52306,1_102619,F Line,1_635449520,1_7975996,1775226600,1775226600,default
1775226101,1_32013,1_100246,57,1_801580900,1_8025834,1775227320,1775227320,default
1775226101,1_17950,1_100062,17,1_721362410,1_7974580,1775227080,1775227080,default
1775226101,1_59282,1_100072,181,1_721481770,1_7313,1775226240,1775225359,default
1775226101,1_59282,1_102717,165,1_800649640,1_7467,1775227680,1775225569,default
1775226101,1_59282,1_100072,181,1_721490200,1_7976104,1775227140,1775227140,default
1775226101,1_85531,1_102757,187,1_762094940,1_7976191,1775226240,1775226240,default
1775226101,1_10210,1_100264,70,1_801594240,1_8026417,1775226290,1775226290,default
1775226101,1_60983,1_100023,124,1_800861740,1_8035,1775225952,1775226264,default
1775226101,1_620,40_100236,545,40_806325980,40_9584,1775226120,1775226259,default
1775226101,1_620,40_100239,550,40_597750120,40_7976611,1775226360,1775226360,default
1775226101,1_10912,40_100511,542,40_569560520,40_7976608,1775226300,1775226300,default
1775226101,1_10912,1_100162,271,1_585519750,1_7976353,1775227440,1775227440,default
1775226101,1_71960,40_100511,542,40_721030820,40_7976602,1775227140,1775227140,default
1775226101,1_3000,1_100089,2,1_788758040,1_8023470,1775226312,1775226312,default
1775226401,1_46791,1_100016,118,1_635461260,1_7976007,1775226600,1775226600,default
1775226401,1_481,1_102736,H Line,1_694057200,1_6041,1775226300,1775226417,default
1775226401,1_6650,1_102747,61,1_803356750,1_8022040,1775226345,1775226411,default
1775226401,1_60161,1_100042,148,1_762076860,1_7180,1775227380,1775226245,default
1775226401,1_60161,1_100042,148,1_762076860,1_7976054,1775227380,1775227380,default
1775226401,1_60161,1_100042,148,1_762076930,1_7976061,1775229180,1775229180,default
1775226401,1_60453,1_102715,162,1_693754410,1_7975993,1775227140,1775227140,default
1775226401,1_320,40_100239,550,40_597749730,40_9650,1775226180,1775226482,default
1775226401,1_575,1_100089,2,1_788758030,1_8023446,1775226480,1775226480,default
1775226401,1_2850,1_100089,2,1_788757680,1_7166,1775226600,1775225187,default
1775226401,1_2850,1_100089,2,1_788758050,1_7099,1775227440,1775226025,default
1775226401,1_46505,1_102619,F Line,1_635448660,1_7976085,1775226480,1775226480,default
1775226401,1_46505,1_102619,F Line,1_635449540,1_7975992,1775227080,1775227080,default
1775226401,1_57453,1_100060,168,1_664460750,1_7976093,1775226600,1775226600,default
1775226401,1_57453,1_100060,168,1_693746750,1_7976231,1775228400,1775228493,default
1775226401,1_76024,1_102702,239,1_736529560,1_7976431,1775226520,1775226520,default
1775226401,1_72494,1_100160,269,1_806917290,1_8024684,1775226480,1775226480,default
1775226401,1_11940,1_100039,14,1_562518620,1_7974993,1775226499,1775226499,default
1775226401,1_52306,1_102619,F Line,1_635449520,1_7975996,1775226600,1775226600,default
1775226401,1_52306,1_102619,F Line,1_635448770,1_7976226,1775227200,1775227200,default
1775226401,1_32013,1_100246,57,1_801580900,1_8025834,1775227320,1775227320,default
1775226401,1_8530,1_100005,106,1_727785710,1_7975009,1775226557,1775226557,default
1775226401,1_17950,1_100062,17,1_721362410,1_7974580,1775227080,1775227080,default
1775226401,1_40900,1_100023,124,1_800861650,1_8024941,1775226516,1775226516,default
1775226401,1_73368,1_102752,223,1_816297450,1_8024727,1775226525,1775226525,default
1775226401,1_57804,1_100072,181,1_721490230,1_7976143,1775226742,1775226742,default
1775226401,1_59282,1_102717,165,1_800649640,1_7467,1775227680,1775225569,default
1775226401,1_59282,1_100072,181,1_721490200,1_7976104,1775227140,1775227140,default
1775226401,1_620,40_100239,550,40_597754100,40_7976645,1775226960,1775226960,default
1775226401,1_10912,1_100162,271,1_585519750,1_7976353,1775227440,1775227440,default
1775226401,1_10912,40_100511,542,40_569563150,40_7976607,1775227560,1775227560,default
1775226401,1_71960,40_100511,542,40_721030820,40_7976602,1775227140,1775227140,default
1775226401,1_8403,1_100039,14,1_562518590,1_7974988,1775226360,1775226360,default
1775226701,1_12170,1_100039,14,1_562518590,1_7974988,1775226855,1775226855,default
1775226701,1_76317,1_102702,239,1_736529560,1_7976431,1775226717,1775226717,default
1775226701,1_481,1_102576,C Line,1_800868750,1_8025005,1775226720,1775226720,default
1775226701,1_5830,1_100229,5,1_809331310,1_8025839,1775226704,1775226729,default
1775226701,1_26560,1_102574,40,1_811901580,1_8026388,1775226716,1775226716,default
1775226701,1_60161,1_100042,148,1_762076860,1_7180,1775227380,1775226245,default
1775226701,1_60161,1_100042,148,1_762076930,1_7976061,1775229180,1775229180,default
1775226701,1_12770,1_100228,48,1_721361780,1_7974613,1775226771,1775226771,default
1775226701,1_30510,1_100249,60,1_801585450,1_8025883,1775226761,1775226761,default
1775226701,1_60453,1_102715,162,1_693754410,1_7975993,1775227140,1775227140,default
1775226701,1_575,1_102576,C Line,1_800869100,1_8025031,1775226780,1775226780,default
1775226701,1_2850,1_100089,2,1_788758050,1_7099,1775227440,1775226025,default
1775226701,1_46505,1_102619,F Line,1_635449540,1_7975992,1775227080,1775227080,default
1775226701,1_46505,1_102619,F Line,1_635448340,1_7976225,1775227680,1775227680,default
1775226701,1_1190,40_100239,550,40_597750120,40_7976611,1775226769,1775226769,default
1775226701,1_27420,1_100161,27,1_759817560,1_7974629,1775226754,1775226754,default
1775226701,1_57453,1_100060,168,1_693746750,1_7976231,1775228400,1775228430,default
1775226701,1_57453,1_100060,168,1_664460610,1_7976211,1775230200,1775230200,default
1775226701,1_1510,1_100005,106,1_727785710,1_7975009,1775226792,1775226792,default
1775226701,1_73366,1_102548,B Line,1_721018220,1_7976621,1775226830,1775226830,default
1775226701,1_52306,1_102619,F Line,1_635448770,1_7976226,1775227200,1775227200,default
1775226701,1_32013,1_100246,57,1_801580900,1_8025834,1775227320,1775227320,default
1775226701,1_17950,1_100062,17,1_721362410,1_7974580,1775227080,1775227080,default
1775226701,1_41850,1_100249,60,1_801585450,1_8025883,1775226866,1775226866,default
1775226701,1_32165,1_100023,124,1_800861730,1_8024945,1775226840,1775226840,default
1775226701,1_22184,1_102736,H Line,1_694057610,1_7974895,1775226881,1775226881,default
1775226701,1_59282,1_102717,165,1_800649640,1_7467,1775227680,1775225569,default
1775226701,1_59282,1_100072,181,1_721490260,1_7453,1775228040,1775226287,default
1775226701,1_59282,1_100072,181,1_721490200,1_7976104,1775227140,1775227140,default
1775226701,1_10210,1_100264,70,1_801594030,1_8026412,1775226890,1775226890,default
1775226701,1_620,40_100239,550,40_597754100,40_7976645,1775226960,1775226960,default
1775226701,1_620,1_100104,212,1_774865970,1_7976681,1775227620,1775227620,default
1775226701,1_10912,1_100162,271,1_585519750,1_7976353,1775227440,1775227440,default
1775226701,1_10912,40_100511,542,40_569563150,40_7976607,1775227560,1775227560,default
1775226701,1_71960,40_100511,542,40_721030820,40_7976602,1775227140,1775227140,default
1775226701,1_41900,1_100249,60,1_801585500,1_8025884,1775226900,1775226900,default
1775227001,1_60161,1_100042,148,1_762076860,1_7180,1775227380,1775226245,default
1775227001,1_60161,1_100042,148,1_762076930,1_7976061,1775229180,1775229180,default
1775227001,1_30510,1_100006,107,1_635437390,1_7976051,1775227059,1775227059,default
1775227001,1_60453,1_102715,162,1_693754410,1_7311,1775227140,1775226919,default
1775227001,1_60453,1_102715,162,1_693754410,1_7975993,1775227140,1775227140,default
1775227001,1_575,1_102581,D Line,1_628189300,1_6087,1775227020,1775227043,default
1775227001,1_2850,1_100089,2,1_788758050,1_7099,1775227440,1775226025,default
1775227001,1_2850,1_100089,2,1_788757690,1_7155,1775228100,1775226741,default
1775227001,1_46505,1_102619,F Line,1_635449540,1_7975992,1775227080,1775227080,default
1775227001,1_46505,1_102619,F Line,1_635448340,1_7976225,1775227680,1775227680,default
1775227001,1_27420,1_100249,60,1_801585500,1_8025884,1775227088,1775227088,default
1775227001,1_23530,1_100259,67,1_724949100,1_7975673,1775227059,1775227059,default
1775227001,1_3470,1_100249,60,1_801585450,1_8025883,1775227080,1775227080,default
1775227001,1_57453,1_100060,168,1_693746750,1_7976231,1775228400,1775228400,default
1775227001,1_57453,1_100060,168,1_664460610,1_7976211,1775230200,1775230200,default
1775227001,1_50774,1_100045,150,1_724420070,1_8178,1775227059,1775227059,default
1775227001,1_52306,1_102619,F Line,1_635448770,1_7976226,1775227200,1775227200,default
1775227001,1_52306,1_102619,F Line,1_635448880,1_7975997,1775227800,1775227800,default
1775227001,1_32013,1_100246,57,1_801580900,1_8025834,1775227320,1775227320,default
1775227001,1_32013,1_100246,57,1_801580900,1_7069,1775227320,1775227320,default
1775227001,1_41850,1_100006,107,1_635437390,1_7976051,1775227150,1775227150,default
1775227001,1_54971,1_100004,105,1_635444070,1_1024,1775227013,1775227123,default
1775227001,1_59282,1_102717,165,1_800649640,1_7467,1775227680,1775225569,default
1775227001,1_59282,1_100072,181,1_721490260,1_7453,1775228040,1775226287,default
1775227001,1_59282,1_100072,181,1_721490200,1_7976104,1775227140,1775227140,default
1775227001,1_59872,1_102619,F Line,1_656237070,1_7976074,1775227192,1775227192,default
1775227001,1_57791,1_102718,184,1_635442720,1_7975994,1775227163,1775227240,default
1775227001,1_620,40_100239,550,40_597756360,40_7976709,1775227560,1775227560,default
1775227001,1_620,1_100104,212,1_774865970,1_7976681,1775227620,1775227620,default
1775227001,1_10912,1_100264,70,1_801594000,1_8254,1775227006,1775227161,default
1775227001,1_10912,1_100162,271,1_585519750,1_7976353,1775227440,1775227440,default
1775227001,1_10912,40_100511,542,40_569563150,40_7976607,1775227560,1775227560,default
1775227001,1_10912,1_100162,271,1_586298060,1_7976389,1775228220,1775228220,default
1775227001,1_71960,40_100511,542,40_721030920,40_7976603,1775228340,1775228340,default
1775227301,1_26560,1_102574,40,1_811901050,1_8026395,1775227316,1775227316,default
1775227301,1_60161,1_100042,148,1_762076860,1_7180,1775227380,1775226245,default
1775227301,1_60161,1_100042,148,1_762076930,1_7976061,1775229180,1775229180,default
1775227301,1_575,1_100219,4,1_675345510,1_7974878,1775227440,1775227440,default
1775227301,1_2850,1_100089,2,1_788758050,1_7099,1775227440,1775226025,default
1775227301,1_2850,1_100089,2,1_788757690,1_7155,1775228100,1775226741,default
1775227301,1_8080,1_100006,107,1_762077220,1_7976071,1775227340,1775227340,default
1775227301,1_46505,1_102619,F Line,1_635448340,1_7976225,1775227680,1775227680,default
1775227301,1_46505,1_102619,F Line,1_635448990,1_7976142,1775228280,1775228280,default
1775227301,1_57453,1_100060,168,1_693746750,1_7976231,1775228400,1775228400,default
1775227301,1_57453,1_100060,168,1_664460610,1_7976211,1775230200,1775230200,default
1775227301,1_79877,1_100162,271,1_569495510,1_7976369,1775227380,1775227380,default
1775227301,1_11940,1_100039,14,1_562521020,1_7974987,1775227399,1775227399,default
1775227301,1_52306,1_102619,F Line,1_635448880,1_7975997,1775227800,1775227800,default
1775227301,1_17950,1_100062,17,1_721362420,1_7974608,1775229480,1775229480,default
1775227301,1_57804,1_100072,181,1_721490170,1_7976015,1775227699,1775227699,default
1775227301,1_59282,1_102717,165,1_800649640,1_7467,1775227680,1775225569,default
1775227301,1_59282,1_100072,181,1_721490260,1_7453,1775228040,1775226287,default
1775227301,1_59282,1_102717,165,1_800649650,1_7323,1775229000,1775226934,default
1775227301,1_59282,1_102717,165,1_800649660,1_8023727,1775230800,1775230800,default
1775227301,1_10210,1_100264,70,1_801594020,1_8026411,1775227490,1775227490,default
1775227301,1_620,40_100239,550,40_597756360,40_7976709,1775227560,1775227560,default
1775227301,1_620,1_100104,212,1_774865970,1_7976681,1775227620,1775227620,default
1775227301,1_620,40_100236,545,40_806326080,40_8005190,1775227380,1775227636,default
1775227301,1_68888,1_102552,226,1_816295920,1_8024715,1775227513,1775227513,default
1775227301,1_10912,40_100511,542,40_569563150,40_7976607,1775227560,1775227560,default
1775227301,1_10912,1_100162,271,1_586298060,1_7976389,1775228220,1775228220,default
1775227301,1_71960,40_100511,542,40_721030920,40_7976603,1775228340,1775228340,default
1775227301,1_8403,1_100039,14,1_562518640,1_7974991,1775227380,1775227380,default
1775227601,1_103,1_102745,G Line,1_736434650,1_7974691,1775227606,1775227606,default
1775227601,1_481,1_102576,C Line,1_800868530,1_8024973,1775227620,1775227620,default
1775227601,1_51551,1_102736,H Line,1_694057300,1_7974892,1775227657,1775227657,default
1775227601,1_29217,1_100224,44,1_664048400,1_4524,1775227622,1775227622,default
1775227601,1_60161,1_100042,148,1_762076930,1_7976061,1775229180,1775229180,default
1775227601,1_60161,1_100042,148,1_762077090,1_7976055,1775230980,1775230980,default
1775227601,1_970,1_100045,150,1_800670190,1_8140,1775227332,1775227620,default
1775227601,1_575,1_102581,D Line,1_585676040,1_6047,1775227500,1775227656,default
1775227601,1_575,1_102576,C Line,1_800868600,1_8024965,1775227680,1775227680,default
1775227601,1_13830,1_100193,32,1_651765480,1_7974543,1775227639,1775227639,default
1775227601,1_2850,1_100089,2,1_788757690,1_7155,1775228100,1775226741,default
1775227601,1_46505,1_102619,F Line,1_635448340,1_7976225,1775227680,1775227680,default
1775227601,1_46505,1_102619,F Line,1_635448990,1_7976142,1775228280,1775228280,default
1775227601,1_29423,1_102732,79,1_816446270,1_8022130,1775229000,1775229000,default
1775227601,1_29423,1_102732,79,1_817872860,1_8022127,1775229600,1775229600,default
1775227601,1_57453,1_100060,168,1_693746750,1_7976231,1775228400,1775228400,default
1775227601,1_57453,1_100060,168,1_664460610,1_7976211,1775230200,1775230200,default
1775227601,1_78002,1_102754,256,1_816378590,1_6947,1775227566,1775227670,default
1775227601,1_52306,1_102619,F Line,1_635448880,1_7975997,1775227800,1775227800,default
1775227601,1_52306,1_102619,F Line,1_635449570,1_7976034,1775228400,1775228400,default
1775227601,1_17950,1_100062,17,1_721362420,1_7974608,1775229480,1775229480,default
1775227601,1_9030,1_100263,7,1_800588500,1_8023484,1775227724,1775227724,default
1775227601,1_80124,1_102719,161,1_800652060,1_8023902,1775227775,1775227775,default
1775227601,1_59282,1_100072,181,1_721490260,1_7453,1775228040,1775226287,default
1775227601,1_59282,1_102717,165,1_800649650,1_7323,1775229000,1775226934,default
1775227601,1_59282,1_102717,165,1_800649660,1_8023727,1775230800,1775230800,default
1775227601,1_59872,1_102619,F Line,1_635448480,1_7976083,1775227792,1775227792,default
1775227601,1_620,40_100240,554,40_774869930,40_7976694,1775228100,1775228100,default
1775227601,1_10912,1_100264,70,1_801593980,1_8258,1775227606,1775227768,default
1775227601,1_10912,1_100162,271,1_586298060,1_7976389,1775228220,1775228220,default
1775227601,1_10912,1_100162,271,1_585555270,1_7976620,1775229240,1775229240,default
1775227601,1_10912,1_100162,271,1_569495660,1_7976723,1775231040,1775231040,default
1775227601,1_71960,40_100511,542,40_721030920,40_7976603,1775228340,1775228340,default
1775227901,1_103,1_102745,G Line,1_736434710,1_7974686,1775227966,1775227966,default
1775227901,1_26560,1_102574,40,1_811901260,1_8026390,1775227916,1775227916,default
1775227901,1_60161,1_100042,148,1_762076930,1_7399,1775229180,1775227813,default
1775227901,1_60161,1_100042,148,1_762076930,1_7976061,1775229180,1775229180,default
1775227901,1_60161,1_100042,148,1_762077090,1_7976055,1775230980,1775230980,default
1775227901,1_320,40_100239,550,40_597750130,40_6948,1775228040,1775227992,default
1775227901,1_320,40_594,594,40_117020,40_9730,1775228100,1775228100,default
1775227901,1_2850,1_100089,2,1_788757690,1_7155,1775228100,1775226741,default
1775227901,1_2850,1_100089,2,1_788758060,1_7091,1775229000,1775229000,default
1775227901,1_46505,1_102619,F Line,1_635448990,1_7976142,1775228280,1775228280,default
1775227901,1_29423,1_102732,79,1_816446270,1_8022130,1775229000,1775229000,default
1775227901,1_29423,1_102732,79,1_817872860,1_8022127,1775229600,1775229600,default
1775227901,1_40060,1_102574,40,1_811901710,1_8025887,1775227988,1775227988,default
1775227901,1_51471,1_102736,H Line,1_694057640,1_6050,1775227741,1775227966,default
1775227901,1_57453,1_100060,168,1_693746750,1_7976231,1775228400,1775228400,default
1775227901,1_57453,1_100060,168,1_664460610,1_7976211,1775230200,1775230212,default
1775227901,1_79877,1_100162,271,1_569496460,1_7976349,1775228035,1775228035,default
1775227901,1_81199,1_100072,181,1_721490170,1_7976015,1775228003,1775228003,default
1775227901,1_52306,1_102619,F Line,1_635449570,1_7976034,1775228400,1775228400,default
1775227901,1_99254,1_100003,101,1_811224260,1_8023865,1775228140,1775228140,default
1775227901,1_17950,1_100062,17,1_721362420,1_7974608,1775229480,1775229480,default
1775227901,1_60359,1_102720,160,1_770988120,1_7976095,1775228048,1775228048,default
1775227901,1_21080,1_100249,60,1_801584900,1_7159,1775227920,1775228027,default
1775227901,1_59282,1_100072,181,1_721490260,1_7453,1775228040,1775226287,default
1775227901,1_59282,1_102717,165,1_800649650,1_7323,1775229000,1775226934,default
1775227901,1_59282,1_100072,181,1_721481620,1_7476,1775228880,1775227836,default
1775227901,1_59282,1_100072,181,1_721481620,1_7976082,1775228880,1775228880,default
1775227901,1_59282,1_102717,165,1_800649660,1_8023727,1775230800,1775230800,default
1775227901,1_31890,1_100230,50,1_664485250,1_7976177,1775228081,1775228081,default
1775227901,1_10210,1_100264,70,1_801594000,1_8025832,1775228090,1775228090,default
1775227901,1_620,40_100240,554,40_774869930,40_7976694,1775228100,1775228100,default
1775227901,1_620,40_100239,550,40_597750720,40_7976618,1775228340,1775228340,default
1775227901,1_10912,1_100162,271,1_586298060,1_7976389,1775228220,1775228220,default
1775227901,1_10912,40_100511,542,40_569562800,40_7976605,1775228760,1775228760,default
1775227901,1_10912,1_100162,271,1_585555270,1_7976620,1775229240,1775229240,default
1775227901,1_10912,1_100162,271,1_569495660,1_7976723,1775231040,1775231040,default
1775227901,1_71960,40_100511,542,40_721030920,40_7976603,1775228340,1775228340,default
1775228201,1_51551,1_102736,H Line,1_694057200,1_7974893,1775228257,1775228257,default
1775228201,1_60161,1_100042,148,1_762076930,1_7399,1775229180,1775227813,default
1775228201,1_60161,1_100042,148,1_762077090,1_7976055,1775230980,1775230980,default
1775228201,1_970,1_100045,150,1_800670200,1_8182,1775228214,1775228214,default
1775228201,1_30510,1_100249,60,1_801584920,1_8025826,1775228261,1775228261,default
1775228201,1_81205,1_100072,181,1_721490170,1_7976015,1775228251,1775228251,default
1775228201,1_575,1_102615,E Line,1_761417420,1_6085,1775228100,1775228270,default
1775228201,1_2850,1_100089,2,1_788758060,1_7091,1775229000,1775229000,default
1775228201,1_8080,1_100006,107,1_762077830,1_7976110,1775228240,1775228240,default
1775228201,1_46505,1_102619,F Line,1_635448990,1_7976142,1775228280,1775228280,default
1775228201,1_29423,1_102732,79,1_816446270,1_8022130,1775229000,1775229000,default
1775228201,1_29423,1_102732,79,1_817872860,1_8022127,1775229600,1775229600,default
1775228201,1_57453,1_100060,168,1_693746750,1_7976231,1775228400,1775228400,default
1775228201,1_57453,1_100060,168,1_664460610,1_7976211,1775230200,1775230238,default
1775228201,1_11940,1_100039,14,1_562518710,1_7974977,1775228299,1775228299,default
1775228201,1_52306,1_102619,F Line,1_635449570,1_7976034,1775228400,1775228400,default
1775228201,1_52306,1_102619,F Line,1_635449110,1_7976017,1775229000,1775229000,default
1775228201,1_17950,1_100062,17,1_721362420,1_7974608,1775229480,1775229480,default
1775228201,1_41850,1_100249,60,1_801584920,1_8025826,1775228366,1775228366,default
1775228201,1_2200,1_100275,8,1_800891350,1_8083,1775228313,1775228329,default
1775228201,1_59282,1_102717,165,1_800649650,1_7323,1775229000,1775226934,default
1775228201,1_59282,1_100072,181,1_721481620,1_7476,1775228880,1775227836,default
1775228201,1_59282,1_102717,165,1_800649660,1_8023727,1775230800,1775230800,default
1775228201,1_19921,1_100101,21,1_809331240,1_8025798,1775228356,1775228356,default
1775228201,1_82675,1_102705,230,1_664298390,1_7976384,1775228435,1775228435,default
1775228201,1_10912,40_100511,542,40_569562800,40_7976605,1775228760,1775228760,default
1775228201,1_10912,1_100162,271,1_585555270,1_7976620,1775229240,1775229240,default
1775228201,1_10912,40_100511,542,40_569567870,40_7976686,1775229960,1775229960,default
1775228201,1_10912,1_100162,271,1_585519140,1_7976348,1775230200,1775230200,default
1775228201,1_10912,1_100162,271,1_569495660,1_7976723,1775231040,1775231040,default
1775228201,1_8403,1_100039,14,1_562518680,1_7974989,1775228280,1775228280,default
1775228501,1_481,1_102576,C Line,1_800868360,1_8025076,1775228520,1775228520,default
1775228501,1_26560,1_102574,40,1_811900900,1_8026397,1775228516,1775228516,default
1775228501,1_60161,1_100042,148,1_762076930,1_7399,1775229180,1775227813,default
1775228501,1_60161,1_100042,148,1_762077090,1_7976055,1775230980,1775230980,default
1775228501,1_2850,1_100089,2,1_788758060,1_7091,1775229000,1775229000,default
1775228501,1_2850,1_100089,2,1_788758070,1_8023473,1775229900,1775229900,default
1775228501,1_46505,1_102619,F Line,1_635449260,1_7976074,1775229180,1775229180,default
1775228501,1_29423,1_102732,79,1_816446270,1_8022130,1775229000,1775229000,default
1775228501,1_29423,1_102732,79,1_817872860,1_8022127,1775229600,1775229600,default
1775228501,1_40060,1_102574,40,1_811901100,1_8026399,1775228588,1775228588,default
1775228501,1_27420,1_100161,27,1_759817730,1_7974706,1775228554,1775228554,default
1775228501,1_27420,1_100249,60,1_801585690,1_8026428,1775228648,1775228648,default
1775228501,1_3470,1_100249,60,1_801584920,1_8025826,1775228580,1775228580,default
1775228501,1_3470,1_100210,36,1_800582790,1_8023383,1775228580,1775228580,default
1775228501,1_57453,1_100060,168,1_664460610,1_7976211,1775230200,1775230200,default
1775228501,1_52306,1_102619,F Line,1_635449110,1_7976017,1775229000,1775229000,default
1775228501,1_70665,1_100136,245,1_761787770,1_7976379,1775228616,1775228616,default
1775228501,1_17950,1_100062,17,1_721362420,1_7974608,1775229480,1775229480,default
1775228501,1_45751,1_100023,124,1_800861820,1_8024944,1775228445,1775228602,default
1775228501,1_36510,1_100024,125,1_770790350,1_7974702,1775228507,1775228606,default
1775228501,1_49350,1_100026,128,1_806634440,1_8023670,1775228717,1775228717,default
1775228501,1_22184,1_100249,60,1_801585460,1_8025817,1775228645,1775228645,default
1775228501,1_22184,1_102736,H Line,1_694057640,1_7974899,1775228681,1775228681,default
1775228501,1_59282,1_102717,165,1_800649650,1_7323,1775229000,1775226934,default
1775228501,1_59282,1_100072,181,1_721481620,1_7476,1775228880,1775227836,default
1775228501,1_59282,1_102717,165,1_800649660,1_8023727,1775230800,1775230800,default
1775228501,1_10210,1_100264,70,1_801593980,1_8026410,1775228690,1775228690,default
1775228501,1_620,40_100239,550,40_597754810,40_7976646,1775229060,1775229060,default
1775228501,1_10912,40_100511,542,40_569562800,40_7976605,1775228760,1775228760,default
1775228501,1_10912,1_100162,271,1_585555270,1_7976620,1775229240,1775229240,default
1775228501,1_10912,40_100511,542,40_569567870,40_7976686,1775229960,1775229960,default
1775228501,1_10912,1_100162,271,1_585519140,1_7976348,1775230200,1775230200,default
1775228501,1_10912,1_100162,271,1_569495660,1_7976723,1775231040,1775231040,default
1775228501,1_71960,40_100511,542,40_721031250,40_7976608,1775229480,1775229480,default
1775228801,1_77930,1_102746,333,1_778703850,1_7975728,1775228897,1775228897,default
1775228801,1_29217,1_100224,44,1_664048270,1_4549,1775228822,1775228822,default
1775228801,1_60161,1_100042,148,1_762076930,1_7399,1775229180,1775227813,default
1775228801,1_60161,1_100042,148,1_762077090,1_7976055,1775230980,1775230980,default
1775228801,1_30790,1_100006,107,1_635437410,1_7352,1775228772,1775228826,default
1775228801,1_2850,1_100089,2,1_788758060,1_7091,1775229000,1775229000,default
1775228801,1_2850,1_100089,2,1_788758070,1_8023473,1775229900,1775229900,default
1775228801,1_46505,1_102619,F Line,1_635449260,1_7976074,1775229180,1775229180,default
1775228801,1_29423,1_102732,79,1_816446270,1_8022130,1775229000,1775229000,default
1775228801,1_29423,1_102732,79,1_817872860,1_8022127,1775229600,1775229600,default
1775228801,1_29423,1_102732,79,1_816446390,1_8022070,1775230200,1775230200,default
1775228801,1_1190,40_100239,550,40_597750720,40_7976618,1775228852,1775228852,default
1775228801,1_57453,1_100060,168,1_664460610,1_7976211,1775230200,1775230200,default
1775228801,1_8671,1_100275,8,1_800891730,1_8025039,1775228866,1775228866,default
1775228801,3_31002,1_102736,H Line,1_694057340,1_7974896,1775228866,1775228866,default
1775228801,1_72494,1_100160,269,1_806916990,1_8024688,1775228880,1775228880,default
1775228801,1_52306,1_102619,F Line,1_635449110,1_7976017,1775229000,1775229000,default
1775228801,1_52306,1_102619,F Line,1_656237180,1_7976229,1775229900,1775229900,default
1775228801,1_48610,1_102717,165,1_800649240,1_7016,1775228768,1775228902,default
1775228801,1_17950,1_100062,17,1_721362420,1_7974608,1775229480,1775229480,default
1775228801,1_41940,1_100249,60,1_801585690,1_8026428,1775228917,1775228917,default
1775228801,1_11060,1_100249,60,1_801585090,1_7082,1775228873,1775228920,default
1775228801,1_59282,1_102717,165,1_800649650,1_7323,1775229000,1775226934,default
1775228801,1_59282,1_102717,165,1_800649660,1_8023727,1775230800,1775230800,default
1775228801,1_23905,1_100214,372,1_694306420,1_7976753,1775229025,1775229025,default
1775228801,1_74714,1_102702,239,1_736529580,1_7976434,1775228928,1775228928,default
1775228801,1_59872,1_102619,F Line,1_635448770,1_7976226,1775228992,1775228992,default
1775228801,1_60983,1_100023,124,1_800861910,1_8073,1775228592,1775228954,default
1775228801,1_81684,1_100160,269,1_806916910,1_8024684,1775229000,1775229000,default
1775228801,1_57791,1_102718,184,1_635442730,1_7976222,1775229023,1775229023,default
1775228801,1_620,40_100239,550,40_597754810,40_7976646,1775229060,1775229060,default
1775228801,1_620,40_100236,545,40_806326300,40_8005187,1775229180,1775229180,default
1775228801,1_10912,1_100162,271,1_585555270,1_7976620,1775229240,1775229240,default
1775228801,1_10912,40_100511,542,40_569567870,40_7976686,1775229960,1775229960,default
1775228801,1_10912,1_100162,271,1_585519140,1_7976348,1775230200,1775230200,default
1775228801,1_10912,1_100162,271,1_569495660,1_7976723,1775231040,1775231040,default
1775228801,1_10912,1_100162,271,1_671213680,1_7976721,1775231760,1775231760,default
1775228801,1_71960,40_100511,542,40_721031250,40_7976608,1775229480,1775229480,default
1775228801,1_68400,1_100136,245,1_761787830,1_7976397,1775228992,1775228992,default
1775229101,1_26560,1_102574,40,1_811900940,1_8026392,1775229203,1775229203,default
1775229101,1_60161,1_100042,148,1_762076930,1_7399,1775229180,1775227813,default
1775229101,1_60161,1_100042,148,1_762077090,1_7976055,1775230980,1775230980,default
1775229101,1_575,1_100089,2,1_788758050,1_8023453,1775229180,1775229180,default
1775229101,1_575,1_100219,4,1_675345520,1_7974866,1775229240,1775229240,default
1775229101,1_2850,1_100089,2,1_788758070,1_7140,1775229900,1775228962,default
1775229101,1_2850,1_100089,2,1_788758070,1_8023473,1775229900,1775229900,default
1775229101,1_31620,1_100023,124,1_800861910,1_8024946,1775228868,1775229150,default
1775229101,1_46505,1_102619,F Line,1_635449260,1_7976074,1775229180,1775229180,default
1775229101,1_46505,1_102619,F Line,1_635448490,1_7976083,1775230080,1775230080,default
1775229101,1_29423,1_102732,79,1_817872860,1_8022127,1775229600,1775229600,default
1775229101,1_29423,1_102732,79,1_816446390,1_8022070,1775230200,1775230200,default
1775229101,1_3470,1_100210,36,1_800582980,1_8023417,1775229180,1775229180,default
1775229101,1_57453,1_100060,168,1_664460610,1_7976211,1775230200,1775230217,default
1775229101,1_79877,1_100162,271,1_569496620,1_7976370,1775229240,1775229240,default
1775229101,1_11940,1_100039,14,1_562518740,1_7974988,1775229199,1775229199,default
1775229101,1_52306,1_102619,F Line,1_656237180,1_7976229,1775229900,1775229900,default
1775229101,1_80121,1_102719,161,1_800652070,1_8023891,1775229226,1775229226,default
1775229101,1_58112,1_100045,150,1_800670190,1_8023774,1775229247,1775229247,default
1775229101,1_17950,1_100062,17,1_721362420,1_7974608,1775229480,1775229480,default
1775229101,1_57804,1_100072,181,1_721481780,1_7976033,1775229442,1775229442,default
1775229101,1_59282,1_100072,181,1_721481920,1_7976015,1775230080,1775230080,default
1775229101,1_59282,1_102717,165,1_800649660,1_8023727,1775230800,1775230800,default
1775229101,1_60710,1_100512,A Line,1_800643220,1_8023849,1775229346,1775229346,default
1775229101,1_31890,1_100230,50,1_664485500,1_7976171,1775229281,1775229281,default
1775229101,1_620,40_100239,550,40_597756280,40_7976613,1775229780,1775229780,default
1775229101,1_10912,40_100511,542,40_569567870,40_7976686,1775229960,1775229960,default
1775229101,1_10912,1_100162,271,1_585519140,1_7976348,1775230200,1775230200,default
1775229101,1_10912,1_100162,271,1_569495660,1_7976723,1775231040,1775231040,default
1775229101,1_10912,40_100511,542,40_569562190,40_7976602,1775231160,1775231160,default
1775229101,1_10912,1_100162,271,1_671213680,1_7976721,1775231760,1775231760,default
1775229101,1_71960,40_100511,542,40_721031250,40_7976608,1775229480,1775229480,default
1775229101,1_8403,1_100039,14,1_562518690,1_7974990,1775229240,1775229240,default
1775229401,1_103,1_102745,G Line,1_736437330,1_7974684,1775229406,1775229406,default
1775229401,1_46791,1_100016,118,1_637324330,1_7976006,1775229540,1775229540,default
1775229401,1_6650,1_102747,61,1_803356780,1_8022113,1775228994,1775229426,default
1775229401,1_52638,40_574,574,40_1853020,40_10182,1775229432,1775229432,default
1775229401,1_60161,1_100042,148,1_762077090,1_7976055,1775230980,1775230980,default
1775229401,1_970,1_100003,101,1_800668850,1_8143,1775229414,1775229420,default
1775229401,1_575,1_102581,D Line,1_585676110,1_6094,1775229420,1775229444,default
1775229401,1_2850,1_100089,2,1_788758070,1_7140,1775229900,1775228962,default
1775229401,1_46505,1_102619,F Line,1_635448490,1_6235,1775230080,1775229256,default
1775229401,1_46505,1_102619,F Line,1_635448490,1_7976083,1775230080,1775230080,default
1775229401,1_29423,1_102732,79,1_817872860,1_8022127,1775229600,1775229600,default
1775229401,1_29423,1_102732,79,1_816446390,1_8022070,1775230200,1775230200,default
1775229401,1_74980,1_100205,348,1_771627210,1_7203,1775229445,1775229445,default
1775229401,1_57453,1_100060,168,1_664460610,1_7976211,1775230200,1775230200,default
1775229401,1_1510,1_100210,36,1_800582790,1_8023383,1775229501,1775229501,default
1775229401,1_75770,1_102615,E Line,1_813076840,1_6215,1775230337,1775229407,default
1775229401,3_31002,1_102736,H Line,1_694057380,1_7974887,1775229466,1775229466,default
1775229401,1_71842,1_102753,222,1_774817430,1_7976415,1775229505,1775229505,default
1775229401,1_52306,1_102619,F Line,1_656237180,1_7976229,1775229900,1775229900,default
1775229401,1_52306,1_102619,F Line,1_656236520,1_7976085,1775230800,1775230800,default
1775229401,1_40030,1_102574,40,1_811900910,1_8202,1775229375,1775229540,default
1775229401,1_70665,1_100136,245,1_761787300,1_7976371,1775229516,1775229516,default
1775229401,1_9030,1_100263,7,1_800588480,1_8023407,1775229524,1775229524,default
1775229401,1_76312,1_102705,230,1_664298480,1_7976336,1775229553,1775229553,default
1775229401,1_59282,1_100072,181,1_721481920,1_7976015,1775230080,1775230080,default
1775229401,1_59282,1_102717,165,1_800649660,1_8023727,1775230800,1775230800,default
1775229401,1_23905,1_100214,372,1_694306120,1_7976752,1775229625,1775229625,default
1775229401,1_59872,1_102619,F Line,1_635448880,1_7975997,1775229592,1775229592,default
1775229401,1_39336,1_100205,348,1_771626880,1_7975641,1775229567,1775229567,default
1775229401,1_620,40_100239,550,40_597756280,40_7976613,1775229780,1775229780,default
1775229401,1_620,40_100240,554,40_774870500,40_7976695,1775229780,1775229780,default
1775229401,1_10912,40_100511,542,40_569567870,40_7976686,1775229960,1775229960,default
1775229401,1_10912,1_100162,271,1_585519140,1_7976348,1775230200,1775230200,default
1775229401,1_10912,1_100162,271,1_569495660,1_7976723,1775231040,1775231040,default
1775229401,1_10912,40_100511,542,40_569562190,40_7976602,1775231160,1775231160,default
1775229401,1_10912,1_100162,271,1_671213680,1_7976721,1775231760,1775231760,default
1775229701,1_103,1_102745,G Line,1_736434820,1_7974687,1775229766,1775229766,default
1775229701,1_12170,1_100039,14,1_562518690,1_7974990,1775229759,1775229759,default
1775229701,1_77930,1_102746,333,1_778703860,1_7975730,1775229797,1775229797,default
1775229701,1_4290,1_100219,4,1_675345110,1_7974864,1775229722,1775229722,default
1775229701,1_26560,1_102574,40,1_811900950,1_8026394,1775229863,1775229863,default
1775229701,1_60161,1_100042,148,1_762077090,1_7976055,1775230980,1775230980,default
1775229701,1_8541,1_100263,7,1_800588310,1_4502,1775229540,1775229718,default
1775229701,1_12770,1_100228,48,1_721361970,1_7974621,1775229820,1775229820,default
1775229701,1_30510,1_100249,60,1_801584900,1_8025824,1775229761,1775229761,default
1775229701,1_575,1_100028,13,1_788758860,1_7155,1775229780,1775229780,default
1775229701,1_2850,1_100089,2,1_788758070,1_7140,1775229900,1775228962,default
1775229701,1_2850,1_100089,2,1_788757700,1_7157,1775230440,1775229206,default
1775229701,1_46505,1_102619,F Line,1_635448490,1_6235,1775230080,1775229256,default
1775229701,1_29423,1_102732,79,1_816446390,1_8022070,1775230200,1775230200,default
1775229701,1_3470,1_100210,36,1_800583090,1_8023436,1775229780,1775229780,default
1775229701,1_57453,1_100060,168,1_664460610,1_7976211,1775230200,1775230220,default
1775229701,1_77460,1_102746,333,1_778704520,1_7975682,1775229777,1775229777,default
1775229701,1_75770,1_102615,E Line,1_813081420,1_6089,1775229737,1775229763,default
1775229701,1_52306,1_102619,F Line,1_656237180,1_7976229,1775229900,1775229900,default
1775229701,1_52306,1_102619,F Line,1_656236520,1_7976085,1775230800,1775230800,default
1775229701,1_41850,1_100249,60,1_801584900,1_8025824,1775229866,1775229866,default
1775229701,1_54971,1_100004,105,1_635436180,1_1013,1775229713,1775229872,default
1775229701,1_59282,1_100072,181,1_721481920,1_7976015,1775230080,1775230080,default
1775229701,1_59282,1_102717,165,1_800649660,1_8023727,1775230800,1775230800,default
1775229701,1_10912,40_100511,542,40_569567870,40_7976686,1775229960,1775229960,default
1775229701,1_10912,1_100162,271,1_585519140,1_7976348,1775230200,1775230200,default
1775229701,1_10912,1_100162,271,1_569495660,1_7976723,1775231040,1775231040,default
1775229701,1_10912,40_100511,542,40_569562190,40_7976602,1775231160,1775231160,default
1775229701,1_10912,1_100162,271,1_671213680,1_7976721,1775231760,1775231760,default
1775229701,1_71960,40_100511,542,40_721030870,40_7976607,1775230740,1775230740,default
1775229701,1_68400,1_100136,245,1_761787610,1_7976345,1775229892,1775229892,default
1775230001,1_60161,1_100042,148,1_762077090,1_7976055,1775230980,1775230980,default
1775230001,1_575,1_102576,C Line,1_800868980,1_8025004,1775230080,1775230080,default
1775230001,1_575,1_100210,36,1_800582790,1_8023383,1775230080,1775230080,default
1775230001,1_2850,1_100089,2,1_788757700,1_7157,1775230440,1775229206,default
1775230001,1_46505,1_102619,F Line,1_635448490,1_6235,1775230080,1775229256,default
1775230001,1_29423,1_102732,79,1_816446390,1_8022070,1775230200,1775230200,default
1775230001,1_27420,1_100249,60,1_801584890,1_8025825,1775230148,1775230148,default
1775230001,1_3470,1_100249,60,1_801584900,1_8025824,1775230080,1775230080,default
1775230001,1_64405,1_100099,208,1_630242830,1_7976388,1775230072,1775230072,default
1775230001,1_57453,1_100060,168,1_664460610,1_7976211,1775230200,1775230200,default
1775230001,1_1510,1_100210,36,1_800582980,1_8023417,1775230101,1775230101,default
1775230001,1_76024,1_102702,239,1_736529580,1_7976434,1775230106,1775230106,default
1775230001,3_31002,1_102736,H Line,1_694057370,1_7974966,1775230066,1775230066,default
1775230001,1_81254,1_100203,346,1_724962490,1_7975623,1775230017,1775230078,default
1775230001,1_11940,1_100039,14,1_562518760,1_7974991,1775230159,1775230159,default
1775230001,1_52306,1_102619,F Line,1_656236520,1_7976085,1775230800,1775230800,default
1775230001,1_80121,1_102719,161,1_800652450,1_8023879,1775230126,1775230126,default
1775230001,1_45670,1_100210,36,1_800582500,1_8023380,1775230012,1775230096,default
1775230001,1_38220,1_100214,372,1_694305740,1_7976749,1775230125,1775230125,default
1775230001,1_59282,1_102717,165,1_800649660,1_7442,1775230800,1775229899,default
1775230001,1_59282,1_102717,165,1_800649660,1_8023727,1775230800,1775230800,default
1775230001,1_19921,1_100101,21,1_809331050,1_8026440,1775230156,1775230156,default
1775230001,1_620,40_100236,545,40_806327160,40_9818,1775230380,1775230315,default
1775230001,1_620,40_100239,550,40_597752660,40_7976616,1775230500,1775230500,default
1775230001,1_10912,1_100162,271,1_585519140,1_7976348,1775230200,1775230200,default
1775230001,1_10912,1_100162,271,1_569495660,1_7976723,1775231040,1775231040,default
1775230001,1_10912,40_100511,542,40_569562190,40_7976602,1775231160,1775231160,default
1775230001,1_10912,1_100162,271,1_671213680,1_7976721,1775231760,1775231760,default
1775230001,1_71960,40_100511,542,40_721030870,40_7976607,1775230740,1775230740,default
1775230001,1_8403,1_100039,14,1_562518720,1_7974992,1775230200,1775230200,default
1775230001,1_8403,1_100039,14,1_562518830,1_4306,1775230200,1775230205,default
1775230301,1_76317,1_102702,239,1_736529580,1_7976434,1775230329,1775230329,default
1775230301,1_26560,1_102574,40,1_811901850,1_8025886,1775230463,1775230463,default
1775230301,1_60161,1_100042,148,1_762077090,1_7976055,1775230980,1775230980,default
1775230301,1_2850,1_100089,2,1_788757700,1_7157,1775230440,1775229206,default
1775230301,1_46505,1_102619,F Line,1_635448780,1_6242,1775230980,1775230140,default
1775230301,1_46505,1_102619,F Line,1_635448780,1_7976226,1775230980,1775230980,default
1775230301,1_13810,1_102581,D Line,1_800600870,1_8022123,1775230362,1775230362,default
1775230301,1_27420,1_100161,27,1_759817770,1_7974705,1775230354,1775230354,default
1775230301,1_3470,1_100210,36,1_800583500,1_8023416,1775230380,1775230380,default
1775230301,1_62333,1_100060,168,1_693746750,1_7976231,1775230377,1775230377,default
1775230301,1_52306,1_102619,F Line,1_656236520,1_7976085,1775230800,1775230800,default
1775230301,1_70665,1_100136,245,1_761789630,1_7976372,1775230416,1775230416,default
1775230301,1_41940,1_100249,60,1_801584890,1_8025825,1775230417,1775230417,default
1775230301,1_9605,1_100259,67,1_761383780,1_7975675,1775230440,1775230440,default
1775230301,1_2200,1_102581,D Line,1_803817710,1_8022076,1775230525,1775230525,default
1775230301,1_59282,1_102717,165,1_800649660,1_7442,1775230800,1775229899,default
1775230301,1_59282,1_100072,181,1_721481790,1_7976037,1775233680,1775233680,default
1775230301,1_31890,1_100230,50,1_635468350,1_7976169,1775230481,1775230481,default
1775230301,1_39336,1_100205,348,1_771627210,1_7975643,1775230467,1775230467,default
1775230301,1_620,40_100239,550,40_597752660,40_7976616,1775230500,1775230500,default
1775230301,1_620,40_100240,554,40_774869480,40_7976705,1775230680,1775230680,default
1775230301,1_10912,1_100162,271,1_569495660,1_7976723,1775231040,1775231040,default
1775230301,1_10912,40_100511,542,40_569562190,40_7976602,1775231160,1775231160,default
1775230301,1_10912,1_100162,271,1_671213680,1_7976721,1775231760,1775231760,default
1775230301,1_71960,40_100511,542,40_721030870,40_7976607,1775230740,1775230740,default
1775230301,1_8403,1_100039,14,1_562518720,1_7974992,1775230200,1775230200,default
1775230602,1_12170,1_100039,14,1_562518720,1_7974992,1775230779,1775230779,default
1775230602,1_77930,1_102746,333,1_778703870,1_7975683,1775230697,1775230697,default
1775230602,1_29217,1_100224,44,1_664048590,1_4555,1775230622,1775230622,default
1775230602,1_60161,1_100042,148,1_762077090,1_7976055,1775230980,1775230980,default
1775230602,1_68784,1_102548,B Line,1_721018310,1_7976649,1775230659,1775230659,default
1775230602,1_575,1_100210,36,1_800582980,1_8023417,1775230680,1775230680,default
1775230602,1_2850,1_100089,2,1_788758080,1_7152,1775231400,1775230514,default
1775230602,1_2850,1_100089,2,1_788758080,1_8023468,1775231400,1775231400,default
1775230602,1_46505,1_102619,F Line,1_635448780,1_6242,1775230980,1775230140,default
1775230602,1_77460,1_102746,333,1_778704720,1_7975728,1775230677,1775230677,default
1775230602,1_1510,1_100210,36,1_800583090,1_8023436,1775230701,1775230701,default
1775230602,1_79877,1_100162,271,1_585519750,1_7976353,1775230680,1775230680,default
1775230602,3_31002,1_102736,H Line,1_694057240,1_7974888,1775230666,1775230666,default
1775230602,1_79610,1_100006,107,1_696733600,1_7976109,1775230676,1775230676,default
1775230602,1_52306,1_102619,F Line,1_656236520,1_7976085,1775230800,1775230800,default
1775230602,1_52306,1_102619,F Line,1_656236220,1_7976225,1775231700,1775231700,default
1775230602,1_41128,1_100026,128,1_806634280,1_8023661,1775230716,1775230716,default
1775230602,1_30800,1_100230,50,1_785559630,1_7976178,1775230696,1775230696,default
1775230602,1_2200,1_100001,1,1_562518820,1_7974993,1775230671,1775230764,default
1775230602,1_59282,1_102717,165,1_800649660,1_7442,1775230800,1775229899,default
1775230602,1_59282,1_100072,181,1_721481790,1_7976037,1775233680,1775233680,default
1775230602,1_59872,1_102619,F Line,1_635449110,1_7976017,1775230792,1775230792,default
1775230602,1_10912,1_100264,70,1_801593770,1_8243,1775230666,1775230785,default
1775230602,1_10912,1_100162,271,1_569495660,1_7976723,1775231040,1775231040,default
1775230602,1_10912,40_100511,542,40_569562190,40_7976602,1775231160,1775231160,default
1775230602,1_10912,1_100162,271,1_671213680,1_7976721,1775231760,1775231760,default
1775230602,1_71960,1_102752,223,1_816297480,1_8024748,1775230860,1775230860,default
1775230902,1_60161,1_100042,148,1_762077090,1_7976055,1775230980,1775230980,default
1775230902,1_60161,1_100042,148,1_762077090,1_3756,1775230980,1775230980,default
1775230902,1_575,1_100219,4,1_675345530,1_7974868,1775231040,1775231040,default
1775230902,1_2850,1_100089,2,1_788758080,1_7152,1775231400,1775230514,default
1775230902,1_46505,1_102619,F Line,1_635448780,1_6242,1775230980,1775230140,default
1775230902,1_46505,1_102619,F Line,1_656236730,1_7975997,1775231880,1775231880,default
1775230902,1_40060,1_102574,40,1_811901380,1_8026389,1775230988,1775230988,default
1775230902,1_1190,40_100239,550,40_597752660,40_7976616,1775231012,1775231012,default
1775230902,1_3470,1_100210,36,1_800582500,1_8023380,1775230980,1775230980,default
1775230902,1_72494,1_100160,269,1_806917770,1_8024685,1775231040,1775231040,default
1775230902,1_11940,1_100039,14,1_562518830,1_7974989,1775231059,1775231059,default
1775230902,1_84810,1_102752,223,1_833610640,1_8024726,1775231034,1775231034,default
1775230902,1_52306,1_102619,F Line,1_656236220,1_7976225,1775231700,1775231700,default
1775230902,1_58112,1_100045,150,1_800670370,1_8023775,1775231028,1775231028,default
1775230902,1_38220,1_100214,372,1_694306690,1_7976754,1775231025,1775231025,default
1775230902,1_36510,1_100024,125,1_770790370,1_7974703,1775230907,1775231013,default
1775230902,1_43782,1_100275,8,1_800890970,1_8025046,1775231053,1775231053,default
1775230902,1_2200,1_102581,D Line,1_800600870,1_8022123,1775231065,1775231065,default
1775230902,1_22184,1_102736,H Line,1_694057690,1_7974893,1775231081,1775231081,default
1775230902,1_59282,1_100072,181,1_721481460,1_7439,1775231880,1775230668,default
1775230902,1_59282,1_100072,181,1_721481790,1_7976037,1775233680,1775233680,default
1775230902,1_71678,1_102552,226,1_816295950,1_8024713,1775231062,1775231062,default
1775230902,1_55831,1_100005,106,1_727785650,1_7975005,1775231089,1775231089,default
1775230902,1_10912,40_100511,542,40_569562190,40_7976602,1775231160,1775231160,default
1775230902,1_10912,1_100162,271,1_671213680,1_7976721,1775231760,1775231760,default
1775230902,1_8403,1_100039,14,1_562518850,1_4382,1775231040,1775231090,default
1775231202,1_103,1_102745,G Line,1_736434790,1_7974689,1775231206,1775231206,default
1775231202,1_29217,1_100224,44,1_800586110,1_4504,1775231102,1775231233,default
1775231202,1_8541,1_100039,14,1_562518800,1_7974986,1775231220,1775231220,default
1775231202,1_30790,1_100249,60,1_801585400,1_8025884,1775231257,1775231257,default
1775231202,1_68784,1_102548,B Line,1_721018060,1_7976633,1775231259,1775231259,default
1775231202,1_575,1_102581,D Line,1_628189390,1_6086,1775230860,1775231242,default
1775231202,1_575,1_100210,36,1_800583090,1_8023436,1775231280,1775231280,default
1775231202,1_2850,1_100089,2,1_788758080,1_7152,1775231400,1775230514,default
1775231202,1_46505,1_102619,F Line,1_656236730,1_7975997,1775231880,1775231880,default
1775231202,1_49100,1_100489,156,1_800647270,1_8023861,1775231257,1775231257,default
1775231202,1_1510,1_100210,36,1_800583500,1_8023416,1775231301,1775231301,default
1775231202,3_31002,1_102736,H Line,1_694057390,1_7974900,1775231266,1775231266,default
1775231202,1_73366,1_102752,223,1_816297490,1_8024723,1775231301,1775231301,default
1775231202,1_52306,1_102619,F Line,1_656236220,1_7976225,1775231700,1775231700,default
1775231202,1_52306,1_102619,F Line,1_656236830,1_7976142,1775232600,1775232600,default
1775231202,1_8530,1_100263,7,1_800588360,1_8023409,1775231349,1775231349,default
1775231202,1_30800,1_100249,60,1_801585400,1_8025884,1775231298,1775231298,default
1775231202,1_59282,1_100072,181,1_721481460,1_7439,1775231880,1775230668,default
1775231202,1_59282,1_100072,181,1_721481790,1_7976037,1775233680,1775233680,default
1775231202,1_39336,1_100205,348,1_771626890,1_7975716,1775231367,1775231367,default
1775231202,1_620,40_100236,545,40_806326030,40_8005185,1775231580,1775231580,default
1775231202,1_620,40_100239,550,40_597752130,40_7976612,1775231700,1775231700,default
1775231202,1_10912,1_100224,44,1_664048100,1_7974928,1775231377,1775231377,default
1775231202,1_10912,1_100162,271,1_671213680,1_7976721,1775231760,1775231760,default
1775231202,1_10912,1_100162,271,1_569553850,1_7976666,1775232540,1775232540,default
1775231202,1_71960,40_100511,542,40_721031470,40_7976605,1775231940,1775231940,default
1775231202,1_8403,1_100039,14,1_562518780,1_7974978,1775231160,1775231160,default
1775231202,1_41900,1_100249,60,1_801585200,1_8025818,1775231400,1775231400,default
1775231502,1_103,1_102745,G Line,1_736434740,1_7974685,1775231566,1775231566,default
1775231502,1_77930,1_102746,333,1_778703880,1_7975727,1775231597,1775231597,default
1775231502,1_12770,1_100228,48,1_721361930,1_7974615,1775231560,1775231560,default
1775231502,1_46505,1_102619,F Line,1_656236730,1_7975997,1775231880,1775231880,default
1775231502,1_1190,1_100447,49,1_801235400,1_8023492,1775231590,1775231590,default
1775231502,1_27420,1_100249,60,1_801585200,1_8025818,1775231588,1775231588,default
1775231502,1_77460,1_102746,333,1_778704730,1_7975730,1775231577,1775231577,default
1775231502,1_10653,1_100252,62,1_800855090,1_8025081,1775231580,1775231580,default
1775231502,1_52306,1_102619,F Line,1_656236220,1_6287,1775231700,1775231321,default
1775231502,1_52306,1_102619,F Line,1_656236220,1_7976225,1775231700,1775231700,default
1775231502,1_52306,1_102619,F Line,1_656236830,1_7976142,1775232600,1775232600,default
1775231502,1_81426,1_102702,239,1_736529590,1_7976433,1775231586,1775231586,default
1775231502,1_2200,1_100001,1,1_562521060,1_7974987,1775231571,1775231648,default
1775231502,1_22184,1_100249,60,1_801585110,1_8025820,1775231645,1775231645,default
1775231502,1_59282,1_100072,181,1_721481460,1_7439,1775231880,1775230668,default
1775231502,1_59282,1_102717,165,1_800649230,1_8023716,1775231640,1775231640,default
1775231502,1_59282,1_100072,181,1_721481790,1_7976037,1775233680,1775233680,default
1775231502,1_59872,1_102619,F Line,1_656237180,1_7976229,1775231752,1775231752,default
1775231502,1_31890,1_100230,50,1_664485120,1_7976176,1775231681,1775231681,default
1775231502,1_620,40_100239,550,40_597752130,40_7976612,1775231700,1775231700,default
1775231502,1_10912,1_100214,372,1_694306310,1_6976,1775231541,1775231663,default
1775231502,1_10912,1_100162,271,1_671213680,1_6931,1775231760,1775231760,default
1775231502,1_10912,1_100162,271,1_671213680,1_7976721,1775231760,1775231760,default
1775231502,1_10912,1_100162,271,1_569553850,1_7976666,1775232540,1775232540,default
1775231502,1_10912,40_100511,542,40_569565600,40_7976608,1775232600,1775232600,default
1775231502,1_71960,40_100511,542,40_721031470,40_7976605,1775231940,1775231940,default
1775231802,1_481,1_102736,H Line,1_694057320,1_6076,1775231700,1775231813,default
1775231802,1_29217,1_100224,44,1_659992690,1_4546,1775231822,1775231822,default
1775231802,1_60161,1_100042,148,1_762077020,1_7976053,1775232840,1775232840,default
1775231802,1_81841,1_100160,269,1_806917840,1_8024683,1775231830,1775231830,default
1775231802,1_30510,1_100249,60,1_801585410,1_8025817,1775231861,1775231861,default
1775231802,1_575,1_100210,36,1_800583500,1_8023416,1775231880,1775231880,default
1775231802,1_13830,1_102581,D Line,1_800600690,1_8022077,1775231891,1775231891,default
1775231802,1_2850,1_100089,2,1_788757710,1_8023446,1775232360,1775232360,default
1775231802,1_46505,1_102619,F Line,1_656236730,1_7975997,1775231880,1775231880,default
1775231802,1_1510,1_100210,36,1_800582500,1_8023380,1775231858,1775231858,default
1775231802,1_68130,1_102548,B Line,1_721018840,1_6027,1775231812,1775231895,default
1775231802,3_31002,1_102736,H Line,1_694057260,1_7974967,1775231866,1775231866,default
1775231802,1_11940,1_100039,14,1_562518850,1_7974994,1775231899,1775231899,default
1775231802,1_52306,1_102619,F Line,1_656236830,1_7976142,1775232600,1775232600,default
1775231802,1_48390,1_100030,131,1_800858570,1_8024998,1775231897,1775231897,default
1775231802,1_40030,1_102574,40,1_811901120,1_8228,1775231775,1775231944,default
1775231802,1_41850,1_100249,60,1_801585410,1_8025817,1775231966,1775231966,default
1775231802,1_43782,1_100275,8,1_800891120,1_8025080,1775231928,1775231928,default
1775231802,1_2200,1_102581,D Line,1_803817720,1_8023442,1775232025,1775232025,default
1775231802,1_59282,1_102717,165,1_800649670,1_8023716,1775232540,1775232540,default
1775231802,1_59282,1_100072,181,1_721481790,1_7976037,1775233680,1775233680,default
1775231802,1_45230,1_100133,240,1_806928010,1_8024698,1775231944,1775231944,default
1775231802,1_55831,1_100005,106,1_727785690,1_7975011,1775231989,1775231989,default
1775231802,1_620,40_100239,550,40_597756660,40_7976614,1775232240,1775232240,default
1775231802,1_620,1_100104,212,1_774865930,1_7480,1775233980,1775232617,default
1775231802,1_10912,1_100264,70,1_801594210,1_8214,1775231866,1775231973,default
1775231802,1_10912,1_100224,44,1_664048590,1_7974923,1775231977,1775231977,default
1775231802,1_10912,1_100162,271,1_569553850,1_7976666,1775232540,1775232540,default
1775231802,1_10912,40_100511,542,40_569565600,40_7976608,1775232600,1775232600,default
1775231802,1_71960,1_102752,223,1_816297490,1_8024723,1775232000,1775232000,default
1775232102,1_8310,1_100263,7,1_800588390,1_8023403,1775232111,1775232111,default
1775232102,1_26560,1_102574,40,1_811901010,1_8026398,1775232296,1775232296,default
1775232102,1_60161,1_100042,148,1_762077020,1_7976053,1775232840,1775232840,default
1775232102,1_8541,1_100039,14,1_562518860,1_7974993,1775232120,1775232120,default
1775232102,1_575,1_102581,D Line,1_628189420,1_6084,1775232060,1775232144,default
1775232102,1_2850,1_100089,2,1_788757710,1_7158,1775232360,1775231817,default
1775232102,1_46505,1_102619,F Line,1_656236950,1_7976017,1775232780,1775232780,default
1775232102,1_27420,1_100249,60,1_801584960,1_8025823,1775232308,1775232308,default
1775232102,1_3470,1_100249,60,1_801585410,1_8025817,1775232180,1775232180,default
1775232102,1_25140,1_100254,65,1_778694650,1_7975676,1775232111,1775232167,default
1775232102,1_57453,1_102719,161,1_800651720,1_8023902,1775232000,1775232158,default
1775232102,3_31002,40_560,560,40_805020,40_10111,1775232420,1775232420,default
1775232102,1_84810,1_102752,223,1_833610650,1_8024750,1775232247,1775232247,default
1775232102,1_52306,1_102619,F Line,1_656236830,1_7976142,1775232600,1775232600,default
1775232102,1_52306,1_102619,F Line,1_656237090,1_7976074,1775233500,1775233500,default
1775232102,1_9605,1_100259,67,1_761384500,1_8113,1775232240,1775232240,default
1775232102,1_9605,1_100259,67,1_761384500,1_7975678,1775232240,1775232240,default
1775232102,1_59282,1_102717,165,1_800649670,1_7474,1775232540,1775232073,default
1775232102,1_59282,1_102717,165,1_800649670,1_8023716,1775232540,1775232540,default
1775232102,1_59282,1_100072,181,1_721481790,1_7976037,1775233680,1775233680,default
1775232102,1_39336,1_100205,348,1_771627220,1_7975644,1775232267,1775232267,default
1775232102,1_620,40_100236,545,40_806328030,40_8005182,1775232300,1775232358,default
1775232102,1_620,40_100236,545,40_806328030,40_9820,1775232300,1775232409,default
1775232102,1_620,40_100240,554,40_774868130,40_7976696,1775232420,1775232420,default
1775232102,1_620,1_100104,212,1_774865930,1_7480,1775233980,1775232617,default
1775232102,1_10912,1_100162,271,1_569553850,1_7976666,1775232540,1775232540,default
1775232102,1_10912,40_100511,542,40_569565600,40_7976608,1775232600,1775232600,default
1775232102,1_10912,1_100162,271,1_569495530,1_7976369,1775233500,1775233500,default
1775232102,1_8403,1_100039,14,1_562518800,1_7974986,1775232120,1775232120,default
1775232402,1_77930,1_102746,333,1_778703890,1_7975729,1775232497,1775232497,default
1775232402,1_60161,1_100042,148,1_762077020,1_7976053,1775232840,1775232840,default
1775232402,1_68784,1_102548,B Line,1_721018840,1_7976639,1775232459,1775232459,default
1775232402,1_46505,1_102619,F Line,1_656236950,1_7976017,1775232780,1775232780,default
1775232402,1_77460,1_102746,333,1_778704980,1_7975683,1775232477,1775232477,default
1775232402,1_68130,1_102548,B Line,1_721018240,1_6042,1775232472,1775232497,default
1775232402,1_10653,1_100252,62,1_800855000,1_8025003,1775232480,1775232480,default
1775232402,3_31002,1_102736,H Line,1_694057350,1_7974895,1775232466,1775232466,default
1775232402,1_73366,1_102752,223,1_816297500,1_8024752,1775232501,1775232501,default
1775232402,1_81254,1_102746,333,1_778704720,1_7975728,1775232475,1775232475,default
1775232402,1_52306,1_102619,F Line,1_656236830,1_7976142,1775232600,1775232600,default
1775232402,1_52306,1_102619,F Line,1_656237090,1_7976074,1775233500,1775233500,default
1775232402,1_13190,1_100018,12,1_801584330,1_8025811,1775232524,1775232524,default
1775232402,1_41940,1_100249,60,1_801584960,1_8025823,1775232577,1775232577,default
1775232402,1_2200,1_100001,1,1_562518840,1_7974977,1775232446,1775232525,default
1775232402,1_59282,1_102717,165,1_800649670,1_7474,1775232540,1775232073,default
1775232402,1_59282,1_100072,181,1_721481790,1_7976037,1775233680,1775233680,default
1775232402,1_59872,1_102619,F Line,1_656236520,1_7976085,1775232652,1775232652,default
1775232402,1_57791,1_102718,184,1_635442750,1_7976222,1775232563,1775232563,default
1775232402,1_620,1_100104,212,1_774865930,1_7480,1775233980,1775232617,default
1775232402,1_10912,1_100223,43,1_800586040,1_8023425,1775232440,1775232597,default
1775232402,1_10912,40_100511,542,40_569565600,40_7976608,1775232600,1775232600,default
1775232402,1_10912,1_100162,271,1_569495530,1_7976369,1775233500,1775233500,default
1775232402,1_10912,1_100162,271,1_569496980,1_7976364,1775234460,1775234460,default
1775232402,1_71960,40_100511,542,40_721030860,40_7976686,1775233740,1775233740,default
1775232402,1_16140,29_130,130,29_16132730__MCOB-DO:121:0:Weekday:2:26MAR:61010:12345,29_21804,1775232565,1775232511,default
1775232702,1_46791,1_100016,118,1_669626560,1_7976007,1775232780,1775232780,default
1775232702,1_481,1_102576,C Line,1_800868990,1_8025004,1775232780,1775232780,default
1775232702,1_60161,1_100042,148,1_762077020,1_7976053,1775232840,1775232840,default
1775232702,1_575,1_102581,D Line,1_803817700,1_6092,1775232660,1775232759,default
1775232702,1_575,1_100219,4,1_675345540,1_7974872,1775232840,1775232840,default
1775232702,1_2850,1_100089,2,1_788758090,1_7117,1775233320,1775232497,default
1775232702,1_46505,1_102619,F Line,1_656236950,1_7976017,1775232780,1775232780,default
1775232702,1_280,40_100240,554,40_560098600,40_9652,1775232593,1775232760,default
1775232702,1_1190,40_100239,550,40_597756660,40_9673,1775232752,1775232752,default
1775232702,1_23530,1_100259,67,1_724947860,1_7975714,1775232759,1775232759,default
1775232702,1_72494,1_100160,269,1_806918490,1_8024686,1775232840,1775232840,default
1775232702,1_79610,1_100006,107,1_694532150,1_7976108,1775232815,1775232815,default
1775232702,1_11940,1_100039,14,1_562518900,1_7974990,1775232799,1775232799,default
1775232702,1_52306,1_102619,F Line,1_656237090,1_7976074,1775233500,1775233500,default
1775232702,1_38220,1_100214,372,1_694305880,1_7976764,1775232825,1775232825,default
1775232702,1_43782,1_100275,8,1_800891290,1_8025042,1775232828,1775232828,default
1775232702,1_57804,1_100072,181,1_721481930,1_7976104,1775233042,1775233042,default
1775232702,1_59282,1_100072,181,1_721481790,1_7976037,1775233680,1775233680,default
1775232702,1_55831,1_100005,106,1_727785630,1_7975013,1775232889,1775232889,default
1775232702,1_81684,1_100160,269,1_806917270,1_8024688,1775232900,1775232900,default
1775232702,1_620,40_100239,550,40_597754090,40_7976645,1775233440,1775233440,default
1775232702,1_10912,1_100162,271,1_569495530,1_7976369,1775233500,1775233500,default
1775232702,1_10912,1_100162,271,1_569496980,1_7976364,1775234460,1775234460,default
1775232702,1_71960,40_100511,542,40_721030860,40_7976686,1775233740,1775233740,default
1775232702,1_52081,1_102736,H Line,1_694057360,1_7974897,1775232921,1775232921,default
1775232702,1_8403,1_100039,14,1_562518920,1_4391,1775232900,1775232900,default
1775233002,1_103,1_102745,G Line,1_736437100,1_7974688,1775233006,1775233006,default
1775233002,1_970,1_100003,101,1_800668590,1_8191,1775233014,1775233020,default
1775233002,1_8541,1_100039,14,1_562521050,1_7974987,1775233020,1775233020,default
1775233002,1_77510,1_100205,348,1_771626900,1_7975642,1775233034,1775233034,default
1775233002,1_55230,1_100006,107,1_694543980,1_7976110,1775233036,1775233036,default
1775233002,1_575,1_100264,70,1_801594360,1_8211,1775233080,1775233080,default
1775233002,1_2850,1_100089,2,1_788758090,1_7117,1775233320,1775232497,default
1775233002,1_46505,1_102619,F Line,1_770992180,1_7976229,1775233740,1775233740,default
1775233002,1_29423,1_102732,79,1_816446360,1_8022069,1775233800,1775233800,default
1775233002,1_74980,1_100205,348,1_771627230,1_7201,1775232985,1775233048,default
1775233002,3_31002,1_102736,H Line,1_694057360,1_7974897,1775233066,1775233066,default
1775233002,1_52306,1_102619,F Line,1_656237090,1_7976074,1775233500,1775233500,default
1775233002,1_52306,1_102619,F Line,1_721495920,1_7976083,1775234340,1775234340,default
1775233002,1_45670,1_100210,36,1_800582490,1_4378,1775233012,1775233112,default
1775233002,1_59282,1_100072,181,1_721481790,1_7312,1775233680,1775232798,default
1775233002,1_59282,1_102717,165,1_800649680,1_8023877,1775234220,1775234220,default
1775233002,1_620,40_100236,545,40_806326680,40_8005181,1775233200,1775233200,default
1775233002,1_620,40_100236,545,40_806326680,40_9585,1775233200,1775233260,default
1775233002,1_620,40_100240,554,40_774869230,40_7976693,1775233380,1775233380,default
1775233002,1_620,40_100239,550,40_597754090,40_7976645,1775233440,1775233440,default
1775233002,1_10912,1_100228,48,1_721358610,1_8057,1775232840,1775233160,default
1775233002,1_10912,1_100264,70,1_801593860,1_8221,1775233066,1775233165,default
1775233002,1_10912,1_100224,44,1_659992690,1_7974929,1775233177,1775233177,default
1775233002,1_10912,1_100162,271,1_569495530,1_7976369,1775233500,1775233500,default
1775233002,1_10912,40_100511,542,40_569563320,40_7976607,1775233920,1775233920,default
1775233002,1_10912,1_100162,271,1_569496980,1_7976364,1775234460,1775234460,default
1775233002,1_71960,1_102752,223,1_816297500,1_8024752,1775233200,1775233200,default
1775233002,1_71960,40_100511,542,40_721030860,40_7976686,1775233740,1775233740,default
1775233002,1_8403,1_100039,14,1_562518860,1_7974993,1775233020,1775233020,default
1775233303,1_103,1_102745,G Line,1_736434870,1_7974691,1775233366,1775233366,default
1775233303,1_60161,1_100042,148,1_762077280,1_3757,1775236440,1775235541,default
1775233303,1_60161,1_100042,148,1_762077280,1_7976071,1775236440,1775236440,default
1775233303,1_60161,1_100042,148,1_762077070,1_7976052,1775238240,1775238240,default
1775233303,1_30510,1_100230,50,1_770997870,1_7976178,1775235760,1775235760,default
1775233303,1_13830,1_100193,32,1_651766710,1_7974548,1775235784,1775235784,default
1775233303,1_2850,1_100089,2,1_788757730,1_8023466,1775236200,1775236200,default
1775233303,1_46505,1_102619,F Line,1_770991840,1_7976142,1775236440,1775236440,default
1775233303,1_31680,1_100249,60,1_801585040,1_8025824,1775235770,1775235770,default
1775233303,1_27420,1_100249,60,1_801585070,1_8025820,1775235848,1775235848,default
1775233303,1_74743,1_102702,239,1_736529620,1_7976434,1775235848,1775235848,default
1775233303,1_52306,1_102619,F Line,1_656236740,1_7975997,1775236200,1775236200,default
1775233303,1_52306,1_102619,F Line,1_656236960,1_7976017,1775237100,1775237100,default
1775233303,1_70665,1_100136,245,1_761787940,1_7976345,1775235825,1775235825,default
1775233303,1_59282,1_102717,165,1_800649690,1_7077,1775236020,1775234673,default
1775233303,1_59282,1_100072,181,1_721481480,1_7976015,1775239080,1775239080,default
1775233303,1_23905,1_100214,372,1_694305960,1_7976757,1775235925,1775235925,default
1775233303,1_60710,1_100512,A Line,1_800643310,1_8023745,1775235946,1775235946,default
1775233303,1_21320,1_100249,60,1_801585020,1_8025825,1775235900,1775235900,default
1775233303,1_620,40_100236,545,40_806327770,40_8005184,1775235900,1775235900,default
1775233303,1_620,40_100236,545,40_806327770,40_9645,1775235900,1775235910,default
1775233303,1_620,40_100240,554,40_774868720,40_7976690,1775236020,1775236020,default
1775233303,1_620,40_100239,550,40_597756250,40_7976613,1775236440,1775236440,default
1775233303,1_10912,1_100162,271,1_569496420,1_7976349,1775236260,1775236260,default
1775233303,1_10912,40_100511,542,40_569565790,40_7976685,1775236260,1775236260,default
1775233303,1_10912,1_100162,271,1_569496250,1_7976353,1775237160,1775237160,default
1775233303,1_10912,40_100511,542,40_569567950,40_7976686,1775237880,1775237880,default
1775233303,1_8403,1_100039,14,1_562518970,1_7974988,1775235600,1775235600,default
1775235902,1_77930,1_102746,333,1_778703930,1_7975730,1775235977,1775235977,default
1775235902,1_60161,1_100042,148,1_762077280,1_3757,1775236440,1775235541,default
1775235902,1_60161,1_100042,148,1_762077070,1_7976052,1775238240,1775238240,default
1775235902,1_17651,1_102747,61,1_803356850,1_3720,1775235973,1775235973,default
1775235902,1_575,1_100264,70,1_801593520,1_8293,1775235960,1775235960,default
1775235902,1_575,1_100219,4,1_675345190,1_7974864,1775235960,1775235960,default
1775235902,1_2850,1_100089,2,1_788757730,1_7091,1775236200,1775235816,default
1775235902,1_2850,1_100089,2,1_788757730,1_8023466,1775236200,1775236200,default
1775235902,1_35334,1_102747,61,1_803356840,1_8022039,1775235963,1775235963,default
1775235902,1_46505,1_102619,F Line,1_770991840,1_7976142,1775236440,1775236440,default
1775235902,1_77460,1_102746,333,1_778704900,1_7975682,1775235957,1775235957,default
1775235902,1_73366,1_102752,223,1_816297530,1_8024726,1775235981,1775235981,default
1775235902,1_52306,1_102619,F Line,1_656236740,1_7975997,1775236200,1775236200,default
1775235902,1_52306,1_102619,F Line,1_656236960,1_7976017,1775237100,1775237100,default
1775235902,1_99254,1_100003,101,1_762100700,1_7976160,1775236060,1775236060,default
1775235902,1_71970,1_102752,223,1_833610690,1_7369,1775235848,1775236025,default
1775235902,1_54201,1_102619,F Line,1_721496180,1_7976226,1775236049,1775236049,default
1775235902,1_2200,1_102581,D Line,1_803817530,1_8022075,1775236105,1775236105,default
1775235902,1_59282,1_100072,181,1_721481480,1_7976015,1775239080,1775239080,default
1775235902,1_31970,1_100026,128,1_806634360,1_1010,1775235856,1775236059,default
1775235902,1_14280,1_102581,D Line,1_803817590,1_8023442,1775236058,1775236058,default
1775235902,1_31890,1_100026,128,1_806634560,1_8023671,1775236078,1775236078,default
1775235902,1_620,40_100239,550,40_597756250,40_7976613,1775236440,1775236440,default
1775235902,1_10912,1_100264,70,1_801594380,1_8211,1775236066,1775236066,default
1775235902,1_10912,1_100214,372,1_694305920,1_6885,1775236041,1775236075,default
1775235902,1_10912,1_100162,271,1_569496420,1_7976349,1775236260,1775236260,default
1775235902,1_10912,40_100511,542,40_569565790,40_7976685,1775236260,1775236260,default
1775235902,1_10912,40_100511,542,40_569565790,40_9682,1775236260,1775236260,default
1775235902,1_10912,1_100162,271,1_569496250,1_7976353,1775237160,1775237160,default
1775235902,1_10912,40_100511,542,40_569567950,40_7976686,1775237880,1775237880,default
1775235902,1_12430,1_100009,11,1_736449610,1_7974664,1775236092,1775236046,default
1775236203,1_103,1_102745,G Line,1_736434960,1_7974691,1775236246,1775236246,default
1775236203,1_481,1_102736,H Line,1_694056700,1_6051,1775235900,1775236208,default
1775236203,1_6650,1_102747,61,1_803356860,1_8022041,1775236194,1775236222,default
1775236203,1_60161,1_100042,148,1_762077280,1_3757,1775236440,1775235541,default
1775236203,1_60161,1_100042,148,1_762077070,1_7976052,1775238240,1775238240,default
1775236203,1_970,1_100045,150,1_800669970,1_8161,1775236254,1775236254,default
1775236203,1_320,40_100239,550,40_597756320,40_6853,1775236260,1775236305,default
1775236203,1_2850,1_100089,2,1_788758110,1_8023472,1775236980,1775236980,default
1775236203,1_46505,1_102619,F Line,1_770991840,1_7976142,1775236440,1775236440,default
1775236203,1_29423,1_102732,79,1_816446430,1_8022070,1775237400,1775237400,default
1775236203,1_89990,29_130,130,29_16132776__MCOB-DO:121:0:Weekday:2:26MAR:61010:12345,29_21804,1775236320,1775236234,default
1775236203,1_58110,1_100045,150,1_800670660,1_8023798,1775236260,1775236260,default
1775236203,1_72494,1_100160,269,1_806917850,1_8024683,1775236440,1775236440,default
1775236203,1_52306,1_102619,F Line,1_656236960,1_7976017,1775237100,1775237100,default
1775236203,1_36510,1_100024,125,1_685929990,1_7974703,1775236315,1775236315,default
1775236203,1_49730,1_100031,132,1_800858340,1_8024989,1775236317,1775236317,default
1775236203,1_2200,1_100275,8,1_800891360,1_8083,1775236233,1775236345,default
1775236203,1_59282,1_100072,181,1_721481940,1_7476,1775237280,1775236170,default
1775236203,1_59282,1_100072,181,1_721481480,1_7976015,1775239080,1775239080,default
1775236203,1_55831,1_100005,106,1_727785640,1_7975012,1775236388,1775236388,default
1775236203,1_31890,1_100230,50,1_770997650,1_7976174,1775236377,1775236377,default
1775236203,1_620,40_100239,550,40_597756250,40_7976613,1775236440,1775236440,default
1775236203,1_68888,1_102552,226,1_816295990,1_8024715,1775236410,1775236410,default
1775236203,1_10912,1_100162,271,1_569496250,1_7976353,1775237160,1775237160,default
1775236203,1_10912,40_100511,542,40_569567950,40_7976686,1775237880,1775237880,default
1775236203,1_71960,40_100511,542,40_721030830,40_7976607,1775237460,1775237460,default
1775236203,1_52081,1_102736,H Line,1_694057410,1_7974893,1775236401,1775236401,default
1775236503,1_103,1_102745,G Line,1_736435070,1_7974686,1775236606,1775236606,default
1775236503,1_62212,1_102720,160,1_694517420,1_7976143,1775236512,1775236512,default
1775236503,1_60161,1_100042,148,1_762077070,1_7976052,1775238240,1775238240,default
1775236503,1_60161,1_100042,148,1_762077140,1_7976054,1775240040,1775240040,default
1775236503,1_9750,1_100269,75,1_803351750,1_8022020,1775236309,1775236524,default
1775236503,1_2850,1_100089,2,1_788758110,1_8023472,1775236980,1775236980,default
1775236503,1_46505,1_102619,F Line,1_770992090,1_7976074,1775237340,1775237340,default
1775236503,1_29423,1_102732,79,1_816446430,1_8022070,1775237400,1775237400,default
1775236503,1_280,40_100240,554,40_560096510,40_9662,1775236553,1775236553,default
1775236503,1_280,40_100240,554,40_560096510,40_7976708,1775236553,1775236553,default
1775236503,1_52306,1_102619,F Line,1_656236960,1_7976017,1775237100,1775237100,default
1775236503,1_76312,1_102705,230,1_664298470,1_7976336,1775236621,1775236621,default
1775236503,1_59282,1_100072,181,1_721481940,1_7476,1775237280,1775236170,default
1775236503,1_59282,1_100072,181,1_721481480,1_7976015,1775239080,1775239080,default
1775236503,1_620,40_100236,545,40_806327350,40_8005183,1775236860,1775236860,default
1775236503,1_620,40_100240,554,40_774869900,40_7976694,1775236920,1775236920,default
1775236503,1_10912,1_100264,70,1_801593500,1_8225,1775236726,1775236726,default
1775236503,1_10912,1_100162,271,1_569496250,1_7976353,1775237160,1775237160,default
1775236503,1_10912,40_100511,542,40_569567950,40_7976686,1775237880,1775237880,default
1775236503,1_10912,1_100162,271,1_569495880,1_7976665,1775238060,1775238060,default
1775236503,1_71960,1_102752,223,1_816297530,1_8024726,1775236680,1775236680,default
1775236503,1_71960,40_100511,542,40_721030830,40_7976607,1775237460,1775237460,default
1775236503,1_8403,1_100039,14,1_562518980,1_7974991,1775236500,1775236500,default
1775236803,1_77930,1_102746,333,1_778703940,1_7975683,1775236859,1775236859,default
1775236803,1_26560,1_102574,40,1_811900860,1_8026393,1775236856,1775236856,default
1775236803,1_60161,1_100042,148,1_762077070,1_7976052,1775238240,1775238240,default
1775236803,1_60161,1_100042,148,1_762077140,1_7976054,1775240040,1775240040,default
1775236803,1_575,1_100219,4,1_675345200,1_7974884,1775236860,1775236860,default
1775236803,1_575,1_100264,70,1_801593850,1_8221,1775236860,1775236860,default
1775236803,1_575,1_100263,7,1_800588170,1_8023413,1775236920,1775236920,default
1775236803,1_13830,1_102581,D Line,1_803817570,1_8022079,1775236871,1775236871,default
1775236803,1_2850,1_100089,2,1_788758110,1_7155,1775236980,1775236582,default
1775236803,1_2850,1_100089,2,1_788758110,1_8023472,1775236980,1775236980,default
1775236803,1_35334,1_102747,61,1_803356850,1_8022040,1775236863,1775236863,default
1775236803,1_46505,1_102619,F Line,1_770992090,1_7976074,1775237340,1775237340,default
1775236803,1_29423,1_102732,79,1_816446430,1_8022070,1775237400,1775237400,default
1775236803,1_1190,40_100239,550,40_597756250,40_7976613,1775236900,1775236900,default
1775236803,1_77460,1_102746,333,1_778704610,1_7975728,1775236857,1775236857,default
1775236803,1_1510,1_100001,1,1_800581630,1_4335,1775236794,1775236874,default
1775236803,1_1510,1_100263,7,1_800589090,1_8023428,1775236914,1775236914,default
1775236803,1_68130,1_102548,B Line,1_721018650,1_6023,1775236732,1775236884,default
1775236803,1_71842,1_102753,222,1_774817470,1_7976417,1775236885,1775236885,default
1775236803,1_52306,1_102619,F Line,1_656236960,1_7976017,1775237100,1775237100,default
1775236803,1_52306,1_102619,F Line,1_656237200,1_7976229,1775238000,1775238000,default
1775236803,1_41850,1_100249,60,1_801585310,1_8025883,1775236917,1775236917,default
1775236803,1_59282,1_100072,181,1_721481940,1_7476,1775237280,1775236170,default
1775236803,1_59282,1_102717,165,1_800649700,1_7354,1775237820,1775236671,default
1775236803,1_59282,1_102717,165,1_800649700,1_8023732,1775237820,1775237820,default
1775236803,1_59282,1_100072,181,1_721481480,1_7976015,1775239080,1775239080,default
1775236803,1_620,40_100236,545,40_806327350,40_8005183,1775236860,1775237130,default
1775236803,1_620,40_100239,550,40_597752630,40_7976616,1775237340,1775237340,default
1775236803,1_10912,1_100162,271,1_569496250,1_7976353,1775237160,1775237160,default
1775236803,1_10912,40_100511,542,40_569567950,40_7976686,1775237880,1775237880,default
1775236803,1_10912,1_100162,271,1_569495880,1_7976665,1775238060,1775238060,default
1775236803,1_71960,40_100511,542,40_721030830,40_7976607,1775237460,1775237460,default
1775236803,1_71838,1_102753,222,1_774817470,1_7976417,1775237017,1775237017,default
1775237103,1_46791,1_100016,118,1_669626690,1_7976006,1775237160,1775237160,default
1775237103,1_46791,1_100016,118,1_669626690,1_3713,1775237160,1775237160,default
1775237103,1_60161,1_100042,148,1_762077070,1_7190,1775238240,1775237016,default
1775237103,1_60161,1_100042,148,1_762077070,1_7976052,1775238240,1775238240,default
1775237103,1_60161,1_100042,148,1_762077140,1_7976054,1775240040,1775240040,default
1775237103,1_2850,1_100089,2,1_788757740,1_8023473,1775237820,1775237820,default
1775237103,1_46505,1_102619,F Line,1_770992090,1_7976074,1775237340,1775237340,default
1775237103,1_29423,1_102732,79,1_816446430,1_8022070,1775237400,1775237400,default
1775237103,1_27420,1_100249,60,1_801585350,1_8025884,1775237228,1775237228,default
1775237103,3_31002,1_102736,H Line,1_694056730,1_7974896,1775237181,1775237181,default
1775237103,1_73366,1_102752,223,1_816297540,1_8024750,1775237181,1775237181,default
1775237103,1_52306,1_102619,F Line,1_656237200,1_7976229,1775238000,1775238000,default
1775237103,1_52306,1_102619,F Line,1_800654030,1_8023882,1775240700,1775240700,default
1775237103,1_8530,1_100005,106,1_727785640,1_7975012,1775237286,1775237286,default
1775237103,1_8530,1_100263,7,1_800588150,1_8023401,1775237289,1775237289,default
1775237103,1_58112,1_100045,150,1_800669690,1_8023788,1775237208,1775237208,default
1775237103,1_59282,1_100072,181,1_721481940,1_7476,1775237280,1775236170,default
1775237103,1_59282,1_102717,165,1_800649700,1_7354,1775237820,1775236671,default
1775237103,1_59282,1_100072,181,1_721481480,1_7976015,1775239080,1775239080,default
1775237103,1_23905,1_100214,372,1_694306180,1_7976768,1775237305,1775237305,default
1775237103,1_35440,1_100269,75,1_803349510,1_8022104,1775237053,1775237258,default
1775237103,1_55831,1_100005,106,1_727785410,1_7975008,1775237288,1775237288,default
1775237103,1_620,40_100236,545,40_806327350,40_8005183,1775236860,1775237299,default
1775237103,1_620,40_100236,545,40_806327350,40_9814,1775236860,1775237314,default
1775237103,1_620,40_100239,550,40_597752630,40_7976616,1775237340,1775237340,default
1775237103,1_10912,40_100511,542,40_569567950,40_7976686,1775237880,1775237880,default
1775237103,1_10912,1_100162,271,1_569495880,1_7976665,1775238060,1775238060,default
1775237103,1_10912,1_100162,271,1_569497080,1_7976667,1775238960,1775238960,default
1775237103,1_71960,40_100511,542,40_721030830,40_7976607,1775237460,1775237460,default
1775237103,1_18220,1_100028,13,1_788758890,1_8023471,1775237283,1775237283,default
1775237403,1_62212,1_102720,160,1_694518060,1_7976097,1775237412,1775237412,default
1775237403,1_60161,1_100042,148,1_762077070,1_7190,1775238240,1775237016,default
1775237403,1_60161,1_100042,148,1_762077140,1_7976054,1775240040,1775240040,default
1775237403,1_12770,1_100219,4,1_675345220,1_4387,1775237408,1775237421,default
1775237403,1_575,1_100263,7,1_800589090,1_8023428,1775237520,1775237520,default
1775237403,1_13830,1_102581,D Line,1_800600860,1_8022076,1775237471,1775237471,default
1775237403,1_2850,1_100089,2,1_788757740,1_8023473,1775237820,1775237820,default
1775237403,1_46505,1_102619,F Line,1_770991380,1_7976083,1775238240,1775238240,default
1775237403,1_79877,1_100162,271,1_569496980,1_7976364,1775237492,1775237492,default
1775237403,1_52306,1_102619,F Line,1_656237200,1_7976229,1775238000,1775238000,default
1775237403,1_52306,1_102619,F Line,1_800654030,1_8023882,1775240700,1775240700,default
1775237403,1_9605,1_100259,67,1_761385150,1_7975676,1775237520,1775237563,default
1775237403,1_59282,1_102717,165,1_800649700,1_7354,1775237820,1775236671,default
1775237403,1_59282,1_100072,181,1_721481480,1_7976015,1775239080,1775239080,default
1775237403,1_31890,1_100230,50,1_770997870,1_7976178,1775237577,1775237577,default
1775237403,1_620,40_100236,545,40_560087720,40_9656,1775237760,1775237723,default
1775237403,1_10912,40_100511,542,40_569567950,40_9676,1775237880,1775237211,default
1775237403,1_10912,1_100264,70,1_801593410,1_8025882,1775237566,1775237585,default
1775237403,1_10912,1_100162,271,1_569495880,1_7976665,1775238060,1775238060,default
1775237403,1_10912,1_100162,271,1_569497080,1_7976667,1775238960,1775238960,default
1775237403,1_10912,40_100511,542,40_569565570,40_7976608,1775239680,1775239680,default
1775237403,1_52081,1_102736,H Line,1_694056700,1_7974887,1775237619,1775237619,default
1775237403,1_8403,1_100039,14,1_562519030,1_7974989,1775237400,1775237400,default
1775237403,1_18220,1_100219,4,1_675345190,1_7974864,1775237580,1775237580,default
1775237703,1_77930,1_102746,333,1_778703950,1_7975727,1775237759,1775237759,default
1775237703,1_60161,1_100042,148,1_762077070,1_7190,1775238240,1775237016,default
1775237703,1_60161,1_100042,148,1_762077140,1_7976054,1775240040,1775240040,default
1775237703,1_30790,1_100249,60,1_801584980,1_8025822,1775237737,1775237737,default
1775237703,1_12220,1_100009,11,1_736449550,1_7974664,1775237737,1775237737,default
1775237703,1_575,1_100219,4,1_675345210,1_7974867,1775237760,1775237760,default
1775237703,1_575,1_100264,70,1_801593570,1_8258,1775237760,1775237760,default
1775237703,1_2850,1_100089,2,1_788757740,1_7140,1775237820,1775237462,default
1775237703,1_2850,1_100089,2,1_788757740,1_8023473,1775237820,1775237820,default
1775237703,1_35334,1_102747,61,1_803356860,1_8022041,1775237763,1775237763,default
1775237703,1_46505,1_102619,F Line,1_770991380,1_7976083,1775238240,1775238240,default
1775237703,1_47660,1_102736,H Line,1_694056730,1_7974896,1775237763,1775237763,default
1775237703,1_1190,40_100239,550,40_597752630,40_7976616,1775237800,1775237800,default
1775237703,1_27420,1_100249,60,1_801585310,1_8025883,1775237888,1775237888,default
1775237703,1_77460,1_102746,333,1_778704620,1_7975730,1775237757,1775237757,default
1775237703,3_31002,1_102736,H Line,1_694056700,1_7974887,1775237781,1775237781,default
1775237703,1_79610,1_100006,107,1_696733880,1_7976107,1775237816,1775237816,default
1775237703,1_52306,1_102619,F Line,1_656237200,1_7976229,1775238000,1775238000,default
1775237703,1_52306,1_102619,F Line,1_656236540,1_7976085,1775238900,1775238900,default
1775237703,1_52306,1_102619,F Line,1_800654030,1_8023882,1775240700,1775240700,default
1775237703,1_59282,1_100072,181,1_721481480,1_7976015,1775239080,1775239080,default
1775237703,1_14280,1_102581,D Line,1_800600670,1_8022078,1775237918,1775237848,default
1775237703,1_10210,1_100264,70,1_801593500,1_8026407,1775237866,1775237866,default
1775237703,1_25791,1_100214,372,1_694306480,1_7484,1775237498,1775237941,default
1775237703,1_620,40_100240,554,40_774870490,40_7976695,1775238060,1775238060,default
1775237703,1_620,40_100239,550,40_597752080,40_7976612,1775238240,1775238240,default
1775237703,1_10912,40_100511,542,40_569567950,40_9676,1775237880,1775237211,default
1775237703,1_10912,1_100214,372,1_694306600,1_6993,1775237841,1775237882,default
1775237703,1_10912,1_100162,271,1_569495880,1_7976665,1775238060,1775238060,default
1775237703,1_10912,1_100162,271,1_569497080,1_7976667,1775238960,1775238960,default
1775237703,1_10912,40_100511,542,40_569565570,40_7976608,1775239680,1775239680,default
1775237703,1_10912,1_100162,271,1_569496900,1_7976389,1775239860,1775239860,default
1775237703,1_71960,1_102752,223,1_816297540,1_8024750,1775237880,1775237880,default
1775238003,1_103,1_102745,G Line,1_736437320,1_7974684,1775238046,1775238046,default
1775238003,1_60161,1_100042,148,1_762077070,1_7190,1775238240,1775237016,default
1775238003,1_60161,1_100042,148,1_762077140,1_7976054,1775240040,1775240040,default
1775238003,1_320,40_100239,550,40_597756240,40_9675,1775238060,1775238053,default
1775238003,1_13830,1_102581,D Line,1_803817560,1_8022123,1775238071,1775238071,default
1775238003,1_2850,1_100089,2,1_788758120,1_7157,1775238780,1775237916,default
1775238003,1_2850,1_100089,2,1_788758120,1_8023467,1775238780,1775238780,default
1775238003,1_46505,1_102619,F Line,1_770991380,1_7976083,1775238240,1775238240,default
1775238003,1_72560,1_102704,250,1_816287970,1_8024761,1775238063,1775238063,default
1775238003,1_58110,1_100045,150,1_800669970,1_8023773,1775238060,1775238060,default
1775238003,1_72494,1_100160,269,1_806917250,1_8024688,1775238120,1775238120,default
1775238003,1_52306,1_102619,F Line,1_656236540,1_7976085,1775238900,1775238900,default
1775238003,1_52306,1_102619,F Line,1_800654030,1_8023882,1775240700,1775240700,default
1775238003,1_8530,1_100005,106,1_727785410,1_7975008,1775238186,1775238186,default
1775238003,1_58112,1_100045,150,1_800669970,1_8023773,1775238168,1775238168,default
1775238003,1_41940,1_100249,60,1_801585310,1_8025883,1775238157,1775238157,default
1775238003,1_49350,1_100026,128,1_806634710,1_8023662,1775238197,1775238197,default
1775238003,1_57804,1_100072,181,1_721481650,1_7976033,1775238442,1775238442,default
1775238003,1_59282,1_100072,181,1_721481480,1_7188,1775239080,1775238021,default
1775238003,1_59282,1_100072,181,1_721481480,1_7976015,1775239080,1775239080,default
1775238003,1_23905,1_100214,372,1_694306320,1_7976753,1775238205,1775238205,default
1775238003,1_55831,1_100005,106,1_727785680,1_7975010,1775238188,1775238188,default
1775238003,1_620,40_100239,550,40_597752080,40_7976612,1775238240,1775238240,default
1775238003,1_68888,1_102552,226,1_816296000,1_8024714,1775238210,1775238210,default
1775238003,1_10912,1_100447,49,1_801235320,1_4307,1775238090,1775238199,default
1775238003,1_10912,1_100162,271,1_569497080,1_7976667,1775238960,1775238960,default
1775238003,1_10912,40_100511,542,40_569565570,40_7976608,1775239680,1775239680,default
1775238003,1_10912,1_100162,271,1_569496900,1_7976389,1775239860,1775239860,default
1775238003,1_76310,1_100214,372,1_694305750,1_6942,1775237981,1775238194,default
1775238303,1_103,1_102745,G Line,1_736435210,1_7974687,1775238406,1775238406,default
1775238303,1_60161,1_100042,148,1_762077140,1_7976054,1775240040,1775240040,default
1775238303,1_51930,1_100030,131,1_800857310,1_8024999,1775238317,1775238317,default
1775238303,1_8541,1_100039,14,1_562519090,1_7974990,1775238360,1775238360,default
1775238303,1_31270,1_100194,33,1_800862420,1_8024955,1775238263,1775238327,default
1775238303,1_2850,1_100089,2,1_788758120,1_7157,1775238780,1775237916,default
1775238303,1_46505,1_102619,F Line,1_770991640,1_7976226,1775239140,1775239140,default
1775238303,1_46505,1_102619,F Line,1_635449590,1_7976003,1775239980,1775239980,default
1775238303,1_47660,1_102736,H Line,1_694056700,1_7974887,1775238363,1775238363,default
1775238303,3_31002,1_102736,H Line,1_694056710,1_7974966,1775238381,1775238381,default
1775238303,1_73366,1_102752,223,1_816297550,1_8024748,1775238381,1775238381,default
1775238303,1_52306,1_102619,F Line,1_656236540,1_7976085,1775238900,1775238900,default
1775238303,1_52306,1_102619,F Line,1_800654030,1_8023882,1775240700,1775240700,default
1775238303,1_8530,1_100263,7,1_800588400,1_8023429,1775238489,1775238489,default
1775238303,1_45670,1_100210,36,1_800582820,1_8023432,1775238412,1775238447,default
1775238303,1_40030,1_102574,40,1_811900970,1_8220,1775238435,1775238435,default
1775238303,1_57804,1_100072,181,1_721481650,1_7976033,1775238442,1775238442,default
1775238303,1_59282,1_100072,181,1_721481480,1_7188,1775239080,1775238021,default
1775238303,1_31890,1_100026,128,1_806634040,1_8023657,1775238478,1775238478,default
1775238303,1_25791,1_100214,372,1_694306600,1_6993,1775238398,1775238548,default
1775238303,1_620,40_100236,545,40_560088830,40_9686,1775238660,1775238660,default
1775238303,1_10912,1_100224,44,1_664048790,1_7974923,1775238469,1775238469,default
1775238303,1_10912,1_100264,70,1_801594150,1_8026417,1775238466,1775238478,default
1775238303,1_10912,1_100162,271,1_569497080,1_7976667,1775238960,1775238960,default
1775238303,1_10912,40_100511,542,40_569565570,40_7976608,1775239680,1775239680,default
1775238303,1_10912,1_100162,271,1_569496900,1_7976389,1775239860,1775239860,default
1775238303,1_71960,40_100511,542,40_721031390,40_9682,1775239260,1775238036,default
1775238303,1_8403,1_100039,14,1_562519040,1_7974994,1775238360,1775238360,default
1775238603,1_77930,1_102746,333,1_778703960,1_7975729,1775238659,1775238659,default
1775238603,1_60161,1_100042,148,1_762077140,1_7976054,1775240040,1775240040,default
1775238603,1_575,1_100264,70,1_801593420,1_8226,1775238660,1775238660,default
1775238603,1_575,1_100219,4,1_675345220,1_7974865,1775238660,1775238660,default
1775238603,1_575,1_100263,7,1_800588220,1_8023408,1775238720,1775238720,default
1775238603,1_13830,1_102581,D Line,1_803817580,1_8023487,1775238671,1775238671,default
1775238603,1_2850,1_100089,2,1_788758120,1_7157,1775238780,1775237916,default
1775238603,1_35334,1_102747,61,1_803356870,1_8022112,1775238663,1775238663,default
1775238603,1_46505,1_102619,F Line,1_770991640,1_7976226,1775239140,1775239140,default
1775238603,1_46505,1_102619,F Line,1_635449590,1_7976003,1775239980,1775239980,default
1775238603,1_31680,1_100249,60,1_801584980,1_8025822,1775238650,1775238650,default
1775238603,1_1190,40_100239,550,40_597752080,40_7976612,1775238700,1775238700,default
1775238603,1_77460,1_102746,333,1_778704770,1_7975683,1775238657,1775238657,default
1775238603,1_1510,1_100263,7,1_800588400,1_8023429,1775238714,1775238714,default
1775238603,1_76024,1_102702,239,1_736529630,1_7976433,1775238700,1775238700,default
1775238603,1_81199,1_100072,181,1_721481650,1_7976033,1775238743,1775238743,default
1775238603,1_52306,1_102619,F Line,1_656236540,1_7976085,1775238900,1775238900,default
1775238603,1_52306,1_102619,F Line,1_656236240,1_7976225,1775239800,1775239800,default
1775238603,1_52306,1_102619,F Line,1_800654030,1_8023882,1775240700,1775240700,default
1775238603,1_59282,1_100072,181,1_721481480,1_7188,1775239080,1775238021,default
1775238603,1_59282,1_102717,165,1_800649710,1_8023878,1775239620,1775239620,default
1775238603,1_31890,1_100230,50,1_770997190,1_7976177,1775238777,1775238777,default
1775238603,1_620,40_100239,550,40_597756600,40_7976614,1775239140,1775239140,default
1775238603,1_10912,1_100214,372,1_694305990,1_6866,1775238741,1775238764,default
1775238603,1_10912,1_100162,271,1_569497080,1_7976667,1775238960,1775238960,default
1775238603,1_10912,40_100511,542,40_569565570,40_7976608,1775239680,1775239680,default
1775238603,1_10912,1_100162,271,1_569496900,1_7976389,1775239860,1775239860,default
1775238603,1_10912,1_100162,271,1_569496730,1_7976723,1775240760,1775240760,default
1775238603,1_71960,40_100511,542,40_721031390,40_9682,1775239260,1775238036,default
1775238903,1_12170,1_100039,14,1_562519040,1_7974994,1775238939,1775238939,default
1775238903,1_26560,1_102574,40,1_811901230,1_8026390,1775238989,1775238989,default
1775238903,1_60161,1_100042,148,1_762077140,1_7976054,1775240040,1775240040,default
1775238903,1_320,40_100239,550,40_597752670,40_9653,1775238960,1775238971,default
1775238903,1_81205,1_100072,181,1_721481650,1_7976033,1775238991,1775238991,default
1775238903,1_2850,1_100089,2,1_788757750,1_8023468,1775239620,1775239620,default
1775238903,1_46505,1_102619,F Line,1_770991640,1_7976226,1775239140,1775239140,default
1775238903,1_46505,1_102619,F Line,1_635449590,1_7976003,1775239980,1775239980,default
1775238903,1_47660,1_102736,H Line,1_694056710,1_7974966,1775238963,1775238963,default
1775238903,1_1190,1_100447,49,1_801235300,1_8023490,1775238790,1775238960,default
1775238903,1_72560,1_102704,250,1_816287980,1_8024763,1775238963,1775238963,default
1775238903,1_58110,1_100045,150,1_800670380,1_8023854,1775238960,1775238960,default
1775238903,1_52306,1_100031,132,1_800858470,1_8024988,1775239020,1775239020,default
1775238903,1_52306,1_102619,F Line,1_656236240,1_7976225,1775239800,1775239800,default
1775238903,1_52306,1_102619,F Line,1_800654030,1_8023882,1775240700,1775240700,default
1775238903,1_41128,1_100026,128,1_806634360,1_8023683,1775239023,1775239023,default
1775238903,1_8530,1_100005,106,1_727785680,1_7975010,1775239086,1775239086,default
1775238903,1_40065,1_102574,40,1_811900850,1_8026398,1775238881,1775239032,default
1775238903,1_59282,1_100072,181,1_721481480,1_7188,1775239080,1775238021,default
1775238903,1_59282,1_102717,165,1_800649710,1_8023878,1775239620,1775238896,default
1775238903,1_59282,1_102717,165,1_800649710,1_7467,1775239620,1775238896,default
1775238903,1_23905,1_100214,372,1_694306130,1_7976752,1775239045,1775239045,default
1775238903,1_14280,1_102581,D Line,1_803817540,1_8022122,1775239118,1775239036,default
1775238903,1_55831,1_100005,106,1_727785420,1_7975095,1775239088,1775239088,default
1775238903,1_620,40_100239,550,40_597756600,40_7976614,1775239140,1775239140,default
1775238903,1_620,40_100240,554,40_774869490,40_7976705,1775239200,1775239200,default
1775238903,1_10912,40_100511,542,40_569565570,40_7976608,1775239680,1775239680,default
1775238903,1_10912,1_100162,271,1_569496900,1_7976389,1775239860,1775239860,default
1775238903,1_10912,1_100162,271,1_569496730,1_7976723,1775240760,1775240760,default
1775238903,1_71960,40_100511,542,40_721031390,40_9682,1775239260,1775238036,default
1775238903,1_71960,1_102752,223,1_816297550,1_8024748,1775239080,1775239080,default
1775238903,1_76310,1_100214,372,1_694306680,1_6980,1775238881,1775239080,default
1775239203,1_60161,1_100042,148,1_762077140,1_7180,1775240040,1775238904,default
1775239203,1_8541,1_100039,14,1_562519140,1_7974992,1775239260,1775239260,default
1775239203,1_30790,1_100249,60,1_801585120,1_8025821,1775239237,1775239237,default
1775239203,1_575,1_100263,7,1_800588400,1_8023429,1775239320,1775239320,default
1775239203,1_13830,1_102581,D Line,1_803817610,1_8023442,1775239271,1775239271,default
1775239203,1_2850,1_100089,2,1_788757750,1_7152,1775239620,1775238958,default
1775239203,1_2850,1_100089,2,1_788757750,1_8023468,1775239620,1775239620,default
1775239203,1_46505,1_102619,F Line,1_635449590,1_7976003,1775239980,1775239980,default
1775239203,1_27420,1_100249,60,1_801585150,1_8025826,1775239328,1775239328,default
1775239203,1_3470,1_100249,60,1_801585180,1_8025825,1775239260,1775239260,default
1775239203,1_79877,1_100162,271,1_569496420,1_7976349,1775239292,1775239292,default
1775239203,1_52306,1_102619,F Line,1_656236240,1_7976225,1775239800,1775239800,default
1775239203,1_52306,1_102619,F Line,1_800654030,1_8023882,1775240700,1775240700,default
1775239203,1_59282,1_102717,165,1_800649710,1_7467,1775239620,1775238896,default
1775239203,1_10912,1_100264,70,1_801593380,1_8026412,1775239366,1775239366,default
1775239203,1_10912,1_100264,70,1_801593380,1_8293,1775239366,1775239398,default
1775239203,1_10912,40_100511,542,40_569565570,40_7976608,1775239680,1775239680,default
1775239203,1_10912,1_100162,271,1_569496900,1_7976389,1775239860,1775239860,default
1775239203,1_10912,1_100162,271,1_569496730,1_7976723,1775240760,1775240760,default
1775239203,1_10912,40_100511,542,40_569563220,40_7976607,1775241480,1775241480,default
1775239203,1_52081,1_102736,H Line,1_694056780,1_7974900,1775239419,1775239419,default
1775239203,1_8403,1_100039,14,1_562519090,1_7974990,1775239320,1775239320,default
1775239203,1_18220,1_100219,4,1_675345210,1_7974867,1775239380,1775239380,default
1775239503,1_481,1_102736,H Line,1_694056750,1_6109,1775239500,1775239510,default
1775239503,1_60161,1_100042,148,1_762077140,1_7180,1775240040,1775238904,default
1775239503,1_17651,1_102747,61,1_803356890,1_3745,1775239573,1775239573,default
1775239503,1_575,1_100219,4,1_675345230,1_7974885,1775239560,1775239560,default
1775239503,1_575,1_100264,70,1_801593370,1_8263,1775239560,1775239560,default
1775239503,1_2850,1_100089,2,1_788757750,1_7152,1775239620,1775238958,default
1775239503,1_46505,1_102619,F Line,1_635449590,1_7976003,1775239980,1775239980,default
1775239503,1_46505,1_102619,F Line,1_656236750,1_7975997,1775240880,1775240880,default
1775239503,1_47660,1_102736,H Line,1_694056720,1_7974888,1775239563,1775239563,default
1775239503,1_1190,40_100239,550,40_597756600,40_7976614,1775239600,1775239600,default
1775239503,1_77460,1_102746,333,1_778704930,1_7975727,1775239557,1775239557,default
1775239503,3_31002,40_560,560,40_1073020,40_10108,1775239765,1775239765,default
1775239503,1_73366,1_102752,223,1_816305080,1_8024723,1775239581,1775239581,default
1775239503,1_52306,1_102619,F Line,1_656236240,1_7976225,1775239800,1775239800,default
1775239503,1_52306,1_102619,F Line,1_800654030,1_8023882,1775240700,1775240700,default
1775239503,1_21680,1_100023,124,1_690551560,1_7974658,1775239299,1775239634,default
1775239503,1_45670,1_100210,36,1_800582950,1_8023381,1775239612,1775239634,default
1775239503,1_21080,1_100249,60,1_801585130,1_7076,1775239440,1775239649,default
1775239503,1_14280,1_102581,D Line,1_800600660,1_8023441,1775239718,1775239667,default
1775239503,1_31890,1_100026,128,1_806634410,1_8023658,1775239678,1775239678,default
1775239503,1_57791,1_102718,184,1_635442790,1_7976222,1775239463,1775239785,default
1775239503,1_620,40_100239,550,40_597754140,40_7976644,1775240040,1775240040,default
1775239503,1_10912,40_100511,542,40_569565570,40_7976608,1775239680,1775239680,default
1775239503,1_10912,1_100162,271,1_569496900,1_7976389,1775239860,1775239860,default
1775239503,1_10912,1_100162,271,1_569496730,1_7976723,1775240760,1775240760,default
1775239503,1_10912,40_100511,542,40_569563220,40_7976607,1775241480,1775241480,default
1775239503,1_49810,1_100031,132,1_800858730,1_8024987,1775239716,1775239716,default
1775239503,1_8403,1_100039,14,1_562519090,1_7974990,1775239320,1775239320,default
1775239803,1_103,1_102745,G Line,1_736435170,1_7974689,1775239846,1775239846,default
1775239803,1_12170,1_100039,14,1_562519090,1_7974990,1775239899,1775239899,default
1775239803,1_26560,1_102574,40,1_811900830,1_8026397,1775239889,1775239889,default
1775239803,1_60161,1_100042,148,1_762077140,1_7180,1775240040,1775238904,default
1775239803,1_320,40_100239,550,40_597752110,40_9804,1775239860,1775239901,default
1775239803,1_575,1_100263,7,1_800587980,1_8023406,1775239920,1775239920,default
1775239803,1_13830,1_102581,D Line,1_800601230,1_8022077,1775239871,1775239871,default
1775239803,1_2850,1_100089,2,1_788758130,1_8023446,1775240580,1775240580,default
1775239803,1_46505,1_102619,F Line,1_635449590,1_7976003,1775239980,1775239980,default
1775239803,1_46505,1_102619,F Line,1_656236750,1_7975997,1775240880,1775240880,default
1775239803,1_29423,1_102732,79,1_816446340,1_8022069,1775241000,1775241000,default
1775239803,1_72560,1_102704,250,1_816288020,1_8024724,1775239863,1775239863,default
1775239803,1_1510,1_100263,7,1_800588730,1_8023402,1775239914,1775239914,default
1775239803,1_58110,1_100045,150,1_800670220,1_8023774,1775239860,1775239860,default
1775239803,1_9850,1_100269,75,1_803350360,1_8022036,1775239437,1775239880,default
1775239803,1_52306,1_102619,F Line,1_800654030,1_8023882,1775240700,1775240700,default
1775239803,1_8530,1_100005,106,1_727785420,1_7975095,1775239986,1775239986,default
1775239803,1_25980,1_100254,65,1_778694900,1_7975669,1775239908,1775239908,default
1775239803,1_58112,1_100045,150,1_800670220,1_8023774,1775239968,1775239968,default
1775239803,1_57804,1_100072,181,1_721481950,1_7976037,1775240239,1775240239,default
1775239803,1_59282,1_100072,181,1_721481810,1_7976033,1775240880,1775240880,default
1775239803,1_23905,1_100214,372,1_694305750,1_7976749,1775239958,1775239958,default
1775239803,1_31890,1_100230,50,1_770997440,1_7976171,1775239977,1775239977,default
1775239803,1_620,40_100239,550,40_597754140,40_7976644,1775240040,1775240040,default
1775239803,1_68888,1_102552,226,1_816296010,1_8024713,1775240010,1775240010,default
1775239803,1_10912,1_100224,44,1_664047310,1_7974932,1775239969,1775239969,default
1775239803,1_10912,1_100162,271,1_569496730,1_7976723,1775240760,1775240760,default
1775239803,1_10912,40_100511,542,40_569563220,40_7976607,1775241480,1775241480,default
1775239803,1_10912,1_100162,271,1_569496150,1_7976348,1775241660,1775241660,default
1775240103,1_103,1_102745,G Line,1_736435120,1_7974685,1775240206,1775240206,default
1775240103,1_8541,1_100039,14,1_562519160,1_7974978,1775240160,1775240160,default
1775240103,1_2850,1_100089,2,1_788758130,1_7158,1775240580,1775239948,default
1775240103,1_2850,1_100089,2,1_788758130,1_8023446,1775240580,1775240580,default
1775240103,1_31620,1_100023,124,1_690551550,1_7974554,1775239968,1775240140,default
1775240103,1_46505,1_102619,F Line,1_656236750,1_7975997,1775240880,1775240880,default
1775240103,1_29423,1_102732,79,1_816446340,1_8022069,1775241000,1775241000,default
1775240103,1_47660,1_102736,H Line,1_694056780,1_7974900,1775240163,1775240163,default
1775240103,1_31680,1_100249,60,1_801585120,1_8025821,1775240150,1775240150,default
1775240103,1_42120,1_100249,60,1_801585100,1_8025820,1775240180,1775240180,default
1775240103,1_52306,40_560,560,40_1073020,40_10108,1775240460,1775240460,default
1775240103,1_52306,1_102619,F Line,1_800654030,1_8023882,1775240700,1775240700,default
1775240103,1_41128,1_100026,128,1_806634460,1_8023670,1775240223,1775240223,default
1775240103,1_8530,1_100263,7,1_800587730,1_8023409,1775240289,1775240289,default
1775240103,1_45670,1_100210,36,1_800582960,1_8023483,1775240212,1775240241,default
1775240103,1_57804,1_100072,181,1_721481950,1_7976037,1775240239,1775240239,default
1775240103,1_59282,1_100072,181,1_721481810,1_7439,1775240880,1775240010,default
1775240103,1_59282,1_100072,181,1_721481810,1_7976033,1775240880,1775240880,default
1775240103,1_620,40_100236,545,40_560087810,40_9685,1775240460,1775240308,default
1775240103,1_620,40_100240,554,40_774870320,40_7976696,1775240400,1775240400,default
1775240103,1_10912,1_100264,70,1_801593830,1_8026411,1775240266,1775240266,default
1775240103,1_10912,1_100264,70,1_801593830,1_8221,1775240266,1775240304,default
1775240103,1_10912,1_100162,271,1_569496730,1_7976723,1775240760,1775240760,default
1775240103,1_10912,40_100511,542,40_569563220,40_7976607,1775241480,1775241480,default
1775240103,1_10912,1_100162,271,1_569496150,1_7976348,1775241660,1775241660,default
1775240103,1_71960,1_102752,223,1_816305080,1_8024723,1775240280,1775240280,default
1775240103,1_71960,40_100511,542,40_721031090,40_7976686,1775241060,1775241060,default
1775240103,1_8403,1_100039,14,1_562519140,1_7974992,1775240220,1775240220,default
1775240103,1_3000,1_100089,2,1_788757750,1_8023468,1775240172,1775240277,default
1775240103,1_18220,1_100219,4,1_675345220,1_7974865,1775240280,1775240280,default
1775240403,1_575,1_100219,4,1_675345240,1_7974870,1775240460,1775240460,default
1775240403,1_575,1_100264,70,1_801593360,1_8225,1775240460,1775240460,default
1775240403,1_575,1_100263,7,1_800588730,1_8023402,1775240520,1775240520,default
1775240403,1_13830,1_102581,D Line,1_800600650,1_8023488,1775240471,1775240471,default
1775240403,1_2850,1_100089,2,1_788758130,1_7158,1775240580,1775239948,default
1775240403,1_35334,1_102747,61,1_803356890,1_8022051,1775240463,1775240463,default
1775240403,1_46505,1_102619,F Line,1_656236750,1_7975997,1775240880,1775240880,default
1775240403,1_46505,1_102619,F Line,1_656236970,1_7976017,1775241780,1775241780,default
1775240403,1_29423,1_102732,79,1_816446340,1_8022069,1775241000,1775241000,default
1775240403,1_1190,40_100239,550,40_597754140,40_7976644,1775240500,1775240500,default
1775240403,1_77460,1_102746,333,1_778704670,1_7975729,1775240457,1775240457,default
1775240403,1_76024,1_102702,239,1_736529640,1_7976431,1775240500,1775240500,default
1775240403,1_58342,1_100072,181,1_721481480,1_7976015,1775240520,1775240520,default
1775240403,1_81199,1_100072,181,1_721481950,1_7976037,1775240543,1775240543,default
1775240403,1_73366,1_102548,B Line,1_721018900,1_7976639,1775240560,1775240560,default
1775240403,1_52306,1_102619,F Line,1_800654030,1_8023882,1775240700,1775240700,default
1775240403,1_52306,1_102619,F Line,1_694521560,1_7976074,1775241600,1775241600,default
1775240403,1_41850,1_100249,60,1_801585210,1_8025818,1775240517,1775240517,default
1775240403,1_11060,1_100249,60,1_801585580,1_7002,1775240393,1775240543,default
1775240403,1_59282,1_102717,165,1_800649720,1_7323,1775241420,1775239975,default
1775240403,1_59282,1_100072,181,1_721481810,1_7439,1775240880,1775240010,default
1775240403,1_620,40_100239,550,40_597756300,40_7976709,1775240940,1775240940,default
1775240403,1_10912,1_100447,49,1_801235280,1_4304,1775240490,1775240573,default
1775240403,1_10912,1_100214,372,1_694306190,1_6957,1775240541,1775240579,default
1775240403,1_10912,1_100162,271,1_569496730,1_7976723,1775240760,1775240760,default
1775240403,1_10912,40_100511,542,40_569563220,40_7976607,1775241480,1775241480,default
1775240403,1_10912,1_100162,271,1_569496150,1_7976348,1775241660,1775241660,default
1775240403,1_10912,1_100162,271,1_569495550,1_7976369,1775242560,1775242560,default
1775240403,1_71960,40_100511,542,40_721031090,40_7976686,1775241060,1775241060,default
1775240403,1_8403,1_100039,14,1_562519140,1_7974992,1775240220,1775240220,default
1775240703,1_12170,1_100039,14,1_562519140,1_7974992,1775240799,1775240799,default
1775240703,1_62212,1_100060,168,1_800648010,1_8023891,1775240716,1775240716,default
1775240703,1_26560,1_102574,40,1_811900970,1_8026392,1775240789,1775240789,default
1775240703,1_60161,1_100042,148,1_762077180,1_7976061,1775241840,1775241840,default
1775240703,1_320,40_100239,550,40_597756610,40_9673,1775240760,1775240779,default
1775240703,1_46505,1_102619,F Line,1_656236750,1_7975997,1775240880,1775240880,default
1775240703,1_46505,1_102619,F Line,1_656236970,1_7976017,1775241780,1775241780,default
1775240703,1_29423,1_102732,79,1_816446340,1_8022069,1775241000,1775241000,default
1775240703,1_27420,1_100249,60,1_801585140,1_8025824,1775240768,1775240768,default
1775240703,1_73366,1_102752,223,1_816297560,1_8024752,1775240781,1775240781,default
1775240703,1_52306,1_100031,132,1_800858730,1_8024987,1775240820,1775240820,default
1775240703,1_52306,1_102619,F Line,1_694521560,1_7976074,1775241600,1775241600,default
1775240703,1_8530,1_100005,106,1_727785660,1_7975005,1775240886,1775240886,default
1775240703,1_8530,1_100263,7,1_800588620,1_8023405,1775240889,1775240889,default
1775240703,1_25980,1_100254,65,1_778694680,1_7975711,1775240808,1775240808,default
1775240703,1_45670,1_100210,36,1_800584110,1_8023384,1775240812,1775240830,default
1775240703,1_59282,1_102717,165,1_800649720,1_7323,1775241420,1775239975,default
1775240703,1_59282,1_100072,181,1_721481810,1_7439,1775240880,1775240010,default
1775240703,1_23905,1_100214,372,1_694306680,1_7976754,1775240858,1775240858,default
1775240703,1_55831,1_100005,106,1_727785440,1_7975011,1775240888,1775240888,default
1775240703,1_31890,1_100026,128,1_806634130,1_8023663,1775240878,1775240878,default
1775240703,1_620,40_100239,550,40_597756300,40_7976709,1775240940,1775240940,default
1775240703,1_16990,1_100202,345,1_724954850,1_7975634,1775240865,1775240865,default
1775240703,1_10912,40_100511,542,40_569563220,40_7976607,1775241480,1775241480,default
1775240703,1_10912,1_100162,271,1_569496150,1_7976348,1775241660,1775241660,default
1775240703,1_10912,1_100162,271,1_569495550,1_7976369,1775242560,1775242560,default
1775240703,1_71960,40_100511,542,40_721031090,40_7976686,1775241060,1775241060,default
1775240703,1_76310,1_100214,372,1_694305910,1_6885,1775240561,1775240886,default
1775241003,1_46791,1_100016,118,1_637323950,1_7976008,1775241240,1775241240,default
1775241003,1_60161,1_100042,148,1_762077180,1_7976061,1775241840,1775241840,default
1775241003,1_8541,1_100039,14,1_562519190,1_7974986,1775241060,1775241060,default
1775241003,1_12770,1_100219,4,1_675345260,1_4311,1775241008,1775241026,default
1775241003,1_64569,1_100099,208,1_664282440,1_7976388,1775241044,1775241044,default
1775241003,1_64569,1_100099,208,1_664282440,1_7239,1775241044,1775241083,default
1775241003,1_575,1_100263,7,1_800587730,1_8023409,1775241120,1775241120,default
1775241003,1_13830,1_102581,D Line,1_803817480,1_8022078,1775241071,1775241071,default
1775241003,1_2850,1_100089,2,1_788757760,1_7117,1775241420,1775240637,default
1775241003,1_46505,1_102619,F Line,1_656236970,1_7976017,1775241780,1775241780,default
1775241003,1_52306,1_102619,F Line,1_694521560,1_7976074,1775241600,1775241600,default
1775241003,1_9605,1_100259,67,1_657908140,1_7975680,1775241060,1775241159,default
1775241003,1_59282,1_102717,165,1_800649720,1_7323,1775241420,1775239975,default
1775241003,1_59282,1_100072,181,1_721481960,1_7976104,1775244480,1775244480,default
1775241003,1_31890,1_100230,50,1_770997060,1_7976176,1775241177,1775241177,default
1775241003,1_620,40_100236,545,40_560088500,40_7976555,1775241360,1775241360,default
1775241003,1_10912,1_100264,70,1_801593540,1_8258,1775241166,1775241166,default
1775241003,1_10912,40_100511,542,40_569563220,40_7976607,1775241480,1775241480,default
1775241003,1_10912,1_100162,271,1_569496150,1_7976348,1775241660,1775241660,default
1775241003,1_10912,1_100162,271,1_569495550,1_7976369,1775242560,1775242560,default
1775241003,1_10912,40_100511,542,40_569565810,40_7976685,1775243280,1775243280,default
1775241003,1_8403,1_100039,14,1_562519160,1_7974978,1775241120,1775241120,default
1775241003,1_18220,1_100219,4,1_675345230,1_7974885,1775241180,1775241180,default
1775241303,1_481,1_102736,H Line,1_694056790,1_6078,1775241300,1775241316,default
1775241303,1_60161,1_100042,148,1_762077180,1_7976061,1775241840,1775241840,default
1775241303,1_575,1_100219,4,1_675345250,1_7974886,1775241360,1775241360,default
1775241303,1_575,1_100264,70,1_801593350,1_8243,1775241360,1775241360,default
1775241303,1_2850,1_100089,2,1_788757760,1_7117,1775241420,1775240637,default
1775241303,1_35334,1_102747,61,1_803356900,1_8022039,1775241363,1775241363,default
1775241303,1_46505,1_102619,F Line,1_656236970,1_7976017,1775241780,1775241780,default
1775241303,1_46505,1_102619,F Line,1_656237210,1_7976229,1775242680,1775242680,default
1775241303,1_1190,40_100239,550,40_597756300,40_7976709,1775241400,1775241400,default
1775241303,1_27420,1_100249,60,1_801585210,1_8025818,1775241488,1775241488,default
1775241303,1_77460,1_102746,333,1_778704950,1_7975726,1775241357,1775241357,default
1775241303,3_31002,40_560,560,40_3565020,40_10174,1775241565,1775241565,default
1775241303,1_9850,1_100269,75,1_803351860,1_8022135,1775241237,1775241366,default
1775241303,1_73366,1_102548,B Line,1_721018510,1_7976622,1775241460,1775241460,default
1775241303,1_52306,1_102619,F Line,1_694521560,1_7976074,1775241600,1775241600,default
1775241303,1_52306,1_102619,F Line,1_694520850,1_7976083,1775242500,1775242500,default
1775241303,1_8530,1_100263,7,1_800588230,1_8023484,1775241489,1775241489,default
1775241303,1_59282,1_100072,181,1_721481960,1_7976104,1775244480,1775244480,default
1775241303,1_620,40_100236,545,40_560088500,40_7976555,1775241360,1775241535,default
1775241303,1_620,40_100240,554,40_774869220,40_7976693,1775241600,1775241600,default
1775241303,1_620,40_100239,550,40_597754880,40_7976646,1775241840,1775241840,default
1775241303,1_10912,40_100511,542,40_569563220,40_9816,1775241480,1775241315,default
1775241303,1_10912,1_100224,44,1_664048460,1_7974925,1775241469,1775241469,default
1775241303,1_10912,40_100511,542,40_569563220,40_7976607,1775241480,1775241480,default
1775241303,1_10912,1_100162,271,1_569496150,1_7976348,1775241660,1775241660,default
1775241303,1_10912,1_100162,271,1_569495550,1_7976369,1775242560,1775242560,default
1775241303,1_10912,40_100511,542,40_569565810,40_7976685,1775243280,1775243280,default
1775241303,1_71960,1_102752,223,1_816297560,1_8024752,1775241480,1775241480,default
1775241303,1_8403,1_100039,14,1_562519160,1_7974978,1775241120,1775241120,default
1775241603,1_103,1_102745,G Line,1_736437210,1_7974688,1775241646,1775241646,default
1775241603,1_12170,1_100039,14,1_562519160,1_7974978,1775241699,1775241699,default
1775241603,1_26560,1_102574,40,1_811901860,1_8025886,1775241629,1775241629,default
1775241603,1_60161,1_100042,148,1_762077180,1_7399,1775241840,1775241292,default
1775241603,1_575,1_100263,7,1_800588620,1_8023405,1775241720,1775241720,default
1775241603,1_13830,1_102581,D Line,1_803817440,1_8023438,1775241671,1775241671,default
1775241603,1_2850,1_100089,2,1_788758140,1_7166,1775242380,1775241555,default
1775241603,1_2850,1_100089,2,1_788758140,1_8023471,1775242380,1775242380,default
1775241603,1_46505,1_102619,F Line,1_656236970,1_7976017,1775241780,1775241780,default
1775241603,1_46505,1_102619,F Line,1_656237210,1_7976229,1775242680,1775242680,default
1775241603,1_57453,1_102719,161,1_800651770,1_8023733,1775241000,1775241669,default
1775241603,1_58110,1_100045,150,1_800670400,1_8023775,1775241691,1775241691,default
1775241603,1_52306,1_102619,F Line,1_694520850,1_7976083,1775242500,1775242500,default
1775241603,1_8530,1_100005,106,1_727785440,1_7975011,1775241786,1775241786,default
1775241603,1_25980,1_100254,65,1_778693760,1_7975671,1775241708,1775241708,default
1775241603,1_58112,1_102619,F Line,1_635449590,1_7976003,1775241801,1775241801,default
1775241603,1_41940,1_100249,60,1_801585210,1_8025818,1775241757,1775241757,default
1775241603,1_59282,1_100072,181,1_721481660,1_7312,1775242680,1775241682,default
1775241603,1_59282,1_100072,181,1_721481660,1_7976037,1775242680,1775242680,default
1775241603,1_59282,1_100072,181,1_721481960,1_7976104,1775244480,1775244480,default
1775241603,1_23905,1_100214,372,1_694306790,1_7976759,1775241758,1775241758,default
1775241603,1_55831,1_100005,106,1_727785670,1_7975013,1775241788,1775241788,default
1775241603,1_620,40_100239,550,40_597754880,40_7976646,1775241840,1775241840,default
1775241603,1_68888,1_102552,226,1_816296020,1_8024717,1775241810,1775241810,default
1775241603,1_16990,1_102744,365,1_774126460,1_7975722,1775241765,1775241765,default
1775241603,1_10912,1_100162,271,1_569495550,1_7976369,1775242560,1775242560,default
1775241603,1_10912,40_100511,542,40_569565810,40_7976685,1775243280,1775243280,default
1775241603,1_10912,1_100162,271,1_569496060,1_7976674,1775243460,1775243460,default
1775241603,1_83787,1_100072,181,1_721481480,1_7976015,1775241788,1775241788,default
1775241603,1_52081,1_102736,H Line,1_694056760,1_7974890,1775241819,1775241819,default
1775241903,1_103,1_102745,G Line,1_736435130,1_7974691,1775242006,1775242006,default
1775241903,1_8541,1_100039,14,1_562520990,1_7974993,1775241960,1775241960,default
1775241903,1_2850,1_100089,2,1_788758140,1_7166,1775242380,1775241555,default
1775241903,1_46505,1_102619,F Line,1_656237210,1_7976229,1775242680,1775242680,default
1775241903,1_46505,1_102619,F Line,1_656236860,1_7976142,1775245380,1775245380,default
1775241903,1_47660,1_102736,H Line,1_694056750,1_7974897,1775241963,1775241963,default
1775241903,3_31002,1_102736,H Line,1_694056760,1_7974890,1775241981,1775241981,default
1775241903,1_73366,1_102752,223,1_816297570,1_8024749,1775241981,1775241981,default
1775241903,1_73112,1_102704,250,1_806915050,1_8024763,1775242007,1775242007,default
1775241903,1_52306,40_560,560,40_3565020,40_10174,1775242260,1775242260,default
1775241903,1_52306,1_102619,F Line,1_694520850,1_7976083,1775242500,1775242500,default
1775241903,1_8530,1_100263,7,1_800587760,1_8023403,1775242089,1775242089,default
1775241903,1_59282,1_100072,181,1_721481660,1_7312,1775242680,1775241682,default
1775241903,1_59282,1_100072,181,1_721481960,1_7976104,1775244480,1775244480,default
1775241903,1_42540,1_100072,181,1_721481480,1_7976015,1775242076,1775242076,default
1775241903,1_31890,1_100026,128,1_806634670,1_8023674,1775242078,1775242078,default
1775241903,1_620,40_100236,545,40_560088070,40_7976553,1775242260,1775242260,default
1775241903,1_10912,1_100264,70,1_801593400,1_8026409,1775242066,1775242066,default
1775241903,1_10912,1_100264,70,1_801593400,1_8226,1775242066,1775242097,default
1775241903,1_10912,1_100162,271,1_569495550,1_7976369,1775242560,1775242560,default
1775241903,1_10912,40_100511,542,40_569565810,40_7976685,1775243280,1775243280,default
1775241903,1_10912,1_100162,271,1_569496060,1_7976674,1775243460,1775243460,default
1775241903,1_71960,40_100511,542,40_721031300,40_7976608,1775242860,1775242860,default
1775241903,1_8403,1_100039,14,1_562519190,1_7974986,1775242020,1775242020,default
1775241903,1_18220,1_100219,4,1_675345240,1_7974870,1775242080,1775242080,default
1775242203,1_73945,1_102704,250,1_816288080,1_8024728,1775242252,1775242252,default
1775242203,1_575,1_100219,4,1_675345260,1_7974871,1775242260,1775242260,default
1775242203,1_575,1_100264,70,1_801594160,1_8214,1775242260,1775242260,default
1775242203,1_575,1_102581,D Line,1_803817230,1_6079,1775242140,1775242267,default
1775242203,1_575,1_100263,7,1_800588230,1_8023484,1775242320,1775242320,default
1775242203,1_13830,1_102581,D Line,1_803817280,1_8022122,1775242271,1775242271,default
1775242203,1_2850,1_100089,2,1_788758140,1_7166,1775242380,1775241555,default
1775242203,1_35334,1_102747,61,1_803356910,1_8022040,1775242263,1775242263,default
1775242203,1_61467,1_100073,182,1_721509220,1_7976020,1775242200,1775242256,default
1775242203,1_46505,1_102619,F Line,1_656237210,1_7976229,1775242680,1775242680,default
1775242203,1_46505,1_102619,F Line,1_656236550,1_7976085,1775243580,1775243580,default
1775242203,1_46505,1_102619,F Line,1_656236860,1_7976142,1775245380,1775245380,default
1775242203,1_37200,1_100026,128,1_806634670,1_8023674,1775242386,1775242243,default
1775242203,1_77460,1_102746,333,1_778704450,1_7975682,1775242257,1775242257,default
1775242203,1_76024,1_102702,239,1_736529650,1_7976432,1775242300,1775242300,default
1775242203,1_58342,1_100072,181,1_721481810,1_7976033,1775242320,1775242320,default
1775242203,1_73366,1_102548,B Line,1_721018160,1_7976638,1775242300,1775242300,default
1775242203,1_52306,1_102619,F Line,1_694520850,1_7976083,1775242500,1775242500,default
1775242203,1_52306,1_102619,F Line,1_694521110,1_7976226,1775243400,1775243400,default
1775242203,1_59282,1_100072,181,1_721481660,1_7312,1775242680,1775241682,default
1775242203,1_59282,1_102717,165,1_800649730,1_8023727,1775243220,1775243220,default
1775242203,1_59282,1_100072,181,1_721481960,1_7976104,1775244480,1775244480,default
1775242203,1_35440,1_100269,75,1_803349820,1_8022016,1775241673,1775242373,default
1775242203,1_31890,1_100230,50,1_770997790,1_7976173,1775242377,1775242377,default
1775242203,1_620,40_100239,550,40_597756230,40_7976613,1775242800,1775242800,default
1775242203,1_10912,1_100162,271,1_569495550,1_7976369,1775242560,1775242560,default
1775242203,1_10912,40_100511,542,40_569565810,40_7976685,1775243280,1775243280,default
1775242203,1_10912,1_100162,271,1_569496060,1_7976674,1775243460,1775243460,default
1775242203,1_10912,1_100162,271,1_569497160,1_7976370,1775244360,1775244360,default
1775242203,1_71960,40_100511,542,40_721031300,40_7976608,1775242860,1775242860,default
1775242203,1_8403,1_100039,14,1_562519190,1_7974986,1775242020,1775242020,default
1775242203,1_76310,1_100214,372,1_694306580,1_6993,1775242301,1775242398,default
1775242503,1_12170,1_100039,14,1_562519190,1_7974986,1775242599,1775242599,default
1775242503,1_62212,1_100060,168,1_800647920,1_8023879,1775242516,1775242516,default
1775242503,1_26560,1_102574,40,1_811900800,1_8026401,1775242529,1775242529,default
1775242503,1_60161,1_100042,148,1_762077190,1_7976055,1775243640,1775243640,default
1775242503,1_60161,1_100042,148,1_762077190,1_3756,1775243640,1775243640,default
1775242503,1_46505,1_102619,F Line,1_656237210,1_7976229,1775242680,1775242680,default
1775242503,1_46505,1_102619,F Line,1_656236550,1_7976085,1775243580,1775243580,default
1775242503,1_46505,1_102619,F Line,1_656236860,1_7976142,1775245380,1775245380,default
1775242503,1_47660,1_102736,H Line,1_694056760,1_7974890,1775242563,1775242563,default
1775242503,1_72560,1_102704,250,1_816288090,1_8024762,1775242563,1775242563,default
1775242503,1_11590,1_100002,10,1_675385490,1_7974882,1775242556,1775242556,default
1775242503,1_50774,1_100045,150,1_800670550,1_8179,1775242266,1775242583,default
1775242503,1_40012,1_100026,128,1_806634220,1_8023676,1775242575,1775242575,default
1775242503,1_52306,1_102619,F Line,1_694521110,1_7976226,1775243400,1775243400,default
1775242503,1_80121,1_102719,161,1_800652140,1_8023891,1775242677,1775242677,default
1775242503,1_8530,1_100005,106,1_727785670,1_7975013,1775242686,1775242686,default
1775242503,1_8530,1_100263,7,1_800589270,1_8023452,1775242689,1775242689,default
1775242503,1_58112,1_102619,F Line,1_656236750,1_7975997,1775242701,1775242701,default
1775242503,1_59282,1_100072,181,1_721481660,1_7312,1775242680,1775241682,default
1775242503,1_59282,1_102717,165,1_800649730,1_8023727,1775243220,1775243220,default
1775242503,1_59282,1_100072,181,1_721481960,1_7976104,1775244480,1775244480,default
1775242503,1_620,40_100240,554,40_774869030,40_7976708,1775242800,1775242800,default
1775242503,1_620,40_100239,550,40_597756230,40_7976613,1775242800,1775242800,default
1775242503,1_10912,40_100511,542,40_569565810,40_7976685,1775243280,1775243280,default
1775242503,1_10912,1_100162,271,1_569496060,1_7976674,1775243460,1775243460,default
1775242503,1_10912,1_100162,271,1_569497160,1_7976370,1775244360,1775244360,default
1775242503,1_71960,1_102752,223,1_816297570,1_8024749,1775242680,1775242680,default
1775242503,1_71960,40_100511,542,40_721031300,40_7976608,1775242860,1775242860,default
1775242803,1_67200,1_102552,226,1_833608340,1_8024714,1775242832,1775242832,default
1775242803,1_60161,1_100042,148,1_762077190,1_3756,1775243640,1775242458,default
1775242803,1_8541,1_100039,14,1_562519300,1_7974987,1775242860,1775242860,default
1775242803,1_13830,1_102581,D Line,1_800600640,1_8023441,1775242871,1775242871,default
1775242803,1_2850,1_100089,2,1_788757770,1_7099,1775243220,1775242303,default
1775242803,1_46505,1_102619,F Line,1_656236550,1_6283,1775243580,1775242560,default
1775242803,1_46505,1_102619,F Line,1_656236550,1_7976085,1775243580,1775243580,default
1775242803,1_46505,1_102619,F Line,1_656236860,1_7976142,1775245380,1775245380,default
1775242803,1_27420,1_100249,60,1_801585550,1_8025817,1775242928,1775242928,default
1775242803,1_73112,1_102704,250,1_806915060,1_8024724,1775242907,1775242907,default
1775242803,1_52306,1_102619,F Line,1_694521110,1_7976226,1775243400,1775243400,default
1775242803,1_21680,1_100023,124,1_690551740,1_7974556,1775242899,1775242899,default
1775242803,1_24450,1_100132,24,1_800862740,1_8024949,1775242821,1775242910,default
1775242803,1_59282,1_102717,165,1_800649730,1_7442,1775243220,1775242675,default
1775242803,1_59282,1_102717,165,1_800649730,1_8023727,1775243220,1775243220,default
1775242803,1_59282,1_100072,181,1_721481960,1_7976104,1775244480,1775244480,default
1775242803,1_59282,1_100072,181,1_721481500,1_7976082,1775246280,1775246280,default
1775242803,1_10912,1_100264,70,1_801593270,1_8026408,1775242966,1775242966,default
1775242803,1_10912,1_100264,70,1_801593270,1_8263,1775242966,1775242966,default
1775242803,1_10912,40_100511,542,40_569565810,40_7976685,1775243280,1775243280,default
1775242803,1_10912,40_100511,542,40_569565810,40_9682,1775243280,1775243280,default
1775242803,1_10912,1_100162,271,1_569496060,1_7976674,1775243460,1775243460,default
1775242803,1_10912,1_100162,271,1_569497160,1_7976370,1775244360,1775244360,default
1775242803,1_10912,40_100511,542,40_569567970,40_7976686,1775245080,1775245080,default
1775242803,1_8403,1_100039,14,1_562520990,1_7974993,1775242920,1775242920,default
1775242803,1_58144,1_100048,153,1_833412210,1_8023864,1775242750,1775242971,default
1775242803,1_18220,1_100219,4,1_675345250,1_7974886,1775242980,1775242980,default
1775243104,1_73945,1_102704,250,1_816288120,1_8024718,1775243152,1775243152,default
1775243104,1_60161,1_100042,148,1_762077190,1_3756,1775243640,1775242458,default
1775243104,1_9750,1_100269,75,1_803351120,1_8022022,1775242789,1775243123,default
1775243104,1_575,1_100028,13,1_788758930,1_7117,1775242920,1775243149,default
1775243104,1_575,1_100219,4,1_675345270,1_7974869,1775243160,1775243160,default
1775243104,1_575,1_100264,70,1_801593260,1_8026412,1775243160,1775243160,default
1775243104,1_2850,1_100089,2,1_788757770,1_7099,1775243220,1775242303,default
1775243104,1_46505,1_102619,F Line,1_656236550,1_6283,1775243580,1775242560,default
1775243104,1_46505,1_102619,F Line,1_656236250,1_7976225,1775244480,1775244480,default
1775243104,1_46505,1_102619,F Line,1_656236860,1_7976142,1775245380,1775245380,default
1775243104,1_77460,1_102746,333,1_778704710,1_7975728,1775243157,1775243157,default
1775243104,1_50774,1_100045,150,1_800670330,1_8140,1775243166,1775243184,default
1775243104,1_73366,1_102752,223,1_816305090,1_8024727,1775243181,1775243181,default
1775243104,1_52306,1_102619,F Line,1_694521110,1_7976226,1775243400,1775243400,default
1775243104,1_52306,1_102619,F Line,1_656237370,1_7976003,1775244300,1775244300,default
1775243104,1_9605,1_100259,67,1_657908970,1_7975673,1775242860,1775243246,default
1775243104,1_59282,1_100072,181,1_721481960,1_7976104,1775244480,1775244480,default
1775243104,1_59282,1_100072,181,1_721481500,1_7976082,1775246280,1775246280,default
1775243104,1_57791,1_102718,184,1_635442810,1_7976222,1775243123,1775243376,default
1775243104,1_620,40_100239,550,40_597752680,40_7976616,1775243700,1775243700,default
1775243104,1_10912,40_100511,542,40_569565810,40_9682,1775243280,1775243175,default
1775243104,1_10912,1_100162,271,1_569496060,1_7976674,1775243460,1775243460,default
1775243104,1_10912,1_100162,271,1_569497160,1_7976370,1775244360,1775244360,default
1775243104,1_10912,40_100511,542,40_569567970,40_7976686,1775245080,1775245080,default
1775243104,1_10912,1_100162,271,1_569496570,1_7976354,1775245260,1775245260,default
1775243104,1_8403,1_100039,14,1_562520990,1_7974993,1775242920,1775242920,default
1775243404,1_103,1_102745,G Line,1_736435340,1_7974690,1775243446,1775243446,default
1775243404,1_12170,1_100039,14,1_562520990,1_7974993,1775243499,1775243499,default
1775243404,1_60161,1_100042,148,1_762077190,1_3756,1775243640,1775242458,default
1775243404,1_320,40_100239,550,40_597754870,40_9810,1775243400,1775243455,default
1775243404,1_575,1_102581,D Line,1_800600630,1_6047,1775243340,1775243453,default
1775243404,1_575,1_100263,7,1_800589270,1_8023452,1775243520,1775243520,default
1775243404,1_13830,1_102581,D Line,1_803817310,1_8022075,1775243471,1775243471,default
1775243404,1_2850,1_100089,2,1_788758150,1_7091,1775244180,1775243266,default
1775243404,1_2850,1_100089,2,1_788758150,1_8023466,1775244180,1775244180,default
1775243404,1_46505,1_102619,F Line,1_656236550,1_6283,1775243580,1775242560,default
1775243404,1_46505,1_102619,F Line,1_656236250,1_7976225,1775244480,1775244480,default
1775243404,1_46505,1_102619,F Line,1_656236860,1_7976142,1775245380,1775245380,default
1775243404,1_29423,1_102732,79,1_816446460,1_8022070,1775244600,1775244600,default
1775243404,1_52306,1_102619,F Line,1_656237370,1_7976003,1775244300,1775244300,default
1775243404,1_25980,1_100254,65,1_778695570,1_7975675,1775243508,1775243508,default
1775243404,1_58112,1_102619,F Line,1_656236970,1_7976017,1775243601,1775243601,default
1775243404,1_59282,1_100072,181,1_721481960,1_7976104,1775244480,1775244480,default
1775243404,1_59282,1_100072,181,1_721481500,1_7976082,1775246280,1775246280,default
1775243404,1_59872,1_102619,F Line,1_694521560,1_7976074,1775243572,1775243572,default
1775243404,1_59936,1_102720,160,1_770988270,1_7438,1775243491,1775243572,default
1775243404,1_31890,1_100230,50,1_770997330,1_7976170,1775243577,1775243577,default
1775243404,1_620,40_100239,550,40_597752680,40_7976616,1775243700,1775243700,default
1775243404,1_68888,1_102552,226,1_816296030,1_8024716,1775243610,1775243610,default
1775243404,1_10912,1_100224,44,1_664048160,1_7974928,1775243629,1775243629,default
1775243404,1_10912,1_100162,271,1_569497160,1_7976370,1775244360,1775244360,default
1775243404,1_10912,40_100511,542,40_569567970,40_7976686,1775245080,1775245080,default
1775243404,1_10912,1_100162,271,1_569496570,1_7976354,1775245260,1775245260,default
1775243704,1_103,1_102745,G Line,1_736437570,1_7974684,1775243806,1775243806,default
1775243704,1_46791,1_100016,118,1_669626540,1_3737,1775243760,1775243906,default
1775243704,1_8541,1_100039,14,1_562519310,1_7974977,1775243760,1775243760,default
1775243704,1_575,1_102615,E Line,1_768603490,1_6091,1775243580,1775243760,default
1775243704,1_2850,1_100089,2,1_788758150,1_7091,1775244180,1775243266,default
1775243704,1_46505,1_102619,F Line,1_656236250,1_6287,1775244480,1775243612,default
1775243704,1_46505,1_102619,F Line,1_656236250,1_7976225,1775244480,1775244480,default
1775243704,1_46505,1_102619,F Line,1_656236860,1_7976142,1775245380,1775245380,default
1775243704,1_29423,1_102732,79,1_816446460,1_8022070,1775244600,1775244600,default
1775243704,1_11590,1_100002,10,1_675382910,1_7974876,1775243756,1775243756,default
1775243704,1_56440,1_100005,106,1_727785570,1_7975010,1775243800,1775243800,default
1775243704,1_40012,1_100026,128,1_806634720,1_8023662,1775243775,1775243775,default
1775243704,1_73112,1_102704,250,1_806915070,1_8024722,1775243807,1775243807,default
1775243704,1_52306,1_102619,F Line,1_656237370,1_7976003,1775244300,1775244300,default
1775243704,1_81426,1_102702,239,1_736529660,1_7976434,1775243815,1775243815,default
1775243704,1_8530,1_100263,7,1_800587740,1_8023404,1775243889,1775243889,default
1775243704,1_99254,40_594,594,40_2798020,40_9728,1775243793,1775243780,default
1775243704,1_45670,1_100210,36,1_800583310,1_4543,1775243812,1775243812,default
1775243704,1_38220,1_100214,372,1_694306580,1_7976765,1775243831,1775243831,default
1775243704,1_59282,1_100072,181,1_721481960,1_7976104,1775244480,1775244480,default
1775243704,1_59282,1_100072,181,1_721481960,1_7473,1775244480,1775244480,default
1775243704,1_59282,1_100072,181,1_721481500,1_7976082,1775246280,1775246280,default
1775243704,1_79874,1_100133,240,1_811764710,1_8024758,1775243875,1775243875,default
1775243704,1_620,40_100240,554,40_774868730,40_7976690,1775244000,1775244000,default
1775243704,1_620,40_100236,545,40_560090380,40_9667,1775244060,1775244002,default
1775243704,1_10912,1_100162,271,1_569497160,1_7976370,1775244360,1775244360,default
1775243704,1_10912,40_100511,542,40_569567970,40_7976686,1775245080,1775245080,default
1775243704,1_10912,1_100162,271,1_569496570,1_7976354,1775245260,1775245260,default
1775243704,1_71960,1_102752,223,1_816305090,1_8024727,1775243880,1775243880,default
1775243704,1_71960,40_100511,542,40_721030810,40_7976607,1775244660,1775244660,default
1775243704,1_25210,1_100225,45,1_803349700,1_8157,1775243050,1775243879,default
1775243704,1_8403,1_100039,14,1_562519300,1_7974987,1775243820,1775243820,default
1775243704,1_18220,1_100219,4,1_675345260,1_7974871,1775243880,1775243880,default
1775244004,1_320,40_100240,554,40_560097450,40_9688,1775244000,1775244068,default
1775244004,1_575,1_100264,70,1_801593820,1_8221,1775244060,1775244060,default
1775244004,1_575,1_100219,4,1_675345280,1_7974864,1775244060,1775244060,default
1775244004,1_575,1_100263,7,1_800588240,1_8023407,1775244120,1775244120,default
1775244004,1_2850,1_100089,2,1_788758150,1_7091,1775244180,1775243266,default
1775244004,1_35334,1_102747,61,1_803356930,1_8022112,1775244063,1775244063,default
1775244004,1_46505,1_102619,F Line,1_656236250,1_6287,1775244480,1775243612,default
1775244004,1_46505,1_102619,F Line,1_656236860,1_7976142,1775245380,1775245380,default
1775244004,1_29423,1_102732,79,1_816446460,1_8022070,1775244600,1775244600,default
1775244004,1_280,40_594,594,40_773020,40_9721,1775244063,1775244063,default
1775244004,1_77460,1_102746,333,1_778704970,1_7975730,1775244057,1775244057,default
1775244004,1_58342,1_100072,181,1_721481660,1_7976037,1775244120,1775244120,default
1775244004,1_10653,1_100252,62,1_800855220,1_8024964,1775244120,1775244120,default
1775244004,1_52306,1_102619,F Line,1_656237370,1_7976003,1775244300,1775244300,default
1775244004,1_52306,1_102619,F Line,1_656236760,1_7975997,1775245200,1775245200,default
1775244004,1_41850,1_100249,60,1_801585230,1_8025821,1775244117,1775244117,default
1775244004,1_59282,1_100072,181,1_721481960,1_7473,1775244480,1775243774,default
1775244004,1_59282,1_102717,165,1_800649740,1_7474,1775245020,1775243966,default
1775244004,1_59282,1_102717,165,1_800649740,1_8023716,1775245020,1775245020,default
1775244004,1_59282,1_100072,181,1_721481500,1_7976082,1775246280,1775246280,default
1775244004,1_85531,1_102757,187,1_762095040,1_7976065,1775244180,1775244180,default
1775244004,1_75580,1_100205,348,1_771626320,1_7975642,1775244127,1775244167,default
1775244004,1_620,40_594,594,40_2798020,40_9728,1775244180,1775244167,default
1775244004,1_620,40_100239,550,40_597752100,40_7976612,1775244600,1775244600,default
1775244004,1_10912,1_100162,271,1_569497160,1_7976370,1775244360,1775244360,default
1775244004,1_10912,40_100511,542,40_569567970,40_7976686,1775245080,1775245080,default
1775244004,1_10912,1_100162,271,1_569496570,1_7976354,1775245260,1775245260,default
1775244004,1_71960,40_100511,542,40_721030810,40_7976607,1775244660,1775244660,default
1775244004,1_8403,1_100039,14,1_562519300,1_7974987,1775243820,1775243820,default
1775244004,1_3000,1_100089,2,1_788757770,1_8023453,1775243772,1775244191,default
1775244304,1_12170,1_100039,14,1_562519300,1_7974987,1775244399,1775244399,default
1775244304,1_26560,1_102574,40,1_811901750,1_8025887,1775244329,1775244329,default
1775244304,1_60161,1_100042,148,1_762077320,1_7976053,1775245440,1775245440,default
1775244304,1_46505,1_102619,F Line,1_656236250,1_6287,1775244480,1775243612,default
1775244304,1_46505,1_102619,F Line,1_656236860,1_7976142,1775245380,1775245380,default
1775244304,1_29423,1_102732,79,1_816446460,1_8022070,1775244600,1775244600,default
1775244304,1_70832,1_100136,245,1_761787570,1_7976372,1775244389,1775244389,default
1775244304,1_27420,1_100249,60,1_801585760,1_8025816,1775244368,1775244368,default
1775244304,1_73366,1_102752,223,1_816297580,1_8024726,1775244381,1775244381,default
1775244304,1_52306,1_102619,F Line,1_656236760,1_7975997,1775245200,1775245200,default
1775244304,1_8530,1_100263,7,1_800587750,1_8023413,1775244489,1775244489,default
1775244304,1_45670,1_100210,36,1_800583370,1_8023380,1775244412,1775244439,default
1775244304,1_45751,1_100023,124,1_690551610,1_7974557,1775244017,1775244412,default
1775244304,1_49350,1_100026,128,1_806634050,1_8023657,1775244437,1775244437,default
1775244304,1_59282,1_100072,181,1_721481960,1_7473,1775244480,1775243774,default
1775244304,1_59282,1_102717,165,1_800649740,1_7474,1775245020,1775243966,default
1775244304,1_59282,1_100072,181,1_721481500,1_7976082,1775246280,1775246280,default
1775244304,1_59872,1_102619,F Line,1_694520850,1_7976083,1775244472,1775244472,default
1775244304,1_620,40_100239,550,40_597752100,40_7976612,1775244600,1775244600,default
1775244304,1_10912,40_100511,542,40_569567970,40_7976686,1775245080,1775245080,default
1775244304,1_10912,1_100162,271,1_569496570,1_7976354,1775245260,1775245260,default
1775244304,1_10912,1_100162,271,1_569496960,1_7976364,1775246160,1775246160,default
1775244304,1_71960,40_100511,542,40_721030810,40_7976607,1775244660,1775244660,default
1775244604,1_60161,1_100042,148,1_762077320,1_7126,1775245440,1775244357,default
1775244604,1_60161,1_100042,148,1_762077320,1_7976053,1775245440,1775245440,default
1775244604,1_8541,1_100039,14,1_562519350,1_7974988,1775244660,1775244660,default
1775244604,1_320,40_594,594,40_773020,40_9721,1775244240,1775244729,default
1775244604,1_575,1_102615,E Line,1_761418150,1_6095,1775244480,1775244647,default
1775244604,1_575,1_100263,7,1_800587740,1_8023404,1775244720,1775244720,default
1775244604,1_2850,1_100089,2,1_788757780,1_8023472,1775245020,1775245020,default
1775244604,1_46505,1_102619,F Line,1_656236860,1_7976142,1775245380,1775245380,default
1775244604,1_73112,1_102704,250,1_806915120,1_8024719,1775244707,1775244707,default
1775244604,1_52306,1_102619,F Line,1_656236760,1_7975997,1775245200,1775245200,default
1775244604,1_45670,1_100210,36,1_800583370,1_8023380,1775244412,1775244740,default
1775244604,1_38220,1_100214,372,1_694305980,1_7976757,1775244731,1775244731,default
1775244604,1_59282,1_102717,165,1_800649740,1_7474,1775245020,1775243966,default
1775244604,1_59282,1_100072,181,1_721481500,1_7976082,1775246280,1775246280,default
1775244604,1_31890,1_100230,50,1_770997540,1_7976172,1775244777,1775244777,default
1775244604,1_620,40_100236,545,40_560090570,40_7976560,1775244960,1775244960,default
1775244604,1_10912,1_100264,70,1_801593280,1_8243,1775244766,1775244768,default
1775244604,1_10912,40_100511,542,40_569567970,40_7976686,1775245080,1775245080,default
1775244604,1_10912,1_100162,271,1_569496570,1_7976354,1775245260,1775245260,default
1775244604,1_10912,1_100162,271,1_569496960,1_7976364,1775246160,1775246160,default
1775244604,1_10912,40_100511,542,40_569565590,40_7976608,1775246880,1775246880,default
1775244604,1_8403,1_100039,14,1_562519310,1_7974977,1775244720,1775244720,default
1775244604,1_18220,1_100219,4,1_675345270,1_7974869,1775244780,1775244780,default
1775244904,1_60161,1_100042,148,1_762077320,1_7126,1775245440,1775244357,default
1775244904,1_575,1_100219,4,1_675345290,1_7974884,1775244960,1775244960,default
1775244904,1_575,1_100264,70,1_801593550,1_8258,1775244960,1775244960,default
1775244904,1_2850,1_100089,2,1_788757780,1_8023472,1775245020,1775245020,default
1775244904,1_35334,1_102747,61,1_803356940,1_8022051,1775244963,1775244963,default
1775244904,1_8080,1_100263,7,1_800587550,1_8023406,1775244954,1775244954,default
1775244904,1_46505,1_102619,F Line,1_656236860,1_7976142,1775245380,1775245380,default
1775244904,1_46505,1_102619,F Line,1_656237120,1_7976074,1775246280,1775246280,default
1775244904,1_47660,1_102736,H Line,1_694057170,1_7974892,1775245015,1775245015,default
1775244904,1_27420,1_100249,60,1_801585230,1_8025821,1775245088,1775245088,default
1775244904,1_11590,1_100002,10,1_675385190,1_7974875,1775244956,1775244956,default
1775244904,1_77460,1_102746,333,1_778704510,1_7975683,1775244957,1775244957,default
1775244904,1_10653,1_100252,62,1_800855230,1_8025069,1775245020,1775245020,default
1775244904,1_74743,1_102702,239,1_736529670,1_7976433,1775245003,1775245003,default
1775244904,1_52306,1_100030,131,1_800857560,1_8024991,1775245020,1775245020,default
1775244904,1_52306,1_102619,F Line,1_656236760,1_7975997,1775245200,1775245200,default
1775244904,1_52306,1_102619,F Line,1_656236980,1_7976017,1775246100,1775246100,default
1775244904,1_57516,1_102717,165,1_800649310,1_8023877,1775245007,1775245007,default
1775244904,1_8530,1_100263,7,1_800587770,1_8023400,1775245089,1775245089,default
1775244904,1_21680,1_100023,124,1_690551610,1_7974557,1775244699,1775244996,default
1775244904,1_45670,1_100210,36,1_800583570,1_8023485,1775245012,1775245023,default
1775244904,1_2200,1_100001,1,1_562519460,1_7974989,1775244986,1775245044,default
1775244904,1_59282,1_100072,181,1_721481500,1_7976082,1775246280,1775246280,default
1775244904,1_10210,1_100264,70,1_816207960,1_8026407,1775245066,1775245066,default
1775244904,1_60983,1_100023,124,1_800862770,1_8024948,1775245075,1775245075,default
1775244904,1_620,40_100240,554,40_774869910,40_7976694,1775245200,1775245200,default
1775244904,1_620,40_100239,550,40_597756620,40_7976614,1775245500,1775245500,default
1775244904,1_10912,1_100224,44,1_664048680,1_7974923,1775245069,1775245069,default
1775244904,1_10912,40_100511,542,40_569567970,40_7976686,1775245080,1775245080,default
1775244904,1_10912,1_100162,271,1_569496570,1_7976354,1775245260,1775245260,default
1775244904,1_10912,1_100162,271,1_569496960,1_7976364,1775246160,1775246160,default
1775244904,1_10912,40_100511,542,40_569565590,40_7976608,1775246880,1775246880,default
1775244904,1_10912,1_100162,271,1_569496310,1_7976351,1775247060,1775247060,default
1775244904,1_71960,1_102752,223,1_816297580,1_8024726,1775245080,1775245080,default
1775244904,1_16140,29_130,130,29_16131687__MCOB-DO:121:0:Weekday:2:26MAR:41045:12345,29_19122,1775245105,1775245020,default
1775244904,1_8403,1_100039,14,1_562519310,1_7974977,1775244720,1775244720,default
1775244904,1_76310,1_100214,372,1_694306170,1_6957,1775245001,1775245081,default
1775245204,1_103,1_102745,G Line,1_736435380,1_7974686,1775245246,1775245246,default
1775245204,1_12170,1_100039,14,1_562519310,1_7974977,1775245299,1775245299,default
1775245204,1_26560,1_102574,40,1_811900790,1_8026400,1775245229,1775245229,default
1775245204,1_60161,1_100042,148,1_762077320,1_7126,1775245440,1775244357,default
1775245204,1_575,1_100028,13,1_788758940,1_7099,1775244720,1775245249,default
1775245204,1_2850,1_100089,2,1_788758160,1_8023473,1775245980,1775245980,default
1775245204,1_46505,1_102619,F Line,1_656236860,1_7976142,1775245380,1775245380,default
1775245204,1_46505,1_102619,F Line,1_656237120,1_7976074,1775246280,1775246280,default
1775245204,1_40060,1_102574,40,1_811901240,1_8026390,1775245251,1775245251,default
1775245204,1_70832,1_100136,245,1_761788250,1_7976373,1775245289,1775245289,default
1775245204,1_73366,1_102701,225,1_811517000,1_7324,1775245266,1775245279,default
1775245204,1_52306,1_102619,F Line,1_656236980,1_7976017,1775246100,1775246100,default
1775245204,1_58112,1_102619,F Line,1_656236550,1_7976085,1775245401,1775245401,default
1775245204,1_45670,1_100210,36,1_800583570,1_4309,1775245012,1775245311,default
1775245204,1_40065,1_102574,40,1_811901240,1_8026390,1775245353,1775245353,default
1775245204,1_41940,1_100249,60,1_801585230,1_8025821,1775245357,1775245357,default
1775245204,1_57804,1_100072,181,1_721481670,1_7976015,1775245756,1775245756,default
1775245204,1_59282,1_100072,181,1_721481500,1_7476,1775246280,1775245229,default
1775245204,1_59282,1_100072,181,1_721481500,1_7976082,1775246280,1775246280,default
1775245204,1_59872,1_102619,F Line,1_694521110,1_7976226,1775245432,1775245432,default
1775245204,1_71678,1_102552,226,1_816296040,1_8024715,1775245342,1775245342,default
1775245204,1_620,40_100236,545,40_560089450,40_9656,1775246760,1775245454,default
1775245204,1_620,40_100239,550,40_597756620,40_7976614,1775245500,1775245500,default
1775245204,1_16990,1_102744,365,1_774126360,1_7975721,1775245365,1775245365,default
1775245204,1_10912,1_100214,372,1_694306840,1_6930,1775245053,1775245375,default
1775245204,1_10912,1_100447,49,1_801200100,1_8023497,1775245290,1775245394,default
1775245204,1_10912,1_100162,271,1_569496960,1_7976364,1775246160,1775246160,default
1775245204,1_10912,40_100511,542,40_569565590,40_7976608,1775246880,1775246880,default
1775245204,1_10912,1_100162,271,1_569496310,1_7976351,1775247060,1775247060,default
1775245204,1_79234,1_100045,150,1_800670600,1_6979,1775245200,1775245386,default
1775245504,1_103,1_102745,G Line,1_736435430,1_7974689,1775245606,1775245606,default
1775245504,1_8541,1_100039,14,1_562519390,1_7974991,1775245560,1775245560,default
1775245504,1_575,1_102615,E Line,1_761418280,1_6085,1775245380,1775245594,default
1775245504,1_2850,1_100089,2,1_788758160,1_7140,1775245980,1775245302,default
1775245504,1_2850,1_100089,2,1_788758160,1_8023473,1775245980,1775245980,default
1775245504,1_46505,1_102619,F Line,1_656237120,1_7976074,1775246280,1775246280,default
1775245504,1_89990,1_100203,346,1_724962580,1_7221,1775245558,1775245558,default
1775245504,1_73366,1_102752,223,1_816297590,1_8024750,1775245581,1775245581,default
1775245504,1_73112,1_102704,250,1_806915110,1_8024762,1775245607,1775245607,default
1775245504,1_52306,1_102619,F Line,1_656236980,1_7976017,1775246100,1775246100,default
1775245504,1_99254,40_594,594,40_429020,40_9722,1775245593,1775245580,default
1775245504,1_45670,1_100210,36,1_800583550,1_4558,1775245612,1775245612,default
1775245504,1_40030,1_102574,40,1_811901390,1_8210,1775245635,1775245660,default
1775245504,1_38220,1_100214,372,1_694306730,1_7976758,1775245631,1775245631,default
1775245504,1_2200,1_100089,2,1_788758540,1_7158,1775245646,1775245646,default
1775245504,1_57804,1_100072,181,1_721481670,1_7976015,1775245756,1775245756,default
1775245504,1_59282,1_100072,181,1_721481500,1_7476,1775246280,1775245229,default
1775245504,1_31970,1_100026,128,1_806634230,1_1001,1775245478,1775245644,default
1775245504,1_620,40_100236,545,40_560087850,40_9814,1775245860,1775245800,default
1775245504,1_10912,1_100264,70,1_801594200,1_8026417,1775245666,1775245666,default
1775245504,1_10912,1_100264,70,1_801594200,1_8214,1775245666,1775245689,default
1775245504,1_10912,1_100162,271,1_569496960,1_7976364,1775246160,1775246160,default
1775245504,1_10912,40_100511,542,40_569565590,40_7976608,1775246880,1775246880,default
1775245504,1_10912,1_100162,271,1_569496310,1_7976351,1775247060,1775247060,default
1775245504,1_71960,40_100511,542,40_721031380,40_7976685,1775246460,1775246460,default
1775245504,1_8403,1_100039,14,1_562519350,1_7974988,1775245620,1775245620,default
1775245837,1_77930,1_102746,333,1_778704040,1_7975726,1775245919,1775245919,default
1775245837,1_73945,1_102704,250,1_816288160,1_8024761,1775245912,1775245912,default
1775245837,1_8541,1_100263,7,1_800589190,1_4525,1775245740,1775245886,default
1775245837,1_17651,1_102747,61,1_803356960,1_3720,1775245873,1775245873,default
1775245837,1_575,1_102581,D Line,1_800600620,1_6110,1775245740,1775245879,default
1775245837,1_575,1_100263,7,1_800587770,1_8023400,1775245920,1775245920,default
1775245837,1_2850,1_100089,2,1_788758160,1_7140,1775245980,1775245302,default
1775245837,1_46505,1_102619,F Line,1_656237120,1_7976074,1775246280,1775246280,default
1775245837,1_46505,1_102619,F Line,1_656236400,1_7976083,1775247180,1775247180,default
1775245837,1_1510,1_100263,7,1_800589100,1_8023428,1775245914,1775245914,default
1775245837,1_58342,1_100072,181,1_721481960,1_7976104,1775245920,1775245920,default
1775245837,1_52306,1_102619,F Line,1_656236980,1_7976017,1775246100,1775246100,default
1775245837,1_52306,1_102619,F Line,1_656237220,1_7976229,1775247000,1775247000,default
1775245837,1_59282,1_100072,181,1_721481500,1_7476,1775246280,1775245229,default
1775245837,1_59282,1_102717,165,1_800649750,1_7016,1775246820,1775245719,default
1775245837,1_59282,1_102717,165,1_800649750,1_8023877,1775246820,1775246820,default
1775245837,1_23905,1_100214,372,1_694306730,1_7976758,1775246078,1775246078,default
1775245837,1_58111,1_102619,F Line,1_656236250,1_7976225,1775246035,1775246035,default
1775245837,1_620,40_100239,550,40_597754130,40_7976644,1775246400,1775246400,default
1775245837,1_10912,1_100162,271,1_569496960,1_7976364,1775246160,1775246160,default
1775245837,1_10912,40_100511,542,40_569565590,40_7976608,1775246880,1775246880,default
1775245837,1_10912,1_100162,271,1_569496310,1_7976351,1775247060,1775247060,default
1775245837,1_10912,1_100162,271,1_569497130,1_7976667,1775247960,1775247960,default
1775245837,1_71960,40_100511,542,40_721031380,40_7976685,1775246460,1775246460,default
1775246117,1_12170,1_100039,14,1_562519350,1_7974988,1775246199,1775246199,default
1775246117,1_26560,1_102574,40,1_811901480,1_8026435,1775246129,1775246129,default
1775246117,1_60161,1_100042,148,1_762077430,1_7976051,1775247240,1775247240,default
1775246117,1_8541,1_100005,106,1_727785290,1_7975006,1775245740,1775246158,default
1775246117,1_30510,1_100249,60,1_801585320,1_8025884,1775246186,1775246186,default
1775246117,1_320,40_594,594,40_1391020,40_9302,1775246040,1775246169,default
1775246117,1_68784,1_102548,B Line,1_721018850,1_7976639,1775246199,1775246199,default
1775246117,1_46505,1_102619,F Line,1_656237120,1_6244,1775246280,1775245907,default
1775246117,1_46505,1_102619,F Line,1_656237120,1_7976074,1775246280,1775246280,default
1775246117,1_46505,1_102619,F Line,1_656236400,1_7976083,1775247180,1775247180,default
1775246117,1_40060,1_102574,40,1_811900780,1_8026397,1775246211,1775246211,default
1775246117,1_70832,1_100136,245,1_761786980,1_7976344,1775246189,1775246189,default
1775246117,1_52306,1_102619,F Line,1_656237220,1_7976229,1775247000,1775247000,default
1775246117,1_8530,1_100263,7,1_800587990,1_8023408,1775246289,1775246289,default
1775246117,1_58112,1_102619,F Line,1_656236250,1_7976225,1775246301,1775246301,default
1775246117,1_59282,1_100072,181,1_721481500,1_7476,1775246280,1775245229,default
1775246117,1_59282,1_102717,165,1_800649750,1_7016,1775246820,1775245719,default
1775246117,1_59872,1_102619,F Line,1_656237370,1_7976003,1775246332,1775246332,default
1775246117,1_14280,1_102581,D Line,1_803817400,1_8023438,1775246400,1775246317,default
1775246117,1_620,40_100240,554,40_774870560,40_7976695,1775246400,1775246400,default
1775246117,1_620,40_100239,550,40_597754130,40_7976644,1775246400,1775246400,default
1775246117,1_10912,40_100511,542,40_569565590,40_7976608,1775246880,1775246880,default
1775246117,1_10912,1_100162,271,1_569496310,1_7976351,1775247060,1775247060,default
1775246117,1_10912,1_100162,271,1_569497130,1_7976667,1775247960,1775247960,default
1775246117,1_71960,1_102752,223,1_816297590,1_8024750,1775246280,1775246280,default
1775246117,1_71960,40_100511,542,40_721031380,40_7976685,1775246460,1775246460,default
1775246417,1_60161,1_100042,148,1_762077430,1_7352,1775247240,1775246094,default
1775246417,1_8541,1_100039,14,1_562519360,1_7974989,1775246460,1775246460,default
1775246417,1_320,40_100240,554,40_560096840,40_7976690,1775246400,1775246513,default
1775246417,1_2850,1_100089,2,1_788757790,1_7157,1775246820,1775246240,default
1775246417,1_2850,1_100089,2,1_788757790,1_8023467,1775246820,1775246820,default
1775246417,1_46505,1_102619,F Line,1_656236400,1_6235,1775247180,1775246350,default
1775246417,1_46505,1_102619,F Line,1_656236400,1_7976083,1775247180,1775247180,default
1775246417,1_27420,1_100249,60,1_801585330,1_8025819,1775246528,1775246528,default
1775246417,1_25140,1_100254,65,1_778695540,1_7975671,1775246487,1775246516,default
1775246417,1_1510,1_100263,7,1_800587990,1_8023408,1775246514,1775246514,default
1775246417,1_73112,1_102704,250,1_806915150,1_8024728,1775246507,1775246507,default
1775246417,1_52306,1_102619,F Line,1_656237220,1_7976229,1775247000,1775247000,default
1775246417,1_48390,1_100030,131,1_800859010,1_8024985,1775246537,1775246537,default
1775246417,1_40030,1_102574,40,1_811900720,1_8222,1775246535,1775246564,default
1775246417,1_38220,1_100214,372,1_694306170,1_7976768,1775246531,1775246531,default
1775246417,1_59282,1_102717,165,1_800649750,1_7016,1775246820,1775245719,default
1775246417,1_79874,1_100133,240,1_806916510,1_8024698,1775246575,1775246575,default
1775246417,1_620,40_510,510,40_16133735__MCOB-DO:121:0:Weekday:2:26MAR:86018:12345,40_MCOB-DO:121:0:Weekday:2:26MAR:86018:12345,1775250000,1775250000,default
1775246417,1_10912,1_100447,49,1_801200080,1_4304,1775246490,1775246591,default
1775246417,1_10912,40_100511,542,40_569565590,40_7976608,1775246880,1775246880,default
1775246417,1_10912,1_100162,271,1_569496310,1_7976351,1775247060,1775247060,default
1775246417,1_10912,1_100162,271,1_569497130,1_7976667,1775247960,1775247960,default
1775246417,1_10912,40_100511,542,40_569569640,40_7976607,1775248680,1775248680,default
1775246417,1_8403,1_100039,14,1_562519390,1_7974991,1775246580,1775246580,default
1775246417,1_73380,1_100136,245,1_761788250,1_7976373,1775246609,1775246609,default
1775246717,1_77930,1_102746,333,1_778704050,1_7975682,1775246759,1775246759,default
1775246717,1_8310,1_100230,50,1_785559570,1_7976173,1775246737,1775246737,default
1775246717,1_60161,1_100042,148,1_762077430,1_7352,1775247240,1775246094,default
1775246717,1_12770,1_100228,48,1_721360840,1_7974620,1775246800,1775246800,default
1775246717,1_30790,1_100006,107,1_635437340,1_7180,1775246592,1775246736,default
1775246717,1_17651,1_102747,61,1_803356970,1_3742,1775246773,1775246773,default
1775246717,1_575,1_100219,4,1_675345310,1_7974865,1775246760,1775246760,default
1775246717,1_2850,1_100089,2,1_788757790,1_7157,1775246820,1775246240,default
1775246717,1_35334,1_102747,61,1_803356960,1_8022040,1775246763,1775246763,default
1775246717,1_46505,1_102619,F Line,1_656236400,1_6235,1775247180,1775246350,default
1775246717,1_46505,1_102619,F Line,1_656236660,1_7976226,1775248080,1775248080,default
1775246717,1_1190,1_100009,11,1_736449050,1_7053,1775246763,1775246763,default
1775246717,1_74743,1_102702,239,1_736529680,1_7976431,1775246803,1775246803,default
1775246717,1_73366,1_102752,223,1_816305100,1_8024748,1775246781,1775246781,default
1775246717,1_52306,1_102619,F Line,1_656237220,1_7976229,1775247000,1775247000,default
1775246717,1_52306,1_102619,F Line,1_656236560,1_7976085,1775247900,1775247900,default
1775246717,1_57516,1_102717,165,1_800649320,1_8023881,1775246807,1775246807,default
1775246717,1_8530,1_100263,7,1_800587720,1_8023401,1775246889,1775246889,default
1775246717,1_45670,1_100210,36,1_800583580,1_4404,1775246812,1775246812,default
1775246717,1_49350,1_100026,128,1_806634140,1_8023663,1775246897,1775246897,default
1775246717,1_39983,1_100111,22,1_635462270,1_7976056,1775246640,1775246861,default
1775246717,1_12760,1_100173,3,1_761126500,1_4362,1775246856,1775246870,default
1775246717,1_620,40_100236,545,40_560089450,40_9656,1775246760,1775246905,default
1775246717,1_620,40_100239,550,40_597756350,40_7976709,1775247300,1775247300,default
1775246717,1_620,40_510,510,40_16133735__MCOB-DO:121:0:Weekday:2:26MAR:86018:12345,40_MCOB-DO:121:0:Weekday:2:26MAR:86018:12345,1775250000,1775250000,default
1775246717,1_10912,40_100511,542,40_569565590,40_9659,1775246880,1775246671,default
1775246717,1_10912,40_100511,542,40_569565590,40_7976608,1775246880,1775246880,default
1775246717,1_10912,1_100162,271,1_569496310,1_7976351,1775247060,1775247060,default
1775246717,1_10912,1_100162,271,1_569497130,1_7976667,1775247960,1775247960,default
1775246717,1_10912,40_100511,542,40_569569640,40_7976607,1775248680,1775248680,default
1775246717,1_8403,1_100039,14,1_562519390,1_7974991,1775246580,1775246580,default
1775247017,1_103,1_102745,G Line,1_736435660,1_7974687,1775247046,1775247046,default
1775247017,1_12170,1_100039,14,1_562519390,1_7974991,1775247159,1775247159,default
1775247017,1_26560,1_102574,40,1_811900690,1_8025885,1775247029,1775247029,default
1775247017,1_60161,1_100042,148,1_762077430,1_7352,1775247240,1775246094,default
1775247017,1_13830,1_102581,D Line,1_803817220,1_8023442,1775247071,1775247071,default
1775247017,1_2850,1_100089,2,1_788758170,1_7152,1775247780,1775246824,default
1775247017,1_46505,1_102619,F Line,1_656236400,1_6235,1775247180,1775246350,default
1775247017,1_46505,1_102619,F Line,1_656236660,1_7976226,1775248080,1775248080,default
1775247017,1_29423,1_102732,79,1_816446370,1_8022069,1775248200,1775248200,default
1775247017,1_40060,1_102574,40,1_811900930,1_8026392,1775247111,1775247111,default
1775247017,1_70832,1_100136,245,1_761787790,1_7976346,1775247089,1775247089,default
1775247017,1_1510,1_100263,7,1_800587720,1_8023401,1775247114,1775247114,default
1775247017,1_72494,1_100160,269,1_806917830,1_8024688,1775247120,1775247120,default
1775247017,1_52306,1_102619,F Line,1_656236560,1_7976085,1775247900,1775247900,default
1775247017,1_58112,1_102619,F Line,1_656236860,1_7976142,1775247201,1775247201,default
1775247017,1_57804,1_100072,181,1_721481970,1_7976033,1775247556,1775247556,default
1775247017,1_59872,1_102619,F Line,1_656236760,1_7975997,1775247258,1775247258,default
1775247017,1_31890,1_100230,50,1_770998000,1_7976175,1775247177,1775247177,default
1775247017,1_620,40_100239,550,40_597756350,40_7976709,1775247300,1775247300,default
1775247017,1_620,40_510,510,40_16133735__MCOB-DO:121:0:Weekday:2:26MAR:86018:12345,40_MCOB-DO:121:0:Weekday:2:26MAR:86018:12345,1775250000,1775250000,default
1775247017,1_10912,1_100224,44,1_664047680,1_7974930,1775247229,1775247229,default
1775247017,1_10912,1_100162,271,1_569497130,1_7976667,1775247960,1775247960,default
1775247017,1_10912,40_100511,542,40_569569640,40_7976607,1775248680,1775248680,default
1775247017,1_10912,1_100162,271,1_569496450,1_7976349,1775248800,1775248800,default
1775247317,1_103,1_102745,G Line,1_736437260,1_7974688,1775247406,1775247406,default
1775247317,1_8541,1_100039,14,1_562519410,1_7974994,1775247360,1775247360,default
1775247317,1_30790,1_100249,60,1_801585540,1_8025817,1775247397,1775247397,default
1775247317,1_2850,1_100089,2,1_788758170,1_7152,1775247780,1775246824,default
1775247317,1_46505,1_102619,F Line,1_656236660,1_7976226,1775248080,1775248080,default
1775247317,1_29423,1_102732,79,1_816446370,1_8022069,1775248200,1775248200,default
1775247317,1_89990,1_100203,346,1_724962590,1_7204,1775247358,1775247358,default
1775247317,1_73112,1_102704,250,1_806915140,1_8024718,1775247407,1775247407,default
1775247317,1_71842,1_102753,222,1_774817530,1_7976417,1775247431,1775247431,default
1775247317,1_52306,1_102619,F Line,1_656236560,1_7976085,1775247900,1775247900,default
1775247317,1_8530,1_100263,7,1_800588410,1_8023429,1775247489,1775247489,default
1775247317,1_57804,1_100072,181,1_721481970,1_7976033,1775247556,1775247556,default
1775247317,1_59282,1_100072,181,1_721481830,1_7188,1775248140,1775247141,default
1775247317,1_59282,1_102717,165,1_800649320,1_8023881,1775247480,1775247480,default
1775247317,1_19921,1_100101,21,1_809330980,1_8025839,1775247361,1775247482,default
1775247317,1_79874,1_100133,240,1_811764910,1_8024700,1775247475,1775247475,default
1775247317,1_620,40_100240,554,40_774869420,40_7976705,1775247720,1775247720,default
1775247317,1_620,40_510,510,40_16133735__MCOB-DO:121:0:Weekday:2:26MAR:86018:12345,40_MCOB-DO:121:0:Weekday:2:26MAR:86018:12345,1775250000,1775250000,default
1775247317,1_49930,1_100031,132,1_800858020,1_8024984,1775247480,1775247480,default
1775247317,1_10912,1_100264,70,1_801593930,1_8221,1775247466,1775247499,default
1775247317,1_10912,1_100162,271,1_569497130,1_7976667,1775247960,1775247960,default
1775247317,1_10912,40_100511,542,40_569569640,40_7976607,1775248680,1775248680,default
1775247317,1_10912,1_100162,271,1_569496450,1_7976349,1775248800,1775248800,default
1775247317,1_71960,1_102752,223,1_816305100,1_8024748,1775247480,1775247480,default
1775247317,1_71960,40_100511,542,40_721030840,40_7976686,1775248260,1775248260,default
1775247317,1_8403,1_100039,14,1_562519360,1_7974989,1775247480,1775247480,default
1775247617,1_77930,1_102746,333,1_778704060,1_7975728,1775247659,1775247659,default
1775247617,1_73945,1_102704,250,1_816288210,1_8024724,1775247712,1775247712,default
1775247617,1_970,40_594,594,40_1204020,40_9728,1775247657,1775247657,default
1775247617,1_12770,1_100228,48,1_721361380,1_7974614,1775247700,1775247700,default
1775247617,1_17651,1_102747,61,1_803356980,1_3750,1775247673,1775247673,default
1775247617,1_575,1_102615,E Line,1_768603900,1_6205,1775247660,1775247587,default
1775247617,1_575,1_100219,4,1_675345320,1_7974885,1775247660,1775247660,default
1775247617,1_575,1_100264,70,1_801593200,1_8225,1775247660,1775247660,default
1775247617,1_13830,1_102581,D Line,1_800601250,1_8022077,1775247671,1775247671,default
1775247617,1_2850,1_100089,2,1_788758170,1_7152,1775247780,1775246824,default
1775247617,1_35334,1_102747,61,1_803356970,1_8022041,1775247663,1775247663,default
1775247617,1_46505,1_102619,F Line,1_656236660,1_7976226,1775248080,1775248080,default
1775247617,1_46505,1_102619,F Line,1_694521830,1_7976003,1775248980,1775248980,default
1775247617,1_29423,1_102732,79,1_816446370,1_8022069,1775248200,1775248200,default
1775247617,1_1190,1_100002,10,1_675385160,1_4323,1775247663,1775247663,default
1775247617,1_50774,1_100045,150,1_694513270,1_8138,1775247666,1775247678,default
1775247617,1_1510,1_100263,7,1_800588410,1_8023429,1775247714,1775247714,default
1775247617,1_58342,1_100072,181,1_721481500,1_7976082,1775247720,1775247720,default
1775247617,1_52306,1_102619,F Line,1_656236560,1_7976085,1775247900,1775247900,default
1775247617,1_52306,1_102619,F Line,1_656236260,1_7976225,1775248800,1775248800,default
1775247617,1_21945,1_102717,165,1_800649740,1_8023716,1775247720,1775247720,default
1775247617,1_59282,1_100072,181,1_721481830,1_7188,1775248140,1775247141,default
1775247617,1_59282,1_102717,165,1_800649760,1_7077,1775248620,1775247604,default
1775247617,1_59282,1_102717,165,1_800649760,1_8023881,1775248620,1775248620,default
1775247617,1_85531,1_102757,187,1_762095060,1_7976065,1775247900,1775247900,default
1775247617,1_620,40_594,594,40_3886020,40_9306,1775247780,1775247769,default
1775247617,1_620,40_100239,550,40_597754850,40_7976642,1775248200,1775248200,default
1775247617,1_620,40_510,510,40_16133735__MCOB-DO:121:0:Weekday:2:26MAR:86018:12345,40_MCOB-DO:121:0:Weekday:2:26MAR:86018:12345,1775250000,1775250000,default
1775247617,1_10912,1_100162,271,1_569497130,1_7976667,1775247960,1775247960,default
1775247617,1_10912,40_100511,542,40_569569640,40_7976607,1775248680,1775248680,default
1775247617,1_10912,1_100162,271,1_569496450,1_7976349,1775248800,1775248800,default
1775247617,1_10912,1_100162,271,1_569496740,1_7976670,1775249700,1775249700,default
1775247617,1_71960,40_100511,542,40_721030840,40_9676,1775248260,1775247674,default
1775247617,1_71960,40_100511,542,40_721030840,40_7976686,1775248260,1775248260,default
1775247617,1_8403,1_100039,14,1_562519360,1_7974989,1775247480,1775247480,default
1775247917,1_12170,1_100039,14,1_562519360,1_7974989,1775248059,1775248059,default
1775247917,1_8310,1_100230,50,1_785559110,1_7976170,1775247937,1775247937,default
1775247917,1_26560,1_102574,40,1_811901390,1_8026389,1775247929,1775247929,default
1775247917,1_60161,1_100042,148,1_762077440,1_7976071,1775249040,1775249040,default
1775247917,1_320,40_100239,550,40_597754070,40_9683,1775247900,1775247954,default
1775247917,1_320,40_594,594,40_1204020,40_9728,1775247960,1775247960,default
1775247917,1_2850,1_100089,2,1_788757800,1_8023446,1775248440,1775248440,default
1775247917,1_46505,1_102619,F Line,1_656236660,1_7976226,1775248080,1775248080,default
1775247917,1_46505,1_102619,F Line,1_694521830,1_7976003,1775248980,1775248980,default
1775247917,1_29423,1_102732,79,1_816446370,1_8022069,1775248200,1775248200,default
1775247917,1_40060,1_102574,40,1_811901880,1_8025886,1775248011,1775248011,default
1775247917,1_1190,1_100009,11,1_736449160,1_7026,1775247963,1775247963,default
1775247917,1_70832,1_100136,245,1_761787290,1_7976393,1775247989,1775247989,default
1775247917,1_27420,1_100249,60,1_801585560,1_8025883,1775247968,1775247968,default
1775247917,1_23530,1_100259,67,1_724950570,1_7975671,1775248024,1775248024,default
1775247917,1_52306,1_102619,F Line,1_656236260,1_7976225,1775248800,1775248800,default
1775247917,1_52306,1_102619,F Line,1_800653590,1_8023728,1775251500,1775251500,default
1775247917,1_80121,1_102719,161,1_800652170,1_8023789,1775248137,1775248137,default
1775247917,1_8530,1_100263,7,1_800588740,1_8023402,1775248089,1775248089,default
1775247917,1_58112,1_102619,F Line,1_656237120,1_7976074,1775248101,1775248101,default
1775247917,1_45670,1_100210,36,1_800583470,1_8023384,1775248012,1775248041,default
1775247917,1_49350,1_100026,128,1_806634680,1_8023674,1775248097,1775248097,default
1775247917,1_59282,1_100072,181,1_721481830,1_7188,1775248140,1775247141,default
1775247917,1_59282,1_102717,165,1_800649760,1_7077,1775248620,1775247604,default
1775247917,1_59872,1_102619,F Line,1_656236980,1_7976017,1775248158,1775248158,default
1775247917,1_620,40_100239,550,40_597754850,40_7976642,1775248200,1775248200,default
1775247917,1_620,40_510,510,40_16133735__MCOB-DO:121:0:Weekday:2:26MAR:86018:12345,40_MCOB-DO:121:0:Weekday:2:26MAR:86018:12345,1775250000,1775250000,default
1775247917,1_10912,40_100511,542,40_569569640,40_7976607,1775248680,1775248680,default
1775247917,1_10912,1_100162,271,1_569496450,1_7976349,1775248800,1775248800,default
1775247917,1_10912,1_100162,271,1_569496740,1_7976670,1775249700,1775249700,default
1775247917,1_71960,40_100511,542,40_721030840,40_9676,1775248260,1775247674,default
1775248217,1_67200,1_102552,226,1_833608370,1_8024716,1775248232,1775248232,default
1775248217,1_60161,1_100042,148,1_762077440,1_3757,1775249040,1775248019,default
1775248217,1_60161,1_100042,148,1_762077440,1_7976071,1775249040,1775249040,default
1775248217,1_24430,1_100132,24,1_800863130,1_8024946,1775248161,1775248243,default
1775248217,1_8541,1_100039,14,1_562519480,1_7974990,1775248260,1775248260,default
1775248217,1_64569,1_100099,208,1_664282500,1_7363,1775248135,1775248273,default
1775248217,1_575,1_102581,D Line,1_800600920,1_6092,1775248140,1775248270,default
1775248217,1_575,1_100028,13,1_788758960,1_7157,1775248320,1775248320,default
1775248217,1_13830,1_102581,D Line,1_800600580,1_8023488,1775248271,1775248271,default
1775248217,1_2850,1_100089,2,1_788757800,1_7158,1775248440,1775247985,default
1775248217,1_2850,1_100089,2,1_788757800,1_8023446,1775248440,1775248440,default
1775248217,1_46505,1_102619,F Line,1_694521830,1_6281,1775248980,1775247976,default
1775248217,1_46505,1_102619,F Line,1_694521830,1_7976003,1775248980,1775248980,default
1775248217,1_57453,1_102719,161,1_800651810,1_8023891,1775248200,1775248276,default
1775248217,1_1510,1_100263,7,1_800588740,1_8023402,1775248314,1775248314,default
1775248217,1_68130,1_102548,B Line,1_721018980,1_6020,1775248312,1775248312,default
1775248217,1_79877,1_100162,271,1_569496570,1_7976354,1775248292,1775248292,default
1775248217,1_8190,1_100263,7,1_800588160,1_8023484,1775248316,1775248316,default
1775248217,1_73112,1_102704,250,1_806915200,1_8024721,1775248307,1775248307,default
1775248217,1_52306,1_102619,F Line,1_656236260,1_7976225,1775248800,1775248800,default
1775248217,1_52306,1_102619,F Line,1_800653590,1_8023728,1775251500,1775251500,default
1775248217,1_48390,1_100030,131,1_800858450,1_8024988,1775248337,1775248337,default
1775248217,1_22184,1_100249,60,1_801585480,1_8025823,1775248385,1775248385,default
1775248217,1_59282,1_102717,165,1_800649760,1_7077,1775248620,1775247604,default
1775248217,1_31890,1_100230,50,1_770997890,1_7976178,1775248377,1775248377,default
1775248217,1_620,40_510,510,40_16133735__MCOB-DO:121:0:Weekday:2:26MAR:86018:12345,40_MCOB-DO:121:0:Weekday:2:26MAR:86018:12345,1775250000,1775250000,default
1775248217,1_620,40_510,510,40_16133736__MCOB-DO:121:0:Weekday:2:26MAR:86019:12345,40_MCOB-DO:121:0:Weekday:2:26MAR:86019:12345,1775251800,1775251800,default
1775248217,1_10912,1_100264,70,1_801593660,1_8258,1775248366,1775248380,default
1775248217,1_10912,40_100511,542,40_569569640,40_7976607,1775248680,1775248680,default
1775248217,1_10912,1_100162,271,1_569496450,1_7976349,1775248800,1775248800,default
1775248217,1_10912,1_100162,271,1_569496740,1_7976670,1775249700,1775249700,default
1775248217,1_10912,40_100511,542,40_569570750,40_7976685,1775250480,1775250480,default
1775248217,1_8403,1_100039,14,1_562519410,1_7974994,1775248380,1775248380,default
1775248517,1_481,1_102736,H Line,1_694056850,1_6076,1775248500,1775248538,default
1775248517,1_73945,1_102704,250,1_816288240,1_8024722,1775248612,1775248612,default
1775248517,1_60161,1_100042,148,1_762077440,1_3757,1775249040,1775248019,default
1775248517,1_970,1_100045,150,1_800670410,1_8179,1775248374,1775248555,default
1775248517,1_12770,1_100228,48,1_721359680,1_7974616,1775248600,1775248600,default
1775248517,1_575,1_100264,70,1_801593290,1_8243,1775248560,1775248560,default
1775248517,1_575,1_100219,4,1_675345330,1_7974870,1775248560,1775248560,default
1775248517,1_46505,1_102619,F Line,1_694521830,1_6281,1775248980,1775247976,default
1775248517,1_46505,1_102619,F Line,1_694521230,1_7975997,1775249880,1775249880,default
1775248517,1_27420,1_100249,60,1_801585770,1_8026428,1775248688,1775248688,default
1775248517,1_52306,1_102619,F Line,1_656236260,1_7976225,1775248800,1775248800,default
1775248517,1_52306,1_102619,F Line,1_656236870,1_7976142,1775249700,1775249700,default
1775248517,1_52306,1_102619,F Line,1_800653590,1_8023728,1775251500,1775251500,default
1775248517,1_40030,1_102574,40,1_811901270,1_8253,1775248395,1775248640,default
1775248517,1_620,40_100239,550,40_597756270,40_7976613,1775249100,1775249100,default
1775248517,1_620,40_510,510,40_16133735__MCOB-DO:121:0:Weekday:2:26MAR:86018:12345,40_MCOB-DO:121:0:Weekday:2:26MAR:86018:12345,1775250000,1775250000,default
1775248517,1_620,40_510,510,40_16133736__MCOB-DO:121:0:Weekday:2:26MAR:86019:12345,40_MCOB-DO:121:0:Weekday:2:26MAR:86019:12345,1775251800,1775251800,default
1775248517,1_10912,40_100511,542,40_569569640,40_7976607,1775248680,1775248680,default
1775248517,1_10912,1_100162,271,1_569496450,1_7976349,1775248800,1775248800,default
1775248517,1_10912,1_100162,271,1_569496740,1_7976670,1775249700,1775249700,default
1775248517,1_10912,40_100511,542,40_569570750,40_7976685,1775250480,1775250480,default
1775248517,1_10912,1_100162,271,1_569496190,1_7976348,1775250600,1775250600,default
1775248517,1_71960,1_102752,223,1_816297600,1_8024723,1775248740,1775248740,default
1775248517,1_8403,1_100039,14,1_562519410,1_7974994,1775248380,1775248380,default
1775248817,1_103,1_102745,G Line,1_736435490,1_7974685,1775248846,1775248846,default
1775248817,1_12170,1_100039,14,1_562519410,1_7974994,1775248959,1775248959,default
1775248817,1_6650,1_102747,61,1_803357000,1_8022051,1775248794,1775248822,default
1775248817,1_26560,1_102574,40,1_811900720,1_8026393,1775248829,1775248829,default
1775248817,1_60161,1_100042,148,1_762077440,1_3757,1775249040,1775248019,default
1775248817,1_30790,1_100249,60,1_801585740,1_8025816,1775248837,1775248837,default
1775248817,1_320,40_100240,554,40_560098310,40_9576,1775248800,1775248873,default
1775248817,1_13830,1_102581,D Line,1_803817500,1_8022078,1775248871,1775248871,default
1775248817,1_2850,1_100089,2,1_788758180,1_7117,1775249460,1775248657,default
1775248817,1_46505,1_102619,F Line,1_694521830,1_6281,1775248980,1775247976,default
1775248817,1_46505,1_102619,F Line,1_694521230,1_7975997,1775249880,1775249880,default
1775248817,1_70832,1_100136,245,1_761789650,1_7976397,1775248889,1775248889,default
1775248817,1_52306,1_102619,F Line,1_656236870,1_7976142,1775249700,1775249700,default
1775248817,1_52306,1_102619,F Line,1_800653590,1_8023728,1775251500,1775251500,default
1775248817,1_52306,1_102619,F Line,1_800653850,1_8023729,1775252400,1775252400,default
1775248817,1_41940,1_100249,60,1_801585770,1_8026428,1775248957,1775248957,default
1775248817,1_57804,1_100072,181,1_721481510,1_7976037,1775249356,1775249356,default
1775248817,1_59872,1_102619,F Line,1_656237220,1_7976229,1775249058,1775249058,default
1775248817,1_71678,1_102552,226,1_816296060,1_8024713,1775249002,1775249002,default
1775248817,1_620,40_100240,554,40_774870350,40_7976696,1775249040,1775249040,default
1775248817,1_620,40_100239,550,40_597756270,40_7976613,1775249100,1775249100,default
1775248817,1_620,40_510,510,40_16133735__MCOB-DO:121:0:Weekday:2:26MAR:86018:12345,40_MCOB-DO:121:0:Weekday:2:26MAR:86018:12345,1775250000,1775250000,default
1775248817,1_620,40_510,510,40_16133736__MCOB-DO:121:0:Weekday:2:26MAR:86019:12345,40_MCOB-DO:121:0:Weekday:2:26MAR:86019:12345,1775251800,1775251800,default
1775248817,1_10912,1_100162,271,1_569496740,1_7976670,1775249700,1775249700,default
1775248817,1_10912,40_100511,542,40_569570750,40_7976685,1775250480,1775250480,default
1775248817,1_10912,1_100162,271,1_569496190,1_7976348,1775250600,1775250600,default
1775248817,1_3000,1_100089,2,1_788757800,1_8023446,1775248992,1775248992,default
1775249117,1_103,1_102745,G Line,1_736435560,1_7974690,1775249206,1775249206,default
1775249117,1_60161,1_100042,148,1_800646350,1_8023771,1775252520,1775252520,default
1775249117,1_8541,1_100039,14,1_562519530,1_7974992,1775249160,1775249160,default
1775249117,1_2850,1_100089,2,1_788758180,1_7117,1775249460,1775248657,default
1775249117,1_46505,1_102619,F Line,1_694521230,1_7975997,1775249880,1775249880,default
1775249117,1_89990,1_100203,346,1_724962600,1_7221,1775249158,1775249158,default
1775249117,1_1190,1_100009,11,1_736449560,1_7041,1775249163,1775249163,default
1775249117,1_68130,1_102548,B Line,1_721019100,1_6025,1775249212,1775249212,default
1775249117,1_56440,1_100005,106,1_727785340,1_7975007,1775249200,1775249200,default
1775249117,1_73112,1_102704,250,1_806915190,1_8024720,1775249207,1775249207,default
1775249117,1_52306,1_102619,F Line,1_656236870,1_7976142,1775249700,1775249700,default
1775249117,1_52306,1_102619,F Line,1_800653590,1_8023728,1775251500,1775251500,default
1775249117,1_52306,1_102619,F Line,1_800653850,1_8023729,1775252400,1775252400,default
1775249117,1_81426,1_102702,239,1_736529690,1_7976432,1775249203,1775249203,default
1775249117,1_8530,1_100263,7,1_800587460,1_8023409,1775249289,1775249289,default
1775249117,1_73368,1_100136,245,1_761787290,1_7976393,1775249267,1775249267,default
1775249117,1_49350,1_100026,128,1_806634230,1_8023676,1775249297,1775249297,default
1775249117,1_2200,1_100089,2,1_788758560,1_7091,1775249246,1775249246,default
1775249117,1_57804,1_100072,181,1_721481510,1_7976037,1775249356,1775249356,default
1775249117,1_59282,1_100072,181,1_721481680,1_7439,1775249880,1775248930,default
1775249117,1_620,40_100236,545,40_560088260,40_7976567,1775249460,1775249460,default
1775249117,1_620,40_510,510,40_16133735__MCOB-DO:121:0:Weekday:2:26MAR:86018:12345,40_MCOB-DO:121:0:Weekday:2:26MAR:86018:12345,1775250000,1775250000,default
1775249117,1_620,40_510,510,40_16133736__MCOB-DO:121:0:Weekday:2:26MAR:86019:12345,40_MCOB-DO:121:0:Weekday:2:26MAR:86019:12345,1775251800,1775251800,default
1775249117,1_10912,1_100264,70,1_801593450,1_8026409,1775249266,1775249330,default
1775249117,1_10912,1_100162,271,1_569496740,1_7976670,1775249700,1775249700,default
1775249117,1_10912,40_100511,542,40_569570750,40_7976685,1775250480,1775250480,default
1775249117,1_10912,1_100162,271,1_569496190,1_7976348,1775250600,1775250600,default
1775249117,1_71960,40_100511,542,40_721031310,40_7976608,1775250060,1775250060,default
1775249117,1_8403,1_100039,14,1_562519480,1_7974990,1775249280,1775249280,default
1775249117,1_71838,1_102753,222,1_774817540,1_7976391,1775249349,1775249349,default
1775249417,1_51551,1_102736,H Line,1_694056820,1_7974895,1775249427,1775249427,default
1775249417,1_52638,40_574,574,40_2292020,40_9123,1775249598,1775249473,default
1775249417,1_73945,1_102704,250,1_816288250,1_8024719,1775249512,1775249512,default
1775249417,1_60161,1_100042,148,1_800646350,1_8023771,1775252520,1775252520,default
1775249417,1_12770,1_100228,48,1_721359130,1_7974621,1775249500,1775249500,default
1775249417,1_575,1_100219,4,1_675345340,1_4308,1775249460,1775249460,default
1775249417,1_575,1_100219,4,1_675345340,1_7974886,1775249460,1775249460,default
1775249417,1_575,1_100264,70,1_801594250,1_8214,1775249460,1775249460,default
1775249417,1_13830,1_102581,D Line,1_803817450,1_8023438,1775249471,1775249471,default
1775249417,1_2850,1_100089,2,1_788758180,1_7117,1775249460,1775248657,default
1775249417,1_46505,1_102619,F Line,1_694521230,1_7975997,1775249880,1775249880,default
1775249417,1_46505,1_102619,F Line,1_721496530,1_7976017,1775250780,1775250780,default
1775249417,1_1510,1_100263,7,1_800587460,1_8023409,1775249514,1775249514,default
1775249417,1_76024,1_102702,239,1_736529690,1_7976432,1775249514,1775249514,default
1775249417,1_73366,1_102548,B Line,1_721018980,1_7976632,1775249500,1775249500,default
1775249417,1_52306,1_102619,F Line,1_656236870,1_7976142,1775249700,1775249700,default
1775249417,1_52306,1_102619,F Line,1_656237130,1_7976074,1775250600,1775250600,default
1775249417,1_52306,1_102619,F Line,1_800653590,1_8023728,1775251500,1775251500,default
1775249417,1_52306,1_102619,F Line,1_800653850,1_8023729,1775252400,1775252400,default
1775249417,1_31990,1_100026,128,1_806634480,1_1027,1775249157,1775249506,default
1775249417,1_31990,1_100230,50,1_785559780,1_3700,1775249353,1775249511,default
1775249417,1_21945,1_102717,165,1_800649750,1_8023877,1775249520,1775249520,default
1775249417,1_73368,1_102752,223,1_816297610,1_8024749,1775249556,1775249556,default
1775249417,1_59282,1_100072,181,1_721481680,1_7439,1775249880,1775248930,default
1775249417,1_59282,1_102717,165,1_800649770,1_8023732,1775250360,1775250360,default
1775249417,1_31890,1_100230,50,1_770997210,1_7976177,1775249621,1775249621,default
1775249417,1_620,40_594,594,40_90020,40_9739,1775249580,1775249566,default
1775249417,1_620,40_510,510,40_16133735__MCOB-DO:121:0:Weekday:2:26MAR:86018:12345,40_MCOB-DO:121:0:Weekday:2:26MAR:86018:12345,1775250000,1775250000,default
1775249417,1_620,40_100239,550,40_597752700,40_7976616,1775250000,1775250000,default
1775249417,1_620,40_510,510,40_16133736__MCOB-DO:121:0:Weekday:2:26MAR:86019:12345,40_MCOB-DO:121:0:Weekday:2:26MAR:86019:12345,1775251800,1775251800,default
1775249417,1_620,40_510,510,40_16133737__MCOB-DO:121:0:Weekday:2:26MAR:86020:12345,40_MCOB-DO:121:0:Weekday:2:26MAR:86020:12345,1775253000,1775253000,default
1775249417,1_10912,1_100214,372,1_694306200,1_6957,1775249553,1775249606,default
1775249417,1_10912,1_100264,70,1_801593450,1_8226,1775249266,1775249607,default
1775249417,1_10912,1_100162,271,1_569496740,1_7976670,1775249700,1775249700,default
1775249417,1_10912,40_100511,542,40_569570750,40_7976685,1775250480,1775250480,default
1775249417,1_10912,1_100162,271,1_569496190,1_7976348,1775250600,1775250600,default
1775249417,1_71960,40_100511,542,40_721031310,40_7976608,1775250060,1775250060,default
1775249417,1_8403,1_100039,14,1_562519480,1_7974990,1775249280,1775249280,default
1775249417,1_73380,1_102752,223,1_816297610,1_8024749,1775249597,1775249597,default
1775249417,1_76310,40_100232,522,40_635897570,40_7976771,1775249607,1775249607,default
1775249717,1_12170,1_100039,14,1_562519480,1_7974990,1775249859,1775249859,default
1775249717,1_26560,1_102574,40,1_811901630,1_8026388,1775249789,1775249789,default
1775249717,1_60161,1_100042,148,1_762077560,1_7976052,1775250720,1775250720,default
1775249717,1_60161,1_100042,148,1_800646350,1_8023771,1775252520,1775252520,default
1775249717,1_10100,1_102732,79,1_816446470,1_8022070,1775249743,1775249743,default
1775249717,1_30510,1_100249,60,1_801585490,1_8025824,1775249786,1775249786,default
1775249717,1_320,40_100239,550,40_597757330,40_7976642,1775249700,1775249817,default
1775249717,1_2850,1_100089,2,1_788757810,1_7166,1775250180,1775249618,default
1775249717,1_2850,1_100089,2,1_788757810,1_8023471,1775250180,1775249618,default
1775249717,1_46505,1_102619,F Line,1_694521230,1_7975997,1775249880,1775249880,default
1775249717,1_46505,1_102619,F Line,1_721496530,1_7976017,1775250780,1775250780,default
1775249717,1_1190,1_100447,49,1_801200020,1_8023492,1775249590,1775249770,default
1775249717,1_79610,1_100006,107,1_635437340,1_7976054,1775249452,1775249811,default
1775249717,1_52306,1_102619,F Line,1_656237130,1_7976074,1775250600,1775250600,default
1775249717,1_52306,1_102619,F Line,1_800653590,1_8023728,1775251500,1775251500,default
1775249717,1_52306,1_102619,F Line,1_800653850,1_8023729,1775252400,1775252400,default
1775249717,1_52306,1_102619,F Line,1_800654560,1_8023711,1775253300,1775253300,default
1775249717,1_80121,1_102719,161,1_800652180,1_8023733,1775249937,1775249937,default
1775249717,1_8530,1_100263,7,1_800588160,1_8023484,1775249889,1775249889,default
1775249717,1_7750,1_102615,E Line,1_813078290,1_8025855,1775249832,1775249832,default
1775249717,1_40030,1_102574,40,1_811900650,1_8262,1775249355,1775249844,default
1775249717,1_41850,1_100249,60,1_801585490,1_8025824,1775249877,1775249877,default
1775249717,1_22184,1_102736,H Line,1_694057100,1_7974966,1775249846,1775249846,default
1775249717,1_59282,1_100072,181,1_721481680,1_7439,1775249880,1775248930,default
1775249717,1_59282,1_102717,165,1_800649770,1_7354,1775250360,1775249715,default
1775249717,1_59282,1_102717,165,1_800649770,1_8023732,1775250360,1775250360,default
1775249717,1_59872,1_102619,F Line,1_656236560,1_7976085,1775249958,1775249958,default
1775249717,1_620,40_510,510,40_16133735__MCOB-DO:121:0:Weekday:2:26MAR:86018:12345,40_MCOB-DO:121:0:Weekday:2:26MAR:86018:12345,1775250000,1775250000,default
1775249717,1_620,40_100239,550,40_597752700,40_7976616,1775250000,1775250000,default
1775249717,1_620,40_510,510,40_16133736__MCOB-DO:121:0:Weekday:2:26MAR:86019:12345,40_MCOB-DO:121:0:Weekday:2:26MAR:86019:12345,1775251800,1775251800,default
1775249717,1_620,40_510,510,40_16133737__MCOB-DO:121:0:Weekday:2:26MAR:86020:12345,40_MCOB-DO:121:0:Weekday:2:26MAR:86020:12345,1775253000,1775253000,default
1775249717,1_10912,40_100511,542,40_569570750,40_7976685,1775250480,1775250480,default
1775249717,1_10912,1_100162,271,1_569496190,1_7976348,1775250600,1775250600,default
1775249717,1_10912,1_100162,271,1_569495940,1_7976350,1775251500,1775251500,default
1775249717,1_71960,40_100511,542,40_721031310,40_7976608,1775250060,1775250060,default
1775250017,1_51551,1_102736,H Line,1_694056860,1_7974897,1775250027,1775250027,default
1775250017,1_60161,1_100042,148,1_762077560,1_7976052,1775250720,1775250720,default
1775250017,1_60161,1_100042,148,1_800646350,1_8023771,1775252520,1775252520,default
1775250017,1_8541,1_100039,14,1_562519560,1_7974978,1775250060,1775250060,default
1775250017,1_12770,1_100219,4,1_675345360,1_4397,1775250008,1775250035,default
1775250017,1_575,1_100263,7,1_800587460,1_8023409,1775250180,1775250180,default
1775250017,1_13830,1_102581,D Line,1_803817180,1_8022122,1775250071,1775250071,default
1775250017,1_2850,1_100089,2,1_788757810,1_7166,1775250180,1775249618,default
1775250017,1_31620,1_100023,124,1_800863070,1_8024981,1775249766,1775250064,default
1775250017,1_46505,1_102619,F Line,1_721496530,1_7976017,1775250780,1775250780,default
1775250017,1_27420,1_100249,60,1_801585510,1_8025825,1775250128,1775250128,default
1775250017,1_1510,1_100263,7,1_800588160,1_8023484,1775250114,1775250114,default
1775250017,1_68130,1_102548,B Line,1_721018560,1_6065,1775250112,1775250112,default
1775250017,1_8671,1_100275,8,1_800890520,1_8025048,1775250106,1775250106,default
1775250017,1_56440,1_100005,106,1_727785310,1_7975009,1775250100,1775250100,default
1775250017,1_73112,1_102704,250,1_806915250,1_8024761,1775250107,1775250107,default
1775250017,1_52306,1_102619,F Line,1_656237130,1_7976074,1775250600,1775250600,default
1775250017,1_52306,1_102619,F Line,1_800653590,1_8023728,1775251500,1775251500,default
1775250017,1_52306,1_102619,F Line,1_800653850,1_8023729,1775252400,1775252400,default
1775250017,1_52306,1_102619,F Line,1_800654560,1_8023711,1775253300,1775253300,default
1775250017,1_48390,1_100030,131,1_800858750,1_8024987,1775250137,1775250137,default
1775250017,1_45670,1_100210,36,1_800583400,1_8023417,1775249812,1775250138,default
1775250017,1_71970,1_102753,222,1_774817870,1_7976418,1775250181,1775250181,default
1775250017,1_2200,1_100028,13,1_788759320,1_8023472,1775249906,1775250179,default
1775250017,1_59282,1_102717,165,1_800649770,1_7354,1775250360,1775249715,default
1775250017,1_74714,1_102702,239,1_736529700,1_7976434,1775250183,1775250183,default
1775250017,1_620,40_100236,545,40_560088710,40_7976555,1775250360,1775250343,default
1775250017,1_620,40_100240,554,40_774869180,40_7976693,1775250360,1775250360,default
1775250017,1_620,40_510,510,40_16133736__MCOB-DO:121:0:Weekday:2:26MAR:86019:12345,40_MCOB-DO:121:0:Weekday:2:26MAR:86019:12345,1775251800,1775251800,default
1775250017,1_620,40_510,510,40_16133737__MCOB-DO:121:0:Weekday:2:26MAR:86020:12345,40_MCOB-DO:121:0:Weekday:2:26MAR:86020:12345,1775253000,1775253000,default
1775250017,1_620,40_515,515,40_16133696__MCOB-DO:121:0:Weekday:2:26MAR:86022:12345,40_MCOB-DO:121:0:Weekday:2:26MAR:86022:12345,1775253600,1775253600,default
1775250017,1_10912,1_100264,70,1_801593150,1_8026408,1775250166,1775250209,default
1775250017,1_10912,40_100511,542,40_569570750,40_7976685,1775250480,1775250480,default
1775250017,1_10912,1_100162,271,1_569496190,1_7976348,1775250600,1775250600,default
1775250017,1_10912,1_100162,271,1_569495940,1_7976350,1775251500,1775251500,default
1775250017,1_8403,1_100039,14,1_562519530,1_7974992,1775250180,1775250180,default
1775250017,1_58144,1_102719,161,1_800651820,1_8023879,1775249940,1775250184,default
1775250317,1_8310,1_100230,50,1_785559450,1_7976174,1775250337,1775250337,default
1775250317,1_60161,1_100042,148,1_762077560,1_7190,1775250720,1775250093,default
1775250317,1_60161,1_100042,148,1_762077560,1_7976052,1775250720,1775250720,default
1775250317,1_60161,1_100042,148,1_800646350,1_8023771,1775252520,1775252520,default
1775250317,1_12770,1_100228,48,1_721359040,1_7974619,1775250400,1775250400,default
1775250317,1_575,1_100264,70,1_801593180,1_8026412,1775250360,1775250360,default
1775250317,1_575,1_100028,13,1_788758970,1_7158,1775249940,1775250386,default
1775250317,1_575,1_100219,4,1_675345350,1_7974871,1775250420,1775250420,default
1775250317,1_46505,1_102619,F Line,1_721496530,1_7976017,1775250780,1775250780,default
1775250317,1_46505,1_102619,F Line,1_721496770,1_7976229,1775251680,1775251680,default
1775250317,1_73366,1_102548,B Line,1_721019100,1_7976636,1775250400,1775250400,default
1775250317,1_52306,1_102619,F Line,1_656237130,1_7976074,1775250600,1775250600,default
1775250317,1_52306,1_102619,F Line,1_800653590,1_8023728,1775251500,1775251500,default
1775250317,1_52306,1_102619,F Line,1_800653850,1_8023729,1775252400,1775252400,default
1775250317,1_52306,1_102619,F Line,1_800654560,1_8023711,1775253300,1775253300,default
1775250317,1_49350,1_100026,128,1_806634730,1_8023662,1775250497,1775250497,default
1775250317,1_2200,1_100001,1,1_562520780,1_7974993,1775250386,1775250445,default
1775250317,1_22184,1_102736,H Line,1_694057120,1_7974888,1775250446,1775250446,default
1775250317,1_59810,1_100042,148,1_762077440,1_7976071,1775250202,1775250456,default
1775250317,1_60640,1_100072,181,1_721481830,1_7976015,1775250469,1775250469,default
1775250317,1_620,40_100239,550,40_597757390,40_7976612,1775250900,1775250900,default
1775250317,1_620,40_510,510,40_16133736__MCOB-DO:121:0:Weekday:2:26MAR:86019:12345,40_MCOB-DO:121:0:Weekday:2:26MAR:86019:12345,1775251800,1775251800,default
1775250317,1_620,40_510,510,40_16133737__MCOB-DO:121:0:Weekday:2:26MAR:86020:12345,40_MCOB-DO:121:0:Weekday:2:26MAR:86020:12345,1775253000,1775253000,default
1775250317,1_620,40_515,515,40_16133696__MCOB-DO:121:0:Weekday:2:26MAR:86022:12345,40_MCOB-DO:121:0:Weekday:2:26MAR:86022:12345,1775253600,1775253600,default
1775250317,1_10912,40_100511,542,40_569570750,40_7976685,1775250480,1775250480,default
1775250317,1_10912,40_100511,542,40_569570750,40_9682,1775250480,1775250480,default
1775250317,1_10912,1_100214,372,1_694306330,1_6976,1775250453,1775250490,default
1775250317,1_10912,1_100162,271,1_569496190,1_7976348,1775250600,1775250600,default
1775250317,1_10912,1_100162,271,1_569495940,1_7976350,1775251500,1775251500,default
1775250317,1_10912,40_100511,542,40_569570770,40_7976686,1775252280,1775252280,default
1775250317,1_10912,1_100162,271,1_569495860,1_7976674,1775252460,1775252460,default
1775250317,1_8403,1_100039,14,1_562519530,1_7974992,1775250180,1775250180,default
1775250317,1_76310,40_100232,522,40_635896580,40_7976740,1775250495,1775250495,default
1775250618,1_103,1_102745,G Line,1_736435530,1_7974691,1775250646,1775250646,default
1775250618,1_12170,1_100039,14,1_562519530,1_7974992,1775250759,1775250759,default
1775250618,1_6650,1_102747,61,1_803357020,1_8022040,1775250594,1775250628,default
1775250618,1_51551,1_102736,H Line,1_694056850,1_7974890,1775250627,1775250627,default
1775250618,1_60161,1_100042,148,1_762077560,1_7190,1775250720,1775250093,default
1775250618,1_60161,1_100042,148,1_800646350,1_8023771,1775252520,1775252520,default
1775250618,1_970,40_577,577,40_724020,40_9215,1775250662,1775250662,default
1775250618,1_13830,1_102581,D Line,1_800600540,1_8023441,1775250671,1775250671,default
1775250618,1_2850,1_100089,2,1_788758190,1_7099,1775251260,1775250336,default
1775250618,1_46505,1_102619,F Line,1_721496530,1_7976017,1775250780,1775250780,default
1775250618,1_46505,1_102619,F Line,1_721496770,1_7976229,1775251680,1775251680,default
1775250618,1_29423,1_102732,79,1_816446410,1_8022070,1775251800,1775251800,default
1775250618,1_31680,1_100031,132,1_800858090,1_8024984,1775250661,1775250661,default
1775250618,1_9850,1_100269,75,1_803351870,1_8022104,1775250237,1775250684,default
1775250618,1_52306,1_102619,F Line,1_800653590,1_8023728,1775251500,1775251500,default
1775250618,1_52306,1_102619,F Line,1_800653850,1_8023729,1775252400,1775252400,default
1775250618,1_52306,1_102619,F Line,1_800654560,1_8023711,1775253300,1775253300,default
1775250618,1_52306,1_102619,F Line,1_800653960,1_8023763,1775254200,1775254200,default
1775250618,1_73368,1_102752,223,1_816297620,1_8024727,1775250756,1775250756,default
1775250618,1_57804,1_100072,181,1_721481840,1_7976104,1775251096,1775251096,default
1775250618,1_59872,1_102619,F Line,1_656236260,1_7976225,1775250858,1775250858,default
1775250618,1_75850,1_102615,E Line,1_813078290,1_8025855,1775250777,1775250777,default
1775250618,1_620,40_100239,550,40_597757390,40_7976612,1775250900,1775250900,default
1775250618,1_620,40_510,510,40_16133736__MCOB-DO:121:0:Weekday:2:26MAR:86019:12345,40_MCOB-DO:121:0:Weekday:2:26MAR:86019:12345,1775251800,1775251800,default
1775250618,1_620,40_510,510,40_16133737__MCOB-DO:121:0:Weekday:2:26MAR:86020:12345,40_MCOB-DO:121:0:Weekday:2:26MAR:86020:12345,1775253000,1775253000,default
1775250618,1_620,40_515,515,40_16133696__MCOB-DO:121:0:Weekday:2:26MAR:86022:12345,40_MCOB-DO:121:0:Weekday:2:26MAR:86022:12345,1775253600,1775253600,default
1775250618,1_10912,1_100224,44,1_664047100,1_7974983,1775250829,1775250829,default
1775250618,1_10912,1_100162,271,1_569495940,1_7976350,1775251500,1775251500,default
1775250618,1_10912,40_100511,542,40_569570770,40_7976686,1775252280,1775252280,default
1775250618,1_10912,1_100162,271,1_569495860,1_7976674,1775252460,1775252460,default
1775250618,1_73380,1_102752,223,1_816297620,1_8024727,1775250797,1775250797,default
1775250618,1_76310,1_100214,372,1_694306870,1_6970,1775250461,1775250795,default
1775250918,1_103,1_102745,G Line,1_736435730,1_7974686,1775251006,1775251006,default
1775250918,1_60161,1_100042,148,1_800646350,1_8023771,1775252520,1775252520,default
1775250918,1_60161,1_100042,148,1_800646420,1_8023887,1775254320,1775254320,default
1775250918,1_8541,1_100039,14,1_562519720,1_7974986,1775250960,1775250960,default
1775250918,1_30790,1_100230,50,1_785559780,1_7976175,1775250957,1775250957,default
1775250918,1_30790,1_100249,60,1_801585290,1_8025819,1775250997,1775250997,default
1775250918,1_320,40_592,592,40_1242020,40_9306,1775251080,1775251080,default
1775250918,1_575,1_100089,2,1_788758180,1_8023470,1775251020,1775251020,default
1775250918,1_2850,1_100089,2,1_788758190,1_7099,1775251260,1775250336,default
1775250918,1_46505,1_102619,F Line,1_721496770,1_7976229,1775251680,1775251680,default
1775250918,1_29423,1_102732,79,1_816446410,1_8022070,1775251800,1775251800,default
1775250918,1_89990,1_100203,346,1_724962610,1_7204,1775250958,1775250958,default
1775250918,1_79877,1_100162,271,1_569497130,1_7976667,1775250992,1775250992,default
1775250918,1_72494,1_100160,269,1_806916960,1_8024686,1775251020,1775251020,default
1775250918,1_73112,1_102704,250,1_806915230,1_8024763,1775251007,1775251007,default
1775250918,1_71842,1_102753,222,1_774817550,1_7976415,1775251045,1775251045,default
1775250918,1_52306,1_102619,F Line,1_800653590,1_8023728,1775251500,1775251500,default
1775250918,1_52306,1_102619,F Line,1_800653850,1_8023729,1775252400,1775252400,default
1775250918,1_52306,1_102619,F Line,1_800654560,1_8023711,1775253300,1775253300,default
1775250918,1_52306,1_102619,F Line,1_800653960,1_8023763,1775254200,1775254200,default
1775250918,1_8530,1_100263,7,1_800587780,1_8023403,1775251089,1775251089,default
1775250918,1_99254,40_594,594,40_2375020,40_9220,1775251053,1775251041,default
1775250918,1_45670,1_100210,36,1_800583220,1_8023416,1775251012,1775251034,default
1775250918,1_72446,1_102752,223,1_816297620,1_8024727,1775251065,1775251065,default
1775250918,1_76312,1_102705,230,1_664298530,1_7976336,1775251153,1775251153,default
1775250918,1_57804,1_100072,181,1_721481840,1_7976104,1775251096,1775251096,default
1775250918,1_39983,1_100111,22,1_635462290,1_7976056,1775250840,1775251040,default
1775250918,1_22184,1_102736,H Line,1_694056500,1_7974900,1775251046,1775251046,default
1775250918,1_59282,1_100072,181,1_721481980,1_7976037,1775251680,1775251680,default
1775250918,1_81684,1_100160,269,1_806916860,1_8024688,1775251080,1775251080,default
1775250918,1_620,40_100236,545,40_560089040,40_7976553,1775251260,1775251260,default
1775250918,1_620,40_510,510,40_16133736__MCOB-DO:121:0:Weekday:2:26MAR:86019:12345,40_MCOB-DO:121:0:Weekday:2:26MAR:86019:12345,1775251800,1775251800,default
1775250918,1_620,40_510,510,40_16133737__MCOB-DO:121:0:Weekday:2:26MAR:86020:12345,40_MCOB-DO:121:0:Weekday:2:26MAR:86020:12345,1775253000,1775253000,default
1775250918,1_620,40_515,515,40_16133696__MCOB-DO:121:0:Weekday:2:26MAR:86022:12345,40_MCOB-DO:121:0:Weekday:2:26MAR:86022:12345,1775253600,1775253600,default
1775250918,1_620,40_515,515,40_16133698__MCOB-DO:121:0:Weekday:2:26MAR:86023:12345,40_MCOB-DO:121:0:Weekday:2:26MAR:86023:12345,1775254500,1775254500,default
1775250918,1_10912,1_100264,70,1_801593140,1_8225,1775251066,1775251086,default
1775250918,1_10912,1_100162,271,1_569495940,1_7976350,1775251500,1775251500,default
1775250918,1_10912,40_100511,542,40_569570770,40_7976686,1775252280,1775252280,default
1775250918,1_10912,1_100162,271,1_569495860,1_7976674,1775252460,1775252460,default
1775250918,1_10912,1_100162,271,1_581747180,1_7976720,1775253120,1775253120,default
1775250918,1_71960,40_100511,542,40_721030790,40_7976607,1775251860,1775251860,default
1775250918,1_8403,1_100039,14,1_562519560,1_7974978,1775251080,1775251080,default
1775251218,1_46791,1_100016,118,1_669631410,1_7976012,1775251260,1775251260,default
1775251218,1_77930,1_102746,333,1_778704100,1_7975681,1775251277,1775251277,default
1775251218,1_51551,1_102736,H Line,1_694056900,1_7974899,1775251227,1775251227,default
1775251218,1_52638,40_574,574,40_3025020,40_41501,1775251398,1775251256,default
1775251218,1_60161,1_100042,148,1_800646350,1_8023771,1775252520,1775252520,default
1775251218,1_60161,1_100042,148,1_800646420,1_8023887,1775254320,1775254320,default
1775251218,1_12770,1_100228,48,1_721359490,1_7974618,1775251300,1775251300,default
1775251218,1_30510,1_100249,60,1_801585470,1_8025823,1775251286,1775251286,default
1775251218,1_17651,1_102747,61,1_803357020,1_3720,1775251310,1775251310,default
1775251218,1_575,1_100264,70,1_801593890,1_8221,1775251260,1775251260,default
1775251218,1_575,1_102615,E Line,1_761418020,1_6098,1775251260,1775251283,default
1775251218,1_13830,1_102581,D Line,1_803817300,1_8022075,1775251271,1775251271,default
1775251218,1_2850,1_100089,2,1_788758190,1_7099,1775251260,1775250336,default
1775251218,1_46505,1_102619,F Line,1_721496770,1_7976229,1775251680,1775251680,default
1775251218,1_46505,1_102619,F Line,1_721496120,1_7976085,1775252580,1775252580,default
1775251218,1_29423,1_102732,79,1_816446410,1_8022070,1775251800,1775251800,default
1775251218,1_280,40_594,594,40_3579020,40_41502,1775251298,1775251298,default
1775251218,1_1190,1_100002,10,1_675385150,1_4323,1775251263,1775251263,default
1775251218,1_50774,1_100045,150,1_694513610,1_8175,1775251266,1775251291,default
1775251218,1_58342,1_100072,181,1_721481680,1_7976033,1775251380,1775251380,default
1775251218,1_73366,1_102548,B Line,1_721018560,1_7976649,1775251360,1775251360,default
1775251218,1_52306,1_102619,F Line,1_800653590,1_8023728,1775251500,1775251500,default
1775251218,1_52306,1_102619,F Line,1_800653850,1_8023729,1775252400,1775252400,default
1775251218,1_52306,1_102619,F Line,1_800654560,1_8023711,1775253300,1775253300,default
1775251218,1_52306,1_102619,F Line,1_800653960,1_8023763,1775254200,1775254200,default
1775251218,1_41850,1_100249,60,1_801585470,1_8025823,1775251377,1775251377,default
1775251218,1_11060,1_100249,60,1_801585790,1_7169,1775251237,1775251333,default
1775251218,1_59282,1_102717,165,1_800649780,1_7467,1775252100,1775251114,default
1775251218,1_59282,1_100072,181,1_721481980,1_7976037,1775251680,1775251680,default
1775251218,1_59282,1_102717,165,1_800649790,1_8023768,1775254140,1775254140,default
1775251218,1_41370,1_100028,13,1_788758970,1_8023446,1775251357,1775251357,default
1775251218,1_42540,1_100072,181,1_721481830,1_7976015,1775251402,1775251402,default
1775251218,1_60983,1_100023,124,1_690552040,1_8035,1775251195,1775251369,default
1775251218,1_620,40_100236,545,40_560089040,40_9585,1775251260,1775251374,default
1775251218,1_620,40_594,594,40_2375020,40_9220,1775251440,1775251429,default
1775251218,1_620,40_100240,554,40_774871420,40_7976708,1775251680,1775251680,default
1775251218,1_620,40_510,510,40_16133736__MCOB-DO:121:0:Weekday:2:26MAR:86019:12345,40_MCOB-DO:121:0:Weekday:2:26MAR:86019:12345,1775251800,1775251800,default
1775251218,1_620,40_100239,550,40_597757360,40_7976614,1775251860,1775251860,default
1775251218,1_620,40_510,510,40_16133737__MCOB-DO:121:0:Weekday:2:26MAR:86020:12345,40_MCOB-DO:121:0:Weekday:2:26MAR:86020:12345,1775253000,1775253000,default
1775251218,1_620,40_515,515,40_16133696__MCOB-DO:121:0:Weekday:2:26MAR:86022:12345,40_MCOB-DO:121:0:Weekday:2:26MAR:86022:12345,1775253600,1775253600,default
1775251218,1_620,40_515,515,40_16133698__MCOB-DO:121:0:Weekday:2:26MAR:86023:12345,40_MCOB-DO:121:0:Weekday:2:26MAR:86023:12345,1775254500,1775254500,default
1775251218,1_10912,1_100162,271,1_569495940,1_7976350,1775251500,1775251500,default
1775251218,1_10912,40_100511,542,40_569570770,40_7976686,1775252280,1775252280,default
1775251218,1_10912,1_100162,271,1_569495860,1_7976674,1775252460,1775252460,default
1775251218,1_10912,1_100162,271,1_581747180,1_7976720,1775253120,1775253120,default
1775251218,1_71960,40_100511,542,40_721030790,40_7976607,1775251860,1775251860,default
1775251218,1_58230,1_102720,160,1_770988380,1_7976075,1775251382,1775251382,default
1775251218,1_8403,1_100039,14,1_562519560,1_7974978,1775251080,1775251080,default
1775251518,1_12170,1_100039,14,1_562519560,1_7974978,1775251659,1775251659,default
1775251518,1_8310,1_100230,50,1_785559780,1_7976175,1775251537,1775251537,default
1775251518,1_26560,1_102574,40,1_811900650,1_8026397,1775251709,1775251709,default
1775251518,1_60161,1_100042,148,1_800646350,1_8023771,1775252520,1775252520,default
1775251518,1_60161,1_100042,148,1_800646420,1_8023887,1775254320,1775254320,default
1775251518,1_320,40_100239,550,40_597757350,40_9653,1775251500,1775251601,default
1775251518,1_68784,1_100136,245,1_761787740,1_7976379,1775251558,1775251558,default
1775251518,1_46505,1_102619,F Line,1_721496770,1_7976229,1775251680,1775251680,default
1775251518,1_46505,1_102619,F Line,1_721496120,1_7976085,1775252580,1775252580,default
1775251518,1_29423,1_102732,79,1_816446410,1_8022070,1775251800,1775251800,default
1775251518,1_1190,1_100009,11,1_736448980,1_7053,1775251563,1775251563,default
1775251518,1_27420,1_100249,60,1_801585300,1_8025818,1775251688,1775251688,default
1775251518,1_11200,1_100447,49,1_801200000,1_8023490,1775251620,1775251620,default
1775251518,1_52306,1_102619,F Line,1_800653850,1_8023729,1775252400,1775252400,default
1775251518,1_52306,1_102619,F Line,1_800654560,1_8023711,1775253300,1775253300,default
1775251518,1_52306,1_102619,F Line,1_800653960,1_8023763,1775254200,1775254200,default
1775251518,1_52306,1_102619,F Line,1_800654170,1_8023765,1775255100,1775255100,default
1775251518,1_80121,1_102719,161,1_800652190,1_8023880,1775251748,1775251748,default
1775251518,1_8530,1_100263,7,1_800588180,1_8023407,1775251689,1775251689,default
1775251518,1_71970,1_102752,223,1_833610790,1_7369,1775251448,1775251636,default
1775251518,1_49350,1_100026,128,1_806634380,1_8023683,1775251717,1775251717,default
1775251518,1_22184,1_102736,H Line,1_694056620,1_7974967,1775251646,1775251646,default
1775251518,1_59282,1_102717,165,1_800649780,1_7467,1775252100,1775251114,default
1775251518,1_59282,1_100072,181,1_721481980,1_7312,1775251680,1775251382,default
1775251518,1_59282,1_100072,181,1_721481980,1_7976037,1775251680,1775251680,default
1775251518,1_59282,1_102717,165,1_800649790,1_8023768,1775254140,1775254140,default
1775251518,1_59872,1_102619,F Line,1_656236870,1_7976142,1775251758,1775251758,default
1775251518,1_9060,1_100263,7,1_800587940,1_8023408,1775251660,1775251660,default
1775251518,1_620,40_100240,554,40_774871420,40_7976708,1775251680,1775251680,default
1775251518,1_620,40_510,510,40_16133736__MCOB-DO:121:0:Weekday:2:26MAR:86019:12345,40_MCOB-DO:121:0:Weekday:2:26MAR:86019:12345,1775251800,1775251829,default
1775251518,1_620,40_100239,550,40_597757360,40_7976614,1775251860,1775251860,default
1775251518,1_620,40_510,510,40_16133737__MCOB-DO:121:0:Weekday:2:26MAR:86020:12345,40_MCOB-DO:121:0:Weekday:2:26MAR:86020:12345,1775253000,1775253000,default
1775251518,1_620,40_515,515,40_16133696__MCOB-DO:121:0:Weekday:2:26MAR:86022:12345,40_MCOB-DO:121:0:Weekday:2:26MAR:86022:12345,1775253600,1775253600,default
1775251518,1_620,1_102754,256,1_816378460,1_8005261,1775254440,1775254440,default
1775251518,1_620,40_515,515,40_16133698__MCOB-DO:121:0:Weekday:2:26MAR:86023:12345,40_MCOB-DO:121:0:Weekday:2:26MAR:86023:12345,1775254500,1775254500,default
1775251518,1_10912,1_100447,49,1_801199970,1_8023497,1775251290,1775251708,default
1775251518,1_10912,1_100214,372,1_694306070,1_6908,1775251353,1775251711,default
1775251518,1_10912,40_100511,542,40_569570770,40_7976686,1775252280,1775252280,default
1775251518,1_10912,1_100162,271,1_569495860,1_7976674,1775252460,1775252460,default
1775251518,1_10912,1_100162,271,1_581747180,1_7976720,1775253120,1775253120,default
1775251518,1_10912,40_100451,556,40_635882640,40_7976563,1775253600,1775253600,default
1775251518,1_10912,1_100162,271,1_581704380,1_7976671,1775253780,1775253780,default
1775251518,1_71960,40_100511,542,40_721030790,40_7976607,1775251860,1775251860,default
1775251818,1_51551,1_102736,H Line,1_694056490,1_7974891,1775251827,1775251827,default
1775251818,1_60161,1_100042,148,1_800646350,1_8023771,1775252520,1775252520,default
1775251818,1_60161,1_100042,148,1_800646420,1_8023887,1775254320,1775254320,default
1775251818,1_8541,1_100039,14,1_562520760,1_7974993,1775251860,1775251860,default
1775251818,1_13830,1_102581,D Line,1_800601130,1_8023437,1775251871,1775251871,default
1775251818,1_2850,1_100089,2,1_788757820,1_7091,1775252160,1775251367,default
1775251818,1_46505,1_102619,F Line,1_721496120,1_7976085,1775252580,1775252580,default
1775251818,1_1510,1_100263,7,1_800588180,1_8023407,1775251914,1775251914,default
1775251818,1_16610,1_100203,346,1_724962950,1_7975623,1775251899,1775251899,default
1775251818,1_73112,1_102704,250,1_806915240,1_8024724,1775251907,1775251907,default
1775251818,1_52306,1_102619,F Line,1_800653850,1_8023729,1775252400,1775252400,default
1775251818,1_52306,1_102619,F Line,1_800654560,1_8023711,1775253300,1775253300,default
1775251818,1_52306,1_102619,F Line,1_800653960,1_8023763,1775254200,1775254200,default
1775251818,1_52306,1_102619,F Line,1_800654170,1_8023765,1775255100,1775255100,default
1775251818,1_8530,1_100039,14,1_562519710,1_7974994,1775251912,1775251912,default
1775251818,1_41940,1_100249,60,1_801585300,1_8025818,1775251957,1775251957,default
1775251818,1_80124,1_102719,161,1_800652190,1_8023880,1775251939,1775251939,default
1775251818,1_59282,1_102717,165,1_800649780,1_7467,1775252100,1775251114,default
1775251818,1_59282,1_102717,165,1_800649790,1_8023768,1775254140,1775254140,default
1775251818,1_82810,1_100133,240,1_811764750,1_8024707,1775252241,1775251932,default
1775251818,1_31890,1_100230,50,1_770997080,1_7976176,1775252021,1775252021,default
1775251818,1_620,40_510,510,40_16133736__MCOB-DO:121:0:Weekday:2:26MAR:86019:12345,40_MCOB-DO:121:0:Weekday:2:26MAR:86019:12345,1775251800,1775252081,default
1775251818,1_620,40_510,510,40_16133737__MCOB-DO:121:0:Weekday:2:26MAR:86020:12345,40_MCOB-DO:121:0:Weekday:2:26MAR:86020:12345,1775253000,1775253000,default
1775251818,1_620,40_515,515,40_16133696__MCOB-DO:121:0:Weekday:2:26MAR:86022:12345,40_MCOB-DO:121:0:Weekday:2:26MAR:86022:12345,1775253600,1775253600,default
1775251818,1_620,1_102754,256,1_816378460,1_8005261,1775254440,1775254440,default
1775251818,1_620,40_515,515,40_16133698__MCOB-DO:121:0:Weekday:2:26MAR:86023:12345,40_MCOB-DO:121:0:Weekday:2:26MAR:86023:12345,1775254500,1775254500,default
1775251818,1_10912,1_100264,70,1_801593310,1_8243,1775251966,1775252003,default
1775251818,1_10912,40_100511,542,40_569570770,40_7976686,1775252280,1775252280,default
1775251818,1_10912,1_100162,271,1_569495860,1_7976674,1775252460,1775252460,default
1775251818,1_10912,1_100162,271,1_581747180,1_7976720,1775253120,1775253120,default
1775251818,1_10912,40_100451,556,40_635882640,40_7976563,1775253600,1775253600,default
1775251818,1_10912,1_100162,271,1_581704380,1_7976671,1775253780,1775253780,default
1775251818,1_8403,1_100039,14,1_562519720,1_7974986,1775251980,1775251980,default
1775252118,1_481,1_102736,H Line,1_694056240,1_6070,1775252160,1775252160,default
1775252118,1_60161,1_100042,148,1_800646350,1_8023771,1775252520,1775252520,default
1775252118,1_60161,1_100042,148,1_800646420,1_8023887,1775254320,1775254320,default
1775252118,1_970,40_590,590,40_575020,40_9720,1775252191,1775252191,default
1775252118,1_30790,1_100230,50,1_785559670,1_7976178,1775252157,1775252157,default
1775252118,1_30510,1_100006,107,1_635437430,1_7976051,1775252159,1775252159,default
1775252118,1_575,1_102615,E Line,1_768603610,1_6091,1775252160,1775252169,default
1775252118,1_2850,1_100089,2,1_788757820,1_7091,1775252160,1775251367,default
1775252118,1_8080,1_100263,7,1_800587800,1_4502,1775252088,1775252155,default
1775252118,1_46505,1_102619,F Line,1_721496120,1_7976085,1775252580,1775252580,default
1775252118,1_46505,1_102619,F Line,1_694520730,1_7976225,1775253360,1775253360,default
1775252118,1_74743,1_102702,239,1_736529420,1_7976433,1775252239,1775252239,default
1775252118,1_79610,1_100003,101,1_800669240,1_8023802,1775252220,1775252220,default
1775252118,1_52306,1_102619,F Line,1_800653850,1_8023729,1775252400,1775252400,default
1775252118,1_52306,1_102619,F Line,1_800654560,1_8023711,1775253300,1775253300,default
1775252118,1_52306,1_102619,F Line,1_800653960,1_8023763,1775254200,1775254200,default
1775252118,1_52306,1_102619,F Line,1_800654170,1_8023765,1775255100,1775255100,default
1775252118,1_8530,1_100263,7,1_800589290,1_8023452,1775252289,1775252289,default
1775252118,1_41850,1_100006,107,1_635437430,1_7976051,1775252244,1775252244,default
1775252118,1_57804,1_100072,181,1_721482050,1_7976082,1775252833,1775252833,default
1775252118,1_39983,1_102736,H Line,1_694056460,1_7974892,1775252280,1775252280,default
1775252118,1_22184,1_102736,H Line,1_694056470,1_7974895,1775252246,1775252246,default
1775252118,1_59282,1_102717,165,1_800649790,1_8023768,1775254140,1775254140,default
1775252118,1_620,40_100239,550,40_597757370,40_7976644,1775252760,1775252760,default
1775252118,1_620,40_510,510,40_16133737__MCOB-DO:121:0:Weekday:2:26MAR:86020:12345,40_MCOB-DO:121:0:Weekday:2:26MAR:86020:12345,1775253000,1775253000,default
1775252118,1_620,40_515,515,40_16133696__MCOB-DO:121:0:Weekday:2:26MAR:86022:12345,40_MCOB-DO:121:0:Weekday:2:26MAR:86022:12345,1775253600,1775253600,default
1775252118,1_620,1_102754,256,1_816378460,1_8005261,1775254440,1775254440,default
1775252118,1_620,40_515,515,40_16133698__MCOB-DO:121:0:Weekday:2:26MAR:86023:12345,40_MCOB-DO:121:0:Weekday:2:26MAR:86023:12345,1775254500,1775254500,default
1775252118,1_620,40_515,515,40_16133714__MCOB-DO:121:0:Weekday:2:26MAR:86025:12345,40_MCOB-DO:121:0:Weekday:2:26MAR:86025:12345,1775255580,1775255580,default
1775252118,1_16990,1_102574,40,1_811900680,1_8026400,1775252290,1775252290,default
1775252118,1_10912,40_100511,542,40_569570770,40_7976686,1775252280,1775252280,default
1775252118,1_10912,1_100224,44,1_664047870,1_7974929,1775252329,1775252329,default
1775252118,1_10912,1_100162,271,1_569495860,1_7976674,1775252460,1775252460,default
1775252118,1_10912,1_100162,271,1_581747180,1_7976720,1775253120,1775253120,default
1775252118,1_10912,40_100511,542,40_608343980,40_7976608,1775253540,1775253540,default
1775252118,1_10912,40_100451,556,40_635882640,40_7976563,1775253600,1775253600,default
1775252118,1_10912,1_100162,271,1_581704380,1_7976671,1775253780,1775253780,default
1775252118,1_10912,1_100162,271,1_664291350,1_7976352,1775254200,1775254200,default
1775252118,1_8403,1_100039,14,1_562519720,1_7974986,1775251980,1775251980,default
1775252419,1_103,1_102745,G Line,1_736437580,1_7974684,1775252446,1775252446,default
1775252419,1_12170,1_100039,14,1_562519720,1_7974986,1775252559,1775252559,default
1775252419,1_60161,1_100042,148,1_800646350,1_7180,1775252520,1775252106,default
1775252419,1_60161,1_100042,148,1_800646420,1_8023887,1775254320,1775254320,default
1775252419,1_970,40_577,577,40_2376020,40_9213,1775252462,1775252462,default
1775252419,1_320,40_590,590,40_575020,40_9720,1775252460,1775252460,default
1775252419,1_13830,1_102581,D Line,1_803817120,1_8022079,1775252471,1775252471,default
1775252419,1_2850,1_100089,2,1_788758200,1_8023472,1775253060,1775253060,default
1775252419,1_31620,1_100023,124,1_690551940,1_7974550,1775252406,1775252487,default
1775252419,1_46505,1_102619,F Line,1_721496120,1_7976085,1775252580,1775252580,default
1775252419,1_46505,1_102619,F Line,1_694520730,1_7976225,1775253360,1775253360,default
1775252419,1_1190,1_100447,49,1_801199980,1_8023493,1775251999,1775252494,default
1775252419,1_3470,1_100210,36,1_800584190,1_8023380,1775252520,1775252520,default
1775252419,1_1510,1_100263,7,1_800589290,1_8023452,1775252514,1775252514,default
1775252419,1_52306,1_100030,131,1_800858100,1_8024996,1775252520,1775252520,default
1775252419,1_52306,1_102619,F Line,1_800654560,1_8023711,1775253300,1775253406,default
1775252419,1_52306,1_102619,F Line,1_800653960,1_8023763,1775254200,1775254200,default
1775252419,1_52306,1_102619,F Line,1_800654170,1_8023765,1775255100,1775255100,default
1775252419,1_82187,1_100259,67,1_724948670,1_7975678,1775252542,1775252542,default
1775252419,1_57804,1_100072,181,1_721482050,1_7976082,1775252833,1775252833,default
1775252419,1_59282,1_102717,165,1_800649790,1_8023768,1775254140,1775254140,default
1775252419,1_59872,1_102619,F Line,1_656237130,1_7976074,1775252658,1775252658,default
1775252419,1_620,40_100236,545,40_563500530,40_7976571,1775252760,1775252760,default
1775252419,1_620,40_100239,550,40_597757370,40_7976644,1775252760,1775252760,default
1775252419,1_620,40_510,510,40_16133737__MCOB-DO:121:0:Weekday:2:26MAR:86020:12345,40_MCOB-DO:121:0:Weekday:2:26MAR:86020:12345,1775253000,1775253000,default
1775252419,1_620,40_515,515,40_16133696__MCOB-DO:121:0:Weekday:2:26MAR:86022:12345,40_MCOB-DO:121:0:Weekday:2:26MAR:86022:12345,1775253600,1775253600,default
1775252419,1_620,1_102754,256,1_816378460,1_8005261,1775254440,1775254440,default
1775252419,1_620,40_515,515,40_16133698__MCOB-DO:121:0:Weekday:2:26MAR:86023:12345,40_MCOB-DO:121:0:Weekday:2:26MAR:86023:12345,1775254500,1775254500,default
1775252419,1_620,40_515,515,40_16133714__MCOB-DO:121:0:Weekday:2:26MAR:86025:12345,40_MCOB-DO:121:0:Weekday:2:26MAR:86025:12345,1775255580,1775255580,default
1775252419,1_10912,1_100447,49,1_801199990,1_4304,1775252490,1775252603,default
1775252419,1_10912,1_100162,271,1_581747180,1_7976720,1775253120,1775253120,default
1775252419,1_10912,40_100511,542,40_608343980,40_7976608,1775253540,1775253540,default
1775252419,1_10912,40_100451,556,40_635882640,40_7976563,1775253600,1775253600,default
1775252419,1_10912,1_100162,271,1_581704380,1_7976671,1775253780,1775253780,default
1775252419,1_10912,1_100162,271,1_664291350,1_7976352,1775254200,1775254200,default
1775252718,1_103,1_102745,G Line,1_736435690,1_7974687,1775252806,1775252806,default
1775252718,1_481,1_100024,125,1_721357800,1_7974702,1775252760,1775252760,default
1775252718,1_481,1_102736,H Line,1_694056660,1_6051,1775252760,1775252761,default
1775252718,1_6650,1_100229,5,1_809328760,1_8025801,1775252761,1775252761,default
1775252718,1_60161,1_100042,148,1_800646420,1_8023887,1775254320,1775254320,default
1775252718,1_970,40_590,590,40_2869020,40_9739,1775252791,1775252791,default
1775252718,1_8541,1_100039,14,1_562519730,1_7974987,1775252760,1775252760,default
1775252718,1_30510,1_100249,60,1_801585670,1_8025822,1775252786,1775252786,default
1775252718,1_7790,1_102615,E Line,1_761418020,1_7975612,1775252783,1775252783,default
1775252718,1_575,1_102581,D Line,1_800600570,1_6069,1775252760,1775252768,default
1775252718,1_575,1_100089,2,1_788758190,1_8023453,1775252820,1775252820,default
1775252718,1_2850,1_100089,2,1_788758200,1_8023472,1775253060,1775253060,default
1775252718,1_46505,1_102619,F Line,1_694520730,1_6287,1775253360,1775252552,default
1775252718,1_46505,1_102619,F Line,1_694520730,1_7976225,1775253360,1775253360,default
1775252718,1_46505,1_102619,F Line,1_694520880,1_7976083,1775256060,1775256060,default
1775252718,1_1190,1_100009,11,1_736449200,1_7026,1775252778,1775252778,default
1775252718,1_1190,1_100447,49,1_801199980,1_8023493,1775251999,1775252794,default
1775252718,1_51471,1_102736,H Line,1_694056330,1_6076,1775252504,1775252797,default
1775252718,1_73112,1_102704,250,1_806915280,1_8024722,1775252807,1775252807,default
1775252718,1_52306,1_102619,F Line,1_800654560,1_8023711,1775253300,1775253300,default
1775252718,1_52306,1_102619,F Line,1_800653960,1_8023763,1775254200,1775254200,default
1775252718,1_52306,1_102619,F Line,1_800654170,1_8023765,1775255100,1775255100,default
1775252718,1_52306,1_102619,F Line,1_800654410,1_8023883,1775256300,1775256300,default
1775252718,1_8530,1_100039,14,1_562519690,1_7974990,1775252812,1775252812,default
1775252718,1_8530,1_100263,7,1_800587480,1_8023404,1775252889,1775252889,default
1775252718,1_99254,40_594,594,40_3766020,40_41511,1775252853,1775252842,default
1775252718,1_45670,1_100210,36,1_800584090,1_4558,1775252841,1775252841,default
1775252718,1_41850,1_100249,60,1_801585670,1_8025822,1775252877,1775252877,default
1775252718,1_11060,1_100447,49,1_801199970,1_8023497,1775252490,1775252903,default
1775252718,1_39983,1_102736,H Line,1_694056340,1_7974893,1775252880,1775252880,default
1775252718,1_59282,1_100072,181,1_721481520,1_7473,1775253480,1775252441,default
1775252718,1_59282,1_102717,165,1_800649790,1_8023768,1775254140,1775254140,default
1775252718,1_81684,1_100160,269,1_806917820,1_8024685,1775252880,1775252880,default
1775252718,1_620,40_510,510,40_16133737__MCOB-DO:121:0:Weekday:2:26MAR:86020:12345,40_MCOB-DO:121:0:Weekday:2:26MAR:86020:12345,1775253000,1775253000,default
1775252718,1_620,40_100240,554,40_774871430,40_7976690,1775253060,1775253060,default
1775252718,1_620,40_515,515,40_16133696__MCOB-DO:121:0:Weekday:2:26MAR:86022:12345,40_MCOB-DO:121:0:Weekday:2:26MAR:86022:12345,1775253600,1775253600,default
1775252718,1_620,1_102754,256,1_816378460,1_8005261,1775254440,1775254440,default
1775252718,1_620,40_515,515,40_16133698__MCOB-DO:121:0:Weekday:2:26MAR:86023:12345,40_MCOB-DO:121:0:Weekday:2:26MAR:86023:12345,1775254500,1775254500,default
1775252718,1_620,40_515,515,40_16133714__MCOB-DO:121:0:Weekday:2:26MAR:86025:12345,40_MCOB-DO:121:0:Weekday:2:26MAR:86025:12345,1775255580,1775255580,default
1775252718,1_620,1_102754,256,1_816378470,1_8005281,1775256180,1775256180,default
1775252718,1_620,40_515,515,40_16133690__MCOB-DO:121:0:Weekday:2:26MAR:86026:12345,40_MCOB-DO:121:0:Weekday:2:26MAR:86026:12345,1775256300,1775256300,default
1775252718,1_10912,1_100264,70,1_801594260,1_8214,1775252866,1775252906,default
1775252718,1_10912,1_100162,271,1_581747180,1_7976720,1775253120,1775253120,default
1775252718,1_10912,40_100511,542,40_608343980,40_7976608,1775253540,1775253540,default
1775252718,1_10912,40_100451,556,40_635882640,40_7976563,1775253600,1775253600,default
1775252718,1_10912,1_100162,271,1_581704380,1_7976671,1775253780,1775253780,default
1775252718,1_10912,1_100162,271,1_664291350,1_7976352,1775254200,1775254200,default
1775252718,1_71960,40_100511,542,40_721031450,40_7976685,1775253480,1775253480,default
1775252718,1_8403,1_100039,14,1_562520760,1_7974993,1775252880,1775252880,default
1775252718,1_3000,1_100089,2,1_788757820,1_8023466,1775252723,1775252906,default
1775253018,1_46791,1_100016,118,1_635461360,1_7976005,1775253240,1775253240,default
1775253018,1_22196,1_102736,H Line,1_694056350,1_7974897,1775253066,1775253066,default
1775253018,1_51551,1_102736,H Line,1_694056460,1_7974892,1775253087,1775253087,default
1775253018,1_52638,40_574,574,40_2727020,40_41601,1775253242,1775253043,default
1775253018,1_60161,1_100042,148,1_800646420,1_8023887,1775254320,1775254389,default
1775253018,1_320,40_590,590,40_2869020,40_9739,1775253060,1775253060,default
1775253018,1_575,1_102615,E Line,1_761418090,1_6100,1775252640,1775253070,default
1775253018,1_2850,1_100089,2,1_788757830,1_7097,1775253960,1775252945,default
1775253018,1_2850,1_100089,2,1_788758200,1_8023472,1775253060,1775253060,default
1775253018,1_46505,1_102619,F Line,1_694520730,1_6287,1775253360,1775252552,default
1775253018,1_46505,1_102619,F Line,1_694521340,1_7976142,1775254140,1775254140,default
1775253018,1_46505,1_102619,F Line,1_694520880,1_7976083,1775256060,1775256060,default
1775253018,1_27420,1_100249,60,1_801585530,1_8025817,1775253188,1775253188,default
1775253018,1_81199,1_100072,181,1_721482050,1_7976082,1775253180,1775253180,default
1775253018,1_52306,1_102619,F Line,1_800654560,1_8023711,1775253300,1775253328,default
1775253018,1_52306,1_102619,F Line,1_800653960,1_8023763,1775254200,1775254200,default
1775253018,1_52306,1_102619,F Line,1_800654170,1_8023765,1775255100,1775255100,default
1775253018,1_52306,1_102619,F Line,1_800654410,1_8023883,1775256300,1775256300,default
1775253018,1_7750,1_102615,E Line,1_761418450,1_7975626,1775253132,1775253132,default
1775253018,1_40030,1_102574,40,1_811900630,1_8244,1775252951,1775253185,default
1775253018,1_73368,1_102752,223,1_816297640,1_8024750,1775253156,1775253156,default
1775253018,1_59282,1_100072,181,1_721481520,1_7473,1775253480,1775252441,default
1775253018,1_59282,1_102717,165,1_800649350,1_8023767,1775253180,1775253180,default
1775253018,1_59282,1_102717,165,1_800649790,1_8023768,1775254140,1775254140,default
1775253018,1_41370,1_100028,13,1_788758980,1_8023471,1775253157,1775253157,default
1775253018,1_31890,1_100026,128,1_806634150,1_8023663,1775253168,1775253168,default
1775253018,1_31890,1_100230,50,1_770997810,1_7976173,1775253221,1775253221,default
1775253018,1_10210,1_100264,70,1_801593310,1_8025882,1775253162,1775253162,default
1775253018,1_620,40_594,594,40_3766020,40_41511,1775253240,1775253229,default
1775253018,1_620,40_100236,545,40_563501220,40_9667,1775253360,1775253308,default
1775253018,1_620,40_510,510,40_16133737__MCOB-DO:121:0:Weekday:2:26MAR:86020:12345,40_MCOB-DO:121:0:Weekday:2:26MAR:86020:12345,1775253000,1775253326,default
1775253018,1_620,40_515,515,40_16133696__MCOB-DO:121:0:Weekday:2:26MAR:86022:12345,40_MCOB-DO:121:0:Weekday:2:26MAR:86022:12345,1775253600,1775253600,default
1775253018,1_620,40_100239,550,40_597757340,40_7976643,1775253720,1775253720,default
1775253018,1_620,1_102754,256,1_816378460,1_8005261,1775254440,1775254440,default
1775253018,1_620,40_515,515,40_16133698__MCOB-DO:121:0:Weekday:2:26MAR:86023:12345,40_MCOB-DO:121:0:Weekday:2:26MAR:86023:12345,1775254500,1775254500,default
1775253018,1_620,40_515,515,40_16133714__MCOB-DO:121:0:Weekday:2:26MAR:86025:12345,40_MCOB-DO:121:0:Weekday:2:26MAR:86025:12345,1775255580,1775255580,default
1775253018,1_620,1_102754,256,1_816378470,1_8005281,1775256180,1775256180,default
1775253018,1_620,40_515,515,40_16133690__MCOB-DO:121:0:Weekday:2:26MAR:86026:12345,40_MCOB-DO:121:0:Weekday:2:26MAR:86026:12345,1775256300,1775256300,default
1775253018,1_620,40_510,510,40_16133740__MCOB-DO:121:0:Weekday:2:26MAR:86027:12345,40_MCOB-DO:121:0:Weekday:2:26MAR:86027:12345,1775256600,1775256600,default
1775253018,1_10912,1_100214,372,1_694305820,1_6942,1775252253,1775253201,default
1775253018,1_10912,40_100511,542,40_608343980,40_7976608,1775253540,1775253540,default
1775253018,1_10912,40_100451,556,40_635882640,40_7976563,1775253600,1775253600,default
1775253018,1_10912,1_100162,271,1_581704380,1_7976671,1775253780,1775253780,default
1775253018,1_10912,1_100162,271,1_664291350,1_7976352,1775254200,1775254200,default
1775253018,1_10912,40_100511,542,40_608344590,40_7976604,1775254860,1775254860,default
1775253018,1_10912,40_100451,556,40_635882050,40_7976710,1775255100,1775255100,default
1775253018,1_71960,40_100511,542,40_721031450,40_7976685,1775253480,1775253480,default
1775253018,1_8403,1_100039,14,1_562520760,1_7974993,1775252880,1775252880,default
1775253018,1_73380,1_102752,223,1_816297640,1_8024750,1775253197,1775253197,default
1775253318,1_12170,1_100039,14,1_562520760,1_7974993,1775253459,1775253459,default
1775253318,1_6650,1_102747,61,1_803357050,1_8022112,1775253243,1775253345,default
1775253318,1_60161,1_100042,148,1_800646420,1_8023887,1775254320,1775254453,default
1775253318,1_2850,1_100089,2,1_788757830,1_7097,1775253960,1775252945,default
1775253318,1_61467,1_100073,182,1_721509350,1_7976215,1775253360,1775253360,default
1775253318,1_46505,1_102619,F Line,1_694521340,1_7976142,1775254140,1775254140,default
1775253318,1_46505,1_102619,F Line,1_694520880,1_7976083,1775256060,1775256060,default
1775253318,1_46505,1_102619,F Line,1_694521140,1_7976226,1775256660,1775256660,default
1775253318,1_1190,1_100447,49,1_801199960,1_4307,1775253199,1775253364,default
1775253318,1_76030,1_102702,239,1_736529420,1_7976433,1775253379,1775253379,default
1775253318,1_1510,1_100210,36,1_800584190,1_8023380,1775253398,1775253398,default
1775253318,1_52306,1_102619,F Line,1_800653960,1_8023763,1775254200,1775254200,default
1775253318,1_52306,1_102619,F Line,1_800654170,1_8023765,1775255100,1775255100,default
1775253318,1_52306,1_102619,F Line,1_800654410,1_8023883,1775256300,1775256300,default
1775253318,1_52306,1_102619,F Line,1_800653760,1_8023779,1775256900,1775256900,default
1775253318,1_45670,1_100210,36,1_800582610,1_8023415,1775253441,1775253457,default
1775253318,1_41940,1_100249,60,1_801585530,1_8025817,1775253457,1775253457,default
1775253318,1_59282,1_100072,181,1_721481520,1_7473,1775253480,1775252441,default
1775253318,1_59282,1_102717,165,1_800649790,1_8023768,1775254140,1775254140,default
1775253318,1_59282,1_102717,165,1_800649800,1_8023767,1775255340,1775255340,default
1775253318,1_45230,40_560,560,40_2299020,40_41507,1775253392,1775253487,default
1775253318,1_21320,1_100249,60,1_801585340,1_8025884,1775253480,1775253480,default
1775253318,1_75580,1_100205,348,1_771626370,1_7975646,1775253127,1775253473,default
1775253318,1_620,40_515,515,40_16133696__MCOB-DO:121:0:Weekday:2:26MAR:86022:12345,40_MCOB-DO:121:0:Weekday:2:26MAR:86022:12345,1775253600,1775253600,default
1775253318,1_620,40_100239,550,40_597757340,40_7976643,1775253720,1775253720,default
1775253318,1_620,1_102754,256,1_816378460,1_8005261,1775254440,1775254440,default
1775253318,1_620,40_515,515,40_16133698__MCOB-DO:121:0:Weekday:2:26MAR:86023:12345,40_MCOB-DO:121:0:Weekday:2:26MAR:86023:12345,1775254500,1775254500,default
1775253318,1_620,40_515,515,40_16133714__MCOB-DO:121:0:Weekday:2:26MAR:86025:12345,40_MCOB-DO:121:0:Weekday:2:26MAR:86025:12345,1775255580,1775255580,default
1775253318,1_620,40_515,515,40_16133690__MCOB-DO:121:0:Weekday:2:26MAR:86026:12345,40_MCOB-DO:121:0:Weekday:2:26MAR:86026:12345,1775256300,1775256300,default
1775253318,1_620,40_510,510,40_16133740__MCOB-DO:121:0:Weekday:2:26MAR:86027:12345,40_MCOB-DO:121:0:Weekday:2:26MAR:86027:12345,1775256600,1775256600,default
1775253318,1_10912,40_100511,542,40_608343980,40_7976608,1775253540,1775253540,default
1775253318,1_10912,40_100451,556,40_635882640,40_7976563,1775253600,1775253600,default
1775253318,1_10912,1_100162,271,1_581704380,1_7976671,1775253780,1775253780,default
1775253318,1_10912,1_100162,271,1_664291350,1_7976352,1775254200,1775254200,default
1775253318,1_10912,40_100511,542,40_608344590,40_7976604,1775254860,1775254860,default
1775253318,1_10912,1_100162,271,1_581745970,1_7976388,1775255040,1775255040,default
1775253318,1_10912,40_100451,556,40_635882050,40_7976710,1775255100,1775255100,default
1775253318,1_71960,40_100511,542,40_721031450,40_7976685,1775253480,1775253480,default
1775253619,1_22196,1_102736,H Line,1_694056330,1_7974890,1775253666,1775253666,default
1775253619,1_51551,1_102736,H Line,1_694056340,1_7974893,1775253687,1775253687,default
1775253619,1_60161,1_100042,148,1_800646420,1_8023887,1775254320,1775254544,default
1775253619,1_970,40_577,577,40_2028020,40_9301,1775253662,1775253662,default
1775253619,1_51651,1_102736,H Line,1_694056310,1_7974899,1775253687,1775253687,default
1775253619,1_320,40_590,590,40_492020,40_9311,1775253660,1775253660,default
1775253619,1_68784,1_102548,B Line,1_721019250,1_7976622,1775253679,1775253679,default
1775253619,1_2850,1_100089,2,1_788757830,1_7097,1775253960,1775252945,default
1775253619,1_2850,1_100089,2,1_788758210,1_7140,1775254920,1775253180,default
1775253619,1_46505,1_102619,F Line,1_694521340,1_7976142,1775254140,1775254140,default
1775253619,1_46505,1_102619,F Line,1_694520880,1_7976083,1775256060,1775256060,default
1775253619,1_46505,1_102619,F Line,1_694521140,1_7976226,1775256660,1775256660,default
1775253619,1_27420,1_100161,27,1_759819120,1_7974629,1775253694,1775253694,default
1775253619,1_25140,1_100254,65,1_778694620,1_7975677,1775253627,1775253684,default
1775253619,1_16610,1_100203,346,1_724962960,1_7975605,1775253699,1775253699,default
1775253619,1_52306,1_102619,F Line,1_800653960,1_8023763,1775254200,1775254200,default
1775253619,1_52306,1_102619,F Line,1_800654170,1_8023765,1775255100,1775255100,default
1775253619,1_52306,1_102619,F Line,1_800654410,1_8023883,1775256300,1775256300,default
1775253619,1_52306,1_102619,F Line,1_800653760,1_8023779,1775256900,1775256900,default
1775253619,1_8530,1_100039,14,1_562519630,1_7974992,1775253712,1775253712,default
1775253619,1_8530,1_100005,106,1_727785190,1_7975006,1775253726,1775253780,default
1775253619,1_71970,1_102753,222,1_774817890,1_7976391,1775253781,1775253781,default
1775253619,1_59282,1_102717,165,1_800649790,1_8023768,1775254140,1775254140,default
1775253619,1_59282,1_102717,165,1_800649800,1_8023767,1775255340,1775255340,default
1775253619,1_45230,40_560,560,40_2299020,40_41507,1775253392,1775253778,default
1775253619,1_620,40_100236,545,40_563501300,40_9645,1775253960,1775253892,default
1775253619,1_620,40_515,515,40_16133696__MCOB-DO:121:0:Weekday:2:26MAR:86022:12345,40_MCOB-DO:121:0:Weekday:2:26MAR:86022:12345,1775253600,1775254028,default
1775253619,1_620,1_102754,256,1_816378460,1_8005261,1775254440,1775254440,default
1775253619,1_620,40_515,515,40_16133698__MCOB-DO:121:0:Weekday:2:26MAR:86023:12345,40_MCOB-DO:121:0:Weekday:2:26MAR:86023:12345,1775254500,1775254500,default
1775253619,1_620,40_515,515,40_16133714__MCOB-DO:121:0:Weekday:2:26MAR:86025:12345,40_MCOB-DO:121:0:Weekday:2:26MAR:86025:12345,1775255580,1775255580,default
1775253619,1_620,40_515,515,40_16133690__MCOB-DO:121:0:Weekday:2:26MAR:86026:12345,40_MCOB-DO:121:0:Weekday:2:26MAR:86026:12345,1775256300,1775256300,default
1775253619,1_620,40_510,510,40_16133740__MCOB-DO:121:0:Weekday:2:26MAR:86027:12345,40_MCOB-DO:121:0:Weekday:2:26MAR:86027:12345,1775256600,1775256600,default
1775253619,1_620,40_515,515,40_16133718__MCOB-DO:121:0:Weekday:2:26MAR:86029:12345,40_MCOB-DO:121:0:Weekday:2:26MAR:86029:12345,1775257200,1775257200,default
1775253619,1_10912,1_100162,271,1_581704380,1_6967,1775253780,1775253701,default
1775253619,1_10912,1_100162,271,1_581704380,1_7976671,1775253780,1775253780,default
1775253619,1_10912,1_100264,70,1_801593190,1_8026412,1775253766,1775253793,default
1775253619,1_10912,1_100447,49,1_801199940,1_4334,1775253690,1775253798,default
1775253619,1_10912,1_100264,70,1_801593190,1_8293,1775253766,1775253823,default
1775253619,1_10912,1_100162,271,1_664291350,1_7976352,1775254200,1775254200,default
1775253619,1_10912,40_100511,542,40_608344590,40_7976604,1775254860,1775254860,default
1775253619,1_10912,1_100162,271,1_581745970,1_7976388,1775255040,1775255040,default
1775253619,1_10912,40_100451,556,40_635882050,40_7976710,1775255100,1775255100,default
1775253619,1_10912,1_100162,271,1_569496080,1_7976382,1775256360,1775256360,default
1775253619,1_8403,1_100039,14,1_562519730,1_7974987,1775253780,1775253780,default
1775253919,1_60161,1_100042,148,1_800646420,1_8023887,1775254320,1775254482,default
1775253919,1_30790,1_100249,60,1_801585730,1_8025826,1775253937,1775253937,default
1775253919,1_30790,1_100006,107,1_635437640,1_7352,1775253573,1775253939,default
1775253919,1_575,1_100210,36,1_800584190,1_8023380,1775253960,1775253960,default
1775253919,1_575,1_100264,70,1_801593130,1_8263,1775253960,1775253960,default
1775253919,1_2850,1_100089,2,1_788757830,1_7097,1775253960,1775252945,default
1775253919,1_2850,1_100089,2,1_788758210,1_7140,1775254920,1775253180,default
1775253919,1_46505,1_102619,F Line,1_694521340,1_7976142,1775254140,1775254140,default
1775253919,1_46505,1_102619,F Line,1_694521870,1_7976004,1775255460,1775255460,default
1775253919,1_46505,1_102619,F Line,1_694520880,1_7976083,1775256060,1775256060,default
1775253919,1_46505,1_102619,F Line,1_694521140,1_7976226,1775256660,1775256660,default
1775253919,1_29423,1_102732,79,1_817872870,1_8022128,1775256300,1775256300,default
1775253919,1_1510,1_100005,106,1_727785190,1_7975006,1775253972,1775253999,default
1775253919,1_74743,1_102702,239,1_736529410,1_7976431,1775254039,1775254039,default
1775253919,1_52306,1_102619,F Line,1_800653960,1_8023763,1775254200,1775254200,default
1775253919,1_52306,1_102619,F Line,1_800654170,1_8023765,1775255100,1775255100,default
1775253919,1_52306,1_102619,F Line,1_800654410,1_8023883,1775256300,1775256300,default
1775253919,1_52306,1_102619,F Line,1_800653760,1_8023779,1775256900,1775256900,default
1775253919,1_8530,1_100263,7,1_800587800,1_8023413,1775254089,1775254089,default
1775253919,1_7750,1_102615,E Line,1_761418090,1_7975613,1775254032,1775254032,default
1775253919,1_70665,1_102704,250,1_806915290,1_8024764,1775254118,1775254118,default
1775253919,1_9605,1_100259,67,1_534488840,1_7975675,1775253780,1775254059,default
1775253919,1_2200,1_100001,1,1_562519800,1_7974991,1775254011,1775254069,default
1775253919,1_59282,1_102717,165,1_800649790,1_7058,1775254140,1775253872,default
1775253919,1_59282,1_102717,165,1_800649790,1_8023768,1775254140,1775254140,default
1775253919,1_59282,1_102717,165,1_800649800,1_8023767,1775255340,1775255340,default
1775253919,1_75850,1_102615,E Line,1_761418450,1_7975626,1775254093,1775254093,default
1775253919,1_57791,1_102718,184,1_635442870,1_7976222,1775253969,1775254239,default
1775253919,1_620,40_100240,554,40_774871400,40_7976694,1775254320,1775254320,default
1775253919,1_620,1_102754,256,1_816378460,1_8005261,1775254440,1775254440,default
1775253919,1_620,40_515,515,40_16133698__MCOB-DO:121:0:Weekday:2:26MAR:86023:12345,40_MCOB-DO:121:0:Weekday:2:26MAR:86023:12345,1775254500,1775254500,default
1775253919,1_620,40_100239,550,40_597757800,40_7976642,1775254680,1775254680,default
1775253919,1_620,40_515,515,40_16133714__MCOB-DO:121:0:Weekday:2:26MAR:86025:12345,40_MCOB-DO:121:0:Weekday:2:26MAR:86025:12345,1775255580,1775255580,default
1775253919,1_620,1_102754,256,1_816378470,1_8005281,1775256180,1775256180,default
1775253919,1_620,40_515,515,40_16133690__MCOB-DO:121:0:Weekday:2:26MAR:86026:12345,40_MCOB-DO:121:0:Weekday:2:26MAR:86026:12345,1775256300,1775256300,default
1775253919,1_620,40_510,510,40_16133740__MCOB-DO:121:0:Weekday:2:26MAR:86027:12345,40_MCOB-DO:121:0:Weekday:2:26MAR:86027:12345,1775256600,1775256600,default
1775253919,1_620,40_515,515,40_16133718__MCOB-DO:121:0:Weekday:2:26MAR:86029:12345,40_MCOB-DO:121:0:Weekday:2:26MAR:86029:12345,1775257200,1775257200,default
1775253919,1_10912,1_100162,271,1_664291350,1_7976352,1775254200,1775254200,default
1775253919,1_10912,40_100511,542,40_608344590,40_7976604,1775254860,1775254860,default
1775253919,1_10912,1_100162,271,1_581745970,1_7976388,1775255040,1775255040,default
1775253919,1_10912,40_100451,556,40_635882050,40_7976710,1775255100,1775255100,default
1775253919,1_10912,1_100162,271,1_569496330,1_7976351,1775255760,1775255760,default
1775253919,1_10912,40_100511,542,40_569571200,40_7976607,1775256240,1775256240,default
1775253919,1_10912,1_100162,271,1_569496080,1_7976382,1775256360,1775256360,default
1775253919,1_52081,1_102736,H Line,1_694056240,1_7974896,1775254119,1775254119,default
1775253919,1_8403,1_100039,14,1_562519730,1_7974987,1775253780,1775253780,default
1775254219,1_103,1_102745,G Line,1_736435840,1_7974689,1775254278,1775254278,default
1775254219,1_12170,1_100039,14,1_562519730,1_7974987,1775254359,1775254359,default
1775254219,1_22196,1_102736,H Line,1_694056310,1_7974899,1775254266,1775254266,default
1775254219,1_73945,1_102704,250,1_816288350,1_8024720,1775254257,1775254257,default
1775254219,1_60161,1_100042,148,1_800646420,1_8023887,1775254320,1775254369,default
1775254219,1_30510,1_100249,60,1_801585650,1_8025821,1775254286,1775254286,default
1775254219,1_320,40_100239,550,40_597758980,40_6891,1775254320,1775254328,default
1775254219,1_320,40_595,595,40_516020,40_9735,1775254380,1775254380,default
1775254219,1_2850,1_100089,2,1_788758210,1_7140,1775254920,1775253180,default
1775254219,1_46505,1_102619,F Line,1_694521590,1_7976074,1775254860,1775254860,default
1775254219,1_46505,1_102619,F Line,1_694521870,1_7976004,1775255460,1775255460,default
1775254219,1_46505,1_102619,F Line,1_694520880,1_7976083,1775256060,1775256060,default
1775254219,1_46505,1_102619,F Line,1_694521140,1_7976226,1775256660,1775256660,default
1775254219,1_29423,1_102732,79,1_817872870,1_8022128,1775256300,1775256300,default
1775254219,1_52306,1_102619,F Line,1_800654170,1_8023765,1775255100,1775255100,default
1775254219,1_52306,1_102619,F Line,1_800654410,1_8023883,1775256300,1775256300,default
1775254219,1_52306,1_102619,F Line,1_800653760,1_8023779,1775256900,1775256900,default
1775254219,1_82187,1_100259,67,1_724948260,1_7975715,1775254342,1775254342,default
1775254219,1_41850,1_100249,60,1_801585650,1_8025821,1775254377,1775254377,default
1775254219,1_73368,1_102752,223,1_816297650,1_8024748,1775254356,1775254356,default
1775254219,1_76312,1_102705,230,1_664298590,1_7976384,1775254453,1775254453,default
1775254219,1_57804,1_100072,181,1_721481690,1_7976015,1775254693,1775254693,default
1775254219,1_59282,1_102717,165,1_800649800,1_7323,1775255340,1775254004,default
1775254219,1_31890,1_100230,50,1_770997350,1_7976170,1775254421,1775254421,default
1775254219,1_31890,1_100026,128,1_806634690,1_8023674,1775254428,1775254428,default
1775254219,1_620,40_100236,545,40_563501270,40_9636,1775254560,1775254435,default
1775254219,1_620,1_102754,256,1_816378460,1_8005261,1775254440,1775254440,default
1775254219,1_620,40_515,515,40_16133698__MCOB-DO:121:0:Weekday:2:26MAR:86023:12345,40_MCOB-DO:121:0:Weekday:2:26MAR:86023:12345,1775254500,1775254500,default
1775254219,1_620,40_100239,550,40_597757800,40_7976642,1775254680,1775254680,default
1775254219,1_620,40_515,515,40_16133714__MCOB-DO:121:0:Weekday:2:26MAR:86025:12345,40_MCOB-DO:121:0:Weekday:2:26MAR:86025:12345,1775255580,1775255580,default
1775254219,1_620,1_102754,256,1_816378470,1_8005281,1775256180,1775256180,default
1775254219,1_620,40_515,515,40_16133690__MCOB-DO:121:0:Weekday:2:26MAR:86026:12345,40_MCOB-DO:121:0:Weekday:2:26MAR:86026:12345,1775256300,1775256300,default
1775254219,1_620,40_510,510,40_16133740__MCOB-DO:121:0:Weekday:2:26MAR:86027:12345,40_MCOB-DO:121:0:Weekday:2:26MAR:86027:12345,1775256600,1775256600,default
1775254219,1_620,40_515,515,40_16133718__MCOB-DO:121:0:Weekday:2:26MAR:86029:12345,40_MCOB-DO:121:0:Weekday:2:26MAR:86029:12345,1775257200,1775257200,default
1775254219,1_620,40_510,510,40_16133724__MCOB-DO:121:0:Weekday:2:26MAR:86030:12345,40_MCOB-DO:121:0:Weekday:2:26MAR:86030:12345,1775257800,1775257800,default
1775254219,1_10912,40_100511,542,40_608344590,40_7976604,1775254860,1775254860,default
1775254219,1_10912,1_100162,271,1_581745970,1_7976388,1775255040,1775255040,default
1775254219,1_10912,40_100451,556,40_635882050,40_7976710,1775255100,1775255100,default
1775254219,1_10912,1_100162,271,1_569496330,1_7976351,1775255760,1775255760,default
1775254219,1_10912,40_100511,542,40_569571200,40_7976607,1775256240,1775256240,default
1775254219,1_10912,1_100162,271,1_569496080,1_7976382,1775256360,1775256360,default
1775254519,1_103,1_102745,G Line,1_736435750,1_7974685,1775254638,1775254638,default
1775254519,1_70694,1_102628,895,1_630387920,1_7976716,1775255400,1775255400,default
1775254519,1_60161,1_100042,148,1_800646420,1_8023887,1775254320,1775254534,default
1775254519,1_8541,1_100039,14,1_562519740,1_7974988,1775254560,1775254560,default
1775254519,1_320,40_592,592,40_3801020,40_9204,1775254680,1775254680,default
1775254519,1_7790,1_102615,E Line,1_761418170,1_7975614,1775254583,1775254583,default
1775254519,1_575,1_102615,E Line,1_761417570,1_6115,1775254440,1775254577,default
1775254519,1_575,1_100210,36,1_800584150,1_8023485,1775254620,1775254620,default
1775254519,1_2850,1_100089,2,1_788758210,1_7140,1775254920,1775253180,default
1775254519,1_2850,1_100089,2,1_788757840,1_7157,1775255700,1775255700,default
1775254519,1_2850,1_100089,2,1_788757840,1_8023467,1775255700,1775255700,default
1775254519,1_46505,1_102619,F Line,1_694521590,1_7976074,1775254860,1775254860,default
1775254519,1_46505,1_102619,F Line,1_694521870,1_7976004,1775255460,1775255460,default
1775254519,1_46505,1_102619,F Line,1_694520880,1_7976083,1775256060,1775256060,default
1775254519,1_46505,1_102619,F Line,1_694521140,1_7976226,1775256660,1775256660,default
1775254519,1_46505,1_102619,F Line,1_694521850,1_7976003,1775257860,1775257860,default
1775254519,1_29423,1_102732,79,1_816446300,1_7222,1775255400,1775255400,default
1775254519,1_29423,1_102732,79,1_817872870,1_8022128,1775256300,1775256300,default
1775254519,1_27420,1_100249,60,1_801585780,1_8025816,1775254628,1775254628,default
1775254519,1_11590,1_100002,10,1_675382970,1_7974876,1775254633,1775254633,default
1775254519,1_52306,1_102619,F Line,1_800654170,1_8023765,1775255100,1775255100,default
1775254519,1_52306,1_102619,F Line,1_800654410,1_8023883,1775256300,1775256300,default
1775254519,1_52306,1_102619,F Line,1_800653760,1_8023779,1775256900,1775256900,default
1775254519,1_52306,1_102619,F Line,1_800653460,1_8023726,1775258100,1775258100,default
1775254519,1_8530,1_100039,14,1_562519790,1_7974978,1775254612,1775254612,default
1775254519,1_8530,1_100263,7,1_800589120,1_8023428,1775254689,1775254689,default
1775254519,1_99254,40_594,594,40_2340020,40_41517,1775254653,1775254652,default
1775254519,1_40065,1_102574,40,1_811901360,1_8026389,1775254645,1775254645,default
1775254519,1_57804,1_100072,181,1_721481690,1_7976015,1775254693,1775254693,default
1775254519,1_21080,1_100249,60,1_801585590,1_7082,1775254620,1775254690,default
1775254519,1_59282,1_102717,165,1_800649800,1_7323,1775255340,1775254004,default
1775254519,1_59282,1_100072,181,1_721481850,1_7476,1775255280,1775254061,default
1775254519,1_45230,1_100133,240,1_787241010,1_7976400,1775254657,1775254657,default
1775254519,1_620,40_100239,550,40_597757800,40_7976642,1775254680,1775254680,default
1775254519,1_620,40_515,515,40_16133714__MCOB-DO:121:0:Weekday:2:26MAR:86025:12345,40_MCOB-DO:121:0:Weekday:2:26MAR:86025:12345,1775255580,1775255580,default
1775254519,1_620,1_102754,256,1_816378470,1_8005281,1775256180,1775256180,default
1775254519,1_620,40_515,515,40_16133690__MCOB-DO:121:0:Weekday:2:26MAR:86026:12345,40_MCOB-DO:121:0:Weekday:2:26MAR:86026:12345,1775256300,1775256300,default
1775254519,1_620,40_510,510,40_16133740__MCOB-DO:121:0:Weekday:2:26MAR:86027:12345,40_MCOB-DO:121:0:Weekday:2:26MAR:86027:12345,1775256600,1775256600,default
1775254519,1_620,40_515,515,40_16133718__MCOB-DO:121:0:Weekday:2:26MAR:86029:12345,40_MCOB-DO:121:0:Weekday:2:26MAR:86029:12345,1775257200,1775257200,default
1775254519,1_620,40_510,510,40_16133724__MCOB-DO:121:0:Weekday:2:26MAR:86030:12345,40_MCOB-DO:121:0:Weekday:2:26MAR:86030:12345,1775257800,1775257800,default
1775254519,1_10912,1_100264,70,1_801593900,1_8026411,1775254666,1775254681,default
1775254519,1_10912,1_100264,70,1_801593900,1_8221,1775254666,1775254724,default
1775254519,1_10912,40_586,586,40_2558020,40_9723,1775254163,1775254738,default
1775254519,1_10912,40_100511,542,40_608344590,40_7976604,1775254860,1775254860,default
1775254519,1_10912,1_100162,271,1_581745970,1_7976388,1775255040,1775255040,default
1775254519,1_10912,40_100451,556,40_635882050,40_7976710,1775255100,1775255100,default
1775254519,1_10912,1_100162,271,1_569496330,1_7976351,1775255760,1775255760,default
1775254519,1_10912,40_100511,542,40_569571200,40_7976607,1775256240,1775256240,default
1775254519,1_10912,1_100162,271,1_569496080,1_7976382,1775256360,1775256360,default
1775254519,1_71960,40_100511,542,40_721031150,40_7976686,1775255520,1775255520,default
1775254519,1_52081,1_102736,H Line,1_694056660,1_7974887,1775254719,1775254719,default
1775254519,1_8403,1_100039,14,1_562519610,1_7974977,1775254680,1775254680,default
1775254519,1_3000,1_100089,2,1_788757830,1_8023486,1775254523,1775254705,default
1775254519,1_11600,1_100002,10,1_675382970,1_7974876,1775254703,1775254703,default
1775254819,1_70694,1_102628,895,1_630387920,1_7976716,1775255400,1775255400,default
1775254819,1_970,40_578,578,40_3033020,40_9312,1775254862,1775254885,default
1775254819,1_60453,1_102717,165,1_800649790,1_7058,1775254847,1775254847,default
1775254819,1_320,40_100239,550,40_597758470,40_9683,1775254920,1775254768,default
1775254819,1_575,1_100264,70,1_801593120,1_8225,1775254860,1775254860,default
1775254819,1_2850,1_100089,2,1_788758210,1_7140,1775254920,1775253180,default
1775254819,1_2850,1_100089,2,1_788757840,1_7157,1775255700,1775254515,default
1775254819,1_46505,1_102619,F Line,1_694521590,1_7976074,1775254860,1775254860,default
1775254819,1_46505,1_102619,F Line,1_694521870,1_7976004,1775255460,1775255460,default
1775254819,1_46505,1_102619,F Line,1_694520880,1_7976083,1775256060,1775256060,default
1775254819,1_46505,1_102619,F Line,1_694521140,1_7976226,1775256660,1775256660,default
1775254819,1_46505,1_102619,F Line,1_694521850,1_7976003,1775257860,1775257860,default
1775254819,1_29423,1_102732,79,1_816446300,1_7222,1775255400,1775255400,default
1775254819,1_29423,1_102732,79,1_817872870,1_8022128,1775256300,1775256300,default
1775254819,1_280,40_100240,554,40_560096860,40_7976690,1775254673,1775254879,default
1775254819,1_1190,1_100447,49,1_801199930,1_8023497,1775254408,1775254875,default
1775254819,1_27420,23_102638,First Hill Streetcar,23_55295711,block_7769569_schedBasedVehicle,1775254980,1775255058,default
1775254819,1_56440,1_100005,106,1_727785110,1_7975005,1775254898,1775254898,default
1775254819,1_72494,1_100160,269,1_806918420,1_8024683,1775254980,1775254980,default
1775254819,1_52306,1_102619,F Line,1_800654170,1_8023765,1775255100,1775255100,default
1775254819,1_52306,1_102619,F Line,1_800654670,1_8023764,1775255700,1775255700,default
1775254819,1_52306,1_102619,F Line,1_800654410,1_8023883,1775256300,1775256300,default
1775254819,1_52306,1_102619,F Line,1_800653760,1_8023779,1775256900,1775256900,default
1775254819,1_52306,1_102619,F Line,1_800653460,1_8023726,1775258100,1775258100,default
1775254819,1_41128,1_100026,128,1_806634320,1_8023661,1775254929,1775254929,default
1775254819,1_7750,1_102615,E Line,1_761417470,1_7975606,1775254932,1775254932,default
1775254819,1_70665,1_102704,250,1_806915310,1_8024719,1775255018,1775255018,default
1775254819,1_11060,1_100447,49,1_801199940,1_8023490,1775254988,1775254988,default
1775254819,1_59282,1_102717,165,1_800649800,1_7323,1775255340,1775254004,default
1775254819,1_59282,1_100072,181,1_721481850,1_7476,1775255280,1775254061,default
1775254819,1_23905,1_100214,372,1_694305950,1_7976757,1775254972,1775254972,default
1775254819,1_58079,1_102719,161,1_800651850,1_8023733,1775254140,1775254979,default
1775254819,1_75850,1_102615,E Line,1_761418090,1_7975613,1775254993,1775254993,default
1775254819,1_21320,1_100249,60,1_801585790,1_8026428,1775254980,1775254980,default
1775254819,1_620,40_594,594,40_2340020,40_41517,1775255040,1775255039,default
1775254819,1_620,40_100236,545,40_563501200,40_9814,1775255160,1775255146,default
1775254819,1_620,40_100239,550,40_597758480,40_7976613,1775255580,1775255580,default
1775254819,1_620,40_515,515,40_16133714__MCOB-DO:121:0:Weekday:2:26MAR:86025:12345,40_MCOB-DO:121:0:Weekday:2:26MAR:86025:12345,1775255580,1775255580,default
1775254819,1_620,1_102754,256,1_816378470,1_8005281,1775256180,1775256180,default
1775254819,1_620,40_515,515,40_16133690__MCOB-DO:121:0:Weekday:2:26MAR:86026:12345,40_MCOB-DO:121:0:Weekday:2:26MAR:86026:12345,1775256300,1775256300,default
1775254819,1_620,40_510,510,40_16133740__MCOB-DO:121:0:Weekday:2:26MAR:86027:12345,40_MCOB-DO:121:0:Weekday:2:26MAR:86027:12345,1775256600,1775256600,default
1775254819,1_620,40_515,515,40_16133718__MCOB-DO:121:0:Weekday:2:26MAR:86029:12345,40_MCOB-DO:121:0:Weekday:2:26MAR:86029:12345,1775257200,1775257200,default
1775254819,1_620,40_510,510,40_16133724__MCOB-DO:121:0:Weekday:2:26MAR:86030:12345,40_MCOB-DO:121:0:Weekday:2:26MAR:86030:12345,1775257800,1775257800,default
1775254819,1_620,1_102754,256,1_816378480,1_8005264,1775257980,1775257980,default
1775254819,1_10912,1_100214,372,1_694306920,1_6952,1775255024,1775255024,default
1775254819,1_10912,1_100162,271,1_581745970,1_7976388,1775255040,1775255040,default
1775254819,1_10912,40_100451,556,40_635882050,40_7976710,1775255100,1775255100,default
1775254819,1_10912,1_100162,271,1_569496330,1_7976351,1775255760,1775255760,default
1775254819,1_10912,40_100511,542,40_569571200,40_7976607,1775256240,1775256240,default
1775254819,1_10912,1_100162,271,1_569496080,1_7976382,1775256360,1775256360,default
1775254819,1_71960,40_100511,542,40_721031150,40_7976686,1775255520,1775255520,default
1775254819,1_58230,1_102720,160,1_664467200,1_7976095,1775254986,1775254986,default
1775254819,1_8403,1_100039,14,1_562519610,1_7974977,1775254680,1775254680,default
1775255119,1_12170,1_100039,14,1_562519610,1_7974977,1775255259,1775255259,default
1775255119,1_70694,1_102628,895,1_630387920,1_7976716,1775255400,1775255400,default
1775255119,1_12770,1_100228,48,1_721359220,1_7974614,1775255189,1775255189,default
1775255119,1_320,1_100104,212,1_806323770,1_6972,1775255220,1775255220,default
1775255119,1_575,1_100210,36,1_800584090,1_8023432,1775255220,1775255220,default
1775255119,1_2850,1_100089,2,1_788757840,1_7157,1775255700,1775254515,default
1775255119,1_46505,1_102619,F Line,1_694521870,1_7976004,1775255460,1775255460,default
1775255119,1_46505,1_102619,F Line,1_694520880,1_7976083,1775256060,1775256060,default
1775255119,1_46505,1_102619,F Line,1_694521140,1_7976226,1775256660,1775256660,default
1775255119,1_46505,1_102619,F Line,1_694522030,1_7975998,1775257260,1775257260,default
1775255119,1_46505,1_102619,F Line,1_694521850,1_7976003,1775257860,1775257860,default
1775255119,1_29423,1_102732,79,1_816446300,1_7222,1775255400,1775255400,default
1775255119,1_29423,1_102732,79,1_817872870,1_8022128,1775256300,1775256300,default
1775255119,1_29423,1_102732,79,1_816446570,1_8022099,1775257500,1775257500,default
1775255119,1_1190,1_100447,49,1_801199930,1_8023497,1775254408,1775255182,default
1775255119,1_51471,1_102736,H Line,1_694056280,1_6056,1775254904,1775255188,default
1775255119,1_76024,1_102702,239,1_736529410,1_7976431,1775255186,1775255186,default
1775255119,1_10653,1_100252,62,1_800855340,1_8024964,1775255220,1775255220,default
1775255119,1_73366,1_102548,B Line,1_721018420,1_7976638,1775255200,1775255200,default
1775255119,1_52306,1_102619,F Line,1_800654670,1_8023764,1775255700,1775255700,default
1775255119,1_52306,1_102619,F Line,1_800654410,1_8023883,1775256300,1775256300,default
1775255119,1_52306,1_102619,F Line,1_800653760,1_8023779,1775256900,1775256900,default
1775255119,1_52306,1_102619,F Line,1_800653460,1_8023726,1775258100,1775258100,default
1775255119,1_52306,1_102619,F Line,1_800654070,1_8023882,1775258700,1775258700,default
1775255119,1_59282,1_102717,165,1_800649800,1_7323,1775255340,1775254004,default
1775255119,1_59282,1_100072,181,1_721481850,1_7476,1775255280,1775254061,default
1775255119,1_59282,1_102717,165,1_800649810,1_8023740,1775256540,1775256540,default
1775255119,1_41370,1_100028,13,1_788758990,1_8023466,1775255257,1775255257,default
1775255119,1_19921,1_100101,21,1_809330730,1_8025799,1775255281,1775255281,default
1775255119,1_35440,1_100269,75,1_803349660,1_8022016,1775254864,1775255295,default
1775255119,1_7690,1_102615,E Line,1_813081650,1_8022058,1775255270,1775255270,default
1775255119,1_620,40_100239,550,40_597758480,40_7976613,1775255580,1775255580,default
1775255119,1_620,40_515,515,40_16133714__MCOB-DO:121:0:Weekday:2:26MAR:86025:12345,40_MCOB-DO:121:0:Weekday:2:26MAR:86025:12345,1775255580,1775255580,default
1775255119,1_620,1_102754,256,1_816378470,1_8005281,1775256180,1775256180,default
1775255119,1_620,40_515,515,40_16133690__MCOB-DO:121:0:Weekday:2:26MAR:86026:12345,40_MCOB-DO:121:0:Weekday:2:26MAR:86026:12345,1775256300,1775256300,default
1775255119,1_620,40_510,510,40_16133740__MCOB-DO:121:0:Weekday:2:26MAR:86027:12345,40_MCOB-DO:121:0:Weekday:2:26MAR:86027:12345,1775256600,1775256600,default
1775255119,1_620,40_515,515,40_16133718__MCOB-DO:121:0:Weekday:2:26MAR:86029:12345,40_MCOB-DO:121:0:Weekday:2:26MAR:86029:12345,1775257200,1775257200,default
1775255119,1_620,40_510,510,40_16133724__MCOB-DO:121:0:Weekday:2:26MAR:86030:12345,40_MCOB-DO:121:0:Weekday:2:26MAR:86030:12345,1775257800,1775257800,default
1775255119,1_620,1_102754,256,1_816378480,1_8005264,1775257980,1775257980,default
1775255119,1_10912,1_100162,271,1_569496330,1_7976351,1775255760,1775255760,default
1775255119,1_10912,40_100511,542,40_569571200,40_7976607,1775256240,1775256240,default
1775255119,1_10912,1_100162,271,1_569496080,1_7976382,1775256360,1775256360,default
1775255119,1_10912,1_100162,271,1_587120120,1_7976354,1775256960,1775256960,default
1775255119,1_10912,40_100451,556,40_635882320,40_7976550,1775257020,1775257020,default
1775255119,1_71960,40_100511,542,40_721031150,40_7976686,1775255520,1775255520,default
1775255119,1_52081,1_102736,H Line,1_694056230,1_7974966,1775255319,1775255319,default
1775255119,1_68400,1_100136,245,1_761788170,1_7976379,1775255311,1775255311,default
1775255419,1_70694,1_102628,895,1_630387920,1_7976716,1775255400,1775255400,default
1775255419,1_22196,1_102736,H Line,1_694056410,1_7974891,1775255466,1775255466,default
1775255419,1_60161,1_100042,148,1_762077660,1_3756,1775256120,1775255297,default
1775255419,1_60161,1_100042,148,1_762077660,1_7976055,1775256120,1775256120,default
1775255419,1_970,40_577,577,40_2616020,40_9203,1775255462,1775255462,default
1775255419,1_8541,1_100039,14,1_562519780,1_7974991,1775255520,1775255520,default
1775255419,1_320,40_100239,550,40_597758430,40_9661,1775255520,1775255516,default
1775255419,1_575,1_102615,E Line,1_761418570,1_6081,1775255340,1775255468,default
1775255419,1_2850,1_100089,2,1_788757840,1_7157,1775255700,1775254515,default
1775255419,1_2850,1_100089,2,1_788757850,1_8023468,1775256540,1775256540,default
1775255419,1_46505,1_102619,F Line,1_694521870,1_7976004,1775255460,1775255460,default
1775255419,1_46505,1_102619,F Line,1_694520880,1_7976083,1775256060,1775256060,default
1775255419,1_46505,1_102619,F Line,1_694521140,1_7976226,1775256660,1775256660,default
1775255419,1_46505,1_102619,F Line,1_694522030,1_7975998,1775257260,1775257260,default
1775255419,1_46505,1_102619,F Line,1_694521850,1_7976003,1775257860,1775257860,default
1775255419,1_29423,1_102732,79,1_817872870,1_8022128,1775256300,1775256300,default
1775255419,1_29423,1_102732,79,1_816446570,1_8022099,1775257500,1775257500,default
1775255419,1_40060,1_102574,40,1_811900740,1_8026393,1775255493,1775255493,default
1775255419,1_27420,1_100161,27,1_759819350,1_7974706,1775255494,1775255494,default
1775255419,1_52306,1_102619,F Line,1_800654670,1_8023764,1775255700,1775255700,default
1775255419,1_52306,1_102619,F Line,1_800654410,1_8023883,1775256300,1775256300,default
1775255419,1_52306,1_102619,F Line,1_800653760,1_8023779,1775256900,1775256900,default
1775255419,1_52306,1_102619,F Line,1_800653460,1_8023726,1775258100,1775258100,default
1775255419,1_52306,1_102619,F Line,1_800654070,1_8023882,1775258700,1775258700,default
1775255419,1_16400,1_100252,62,1_800855370,1_8024959,1775255519,1775255519,default
1775255419,1_8530,1_100039,14,1_562519760,1_7974986,1775255512,1775255512,default
1775255419,1_8530,1_100005,106,1_727785120,1_7975009,1775255526,1775255526,default
1775255419,1_40065,1_102574,40,1_811900740,1_8026393,1775255605,1775255605,default
1775255419,1_59282,1_102717,165,1_800649810,1_8023740,1775256540,1775256540,default
1775255419,1_31890,1_100230,50,1_770997560,1_7976172,1775255621,1775255621,default
1775255419,1_620,40_100239,550,40_597758480,40_7976613,1775255580,1775255580,default
1775255419,1_620,40_515,515,40_16133714__MCOB-DO:121:0:Weekday:2:26MAR:86025:12345,40_MCOB-DO:121:0:Weekday:2:26MAR:86025:12345,1775255580,1775255580,default
1775255419,1_620,40_100240,554,40_774872070,40_7976695,1775255700,1775255700,default
1775255419,1_620,40_100236,545,40_563501230,40_6999,1775255760,1775255714,default
1775255419,1_620,29_424,424,29_16132035__MCOB-DO:121:0:Weekday:2:26MAR:61049:12345,29_MCOB-DO:121:0:Weekday:2:26MAR:61049:12345,1775255700,1775255765,default
1775255419,1_620,1_102754,256,1_816378470,1_8005281,1775256180,1775256180,default
1775255419,1_620,40_515,515,40_16133690__MCOB-DO:121:0:Weekday:2:26MAR:86026:12345,40_MCOB-DO:121:0:Weekday:2:26MAR:86026:12345,1775256300,1775256300,default
1775255419,1_620,40_515,515,40_16133718__MCOB-DO:121:0:Weekday:2:26MAR:86029:12345,40_MCOB-DO:121:0:Weekday:2:26MAR:86029:12345,1775257200,1775257200,default
1775255419,1_620,40_510,510,40_16133724__MCOB-DO:121:0:Weekday:2:26MAR:86030:12345,40_MCOB-DO:121:0:Weekday:2:26MAR:86030:12345,1775257800,1775257800,default
1775255419,1_620,1_102754,256,1_816378480,1_8005264,1775257980,1775257980,default
1775255419,1_10912,1_100264,70,1_801593620,1_8026410,1775255566,1775255630,default
1775255419,1_10912,1_100162,271,1_569496330,1_7976351,1775255760,1775255760,default
1775255419,1_10912,40_100511,542,40_569571200,40_7976607,1775256240,1775256240,default
1775255419,1_10912,1_100162,271,1_569496080,1_7976382,1775256360,1775256360,default
1775255419,1_10912,1_100162,271,1_587120120,1_7976354,1775256960,1775256960,default
1775255419,1_10912,40_100451,556,40_635882320,40_7976550,1775257020,1775257020,default
1775255419,1_71960,40_100511,542,40_721031460,40_7976606,1775257500,1775257500,default
1775255419,1_8403,1_100039,14,1_562519740,1_7974988,1775255580,1775255580,default
1775255719,1_481,1_102736,H Line,1_694056160,1_6063,1775255760,1775255760,default
1775255719,1_60161,1_100042,148,1_762077660,1_3756,1775256120,1775255297,default
1775255719,1_575,1_100264,70,1_801593320,1_8243,1775255760,1775255760,default
1775255719,1_575,1_100028,13,1_788759000,1_7097,1775255640,1775255823,default
1775255719,1_2850,1_100089,2,1_788757850,1_7152,1775256540,1775255457,default
1775255719,1_2850,1_100089,2,1_788757850,1_8023468,1775256540,1775256540,default
1775255719,1_46505,1_102619,F Line,1_694520880,1_7976083,1775256060,1775256060,default
1775255719,1_46505,1_102619,F Line,1_694521140,1_7976226,1775256660,1775256660,default
1775255719,1_46505,1_102619,F Line,1_694522030,1_7975998,1775257260,1775257260,default
1775255719,1_46505,1_102619,F Line,1_694521850,1_7976003,1775257860,1775257860,default
1775255719,1_46505,1_102619,F Line,1_694521250,1_7975997,1775259060,1775259060,default
1775255719,1_29423,1_102732,79,1_817872870,1_8022128,1775256300,1775256300,default
1775255719,1_29423,1_102732,79,1_816446570,1_8022099,1775257500,1775257500,default
1775255719,1_11590,1_100002,10,1_675385580,1_7974875,1775255833,1775255833,default
1775255719,1_50774,1_100045,150,1_694513930,1_8140,1775255799,1775255799,default
1775255719,1_10653,1_100252,62,1_800855350,1_8025001,1775255820,1775255820,default
1775255719,1_75143,1_102746,333,1_778704160,1_7975683,1775255805,1775255805,default
1775255719,1_56440,1_100005,106,1_727785010,1_7975017,1775255798,1775255795,default
1775255719,1_52306,1_102619,F Line,1_800654410,1_8023883,1775256300,1775256300,default
1775255719,1_52306,1_102619,F Line,1_800653760,1_8023779,1775256900,1775256900,default
1775255719,1_52306,1_102619,F Line,1_800653460,1_8023726,1775258100,1775258100,default
1775255719,1_52306,1_102619,F Line,1_800654070,1_8023882,1775258700,1775258700,default
1775255719,1_52306,1_102619,F Line,1_800654320,1_8023724,1775259300,1775259300,default
1775255719,1_8530,1_100263,7,1_800588000,1_8023408,1775255889,1775255889,default
1775255719,1_99254,1_100003,101,1_800669360,1_8023852,1775255842,1775255842,default
1775255719,1_99254,1_100045,150,1_694513820,1_7976058,1775255938,1775255938,default
1775255719,1_70665,1_102704,250,1_806915350,1_8024762,1775255918,1775255918,default
1775255719,1_9860,1_100269,75,1_803349660,1_8022016,1775255362,1775255825,default
1775255719,1_11060,1_100289,9,1_721362350,1_7047,1775255685,1775255836,default
1775255719,1_59282,1_102717,165,1_800649810,1_7063,1775256540,1775255733,default
1775255719,1_59282,1_102717,165,1_800649810,1_8023740,1775256540,1775256540,default
1775255719,1_59282,1_102717,165,1_800649830,1_8023844,1775258940,1775258940,default
1775255719,1_23905,1_100214,372,1_694306710,1_7976758,1775255872,1775255872,default
1775255719,1_75850,1_102615,E Line,1_761417470,1_7975606,1775255893,1775255893,default
1775255719,1_620,1_102754,256,1_816378470,1_8005281,1775256180,1775256180,default
1775255719,1_620,40_515,515,40_16133690__MCOB-DO:121:0:Weekday:2:26MAR:86026:12345,40_MCOB-DO:121:0:Weekday:2:26MAR:86026:12345,1775256300,1775256300,default
1775255719,1_620,40_515,515,40_16133718__MCOB-DO:121:0:Weekday:2:26MAR:86029:12345,40_MCOB-DO:121:0:Weekday:2:26MAR:86029:12345,1775257200,1775257200,default
1775255719,1_620,40_510,510,40_16133724__MCOB-DO:121:0:Weekday:2:26MAR:86030:12345,40_MCOB-DO:121:0:Weekday:2:26MAR:86030:12345,1775257800,1775257800,default
1775255719,1_620,1_102754,256,1_816378480,1_8005264,1775257980,1775257980,default
1775255719,1_620,40_515,515,40_16133692__MCOB-DO:121:0:Weekday:2:26MAR:86034:12345,40_MCOB-DO:121:0:Weekday:2:26MAR:86034:12345,1775259180,1775259180,default
1775255719,1_10912,1_100264,70,1_801593620,1_8258,1775255566,1775255878,default
1775255719,1_10912,1_100447,49,1_801199920,1_8023493,1775254920,1775255944,default
1775255719,1_10912,40_100511,542,40_569571200,40_7976607,1775256240,1775256240,default
1775255719,1_10912,1_100162,271,1_569496080,1_7976382,1775256360,1775256360,default
1775255719,1_10912,1_100162,271,1_587120120,1_7976354,1775256960,1775256966,default
1775255719,1_10912,40_100451,556,40_635882320,40_7976550,1775257020,1775257020,default
1775255719,1_10912,40_100511,542,40_569572690,40_7976685,1775257440,1775257440,default
1775255719,1_10912,1_100162,271,1_569554060,1_7976675,1775258340,1775258340,default
1775255719,1_71960,40_100511,542,40_721030970,40_7976608,1775256240,1775256240,default
1775255719,1_71960,40_100511,542,40_721031460,40_7976606,1775257500,1775257500,default
1775255719,1_52081,1_102736,H Line,1_694056200,1_7974888,1775255919,1775255919,default
1775255719,1_8403,1_100039,14,1_562519740,1_7974988,1775255580,1775255580,default
1775255719,1_11600,1_100002,10,1_675385580,1_7974875,1775255903,1775255903,default
1775256019,1_103,1_102745,G Line,1_736437300,1_7974688,1775256078,1775256078,default
1775256019,1_12170,1_100039,14,1_562519740,1_7974988,1775256159,1775256159,default
1775256019,1_22196,1_102736,H Line,1_694056280,1_7974898,1775256066,1775256066,default
1775256019,1_60161,1_100042,148,1_762077660,1_3756,1775256120,1775255297,default
1775256019,1_970,40_577,577,40_3633020,40_9201,1775256062,1775256062,default
1775256019,1_12770,1_100228,48,1_721359670,1_7974616,1775256089,1775256089,default
1775256019,1_23030,1_100101,21,1_809331470,1_8025837,1775256050,1775256050,default
1775256019,1_51651,1_102736,H Line,1_694056220,1_7974892,1775256087,1775256087,default
1775256019,1_320,40_100239,550,40_597758990,40_6961,1775256060,1775256044,default
1775256019,1_320,40_100240,554,40_560097900,40_9663,1775256000,1775256092,default
1775256019,1_575,1_102581,D Line,1_800600730,1_6092,1775256000,1775256056,default
1775256019,1_2850,1_100089,2,1_788757850,1_7152,1775256540,1775255457,default
1775256019,1_46505,1_102619,F Line,1_694520880,1_7976083,1775256060,1775256060,default
1775256019,1_46505,1_102619,F Line,1_694521140,1_7976226,1775256660,1775256660,default
1775256019,1_46505,1_102619,F Line,1_694522030,1_7975998,1775257260,1775257260,default
1775256019,1_46505,1_102619,F Line,1_694521850,1_7976003,1775257860,1775257860,default
1775256019,1_46505,1_102619,F Line,1_694521250,1_7975997,1775259060,1775259060,default
1775256019,1_29423,1_102732,79,1_817872870,1_8022128,1775256300,1775256300,default
1775256019,1_29423,1_102732,79,1_816446570,1_8022099,1775257500,1775257500,default
1775256019,1_27420,1_100249,60,1_801585660,1_8025820,1775256128,1775256128,default
1775256019,1_57453,1_102719,161,1_800651850,1_8023733,1775255040,1775256075,default
1775256019,1_73366,1_102548,B Line,1_721018260,1_7976632,1775256160,1775256160,default
1775256019,1_52306,1_102619,F Line,1_800654410,1_8023883,1775256300,1775256300,default
1775256019,1_52306,1_102619,F Line,1_800653760,1_8023779,1775256900,1775256900,default
1775256019,1_52306,1_102619,F Line,1_800653460,1_8023726,1775258100,1775258100,default
1775256019,1_52306,1_102619,F Line,1_800654070,1_8023882,1775258700,1775258700,default
1775256019,1_52306,1_102619,F Line,1_800654320,1_8023724,1775259300,1775259300,default
1775256019,1_16400,1_100252,62,1_800855380,1_8025002,1775256119,1775256119,default
1775256019,1_29650,1_100224,44,1_664047370,1_7974932,1775256192,1775256107,default
1775256019,1_82187,1_100259,67,1_724949500,1_7975677,1775256142,1775256142,default
1775256019,1_60359,1_102720,160,1_770988800,1_7976096,1775256164,1775256164,default
1775256019,1_57804,1_100072,181,1_721481990,1_7976033,1775256493,1775256493,default
1775256019,1_59282,1_102717,165,1_800649810,1_7063,1775256540,1775255733,default
1775256019,1_59282,1_102717,165,1_800649830,1_8023844,1775258940,1775258940,default
1775256019,1_19921,1_100101,21,1_809330830,1_8025798,1775256061,1775256187,default
1775256019,1_620,1_102754,256,1_816378470,1_8005281,1775256180,1775256180,default
1775256019,1_620,1_100003,101,1_800669360,1_8023852,1775256180,1775256180,default
1775256019,1_620,40_515,515,40_16133690__MCOB-DO:121:0:Weekday:2:26MAR:86026:12345,40_MCOB-DO:121:0:Weekday:2:26MAR:86026:12345,1775256300,1775256300,default
1775256019,1_620,40_100239,550,40_597758420,40_7976616,1775256540,1775256540,default
1775256019,1_620,40_515,515,40_16133718__MCOB-DO:121:0:Weekday:2:26MAR:86029:12345,40_MCOB-DO:121:0:Weekday:2:26MAR:86029:12345,1775257200,1775257200,default
1775256019,1_620,40_510,510,40_16133724__MCOB-DO:121:0:Weekday:2:26MAR:86030:12345,40_MCOB-DO:121:0:Weekday:2:26MAR:86030:12345,1775257800,1775257800,default
1775256019,1_620,1_102754,256,1_816378480,1_8005264,1775257980,1775257980,default
1775256019,1_620,40_515,515,40_16133692__MCOB-DO:121:0:Weekday:2:26MAR:86034:12345,40_MCOB-DO:121:0:Weekday:2:26MAR:86034:12345,1775259180,1775259180,default
1775256019,1_10912,40_100511,542,40_569571200,40_7976607,1775256240,1775256240,default
1775256019,1_10912,1_100447,49,1_801199910,1_8023491,1775256120,1775256244,default
1775256019,1_10912,1_100447,49,1_801199920,1_8023493,1775254920,1775256244,default
1775256019,1_10912,1_100162,271,1_569496080,1_7976382,1775256360,1775256360,default
1775256019,1_10912,1_100162,271,1_587120120,1_7976354,1775256960,-1,default
1775256019,1_10912,40_100451,556,40_635882320,40_7976550,1775257020,1775257020,default
1775256019,1_10912,40_100511,542,40_569572690,40_7976685,1775257440,1775257440,default
1775256019,1_10912,1_100162,271,1_569496430,1_7976349,1775257680,1775257680,default
1775256019,1_10912,1_100162,271,1_569554060,1_7976675,1775258340,1775258340,default
1775256019,1_71960,40_100511,542,40_721030970,40_7976608,1775256240,1775256240,default
1775256019,1_71960,40_100511,542,40_721031460,40_7976606,1775257500,1775257500,default
1775256319,1_481,1_100024,125,1_721357820,1_7974704,1775256420,1775256420,default
1775256319,1_320,40_592,592,40_2847020,40_9307,1775256480,1775256480,default
1775256319,1_575,1_100264,70,1_801594110,1_8214,1775256360,1775256360,default
1775256319,1_575,1_100210,36,1_800582360,1_8023381,1775256420,1775256420,default
1775256319,1_2850,1_100089,2,1_788757850,1_7152,1775256540,1775255457,default
1775256319,1_2850,1_100089,2,1_788757860,1_7158,1775257320,1775256212,default
1775256319,1_2850,1_100089,2,1_788757860,1_8023446,1775257320,1775257320,default
1775256319,1_46505,1_102619,F Line,1_694521140,1_7976226,1775256660,1775256660,default
1775256319,1_46505,1_102619,F Line,1_694522030,1_7975998,1775257260,1775257260,default
1775256319,1_46505,1_102619,F Line,1_694521850,1_7976003,1775257860,1775257860,default
1775256319,1_46505,1_102619,F Line,1_694521250,1_7975997,1775259060,1775259060,default
1775256319,1_46505,1_102619,F Line,1_694521460,1_7976017,1775259660,1775259660,default
1775256319,1_29423,1_102732,79,1_816446570,1_8022099,1775257500,1775257500,default
1775256319,1_40060,1_102574,40,1_811901640,1_8026388,1775256393,1775256393,default
1775256319,1_36711,1_100230,50,1_785558860,1_7976176,1775256369,1775256369,default
1775256319,1_52306,1_102619,F Line,1_800653760,1_8023779,1775256900,1775256900,default
1775256319,1_52306,1_102619,F Line,1_800653460,1_8023726,1775258100,1775258100,default
1775256319,1_52306,1_102619,F Line,1_800654070,1_8023882,1775258700,1775258700,default
1775256319,1_52306,1_102619,F Line,1_800654320,1_8023724,1775259300,1775259300,default
1775256319,1_52306,1_102619,F Line,1_800654600,1_8023712,1775259900,1775259900,default
1775256319,1_8530,1_100039,14,1_562520800,1_7974993,1775256412,1775256412,default
1775256319,1_8530,1_100005,106,1_727785200,1_7975012,1775256426,1775256426,default
1775256319,1_45670,1_100210,36,1_800583180,1_8023383,1775256441,1775256441,default
1775256319,1_40065,1_102574,40,1_811901640,1_8026388,1775256505,1775256505,default
1775256319,1_57804,1_100072,181,1_721481990,1_7976033,1775256493,1775256493,default
1775256319,1_59282,1_102717,165,1_800649810,1_7063,1775256540,1775255733,default
1775256319,1_59282,1_100072,181,1_721482060,1_7188,1775257080,1775256258,default
1775256319,1_59282,1_102717,165,1_800649820,1_8023716,1775257740,1775257740,default
1775256319,1_59282,1_102717,165,1_800649830,1_8023844,1775258940,1775258940,default
1775256319,1_620,40_100239,550,40_597758420,40_7976616,1775256540,1775256540,default
1775256319,1_620,40_515,515,40_16133718__MCOB-DO:121:0:Weekday:2:26MAR:86029:12345,40_MCOB-DO:121:0:Weekday:2:26MAR:86029:12345,1775257200,1775257200,default
1775256319,1_620,40_510,510,40_16133724__MCOB-DO:121:0:Weekday:2:26MAR:86030:12345,40_MCOB-DO:121:0:Weekday:2:26MAR:86030:12345,1775257800,1775257800,default
1775256319,1_620,1_102754,256,1_816378480,1_8005264,1775257980,1775257980,default
1775256319,1_620,40_515,515,40_16133692__MCOB-DO:121:0:Weekday:2:26MAR:86034:12345,40_MCOB-DO:121:0:Weekday:2:26MAR:86034:12345,1775259180,1775259180,default
1775256319,1_620,40_515,515,40_16133734__MCOB-DO:121:0:Weekday:2:26MAR:86035:12345,40_MCOB-DO:121:0:Weekday:2:26MAR:86035:12345,1775259900,1775259900,default
1775256319,1_10912,1_100214,372,1_694306980,1_7423,1775256464,1775256510,default
1775256319,1_10912,1_100447,49,1_801199920,1_8023493,1775254920,1775256515,default
1775256319,1_10912,1_100264,70,1_801593480,1_8026409,1775256487,1775256524,default
1775256319,1_10912,1_100162,271,1_587120120,1_7976354,1775256960,-1,default
1775256319,1_10912,40_100451,556,40_635882320,40_7976550,1775257020,1775257020,default
1775256319,1_10912,40_100511,542,40_569572690,40_7976685,1775257440,1775257440,default
1775256319,1_10912,1_100162,271,1_569496430,1_7976349,1775257680,1775257680,default
1775256319,1_10912,1_100162,271,1_569554060,1_7976675,1775258340,1775258340,default
1775256319,1_10912,40_100451,556,40_635882820,40_7976589,1775258700,1775258700,default
1775256319,1_71960,40_100511,542,40_721031460,40_7976606,1775257500,1775257500,default
1775256319,1_8403,1_100039,14,1_562519780,1_7974991,1775256540,1775256540,default
1775256619,1_22196,1_102736,H Line,1_694056220,1_7974892,1775256666,1775256666,default
1775256619,1_52638,1_102719,161,1_800652220,1_8023891,1775256635,1775256635,default
1775256619,1_320,40_590,590,40_3944020,40_41511,1775256780,1775256780,default
1775256619,1_575,1_100089,2,1_788758210,1_8023473,1775256660,1775256660,default
1775256619,1_2850,1_100089,2,1_788757860,1_7158,1775257320,1775256212,default
1775256619,1_46505,1_102619,F Line,1_694521140,1_7976226,1775256660,1775256660,default
1775256619,1_46505,1_102619,F Line,1_694522030,1_7975998,1775257260,1775257260,default
1775256619,1_46505,1_102619,F Line,1_694521850,1_7976003,1775257860,1775257860,default
1775256619,1_46505,1_102619,F Line,1_694522190,1_7976035,1775258460,1775258460,default
1775256619,1_46505,1_102619,F Line,1_694521250,1_7975997,1775259060,1775259060,default
1775256619,1_46505,1_102619,F Line,1_694521460,1_7976017,1775259660,1775259660,default
1775256619,1_29423,1_102732,79,1_816446570,1_8022099,1775257500,1775257500,default
1775256619,1_56440,1_100005,106,1_727785180,1_7975011,1775256698,1775256698,default
1775256619,1_11569,1_100002,10,1_675385590,1_7974882,1775256741,1775256741,default
1775256619,1_72494,1_100160,269,1_806916870,1_8024688,1775256900,1775256900,default
1775256619,1_52306,1_102619,F Line,1_800653760,1_8023779,1775256900,1775256900,default
1775256619,1_52306,1_102619,F Line,1_800653460,1_8023726,1775258100,1775258100,default
1775256619,1_52306,1_102619,F Line,1_800654070,1_8023882,1775258700,1775258700,default
1775256619,1_52306,1_102619,F Line,1_800654320,1_8023724,1775259300,1775259300,default
1775256619,1_52306,1_102619,F Line,1_800654600,1_8023712,1775259900,1775259900,default
1775256619,1_81426,1_102702,239,1_736529480,1_7976432,1775256726,1775256726,default
1775256619,1_99254,1_100003,101,1_811224250,1_8023802,1775256742,1775256742,default
1775256619,1_99254,40_594,594,40_1158020,40_9219,1775256453,1775256791,default
1775256619,1_70665,1_102704,250,1_806915340,1_8024728,1775256818,1775256818,default
1775256619,1_73368,1_100136,245,1_761788270,1_7976346,1775256767,1775256767,default
1775256619,1_59282,1_100072,181,1_721482060,1_7188,1775257080,1775256258,default
1775256619,1_59282,1_102717,165,1_800649820,1_8023716,1775257740,1775257740,default
1775256619,1_59282,1_102717,165,1_800649830,1_8023844,1775258940,1775258940,default
1775256619,1_31890,1_100230,50,1_770997690,1_7976174,1775256821,1775256821,default
1775256619,1_620,40_515,515,40_16133718__MCOB-DO:121:0:Weekday:2:26MAR:86029:12345,40_MCOB-DO:121:0:Weekday:2:26MAR:86029:12345,1775257200,1775257200,default
1775256619,1_620,40_510,510,40_16133724__MCOB-DO:121:0:Weekday:2:26MAR:86030:12345,40_MCOB-DO:121:0:Weekday:2:26MAR:86030:12345,1775257800,1775257800,default
1775256619,1_620,1_102754,256,1_816378480,1_8005264,1775257980,1775257980,default
1775256619,1_620,40_515,515,40_16133692__MCOB-DO:121:0:Weekday:2:26MAR:86034:12345,40_MCOB-DO:121:0:Weekday:2:26MAR:86034:12345,1775259180,1775259180,default
1775256619,1_620,40_515,515,40_16133734__MCOB-DO:121:0:Weekday:2:26MAR:86035:12345,40_MCOB-DO:121:0:Weekday:2:26MAR:86035:12345,1775259900,1775259900,default
1775256619,1_620,40_510,510,40_16133701__MCOB-DO:121:0:Weekday:2:26MAR:86018:12345,40_MCOB-DO:121:0:Weekday:2:26MAR:86018:12345,1775260200,1775260200,default
1775256619,1_10912,1_100447,49,1_801199920,1_8023493,1775254920,1775256845,default
1775256619,1_10912,1_100264,70,1_801593480,1_8026409,1775256487,1775256865,default
1775256619,1_10912,1_100162,271,1_587120120,1_7976354,1775256960,-1,default
1775256619,1_10912,40_100451,556,40_635882320,40_7976550,1775257020,1775257020,default
1775256619,1_10912,40_100511,542,40_569572690,40_7976685,1775257440,1775257440,default
1775256619,1_10912,1_100162,271,1_569496430,1_7976349,1775257680,1775257680,default
1775256619,1_10912,1_100162,271,1_569554060,1_7976675,1775258340,1775258340,default
1775256619,1_10912,40_100451,556,40_635882820,40_7976589,1775258700,1775258700,default
1775256619,1_71960,40_100511,542,40_721031460,40_7976606,1775257500,1775257500,default
1775256619,1_8403,1_100039,14,1_562519780,1_7974991,1775256540,1775256540,default
1775256619,1_76310,1_102705,230,1_664298670,1_7976384,1775256823,1775256823,default
1775256619,1_76310,1_100214,372,1_694306110,1_6908,1775256595,1775256833,default
1775256919,1_970,40_590,590,40_490020,40_9727,1775256991,1775256991,default
1775256919,1_12770,1_100228,48,1_721359950,1_7974621,1775256989,1775256989,default
1775256919,1_23030,1_100101,21,1_809329030,1_8025800,1775256950,1775256950,default
1775256919,1_320,1_100104,212,1_806323780,1_7425,1775256960,1775256960,default
1775256919,1_2850,1_100089,2,1_788757860,1_7158,1775257320,1775256212,default
1775256919,1_46505,1_102619,F Line,1_694522030,1_7975998,1775257260,1775257260,default
1775256919,1_46505,1_102619,F Line,1_694521850,1_7976003,1775257860,1775257860,default
1775256919,1_46505,1_102619,F Line,1_694522190,1_7976035,1775258460,1775258460,default
1775256919,1_46505,1_102619,F Line,1_694521250,1_7975997,1775259060,1775259060,default
1775256919,1_46505,1_102619,F Line,1_694521460,1_7976017,1775259660,1775259660,default
1775256919,1_46505,1_102619,F Line,1_694521960,1_7976016,1775260260,1775260260,default
1775256919,1_29423,1_102732,79,1_816446570,1_8022099,1775257500,1775257500,default
1775256919,1_1190,40_100239,550,40_597758420,40_7976616,1775257000,1775257000,default
1775256919,1_73366,1_102548,B Line,1_721019060,1_7976626,1775257060,1775257060,default
1775256919,1_52306,1_102619,F Line,1_800654830,1_8023710,1775257500,1775257500,default
1775256919,1_52306,1_102619,F Line,1_800653460,1_8023726,1775258100,1775258100,default
1775256919,1_52306,1_102619,F Line,1_800654070,1_8023882,1775258700,1775258700,default
1775256919,1_52306,1_102619,F Line,1_800654320,1_8023724,1775259300,1775259300,default
1775256919,1_52306,1_102619,F Line,1_800654600,1_8023712,1775259900,1775259900,default
1775256919,1_52306,1_102619,F Line,1_800653610,1_8023728,1775260500,1775260500,default
1775256919,1_80121,1_102719,161,1_800652220,1_8023891,1775257148,1775257148,default
1775256919,1_82187,1_100259,67,1_724948190,1_7975714,1775257042,1775257042,default
1775256919,1_41850,1_100006,107,1_800667450,1_8023890,1775257030,1775257030,default
1775256919,1_59282,1_100072,181,1_721482060,1_7188,1775257080,1775256258,default
1775256919,1_59282,1_102717,165,1_800649820,1_7474,1775257740,1775256787,default
1775256919,1_59282,1_102717,165,1_800649820,1_8023716,1775257740,1775257740,default
1775256919,1_59282,1_102717,165,1_800649830,1_8023844,1775258940,1775258940,default
1775256919,1_41370,1_100028,13,1_788759000,1_8023486,1775257081,1775257081,default
1775256919,1_19921,1_100101,21,1_809330350,1_8026439,1775257036,1775257104,default
1775256919,1_58079,1_102719,161,1_800652440,1_8023782,1775257080,1775257080,default
1775256919,1_620,40_515,515,40_16133718__MCOB-DO:121:0:Weekday:2:26MAR:86029:12345,40_17806,1775257200,1775256979,default
1775256919,1_620,1_100003,101,1_811224250,1_8023802,1775257080,1775257080,default
1775256919,1_620,40_515,515,40_16133718__MCOB-DO:121:0:Weekday:2:26MAR:86029:12345,40_MCOB-DO:121:0:Weekday:2:26MAR:86029:12345,1775257200,1775257200,default
1775256919,1_620,40_100240,554,40_774872080,40_7976705,1775257200,1775257200,default
1775256919,1_620,40_100239,550,40_597758490,40_7976612,1775257500,1775257500,default
1775256919,1_620,40_510,510,40_16133724__MCOB-DO:121:0:Weekday:2:26MAR:86030:12345,40_MCOB-DO:121:0:Weekday:2:26MAR:86030:12345,1775257800,1775257800,default
1775256919,1_620,1_102754,256,1_816378480,1_8005264,1775257980,1775257980,default
1775256919,1_620,40_515,515,40_16133692__MCOB-DO:121:0:Weekday:2:26MAR:86034:12345,40_MCOB-DO:121:0:Weekday:2:26MAR:86034:12345,1775259180,1775259180,default
1775256919,1_620,40_515,515,40_16133734__MCOB-DO:121:0:Weekday:2:26MAR:86035:12345,40_MCOB-DO:121:0:Weekday:2:26MAR:86035:12345,1775259900,1775259900,default
1775256919,1_620,40_510,510,40_16133701__MCOB-DO:121:0:Weekday:2:26MAR:86018:12345,40_MCOB-DO:121:0:Weekday:2:26MAR:86018:12345,1775260200,1775260200,default
1775256919,1_10912,40_100511,542,40_569572690,40_7976685,1775257440,1775257440,default
1775256919,1_10912,1_100162,271,1_569496430,1_7976349,1775257680,1775257680,default
1775256919,1_10912,1_100162,271,1_569554060,1_7976675,1775258340,1775258340,default
1775256919,1_10912,40_100451,556,40_635882820,40_7976589,1775258700,1775258700,default
1775256919,1_10912,1_100162,271,1_569496280,1_7976387,1775258880,1775258880,default
1775256919,1_71960,40_100511,542,40_721031460,40_7976606,1775257500,1775257500,default
1775257219,1_5830,1_100229,5,1_809328630,1_8025802,1775257230,1775257236,default
1775257219,1_320,40_590,590,40_490020,40_9727,1775257260,1775257260,default
1775257219,1_320,40_100240,554,40_560098140,40_9672,1775257260,1775257346,default
1775257219,1_575,1_102576,C Line,1_800868890,1_8024979,1775257260,1775257260,default
1775257219,1_575,1_100263,7,1_800588430,1_8023429,1775257320,1775257320,default
1775257219,1_2850,1_100089,2,1_788757860,1_7158,1775257320,1775256212,default
1775257219,1_46505,1_102619,F Line,1_694522030,1_7975998,1775257260,1775257260,default
1775257219,1_46505,1_102619,F Line,1_694521850,1_7976003,1775257860,1775257860,default
1775257219,1_46505,1_102619,F Line,1_694522190,1_7976035,1775258460,1775258460,default
1775257219,1_46505,1_102619,F Line,1_694521250,1_7975997,1775259060,1775259060,default
1775257219,1_46505,1_102619,F Line,1_694521460,1_7976017,1775259660,1775259660,default
1775257219,1_46505,1_102619,F Line,1_694521960,1_7976016,1775260260,1775260260,default
1775257219,1_29423,1_102732,79,1_816446570,1_8022099,1775257500,1775257500,default
1775257219,1_280,1_100011,111,1_664454880,1_7976575,1775257193,1775257285,default
1775257219,1_27420,1_100161,27,1_759819160,1_7974705,1775257294,1775257294,default
1775257219,1_23530,1_100259,67,1_724949980,1_7975676,1775257288,1775257288,default
1775257219,1_52306,1_102619,F Line,1_800654830,1_8023710,1775257500,1775257500,default
1775257219,1_52306,1_102619,F Line,1_800653460,1_8023726,1775258100,1775258100,default
1775257219,1_52306,1_102619,F Line,1_800654070,1_8023882,1775258700,1775258700,default
1775257219,1_52306,1_102619,F Line,1_800654320,1_8023724,1775259300,1775259300,default
1775257219,1_52306,1_102619,F Line,1_800654600,1_8023712,1775259900,1775259900,default
1775257219,1_52306,1_102619,F Line,1_800653610,1_8023728,1775260500,1775260500,default
1775257219,1_8530,1_100005,106,1_727785070,1_7975008,1775257326,-1,default
1775257219,1_45670,1_100210,36,1_800582630,1_8023417,1775257341,1775257362,default
1775257219,1_36510,1_100024,125,1_473787150,1_7974660,1775257315,1775257328,default
1775257219,1_80124,1_102719,161,1_800652220,1_8023891,1775257339,1775257339,default
1775257219,1_59282,1_102717,165,1_800649820,1_7474,1775257740,1775256787,default
1775257219,1_59282,1_102717,165,1_800649830,1_8023844,1775258940,1775258940,default
1775257219,1_31970,1_100230,50,1_785566890,1_3701,1775257081,1775257348,default
1775257219,1_57791,1_102718,184,1_816484510,1_8023665,1775257569,1775257569,default
1775257219,1_620,1_102754,256,1_816378480,1_6922,1775257980,1775257024,default
1775257219,1_620,40_100239,550,40_597758490,40_7976612,1775257500,1775257500,default
1775257219,1_620,40_510,510,40_16133724__MCOB-DO:121:0:Weekday:2:26MAR:86030:12345,40_MCOB-DO:121:0:Weekday:2:26MAR:86030:12345,1775257800,1775257800,default
1775257219,1_620,40_515,515,40_16133692__MCOB-DO:121:0:Weekday:2:26MAR:86034:12345,40_MCOB-DO:121:0:Weekday:2:26MAR:86034:12345,1775259180,1775259180,default
1775257219,1_620,40_515,515,40_16133734__MCOB-DO:121:0:Weekday:2:26MAR:86035:12345,40_MCOB-DO:121:0:Weekday:2:26MAR:86035:12345,1775259900,1775259900,default
1775257219,1_620,40_510,510,40_16133701__MCOB-DO:121:0:Weekday:2:26MAR:86018:12345,40_MCOB-DO:121:0:Weekday:2:26MAR:86018:12345,1775260200,1775260200,default
1775257219,1_10912,40_100511,542,40_569572690,40_7976685,1775257440,1775257440,default
1775257219,1_10912,1_100447,49,1_801199890,1_8023494,1775257320,1775257443,default
1775257219,1_10912,1_100162,271,1_569496430,1_7976349,1775257680,1775257680,default
1775257219,1_10912,1_100162,271,1_569554060,1_7976675,1775258340,1775258340,default
1775257219,1_10912,40_100451,556,40_635882820,40_7976589,1775258700,1775258700,default
1775257219,1_10912,1_100162,271,1_569496280,1_7976387,1775258880,1775258880,default
1775257219,1_71960,40_100511,542,40_721031460,40_7976606,1775257500,1775257500,default
1775257219,1_71960,40_100511,542,40_721031210,40_7976604,1775258820,1775258820,default
1775257519,1_60161,1_100042,148,1_762077710,1_7976053,1775257920,1775258013,default
1775257519,1_8541,1_100005,106,1_727785060,1_7090,1775257440,1775257539,default
1775257519,1_75890,1_102615,E Line,1_761418300,1_7975616,1775257542,1775257542,default
1775257519,1_320,1_100011,111,1_664454880,1_7407,1775257320,1775257557,default
1775257519,1_575,1_102581,D Line,1_803817070,1_6079,1775257620,1775257546,default
1775257519,1_575,1_102615,E Line,1_768604230,1_6209,1775257560,1775257565,default
1775257519,1_2850,1_100089,2,1_788758220,1_7117,1775258100,1775257223,default
1775257519,1_61467,1_100073,182,1_721509370,1_7976215,1775257560,1775257560,default
1775257519,1_46505,1_102619,F Line,1_694521850,1_7976003,1775257860,1775257860,default
1775257519,1_46505,1_102619,F Line,1_694522190,1_7976035,1775258460,1775258460,default
1775257519,1_46505,1_102619,F Line,1_694521250,1_7975997,1775259060,1775259060,default
1775257519,1_46505,1_102619,F Line,1_694521460,1_7976017,1775259660,1775259660,default
1775257519,1_46505,1_102619,F Line,1_694521960,1_7976016,1775260260,1775260260,default
1775257519,1_46505,1_102619,F Line,1_694521700,1_7976229,1775260860,1775260860,default
1775257519,1_89990,29_130,130,29_16131481__MCOB-DO:121:0:Weekday:2:26MAR:41051:12345,29_15107,1775257620,1775257562,default
1775257519,1_82674,1_102705,230,1_664298680,1_7976336,1775257608,1775257608,default
1775257519,1_27420,1_100249,60,1_801585590,1_8025819,1775257628,1775257628,default
1775257519,1_75143,1_102746,333,1_778704180,1_7975681,1775257605,1775257605,default
1775257519,1_52306,1_102619,F Line,1_800653460,1_8023726,1775258100,1775258100,default
1775257519,1_52306,1_102619,F Line,1_800654070,1_8023882,1775258700,1775258700,default
1775257519,1_52306,1_102619,F Line,1_800654320,1_8023724,1775259300,1775259300,default
1775257519,1_52306,1_102619,F Line,1_800654600,1_8023712,1775259900,1775259900,default
1775257519,1_52306,1_102619,F Line,1_800653610,1_8023728,1775260500,1775260500,default
1775257519,1_52306,1_102619,F Line,1_800653870,1_8023729,1775261100,1775261100,default
1775257519,1_99254,1_100003,101,1_800669310,1_8023776,1775257642,1775257642,default
1775257519,1_70665,1_102704,250,1_806915400,1_8024718,1775257658,1775257658,default
1775257519,1_59282,1_102717,165,1_800649820,1_7474,1775257740,1775256787,default
1775257519,1_59282,1_102717,165,1_800649830,1_8023844,1775258940,1775258940,default
1775257519,1_620,1_102754,256,1_816378480,1_6922,1775257980,1775257024,default
1775257519,1_620,40_510,510,40_16133724__MCOB-DO:121:0:Weekday:2:26MAR:86030:12345,40_MCOB-DO:121:0:Weekday:2:26MAR:86030:12345,1775257800,1775257800,default
1775257519,1_620,40_100239,550,40_597758510,40_7976712,1775258100,1775258100,default
1775257519,1_620,40_515,515,40_16133692__MCOB-DO:121:0:Weekday:2:26MAR:86034:12345,40_MCOB-DO:121:0:Weekday:2:26MAR:86034:12345,1775259180,1775259180,default
1775257519,1_620,40_515,515,40_16133734__MCOB-DO:121:0:Weekday:2:26MAR:86035:12345,40_MCOB-DO:121:0:Weekday:2:26MAR:86035:12345,1775259900,1775259900,default
1775257519,1_620,40_510,510,40_16133701__MCOB-DO:121:0:Weekday:2:26MAR:86018:12345,40_MCOB-DO:121:0:Weekday:2:26MAR:86018:12345,1775260200,1775260200,default
1775257519,1_10912,1_100162,271,1_569496430,1_7976349,1775257680,1775257680,default
1775257519,1_10912,1_100214,372,1_694306620,1_6993,1775257544,1775257687,default
1775257519,1_10912,40_586,586,40_3874020,40_9737,1775257703,1775257739,default
1775257519,1_10912,1_100162,271,1_569554060,1_7976675,1775258340,1775258340,default
1775257519,1_10912,40_100451,556,40_635882820,40_7976589,1775258700,1775258700,default
1775257519,1_10912,40_100511,542,40_608344410,40_7976686,1775258760,1775258760,default
1775257519,1_10912,1_100162,271,1_569496280,1_7976387,1775258880,1775258880,default
1775257519,1_10912,1_100162,271,1_569497120,1_7976667,1775259540,1775259540,default
1775257519,1_10912,40_100451,556,40_635882830,40_7976563,1775260800,1775260800,default
1775257519,1_71960,40_100511,542,40_721031210,40_7976604,1775258820,1775258820,default
1775257519,1_8403,1_100039,14,1_562519810,1_7974989,1775257500,1775257500,default
1775257819,1_103,1_102745,G Line,1_736435930,1_7974685,1775257878,1775257878,default
1775257819,1_22196,1_102736,H Line,1_694056150,1_7974896,1775257866,1775257866,default
1775257819,1_60161,1_100042,148,1_762077710,1_7976053,1775257920,1775257971,default
1775257819,1_12770,1_100228,48,1_721361730,1_7974619,1775257889,1775257889,default
1775257819,1_23030,1_100101,21,1_809328580,1_8025803,1775257850,1775257850,default
1775257819,1_320,40_100239,550,40_597759280,40_9675,1775257860,1775257817,default
1775257819,1_320,40_590,590,40_1932020,40_9124,1775257860,1775257860,default
1775257819,1_575,1_102576,C Line,1_800867890,1_8024975,1775257920,1775257920,default
1775257819,1_2850,1_100089,2,1_788758220,1_7117,1775258100,1775257223,default
1775257819,1_46505,1_102619,F Line,1_694521850,1_6281,1775257860,1775257597,default
1775257819,1_46505,1_102619,F Line,1_694521850,1_7976003,1775257860,1775257860,default
1775257819,1_46505,1_102619,F Line,1_694522190,1_7976035,1775258460,1775258460,default
1775257819,1_46505,1_102619,F Line,1_694521250,1_7975997,1775259060,1775259060,default
1775257819,1_46505,1_102619,F Line,1_694521460,1_7976017,1775259660,1775259660,default
1775257819,1_46505,1_102619,F Line,1_694521960,1_7976016,1775260260,1775260260,default
1775257819,1_46505,1_102619,F Line,1_694521700,1_7976229,1775260860,1775260860,default
1775257819,1_280,1_100104,212,1_806323790,1_8005197,1775257970,1775257970,default
1775257819,1_3470,1_100210,36,1_800582230,1_8023418,1775257920,1775257920,default
1775257819,1_73366,1_102548,B Line,1_721019090,1_7976636,1775257900,1775257900,default
1775257819,1_73112,1_102704,250,1_806915390,1_8024721,1775257902,1775257902,default
1775257819,1_52306,1_102619,F Line,1_800653460,1_8023726,1775258100,1775258100,default
1775257819,1_52306,1_102619,F Line,1_800654070,1_8023882,1775258700,1775258700,default
1775257819,1_52306,1_102619,F Line,1_800654320,1_8023724,1775259300,1775259300,default
1775257819,1_52306,1_102619,F Line,1_800654600,1_8023712,1775259900,1775259900,default
1775257819,1_52306,1_102619,F Line,1_800653610,1_8023728,1775260500,1775260500,default
1775257819,1_52306,1_102619,F Line,1_800653870,1_8023729,1775261100,1775261100,default
1775257819,1_80121,1_102719,161,1_800652230,1_8023904,1775258037,1775258037,default
1775257819,1_45670,1_100210,36,1_800583850,1_8023436,1775257821,1775257951,default
1775257819,1_60359,1_102720,160,1_770988390,1_7976075,1775257964,1775257964,default
1775257819,1_49350,1_100026,128,1_806634750,1_8023675,1775257957,1775257957,default
1775257819,1_57804,1_100072,181,1_721481530,1_7976037,1775258413,1775258413,default
1775257819,1_59282,1_102717,165,1_800649830,1_8023844,1775258940,1775258940,default
1775257819,1_58079,1_102719,161,1_800652430,1_8023846,1775257980,1775257980,default
1775257819,1_31890,1_100230,50,1_770998020,1_7976175,1775258021,1775258021,default
1775257819,1_620,1_102754,256,1_816378480,1_6922,1775257980,1775257024,default
1775257819,1_620,1_100003,101,1_800669310,1_8023776,1775257980,1775257980,default
1775257819,1_620,40_100239,550,40_597758510,40_7976712,1775258100,1775258100,default
1775257819,1_620,40_100236,545,40_563502510,40_7976572,1775258160,1775258160,default
1775257819,1_620,40_515,515,40_16133692__MCOB-DO:121:0:Weekday:2:26MAR:86034:12345,40_MCOB-DO:121:0:Weekday:2:26MAR:86034:12345,1775259180,1775259180,default
1775257819,1_620,40_515,515,40_16133734__MCOB-DO:121:0:Weekday:2:26MAR:86035:12345,40_MCOB-DO:121:0:Weekday:2:26MAR:86035:12345,1775259900,1775259900,default
1775257819,1_620,40_510,510,40_16133701__MCOB-DO:121:0:Weekday:2:26MAR:86018:12345,40_MCOB-DO:121:0:Weekday:2:26MAR:86018:12345,1775260200,1775260200,default
1775257819,1_620,29_424,424,29_16132036__MCOB-DO:121:0:Weekday:2:26MAR:61057:12345,29_MCOB-DO:121:0:Weekday:2:26MAR:61057:12345,1775261400,1775261400,default
1775257819,1_620,40_510,510,40_16133731__MCOB-DO:121:0:Weekday:2:26MAR:86019:12345,40_MCOB-DO:121:0:Weekday:2:26MAR:86019:12345,1775261400,1775261400,default
1775257819,1_10912,1_100162,271,1_569554060,1_7976675,1775258340,1775258340,default
1775257819,1_10912,40_100451,556,40_635882820,40_7976589,1775258700,1775258700,default
1775257819,1_10912,40_100511,542,40_608344410,40_7976686,1775258760,1775258760,default
1775257819,1_10912,1_100162,271,1_569496280,1_7976387,1775258880,1775258880,default
1775257819,1_10912,1_100162,271,1_569497120,1_7976667,1775259540,1775259540,default
1775257819,1_10912,40_100451,556,40_635882830,40_7976563,1775260800,1775260800,default
1775257819,1_71960,40_100511,542,40_721031210,40_7976604,1775258820,1775258820,default
1775257819,1_49810,1_100031,132,1_800857640,1_8024991,1775258024,1775258024,default
1775257819,1_3000,1_100089,2,1_788757860,1_8023446,1775257883,1775258031,default
1775257819,1_58144,1_102719,161,1_800652440,1_8023782,1775258027,1775258027,default
1775258119,1_103,1_102745,G Line,1_736435970,1_7974690,1775258238,1775258238,default
1775258119,1_31270,1_100184,31,1_800851620,1_8025082,1775258137,1775258137,default
1775258119,1_320,1_100104,212,1_806323790,1_6882,1775258160,1775258160,default
1775258119,1_320,40_595,595,40_1384020,40_9714,1775258220,1775258220,default
1775258119,1_575,1_100264,70,1_801593910,1_8221,1775258160,1775258160,default
1775258119,1_2850,1_100089,2,1_788757870,1_7139,1775258820,1775257603,default
1775258119,1_2850,1_100089,2,1_788757550,1_8023471,1775258160,1775258160,default
1775258119,1_46505,1_102619,F Line,1_694522190,1_7976035,1775258460,1775258460,default
1775258119,1_46505,1_102619,F Line,1_694521250,1_7975997,1775259060,1775259060,default
1775258119,1_46505,1_102619,F Line,1_694521460,1_7976017,1775259660,1775259660,default
1775258119,1_46505,1_102619,F Line,1_694521700,1_7976229,1775260860,1775260860,default
1775258119,1_46505,1_102619,F Line,1_694522120,1_7976085,1775261460,1775261460,default
1775258119,1_29423,1_102732,79,1_816446400,1_8022070,1775259300,1775259300,default
1775258119,1_23530,1_100259,67,1_724948710,1_7975669,1775258212,1775258212,default
1775258119,1_57453,1_100060,168,1_800660380,1_8023782,1775258100,1775258100,default
1775258119,1_52306,1_102619,F Line,1_800654070,1_8023882,1775258700,1775258700,default
1775258119,1_52306,1_102619,F Line,1_800654320,1_8023724,1775259300,1775259300,default
1775258119,1_52306,1_102619,F Line,1_800654600,1_8023712,1775259900,1775259900,default
1775258119,1_52306,1_102619,F Line,1_800653610,1_8023728,1775260500,1775260500,default
1775258119,1_52306,1_102619,F Line,1_800653870,1_8023729,1775261100,1775261100,default
1775258119,1_52306,1_102619,F Line,1_800654760,1_8023709,1775261700,1775261700,default
1775258119,1_8530,1_100005,106,1_727784980,1_7975010,1775258226,1775258226,default
1775258119,1_2200,1_100089,2,1_788758610,1_7155,1775258271,1775258271,default
1775258119,1_57804,1_100072,181,1_721481530,1_7976037,1775258413,1775258413,default
1775258119,1_59282,1_100072,181,1_721481700,1_7439,1775258880,1775257922,default
1775258119,1_59282,1_102717,165,1_800649830,1_8023844,1775258940,1775258940,default
1775258119,1_31890,1_100026,128,1_806634810,1_8023683,1775258268,1775258268,default
1775258119,1_620,40_100239,550,40_597758440,40_7976614,1775258700,1775258700,default
1775258119,1_620,40_100240,554,40_774872160,40_7976696,1775258760,1775258760,default
1775258119,1_620,40_515,515,40_16133692__MCOB-DO:121:0:Weekday:2:26MAR:86034:12345,40_MCOB-DO:121:0:Weekday:2:26MAR:86034:12345,1775259180,1775259180,default
1775258119,1_620,40_515,515,40_16133734__MCOB-DO:121:0:Weekday:2:26MAR:86035:12345,40_MCOB-DO:121:0:Weekday:2:26MAR:86035:12345,1775259900,1775259900,default
1775258119,1_620,40_510,510,40_16133701__MCOB-DO:121:0:Weekday:2:26MAR:86018:12345,40_MCOB-DO:121:0:Weekday:2:26MAR:86018:12345,1775260200,1775260200,default
1775258119,1_620,29_424,424,29_16132036__MCOB-DO:121:0:Weekday:2:26MAR:61057:12345,29_MCOB-DO:121:0:Weekday:2:26MAR:61057:12345,1775261400,1775261400,default
1775258119,1_620,40_510,510,40_16133731__MCOB-DO:121:0:Weekday:2:26MAR:86019:12345,40_MCOB-DO:121:0:Weekday:2:26MAR:86019:12345,1775261400,1775261400,default
1775258119,1_620,1_102754,256,1_816378500,1_8005267,1775261700,1775261700,default
1775258119,1_10912,1_100214,372,1_694306010,1_6866,1775258204,1775258288,default
1775258119,1_10912,1_100264,70,1_801592950,1_8225,1775258227,1775258308,default
1775258119,1_10912,1_100162,271,1_569554060,1_7976675,1775258340,1775258340,default
1775258119,1_10912,40_100451,556,40_635882820,40_7976589,1775258700,1775258700,default
1775258119,1_10912,40_100511,542,40_608344410,40_7976686,1775258760,1775258760,default
1775258119,1_10912,1_100162,271,1_569496280,1_7976387,1775258880,1775258880,default
1775258119,1_10912,1_100162,271,1_569497120,1_7976667,1775259540,1775259540,default
1775258119,1_10912,40_100451,556,40_635882830,40_7976563,1775260800,1775260800,default
1775258119,1_71960,40_100511,542,40_721031210,40_7976604,1775258820,1775258820,default
1775258419,1_52638,1_102719,161,1_800652500,1_8023879,1775258449,1775258449,default
1775258419,1_60120,1_100042,148,1_762077640,1_7976051,1775258451,1775258451,default
1775258419,1_320,40_100239,550,40_597759250,40_9653,1775258460,1775258450,default
1775258419,1_320,40_100240,554,40_581722190,40_9576,1775258460,1775258535,default
1775258419,1_575,1_102576,C Line,1_800868800,1_8025005,1775258520,1775258520,default
1775258419,1_575,1_100028,13,1_788759020,1_7152,1775258280,1775258525,default
1775258419,1_2850,1_100089,2,1_788757870,1_7139,1775258820,1775257603,default
1775258419,1_2850,1_100089,2,1_788758230,1_7166,1775259540,1775259540,default
1775258419,1_2850,1_100089,2,1_788758230,1_8023471,1775259540,1775259540,default
1775258419,1_46505,1_102619,F Line,1_694522190,1_7976035,1775258460,1775258460,default
1775258419,1_46505,1_102619,F Line,1_694521250,1_7975997,1775259060,1775259060,default
1775258419,1_46505,1_102619,F Line,1_694521460,1_7976017,1775259660,1775259660,default
1775258419,1_46505,1_102619,F Line,1_694521700,1_7976229,1775260860,1775260860,default
1775258419,1_46505,1_102619,F Line,1_694522120,1_7976085,1775261460,1775261460,default
1775258419,1_29423,1_102732,79,1_816446400,1_8022070,1775259300,1775259300,default
1775258419,1_11590,1_100002,10,1_675385600,1_7974876,1775258491,1775258491,default
1775258419,1_79877,1_100162,271,1_581745970,1_7976388,1775258515,1775258515,default
1775258419,1_75143,1_102746,333,1_778704190,1_7975729,1775258505,1775258505,default
1775258419,1_73366,1_102548,B Line,1_721019290,1_7976625,1775258560,1775258560,default
1775258419,1_52306,1_102619,F Line,1_800654070,1_8023882,1775258700,1775258700,default
1775258419,1_52306,1_102619,F Line,1_800654320,1_8023724,1775259300,1775259300,default
1775258419,1_52306,1_102619,F Line,1_800654600,1_8023712,1775259900,1775259900,default
1775258419,1_52306,1_102619,F Line,1_800653610,1_8023728,1775260500,1775260500,default
1775258419,1_52306,1_102619,F Line,1_800653870,1_8023729,1775261100,1775261100,default
1775258419,1_52306,1_102619,F Line,1_800654760,1_8023709,1775261700,1775261700,default
1775258419,1_99254,1_100003,101,1_800669320,1_8023801,1775258542,1775258542,default
1775258419,1_99254,40_594,594,40_3249020,40_9715,1775258253,1775258564,default
1775258419,1_40030,1_102574,40,1_811900750,1_8222,1775258351,1775258556,default
1775258419,1_70665,1_102704,250,1_806915390,1_8024721,1775258549,1775258549,default
1775258419,1_36510,1_100024,125,1_473787160,1_7974703,1775258515,1775258526,default
1775258419,1_72446,1_102752,223,1_816297680,1_8024725,1775258533,1775258533,default
1775258419,1_59282,1_100072,181,1_721481700,1_7439,1775258880,1775257922,default
1775258419,1_59282,1_102717,165,1_800649830,1_8023844,1775258940,1775258940,default
1775258419,1_59282,1_102717,165,1_800649840,1_8023877,1775260140,1775260140,default
1775258419,1_23905,1_100214,372,1_694306110,1_7976752,1775258632,1775258632,default
1775258419,1_620,40_100239,550,40_597758440,40_7976614,1775258700,1775258700,default
1775258419,1_620,40_100236,545,40_563502980,40_7976567,1775258760,1775258760,default
1775258419,1_620,40_100240,554,40_774872160,40_7976696,1775258760,1775258760,default
1775258419,1_620,40_515,515,40_16133692__MCOB-DO:121:0:Weekday:2:26MAR:86034:12345,40_MCOB-DO:121:0:Weekday:2:26MAR:86034:12345,1775259180,1775259180,default
1775258419,1_620,40_515,515,40_16133734__MCOB-DO:121:0:Weekday:2:26MAR:86035:12345,40_MCOB-DO:121:0:Weekday:2:26MAR:86035:12345,1775259900,1775259900,default
1775258419,1_620,40_510,510,40_16133701__MCOB-DO:121:0:Weekday:2:26MAR:86018:12345,40_MCOB-DO:121:0:Weekday:2:26MAR:86018:12345,1775260200,1775260200,default
1775258419,1_620,29_424,424,29_16132036__MCOB-DO:121:0:Weekday:2:26MAR:61057:12345,29_MCOB-DO:121:0:Weekday:2:26MAR:61057:12345,1775261400,1775261400,default
1775258419,1_620,40_510,510,40_16133731__MCOB-DO:121:0:Weekday:2:26MAR:86019:12345,40_MCOB-DO:121:0:Weekday:2:26MAR:86019:12345,1775261400,1775261400,default
1775258419,1_620,1_102754,256,1_816378500,1_8005267,1775261700,1775261700,default
1775258419,1_10912,1_100447,49,1_801199810,1_4358,1775258520,1775258595,default
1775258419,1_10912,40_100451,556,40_635882820,40_7976589,1775258700,1775258700,default
1775258419,1_10912,40_100511,542,40_608344410,40_7976686,1775258760,1775258760,default
1775258419,1_10912,1_100162,271,1_569496280,1_7976387,1775258880,1775258880,default
1775258419,1_10912,1_100162,271,1_569497120,1_7976667,1775259540,1775259540,default
1775258419,1_10912,40_100511,542,40_608343950,40_7976608,1775259960,1775259960,default
1775258419,1_10912,1_100162,271,1_569495930,1_7976350,1775260200,1775260200,default
1775258419,1_10912,40_100451,556,40_635882830,40_7976563,1775260800,1775260800,default
1775258419,1_71960,40_100511,542,40_721031210,40_7976604,1775258820,1775258820,default
1775258419,1_71960,40_100511,542,40_721030740,40_7976607,1775259480,1775259480,default
1775258419,1_8403,1_100039,14,1_562519870,1_7974994,1775258400,1775258400,default
1775258419,1_76310,1_100214,372,1_694306650,1_6980,1775258395,1775258600,default
1775258719,1_52638,40_574,574,40_1580020,40_9122,1775258822,1775258720,default
1775258719,1_12770,1_100228,48,1_721360280,1_7974618,1775258789,1775258789,default
1775258719,1_320,1_100011,111,1_664454890,1_7421,1775258760,1775258760,default
1775258719,1_320,40_590,590,40_430020,40_41517,1775258820,1775258820,default
1775258719,1_575,1_100264,70,1_801593100,1_8234,1775258760,1775258760,default
1775258719,1_2850,1_100089,2,1_788757870,1_7139,1775258820,1775257603,default
1775258719,1_2850,1_100089,2,1_788758230,1_7166,1775259540,1775258405,default
1775258719,1_46505,1_102619,F Line,1_694521250,1_7975997,1775259060,1775259060,default
1775258719,1_46505,1_102619,F Line,1_694521460,1_7976017,1775259660,1775259660,default
1775258719,1_46505,1_102619,F Line,1_694522120,1_7976085,1775261460,1775261460,default
1775258719,1_29423,1_102732,79,1_816446400,1_8022070,1775259300,1775259300,default
1775258719,1_3470,1_100210,36,1_800583850,1_8023436,1775258820,1775258820,default
1775258719,1_1510,1_100210,36,1_800582230,1_8023418,1775258798,1775258798,default
1775258719,1_72494,1_100160,269,1_806917870,1_8024685,1775258880,1775258880,default
1775258719,1_73112,1_102704,250,1_806915410,1_8024720,1775258802,1775258802,default
1775258719,1_52306,1_102619,F Line,1_800654320,1_8023724,1775259300,1775259300,default
1775258719,1_52306,1_102619,F Line,1_800654600,1_8023712,1775259900,1775259900,default
1775258719,1_52306,1_102619,F Line,1_800653610,1_8023728,1775260500,1775260500,default
1775258719,1_52306,1_102619,F Line,1_800653870,1_8023729,1775261100,1775261100,default
1775258719,1_52306,1_102619,F Line,1_800654760,1_8023709,1775261700,1775261700,default
1775258719,1_52306,1_102619,F Line,1_800654580,1_8023711,1775262300,1775262300,default
1775258719,1_45670,1_100210,36,1_800584040,1_8023416,1775258721,1775258862,default
1775258719,1_68593,1_100162,271,1_569496080,1_7976382,1775258829,1775258829,default
1775258719,1_59282,1_100072,181,1_721481700,1_7439,1775258880,1775257922,default
1775258719,1_59282,1_102717,165,1_800649840,1_7016,1775260140,1775258543,default
1775258719,1_59282,1_102717,165,1_800649830,1_8023844,1775258940,1775258940,default
1775258719,1_59282,1_102717,165,1_800649840,1_8023877,1775260140,1775260140,default
1775258719,1_85531,1_102757,187,1_762095120,1_7976065,1775258940,1775258940,default
1775258719,1_620,1_100003,101,1_800669320,1_8023801,1775258880,1775258880,default
1775258719,1_620,40_594,594,40_3249020,40_9715,1775258640,1775258955,default
1775258719,1_620,40_515,515,40_16133692__MCOB-DO:121:0:Weekday:2:26MAR:86034:12345,40_MCOB-DO:121:0:Weekday:2:26MAR:86034:12345,1775259180,1775259180,default
1775258719,1_620,40_100239,550,40_597758970,40_7976615,1775259300,1775259300,default
1775258719,1_620,40_515,515,40_16133734__MCOB-DO:121:0:Weekday:2:26MAR:86035:12345,40_MCOB-DO:121:0:Weekday:2:26MAR:86035:12345,1775259900,1775259900,default
1775258719,1_620,40_510,510,40_16133701__MCOB-DO:121:0:Weekday:2:26MAR:86018:12345,40_MCOB-DO:121:0:Weekday:2:26MAR:86018:12345,1775260200,1775260200,default
1775258719,1_620,29_424,424,29_16132036__MCOB-DO:121:0:Weekday:2:26MAR:61057:12345,29_MCOB-DO:121:0:Weekday:2:26MAR:61057:12345,1775261400,1775261400,default
1775258719,1_620,40_510,510,40_16133731__MCOB-DO:121:0:Weekday:2:26MAR:86019:12345,40_MCOB-DO:121:0:Weekday:2:26MAR:86019:12345,1775261400,1775261400,default
1775258719,1_620,1_102754,256,1_816378500,1_8005267,1775261700,1775261700,default
1775258719,1_10912,1_100162,271,1_569496280,1_7976387,1775258880,1775258880,default
1775258719,1_10912,1_100162,271,1_569497120,1_7976667,1775259540,1775259540,default
1775258719,1_10912,40_100511,542,40_608343950,40_7976608,1775259960,1775259960,default
1775258719,1_10912,1_100162,271,1_569495930,1_7976350,1775260200,1775260200,default
1775258719,1_10912,40_100451,556,40_635882830,40_7976563,1775260800,1775260800,default
1775258719,1_10912,1_100162,271,1_569496790,1_7976668,1775262180,1775262180,default
1775258719,1_71960,40_100511,542,40_721030740,40_7976607,1775259480,1775259480,default
1775258719,1_58144,1_102719,161,1_800652430,1_8023846,1775258927,1775258927,default
1775259020,1_46791,1_100016,118,1_669631440,1_7976012,1775259300,1775259300,default
1775259020,1_76317,1_102702,239,1_736529470,1_7976434,1775259057,1775259057,default
1775259020,1_481,1_102736,H Line,1_694056510,1_6078,1775258760,1775259048,default
1775259020,1_22196,1_102736,H Line,1_694056060,1_7974966,1775259066,1775259066,default
1775259020,1_60161,1_100042,148,1_762077770,1_7976051,1775259780,1775259780,default
1775259020,1_8541,1_100263,7,1_800587950,1_8023408,1775259360,1775259360,default
1775259020,1_75890,1_102615,E Line,1_768603970,1_7975037,1775259342,1775259342,default
1775259020,1_320,40_590,590,40_2120020,40_9719,1775259420,1775259420,default
1775259020,1_575,1_100210,36,1_800582230,1_8023418,1775259360,1775259360,default
1775259020,1_575,1_100264,70,1_801593670,1_8258,1775259360,1775259360,default
1775259020,1_2850,1_100089,2,1_788758230,1_7166,1775259540,1775258405,default
1775259020,1_2850,1_100089,2,1_788757880,1_7099,1775260020,1775259088,default
1775259020,1_46505,1_102619,F Line,1_694521460,1_7976017,1775259660,1775259660,default
1775259020,1_46505,1_102619,F Line,1_694521960,1_7976016,1775260260,1775260260,default
1775259020,1_46505,1_102619,F Line,1_694522120,1_7976085,1775261460,1775261460,default
1775259020,1_46505,1_102619,F Line,1_656236290,1_7975999,1775262360,1775262360,default
1775259020,1_1510,1_100005,106,1_727784940,1_7975095,1775259372,1775259372,default
1775259020,1_52306,1_102619,F Line,1_800654600,1_8023712,1775259900,1775259900,default
1775259020,1_52306,1_102619,F Line,1_800653610,1_8023728,1775260500,1775260500,default
1775259020,1_52306,1_102619,F Line,1_800653870,1_8023729,1775261100,1775261100,default
1775259020,1_52306,1_102619,F Line,1_800654760,1_8023709,1775261700,1775261700,default
1775259020,1_52306,1_102619,F Line,1_800654580,1_8023711,1775262300,1775262300,default
1775259020,1_52306,1_102619,F Line,1_800654920,1_8023715,1775262900,1775262900,default
1775259020,1_16400,1_100252,62,1_800855430,1_8025072,1775259419,1775259419,default
1775259020,1_99254,1_100003,101,1_800669330,1_8023800,1775259442,1775259442,default
1775259020,1_45670,1_100210,36,1_800584210,1_8023380,1775259141,1775259457,default
1775259020,1_70665,1_102704,250,1_806915410,1_8024720,1775259449,1775259449,default
1775259020,1_59282,1_102717,165,1_800649840,1_7016,1775260140,1775258543,default
1775259020,1_55430,1_100006,107,1_800646480,1_8023888,1775259477,1775259477,default
1775259020,1_31890,1_100026,128,1_806634490,1_8023667,1775259468,1775259468,default
1775259020,1_620,40_100236,545,40_563502930,40_9666,1775259360,1775259511,default
1775259020,1_620,1_100104,212,1_806323800,1_8005196,1775259900,1775259900,default
1775259020,1_620,40_515,515,40_16133734__MCOB-DO:121:0:Weekday:2:26MAR:86035:12345,40_MCOB-DO:121:0:Weekday:2:26MAR:86035:12345,1775259900,1775259900,default
1775259020,1_620,40_100239,550,40_597759270,40_7976644,1775259900,1775259900,default
1775259020,1_620,40_510,510,40_16133701__MCOB-DO:121:0:Weekday:2:26MAR:86018:12345,40_MCOB-DO:121:0:Weekday:2:26MAR:86018:12345,1775260200,1775260200,default
1775259020,1_620,29_424,424,29_16132036__MCOB-DO:121:0:Weekday:2:26MAR:61057:12345,29_MCOB-DO:121:0:Weekday:2:26MAR:61057:12345,1775261400,1775261400,default
1775259020,1_620,40_510,510,40_16133731__MCOB-DO:121:0:Weekday:2:26MAR:86019:12345,40_MCOB-DO:121:0:Weekday:2:26MAR:86019:12345,1775261400,1775261400,default
1775259020,1_620,1_102754,256,1_816378500,1_8005267,1775261700,1775261700,default
1775259020,1_620,40_510,510,40_16133716__MCOB-DO:121:0:Weekday:2:26MAR:86028:12345,40_MCOB-DO:121:0:Weekday:2:26MAR:86028:12345,1775262600,1775262600,default
1775259020,1_620,40_515,515,40_16133703__MCOB-DO:121:0:Weekday:2:26MAR:86025:12345,40_MCOB-DO:121:0:Weekday:2:26MAR:86025:12345,1775262780,1775262780,default
1775259020,1_10912,1_100162,271,1_569497120,1_7976667,1775259540,1775259540,default
1775259020,1_10912,40_100511,542,40_608343950,40_7976608,1775259960,1775259960,default
1775259020,1_10912,1_100162,271,1_569495930,1_7976350,1775260200,1775260200,default
1775259020,1_10912,1_100162,271,1_569497230,1_7976676,1775260740,1775260740,default
1775259020,1_10912,40_100451,556,40_635882830,40_7976563,1775260800,1775260800,default
1775259020,1_10912,1_100162,271,1_569496790,1_7976668,1775262180,1775262180,default
1775259020,1_10912,40_100451,556,40_635883200,40_7976710,1775262600,1775262600,default
1775259020,1_71960,40_100511,542,40_721030740,40_7976607,1775259480,1775259480,default
1775259020,1_25210,1_100225,45,1_803352180,1_8186,1775259492,1775259492,default
1775259020,1_8403,1_100039,14,1_562519900,1_7974990,1775259300,1775259300,default
1775259491,1_481,1_102736,H Line,1_694056370,1_6056,1775259360,1775259525,default
1775259491,1_60161,1_100042,148,1_762077770,1_7976051,1775259780,1775259780,default
1775259491,1_6800,1_100229,5,1_809330620,1_8025799,1775259867,1775259513,default
1775259491,1_575,1_100219,4,1_675344760,1_7974869,1775259540,1775259540,default
1775259491,1_575,1_102615,E Line,1_768604340,1_6218,1775259300,1775259554,default
1775259491,1_2850,1_100089,2,1_788758230,1_7166,1775259540,1775258405,default
1775259491,1_2850,1_100089,2,1_788757880,1_7099,1775260020,1775259088,default
1775259491,1_46505,1_102619,F Line,1_694521460,1_7976017,1775259660,1775259660,default
1775259491,1_46505,1_102619,F Line,1_694521960,1_7976016,1775260260,1775260260,default
1775259491,1_46505,1_102619,F Line,1_694522120,1_7976085,1775261460,1775261460,default
1775259491,1_46505,1_102619,F Line,1_656236290,1_7975999,1775262360,1775262360,default
1775259491,1_280,1_100011,111,1_664455010,1_7414,1775259501,1775259575,default
1775259491,1_280,40_100240,554,40_581722710,40_7976705,1775259561,1775259580,default
1775259491,1_3470,1_100249,60,1_801585910,1_8025826,1775259540,1775259540,default
1775259491,1_1510,1_100001,1,1_800580860,1_4368,1775259354,1775259548,default
1775259491,1_68130,1_102548,B Line,1_721018920,1_6027,1775259688,1775259571,default
1775259491,1_52306,1_102619,F Line,1_800654600,1_8023712,1775259900,1775259900,default
1775259491,1_52306,1_102619,F Line,1_800653610,1_8023728,1775260500,1775260500,default
1775259491,1_52306,1_102619,F Line,1_800653870,1_8023729,1775261100,1775261100,default
1775259491,1_52306,1_102619,F Line,1_800654760,1_8023709,1775261700,1775261700,default
1775259491,1_52306,1_102619,F Line,1_800654580,1_8023711,1775262300,1775262300,default
1775259491,1_52306,1_102619,F Line,1_800654920,1_8023715,1775262900,1775262900,default
1775259491,1_40030,1_102574,40,1_811901650,1_8251,1775259551,1775259638,default
1775259491,1_70665,1_102702,239,1_736529240,1_7976431,1775259600,1775259600,default
1775259491,1_72050,1_100136,245,1_761787250,1_7976345,1775259636,1775259636,default
1775259491,1_57804,1_100072,181,1_721481860,1_7976104,1775260153,1775260153,default
1775259491,1_39983,1_102736,H Line,1_694055970,1_7974894,1775259660,1775259660,default
1775259491,1_54971,1_100004,105,1_635444140,1_1024,1775259413,1775259651,default
1775259491,1_59282,1_102717,165,1_800649840,1_7016,1775260140,1775258543,default
1775259491,1_82810,1_100133,240,1_811764760,1_8024700,1775259657,1775259657,default
1775259491,1_45230,1_100133,240,1_806916060,1_8024699,1775259637,1775259637,default
1775259491,1_620,1_100104,212,1_806323800,1_8005196,1775259900,1775259900,default
1775259491,1_620,40_100239,550,40_597759270,40_7976644,1775259900,1775259900,default
1775259491,1_620,40_515,515,40_16133734__MCOB-DO:121:0:Weekday:2:26MAR:86035:12345,40_MCOB-DO:121:0:Weekday:2:26MAR:86035:12345,1775259900,1775259910,default
1775259491,1_620,40_100240,554,40_774872170,40_7976693,1775260080,1775260080,default
1775259491,1_620,40_510,510,40_16133701__MCOB-DO:121:0:Weekday:2:26MAR:86018:12345,40_MCOB-DO:121:0:Weekday:2:26MAR:86018:12345,1775260200,1775260291,default
1775259491,1_620,29_424,424,29_16132036__MCOB-DO:121:0:Weekday:2:26MAR:61057:12345,29_MCOB-DO:121:0:Weekday:2:26MAR:61057:12345,1775261400,1775261400,default
1775259491,1_620,40_510,510,40_16133731__MCOB-DO:121:0:Weekday:2:26MAR:86019:12345,40_MCOB-DO:121:0:Weekday:2:26MAR:86019:12345,1775261400,1775261400,default
1775259491,1_620,1_102754,256,1_816378500,1_8005267,1775261700,1775261700,default
1775259491,1_620,40_510,510,40_16133716__MCOB-DO:121:0:Weekday:2:26MAR:86028:12345,40_MCOB-DO:121:0:Weekday:2:26MAR:86028:12345,1775262600,1775262600,default
1775259491,1_620,40_515,515,40_16133703__MCOB-DO:121:0:Weekday:2:26MAR:86025:12345,40_MCOB-DO:121:0:Weekday:2:26MAR:86025:12345,1775262780,1775262780,default
1775259491,1_10912,1_100264,70,1_801594180,1_8026417,1775259727,1775259727,default
1775259491,1_10912,40_100511,542,40_608343950,40_7976608,1775259960,1775259960,default
1775259491,1_10912,1_100162,271,1_569495930,1_7976350,1775260200,1775260200,default
1775259491,1_10912,1_100162,271,1_569497230,1_7976676,1775260740,1775260740,default
1775259491,1_10912,40_100451,556,40_635882830,40_7976563,1775260800,1775260800,default
1775259491,1_10912,1_100162,271,1_569496790,1_7976668,1775262180,1775262180,default
1775259491,1_10912,40_100451,556,40_635883200,40_7976710,1775262600,1775262600,default
1775259491,1_8403,1_100039,14,1_562519900,1_7974990,1775259300,1775259300,default
1775259791,1_12170,1_100039,14,1_562519900,1_7974990,1775259879,1775259879,default
1775259791,1_6650,1_102747,61,1_803357120,1_8022053,1775259543,1775259804,default
1775259791,1_51551,1_102736,H Line,1_694056050,1_7974899,1775259857,1775259857,default
1775259791,1_26560,1_102574,40,1_811901410,1_8026389,1775259983,1775259983,default
1775259791,1_970,40_592,592,40_3905020,40_9212,1775259810,1775259810,default
1775259791,1_30790,1_100249,60,1_801585870,1_8025821,1775259863,1775259863,default
1775259791,1_75890,1_102615,E Line,1_768604290,1_7975035,1775259822,1775259822,default
1775259791,1_320,1_100104,212,1_806323830,1_6973,1775259900,1775259900,default
1775259791,1_320,40_100240,554,40_581722710,40_9652,1775259720,1775259905,default
1775259791,1_68784,1_102548,B Line,1_721018740,1_7976631,1775259859,1775259859,default
1775259791,1_575,1_100219,4,1_675344780,1_7974877,1775259840,1775259840,default
1775259791,1_575,1_100089,2,1_788758220,1_8023470,1775259900,1775259900,default
1775259791,1_575,1_100210,36,1_800582630,1_8023417,1775259780,1775259923,default
1775259791,1_2850,1_100089,2,1_788757880,1_7099,1775260020,1775259088,default
1775259791,1_8080,1_100263,7,1_800587410,1_8023400,1775259827,1775259827,default
1775259791,1_46505,1_102619,F Line,1_694521960,1_7976016,1775260260,1775260260,default
1775259791,1_46505,1_102619,F Line,1_694522120,1_7976085,1775261460,1775261460,default
1775259791,1_46505,1_102619,F Line,1_656236290,1_7975999,1775262360,1775262360,default
1775259791,1_46505,1_102619,F Line,1_635449070,1_7976142,1775263260,1775263260,default
1775259791,1_40060,1_102574,40,1_811901000,1_8026392,1775259873,1775259873,default
1775259791,1_47660,1_102736,H Line,1_694056140,1_7974890,1775259887,1775259887,default
1775259791,1_77460,1_100205,348,1_771627050,1_7975642,1775259885,1775259885,default
1775259791,1_75190,1_102746,333,1_778704530,1_7975683,1775259882,1775259882,default
1775259791,1_52306,1_102619,F Line,1_800654600,1_8023712,1775259900,1775259900,default
1775259791,1_52306,1_102619,F Line,1_800653610,1_8023728,1775260500,1775260500,default
1775259791,1_52306,1_102619,F Line,1_800653870,1_8023729,1775261100,1775261100,default
1775259791,1_52306,1_102619,F Line,1_800654760,1_8023709,1775261700,1775261700,default
1775259791,1_52306,1_102619,F Line,1_800654580,1_8023711,1775262300,1775262397,default
1775259791,1_52306,1_102619,F Line,1_800654920,1_8023715,1775262900,1775262900,default
1775259791,1_40065,1_102574,40,1_811901000,1_8026392,1775259985,1775259985,default
1775259791,1_11060,1_100447,49,1_801199810,1_8023497,1775259908,1775259908,default
1775259791,1_71970,1_102752,223,1_833610860,1_7369,1775259857,1775259911,default
1775259791,1_17800,1_100202,345,1_761389940,1_7975635,1775259966,1775259966,default
1775259791,1_80124,1_102719,161,1_800652240,1_8023905,1775259957,1775259957,default
1775259791,1_57804,1_100072,181,1_721481860,1_7976104,1775260153,1775260153,default
1775259791,1_22184,1_100024,125,1_770790130,1_7974702,1775259918,1775259918,default
1775259791,1_59282,1_102717,165,1_800649840,1_7016,1775260140,1775258543,default
1775259791,1_59282,1_102717,165,1_800649850,1_8023880,1775261580,1775261580,default
1775259791,1_620,40_100236,545,40_563502990,40_9820,1775259960,1775259949,default
1775259791,1_620,40_100240,554,40_774872170,40_7976693,1775260080,1775260080,default
1775259791,1_620,40_100239,550,40_597759260,40_7976643,1775260500,1775260500,default
1775259791,1_620,40_510,510,40_16133701__MCOB-DO:121:0:Weekday:2:26MAR:86018:12345,40_MCOB-DO:121:0:Weekday:2:26MAR:86018:12345,1775260200,1775260514,default
1775259791,1_620,29_424,424,29_16132036__MCOB-DO:121:0:Weekday:2:26MAR:61057:12345,29_MCOB-DO:121:0:Weekday:2:26MAR:61057:12345,1775261400,1775261400,default
1775259791,1_620,40_510,510,40_16133731__MCOB-DO:121:0:Weekday:2:26MAR:86019:12345,40_MCOB-DO:121:0:Weekday:2:26MAR:86019:12345,1775261400,1775261400,default
1775259791,1_620,1_102754,256,1_816378500,1_8005267,1775261700,1775261700,default
1775259791,1_620,40_510,510,40_16133716__MCOB-DO:121:0:Weekday:2:26MAR:86028:12345,40_MCOB-DO:121:0:Weekday:2:26MAR:86028:12345,1775262600,1775262600,default
1775259791,1_620,40_515,515,40_16133703__MCOB-DO:121:0:Weekday:2:26MAR:86025:12345,40_MCOB-DO:121:0:Weekday:2:26MAR:86025:12345,1775262780,1775262780,default
1775259791,1_620,40_515,515,40_16133710__MCOB-DO:121:0:Weekday:2:26MAR:86023:12345,40_MCOB-DO:121:0:Weekday:2:26MAR:86023:12345,1775263500,1775263500,default
1775259791,1_10912,40_100511,542,40_608343950,40_7976608,1775259960,1775259960,default
1775259791,1_10912,40_586,586,40_1809020,40_9721,1775259563,1775259967,default
1775259791,1_10912,1_100162,271,1_569495930,1_7976350,1775260200,1775260200,default
1775259791,1_10912,1_100162,271,1_569497230,1_7976676,1775260740,1775260740,default
1775259791,1_10912,40_100451,556,40_635882830,40_7976563,1775260800,1775260800,default
1775259791,1_10912,40_100511,542,40_581722900,40_7976606,1775261160,1775261160,default
1775259791,1_10912,1_100162,271,1_569496920,1_7976670,1775261520,1775261520,default
1775259791,1_10912,1_100162,271,1_569496790,1_7976668,1775262180,1775262180,default
1775259791,1_10912,40_100451,556,40_635883200,40_7976710,1775262600,1775262600,default
1775259791,1_71960,1_102752,223,1_816297690,1_8024727,1775260020,1775260020,default
1775259791,1_71960,40_100511,542,40_721031410,40_7976685,1775260800,1775260800,default
1775259791,1_8403,1_100039,14,1_562520060,1_4306,1775259960,1775259983,default
1775260091,1_77930,1_102746,333,1_778704200,1_7975726,1775260193,1775260193,default
1775260091,1_5830,1_100229,5,1_809328590,1_8025804,1775259090,1775260117,default
1775260091,1_575,1_102615,E Line,1_761418030,1_6104,1775259900,1775260151,default
1775260091,1_46505,1_102619,F Line,1_694521960,1_7976016,1775260260,1775260260,default
1775260091,1_46505,1_102619,F Line,1_694522120,1_7976085,1775261460,1775261460,default
1775260091,1_46505,1_102619,F Line,1_656236290,1_7975999,1775262360,1775262360,default
1775260091,1_46505,1_102619,F Line,1_635449070,1_7976142,1775263260,1775263260,default
1775260091,1_3470,1_100210,36,1_800584210,1_8023380,1775260140,1775260140,default
1775260091,1_3470,1_100249,60,1_801585900,1_8025825,1775260200,1775260200,default
1775260091,1_57453,1_100060,168,1_693747160,1_7976218,1775263500,1775263500,default
1775260091,1_5489,1_102746,333,1_778704490,1_7975727,1775260180,1775260180,default
1775260091,1_52306,1_102619,F Line,1_800653610,1_8023728,1775260500,1775260500,default
1775260091,1_52306,1_102619,F Line,1_800653870,1_8023729,1775261100,1775261100,default
1775260091,1_52306,1_102619,F Line,1_800654760,1_8023709,1775261700,1775261700,default
1775260091,1_52306,1_102619,F Line,1_800654580,1_8023711,1775262300,1775262346,default
1775260091,1_52306,1_102619,F Line,1_800654920,1_8023715,1775262900,1775262900,default
1775260091,1_45670,1_100210,36,1_800584050,1_4309,1775260041,1775260209,default
1775260091,1_59282,1_102717,165,1_800649850,1_7319,1775261580,1775259995,default
1775260091,1_59282,1_100072,181,1_721481540,1_7312,1775260800,1775260132,default
1775260091,1_59282,1_100072,181,1_721481540,1_7976037,1775260800,1775260800,default
1775260091,1_59282,1_102717,165,1_800649850,1_8023880,1775261580,1775261580,default
1775260091,1_57940,1_102720,160,1_694517120,1_7182,1775259772,1775260246,default
1775260091,1_620,40_100239,550,40_597759260,40_7976643,1775260500,1775260500,default
1775260091,1_620,40_510,510,40_16133701__MCOB-DO:121:0:Weekday:2:26MAR:86018:12345,40_MCOB-DO:121:0:Weekday:2:26MAR:86018:12345,1775260200,1775260538,default
1775260091,1_620,29_424,424,29_16132036__MCOB-DO:121:0:Weekday:2:26MAR:61057:12345,29_MCOB-DO:121:0:Weekday:2:26MAR:61057:12345,1775261400,1775261400,default
1775260091,1_620,40_510,510,40_16133731__MCOB-DO:121:0:Weekday:2:26MAR:86019:12345,40_MCOB-DO:121:0:Weekday:2:26MAR:86019:12345,1775261400,1775261400,default
1775260091,1_620,1_102754,256,1_816378500,1_8005267,1775261700,1775261700,default
1775260091,1_620,40_510,510,40_16133716__MCOB-DO:121:0:Weekday:2:26MAR:86028:12345,40_MCOB-DO:121:0:Weekday:2:26MAR:86028:12345,1775262600,1775262600,default
1775260091,1_620,40_515,515,40_16133703__MCOB-DO:121:0:Weekday:2:26MAR:86025:12345,40_MCOB-DO:121:0:Weekday:2:26MAR:86025:12345,1775262780,1775262780,default
1775260091,1_620,40_515,515,40_16133710__MCOB-DO:121:0:Weekday:2:26MAR:86023:12345,40_MCOB-DO:121:0:Weekday:2:26MAR:86023:12345,1775263500,1775263500,default
1775260091,1_620,1_102754,256,1_816378510,1_8005288,1775263500,1775263500,default
1775260091,1_10912,1_100264,70,1_816207650,1_8026416,1775260327,1775260327,default
1775260091,1_10912,1_100162,271,1_569497230,1_7976676,1775260740,1775260740,default
1775260091,1_10912,40_100451,556,40_635882830,40_7976563,1775260800,1775260800,default
1775260091,1_10912,40_100511,542,40_581722900,40_7976606,1775261160,1775261160,default
1775260091,1_10912,1_100162,271,1_569496920,1_7976670,1775261520,1775261520,default
1775260091,1_10912,1_100162,271,1_569496790,1_7976668,1775262180,1775262180,default
1775260091,1_10912,40_100451,556,40_635883200,40_7976710,1775262600,1775262600,default
1775260091,1_71960,40_100511,542,40_721031410,40_7976685,1775260800,1775260800,default
1775260091,1_8403,1_100039,14,1_562519940,1_7974992,1775260200,1775260200,default
1775260391,1_103,1_102745,G Line,1_736436040,1_7974686,1775260398,1775260398,default
1775260391,1_51551,1_102736,H Line,1_694055970,1_7974894,1775260457,1775260457,default
1775260391,1_30510,1_100006,107,1_800646810,1_8023738,1775260419,1775260419,default
1775260391,1_320,40_590,590,40_3040020,40_41512,1775260620,1775260620,default
1775260391,1_68784,1_102548,B Line,1_721018920,1_7976639,1775260459,1775260459,default
1775260391,1_575,1_100219,4,1_675344800,1_7974864,1775260440,1775260440,default
1775260391,1_575,1_102581,D Line,1_803817430,1_6072,1775260440,1775260477,default
1775260391,1_575,1_102615,E Line,1_813081500,1_6098,1775260500,1775260496,default
1775260391,1_46505,1_102619,F Line,1_694522120,1_7976085,1775261460,1775261460,default
1775260391,1_46505,1_102619,F Line,1_656236290,1_7975999,1775262360,1775262360,default
1775260391,1_46505,1_102619,F Line,1_635449070,1_7976142,1775263260,1775263260,default
1775260391,1_40060,1_102574,40,1_811901890,1_8025886,1775260473,1775260473,default
1775260391,1_280,1_100011,111,1_664454900,1_7976635,1775260461,1775260505,default
1775260391,1_280,40_100240,554,40_560096530,40_7976689,1775260521,1775260521,default
1775260391,1_57453,1_100060,168,1_693747160,1_7976218,1775263500,1775263500,default
1775260391,1_58342,1_100072,181,1_721481700,1_7976033,1775260500,1775260500,default
1775260391,1_79877,1_100162,271,1_587120120,1_7976354,1775260495,1775260495,default
1775260391,1_81199,1_100072,181,1_721481860,1_7976104,1775260500,1775260500,default
1775260391,1_52306,1_102619,F Line,1_800653610,1_8023728,1775260500,1775260500,default
1775260391,1_52306,1_102619,F Line,1_800653870,1_8023729,1775261100,1775261100,default
1775260391,1_52306,1_102619,F Line,1_800654760,1_8023709,1775261700,1775261700,default
1775260391,1_52306,1_102619,F Line,1_800654580,1_8023711,1775262300,1775262423,default
1775260391,1_52306,1_102619,F Line,1_800654920,1_8023715,1775262900,1775262900,default
1775260391,1_52306,1_102619,F Line,1_800654190,1_8023763,1775263800,1775263800,default
1775260391,1_25980,1_100254,65,1_778695430,1_7975670,1775260523,1775260523,default
1775260391,1_7750,1_102615,E Line,1_761418390,1_7975617,1775260512,1775260512,default
1775260391,1_41850,1_100006,107,1_800646810,1_8023738,1775260510,1775260510,default
1775260391,1_39983,1_100111,22,1_815968210,1_8023814,1775259960,1775260549,default
1775260391,1_59282,1_102717,165,1_800649850,1_7319,1775261580,1775259995,default
1775260391,1_59282,1_100072,181,1_721481540,1_7312,1775260800,1775260132,default
1775260391,1_19921,1_100101,21,1_809329020,1_8025800,1775259676,1775260547,default
1775260391,1_45230,1_100133,240,1_811765030,1_8024704,1775260597,1775260597,default
1775260391,1_42540,1_100072,181,1_721482060,1_7976015,1775260547,1775260547,default
1775260391,1_620,40_100236,545,40_563503510,40_7976553,1775260560,1775260705,default
1775260391,1_620,40_100239,550,40_597759710,40_7976704,1775261160,1775261160,default
1775260391,1_620,29_424,424,29_16132036__MCOB-DO:121:0:Weekday:2:26MAR:61057:12345,29_MCOB-DO:121:0:Weekday:2:26MAR:61057:12345,1775261400,1775261400,default
1775260391,1_620,40_510,510,40_16133731__MCOB-DO:121:0:Weekday:2:26MAR:86019:12345,40_MCOB-DO:121:0:Weekday:2:26MAR:86019:12345,1775261400,1775261400,default
1775260391,1_620,1_102754,256,1_816378500,1_8005267,1775261700,1775261700,default
1775260391,1_620,40_510,510,40_16133716__MCOB-DO:121:0:Weekday:2:26MAR:86028:12345,40_MCOB-DO:121:0:Weekday:2:26MAR:86028:12345,1775262600,1775262600,default
1775260391,1_620,40_515,515,40_16133703__MCOB-DO:121:0:Weekday:2:26MAR:86025:12345,40_MCOB-DO:121:0:Weekday:2:26MAR:86025:12345,1775262780,1775262780,default
1775260391,1_620,40_515,515,40_16133710__MCOB-DO:121:0:Weekday:2:26MAR:86023:12345,40_MCOB-DO:121:0:Weekday:2:26MAR:86023:12345,1775263500,1775263500,default
1775260391,1_620,1_102754,256,1_816378510,1_8005288,1775263500,1775263500,default
1775260391,1_620,40_510,510,40_16133723__MCOB-DO:121:0:Weekday:2:26MAR:86020:12345,40_MCOB-DO:121:0:Weekday:2:26MAR:86020:12345,1775263800,1775263800,default
1775260391,1_10912,1_100214,372,1_694307120,1_6981,1775260184,1775260564,default
1775260391,1_10912,1_100162,271,1_569497230,1_7976676,1775260740,1775260740,default
1775260391,1_10912,40_100451,556,40_635882830,40_7976563,1775260800,1775260800,default
1775260391,1_10912,40_100511,542,40_581722900,40_7976606,1775261160,1775261160,default
1775260391,1_10912,1_100162,271,1_569496920,1_7976670,1775261520,1775261520,default
1775260391,1_10912,1_100162,271,1_569496790,1_7976668,1775262180,1775262180,default
1775260391,1_10912,40_100451,556,40_635883200,40_7976710,1775262600,1775262600,default
1775260391,1_71960,40_100511,542,40_721031410,40_7976685,1775260800,1775260800,default
1775260391,1_8403,1_100039,14,1_562519940,1_7974992,1775260200,1775260200,default
1775260391,1_3000,1_100089,2,1_788757880,1_8023453,1775260583,1775260583,default
