snapshot_ts,stop_id,route_id,route_short_name,trip_id,vehicle_id,scheduled_arrival_ts,predicted_arrival_ts,status
1775519960,1_12170,1_100039,14,1_562519940,1_4378,1775519979,1775520035,default
1775519960,1_481,1_100024,125,1_770790150,1_7021,1775519820,1775519963,default
1775519960,1_575,1_102615,E Line,1_768604400,1_6233,1775520000,1775519945,default
1775519960,1_2850,1_100089,2,1_788758240,1_7158,1775520060,1775519051,default
1775519960,1_46505,1_102619,F Line,1_694521700,1_6287,1775520060,1775519439,default
1775519960,1_46505,1_102619,F Line,1_694522120,1_6288,1775520660,1775519450,default
1775519960,1_46505,1_102619,F Line,1_656236290,1_7975999,1775521560,1775521560,default
1775519960,1_46505,1_102619,F Line,1_635449070,1_7976142,1775522460,1775522460,default
1775519960,1_57453,1_100060,168,1_693747160,1_7976218,1775522700,1775522700,default
1775519960,1_60477,1_102715,162,1_800652730,1_7101,1775521249,1775520050,default
1775519960,1_10653,1_100252,62,1_800856350,1_8033,1775521168,1775519901,default
1775519960,1_52306,1_102619,F Line,1_800653870,1_8023729,1775520300,1775520300,default
1775519960,1_52306,1_102619,F Line,1_800654760,1_8023709,1775520900,1775520900,default
1775519960,1_52306,1_102619,F Line,1_800654580,1_8023711,1775521500,1775521500,default
1775519960,1_52306,1_102619,F Line,1_800654920,1_8023715,1775522100,1775522100,default
1775519960,1_52306,1_102619,F Line,1_800654190,1_8023763,1775523000,1775523000,default
1775519960,1_8530,1_100263,7,1_694071310,1_4541,1775519589,1775520061,default
1775519960,1_72446,1_102752,223,1_816297700,1_7362,1775520133,1775519986,default
1775519960,1_71970,1_102753,222,1_774817930,1_7375,1775520322,1775520020,default
1775519960,1_59282,1_102717,165,1_800649850,1_7191,1775520780,1775520780,default
1775519960,1_59282,1_102717,165,1_800649850,1_8023880,1775520780,1775520780,default
1775519960,1_74714,1_102701,225,1_811517090,1_7494,1775520206,1775520084,default
1775519960,1_15540,1_100246,57,1_801580830,1_7082,1775520360,1775519947,default
1775519960,1_79874,1_100133,240,1_806916110,1_7379,1775520406,1775520021,default
1775519960,1_10210,1_100264,70,1_801594180,1_8234,1775520273,1775520101,default
1775519960,1_620,40_100239,550,40_597759710,40_9661,1775520360,1775520228,default
1775519960,1_620,40_100239,550,40_597759720,40_9802,1775520960,1775520721,default
1775519960,1_620,40_510,510,40_16133731__MCOB-DO:121:0:Weekday:2:26MAR:86019:12345,40_MCOB-DO:121:0:Weekday:2:26MAR:86019:12345,1775520600,1775520724,default
1775519960,1_620,1_102754,256,1_816378500,1_8005267,1775520900,1775520900,default
1775519960,1_620,40_515,515,40_16133703__MCOB-DO:121:0:Weekday:2:26MAR:86025:12345,40_MCOB-DO:121:0:Weekday:2:26MAR:86025:12345,1775521980,1775521980,default
1775519960,1_620,1_102754,256,1_816378510,1_8005288,1775522700,1775522700,default
1775519960,1_620,40_515,515,40_16133710__MCOB-DO:121:0:Weekday:2:26MAR:86023:12345,40_MCOB-DO:121:0:Weekday:2:26MAR:86023:12345,1775522700,1775522700,default
1775519960,1_620,40_510,510,40_16133723__MCOB-DO:121:0:Weekday:2:26MAR:86020:12345,40_MCOB-DO:121:0:Weekday:2:26MAR:86020:12345,1775523000,1775523000,default
1775519960,1_620,40_515,515,40_16133757__MCOB-DO:121:0:Weekday:2:26MAR:86032:12345,40_MCOB-DO:121:0:Weekday:2:26MAR:86032:12345,1775523600,1775523600,default
1775519960,1_10912,1_100264,70,1_816207880,1_8026412,1775520127,1775520127,default
1775519960,1_10912,40_100511,542,40_581722900,40_7976606,1775520360,1775520360,default
1775519960,1_10912,1_100162,271,1_569496920,1_7976670,1775520720,1775520720,default
1775519960,1_10912,1_100162,271,1_569496790,1_7976668,1775521380,1775521380,default
1775519960,1_10912,40_100451,556,40_635883200,40_7976710,1775521800,1775521800,default
1775519960,1_58144,1_100048,153,1_833411830,1_7175,1775520281,1775520010,default
1775520260,1_85800,1_100196,331,1_803353280,1_7221,1775520171,1775520284,default
1775520260,1_60161,1_100042,148,1_762077930,1_7976072,1775521680,1775521680,default
1775520260,1_60161,1_100042,148,1_762077980,1_7976052,1775523480,1775523480,default
1775520260,1_2850,1_100089,2,1_788757890,1_7155,1775520600,1775519594,default
1775520260,1_46505,1_102619,F Line,1_694522120,1_6288,1775520660,1775519450,default
1775520260,1_46505,1_102619,F Line,1_656236290,1_6228,1775521560,1775520146,default
1775520260,1_46505,1_102619,F Line,1_656236290,1_7975999,1775521560,1775521560,default
1775520260,1_46505,1_102619,F Line,1_635449070,1_7976142,1775522460,1775522460,default
1775520260,1_57453,1_100060,168,1_693747160,1_7976218,1775522700,1775522890,default
1775520260,1_10653,1_100252,62,1_800856350,1_8033,1775521168,1775520203,default
1775520260,1_74743,1_102701,225,1_811517090,1_7494,1775520383,1775520294,default
1775520260,1_52306,1_102619,F Line,1_800654760,1_8023709,1775520900,1775520900,default
1775520260,1_52306,1_102619,F Line,1_800654580,1_8023711,1775521500,1775521500,default
1775520260,1_52306,1_102619,F Line,1_800654920,1_8023715,1775522100,1775522100,default
1775520260,1_52306,1_102619,F Line,1_800654190,1_8023763,1775523000,1775523000,default
1775520260,1_57516,1_102717,165,1_800649410,1_7442,1775520497,1775520249,default
1775520260,1_59282,1_102717,165,1_800649850,1_7191,1775520780,1775519958,default
1775520260,1_82810,1_100133,240,1_761786600,1_7326,1775520657,1775520253,default
1775520260,1_57791,1_102718,184,1_664464450,1_1023,1775520489,1775520192,default
1775520260,1_620,40_100236,545,40_585569830,40_7976564,1775520480,1775520480,default
1775520260,1_620,40_100236,545,40_585569830,40_9653,1775520480,1775520506,default
1775520260,1_620,40_100239,550,40_597759720,40_9802,1775520960,1775520569,default
1775520260,1_620,1_102754,256,1_816378500,1_8005267,1775520900,1775520900,default
1775520260,1_620,40_510,510,40_16133731__MCOB-DO:121:0:Weekday:2:26MAR:86019:12345,40_MCOB-DO:121:0:Weekday:2:26MAR:86019:12345,1775520600,1775520953,default
1775520260,1_620,40_515,515,40_16133703__MCOB-DO:121:0:Weekday:2:26MAR:86025:12345,40_MCOB-DO:121:0:Weekday:2:26MAR:86025:12345,1775521980,1775521980,default
1775520260,1_620,1_102754,256,1_816378510,1_8005288,1775522700,1775522700,default
1775520260,1_620,40_515,515,40_16133710__MCOB-DO:121:0:Weekday:2:26MAR:86023:12345,40_MCOB-DO:121:0:Weekday:2:26MAR:86023:12345,1775522700,1775522700,default
1775520260,1_620,40_510,510,40_16133723__MCOB-DO:121:0:Weekday:2:26MAR:86020:12345,40_MCOB-DO:121:0:Weekday:2:26MAR:86020:12345,1775523000,1775523000,default
1775520260,1_620,40_515,515,40_16133757__MCOB-DO:121:0:Weekday:2:26MAR:86032:12345,40_MCOB-DO:121:0:Weekday:2:26MAR:86032:12345,1775523600,1775523600,default
1775520260,1_10912,1_100162,271,1_569496920,1_7976670,1775520720,1775520720,default
1775520260,1_10912,1_100162,271,1_569496790,1_7976668,1775521380,1775521380,default
1775520260,1_10912,40_100451,556,40_635883200,40_7976710,1775521800,1775521800,default
1775520260,1_71960,40_100511,542,40_721030800,40_7976686,1775521260,1775521260,default
1775520260,1_8403,1_100039,14,1_562519930,1_4368,1775520300,1775520314,default
1775520260,1_39500,1_100246,57,1_801580830,1_7082,1775520736,1775520334,default
1775520560,1_26560,1_102574,40,1_811900500,1_8266,1775520683,1775520637,default
1775520560,1_60161,1_100042,148,1_762077930,1_3753,1775521680,1775520387,default
1775520560,1_60161,1_100042,148,1_762077930,1_7976072,1775521680,1775521680,default
1775520560,1_60161,1_100042,148,1_762077980,1_7976052,1775523480,1775523480,default
1775520560,1_320,40_100239,550,40_597760060,40_7976615,1775520660,1775520684,default
1775520560,1_2850,1_100089,2,1_788757890,1_7155,1775520600,1775519594,default
1775520560,1_46505,1_102619,F Line,1_694522120,1_6288,1775520660,1775519450,default
1775520560,1_46505,1_102619,F Line,1_656236290,1_6228,1775521560,1775520146,default
1775520560,1_46505,1_102619,F Line,1_635449070,1_7976142,1775522460,1775522460,default
1775520560,1_57453,1_100060,168,1_693747160,1_7976218,1775522700,1775522820,default
1775520560,1_2320,1_100001,1,1_800580870,1_4404,1775520625,1775520610,default
1775520560,1_10653,1_100252,62,1_800856350,1_8033,1775521168,1775520540,default
1775520560,1_84810,1_102752,223,1_833610860,1_7371,1775520152,1775520650,default
1775520560,1_52306,1_102619,F Line,1_800654760,1_8023709,1775520900,1775520900,default
1775520560,1_52306,1_102619,F Line,1_800654580,1_8023711,1775521500,1775521500,default
1775520560,1_52306,1_102619,F Line,1_800654920,1_8023715,1775522100,1775522100,default
1775520560,1_52306,1_102619,F Line,1_800654190,1_8023763,1775523000,1775523000,default
1775520560,1_52306,1_102619,F Line,1_800654690,1_8023764,1775523900,1775523900,default
1775520560,1_58112,1_102619,F Line,1_694521460,1_6000,1775520936,1775520634,default
1775520560,1_11060,1_100447,49,1_801199860,1_4334,1775520308,1775520682,default
1775520560,1_60359,1_102720,160,1_694518020,1_7352,1775520704,1775520598,default
1775520560,1_57804,1_100072,181,1_721482070,1_7109,1775520973,1775520999,default
1775520560,1_59282,1_102717,165,1_800649850,1_7191,1775520780,1775519958,default
1775520560,1_59872,1_102619,F Line,1_800654320,1_6279,1775520618,1775520702,default
1775520560,1_60710,1_100512,A Line,1_800643630,1_6272,1775520450,1775520716,default
1775520560,1_620,29_424,424,29_16132036__MCOB-DO:121:0:Weekday:2:26MAR:61057:12345,29_MCOB-DO:121:0:Weekday:2:26MAR:61057:12345,1775520600,1775520810,default
1775520560,1_620,40_100240,554,40_774872440,40_9804,1775520900,1775520854,default
1775520560,1_620,1_102754,256,1_816378500,1_8005267,1775520900,1775520900,default
1775520560,1_620,1_100104,212,1_806323810,1_6981,1775521620,1775521107,default
1775520560,1_620,40_510,510,40_16133731__MCOB-DO:121:0:Weekday:2:26MAR:86019:12345,40_MCOB-DO:121:0:Weekday:2:26MAR:86019:12345,1775520600,1775521126,default
1775520560,1_620,40_515,515,40_16133703__MCOB-DO:121:0:Weekday:2:26MAR:86025:12345,40_MCOB-DO:121:0:Weekday:2:26MAR:86025:12345,1775521980,1775521980,default
1775520560,1_620,1_102754,256,1_816378510,1_8005288,1775522700,1775522700,default
1775520560,1_620,40_515,515,40_16133710__MCOB-DO:121:0:Weekday:2:26MAR:86023:12345,40_MCOB-DO:121:0:Weekday:2:26MAR:86023:12345,1775522700,1775522700,default
1775520560,1_620,40_510,510,40_16133723__MCOB-DO:121:0:Weekday:2:26MAR:86020:12345,40_MCOB-DO:121:0:Weekday:2:26MAR:86020:12345,1775523000,1775523000,default
1775520560,1_620,40_515,515,40_16133757__MCOB-DO:121:0:Weekday:2:26MAR:86032:12345,40_MCOB-DO:121:0:Weekday:2:26MAR:86032:12345,1775523600,1775523600,default
1775520560,1_620,40_510,510,40_16133729__MCOB-DO:121:0:Weekday:2:26MAR:86021:12345,40_MCOB-DO:121:0:Weekday:2:26MAR:86021:12345,1775524200,1775524200,default
1775520560,1_10912,1_100264,70,1_816208630,1_8026411,1775520727,1775520761,default
1775520560,1_10912,1_100162,271,1_569496790,1_7976668,1775521380,1775521380,default
1775520560,1_10912,40_100511,542,40_581723450,40_7976604,1775521620,1775521620,default
1775520560,1_10912,40_100451,556,40_635883200,40_7976710,1775521800,1775521800,default
1775520560,1_10912,1_100162,271,1_569496940,1_7976352,1775521980,1775521980,default
1775520560,1_10912,40_100451,556,40_635883190,40_7976550,1775523720,1775523720,default
1775520560,1_71960,40_100511,542,40_721030800,40_7976686,1775521260,1775521260,default
1775520560,1_25210,1_100259,67,1_724948450,1_8129,1775520761,1775520641,default
1775520860,1_12170,1_100039,14,1_562519930,1_4368,1775520879,1775520871,default
1775520860,1_60161,1_100042,148,1_762077930,1_3753,1775521680,1775520387,default
1775520860,1_60161,1_100042,148,1_762077980,1_7976052,1775523480,1775523480,default
1775520860,1_970,1_100045,150,1_800670960,1_8143,1775520876,1775520854,default
1775520860,1_320,1_100104,212,1_806323820,1_6856,1775520900,1775520966,default
1775520860,1_320,40_595,595,40_1898020,40_9728,1775521020,1775521020,default
1775520860,1_575,1_100028,13,1_788759050,1_7097,1775520960,1775520938,default
1775520860,1_2850,1_100089,2,1_788758250,1_7152,1775521500,1775520417,default
1775520860,1_46505,1_102619,F Line,1_656236290,1_6228,1775521560,1775520146,default
1775520860,1_46505,1_102619,F Line,1_635449070,1_7976142,1775522460,1775522460,default
1775520860,1_46505,1_102619,F Line,1_656236440,1_7976083,1775524320,1775524320,default
1775520860,1_29423,1_102732,79,1_816446320,1_7229,1775522100,1775522100,default
1775520860,1_280,1_100011,111,1_664454910,1_7976599,1775520861,1775520929,default
1775520860,1_57453,1_100060,168,1_693747160,1_7976218,1775522700,1775522717,default
1775520860,1_10653,1_100252,62,1_800856350,1_8033,1775521168,1775520811,default
1775520860,1_52306,1_102619,F Line,1_800654580,1_8023711,1775521500,1775521500,default
1775520860,1_52306,1_102619,F Line,1_800654920,1_8023715,1775522100,1775522100,default
1775520860,1_52306,1_102619,F Line,1_800654190,1_8023763,1775523000,1775523000,default
1775520860,1_52306,1_102619,F Line,1_800654690,1_8023764,1775523900,1775523900,default
1775520860,1_76312,1_102705,230,1_664298820,1_7447,1775521018,1775520996,default
1775520860,1_82810,1_100133,240,1_806916110,1_7379,1775521557,1775520861,default
1775520860,1_59872,1_102619,F Line,1_800654600,1_6280,1775521218,1775521027,default
1775520860,1_25791,1_100214,372,1_694306250,1_6982,1775520741,1775521082,default
1775520860,1_2260,1_100275,8,1_800890330,1_8029,1775521132,1775521039,default
1775520860,1_620,1_100104,212,1_806323810,1_6981,1775521620,1775520955,default
1775520860,1_620,40_515,515,40_16133703__MCOB-DO:121:0:Weekday:2:26MAR:86025:12345,40_MCOB-DO:121:0:Weekday:2:26MAR:86025:12345,1775521980,1775521980,default
1775520860,1_620,1_102754,256,1_816378510,1_8005288,1775522700,1775522700,default
1775520860,1_620,40_515,515,40_16133710__MCOB-DO:121:0:Weekday:2:26MAR:86023:12345,40_MCOB-DO:121:0:Weekday:2:26MAR:86023:12345,1775522700,1775522700,default
1775520860,1_620,40_510,510,40_16133723__MCOB-DO:121:0:Weekday:2:26MAR:86020:12345,40_MCOB-DO:121:0:Weekday:2:26MAR:86020:12345,1775523000,1775523000,default
1775520860,1_620,40_515,515,40_16133757__MCOB-DO:121:0:Weekday:2:26MAR:86032:12345,40_MCOB-DO:121:0:Weekday:2:26MAR:86032:12345,1775523600,1775523600,default
1775520860,1_620,40_510,510,40_16133729__MCOB-DO:121:0:Weekday:2:26MAR:86021:12345,40_MCOB-DO:121:0:Weekday:2:26MAR:86021:12345,1775524200,1775524200,default
1775520860,1_10912,1_100162,271,1_569496790,1_7976668,1775521380,1775521380,default
1775520860,1_10912,40_100511,542,40_581723450,40_7976604,1775521620,1775521620,default
1775520860,1_10912,40_100451,556,40_635883200,40_7976710,1775521800,1775521800,default
1775520860,1_10912,1_100162,271,1_569496940,1_7976352,1775521980,1775521980,default
1775520860,1_10912,40_100451,556,40_635883190,40_7976550,1775523720,1775523720,default
1775520860,1_71960,40_100511,542,40_721030800,40_7976686,1775521260,1775521260,default
1775521160,1_60161,1_100042,148,1_762077930,1_3753,1775521680,1775520387,default
1775521160,1_60161,1_100042,148,1_762077980,1_7976052,1775523480,1775523480,default
1775521160,1_970,40_578,578,40_768020,40_9736,1775521202,1775521193,default
1775521160,1_320,1_100011,111,1_664454910,1_7484,1775521020,1775521217,default
1775521160,1_575,1_100263,7,1_694072780,1_4532,1775521020,1775521195,default
1775521160,1_2850,1_100089,2,1_788758250,1_7152,1775521500,1775520417,default
1775521160,1_46505,1_102619,F Line,1_656236290,1_6228,1775521560,1775520146,default
1775521160,1_46505,1_102619,F Line,1_635449070,1_7976142,1775522460,1775522460,default
1775521160,1_46505,1_102619,F Line,1_656236440,1_7976083,1775524320,1775524320,default
1775521160,1_29423,1_102732,79,1_816446320,1_7229,1775522100,1775522100,default
1775521160,1_1190,40_100239,550,40_597759720,40_9802,1775521472,1775521108,default
1775521160,1_57453,1_100060,168,1_693747160,1_7976218,1775522700,1775522700,default
1775521160,1_81199,1_100072,181,1_721482070,1_7109,1775521320,1775521285,default
1775521160,1_52306,1_102619,F Line,1_800654580,1_8023711,1775521500,1775521500,default
1775521160,1_52306,1_102619,F Line,1_800654920,1_8023715,1775522100,1775522100,default
1775521160,1_52306,1_102619,F Line,1_800654190,1_8023763,1775523000,1775523000,default
1775521160,1_52306,1_102619,F Line,1_800654690,1_8023764,1775523900,1775523900,default
1775521160,1_8530,1_100005,106,1_727785140,1_7085,1775521026,1775521263,default
1775521160,1_99254,1_100003,101,1_800669580,1_8167,1775521360,1775521277,default
1775521160,1_59282,1_100072,181,1_721490250,1_7322,1775521740,1775521044,default
1775521160,1_59282,1_100072,181,1_721490250,1_7976104,1775521740,1775521740,default
1775521160,1_45230,1_100133,240,1_787240940,1_7330,1775521527,1775521262,default
1775521160,1_25791,1_100214,372,1_694306410,1_7420,1775521341,1775521392,default
1775521160,1_620,40_100239,550,40_597759950,40_6993,1775521560,1775521914,default
1775521160,1_620,40_515,515,40_16133703__MCOB-DO:121:0:Weekday:2:26MAR:86025:12345,40_MCOB-DO:121:0:Weekday:2:26MAR:86025:12345,1775521980,1775521980,default
1775521160,1_620,1_102754,256,1_816378510,1_8005288,1775522700,1775522700,default
1775521160,1_620,40_515,515,40_16133710__MCOB-DO:121:0:Weekday:2:26MAR:86023:12345,40_MCOB-DO:121:0:Weekday:2:26MAR:86023:12345,1775522700,1775522700,default
1775521160,1_620,40_510,510,40_16133723__MCOB-DO:121:0:Weekday:2:26MAR:86020:12345,40_MCOB-DO:121:0:Weekday:2:26MAR:86020:12345,1775523000,1775523000,default
1775521160,1_620,40_515,515,40_16133757__MCOB-DO:121:0:Weekday:2:26MAR:86032:12345,40_MCOB-DO:121:0:Weekday:2:26MAR:86032:12345,1775523600,1775523600,default
1775521160,1_620,40_510,510,40_16133729__MCOB-DO:121:0:Weekday:2:26MAR:86021:12345,40_MCOB-DO:121:0:Weekday:2:26MAR:86021:12345,1775524200,1775524200,default
1775521160,1_620,1_102754,256,1_816378520,1_8005280,1775524560,1775524560,default
1775521160,1_620,40_515,515,40_16133699__MCOB-DO:121:0:Weekday:2:26MAR:86024:12345,40_MCOB-DO:121:0:Weekday:2:26MAR:86024:12345,1775524800,1775524800,default
1775521160,1_10912,1_100264,70,1_816207560,1_8246,1775521327,1775521291,default
1775521160,1_10912,1_100162,271,1_569496790,1_7976668,1775521380,1775521380,default
1775521160,1_10912,40_100511,542,40_581723450,40_7976604,1775521620,1775521620,default
1775521160,1_10912,40_100451,556,40_635883200,40_7976710,1775521800,1775521800,default
1775521160,1_10912,1_100162,271,1_569496940,1_7976352,1775521980,1775521980,default
1775521160,1_10912,40_100511,542,40_581723480,40_7976607,1775522820,1775522820,default
1775521160,1_10912,1_100162,271,1_569497180,1_7976663,1775522820,1775522820,default
1775521160,1_10912,40_100451,556,40_635883190,40_7976550,1775523720,1775523720,default
1775521460,1_46570,1_100011,111,1_664455010,1_7414,1775521592,1775521353,default
1775521460,1_481,1_102736,H Line,1_694055830,1_6078,1775521500,1775521442,default
1775521460,1_85800,1_100196,331,1_803353070,1_7255,1775521371,1775521570,default
1775521460,1_60161,1_100042,148,1_762077930,1_3753,1775521680,1775520387,default
1775521460,1_60161,1_100042,148,1_762077980,1_7976052,1775523480,1775523480,default
1775521460,1_12770,1_100228,48,1_721359460,1_8028,1775521589,1775521361,default
1775521460,1_75890,1_102615,E Line,1_768604380,1_6202,1775521504,1775521435,default
1775521460,1_320,40_590,590,40_2978020,40_9311,1775521620,1775521620,default
1775521460,1_575,1_102581,D Line,1_800600460,1_6047,1775521440,1775521502,default
1775521460,1_2850,1_100089,2,1_788758250,1_7152,1775521500,1775520417,default
1775521460,1_2850,1_100089,2,1_818403120,1_8023486,1775521800,1775521800,default
1775521460,1_46505,1_102619,F Line,1_656236290,1_6228,1775521560,1775520146,default
1775521460,1_46505,1_102619,F Line,1_635449070,1_7976142,1775522460,1775522460,default
1775521460,1_46505,1_102619,F Line,1_656236440,1_7976083,1775524320,1775524320,default
1775521460,1_29423,1_102732,79,1_816446320,1_7229,1775522100,1775522100,default
1775521460,1_57453,1_100060,168,1_693747160,1_7976218,1775522700,1775522700,default
1775521460,1_52306,1_102619,F Line,1_800654920,1_8023715,1775522100,1775522100,default
1775521460,1_52306,1_102619,F Line,1_800654190,1_8023763,1775523000,1775523000,default
1775521460,1_52306,1_102619,F Line,1_800654690,1_8023764,1775523900,1775523900,default
1775521460,1_52306,1_102619,F Line,1_800654430,1_8023883,1775524800,1775524800,default
1775521460,1_70665,1_102704,250,1_720962540,1_7336,1775521344,1775521579,default
1775521460,1_2200,1_102581,D Line,1_732748800,1_6100,1775521285,1775521604,default
1775521460,1_59282,1_102717,165,1_800649860,1_7442,1775522460,1775520897,default
1775521460,1_59282,1_100072,181,1_721490250,1_7322,1775521740,1775521044,default
1775521460,1_57791,1_102718,184,1_664480800,1_1033,1775521643,1775521580,default
1775521460,1_620,40_100239,550,40_597759950,40_6993,1775521560,1775521773,default
1775521460,1_620,40_515,515,40_16133703__MCOB-DO:121:0:Weekday:2:26MAR:86025:12345,40_MCOB-DO:121:0:Weekday:2:26MAR:86025:12345,1775521980,1775522132,default
1775521460,1_620,40_100239,550,40_597760050,40_9675,1775522220,1775522253,default
1775521460,1_620,1_102754,256,1_816378510,1_8005288,1775522700,1775522700,default
1775521460,1_620,40_515,515,40_16133710__MCOB-DO:121:0:Weekday:2:26MAR:86023:12345,40_MCOB-DO:121:0:Weekday:2:26MAR:86023:12345,1775522700,1775522700,default
1775521460,1_620,40_510,510,40_16133723__MCOB-DO:121:0:Weekday:2:26MAR:86020:12345,40_MCOB-DO:121:0:Weekday:2:26MAR:86020:12345,1775523000,1775523000,default
1775521460,1_620,40_515,515,40_16133757__MCOB-DO:121:0:Weekday:2:26MAR:86032:12345,40_MCOB-DO:121:0:Weekday:2:26MAR:86032:12345,1775523600,1775523600,default
1775521460,1_620,40_510,510,40_16133729__MCOB-DO:121:0:Weekday:2:26MAR:86021:12345,40_MCOB-DO:121:0:Weekday:2:26MAR:86021:12345,1775524200,1775524200,default
1775521460,1_620,1_102754,256,1_816378520,1_8005280,1775524560,1775524560,default
1775521460,1_620,40_515,515,40_16133699__MCOB-DO:121:0:Weekday:2:26MAR:86024:12345,40_MCOB-DO:121:0:Weekday:2:26MAR:86024:12345,1775524800,1775524800,default
1775521460,1_10912,40_100451,556,40_635883200,40_7976710,1775521800,1775521800,default
1775521460,1_10912,1_100162,271,1_569496940,1_7976352,1775521980,1775521980,default
1775521460,1_10912,40_100511,542,40_581723480,40_7976607,1775522820,1775522820,default
1775521460,1_10912,1_100162,271,1_569497180,1_7976663,1775522820,1775522820,default
1775521460,1_10912,40_100451,556,40_635883190,40_7976550,1775523720,1775523720,default
1775521460,1_71960,40_100511,542,40_721031010,40_7976608,1775523060,1775523060,default
1775521760,1_62212,1_102720,160,1_694518290,1_7314,1775521977,1775521682,default
1775521760,1_26560,1_102574,40,1_811900490,1_8268,1775521883,1775521882,default
1775521760,1_60161,1_100042,148,1_762077980,1_7976052,1775523480,1775523480,default
1775521760,1_970,40_577,577,40_2702020,40_41517,1775521802,1775521802,default
1775521760,1_575,1_100001,1,1_800580940,1_4405,1775521860,1775521775,default
1775521760,1_2850,1_100089,2,1_818403120,1_8023486,1775521800,1775521800,default
1775521760,1_46505,1_102619,F Line,1_635449070,1_6234,1775522460,1775521655,default
1775521760,1_46505,1_102619,F Line,1_635449070,1_7976142,1775522460,1775522460,default
1775521760,1_46505,1_102619,F Line,1_656236440,1_7976083,1775524320,1775524320,default
1775521760,1_46505,1_102619,F Line,1_656237600,1_7975998,1775525220,1775525220,default
1775521760,1_29423,1_102732,79,1_816446320,1_7229,1775522100,1775522100,default
1775521760,1_27420,1_100249,60,1_801585840,1_7006,1775521688,1775521844,default
1775521760,1_57453,1_100060,168,1_693747160,1_7976218,1775522700,1775522700,default
1775521760,1_60477,1_100060,168,1_800648190,1_7410,1775522019,1775521839,default
1775521760,1_58342,1_100072,181,1_721481540,1_7103,1775521620,1775521848,default
1775521760,1_52306,1_102619,F Line,1_800654920,1_8023715,1775522100,1775522100,default
1775521760,1_52306,1_102619,F Line,1_800654190,1_8023763,1775523000,1775523000,default
1775521760,1_52306,1_102619,F Line,1_800654690,1_8023764,1775523900,1775523900,default
1775521760,1_52306,1_102619,F Line,1_800654430,1_8023883,1775524800,1775524800,default
1775521760,1_8530,1_100263,7,1_650130230,1_4544,1775521869,1775521880,default
1775521760,1_59282,1_102717,165,1_800649860,1_7442,1775522460,1775520897,default
1775521760,1_620,40_100236,545,40_585570390,40_7976571,1775521920,1775521920,default
1775521760,1_620,40_100236,545,40_585570390,40_9815,1775521920,1775521950,default
1775521760,1_620,40_100239,550,40_597760050,40_9675,1775522220,1775522013,default
1775521760,1_620,40_515,515,40_16133703__MCOB-DO:121:0:Weekday:2:26MAR:86025:12345,40_MCOB-DO:121:0:Weekday:2:26MAR:86025:12345,1775521980,1775522364,default
1775521760,1_620,1_102754,256,1_816378510,1_8005288,1775522700,1775522700,default
1775521760,1_620,40_515,515,40_16133710__MCOB-DO:121:0:Weekday:2:26MAR:86023:12345,40_MCOB-DO:121:0:Weekday:2:26MAR:86023:12345,1775522700,1775522700,default
1775521760,1_620,40_510,510,40_16133723__MCOB-DO:121:0:Weekday:2:26MAR:86020:12345,40_MCOB-DO:121:0:Weekday:2:26MAR:86020:12345,1775523000,1775523000,default
1775521760,1_620,40_515,515,40_16133757__MCOB-DO:121:0:Weekday:2:26MAR:86032:12345,40_MCOB-DO:121:0:Weekday:2:26MAR:86032:12345,1775523600,1775523600,default
1775521760,1_620,40_510,510,40_16133729__MCOB-DO:121:0:Weekday:2:26MAR:86021:12345,40_MCOB-DO:121:0:Weekday:2:26MAR:86021:12345,1775524200,1775524200,default
1775521760,1_620,1_102754,256,1_816378520,1_8005280,1775524560,1775524560,default
1775521760,1_620,40_515,515,40_16133699__MCOB-DO:121:0:Weekday:2:26MAR:86024:12345,40_MCOB-DO:121:0:Weekday:2:26MAR:86024:12345,1775524800,1775524800,default
1775521760,1_620,40_510,510,40_16133730__MCOB-DO:121:0:Weekday:2:26MAR:86031:12345,40_MCOB-DO:121:0:Weekday:2:26MAR:86031:12345,1775525400,1775525400,default
1775521760,1_10912,1_100162,271,1_569496940,1_7976352,1775521980,1775521980,default
1775521760,1_10912,40_100511,542,40_581723480,40_7976607,1775522820,1775522820,default
1775521760,1_10912,1_100162,271,1_569497180,1_7976663,1775522820,1775522820,default
1775521760,1_10912,40_100451,556,40_635883190,40_7976550,1775523720,1775523720,default
1775521760,1_10912,1_100162,271,1_569554140,1_7976662,1775523780,1775523780,default
1775521760,1_71960,40_100511,542,40_721031010,40_7976608,1775523060,1775523060,default
1775521760,1_76310,1_100214,372,1_694307000,1_6983,1775521975,1775521915,default
1775522060,1_12170,1_100039,14,1_562520050,1_4312,1775521779,1775522107,default
1775522060,1_12170,1_100039,14,1_562520810,1_4357,1775522679,1775522138,default
1775522060,1_60161,1_100042,148,1_762077980,1_7976052,1775523480,1775523480,default
1775522060,1_30790,1_100249,60,1_801586000,1_7137,1775521883,1775522087,default
1775522060,1_320,40_590,590,40_1390020,40_9122,1775522220,1775522220,default
1775522060,1_2850,1_100089,2,1_788757900,1_7142,1775522400,1775521822,default
1775522060,1_46505,1_102619,F Line,1_635449070,1_6234,1775522460,1775521655,default
1775522060,1_46505,1_102619,F Line,1_656236440,1_7976083,1775524320,1775524320,default
1775522060,1_46505,1_102619,F Line,1_656237600,1_7975998,1775525220,1775525220,default
1775522060,1_29423,1_102732,79,1_816446320,1_7229,1775522100,1775522100,default
1775522060,1_57453,1_100060,168,1_693747160,1_7976218,1775522700,1775522700,default
1775522060,1_79610,1_100006,107,1_800646490,1_7190,1775522315,1775522038,default
1775522060,1_52306,1_102619,F Line,1_800654190,1_8023763,1775523000,1775523000,default
1775522060,1_52306,1_102619,F Line,1_800654690,1_8023764,1775523900,1775523900,default
1775522060,1_52306,1_102619,F Line,1_800654430,1_8023883,1775524800,1775524800,default
1775522060,1_58112,1_102619,F Line,1_694521700,1_6287,1775522136,1775522162,default
1775522060,1_70010,1_102701,225,1_811517090,1_7494,1775522412,1775522037,default
1775522060,1_49350,1_100026,128,1_806634250,1_1000,1775521957,1775522226,default
1775522060,1_39983,1_102736,H Line,1_694055870,1_6062,1775522280,1775522165,default
1775522060,1_59282,1_102717,165,1_800649860,1_7442,1775522460,1775520897,default
1775522060,1_25791,1_100214,372,1_694306040,1_6900,1775522001,1775522254,default
1775522060,1_620,40_100240,554,40_774872590,40_9663,1775522640,1775522206,default
1775522060,1_620,40_515,515,40_16133703__MCOB-DO:121:0:Weekday:2:26MAR:86025:12345,40_MCOB-DO:121:0:Weekday:2:26MAR:86025:12345,1775521980,1775522453,default
1775522060,1_620,1_102754,256,1_816378510,1_8005288,1775522700,1775522700,default
1775522060,1_620,40_515,515,40_16133710__MCOB-DO:121:0:Weekday:2:26MAR:86023:12345,40_MCOB-DO:121:0:Weekday:2:26MAR:86023:12345,1775522700,1775522700,default
1775522060,1_620,40_100239,550,40_597760460,40_9652,1775522820,1775522858,default
1775522060,1_620,40_510,510,40_16133723__MCOB-DO:121:0:Weekday:2:26MAR:86020:12345,40_MCOB-DO:121:0:Weekday:2:26MAR:86020:12345,1775523000,1775523000,default
1775522060,1_620,40_515,515,40_16133757__MCOB-DO:121:0:Weekday:2:26MAR:86032:12345,40_MCOB-DO:121:0:Weekday:2:26MAR:86032:12345,1775523600,1775523600,default
1775522060,1_620,40_510,510,40_16133729__MCOB-DO:121:0:Weekday:2:26MAR:86021:12345,40_MCOB-DO:121:0:Weekday:2:26MAR:86021:12345,1775524200,1775524200,default
1775522060,1_620,1_102754,256,1_816378520,1_8005280,1775524560,1775524560,default
1775522060,1_620,40_515,515,40_16133699__MCOB-DO:121:0:Weekday:2:26MAR:86024:12345,40_MCOB-DO:121:0:Weekday:2:26MAR:86024:12345,1775524800,1775524800,default
1775522060,1_620,40_510,510,40_16133730__MCOB-DO:121:0:Weekday:2:26MAR:86031:12345,40_MCOB-DO:121:0:Weekday:2:26MAR:86031:12345,1775525400,1775525400,default
1775522060,1_10912,40_100511,542,40_581723480,40_7976607,1775522820,1775522820,default
1775522060,1_10912,1_100162,271,1_569497180,1_7976663,1775522820,1775522820,default
1775522060,1_10912,40_100451,556,40_635883190,40_7976550,1775523720,1775523720,default
1775522060,1_10912,1_100162,271,1_569554140,1_7976662,1775523780,1775523780,default
1775522060,1_71960,40_100511,542,40_721031010,40_7976608,1775523060,1775523060,default
1775522360,1_103,1_102745,G Line,1_736436130,1_7974692,1775522478,1775522478,default
1775522360,1_60161,1_100042,148,1_762077980,1_7976052,1775523480,1775523480,default
1775522360,1_12770,1_100228,48,1_721360490,1_7974616,1775522489,1775522489,default
1775522360,1_68784,1_102548,B Line,1_721019600,1_6035,1775522659,1775522248,default
1775522360,1_2850,1_100089,2,1_788757900,1_7142,1775522400,1775521822,default
1775522360,1_46505,1_102619,F Line,1_635449070,1_6234,1775522460,1775521655,default
1775522360,1_46505,1_102619,F Line,1_656236440,1_7976083,1775524320,1775524320,default
1775522360,1_46505,1_102619,F Line,1_656237600,1_7975998,1775525220,1775525220,default
1775522360,1_47660,1_102736,H Line,1_694056210,1_7974962,1775522447,1775522447,default
1775522360,1_280,1_100011,111,1_664454920,1_7426,1775522033,1775522429,default
1775522360,1_280,1_100011,111,1_664454920,1_7976577,1775522033,1775522429,default
1775522360,1_280,1_100104,212,1_806323840,1_8005283,1775522421,1775522450,default
1775522360,1_27420,1_100249,60,1_801585890,1_7069,1775522408,1775522307,default
1775522360,1_27420,1_100249,60,1_801585890,1_8025823,1775522408,1775522408,default
1775522360,1_57453,1_100060,168,1_693747160,1_7976218,1775522700,1775522700,default
1775522360,1_1510,1_100210,36,1_800582730,1_8023434,1775522438,1775522438,default
1775522360,1_52306,1_102619,F Line,1_800654190,1_8023763,1775523000,1775523000,default
1775522360,1_52306,1_102619,F Line,1_800654690,1_8023764,1775523900,1775523900,default
1775522360,1_52306,1_102619,F Line,1_800654430,1_8023883,1775524800,1775524800,default
1775522360,1_52306,1_102619,F Line,1_800654850,1_8023779,1775525700,1775525700,default
1775522360,1_80121,1_102719,161,1_800652260,1_8023781,1775522577,1775522577,default
1775522360,1_40030,1_102574,40,1_811901020,1_8201,1775522351,1775522490,default
1775522360,1_29650,1_100224,44,1_664047280,1_7974932,1775522615,1775522440,default
1775522360,1_57804,1_100072,181,1_721481710,1_7976015,1775522833,1775522833,default
1775522360,1_76527,1_102701,225,1_811517090,1_7494,1775522587,1775522287,default
1775522360,1_2260,1_100275,8,1_800890550,1_8077,1775522551,1775522551,default
1775522360,1_620,40_100240,554,40_774872590,40_9663,1775522640,1775522267,default
1775522360,1_620,40_100240,554,40_774872590,40_7976694,1775522640,1775522640,default
1775522360,1_620,40_100236,545,40_563504050,40_7976552,1775522640,1775522640,default
1775522360,1_620,40_100236,545,40_563504050,40_9805,1775522640,1775522665,default
1775522360,1_620,1_102754,256,1_816378510,1_8005288,1775522700,1775522700,default
1775522360,1_620,40_100239,550,40_597760460,40_9652,1775522820,1775522769,default
1775522360,1_620,40_100239,550,40_597760460,40_7976613,1775522820,1775522820,default
1775522360,1_620,40_515,515,40_16133710__MCOB-DO:121:0:Weekday:2:26MAR:86023:12345,40_MCOB-DO:121:0:Weekday:2:26MAR:86023:12345,1775522700,1775522935,default
1775522360,1_620,40_510,510,40_16133723__MCOB-DO:121:0:Weekday:2:26MAR:86020:12345,40_MCOB-DO:121:0:Weekday:2:26MAR:86020:12345,1775523000,1775523097,default
1775522360,1_620,40_515,515,40_16133757__MCOB-DO:121:0:Weekday:2:26MAR:86032:12345,40_MCOB-DO:121:0:Weekday:2:26MAR:86032:12345,1775523600,1775523600,default
1775522360,1_620,40_510,510,40_16133729__MCOB-DO:121:0:Weekday:2:26MAR:86021:12345,40_MCOB-DO:121:0:Weekday:2:26MAR:86021:12345,1775524200,1775524200,default
1775522360,1_620,1_102754,256,1_816378520,1_8005280,1775524560,1775524560,default
1775522360,1_620,40_515,515,40_16133699__MCOB-DO:121:0:Weekday:2:26MAR:86024:12345,40_MCOB-DO:121:0:Weekday:2:26MAR:86024:12345,1775524800,1775524800,default
1775522360,1_620,40_510,510,40_16133730__MCOB-DO:121:0:Weekday:2:26MAR:86031:12345,40_MCOB-DO:121:0:Weekday:2:26MAR:86031:12345,1775525400,1775525400,default
1775522360,1_620,40_515,515,40_16133708__MCOB-DO:121:0:Weekday:2:26MAR:86022:12345,40_MCOB-DO:121:0:Weekday:2:26MAR:86022:12345,1775526000,1775526000,default
1775522360,1_10912,1_100214,372,1_694306700,1_7486,1775522444,1775522553,default
1775522360,1_10912,1_100447,49,1_801199770,1_4361,1775522520,1775522567,default
1775522360,1_10912,40_100511,542,40_581723480,40_7976607,1775522820,1775522820,default
1775522360,1_10912,1_100162,271,1_569497180,1_7976663,1775522820,1775522820,default
1775522360,1_10912,40_100451,556,40_635883190,40_7976550,1775523720,1775523720,default
1775522360,1_10912,1_100162,271,1_569554140,1_7976662,1775523780,1775523780,default
1775522360,1_10912,40_100511,542,40_581724870,40_7976685,1775524080,1775524080,default
1775522360,1_10912,40_100451,556,40_635883580,40_7976589,1775525400,1775525400,default
1775522360,1_71960,40_100511,542,40_721031010,40_7976608,1775523060,1775523060,default
1775522360,1_10640,1_100252,62,1_800856400,1_8025003,1775525820,1775525820,default
1775522360,1_25210,1_100225,45,1_803351580,1_8139,1775522532,1775522532,default
1775522660,1_12170,1_100039,14,1_562520810,1_4357,1775522679,1775522679,default
1775522660,1_60161,1_100042,148,1_762077980,1_3708,1775523480,1775522409,default
1775522660,1_60161,1_100042,148,1_762077980,1_7976052,1775523480,1775523480,default
1775522660,1_8541,1_100263,7,1_800587130,1_8023410,1775522700,1775522700,default
1775522660,1_75890,1_102615,E Line,1_768604400,1_7975031,1775522704,1775522704,default
1775522660,1_320,1_100104,212,1_806323840,1_7422,1775522580,1775522710,default
1775522660,1_320,40_590,590,40_363020,40_9720,1775522820,1775522820,default
1775522660,1_13830,1_100193,32,1_651766070,1_7974549,1775522750,1775522750,default
1775522660,1_2850,1_100089,2,1_815905420,1_7139,1775523420,1775523420,default
1775522660,1_2850,1_100089,2,1_815905420,1_8023474,1775523420,1775523420,default
1775522660,1_46505,1_102619,F Line,1_800654610,1_8023712,1775523420,1775523420,default
1775522660,1_46505,1_102619,F Line,1_656236440,1_7976083,1775524320,1775524320,default
1775522660,1_46505,1_102619,F Line,1_656237600,1_7975998,1775525220,1775525220,default
1775522660,1_46505,1_102619,F Line,1_656237760,1_7976035,1775526120,1775526120,default
1775522660,1_1190,40_100239,550,40_597760050,40_7976617,1775522732,1775522732,default
1775522660,1_73366,1_102701,225,1_811517130,1_7465,1775522382,1775522736,default
1775522660,1_52306,1_102619,F Line,1_800654190,1_8023763,1775523000,1775523000,default
1775522660,1_52306,1_102619,F Line,1_800654690,1_8023764,1775523900,1775523900,default
1775522660,1_52306,1_102619,F Line,1_800654430,1_8023883,1775524800,1775524800,default
1775522660,1_52306,1_102619,F Line,1_800654850,1_8023779,1775525700,1775525700,default
1775522660,1_8530,1_100005,106,1_727784880,1_7975006,1775522826,1775522826,default
1775522660,1_8530,1_100263,7,1_800587820,1_8023413,1775522833,1775522833,default
1775522660,1_41850,1_100249,60,1_801585860,1_8025822,1775522786,1775522786,default
1775522660,1_57804,1_100072,181,1_721481710,1_7976015,1775522833,1775522833,default
1775522660,1_59282,1_100072,181,1_721481870,1_7109,1775523420,1775522536,default
1775522660,1_59282,1_102717,165,1_800649870,1_8023783,1775524140,1775524140,default
1775522660,1_55831,1_100005,106,1_727784850,1_7975007,1775522809,1775522809,default
1775522660,1_620,40_100239,550,40_597760460,40_7976613,1775522820,1775522820,default
1775522660,1_620,40_515,515,40_16133710__MCOB-DO:121:0:Weekday:2:26MAR:86023:12345,40_MCOB-DO:121:0:Weekday:2:26MAR:86023:12345,1775522700,1775522988,default
1775522660,1_620,40_510,510,40_16133723__MCOB-DO:121:0:Weekday:2:26MAR:86020:12345,40_MCOB-DO:121:0:Weekday:2:26MAR:86020:12345,1775523000,1775523376,default
1775522660,1_620,40_515,515,40_16133757__MCOB-DO:121:0:Weekday:2:26MAR:86032:12345,40_MCOB-DO:121:0:Weekday:2:26MAR:86032:12345,1775523600,1775523600,default
1775522660,1_620,40_510,510,40_16133729__MCOB-DO:121:0:Weekday:2:26MAR:86021:12345,40_MCOB-DO:121:0:Weekday:2:26MAR:86021:12345,1775524200,1775524200,default
1775522660,1_620,1_102754,256,1_816378520,1_8005280,1775524560,1775524560,default
1775522660,1_620,40_515,515,40_16133699__MCOB-DO:121:0:Weekday:2:26MAR:86024:12345,40_MCOB-DO:121:0:Weekday:2:26MAR:86024:12345,1775524800,1775524800,default
1775522660,1_620,40_510,510,40_16133730__MCOB-DO:121:0:Weekday:2:26MAR:86031:12345,40_MCOB-DO:121:0:Weekday:2:26MAR:86031:12345,1775525400,1775525400,default
1775522660,1_620,40_515,515,40_16133708__MCOB-DO:121:0:Weekday:2:26MAR:86022:12345,40_MCOB-DO:121:0:Weekday:2:26MAR:86022:12345,1775526000,1775526000,default
1775522660,1_10912,40_100511,542,40_581723480,40_7976607,1775522820,1775522820,default
1775522660,1_10912,1_100162,271,1_569497180,1_7976663,1775522820,1775522820,default
1775522660,1_10912,1_100264,70,1_816207530,1_8213,1775522506,1775522832,default
1775522660,1_10912,40_100451,556,40_635883190,40_7976550,1775523720,1775523720,default
1775522660,1_10912,1_100162,271,1_569554140,1_7976662,1775523780,1775523780,default
1775522660,1_10912,40_100511,542,40_581724870,40_7976685,1775524080,1775524080,default
1775522660,1_10912,40_100451,556,40_635883580,40_7976589,1775525400,1775525400,default
1775522660,1_71960,1_102752,223,1_816297720,1_8024748,1775522880,1775522880,default
1775522660,1_71960,40_100511,542,40_721031010,40_7976608,1775523060,1775523060,default
1775522660,1_10640,1_100252,62,1_800856400,1_8025003,1775525820,1775525820,default
1775522960,1_77930,1_102746,333,1_778704240,1_7975683,1775522993,1775522993,default
1775522960,1_60161,1_100042,148,1_762077980,1_3708,1775523480,1775522409,default
1775522960,1_320,40_100240,554,40_581724250,40_9804,1775522820,1775522997,default
1775522960,1_320,40_100239,550,40_597760740,40_9802,1775523060,1775523073,default
1775522960,1_575,1_100210,36,1_800582730,1_8023434,1775523000,1775523000,default
1775522960,1_575,1_102615,E Line,1_768604510,1_7975027,1775523000,1775523023,default
1775522960,1_575,1_100089,2,1_788758250,1_8023469,1775523120,1775523120,default
1775522960,1_2850,1_100089,2,1_815905420,1_7139,1775523420,1775522614,default
1775522960,1_46505,1_102619,F Line,1_800654610,1_8023712,1775523420,1775523420,default
1775522960,1_46505,1_102619,F Line,1_656236440,1_7976083,1775524320,1775524320,default
1775522960,1_46505,1_102619,F Line,1_656237600,1_7975998,1775525220,1775525220,default
1775522960,1_46505,1_102619,F Line,1_656237760,1_7976035,1775526120,1775526120,default
1775522960,1_27420,1_100249,60,1_801585980,1_8025817,1775523128,1775523128,default
1775522960,1_77460,1_102746,333,1_778704820,1_7975728,1775523057,1775523057,default
1775522960,1_52306,1_102619,F Line,1_800654690,1_8023764,1775523900,1775523900,default
1775522960,1_52306,1_102619,F Line,1_800654430,1_8023883,1775524800,1775524800,default
1775522960,1_52306,1_102619,F Line,1_800654850,1_8023779,1775525700,1775525700,default
1775522960,1_81426,1_102702,239,1_736529500,1_7976432,1775523066,1775523066,default
1775522960,1_99254,1_100003,101,1_800669600,1_8023833,1775523100,1775523100,default
1775522960,1_40030,1_102574,40,1_811901900,1_8293,1775523011,1775523138,default
1775522960,1_29650,1_100224,44,1_664047650,1_7974930,1775523215,1775523056,default
1775522960,1_49350,1_100026,128,1_806634990,1_8023660,1775523157,1775523157,default
1775522960,1_59282,1_100072,181,1_721481870,1_7109,1775523420,1775522536,default
1775522960,1_59282,1_102717,165,1_800649870,1_7400,1775524140,1775522767,default
1775522960,1_57791,1_102718,184,1_635442910,1_7975994,1775523143,1775523224,default
1775522960,1_620,40_100236,545,40_563504210,40_9632,1775523240,1775523240,default
1775522960,1_620,40_510,510,40_16133723__MCOB-DO:121:0:Weekday:2:26MAR:86020:12345,40_MCOB-DO:121:0:Weekday:2:26MAR:86020:12345,1775523000,1775523351,default
1775522960,1_620,40_515,515,40_16133757__MCOB-DO:121:0:Weekday:2:26MAR:86032:12345,40_16803,1775523600,1775523600,default
1775522960,1_620,40_510,510,40_16133729__MCOB-DO:121:0:Weekday:2:26MAR:86021:12345,40_MCOB-DO:121:0:Weekday:2:26MAR:86021:12345,1775524200,1775524200,default
1775522960,1_620,1_102754,256,1_816378520,1_8005280,1775524560,1775524560,default
1775522960,1_620,40_515,515,40_16133699__MCOB-DO:121:0:Weekday:2:26MAR:86024:12345,40_MCOB-DO:121:0:Weekday:2:26MAR:86024:12345,1775524800,1775524800,default
1775522960,1_620,40_510,510,40_16133730__MCOB-DO:121:0:Weekday:2:26MAR:86031:12345,40_MCOB-DO:121:0:Weekday:2:26MAR:86031:12345,1775525400,1775525400,default
1775522960,1_620,1_102754,256,1_816378530,1_8005282,1775526420,1775526420,default
1775522960,1_10912,1_100214,372,1_694307140,1_7434,1775523044,1775523122,default
1775522960,1_10912,40_100451,556,40_635883190,40_7976550,1775523720,1775523720,default
1775522960,1_10912,1_100162,271,1_569554140,1_7976662,1775523780,1775523780,default
1775522960,1_10912,40_100511,542,40_581724870,40_7976685,1775524080,1775524080,default
1775522960,1_10912,1_100162,271,1_569496350,1_7976351,1775524740,1775524740,default
1775522960,1_10912,40_100451,556,40_635883580,40_7976589,1775525400,1775525400,default
1775522960,1_10640,1_100252,62,1_800856400,1_8025003,1775525820,1775525820,default
1775522960,1_8403,1_100039,14,1_562520100,1_7974976,1775523000,1775523000,default
1775522960,1_76310,1_100214,372,1_694306540,1_6976,1775522935,1775523141,default
1775522960,1_76310,40_100232,522,40_635897490,40_7976770,1775523147,1775523147,default
1775522960,1_76310,1_102705,230,1_633062130,1_7447,1775523185,1775523185,default
1775523261,1_481,1_100024,125,1_770790180,1_7974702,1775523360,1775523360,default
1775523261,1_60161,1_100042,148,1_762077980,1_3708,1775523480,1775522409,default
1775523261,1_970,1_100045,150,1_800670470,1_8187,1775523036,1775523308,default
1775523261,1_12770,1_100228,48,1_721360680,1_7974621,1775523316,1775523316,default
1775523261,1_30510,1_100249,60,1_801585920,1_8025816,1775523326,1775523326,default
1775523261,1_320,40_590,590,40_168020,40_9730,1775523480,1775523480,default
1775523261,1_7790,1_102615,E Line,1_813078570,1_8026443,1775523323,1775523323,default
1775523261,1_2850,1_100089,2,1_815905420,1_7139,1775523420,1775522614,default
1775523261,1_2850,1_100089,2,1_788757910,1_7119,1775524380,1775523097,default
1775523261,1_46505,1_102619,F Line,1_800654610,1_8023712,1775523420,1775523420,default
1775523261,1_46505,1_102619,F Line,1_656236440,1_7976083,1775524320,1775524320,default
1775523261,1_46505,1_102619,F Line,1_656237600,1_7975998,1775525220,1775525220,default
1775523261,1_46505,1_102619,F Line,1_656237760,1_7976035,1775526120,1775526120,default
1775523261,1_1190,40_100239,550,40_597760460,40_7976613,1775523332,1775523332,default
1775523261,1_1510,1_100210,36,1_800582680,1_8023483,1775523338,1775523338,default
1775523261,1_72494,1_100160,269,1_806917800,1_8024683,1775523480,1775523480,default
1775523261,1_52306,1_102619,F Line,1_800654690,1_8023764,1775523900,1775523900,default
1775523261,1_52306,1_102619,F Line,1_800654430,1_8023883,1775524800,1775524800,default
1775523261,1_52306,1_102619,F Line,1_800654850,1_8023779,1775525700,1775525700,default
1775523261,1_52306,1_102619,F Line,1_800653480,1_8023710,1775526600,1775526600,default
1775523261,1_41850,1_100249,60,1_801585920,1_8025816,1775523417,1775523417,default
1775523261,1_41940,1_100249,60,1_801585980,1_8025817,1775523397,1775523397,default
1775523261,1_2200,1_100275,8,1_800891060,1_8003,1775523393,1775523393,default
1775523261,1_59282,1_100072,181,1_721481870,1_7109,1775523420,1775522536,default
1775523261,1_59282,1_102717,165,1_800649870,1_7400,1775524140,1775522767,default
1775523261,1_42540,1_100072,181,1_721481540,1_7976037,1775523407,1775523407,default
1775523261,1_620,1_100003,101,1_800669600,1_8023833,1775523480,1775523480,default
1775523261,1_620,40_515,515,40_16133757__MCOB-DO:121:0:Weekday:2:26MAR:86032:12345,40_16803,1775523600,1775523600,default
1775523261,1_620,40_100239,550,40_597760510,40_7976619,1775523840,1775523840,default
1775523261,1_620,40_510,510,40_16133729__MCOB-DO:121:0:Weekday:2:26MAR:86021:12345,40_MCOB-DO:121:0:Weekday:2:26MAR:86021:12345,1775524200,1775524200,default
1775523261,1_620,1_102754,256,1_816378520,1_8005280,1775524560,1775524560,default
1775523261,1_620,40_515,515,40_16133699__MCOB-DO:121:0:Weekday:2:26MAR:86024:12345,40_MCOB-DO:121:0:Weekday:2:26MAR:86024:12345,1775524800,1775524800,default
1775523261,1_620,1_102754,256,1_816378530,1_8005282,1775526420,1775526420,default
1775523261,1_620,40_510,510,40_16133730__MCOB-DO:121:0:Weekday:2:26MAR:86031:12345,40_MCOB-DO:121:0:Weekday:2:26MAR:86031:12345,1775525400,1775526737,default
1775523261,1_10912,40_100451,556,40_635883190,40_7976550,1775523720,1775523720,default
1775523261,1_10912,1_100162,271,1_569554140,1_7976662,1775523780,1775523780,default
1775523261,1_10912,40_100511,542,40_581724870,40_7976685,1775524080,1775524080,default
1775523261,1_10912,1_100162,271,1_569496350,1_7976351,1775524740,1775524740,default
1775523261,1_10912,40_100451,556,40_635883580,40_7976589,1775525400,1775525400,default
1775523261,1_10640,1_100252,62,1_800856400,1_8025003,1775525820,1775525820,default
1775523261,1_10640,1_100252,62,1_800856410,1_8024964,1775526720,1775526720,default
1775523261,1_52081,1_102736,H Line,1_694055830,1_7974966,1775523459,1775523459,default
1775523561,1_12170,1_100039,14,1_562520100,1_7974976,1775523579,1775523579,default
1775523561,1_60161,1_100042,148,1_762078030,1_7976054,1775523600,1775523600,default
1775523561,1_60161,1_100042,148,1_762078120,1_7976061,1775527080,1775527080,default
1775523561,1_8541,1_100263,7,1_800589220,1_8023452,1775523600,1775523600,default
1775523561,1_320,40_100239,550,40_597760450,40_6993,1775523660,1775523665,default
1775523561,1_575,1_100173,3,1_761127020,1_7974914,1775523600,1775523600,default
1775523561,1_575,1_102615,E Line,1_761417490,1_6082,1775522100,1775523650,default
1775523561,1_575,1_102576,C Line,1_800867800,1_8024972,1775523720,1775523720,default
1775523561,1_575,1_100263,7,1_800587820,1_8023413,1775523720,1775523720,default
1775523561,1_2850,1_100089,2,1_788757910,1_7119,1775524380,1775523097,default
1775523561,1_46505,1_102619,F Line,1_656236440,1_7976083,1775524320,1775524320,default
1775523561,1_46505,1_102619,F Line,1_656237600,1_7975998,1775525220,1775525220,default
1775523561,1_46505,1_102619,F Line,1_656237760,1_7976035,1775526120,1775526120,default
1775523561,1_46505,1_102619,F Line,1_656237030,1_7975997,1775527020,1775527020,default
1775523561,1_1190,1_100447,49,1_801199760,1_4334,1775523208,1775523636,default
1775523561,1_27420,1_100161,27,1_759819560,1_7974629,1775523634,1775523634,default
1775523561,1_68130,1_102548,B Line,1_721019320,1_6046,1775523688,1775523749,default
1775523561,1_52306,1_102619,F Line,1_800654690,1_8023764,1775523900,1775523900,default
1775523561,1_52306,1_102619,F Line,1_800654430,1_8023883,1775524800,1775524800,default
1775523561,1_52306,1_102619,F Line,1_800654850,1_8023779,1775525700,1775525700,default
1775523561,1_52306,1_102619,F Line,1_800653480,1_8023710,1775526600,1775526600,default
1775523561,1_8530,1_100005,106,1_727784850,1_7975007,1775523726,1775523726,default
1775523561,1_40030,1_102574,40,1_811900350,1_8261,1775523611,1775523699,default
1775523561,1_59282,1_102717,165,1_800649870,1_7400,1775524140,1775522767,default
1775523561,1_85531,1_102757,187,1_762095610,1_7976068,1775523720,1775523720,default
1775523561,1_55831,1_100005,106,1_727784990,1_7975009,1775523709,1775523709,default
1775523561,1_21320,1_100249,60,1_801586000,1_8025819,1775523720,1775523720,default
1775523561,1_620,40_100239,550,40_597760510,40_7976619,1775523840,1775523840,default
1775523561,1_620,40_100236,545,40_563504160,40_7976554,1775523840,1775523840,default
1775523561,1_620,40_100236,545,40_563504160,40_9682,1775523840,1775523878,default
1775523561,1_620,1_100104,212,1_806323860,1_8005194,1775524080,1775524080,default
1775523561,1_620,40_510,510,40_16133729__MCOB-DO:121:0:Weekday:2:26MAR:86021:12345,40_MCOB-DO:121:0:Weekday:2:26MAR:86021:12345,1775524200,1775524337,default
1775523561,1_620,1_102754,256,1_816378520,1_8005280,1775524560,1775524560,default
1775523561,1_620,40_515,515,40_16133699__MCOB-DO:121:0:Weekday:2:26MAR:86024:12345,40_MCOB-DO:121:0:Weekday:2:26MAR:86024:12345,1775524800,1775524800,default
1775523561,1_620,1_102754,256,1_816378530,1_8005282,1775526420,1775526420,default
1775523561,1_620,40_510,510,40_16133730__MCOB-DO:121:0:Weekday:2:26MAR:86031:12345,40_MCOB-DO:121:0:Weekday:2:26MAR:86031:12345,1775525400,1775526827,default
1775523561,1_10912,40_100451,556,40_635883190,40_7976550,1775523720,1775523720,default
1775523561,1_10912,1_100264,70,1_801593050,1_8228,1775523706,1775523726,default
1775523561,1_10912,1_100447,49,1_801199750,1_4330,1775523690,1775523743,default
1775523561,1_10912,1_100162,271,1_569554140,1_7976662,1775523780,1775523780,default
1775523561,1_10912,40_100511,542,40_581724870,40_7976685,1775524080,1775524080,default
1775523561,1_10912,1_100162,271,1_569496350,1_7976351,1775524740,1775524740,default
1775523561,1_10912,40_100451,556,40_635883580,40_7976589,1775525400,1775525400,default
1775523561,1_10912,1_100162,271,1_569496510,1_7976382,1775525640,1775525640,default
1775523561,1_10912,40_100511,542,40_581725440,40_7976686,1775525880,1775525880,default
1775523561,1_10640,1_100252,62,1_800856400,1_8025003,1775525820,1775525820,default
1775523561,1_10640,1_100252,62,1_800856410,1_8024964,1775526720,1775526720,default
1775523861,1_103,1_102745,G Line,1_736436160,1_7974690,1775523918,1775523918,default
1775523861,1_77930,1_102746,333,1_778704250,1_7975727,1775523917,1775523917,default
1775523861,1_60161,1_100042,148,1_762078040,1_7976054,1775525280,1775525280,default
1775523861,1_60161,1_100042,148,1_762078120,1_7976061,1775527080,1775527080,default
1775523861,1_320,1_100104,212,1_806323850,1_6981,1775523900,1775523971,default
1775523861,1_575,1_100210,36,1_800582680,1_8023483,1775523900,1775523900,default
1775523861,1_2850,1_100089,2,1_788757910,1_7119,1775524380,1775523097,default
1775523861,1_2850,1_100089,2,1_818403210,1_7095,1775524620,1775523498,default
1775523861,1_46505,1_102619,F Line,1_656236440,1_7976083,1775524320,1775524320,default
1775523861,1_46505,1_102619,F Line,1_656237600,1_7975998,1775525220,1775525220,default
1775523861,1_46505,1_102619,F Line,1_656237760,1_7976035,1775526120,1775526120,default
1775523861,1_46505,1_102619,F Line,1_656237030,1_7975997,1775527020,1775527150,default
1775523861,1_36711,1_100230,50,1_785559010,1_7976177,1775523909,1775523909,default
1775523861,1_77460,1_102746,333,1_778704590,1_7975730,1775523957,1775523957,default
1775523861,1_56440,1_100005,106,1_727784770,1_7975005,1775523938,1775523938,default
1775523861,1_3380,1_100210,36,1_800583970,1_8023383,1775523960,1775523960,default
1775523861,1_52306,1_102619,F Line,1_800654430,1_8023883,1775524800,1775524800,default
1775523861,1_52306,1_102619,F Line,1_800654850,1_8023779,1775525700,1775525700,default
1775523861,1_52306,1_102619,F Line,1_800653480,1_8023710,1775526600,1775526600,default
1775523861,1_8530,1_100263,7,1_800588010,1_8023408,1775524033,1775524033,default
1775523861,1_65092,1_100162,271,1_569496280,1_7976387,1775524080,1775524080,default
1775523861,1_41940,1_102729,322,1_803353370,1_7233,1775523955,1775523970,default
1775523861,1_59282,1_102717,165,1_800649870,1_7400,1775524140,1775522767,default
1775523861,1_79874,1_100133,240,1_806916320,1_8024699,1775524006,1775524006,default
1775523861,1_620,40_510,510,40_16133729__MCOB-DO:121:0:Weekday:2:26MAR:86021:12345,40_17851,1775524200,1775523916,default
1775523861,1_620,1_100104,212,1_806323860,1_8005194,1775524080,1775524080,default
1775523861,1_620,40_510,510,40_16133729__MCOB-DO:121:0:Weekday:2:26MAR:86021:12345,40_MCOB-DO:121:0:Weekday:2:26MAR:86021:12345,1775524200,1775524397,default
1775523861,1_620,1_102754,256,1_816378520,1_8005280,1775524560,1775524560,default
1775523861,1_620,40_515,515,40_16133699__MCOB-DO:121:0:Weekday:2:26MAR:86024:12345,40_MCOB-DO:121:0:Weekday:2:26MAR:86024:12345,1775524800,1775524800,default
1775523861,1_620,1_102754,256,1_816378530,1_8005282,1775526420,1775526420,default
1775523861,1_620,40_510,510,40_16133730__MCOB-DO:121:0:Weekday:2:26MAR:86031:12345,40_MCOB-DO:121:0:Weekday:2:26MAR:86031:12345,1775525400,1775526827,default
1775523861,1_10912,1_100214,372,1_694306800,1_7419,1775523644,1775524032,default
1775523861,1_10912,40_100511,542,40_581724870,40_7976685,1775524080,1775524080,default
1775523861,1_10912,1_100162,271,1_569496350,1_7976351,1775524740,1775524740,default
1775523861,1_10912,40_100451,556,40_635883580,40_7976589,1775525400,1775525400,default
1775523861,1_10912,1_100162,271,1_569496510,1_7976382,1775525640,1775525640,default
1775523861,1_10912,40_100511,542,40_581725440,40_7976686,1775525880,1775525880,default
1775523861,1_71960,40_100511,542,40_721031190,40_7976604,1775524980,1775524980,default
1775523861,1_10640,1_100252,62,1_800856400,1_8025003,1775525820,1775525820,default
1775523861,1_10640,1_100252,62,1_800856410,1_8024964,1775526720,1775526720,default
1775523861,1_8403,1_100039,14,1_562520110,1_7974987,1775523840,1775523840,default
1775524161,1_103,1_102745,G Line,1_736437630,1_7974684,1775524278,1775524278,default
1775524161,1_46791,1_100016,118,1_669631290,1_7976012,1775524440,1775524440,default
1775524161,1_26560,1_102574,40,1_811900510,1_8026405,1775524256,1775524256,default
1775524161,1_60161,1_100042,148,1_762078040,1_3756,1775525280,1775524016,default
1775524161,1_60161,1_100042,148,1_762078040,1_7976054,1775525280,1775525280,default
1775524161,1_60161,1_100042,148,1_762078120,1_7976061,1775527080,1775527080,default
1775524161,1_12770,1_100228,48,1_721360830,1_7974619,1775524216,1775524216,default
1775524161,1_575,1_100028,13,1_788759070,1_7142,1775523960,1775524299,default
1775524161,1_575,1_102576,C Line,1_800868060,1_8025004,1775524320,1775524320,default
1775524161,1_2850,1_100089,2,1_788757910,1_7119,1775524380,1775523097,default
1775524161,1_2850,1_100089,2,1_818403210,1_7095,1775524620,1775523498,default
1775524161,1_46505,1_102619,F Line,1_656236440,1_7976083,1775524320,1775524320,default
1775524161,1_46505,1_102619,F Line,1_656237600,1_7975998,1775525220,1775525220,default
1775524161,1_46505,1_102619,F Line,1_656237760,1_7976035,1775526120,1775526120,default
1775524161,1_46505,1_102619,F Line,1_656237030,1_7975997,1775527020,1775527451,default
1775524161,1_47660,1_102736,H Line,1_694055830,1_7974966,1775524255,1775524255,default
1775524161,1_3470,1_100210,36,1_800583970,1_8023383,1775524260,1775524260,default
1775524161,1_1510,1_100263,7,1_800588010,1_8023408,1775524254,1775524254,default
1775524161,1_68130,1_102548,B Line,1_721019590,1_6042,1775524256,1775524222,default
1775524161,1_52306,1_100030,131,1_800856870,1_8024997,1775524260,1775524260,default
1775524161,1_52306,1_102619,F Line,1_800654430,1_8023883,1775524800,1775524800,default
1775524161,1_52306,1_102619,F Line,1_800654850,1_8023779,1775525700,1775525700,default
1775524161,1_52306,1_102619,F Line,1_800653480,1_8023710,1775526600,1775526600,default
1775524161,1_80121,1_102719,161,1_800652270,1_8023784,1775524317,1775524317,default
1775524161,1_65092,1_100162,271,1_720967960,1_7245,1775525280,1775524095,default
1775524161,1_65092,1_100162,271,1_720967960,1_7976387,1775525280,1775525280,default
1775524161,1_57804,1_100072,181,1_721482010,1_7976033,1775524576,1775524576,default
1775524161,1_620,1_102754,256,1_816378520,1_8005280,1775524560,1775524560,default
1775524161,1_620,40_100240,554,40_774872940,40_7976695,1775524680,1775524680,default
1775524161,1_620,40_100239,550,40_597760770,40_7976712,1775524680,1775524680,default
1775524161,1_620,40_515,515,40_16133699__MCOB-DO:121:0:Weekday:2:26MAR:86024:12345,40_MCOB-DO:121:0:Weekday:2:26MAR:86024:12345,1775524800,1775524934,default
1775524161,1_620,1_102754,256,1_816378530,1_8005282,1775526420,1775526420,default
1775524161,1_620,40_510,510,40_16133730__MCOB-DO:121:0:Weekday:2:26MAR:86031:12345,40_MCOB-DO:121:0:Weekday:2:26MAR:86031:12345,1775525400,1775526827,default
1775524161,1_68888,1_102552,226,1_816296160,1_8024715,1775524317,1775524317,default
1775524161,1_10912,1_100264,70,1_801592810,1_8025881,1775524306,1775524359,default
1775524161,1_10912,1_100162,271,1_569496350,1_7976351,1775524740,1775524740,default
1775524161,1_10912,40_100451,556,40_635883580,40_7976589,1775525400,1775525400,default
1775524161,1_10912,1_100162,271,1_569496510,1_7976382,1775525640,1775525640,default
1775524161,1_10912,40_100511,542,40_581725440,40_7976686,1775525880,1775525880,default
1775524161,1_71960,40_100511,542,40_721031190,40_7976604,1775524980,1775524980,default
1775524161,1_10640,1_100252,62,1_800856400,1_8025003,1775525820,1775525820,default
1775524161,1_10640,1_100252,62,1_800856410,1_8024964,1775526720,1775526720,default
1775524161,1_25210,1_100259,67,1_724950530,1_8145,1775524301,1775524332,default
1775524461,1_51551,1_102736,H Line,1_694055820,1_7974888,1775524527,1775524527,default
1775524461,1_60161,1_100042,148,1_762078040,1_3756,1775525280,1775524016,default
1775524461,1_60161,1_100042,148,1_762078120,1_7976061,1775527080,1775527080,default
1775524461,1_2850,1_100089,2,1_818403210,1_7095,1775524620,1775523498,default
1775524461,1_46505,1_102619,F Line,1_656237600,1_6281,1775525220,1775524191,default
1775524461,1_46505,1_102619,F Line,1_656237760,1_7976035,1775526120,1775526120,default
1775524461,1_46505,1_102619,F Line,1_656237030,1_7975997,1775527020,1775527648,default
1775524461,1_46505,1_102619,F Line,1_656237530,1_7976016,1775527980,1775527980,default
1775524461,1_52306,1_102619,F Line,1_800654430,1_8023883,1775524800,1775524800,default
1775524461,1_52306,1_102619,F Line,1_800654850,1_8023779,1775525700,1775525700,default
1775524461,1_52306,1_102619,F Line,1_800653480,1_8023710,1775526600,1775526600,default
1775524461,1_8530,1_100005,106,1_727784990,1_7975009,1775524626,1775524626,default
1775524461,1_8530,1_100263,7,1_800587830,1_8023401,1775524633,1775524633,default
1775524461,1_99254,1_100003,101,1_800669620,1_8023852,1775524582,1775524582,default
1775524461,1_99254,40_594,594,40_3565020,40_9310,1775524653,1775524649,default
1775524461,1_65092,1_100162,271,1_720967960,1_7245,1775525280,1775524095,default
1775524461,1_38220,1_100214,372,1_694306540,1_7976765,1775524571,1775524571,default
1775524461,1_59282,1_100072,181,1_721482080,1_7490,1775525220,1775524286,default
1775524461,1_57791,1_102718,184,1_635461940,1_7976216,1775524703,1775524724,default
1775524461,1_620,40_100240,554,40_774872940,40_7976695,1775524680,1775524680,default
1775524461,1_620,40_100236,545,40_563505150,40_7976558,1775524680,1775524680,default
1775524461,1_620,40_100239,550,40_597760770,40_7976712,1775524680,1775524680,default
1775524461,1_620,40_100236,545,40_563505150,40_9801,1775524680,1775524704,default
1775524461,1_620,40_515,515,40_16133699__MCOB-DO:121:0:Weekday:2:26MAR:86024:12345,40_MCOB-DO:121:0:Weekday:2:26MAR:86024:12345,1775524800,1775525174,default
1775524461,1_620,1_102754,256,1_816378530,1_8005282,1775526420,1775526420,default
1775524461,1_620,40_510,510,40_16133730__MCOB-DO:121:0:Weekday:2:26MAR:86031:12345,40_MCOB-DO:121:0:Weekday:2:26MAR:86031:12345,1775525400,1775526827,default
1775524461,1_16990,1_102574,40,1_811900450,1_8026406,1775524656,1775524656,default
1775524461,1_49930,1_100031,132,1_800857140,1_8024992,1775524620,1775524620,default
1775524461,1_10912,1_100162,271,1_569496350,1_7976351,1775524740,1775524740,default
1775524461,1_10912,40_100451,556,40_635883580,40_7976589,1775525400,1775525400,default
1775524461,1_10912,1_100162,271,1_569496510,1_7976382,1775525640,1775525640,default
1775524461,1_10912,40_100511,542,40_581725440,40_7976686,1775525880,1775525880,default
1775524461,1_71960,40_100511,542,40_721031190,40_7976604,1775524980,1775524980,default
1775524461,1_10640,1_100252,62,1_800856400,1_8025003,1775525820,1775525820,default
1775524461,1_10640,1_100252,62,1_800856410,1_8024964,1775526720,1775526720,default
1775524461,1_8403,1_100039,14,1_562520150,1_7974977,1775524680,1775524680,default
1775524761,1_6650,1_100229,5,1_809331260,1_8025838,1775524792,1775524792,default
1775524761,1_22196,1_102736,H Line,1_694056290,1_7974892,1775524779,1775524779,default
1775524761,1_26560,1_102574,40,1_811901020,1_8026392,1775524856,1775524856,default
1775524761,1_60161,1_100042,148,1_762078040,1_3756,1775525280,1775524016,default
1775524761,1_60161,1_100042,148,1_762078120,1_7976061,1775527080,1775527080,default
1775524761,1_320,40_590,590,40_2369020,40_61406,1775524200,1775524799,default
1775524761,1_320,40_590,590,40_2415020,40_41510,1775524920,1775524920,default
1775524761,1_575,1_100263,7,1_800588010,1_8023408,1775524860,1775524860,default
1775524761,1_2850,1_100089,2,1_815906120,1_8023470,1775525400,1775525400,default
1775524761,1_46505,1_102619,F Line,1_656237600,1_6281,1775525220,1775524191,default
1775524761,1_46505,1_102619,F Line,1_656237760,1_7976035,1775526120,1775526120,default
1775524761,1_46505,1_102619,F Line,1_656237030,1_7975997,1775527020,1775527020,default
1775524761,1_46505,1_102619,F Line,1_656237530,1_7976016,1775527980,1775527980,default
1775524761,1_29423,1_102732,79,1_816446530,1_8022070,1775525700,1775525700,default
1775524761,1_11590,1_100002,10,1_675385270,1_7974882,1775524813,1775524813,default
1775524761,1_1510,1_100263,7,1_800587830,1_8023401,1775524854,1775524854,default
1775524761,1_1510,1_100005,106,1_727784990,1_7975009,1775524872,1775524872,default
1775524761,1_81199,1_100072,181,1_721482010,1_7976033,1775524920,1775524920,default
1775524761,1_52306,1_102619,F Line,1_800654850,1_8023779,1775525700,1775525700,default
1775524761,1_52306,1_102619,F Line,1_800653480,1_8023710,1775526600,1775526600,default
1775524761,1_81426,1_102702,239,1_736529490,1_7976434,1775524866,1775524866,default
1775524761,1_45670,1_100210,36,1_800583700,1_4553,1775524612,1775524864,default
1775524761,1_65092,1_100162,271,1_720967960,1_7245,1775525280,1775524095,default
1775524761,1_59282,1_100072,181,1_721482080,1_7490,1775525220,1775524286,default
1775524761,1_23905,1_100214,372,1_694306540,1_7976765,1775525005,1775525005,default
1775524761,1_7690,1_102615,E Line,1_813078450,1_6271,1775527325,1775524832,default
1775524761,1_620,1_100003,101,1_800669620,1_8023852,1775524920,1775524920,default
1775524761,1_620,40_594,594,40_3565020,40_9310,1775525040,1775525036,default
1775524761,1_620,40_515,515,40_16133699__MCOB-DO:121:0:Weekday:2:26MAR:86024:12345,40_MCOB-DO:121:0:Weekday:2:26MAR:86024:12345,1775524800,1775525391,default
1775524761,1_620,1_102754,256,1_816378530,1_8005282,1775526420,1775526420,default
1775524761,1_620,40_510,510,40_16133730__MCOB-DO:121:0:Weekday:2:26MAR:86031:12345,40_MCOB-DO:121:0:Weekday:2:26MAR:86031:12345,1775525400,1775526827,default
1775524761,1_10912,1_100264,70,1_816207680,1_8026407,1775524906,1775524923,default
1775524761,1_10912,1_100447,49,1_801199700,1_4374,1775524890,1775524926,default
1775524761,1_10912,1_100214,372,1_694306930,1_6853,1775524844,1775524928,default
1775524761,1_10912,1_100264,70,1_816207680,1_8254,1775524906,1775524939,default
1775524761,1_10912,40_586,586,40_1579020,40_9717,1775524894,1775524994,default
1775524761,1_10912,40_100451,556,40_635883580,40_7976589,1775525400,1775525400,default
1775524761,1_10912,1_100162,271,1_569496510,1_7976382,1775525640,1775525640,default
1775524761,1_10912,40_100511,542,40_581725440,40_7976686,1775525880,1775525880,default
1775524761,1_10912,1_100162,271,1_585519420,1_7976349,1775526720,1775526720,default
1775524761,1_71960,40_100511,542,40_721031190,40_7976604,1775524980,1775524980,default
1775524761,1_10640,1_100252,62,1_800856400,1_8025003,1775525820,1775525820,default
1775524761,1_10640,1_100252,62,1_800856410,1_8024964,1775526720,1775526720,default
1775524761,1_8403,1_100039,14,1_562520150,1_7974977,1775524680,1775524680,default
1775524761,1_71838,1_102753,222,1_774817630,1_7976416,1775524957,1775524957,default
1775525061,1_12170,1_100039,14,1_562520150,1_7974977,1775525199,1775525199,default
1775525061,1_60161,1_100042,148,1_762078040,1_3756,1775525280,1775524016,default
1775525061,1_60161,1_100042,148,1_762078120,1_7976061,1775527080,1775527080,default
1775525061,1_30790,1_100006,107,1_800647000,1_3712,1775524773,1775525111,default
1775525061,1_320,40_100239,550,40_597761040,40_9652,1775525100,1775525142,default
1775525061,1_320,1_100104,212,1_806323870,1_7437,1775525160,1775525165,default
1775525061,1_320,40_592,592,40_409020,40_41511,1775525220,1775525220,default
1775525061,1_2850,1_100089,2,1_815906120,1_8023470,1775525400,1775525400,default
1775525061,1_46505,1_102619,F Line,1_656237600,1_6281,1775525220,1775524191,default
1775525061,1_46505,1_102619,F Line,1_656237760,1_7976035,1775526120,1775526120,default
1775525061,1_46505,1_102619,F Line,1_656237030,1_7975997,1775527020,1775527020,default
1775525061,1_46505,1_102619,F Line,1_656237530,1_7976016,1775527980,1775527980,default
1775525061,1_29423,1_102732,79,1_816446530,1_8022070,1775525700,1775525700,default
1775525061,1_52306,1_102619,F Line,1_800654850,1_8023779,1775525700,1775525700,default
1775525061,1_52306,1_102619,F Line,1_800653480,1_8023710,1775526600,1775526600,default
1775525061,1_16400,1_100252,62,1_800855540,1_8025001,1775525159,1775525159,default
1775525061,1_8530,1_100263,7,1_800588440,1_8023429,1775525233,1775525233,default
1775525061,1_65092,1_100162,271,1_720967960,1_7245,1775525280,1775524095,default
1775525061,1_59282,1_100072,181,1_721482080,1_7490,1775525220,1775524286,default
1775525061,1_50787,1_100074,183,1_800657330,1_8023721,1775525280,1775525280,default
1775525061,1_620,40_515,515,40_16133699__MCOB-DO:121:0:Weekday:2:26MAR:86024:12345,40_MCOB-DO:121:0:Weekday:2:26MAR:86024:12345,1775524800,1775525447,default
1775525061,1_620,40_100239,550,40_597760480,40_7976614,1775525580,1775525580,default
1775525061,1_620,1_102754,256,1_816378530,1_8005282,1775526420,1775526420,default
1775525061,1_620,40_510,510,40_16133730__MCOB-DO:121:0:Weekday:2:26MAR:86031:12345,40_MCOB-DO:121:0:Weekday:2:26MAR:86031:12345,1775525400,1775526827,default
1775525061,1_10912,40_100451,556,40_635883580,40_7976589,1775525400,1775525400,default
1775525061,1_10912,1_100162,271,1_569496510,1_7976382,1775525640,1775525640,default
1775525061,1_10912,40_100511,542,40_581725440,40_7976686,1775525880,1775525880,default
1775525061,1_10912,1_100162,271,1_585519420,1_7976349,1775526720,1775526720,default
1775525061,1_71960,40_100511,542,40_721031230,40_7976607,1775526720,1775526720,default
1775525061,1_10640,1_100252,62,1_800856400,1_7018,1775525820,1775525122,default
1775525061,1_10640,1_100252,62,1_800856400,1_8025003,1775525820,1775525820,default
1775525061,1_10640,1_100252,62,1_800856410,1_8024964,1775526720,1775526720,default
1775525361,1_481,1_102736,H Line,1_694055720,1_6113,1775525280,1775525411,default
1775525361,1_26560,1_102574,40,1_811901900,1_8025886,1775525456,1775525456,default
1775525361,1_60161,1_100042,148,1_762078120,1_7976061,1775527080,1775527080,default
1775525361,1_575,1_100173,3,1_761126180,1_7974916,1775525400,1775525400,default
1775525361,1_575,1_100263,7,1_800587830,1_8023401,1775525460,1775525460,default
1775525361,1_575,1_102576,C Line,1_800867740,1_8024977,1775525460,1775525460,default
1775525361,1_2850,1_100089,2,1_815906120,1_7153,1775525400,1775525156,default
1775525361,1_2850,1_100089,2,1_815906120,1_8023470,1775525400,1775525400,default
1775525361,1_2850,1_100089,2,1_788757920,1_8023446,1775526420,1775526420,default
1775525361,1_46505,1_102619,F Line,1_656237760,1_7976035,1775526120,1775526120,default
1775525361,1_46505,1_102619,F Line,1_656237030,1_7975997,1775527020,1775527020,default
1775525361,1_46505,1_102619,F Line,1_656237530,1_7976016,1775527980,1775527980,default
1775525361,1_46505,1_102619,F Line,1_656237270,1_7976229,1775528880,1775528880,default
1775525361,1_29423,1_102732,79,1_816446530,1_8022070,1775525700,1775525700,default
1775525361,1_1510,1_100263,7,1_800588440,1_8023429,1775525454,1775525454,default
1775525361,1_68130,1_102548,B Line,1_721019400,1_6028,1775525456,1775525456,default
1775525361,1_79877,1_100162,271,1_569496940,1_7976352,1775525455,1775525455,default
1775525361,1_52306,1_100031,132,1_800857140,1_8024992,1775525460,1775525460,default
1775525361,1_52306,1_102619,F Line,1_800654850,1_8023779,1775525700,1775525700,default
1775525361,1_52306,1_102619,F Line,1_800653480,1_8023710,1775526600,1775526600,default
1775525361,1_8530,1_100039,14,1_562520830,1_7974993,1775525462,1775525462,default
1775525361,1_9605,1_100259,67,1_761385050,1_7975680,1775525520,1775525520,default
1775525361,1_57804,1_100072,181,1_721481550,1_7976067,1775525836,1775525836,default
1775525361,1_59282,1_102717,165,1_800649880,1_7188,1775526240,1775525039,default
1775525361,1_620,40_100239,550,40_597760480,40_7976614,1775525580,1775525580,default
1775525361,1_620,40_100236,545,40_560091720,40_7976551,1775525580,1775525606,default
1775525361,1_620,40_100236,545,40_560091720,40_9662,1775525580,1775525626,default
1775525361,1_620,1_102754,256,1_816378530,1_8005282,1775526420,1775526420,default
1775525361,1_620,40_510,510,40_16133730__MCOB-DO:121:0:Weekday:2:26MAR:86031:12345,40_MCOB-DO:121:0:Weekday:2:26MAR:86031:12345,1775525400,1775526827,default
1775525361,1_10912,1_100264,70,1_801593340,1_8212,1775525506,1775525540,default
1775525361,1_10912,1_100162,271,1_569496510,1_7976382,1775525640,1775525640,default
1775525361,1_10912,40_100511,542,40_581725440,40_7976686,1775525880,1775525880,default
1775525361,1_10912,1_100162,271,1_585519420,1_7976349,1775526720,1775526720,default
1775525361,1_10912,40_100511,542,40_569576340,40_7976608,1775527860,1775527860,default
1775525361,1_71960,40_100511,542,40_721031230,40_7976607,1775526720,1775526720,default
1775525361,1_10640,1_100252,62,1_800856400,1_7018,1775525820,1775525122,default
1775525361,1_10640,1_100252,62,1_800856410,1_8024964,1775526720,1775526720,default
1775525661,1_103,1_102745,G Line,1_736436340,1_7974692,1775525718,1775525718,default
1775525661,1_5830,1_100229,5,1_809330140,1_8026440,1775525430,1775525684,default
1775525661,1_60161,1_100042,148,1_762078120,1_7976061,1775527080,1775527080,default
1775525661,1_30790,1_100006,107,1_800646600,1_7118,1775525673,1775525680,default
1775525661,1_575,1_102615,E Line,1_813078370,1_6213,1775525700,1775525743,default
1775525661,1_2850,1_100089,2,1_788757920,1_7166,1775526420,1775525454,default
1775525661,1_2850,1_100089,2,1_788757920,1_8023446,1775526420,1775526420,default
1775525661,1_46505,1_102619,F Line,1_656237760,1_7976035,1775526120,1775526120,default
1775525661,1_46505,1_102619,F Line,1_656237030,1_7975997,1775527020,1775527020,default
1775525661,1_46505,1_102619,F Line,1_656237530,1_7976016,1775527980,1775527980,default
1775525661,1_46505,1_102619,F Line,1_656237270,1_7976229,1775528880,1775528880,default
1775525661,1_29423,1_102732,79,1_816446530,1_8022070,1775525700,1775525700,default
1775525661,1_1190,1_100447,49,1_801199740,1_8023490,1775525599,1775525705,default
1775525661,1_27420,1_100249,60,1_801586030,1_8025820,1775525768,1775525768,default
1775525661,1_57453,1_100060,168,1_664461020,1_7976094,1775529060,1775529060,default
1775525661,1_77460,1_102746,333,1_778704660,1_7975727,1775525757,1775525757,default
1775525661,1_52306,1_102619,F Line,1_800653480,1_8023710,1775526600,1775526600,default
1775525661,1_57804,1_100072,181,1_721481550,1_7976067,1775525836,1775525836,default
1775525661,1_59282,1_102717,165,1_800649880,1_7188,1775526240,1775525039,default
1775525661,1_620,40_100239,550,40_597761050,40_7976644,1775526360,1775526360,default
1775525661,1_620,1_102754,256,1_816378530,1_8005282,1775526420,1775526420,default
1775525661,1_10912,40_100511,542,40_581725440,40_7976686,1775525880,1775525880,default
1775525661,1_10912,1_100162,271,1_585519420,1_7976349,1775526720,1775526720,default
1775525661,1_10912,40_100511,542,40_569576340,40_7976608,1775527860,1775527860,default
1775525661,1_71960,40_100511,542,40_721031230,40_7976607,1775526720,1775526720,default
1775525661,1_10640,1_100252,62,1_800856410,1_8024964,1775526720,1775526720,default
1775525661,1_52081,1_102736,H Line,1_694056070,1_7974895,1775525859,1775525859,default
1775525661,1_8403,1_100039,14,1_562520160,1_7974988,1775525580,1775525580,default
1775526923,1_12170,1_100039,14,1_562520230,1_7974991,1775526999,1775526999,default
1775526923,1_6650,1_102747,61,1_803357210,1_8022040,1775526894,1775526946,default
1775526923,1_60161,1_100042,148,1_762078120,1_7186,1775527080,1775525662,default
1775526923,1_320,40_594,594,40_2011020,40_51403,1775527140,1775527094,default
1775526923,1_575,1_100089,2,1_815906120,1_8023470,1775526960,1775526960,default
1775526923,1_2850,1_100089,2,1_788758280,1_7099,1775527500,1775525842,default
1775526923,1_2850,1_100089,2,1_788757930,1_7091,1775528340,1775526506,default
1775526923,1_46505,1_102619,F Line,1_656237030,1_7975997,1775527020,1775527020,default
1775526923,1_46505,1_102619,F Line,1_656237530,1_7976016,1775527980,1775527980,default
1775526923,1_46505,1_102619,F Line,1_656237270,1_7976229,1775528880,1775528880,default
1775526923,1_46505,1_102619,F Line,1_656237690,1_7976085,1775529780,1775529780,default
1775526923,1_27420,1_100249,60,1_801586090,1_8025815,1775527088,1775527088,default
1775526923,1_11590,1_100002,10,1_675385240,1_7974876,1775526973,1775526973,default
1775526923,1_57453,1_100060,168,1_664461020,1_7976094,1775529060,1775529187,default
1775526923,1_76024,1_102702,239,1_736529540,1_7976433,1775527000,1775527000,default
1775526923,1_59286,1_100072,181,1_721481550,1_7976067,1775527001,1775527001,default
1775526923,1_72494,1_100160,269,1_806916880,1_8024685,1775527080,1775527080,default
1775526923,1_75190,1_102746,333,1_778704660,1_7975727,1775527025,1775527025,default
1775526923,1_52306,1_102619,F Line,1_800654620,1_8023712,1775527500,1775527500,default
1775526923,1_52306,1_102619,F Line,1_800654940,1_8023715,1775530200,1775530200,default
1775526923,1_21945,1_102717,165,1_800649870,1_8023783,1775527020,1775527020,default
1775526923,1_82187,1_100259,67,1_724948660,1_7975670,1775527042,1775527042,default
1775526923,1_59282,1_102717,165,1_800649890,1_7471,1775528040,1775526766,default
1775526923,1_59282,1_102717,165,1_800649890,1_8023767,1775528040,1775528040,default
1775526923,1_21320,1_100249,60,1_801586050,1_8025824,1775527080,1775527080,default
1775526923,1_620,40_100239,550,40_597761140,40_7976643,1775527260,1775527260,default
1775526923,1_10912,1_100162,271,1_569554050,1_7976354,1775527500,1775527500,default
1775526923,1_10912,40_100511,542,40_569576340,40_7976608,1775527860,1775527860,default
1775526923,1_10912,1_100162,271,1_569495950,1_7976350,1775528520,1775528520,default
1775526923,1_71960,40_100511,542,40_721031440,40_7976685,1775528460,1775528460,default
1775526923,1_10640,1_100252,62,1_800856420,1_8048,1775527620,1775526205,default
1775526923,1_3000,1_100089,2,1_788757920,1_8023446,1775526912,1775527113,default
1775527100,1_26560,1_102574,40,1_811900610,1_8026398,1775527169,1775527169,default
1775527100,1_8541,1_100263,7,1_800587960,1_8023408,1775527140,1775527140,default
1775527100,1_320,40_594,594,40_2011020,40_51403,1775527140,1775527235,default
1775527100,1_575,1_102576,C Line,1_800868920,1_8025005,1775527140,1775527140,default
1775527100,1_2850,1_100089,2,1_788758280,1_7099,1775527500,1775525842,default
1775527100,1_2850,1_100089,2,1_788757930,1_7091,1775528340,1775526506,default
1775527100,1_46505,1_102619,F Line,1_656237530,1_7976016,1775527980,1775527980,default
1775527100,1_46505,1_102619,F Line,1_656237270,1_7976229,1775528880,1775528880,default
1775527100,1_46505,1_102619,F Line,1_656237690,1_7976085,1775529780,1775529780,default
1775527100,1_46505,1_102619,F Line,1_656236310,1_7975999,1775530680,1775530680,default
1775527100,1_23530,1_100259,67,1_724949510,1_7975677,1775527168,1775527168,default
1775527100,1_3470,1_100210,36,1_800583680,1_8023380,1775527200,1775527200,default
1775527100,1_57453,1_100060,168,1_664461020,1_7976094,1775529060,1775529185,default
1775527100,1_68130,1_102548,B Line,1_721019280,1_6027,1775527224,1775527224,default
1775527100,1_52306,1_100031,132,1_800857340,1_8024996,1775527200,1775527200,default
1775527100,1_52306,1_102619,F Line,1_800654620,1_8023712,1775527500,1775527500,default
1775527100,1_52306,1_102619,F Line,1_800654940,1_8023715,1775530200,1775530200,default
1775527100,1_57804,1_100072,181,1_721481880,1_7976037,1775527636,1775527636,default
1775527100,1_59282,1_102717,165,1_800649890,1_7471,1775528040,1775526766,default
1775527100,1_85531,1_102757,187,1_762095630,1_7976068,1775527320,1775527320,default
1775527100,1_41370,1_100219,4,1_675344790,1_7974871,1775527237,1775527237,default
1775527100,1_82675,1_102705,230,1_664298900,1_7976336,1775527247,1775527247,default
1775527100,1_620,40_100239,550,40_597761140,40_7976643,1775527260,1775527260,default
1775527100,1_620,40_100236,545,40_563505730,40_7976559,1775527320,1775527320,default
1775527100,1_620,40_100236,545,40_563505730,40_6952,1775527320,1775527337,default
1775527100,1_10912,1_100447,49,1_650118650,1_4334,1775527290,1775527290,default
1775527100,1_10912,1_100264,70,1_816207930,1_8026412,1775527306,1775527306,default
1775527100,1_10912,1_100162,271,1_569554050,1_7976354,1775527500,1775527500,default
1775527100,1_10912,40_100511,542,40_569576340,40_7976608,1775527860,1775527860,default
1775527100,1_10912,1_100162,271,1_569495950,1_7976350,1775528520,1775528520,default
1775527100,1_10912,40_100511,542,40_569576360,40_7976604,1775529660,1775529660,default
1775527100,1_71960,1_102752,223,1_816297760,1_8024725,1775527320,1775527320,default
1775527100,1_71960,40_100511,542,40_721031440,40_7976685,1775528460,1775528460,default
1775527100,1_10640,1_100252,62,1_800856420,1_8048,1775527620,1775526205,default
1775527400,1_103,1_102745,G Line,1_736436460,1_7974684,1775527486,1775527486,default
1775527400,1_52638,1_102719,161,1_800652290,1_8023732,1775527415,1775527415,default
1775527400,1_60161,1_100042,148,1_762077900,1_7976053,1775530860,1775530860,default
1775527400,1_970,40_594,594,40_1040020,40_9213,1775527530,1775527494,default
1775527400,1_320,40_100239,550,40_597761690,40_9808,1775527500,1775527472,default
1775527400,1_2850,1_100089,2,1_788758280,1_7099,1775527500,1775525842,default
1775527400,1_2850,1_100089,2,1_788757930,1_7091,1775528340,1775526506,default
1775527400,1_46505,1_102619,F Line,1_656237530,1_7976016,1775527980,1775527980,default
1775527400,1_46505,1_102619,F Line,1_656237270,1_7976229,1775528880,1775528880,default
1775527400,1_46505,1_102619,F Line,1_656237690,1_7976085,1775529780,1775529780,default
1775527400,1_46505,1_102619,F Line,1_656236310,1_7975999,1775530680,1775530680,default
1775527400,1_1190,1_100002,10,1_675385310,1_4314,1775527098,1775527452,default
1775527400,1_57453,1_100060,168,1_664461020,1_7976094,1775529060,1775529098,default
1775527400,1_52306,1_102619,F Line,1_800654620,1_8023712,1775527500,1775527500,default
1775527400,1_52306,1_102619,F Line,1_800654940,1_8023715,1775530200,1775530200,default
1775527400,1_8530,1_100263,7,1_800588270,1_8023484,1775527573,1775527573,default
1775527400,1_7750,1_102615,E Line,1_813078450,1_8025856,1775527512,1775527512,default
1775527400,1_65092,1_100162,271,1_720966790,1_7348,1775528700,1775527061,default
1775527400,1_40065,1_102574,40,1_811900710,1_8026393,1775527533,1775527533,default
1775527400,1_17800,1_100202,345,1_724969730,1_7975637,1775527566,1775527566,default
1775527400,1_57804,1_100072,181,1_721481880,1_7976037,1775527636,1775527636,default
1775527400,1_59282,1_102717,165,1_800649890,1_7471,1775528040,1775526766,default
1775527400,1_59282,1_100072,181,1_721482020,1_7399,1775528100,1775527092,default
1775527400,1_60710,1_100512,A Line,1_800643730,1_8023849,1775527639,1775527639,default
1775527400,1_620,40_100239,550,40_597761440,40_7976642,1775528160,1775528160,default
1775527400,1_10912,1_100223,43,1_800586420,1_4502,1775527340,1775527559,default
1775527400,1_10912,40_100511,542,40_569576340,40_7976608,1775527860,1775527860,default
1775527400,1_10912,1_100162,271,1_569495950,1_7976350,1775528520,1775528520,default
1775527400,1_10912,40_100511,542,40_569576360,40_7976604,1775529660,1775529660,default
1775527400,1_71960,40_100511,542,40_721031440,40_7976685,1775528460,1775528460,default
1775527400,1_10640,1_100252,62,1_800856420,1_8048,1775527620,1775526205,default
1775527400,1_10640,1_100252,62,1_800856430,1_8024959,1775528520,1775528520,default
1775527400,1_8403,1_100039,14,1_562520280,1_7974989,1775527380,1775527380,default
1775527700,1_60161,1_100042,148,1_762077900,1_7976053,1775530860,1775530860,default
1775527700,1_320,40_594,594,40_1040020,40_9213,1775527800,1775527759,default
1775527700,1_575,1_102576,C Line,1_800868630,1_8024969,1775527740,1775527740,default
1775527700,1_2850,1_100089,2,1_788757930,1_7091,1775528340,1775526506,default
1775527700,1_2850,1_100089,2,1_788758290,1_7158,1775529420,1775527577,default
1775527700,1_46505,1_102619,F Line,1_656237530,1_7976016,1775527980,1775527980,default
1775527700,1_46505,1_102619,F Line,1_656237270,1_7976229,1775528880,1775528880,default
1775527700,1_46505,1_102619,F Line,1_656237690,1_7976085,1775529780,1775529780,default
1775527700,1_46505,1_102619,F Line,1_656236310,1_7975999,1775530680,1775530680,default
1775527700,1_1190,1_100018,12,1_801583790,1_7159,1775527750,1775527750,default
1775527700,1_57453,1_100060,168,1_664461020,1_7976094,1775529060,1775529218,default
1775527700,1_1510,1_100263,7,1_800588270,1_8023484,1775527794,1775527794,default
1775527700,1_73366,1_102548,B Line,1_721018940,1_7976639,1775527840,1775527840,default
1775527700,1_52306,1_102619,F Line,1_656236450,1_7976083,1775528400,1775528400,default
1775527700,1_52306,1_102619,F Line,1_800654940,1_8023715,1775530200,1775530200,default
1775527700,1_80121,1_102719,161,1_800652290,1_8023732,1775527906,1775527906,default
1775527700,1_65092,1_100162,271,1_720966790,1_7348,1775528700,1775527061,default
1775527700,1_59282,1_102717,165,1_800649890,1_7471,1775528040,1775526766,default
1775527700,1_59282,1_100072,181,1_721482020,1_7399,1775528100,1775527092,default
1775527700,1_620,40_100236,545,40_563506200,40_9687,1775528220,1775527902,default
1775527700,1_620,40_100240,554,40_774873230,40_7976696,1775528160,1775528160,default
1775527700,1_620,40_100239,550,40_597761440,40_7976642,1775528160,1775528160,default
1775527700,1_10912,40_100511,542,40_569576340,40_7976608,1775527860,1775527860,default
1775527700,1_10912,1_100264,70,1_816208650,1_8026411,1775527906,1775527906,default
1775527700,1_10912,1_100264,70,1_816208650,1_8239,1775527906,1775527923,default
1775527700,1_10912,1_100162,271,1_569495950,1_7976350,1775528520,1775528520,default
1775527700,1_10912,40_100511,542,40_569576360,40_7976604,1775529660,1775529660,default
1775527700,1_71960,40_100511,542,40_721031440,40_7976685,1775528460,1775528460,default
1775527700,1_71960,40_100511,542,40_721031120,40_7976686,1775530440,1775530440,default
1775527700,1_10640,1_100252,62,1_800856430,1_8249,1775528520,1775527718,default
1775527700,1_10640,1_100252,62,1_800856430,1_8024959,1775528520,1775528520,default
1775527700,1_52081,1_102736,H Line,1_694055700,1_7974899,1775527899,1775527899,default
1775528000,1_60161,1_100042,148,1_762077900,1_7976053,1775530860,1775530860,default
1775528000,1_575,1_100028,13,1_788759090,1_7166,1775527920,1775528033,default
1775528000,1_575,1_100219,4,1_675344870,1_7974873,1775528100,1775528100,default
1775528000,1_2850,1_100089,2,1_788757930,1_7091,1775528340,1775526506,default
1775528000,1_2850,1_100089,2,1_788758290,1_7158,1775529420,1775527577,default
1775528000,1_46505,1_102619,F Line,1_656237270,1_7976229,1775528880,1775528880,default
1775528000,1_46505,1_102619,F Line,1_656237690,1_7976085,1775529780,1775529780,default
1775528000,1_46505,1_102619,F Line,1_656236310,1_7975999,1775530680,1775530680,default
1775528000,1_31680,1_100031,132,1_800857200,1_8024992,1775528050,1775528050,default
1775528000,1_57453,1_100060,168,1_664461020,1_7976094,1775529060,1775529153,default
1775528000,1_52306,1_102619,F Line,1_656236450,1_7976083,1775528400,1775528400,default
1775528000,1_52306,1_102619,F Line,1_800654940,1_8023715,1775530200,1775530200,default
1775528000,1_8530,1_100263,7,1_800587070,1_8023410,1775528173,1775528173,default
1775528000,1_65092,1_100162,271,1_720966790,1_7348,1775528700,1775527061,default
1775528000,1_39983,1_102736,H Line,1_694056520,1_7974891,1775528160,1775528160,default
1775528000,1_41370,1_100219,4,1_675345440,1_7974869,1775528137,1775528137,default
1775528000,1_620,40_100240,554,40_774873230,40_7976696,1775528160,1775528160,default
1775528000,1_620,40_100239,550,40_597761440,40_7976642,1775528160,1775528160,default
1775528000,1_10912,1_100162,271,1_569495950,1_7976350,1775528520,1775528520,default
1775528000,1_10912,40_100511,542,40_569576360,40_7976604,1775529660,1775529660,default
1775528000,1_71960,40_100511,542,40_721031440,40_7976685,1775528460,1775528460,default
1775528000,1_71960,40_100511,542,40_721031120,40_7976686,1775530440,1775530440,default
1775528000,1_10640,1_100252,62,1_800856430,1_8249,1775528520,1775527718,default
1775528300,1_103,1_102745,G Line,1_736436930,1_7974688,1775528386,1775528386,default
1775528300,1_77930,1_102746,333,1_778704300,1_7975730,1775528399,1775528399,default
1775528300,1_60161,1_100042,148,1_762077900,1_7976053,1775530860,1775530860,default
1775528300,1_30510,1_100006,107,1_635437980,1_7976052,1775528359,1775528359,default
1775528300,1_575,1_100263,7,1_800588270,1_8023484,1775528400,1775528400,default
1775528300,1_2850,1_100089,2,1_788757930,1_7091,1775528340,1775526506,default
1775528300,1_2850,1_100089,2,1_788758290,1_7158,1775529420,1775527577,default
1775528300,1_46505,1_102619,F Line,1_656237270,1_7976229,1775528880,1775528880,default
1775528300,1_46505,1_102619,F Line,1_656237690,1_7976085,1775529780,1775529780,default
1775528300,1_46505,1_102619,F Line,1_656236310,1_7975999,1775530680,1775530680,default
1775528300,1_46505,1_102619,F Line,1_656237460,1_7976004,1775531580,1775531580,default
1775528300,1_29423,1_102732,79,1_816446510,1_8022069,1775529300,1775529300,default
1775528300,1_29423,1_102732,79,1_816446510,1_7229,1775529300,1775529300,default
1775528300,1_27420,1_100249,60,1_801586300,1_8025884,1775528468,1775528468,default
1775528300,1_57453,1_100060,168,1_664461020,1_7976094,1775529060,1775529104,default
1775528300,1_74152,1_102753,222,1_774817980,1_7976416,1775528357,1775528357,default
1775528300,1_76024,1_102702,239,1_736529530,1_7976431,1775528380,1775528380,default
1775528300,1_73366,1_102548,B Line,1_721019280,1_7976627,1775528380,1775528380,default
1775528300,1_84810,1_102752,223,1_833610930,1_8024723,1775528441,1775528441,default
1775528300,1_52306,1_102619,F Line,1_656236450,1_7976083,1775528400,1775528400,default
1775528300,1_52306,1_102619,F Line,1_656237610,1_7975998,1775529300,1775529300,default
1775528300,1_52306,1_102619,F Line,1_800654940,1_8023715,1775530200,1775530200,default
1775528300,1_7750,1_102615,E Line,1_813078280,1_8025855,1775528412,1775528412,default
1775528300,1_45670,1_100210,36,1_800583740,1_8023415,1775528212,1775528412,default
1775528300,1_57350,1_102720,160,1_770988540,1_7976102,1775528400,1775528400,default
1775528300,1_65092,1_100162,271,1_720966790,1_7348,1775528700,1775527061,default
1775528300,1_38220,1_100214,372,1_694306030,1_7976752,1775528404,1775528404,default
1775528300,1_41850,1_100006,107,1_635437980,1_7976052,1775528437,1775528437,default
1775528300,1_11060,1_100249,60,1_801586140,1_7075,1775528197,1775528416,default
1775528300,1_9605,1_100259,67,1_657908070,1_7975678,1775528160,1775528445,default
1775528300,1_18145,1_102574,40,1_811899270,1_8026406,1775528453,1775528453,default
1775528300,1_620,40_100236,545,40_563506200,40_9687,1775528220,1775528603,default
1775528300,1_68888,1_102552,226,1_816299240,1_8024717,1775528490,1775528490,default
1775528300,1_10912,1_100447,49,1_650118660,1_7975090,1775528490,1775528490,default
1775528300,1_10912,1_100162,271,1_569495950,1_7976350,1775528520,1775528520,default
1775528300,1_10912,40_100511,542,40_569576360,40_7976604,1775529660,1775529660,default
1775528300,1_71960,40_100511,542,40_721031440,40_7976685,1775528460,1775528460,default
1775528300,1_71960,40_100511,542,40_721031440,40_9660,1775528460,1775528460,default
1775528300,1_71960,40_100511,542,40_721031120,40_7976686,1775530440,1775530440,default
1775528300,1_10640,1_100252,62,1_800856430,1_8249,1775528520,1775527718,default
1775528300,1_10640,1_100252,62,1_800855580,1_7053,1775528520,1775528412,default
1775528300,1_8403,1_100039,14,1_562520300,1_7974990,1775528340,1775528340,default
1775528300,1_76310,40_100232,522,40_635897040,40_7976746,1775528487,1775528487,default
1775528300,1_76310,40_100232,522,40_635897040,40_9688,1775528487,1775528487,default
1775528600,1_60161,1_100042,148,1_762077900,1_7976053,1775530860,1775530860,default
1775528600,1_970,40_594,594,40_3700020,40_9310,1775528730,1775528601,default
1775528600,1_575,1_102581,D Line,1_803816820,1_6090,1775528460,1775528652,default
1775528600,1_2850,1_100089,2,1_788758290,1_7158,1775529420,1775527577,default
1775528600,1_46505,1_102619,F Line,1_656237270,1_7976229,1775528880,1775528880,default
1775528600,1_46505,1_102619,F Line,1_656237690,1_7976085,1775529780,1775529780,default
1775528600,1_46505,1_102619,F Line,1_656236310,1_7975999,1775530680,1775530680,default
1775528600,1_46505,1_102619,F Line,1_656237460,1_7976004,1775531580,1775531580,default
1775528600,1_29423,1_102732,79,1_816446510,1_7229,1775529300,1775529300,default
1775528600,1_47660,1_102736,H Line,1_694055700,1_7974899,1775528695,1775528695,default
1775528600,1_280,40_594,594,40_3700020,40_9310,1775528798,1775528669,default
1775528600,1_36711,1_100230,50,1_785559150,1_7976170,1775528649,1775528649,default
1775528600,1_57453,1_100060,168,1_664461020,1_7976094,1775529060,1775529073,default
1775528600,1_68130,1_102548,B Line,1_721018450,1_6030,1775528512,1775528727,default
1775528600,1_52306,1_102619,F Line,1_656237610,1_7975998,1775529300,1775529300,default
1775528600,1_52306,1_102619,F Line,1_800654940,1_8023715,1775530200,1775530200,default
1775528600,1_8530,1_100005,106,1_727784740,1_7975005,1775528777,1775528777,default
1775528600,1_58112,1_102619,F Line,1_656237030,1_7975997,1775528796,1775528796,default
1775528600,1_65092,1_100162,271,1_720966790,1_7348,1775528700,1775527061,default
1775528600,1_41940,1_100249,60,1_801586300,1_8025884,1775528737,1775528737,default
1775528600,1_59282,1_102717,165,1_800649900,1_8023716,1775529900,1775529900,default
1775528600,1_23905,1_100214,372,1_694306030,1_7976752,1775528772,1775528772,default
1775528600,1_50787,1_100074,183,1_800657460,1_3729,1775528760,1775528760,default
1775528600,1_57791,1_102718,184,1_635442920,1_7975994,1775528783,1775528876,default
1775528600,1_10912,1_100264,70,1_816207440,1_8242,1775528626,1775528782,default
1775528600,1_10912,40_100511,542,40_569576360,40_7976604,1775529660,1775529660,default
1775528600,1_71960,40_100511,542,40_721031120,40_7976686,1775530440,1775530440,default
1775528600,1_10640,1_100252,62,1_800856440,1_7053,1775529420,1775528319,default
1775528900,1_60161,1_100042,148,1_762077900,1_7976053,1775530860,1775530860,default
1775528900,1_970,1_100003,101,1_800669740,1_6936,1775528754,1775528971,default
1775528900,1_970,40_578,578,40_3195020,40_9735,1775528847,1775528994,default
1775528900,1_575,1_100173,3,1_675344400,1_7974915,1775529000,1775529000,default
1775528900,1_575,1_100089,2,1_788758280,1_8023471,1775529000,1775529000,default
1775528900,1_575,1_100263,7,1_800587070,1_8023410,1775529000,1775529000,default
1775528900,1_2850,1_100089,2,1_788758290,1_7158,1775529420,1775527577,default
1775528900,1_2850,1_100089,2,1_788757940,1_7152,1775530560,1775528736,default
1775528900,1_46505,1_102619,F Line,1_656237690,1_7976085,1775529780,1775529780,default
1775528900,1_46505,1_102619,F Line,1_656236310,1_7975999,1775530680,1775530680,default
1775528900,1_46505,1_102619,F Line,1_656237460,1_7976004,1775531580,1775531580,default
1775528900,1_29423,1_102732,79,1_816446510,1_7229,1775529300,1775529300,default
1775528900,1_3470,1_100210,36,1_800583740,1_8023415,1775529000,1775529000,default
1775528900,1_57453,1_100060,168,1_664461020,1_7976094,1775529060,1775529060,default
1775528900,1_52306,1_102619,F Line,1_656237610,1_7975998,1775529300,1775529300,default
1775528900,1_52306,1_102619,F Line,1_800654940,1_8023715,1775530200,1775530200,default
1775528900,1_73368,1_100136,245,1_761787320,1_7976371,1775529022,1775529022,default
1775528900,1_57804,1_100072,181,1_721482090,1_7976104,1775529319,1775529319,default
1775528900,1_39983,1_102736,H Line,1_694056380,1_7974898,1775529060,1775529060,default
1775528900,1_22184,1_102736,H Line,1_694056100,1_7974895,1775529086,1775529086,default
1775528900,1_59282,1_102717,165,1_800649900,1_7129,1775529900,1775528810,default
1775528900,1_59282,1_102717,165,1_800649900,1_8023716,1775529900,1775529900,default
1775528900,1_59282,1_100072,181,1_721481560,1_7976037,1775529900,1775529900,default
1775528900,1_85531,1_102757,187,1_762095180,1_7976065,1775529120,1775529120,default
1775528900,1_60710,1_100512,A Line,1_800643750,1_8023746,1775529057,1775529057,default
1775528900,1_7690,1_102615,E Line,1_813078460,1_8026444,1775529065,1775529065,default
1775528900,1_2260,1_100275,8,1_800891380,1_8054,1775529089,1775529089,default
1775528900,1_620,40_100236,545,40_563506180,40_9659,1775529060,1775529104,default
1775528900,1_10912,1_100447,49,1_798196080,1_4321,1775529090,1775529090,default
1775528900,1_10912,1_100447,49,1_798196080,1_8023490,1775529090,1775529090,default
1775528900,1_10912,40_100511,542,40_569576360,40_7976604,1775529660,1775529660,default
1775528900,1_10912,1_100162,271,1_569496760,1_7976668,1775530320,1775530320,default
1775528900,1_71960,40_100511,542,40_721031120,40_7976686,1775530440,1775530440,default
1775528900,1_10640,1_100252,62,1_800856440,1_7053,1775529420,1775528319,default
1775528900,1_8403,1_100039,14,1_562520340,1_7974992,1775529060,1775529060,default
1775528900,1_3000,1_100089,2,1_788757930,1_8023447,1775528832,1775529069,default
1775529200,1_103,1_102745,G Line,1_736436380,1_7974692,1775529286,1775529286,default
1775529200,1_60161,1_100042,148,1_762077900,1_7976053,1775530860,1775530860,default
1775529200,1_24430,1_100132,24,1_800864180,1_8024947,1775528961,1775529216,default
1775529200,1_8541,1_100263,7,1_800588700,1_8023430,1775529240,1775529240,default
1775529200,1_575,1_102615,E Line,1_813081980,1_6233,1775529240,1775529198,default
1775529200,1_2850,1_100089,2,1_788758290,1_7158,1775529420,1775527577,default
1775529200,1_2850,1_100089,2,1_788757940,1_7152,1775530560,1775528736,default
1775529200,1_46505,1_102619,F Line,1_656237690,1_7976085,1775529780,1775529780,default
1775529200,1_46505,1_102619,F Line,1_656236310,1_7975999,1775530680,1775530680,default
1775529200,1_46505,1_102619,F Line,1_656237460,1_7976004,1775531580,1775531580,default
1775529200,1_29423,1_102732,79,1_816446510,1_7229,1775529300,1775529300,default
1775529200,1_57453,1_100060,168,1_664461060,1_7976089,1775532660,1775532660,default
1775529200,1_52306,1_102619,F Line,1_656237610,1_7975998,1775529300,1775529300,default
1775529200,1_52306,1_102619,F Line,1_800654940,1_8023715,1775530200,1775530200,default
1775529200,1_8530,1_100263,7,1_800587880,1_8023403,1775529313,1775529313,default
1775529200,1_59282,1_102717,165,1_800649900,1_7129,1775529900,1775528810,default
1775529200,1_59282,1_100072,181,1_721481560,1_7103,1775529900,1775529009,default
1775529200,1_620,40_100239,550,40_597761950,40_7976613,1775529960,1775529960,default
1775529200,1_10912,1_100264,70,1_816208320,1_8256,1775529346,1775529386,default
1775529200,1_10912,1_100224,44,1_694060190,1_7974928,1775529397,1775529397,default
1775529200,1_10912,40_100511,542,40_569576360,40_7976604,1775529660,1775529660,default
1775529200,1_10912,1_100162,271,1_569496760,1_7976668,1775530320,1775530320,default
1775529200,1_71960,40_100511,542,40_721031120,40_7976686,1775530440,1775530440,default
1775529200,1_10640,1_100252,62,1_800856440,1_7053,1775529420,1775528319,default
1775529200,1_10640,1_100252,62,1_800856450,1_8024956,1775530320,1775530244,default
1775529500,1_12170,1_100039,14,1_562520340,1_7974992,1775529579,1775529579,default
1775529500,1_60161,1_100042,148,1_762077900,1_7198,1775530860,1775529298,default
1775529500,1_60161,1_100042,148,1_762077900,1_7976053,1775530860,1775530860,default
1775529500,1_2850,1_100089,2,1_788757940,1_7152,1775530560,1775528736,default
1775529500,1_46505,1_102619,F Line,1_656237690,1_7976085,1775529780,1775529780,default
1775529500,1_46505,1_102619,F Line,1_656236310,1_7975999,1775530680,1775530680,default
1775529500,1_46505,1_102619,F Line,1_656237460,1_7976004,1775531580,1775531580,default
1775529500,1_280,40_100240,554,40_560097160,40_7976696,1775529565,1775529565,default
1775529500,1_57453,1_100060,168,1_664461060,1_7976089,1775532660,1775532660,default
1775529500,1_81199,1_100072,181,1_721482090,1_7976104,1775529585,1775529585,default
1775529500,1_52306,1_102619,F Line,1_800654940,1_8023715,1775530200,1775530200,default
1775529500,1_80121,1_102719,161,1_800652300,1_8023780,1775529646,1775529646,default
1775529500,1_40030,1_102574,40,1_811901420,1_8257,1775529315,1775529659,default
1775529500,1_43782,1_100275,8,1_800890610,1_8023,1775529622,1775529622,default
1775529500,1_59282,1_102717,165,1_800649900,1_7129,1775529900,1775528810,default
1775529500,1_59282,1_100072,181,1_721481560,1_7103,1775529900,1775529009,default
1775529500,1_620,40_100240,554,40_774873550,40_7976690,1775529840,1775529840,default
1775529500,1_620,40_100239,550,40_597761950,40_7976613,1775529960,1775529960,default
1775529500,1_49930,1_100031,132,1_800858290,1_8024989,1775529660,1775529660,default
1775529500,1_10912,40_100511,542,40_569576360,40_7976604,1775529660,1775529660,default
1775529500,1_10912,1_100162,271,1_569496760,1_7976668,1775530320,1775530320,default
1775529500,1_71960,40_100511,542,40_721031120,40_7976686,1775530440,1775530440,default
1775529500,1_71960,40_100511,542,40_721031050,40_7976608,1775531820,1775531820,default
1775529500,1_10640,1_100252,62,1_800856450,1_8060,1775530320,1775529213,default
1775529800,1_481,1_102576,C Line,1_800867600,1_8025005,1775529840,1775529840,default
1775529800,1_29217,1_100224,44,1_664048720,1_4508,1775529818,1775529818,default
1775529800,1_60161,1_100042,148,1_762077900,1_7198,1775530860,1775529298,default
1775529800,1_970,40_594,594,40_1055020,40_9123,1775529930,1775529915,default
1775529800,1_30790,1_100249,60,1_801586140,1_8025820,1775529877,1775529877,default
1775529800,1_575,1_100219,4,1_675344840,1_7974872,1775529900,1775529900,default
1775529800,1_2850,1_100089,2,1_788757940,1_7152,1775530560,1775528736,default
1775529800,1_46505,1_102619,F Line,1_656236310,1_7975999,1775530680,1775530680,default
1775529800,1_46505,1_102619,F Line,1_656237460,1_7976004,1775531580,1775531580,default
1775529800,1_280,40_100240,554,40_560097160,40_7976696,1775529565,1775529874,default
1775529800,1_31680,1_100031,132,1_800857520,1_8024996,1775529850,1775529850,default
1775529800,1_27420,1_100249,60,1_801586190,1_8025826,1775529848,1775529848,default
1775529800,1_57453,1_100060,168,1_664461060,1_7976089,1775532660,1775532660,default
1775529800,1_52306,1_102619,F Line,1_800654940,1_8023715,1775530200,1775530200,default
1775529800,1_620,40_100239,550,40_597761950,40_7976613,1775529960,1775529960,default
1775529800,1_620,40_100236,545,40_563506220,40_7976564,1775530080,1775530080,default
1775529800,1_10912,1_100264,70,1_801593490,1_8026409,1775530006,1775530006,default
1775529800,1_10912,1_100162,271,1_569496760,1_7976668,1775530320,1775530320,default
1775529800,1_71960,40_100511,542,40_721031120,40_7976686,1775530440,1775530440,default
1775529800,1_71960,40_100511,542,40_721031050,40_7976608,1775531820,1775531820,default
1775529800,1_10640,1_100252,62,1_800856450,1_8060,1775530320,1775529213,default
1775529800,1_10640,1_100252,62,1_800855600,1_8024960,1775530140,1775529864,default
1775530100,1_103,1_102745,G Line,1_736436330,1_7974685,1775530186,1775530186,default
1775530100,1_77930,1_102746,333,1_778704310,1_7975727,1775530139,1775530139,default
1775530100,1_60161,1_100042,148,1_762077900,1_7198,1775530860,1775529298,default
1775530100,1_320,40_594,594,40_1055020,40_9123,1775530200,1775530169,default
1775530100,1_575,1_100263,7,1_800587880,1_8023403,1775530140,1775530140,default
1775530100,1_13830,1_100193,32,1_651767030,1_7974541,1775530144,1775530144,default
1775530100,1_2850,1_100089,2,1_788757940,1_7152,1775530560,1775528736,default
1775530100,1_46505,1_102619,F Line,1_656236310,1_7975999,1775530680,1775530680,default
1775530100,1_46505,1_102619,F Line,1_656237460,1_7976004,1775531580,1775531580,default
1775530100,1_57453,1_100060,168,1_664461060,1_7976089,1775532660,1775532660,default
1775530100,1_84810,1_102752,223,1_833610940,1_8024725,1775530241,1775530241,default
1775530100,1_52306,1_102619,F Line,1_800654940,1_8023715,1775530200,1775530200,default
1775530100,1_52306,1_102619,F Line,1_656237040,1_7975997,1775531100,1775531100,default
1775530100,1_8530,1_100263,7,1_800587080,1_8023477,1775530213,1775530213,default
1775530100,1_2200,1_102581,D Line,1_803816810,1_8022080,1775530285,1775530285,default
1775530100,1_10912,1_100223,43,1_800584690,1_8023389,1775530220,1775530269,default
1775530100,1_10912,1_100162,271,1_569496760,1_7976668,1775530320,1775530320,default
1775530100,1_10912,1_100162,271,1_569495960,1_7976387,1775532120,1775532120,default
1775530100,1_71960,40_100511,542,40_721031120,40_7976686,1775530440,1775530440,default
1775530100,1_71960,40_100511,542,40_721031050,40_7976608,1775531820,1775531820,default
1775530100,1_10640,1_100252,62,1_800856450,1_8060,1775530320,1775529213,default
1775530100,1_10640,1_100252,62,1_800856460,1_8051,1775531220,1775529854,default
1775530100,1_76310,40_100232,522,40_635897530,40_7976770,1775530287,1775530287,default
1775530400,1_60161,1_100042,148,1_762077900,1_7198,1775530860,1775529298,default
1775530400,1_2850,1_100089,2,1_788757940,1_7152,1775530560,1775528736,default
1775530400,1_2850,1_100089,2,1_788758680,1_8023474,1775530440,1775530440,default
1775530400,1_46505,1_102619,F Line,1_656236310,1_7975999,1775530680,1775530680,default
1775530400,1_46505,1_102619,F Line,1_656237460,1_7976004,1775531580,1775531580,default
1775530400,1_40060,1_102574,40,1_811899280,1_8026405,1775530448,1775530448,default
1775530400,1_57453,1_100060,168,1_664461060,1_7976089,1775532660,1775532686,default
1775530400,1_76024,1_102702,239,1_736529520,1_7976432,1775530494,1775530494,default
1775530400,1_52306,1_102619,F Line,1_656237040,1_7975997,1775531100,1775531100,default
1775530400,1_48390,1_100030,131,1_800856800,1_8025086,1775530499,1775530499,default
1775530400,1_40065,1_102574,40,1_811899280,1_8026405,1775530541,1775530541,default
1775530400,1_57650,1_102718,184,1_635462120,1_7976216,1775530539,1775530539,default
1775530400,1_45230,40_560,560,40_3058020,40_41514,1775530481,1775530550,default
1775530400,1_620,40_100239,550,40_597761940,40_7976619,1775530920,1775530920,default
1775530400,1_10912,40_100511,542,40_569577080,40_7976685,1775531580,1775531580,default
1775530400,1_10912,1_100162,271,1_569495960,1_7976387,1775532120,1775532120,default
1775530400,1_71960,40_100511,542,40_721031050,40_7976608,1775531820,1775531820,default
1775530400,1_10640,1_100252,62,1_800856460,1_8051,1775531220,1775529854,default
1775530400,1_10640,1_100252,62,1_800856490,1_8025038,1775533920,1775533920,default
1775530701,1_481,1_102576,C Line,1_800867850,1_8024969,1775530740,1775530740,default
1775530701,1_60161,1_100042,148,1_762077900,1_7198,1775530860,1775529298,default
1775530701,1_7790,1_102615,E Line,1_813081980,1_8025857,1775530763,1775530763,default
1775530701,1_575,1_100173,3,1_675344360,1_7974914,1775530800,1775530800,default
1775530701,1_2850,1_100089,2,1_788758300,1_8023474,1775531940,1775531940,default
1775530701,1_46505,1_102619,F Line,1_656237460,1_7976004,1775531580,1775531580,default
1775530701,1_57453,1_100060,168,1_664461060,1_7976089,1775532660,1775532812,default
1775530701,1_52306,1_102619,F Line,1_656237040,1_7975997,1775531100,1775531100,default
1775530701,1_16400,1_100252,62,1_800855620,1_8025072,1775530787,1775530787,default
1775530701,1_9605,1_100259,67,1_657909530,1_7975677,1775530740,1775530861,default
1775530701,1_57804,1_100072,181,1_721481730,1_7976082,1775531119,1775531119,default
1775530701,1_59282,1_100072,181,1_770980530,1_7322,1775531700,1775530391,default
1775530701,1_620,40_100239,550,40_597761940,40_7976619,1775530920,1775530920,default
1775530701,1_10912,1_100228,48,1_721360520,1_8043,1775530740,1775530875,default
1775530701,1_10912,1_100447,49,1_801199620,1_8023496,1775530890,1775530890,default
1775530701,1_10912,40_100511,542,40_569577080,40_7976685,1775531580,1775531580,default
1775530701,1_10912,1_100162,271,1_569495960,1_7976387,1775532120,1775532120,default
1775530701,1_71960,40_100511,542,40_721031050,40_7976608,1775531820,1775531820,default
1775530701,1_10640,1_100252,62,1_800856460,1_8051,1775531220,1775529854,default
1775530701,1_10640,1_100252,62,1_800856490,1_8025038,1775533920,1775533920,default
1775531001,1_103,1_102745,G Line,1_736436900,1_7974684,1775531086,1775531086,default
1775531001,1_970,40_594,594,40_2406020,40_41509,1775531104,1775531041,default
1775531001,1_8541,1_100263,7,1_800587030,1_8023484,1775531040,1775531040,default
1775531001,1_30790,1_100249,60,1_801586210,1_8025815,1775531077,1775531077,default
1775531001,1_575,1_100263,7,1_800587080,1_8023477,1775531040,1775531040,default
1775531001,1_2850,1_100089,2,1_788758300,1_8023474,1775531940,1775531940,default
1775531001,1_46505,1_102619,F Line,1_656237460,1_7976004,1775531580,1775531580,default
1775531001,1_46505,1_102619,F Line,1_656237780,1_7976035,1775534280,1775534280,default
1775531001,1_27420,1_100249,60,1_801586160,1_8025824,1775531048,1775531048,default
1775531001,1_57453,1_100060,168,1_664461060,1_7976089,1775532660,1775532772,default
1775531001,1_57453,1_100060,168,1_664468580,1_7976088,1775534460,1775534460,default
1775531001,1_52306,1_102619,F Line,1_656237040,1_7975997,1775531100,1775531100,default
1775531001,1_52306,1_102619,F Line,1_656237540,1_7976016,1775532000,1775532000,default
1775531001,1_8530,1_100263,7,1_800587170,1_8023404,1775531113,1775531113,default
1775531001,1_30800,1_100249,60,1_801586210,1_8025815,1775531118,1775531118,default
1775531001,1_38220,1_100214,372,1_694306960,1_7976755,1775531104,1775531104,default
1775531001,1_2200,1_102581,D Line,1_800600220,1_8023442,1775531185,1775531185,default
1775531001,1_59282,1_100072,181,1_770980530,1_7322,1775531700,1775530391,default
1775531001,1_60710,1_100512,A Line,1_800643770,1_8023825,1775531206,1775531206,default
1775531001,1_620,40_100236,545,40_560092050,40_7976571,1775531160,1775531273,default
1775531001,1_10912,40_100511,542,40_569577080,40_7976685,1775531580,1775531580,default
1775531001,1_10912,1_100162,271,1_569495960,1_7976387,1775532120,1775532120,default
1775531001,1_71960,40_100511,542,40_721031050,40_7976608,1775531820,1775531820,default
1775531001,1_10640,1_100252,62,1_800856460,1_8051,1775531220,1775529854,default
1775531001,1_10640,1_100252,62,1_800856470,1_8024958,1775532120,1775532120,default
1775531001,1_10640,1_100252,62,1_800856490,1_8025038,1775533920,1775533920,default
1775531001,1_52081,1_102736,H Line,1_694055980,1_7974893,1775531199,1775531199,default
1775531001,1_3000,1_100089,2,1_788757940,1_8023469,1775531052,1775531167,default
1775531301,1_51651,1_102736,H Line,1_694056560,1_7974891,1775531378,1775531378,default
1775531301,1_320,40_594,594,40_2406020,40_41509,1775531340,1775531322,default
1775531301,1_2850,1_100089,2,1_788758300,1_7139,1775531940,1775531160,default
1775531301,1_2850,1_100089,2,1_788758300,1_8023474,1775531940,1775531940,default
1775531301,1_46505,1_102619,F Line,1_656237460,1_7976004,1775531580,1775531580,default
1775531301,1_46505,1_102619,F Line,1_656237780,1_7976035,1775534280,1775534280,default
1775531301,1_57453,1_100060,168,1_664461060,1_7976089,1775532660,1775532781,default
1775531301,1_57453,1_100060,168,1_664468580,1_7976088,1775534460,1775534460,default
1775531301,1_81199,1_100072,181,1_721481730,1_7976082,1775531385,1775531385,default
1775531301,1_52306,1_102619,F Line,1_656237540,1_7976016,1775532000,1775532000,default
1775531301,1_80121,1_102719,161,1_800652310,1_8023904,1775531386,1775531386,default
1775531301,1_58112,1_102619,F Line,1_656237690,1_7976085,1775531481,1775531481,default
1775531301,1_65092,1_100162,271,1_720966510,1_7976349,1775532420,1775532420,default
1775531301,1_76312,1_102705,230,1_664298930,1_7976336,1775531521,1775531521,default
1775531301,1_59282,1_100072,181,1_770980530,1_7322,1775531700,1775530391,default
1775531301,1_59282,1_102717,165,1_800649910,1_7093,1775531880,1775531013,default
1775531301,1_23905,1_100214,372,1_694306960,1_7976755,1775531472,1775531472,default
1775531301,1_45360,1_100006,107,1_635437900,1_7333,1775531056,1775531451,default
1775531301,1_55831,1_100005,106,1_727784960,1_7975006,1775531486,1775531486,default
1775531301,1_7690,1_102615,E Line,1_813076870,1_8025863,1775531465,1775531465,default
1775531301,1_620,40_100240,554,40_774873460,40_7976694,1775531640,1775531640,default
1775531301,1_10912,1_100264,70,1_801592710,1_8209,1775531386,1775531476,default
1775531301,1_10912,40_100511,542,40_569577080,40_7976685,1775531580,1775531580,default
1775531301,1_10912,1_100162,271,1_569495960,1_7976387,1775532120,1775532120,default
1775531301,1_71960,40_100511,542,40_721031050,40_7976608,1775531820,1775531820,default
1775531301,1_71960,40_100511,542,40_721031200,40_7976604,1775533440,1775533440,default
1775531301,1_10640,1_100252,62,1_800856470,1_8024958,1775532120,1775532120,default
1775531301,1_10640,1_100252,62,1_800856490,1_8025038,1775533920,1775533920,default
1775531601,1_481,1_102576,C Line,1_800867590,1_8024976,1775531640,1775531640,default
1775531601,1_575,1_100219,4,1_675344850,1_7974865,1775531700,1775531700,default
1775531601,1_2850,1_100089,2,1_788758300,1_7139,1775531940,1775531160,default
1775531601,1_2850,1_100089,2,1_788757950,1_7119,1775533020,1775531511,default
1775531601,1_2850,1_100089,2,1_788757950,1_8023467,1775533020,1775533020,default
1775531601,1_46505,1_102619,F Line,1_656236460,1_7976083,1775532480,1775532480,default
1775531601,1_46505,1_102619,F Line,1_656237780,1_7976035,1775534280,1775534280,default
1775531601,1_29423,1_102732,79,1_816446520,1_8022070,1775532900,1775532900,default
1775531601,1_31680,1_100031,132,1_800857190,1_8024983,1775531650,1775531650,default
1775531601,1_57453,1_100060,168,1_664461060,1_7976089,1775532660,1775532900,default
1775531601,1_57453,1_100060,168,1_664468580,1_7976088,1775534460,1775534460,default
1775531601,1_36500,1_100026,128,1_816483480,1_8023680,1775531696,1775531696,default
1775531601,1_52306,1_102619,F Line,1_656237540,1_7976016,1775532000,1775532000,default
1775531601,1_65092,1_100162,271,1_720966510,1_7383,1775532420,1775531428,default
1775531601,1_65092,1_100162,271,1_720966510,1_7976349,1775532420,1775532420,default
1775531601,1_22184,1_102736,H Line,1_694056560,1_7974891,1775531786,1775531786,default
1775531601,1_59282,1_102717,165,1_800649910,1_7093,1775531880,1775531013,default
1775531601,1_35440,1_100269,75,1_803350670,1_8022018,1775531473,1775531738,default
1775531601,1_10912,1_100162,271,1_569495960,1_7976387,1775532120,1775532120,default
1775531601,1_10912,1_100162,271,1_569496340,1_7976351,1775533920,1775533920,default
1775531601,1_71960,40_100511,542,40_721031050,40_7976608,1775531820,1775531820,default
1775531601,1_71960,40_100511,542,40_721031200,40_7976604,1775533440,1775533440,default
1775531601,1_10640,1_100252,62,1_800856470,1_8024958,1775532120,1775532120,default
1775531601,1_10640,1_100252,62,1_800856490,1_8025038,1775533920,1775533920,default
1775531601,1_8403,1_100039,14,1_562520840,1_7974993,1775531640,1775531640,default
1775531901,1_103,1_102745,G Line,1_736436390,1_7974688,1775531986,1775531986,default
1775531901,1_77930,1_102746,333,1_778704320,1_7975729,1775531939,1775531939,default
1775531901,1_575,1_100263,7,1_800587170,1_8023404,1775531940,1775531940,default
1775531901,1_575,1_100210,36,1_800582020,1_8023435,1775532000,1775532000,default
1775531901,1_13830,1_100193,32,1_651767710,1_7974543,1775531944,1775531944,default
1775531901,1_2850,1_100089,2,1_788758300,1_7139,1775531940,1775531160,default
1775531901,1_2850,1_100089,2,1_788757950,1_7119,1775533020,1775531511,default
1775531901,1_46505,1_102619,F Line,1_656236460,1_7976083,1775532480,1775532480,default
1775531901,1_46505,1_102619,F Line,1_656237780,1_7976035,1775534280,1775534280,default
1775531901,1_29423,1_102732,79,1_816446520,1_8022070,1775532900,1775532900,default
1775531901,1_47660,1_102736,H Line,1_694055980,1_7974893,1775531943,1775531943,default
1775531901,1_57453,1_100060,168,1_664461060,1_7976089,1775532660,1775532879,default
1775531901,1_57453,1_100060,168,1_664468580,1_7976088,1775534460,1775534460,default
1775531901,1_74152,1_102753,222,1_774817990,1_7976418,1775531957,1775531957,default
1775531901,1_84810,1_102752,223,1_833610950,1_8024751,1775531981,1775531981,default
1775531901,1_52306,1_102619,F Line,1_656237540,1_7976016,1775532000,1775532000,default
1775531901,1_52306,1_102619,F Line,1_656237280,1_7976229,1775532900,1775532900,default
1775531901,1_8530,1_100263,7,1_800587870,1_8023413,1775532013,1775532013,default
1775531901,1_65092,1_100162,271,1_720966510,1_7383,1775532420,1775531428,default
1775531901,1_11060,1_100447,49,1_801199620,1_8023496,1775532030,1775532030,default
1775531901,1_2200,1_102581,D Line,1_800600340,1_8023439,1775532085,1775532085,default
1775531901,1_40093,1_100133,240,1_761786300,1_7976408,1775532029,1775532029,default
1775531901,1_31890,1_100230,50,1_664485200,1_7976176,1775532072,1775532072,default
1775531901,1_58111,1_102619,F Line,1_656236310,1_7975999,1775532076,1775532076,default
1775531901,1_620,40_594,594,40_1687020,40_41502,1775532060,1775532039,default
1775531901,1_10912,1_100447,49,1_801199610,1_8023489,1775532090,1775532090,default
1775531901,1_10912,1_100162,271,1_569495960,1_7976387,1775532120,1775532120,default
1775531901,1_10912,1_100162,271,1_569496340,1_7976351,1775533920,1775533920,default
1775531901,1_71960,40_100511,542,40_721031200,40_7976604,1775533440,1775533440,default
1775531901,1_10640,1_100252,62,1_800856470,1_8033,1775532120,1775531775,default
1775531901,1_10640,1_100252,62,1_800856480,1_8064,1775533020,1775531942,default
1775531901,1_10640,1_100252,62,1_800856470,1_8024958,1775532120,1775532120,default
1775531901,1_10640,1_100252,62,1_800856480,1_8025072,1775533020,1775533020,default
1775531901,1_10640,1_100252,62,1_800856490,1_8025038,1775533920,1775533920,default
1775531901,1_52081,1_102736,H Line,1_694055900,1_7974896,1775532081,1775532081,default
1775531901,1_76310,40_100232,522,40_635896830,40_7976740,1775532087,1775532087,default
1775532201,1_30790,1_100249,60,1_801586290,1_8025884,1775532277,1775532277,default
1775532201,1_320,40_100239,550,40_597762540,40_9807,1775532000,1775532230,default
1775532201,1_7790,1_102615,E Line,1_813078530,1_8026443,1775532263,1775532263,default
1775532201,1_2850,1_100089,2,1_788757950,1_7119,1775533020,1775531511,default
1775532201,1_46505,1_102619,F Line,1_656236460,1_7976083,1775532480,1775532480,default
1775532201,1_46505,1_102619,F Line,1_656237780,1_7976035,1775534280,1775534280,default
1775532201,1_29423,1_102732,79,1_816446520,1_8022070,1775532900,1775532900,default
1775532201,1_27420,1_100249,60,1_801586130,1_8025818,1775532248,1775532248,default
1775532201,1_57453,1_100060,168,1_664461060,1_7976089,1775532660,1775532856,default
1775532201,1_57453,1_100060,168,1_664468580,1_7976088,1775534460,1775534460,default
1775532201,1_52306,1_102619,F Line,1_656237280,1_7976229,1775532900,1775532900,default
1775532201,1_58112,1_102619,F Line,1_656236310,1_7975999,1775532321,1775532321,default
1775532201,1_65092,1_100162,271,1_720966510,1_7383,1775532420,1775531428,default
1775532201,1_19921,1_100101,21,1_809331290,1_8025837,1775532301,1775532369,default
1775532201,1_10210,1_100264,70,1_801592710,1_8025881,1775532359,1775532359,default
1775532201,1_620,40_100236,545,40_560092070,40_7976554,1775532360,1775532360,default
1775532201,1_620,40_100236,545,40_560092070,40_9682,1775532360,1775532373,default
1775532201,1_620,40_100239,550,40_597762290,40_7976614,1775532840,1775532840,default
1775532201,1_10912,1_100214,372,1_694307150,1_7434,1775532261,1775532363,default
1775532201,1_10912,40_100511,542,40_569577110,40_7976686,1775533380,1775533380,default
1775532201,1_10912,1_100162,271,1_569496340,1_7976351,1775533920,1775533920,default
1775532201,1_71960,40_100511,542,40_721031200,40_7976604,1775533440,1775533440,default
1775532201,1_10640,1_100252,62,1_800856480,1_8064,1775533020,1775531942,default
1775532201,1_10640,1_100252,62,1_800856490,1_8025038,1775533920,1775533920,default
1775532201,1_8403,1_100039,14,1_562520500,1_4378,1775532300,1775532386,default
1775532501,1_481,1_102576,C Line,1_800869490,1_6257,1775532540,1775532540,default
1775532501,1_320,40_594,594,40_1335020,40_51401,1775532660,1775532603,default
1775532501,1_575,1_100173,3,1_675344310,1_7974916,1775532600,1775532600,default
1775532501,1_575,1_100210,36,1_800584270,1_8023456,1775532600,1775532600,default
1775532501,1_2850,1_100089,2,1_788757950,1_7119,1775533020,1775531511,default
1775532501,1_2850,1_100089,2,1_788758310,1_7153,1775534340,1775532110,default
1775532501,1_46505,1_102619,F Line,1_656237620,1_7975998,1775533380,1775533380,default
1775532501,1_46505,1_102619,F Line,1_656237780,1_7976035,1775534280,1775534280,default
1775532501,1_29423,1_102732,79,1_816446520,1_8022070,1775532900,1775532900,default
1775532501,1_57453,1_100060,168,1_664461060,1_7976089,1775532660,1775532902,default
1775532501,1_57453,1_100060,168,1_664468580,1_7976088,1775534460,1775534520,default
1775532501,1_52306,1_102619,F Line,1_656237280,1_7976229,1775532900,1775532900,default
1775532501,1_9605,1_100259,67,1_657908850,1_7975674,1775532540,1775532646,default
1775532501,1_59282,1_100072,181,1_721481740,1_7109,1775533500,1775532437,default
1775532501,1_59282,1_100072,181,1_721481740,1_7976082,1775533500,1775533500,default
1775532501,1_60983,1_100023,124,1_690553270,1_8037,1775532389,1775532672,default
1775532501,1_620,40_100239,550,40_597762290,40_7976614,1775532840,1775532840,default
1775532501,1_10912,40_100511,542,40_569577110,40_7976686,1775533380,1775533380,default
1775532501,1_10912,1_100162,271,1_569496340,1_7976351,1775533920,1775533920,default
1775532501,1_71960,40_100511,542,40_721031200,40_7976604,1775533440,1775533440,default
1775532501,1_10640,1_100252,62,1_800856480,1_8064,1775533020,1775531942,default
1775532501,1_10640,1_100252,62,1_800856490,1_8025038,1775533920,1775533920,default
1775532801,1_103,1_102745,G Line,1_736436300,1_7974692,1775532886,1775532886,default
1775532801,1_8541,1_100263,7,1_800587650,1_8023403,1775532840,1775532840,default
1775532801,1_575,1_100263,7,1_800587870,1_8023413,1775532840,1775532840,default
1775532801,1_2850,1_100089,2,1_788757950,1_7119,1775533020,1775531511,default
1775532801,1_2850,1_100089,2,1_788758310,1_7153,1775534340,1775532110,default
1775532801,1_46505,1_102619,F Line,1_656237620,1_7975998,1775533380,1775533380,default
1775532801,1_46505,1_102619,F Line,1_656237780,1_7976035,1775534280,1775534280,default
1775532801,1_29423,1_102732,79,1_816446520,1_8022070,1775532900,1775532900,default
1775532801,1_57453,1_100060,168,1_664461060,1_7976089,1775532660,1775532855,default
1775532801,1_57453,1_100060,168,1_664468580,1_7976088,1775534460,1775534460,default
1775532801,1_57453,1_100060,168,1_664461080,1_7976218,1775536260,1775536260,default
1775532801,1_52306,1_102619,F Line,1_656237280,1_6287,1775532900,1775532900,default
1775532801,1_52306,1_102619,F Line,1_656237280,1_7976229,1775532900,1775532900,default
1775532801,1_52306,1_102619,F Line,1_656237700,1_7976085,1775533800,1775533800,default
1775532801,1_8530,1_100263,7,1_800589140,1_8023431,1775532913,1775532913,default
1775532801,1_59282,1_100072,181,1_721481740,1_7109,1775533500,1775532437,default
1775532801,1_59282,1_102717,165,1_800649920,1_8023717,1775533680,1775533680,default
1775532801,1_58111,1_102619,F Line,1_656237460,1_7976004,1775532976,1775532976,default
1775532801,1_25791,1_100214,372,1_694307150,1_7434,1775532818,1775533028,default
1775532801,1_10912,1_100264,70,1_801594090,1_8026417,1775532946,1775533016,default
1775532801,1_10912,40_100511,542,40_569577110,40_7976686,1775533380,1775533380,default
1775532801,1_10912,1_100162,271,1_569496340,1_7976351,1775533920,1775533920,default
1775532801,1_71960,1_102752,223,1_816297800,1_8024723,1775532960,1775532960,default
1775532801,1_71960,40_100511,542,40_721031200,40_7976604,1775533440,1775533440,default
1775532801,1_10640,1_100252,62,1_800856480,1_8064,1775533020,1775531942,default
1775532801,1_10640,1_100252,62,1_800856490,1_8082,1775533920,1775532866,default
1775532801,1_10640,1_100252,62,1_800856490,1_8025038,1775533920,1775533920,default
1775533101,1_51551,1_102736,H Line,1_694056600,1_7974900,1775533177,1775533177,default
1775533101,1_60161,1_100042,148,1_762078240,1_7976072,1775534700,1775534700,default
1775533101,1_64569,1_100099,208,1_736533620,1_7331,1775533052,1775533156,default
1775533101,1_575,1_102581,D Line,1_803816770,1_6105,1775532960,1775533135,default
1775533101,1_2850,1_100089,2,1_788758310,1_7153,1775534340,1775532110,default
1775533101,1_46505,1_102619,F Line,1_656237620,1_7975998,1775533380,1775533380,default
1775533101,1_46505,1_102619,F Line,1_656237780,1_7976035,1775534280,1775534280,default
1775533101,1_280,40_100240,554,40_560099060,40_7976694,1775533045,1775533146,default
1775533101,1_57453,1_100060,168,1_664468580,1_7976088,1775534460,1775534492,default
1775533101,1_57453,1_100060,168,1_664461080,1_7976218,1775536260,1775536260,default
1775533101,1_52306,1_102619,F Line,1_656237700,1_7976085,1775533800,1775533800,default
1775533101,1_99254,40_594,594,40_3028020,40_9727,1775533216,1775533205,default
1775533101,1_58112,1_102619,F Line,1_656237460,1_7976004,1775533221,1775533221,default
1775533101,1_11060,1_100447,49,1_801199610,1_8023489,1775533230,1775533230,default
1775533101,1_59282,1_100072,181,1_721481740,1_7109,1775533500,1775532437,default
1775533101,1_59282,1_102717,165,1_800649920,1_7442,1775533680,1775532986,default
1775533101,1_59282,1_102717,165,1_800649920,1_8023717,1775533680,1775533680,default
1775533101,1_59282,1_100072,181,1_800642400,1_8023851,1775536740,1775536740,default
1775533101,1_59936,1_102720,160,1_762081800,1_7310,1775533149,1775533262,default
1775533101,1_10912,1_100447,49,1_801199720,1_8023497,1775533290,1775533290,default
1775533101,1_10912,40_100511,542,40_569577110,40_7976686,1775533380,1775533380,default
1775533101,1_10912,1_100162,271,1_569496340,1_7976351,1775533920,1775533920,default
1775533101,1_71960,40_100511,542,40_721031200,40_7976604,1775533440,1775533440,default
1775533101,1_10640,1_100252,62,1_800856490,1_8082,1775533920,1775532866,default
1775533101,1_8403,1_100039,14,1_562520460,1_7974987,1775533260,1775533260,default
1775533401,1_60161,1_100042,148,1_762078240,1_3753,1775534700,1775533268,default
1775533401,1_60161,1_100042,148,1_762078240,1_7976072,1775534700,1775534700,default
1775533401,1_575,1_100219,4,1_675344860,1_7974870,1775533500,1775533500,default
1775533401,1_2850,1_100089,2,1_788758310,1_7153,1775534340,1775532110,default
1775533401,1_2850,1_100089,2,1_788757960,1_8023446,1775535480,1775535480,default
1775533401,1_46505,1_102619,F Line,1_656237780,1_7976035,1775534280,1775534280,default
1775533401,1_27420,1_100249,60,1_801586270,1_8025817,1775533448,1775533448,default
1775533401,1_57453,1_100060,168,1_664468580,1_7976088,1775534460,1775534460,default
1775533401,1_57453,1_100060,168,1_664461080,1_7976218,1775536260,1775536260,default
1775533401,1_35070,1_100230,50,1_785559710,1_7976178,1775533482,1775533482,default
1775533401,1_52306,1_102619,F Line,1_656237700,1_7976085,1775533800,1775533800,default
1775533401,1_22184,1_102736,H Line,1_694056300,1_7974892,1775533526,1775533526,default
1775533401,1_22184,1_100024,125,1_770803210,1_7974704,1775533535,1775533535,default
1775533401,1_59282,1_102717,165,1_800649920,1_7442,1775533680,1775532986,default
1775533401,1_59282,1_100072,181,1_800642400,1_8023851,1775536740,1775536740,default
1775533401,1_620,40_594,594,40_3028020,40_9727,1775533560,1775533638,default
1775533401,1_10912,1_100447,49,1_801199720,1_4354,1775533290,1775533565,default
1775533401,1_10912,1_100162,271,1_569496340,1_7976351,1775533920,1775533920,default
1775533401,1_10912,1_100162,271,1_569497030,1_7976352,1775535720,1775535720,default
1775533401,1_71960,40_100511,542,40_721031370,40_7976685,1775535240,1775535240,default
1775533401,1_10640,1_100252,62,1_800856490,1_8082,1775533920,1775532866,default
1775533701,1_103,1_102745,G Line,1_736436830,1_7974685,1775533786,1775533786,default
1775533701,1_12170,1_100039,14,1_562520460,1_7974987,1775533779,1775533779,default
1775533701,1_77930,1_102746,333,1_778704330,1_7975728,1775533739,1775533739,default
1775533701,1_60161,1_100042,148,1_762078240,1_3753,1775534700,1775533268,default
1775533701,1_575,1_100263,7,1_800589140,1_8023431,1775533740,1775533740,default
1775533701,1_575,1_100210,36,1_800584260,1_8023418,1775533800,1775533800,default
1775533701,1_2850,1_100089,2,1_788758310,1_7153,1775534340,1775532110,default
1775533701,1_2850,1_100089,2,1_788757960,1_7166,1775535480,1775533428,default
1775533701,1_46505,1_102619,F Line,1_656237780,1_7976035,1775534280,1775534280,default
1775533701,1_23530,1_100259,67,1_724948610,1_7975675,1775533804,1775533804,default
1775533701,1_51471,1_102736,H Line,1_694056040,1_6059,1775533561,1775533766,default
1775533701,1_57453,1_100060,168,1_664468580,1_7976088,1775534460,1775534460,default
1775533701,1_57453,1_100060,168,1_664461080,1_7976218,1775536260,1775536260,default
1775533701,1_52306,1_102619,F Line,1_656237700,1_7976085,1775533800,1775533800,default
1775533701,1_52306,1_102619,F Line,1_656237700,1_6288,1775533800,1775533800,default
1775533701,1_52306,1_102619,F Line,1_656236320,1_7975999,1775534700,1775534700,default
1775533701,1_8530,1_100263,7,1_800587890,1_8023401,1775533813,1775533813,default
1775533701,1_45670,1_100210,36,1_800582380,1_4336,1775533612,1775533799,default
1775533701,1_43782,1_100275,8,1_800890880,1_8025044,1775533822,1775533822,default
1775533701,1_59282,1_100072,181,1_800642400,1_8023851,1775536740,1775536740,default
1775533701,1_31890,1_100230,50,1_635467650,1_7976170,1775533872,1775533872,default
1775533701,1_10210,1_100264,70,1_801594090,1_8026417,1775533864,1775533864,default
1775533701,1_58111,1_102619,F Line,1_656236460,1_7976083,1775533876,1775533876,default
1775533701,1_10912,1_100162,271,1_569496340,1_7976351,1775533920,1775533920,default
1775533701,1_10912,40_100511,542,40_569578010,40_7976608,1775535300,1775535300,default
1775533701,1_10912,1_100162,271,1_569497030,1_7976352,1775535720,1775535720,default
1775533701,1_71960,40_100511,542,40_721031370,40_7976685,1775535240,1775535240,default
1775533701,1_10640,1_100252,62,1_800856490,1_8082,1775533920,1775532866,default
1775533701,1_52081,1_102736,H Line,1_694056080,1_7974895,1775533881,1775533881,default
1775533701,1_76310,40_100232,522,40_635897860,40_7976769,1775533887,1775533887,default
1775534001,1_60161,1_100042,148,1_762078240,1_3753,1775534700,1775533268,default
1775534001,1_970,40_594,594,40_2063020,40_61406,1775533804,1775534064,default
1775534001,1_320,40_100239,550,40_597762520,40_9589,1775533800,1775534048,default
1775534001,1_2850,1_100089,2,1_788758310,1_7153,1775534340,1775532110,default
1775534001,1_2850,1_100089,2,1_788757960,1_7166,1775535480,1775533428,default
1775534001,1_46505,1_102619,F Line,1_656237780,1_7976035,1775534280,1775534280,default
1775534001,1_46505,1_102619,F Line,1_656237050,1_7975997,1775535180,1775535180,default
1775534001,1_57453,1_100060,168,1_664468580,1_7976088,1775534460,1775534460,default
1775534001,1_57453,1_100060,168,1_664461080,1_7976218,1775536260,1775536260,default
1775534001,1_76024,1_102702,239,1_736529400,1_7976433,1775534094,1775534094,default
1775534001,1_52306,1_102619,F Line,1_656236320,1_7975999,1775534700,1775534700,default
1775534001,1_41128,1_100026,128,1_806635010,1_8023660,1775534103,1775534103,default
1775534001,1_58112,1_102619,F Line,1_656236460,1_7976083,1775534121,1775534121,default
1775534001,1_59282,1_100072,181,1_800642400,1_8023851,1775536740,1775536740,default
1775534001,1_620,40_100236,545,40_560092220,40_9662,1775534220,1775534183,default
1775534001,1_620,40_100239,550,40_597762280,40_7976643,1775534640,1775534640,default
1775534001,1_10912,40_100511,542,40_569578010,40_7976608,1775535300,1775535300,default
1775534001,1_10912,1_100162,271,1_569497030,1_7976352,1775535720,1775535720,default
1775534001,1_71960,40_100511,542,40_721031370,40_7976685,1775535240,1775535240,default
1775534302,1_481,1_102576,C Line,1_800867620,1_8024967,1775534340,1775534340,default
1775534302,1_60161,1_100042,148,1_762078240,1_3753,1775534700,1775533268,default
1775534302,1_10100,1_102732,79,1_816446480,1_8022069,1775534330,1775534330,default
1775534302,1_575,1_100028,13,1_788759120,1_7119,1775534340,1775534340,default
1775534302,1_575,1_100173,3,1_675344390,1_7974915,1775534400,1775534400,default
1775534302,1_2850,1_100089,2,1_788758310,1_7153,1775534340,1775532110,default
1775534302,1_2850,1_100089,2,1_788757960,1_7166,1775535480,1775533428,default
1775534302,1_2850,1_100089,2,1_788758320,1_8023471,1775536740,1775536740,default
1775534302,1_46505,1_102619,F Line,1_656237050,1_7975997,1775535180,1775535180,default
1775534302,1_57453,1_100060,168,1_664468580,1_7976088,1775534460,1775534460,default
1775534302,1_57453,1_100060,168,1_664461080,1_7976218,1775536260,1775536426,default
1775534302,1_52306,1_100030,131,1_800857070,1_8024992,1775534400,1775534400,default
1775534302,1_52306,1_102619,F Line,1_656236320,1_7975999,1775534700,1775534700,default
1775534302,1_7750,1_102615,E Line,1_813078720,1_8025862,1775534412,1775534412,default
1775534302,1_49350,1_100026,128,1_806635010,1_8023660,1775534517,1775534517,default
1775534302,1_22184,1_102736,H Line,1_694056040,1_7974893,1775534426,1775534426,default
1775534302,1_59282,1_100072,181,1_800642400,1_8023851,1775536740,1775536740,default
1775534302,1_620,40_100239,550,40_597762280,40_7976643,1775534640,1775534640,default
1775534302,1_10912,40_100511,542,40_569578010,40_7976608,1775535300,1775535300,default
1775534302,1_10912,1_100162,271,1_569497030,1_7976352,1775535720,1775535720,default
1775534302,1_71960,40_100511,542,40_721031370,40_7976685,1775535240,1775535240,default
1775534302,1_10640,1_100252,62,1_800856500,1_8025003,1775535720,1775535720,default
1775534602,1_103,1_102745,G Line,1_736436510,1_7974684,1775534686,1775534686,default
1775534602,1_60161,1_100042,148,1_762078240,1_3753,1775534700,1775533268,default
1775534602,1_8541,1_100263,7,1_800587150,1_8023404,1775534640,1775534640,default
1775534602,1_575,1_100263,7,1_800587890,1_8023401,1775534640,1775534640,default
1775534602,1_575,1_100210,36,1_800583900,1_8023386,1775534700,1775534700,default
1775534602,1_2850,1_100089,2,1_788757960,1_7166,1775535480,1775533428,default
1775534602,1_2850,1_100089,2,1_788758320,1_8023471,1775536740,1775536740,default
1775534602,1_35334,1_102747,61,1_803357280,1_8022152,1775534671,1775534671,default
1775534602,1_46505,1_102619,F Line,1_656237050,1_7975997,1775535180,1775535180,default
1775534602,1_57453,1_100060,168,1_664461080,1_7976218,1775536260,1775536383,default
1775534602,1_11940,1_100039,14,1_562520880,1_7974993,1775534694,1775534694,default
1775534602,1_52306,1_102619,F Line,1_656236320,1_7975999,1775534700,1775534700,default
1775534602,1_52306,1_102619,F Line,1_656237470,1_7976004,1775535600,1775535600,default
1775534602,1_40030,1_102574,40,1_811901920,1_8293,1775534600,1775534746,default
1775534602,1_59282,1_100072,181,1_800642400,1_8023851,1775536740,1775536740,default
1775534602,1_2260,1_100275,8,1_800890460,1_8040,1775534768,1775534768,default
1775534602,1_10912,1_100447,49,1_801199500,1_4334,1775534490,1775534785,default
1775534602,1_10912,40_100511,542,40_569578010,40_7976608,1775535300,1775535300,default
1775534602,1_10912,1_100162,271,1_569497030,1_7976352,1775535720,1775535720,default
1775534602,1_71960,40_100511,542,40_721031370,40_7976685,1775535240,1775535240,default
1775534602,1_10640,1_100252,62,1_800856500,1_8025003,1775535720,1775535720,default
1775534902,1_2850,1_100089,2,1_788757960,1_7166,1775535480,1775533428,default
1775534902,1_2850,1_100089,2,1_788758320,1_7099,1775536740,1775534689,default
1775534902,1_2850,1_100089,2,1_788758320,1_8023471,1775536740,1775536740,default
1775534902,1_46505,1_102619,F Line,1_656237050,1_7975997,1775535180,1775535180,default
1775534902,1_46505,1_102619,F Line,1_656237550,1_7976016,1775536140,1775536140,default
1775534902,1_37200,1_100026,128,1_816483640,1_8023677,1775535006,1775534971,default
1775534902,1_57453,1_100060,168,1_664461080,1_7976218,1775536260,1775536367,default
1775534902,1_9850,1_100269,75,1_803349630,1_8022019,1775534595,1775534964,default
1775534902,1_79610,1_100006,107,1_635438110,1_7976054,1775534833,1775534983,default
1775534902,1_52306,1_102619,F Line,1_656237470,1_7976004,1775535600,1775535600,default
1775534902,1_99254,40_594,594,40_2394020,40_9730,1775535016,1775535021,default
1775534902,1_65092,1_100162,271,1_720966680,1_7976668,1775536080,1775536080,default
1775534902,1_59282,1_100072,181,1_800642400,1_8023851,1775536740,1775536740,default
1775534902,1_10912,40_100511,542,40_569578010,40_7976608,1775535300,1775535300,default
1775534902,1_10912,1_100162,271,1_569497030,1_7976352,1775535720,1775535720,default
1775534902,1_71960,40_100511,542,40_721031370,40_7976685,1775535240,1775535240,default
1775534902,1_10640,1_100252,62,1_800856500,1_8025003,1775535720,1775535720,default
1775534902,1_8403,1_100039,14,1_562520530,1_7974988,1775535060,1775535060,default
1775535202,1_575,1_100219,4,1_675344950,1_7974869,1775535300,1775535300,default
1775535202,1_13830,1_100193,32,1_651767570,1_7974545,1775535259,1775535259,default
1775535202,1_2850,1_100089,2,1_788757960,1_7166,1775535480,1775533428,default
1775535202,1_2850,1_100089,2,1_788758320,1_7099,1775536740,1775534689,default
1775535202,1_46505,1_102619,F Line,1_656237550,1_7976016,1775536140,1775536140,default
1775535202,1_29423,1_102732,79,1_816446500,1_8022069,1775536500,1775536500,default
1775535202,1_1190,1_100447,49,1_801199560,1_4358,1775535190,1775535246,default
1775535202,1_57453,1_100060,168,1_664461080,1_7976218,1775536260,1775536390,default
1775535202,1_52306,1_102619,F Line,1_656237470,1_7976004,1775535600,1775535600,default
1775535202,1_65092,1_100162,271,1_720966680,1_7976668,1775536080,1775536080,default
1775535202,1_39983,1_102736,H Line,1_694055660,1_7974899,1775535360,1775535360,default
1775535202,1_22184,1_102736,H Line,1_694055940,1_7974896,1775535326,1775535326,default
1775535202,1_59282,1_100072,181,1_800642400,1_8023851,1775536740,1775536740,default
1775535202,1_620,40_594,594,40_2394020,40_9730,1775535360,1775535365,default
1775535202,1_620,40_100240,554,40_774873870,40_7976689,1775535480,1775535480,default
1775535202,1_10912,1_100162,271,1_569497030,1_7976352,1775535720,1775535720,default
1775535202,1_10912,40_100511,542,40_569577980,40_7976604,1775537100,1775537100,default
1775535202,1_10912,1_100162,271,1_569495700,1_7976354,1775537520,1775537520,default
1775535202,1_10640,1_100252,62,1_800856500,1_7018,1775535720,1775535191,default
1775535202,1_10640,1_100252,62,1_800856500,1_8025003,1775535720,1775535720,default
1775535502,1_103,1_102745,G Line,1_736436500,1_7974688,1775535586,1775535586,default
1775535502,1_12170,1_100039,14,1_562520530,1_7974988,1775535579,1775535579,default
1775535502,1_77930,1_102746,333,1_778704340,1_7975730,1775535539,1775535539,default
1775535502,1_970,40_594,594,40_115020,40_41502,1775535604,1775535591,default
1775535502,1_75890,1_102615,E Line,1_813078720,1_8025862,1775535527,1775535527,default
1775535502,1_575,1_100210,36,1_800582380,1_8023385,1775535600,1775535600,default
1775535502,1_2850,1_100089,2,1_788758320,1_7099,1775536740,1775534689,default
1775535502,1_2850,1_100089,2,1_788757970,1_8023447,1775537880,1775537880,default
1775535502,1_35334,1_102747,61,1_803357290,1_8022053,1775535571,1775535571,default
1775535502,1_46505,1_102619,F Line,1_656237550,1_7976016,1775536140,1775536140,default
1775535502,1_29423,1_102732,79,1_816446500,1_8022069,1775536500,1775536500,default
1775535502,1_47660,1_102736,H Line,1_694055740,1_7974901,1775535543,1775535543,default
1775535502,1_57453,1_100060,168,1_664461080,1_7976218,1775536260,1775536327,default
1775535502,1_52306,1_102619,F Line,1_656237470,1_7976004,1775535600,1775535419,default
1775535502,1_52306,1_102619,F Line,1_656237470,1_6280,1775535600,1775535419,default
1775535502,1_52306,1_102619,F Line,1_656236470,1_7976083,1775536500,1775536500,default
1775535502,1_45670,1_100210,36,1_800583820,1_4504,1775535412,1775535609,default
1775535502,1_65092,1_100162,271,1_720966680,1_7976668,1775536080,1775536080,default
1775535502,1_59282,1_100072,181,1_800642400,1_8023851,1775536740,1775536740,default
1775535502,1_31890,1_100230,50,1_635467890,1_7976172,1775535672,1775535672,default
1775535502,1_10912,1_100447,49,1_801199520,1_8023492,1775535690,1775535690,default
1775535502,1_10912,1_100162,271,1_569497030,1_7976352,1775535720,1775535720,default
1775535502,1_10912,40_100511,542,40_569577980,40_7976604,1775537100,1775537100,default
1775535502,1_10912,1_100162,271,1_569495700,1_7976354,1775537520,1775537520,default
1775535502,1_10640,1_100252,62,1_800856500,1_7018,1775535720,1775535191,default
1775535502,1_76310,40_100232,522,40_635897060,40_7976746,1775535687,1775535687,default
1775535802,1_320,40_594,594,40_115020,40_41502,1775535840,1775535897,default
1775535802,1_575,1_102581,D Line,1_803817380,1_6051,1775535660,1775535875,default
1775535802,1_2850,1_100089,2,1_788758320,1_7099,1775536740,1775534689,default
1775535802,1_2850,1_100089,2,1_788757970,1_7091,1775537880,1775535650,default
1775535802,1_2850,1_100089,2,1_788757970,1_8023447,1775537880,1775537880,default
1775535802,1_46505,1_102619,F Line,1_656237550,1_7976016,1775536140,1775536140,default
1775535802,1_46505,1_102619,F Line,1_656237290,1_7976229,1775537040,1775537040,default
1775535802,1_29423,1_102732,79,1_816446500,1_8022069,1775536500,1775536500,default
1775535802,1_29423,1_102732,79,1_816446500,1_7229,1775536500,1775536500,default
1775535802,1_57453,1_100060,168,1_664461080,1_7976218,1775536260,1775536288,default
1775535802,1_73366,1_102752,223,1_816297820,1_8024751,1775535885,1775535885,default
1775535802,1_52306,1_102619,F Line,1_656236470,1_7976083,1775536500,1775536500,default
1775535802,1_7750,1_102615,E Line,1_813082130,1_8026431,1775535912,1775535912,default
1775535802,1_65092,1_100162,271,1_720966680,1_6866,1775536080,1775535637,default
1775535802,1_65092,1_100162,271,1_720966680,1_7976668,1775536080,1775536080,default
1775535802,1_59282,1_100072,181,1_800642400,1_7399,1775536740,1775535674,default
1775535802,1_59282,1_100072,181,1_800642400,1_8023851,1775536740,1775536740,default
1775535802,1_620,40_100236,545,40_560092300,40_7976567,1775536080,1775536080,default
1775535802,1_620,40_100239,550,40_597762550,40_7976613,1775536440,1775536440,default
1775535802,1_10912,1_100224,44,1_664046720,1_7974927,1775535997,1775535997,default
1775535802,1_10912,40_100511,542,40_569577980,40_7976604,1775537100,1775537100,default
1775535802,1_10912,1_100162,271,1_569495700,1_7976354,1775537520,1775537520,default
1775535802,1_79234,1_100045,150,1_693749430,1_8165,1775535840,1775535987,default
1775536102,1_28370,1_102574,40,1_811900760,1_8026393,1775536144,1775536144,default
1775536102,1_481,1_102576,C Line,1_800869240,1_8024977,1775536140,1775536140,default
1775536102,1_575,1_100173,3,1_675344460,1_7974914,1775536200,1775536200,default
1775536102,1_2850,1_100089,2,1_788758320,1_7099,1775536740,1775534689,default
1775536102,1_2850,1_100089,2,1_788757970,1_7091,1775537880,1775535650,default
1775536102,1_46505,1_102619,F Line,1_656237550,1_6236,1775536140,1775536058,default
1775536102,1_46505,1_102619,F Line,1_656237550,1_7976016,1775536140,1775536140,default
1775536102,1_46505,1_102619,F Line,1_656237290,1_7976229,1775537040,1775537040,default
1775536102,1_29423,1_102732,79,1_816446500,1_7229,1775536500,1775536500,default
1775536102,1_57453,1_100060,168,1_664461080,1_7976218,1775536260,1775536260,default
1775536102,1_52306,1_102619,F Line,1_656236470,1_7976083,1775536500,1775536500,default
1775536102,1_9605,1_100259,67,1_657908050,1_7975680,1775536140,1775536221,default
1775536102,1_39983,1_102736,H Line,1_694056530,1_7974891,1775536260,1775536260,default
1775536102,1_59282,1_100072,181,1_800642400,1_7399,1775536740,1775535674,default
1775536102,1_59872,1_102619,F Line,1_656236320,1_7975999,1775536345,1775536345,default
1775536102,1_620,40_100239,550,40_597762550,40_7976613,1775536440,1775536440,default
1775536102,1_10912,40_100511,542,40_569577980,40_7976604,1775537100,1775537100,default
1775536102,1_10912,1_100162,271,1_569495700,1_7976354,1775537520,1775537520,default
1775536102,1_10640,1_100252,62,1_800856510,1_8048,1775537520,1775535965,default
1775536402,1_103,1_102745,G Line,1_736436950,1_7974692,1775536486,1775536486,default
1775536402,1_26560,1_102574,40,1_811901920,1_8025886,1775536502,1775536502,default
1775536402,1_575,1_100210,36,1_800583930,1_8023380,1775536500,1775536500,default
1775536402,1_2850,1_100089,2,1_788758320,1_7099,1775536740,1775534689,default
1775536402,1_2850,1_100089,2,1_788757970,1_7091,1775537880,1775535650,default
1775536402,1_35334,1_102747,61,1_803357300,1_8022039,1775536471,1775536471,default
1775536402,1_46505,1_102619,F Line,1_656237290,1_7976229,1775537040,1775537040,default
1775536402,1_29423,1_102732,79,1_816446500,1_7229,1775536500,1775536500,default
1775536402,1_47660,1_102736,H Line,1_694055660,1_7974899,1775536443,1775536443,default
1775536402,1_52306,1_102619,F Line,1_656236470,1_6283,1775536500,1775536331,default
1775536402,1_52306,1_102619,F Line,1_656236470,1_7976083,1775536500,1775536500,default
1775536402,1_52306,1_102619,F Line,1_656237630,1_7975998,1775537400,1775537400,default
1775536402,1_80121,1_102719,161,1_800652340,1_8023784,1775536595,1775536595,default
1775536402,1_8530,1_100039,14,1_562520560,1_7974987,1775536521,1775536521,default
1775536402,1_38220,1_100214,372,1_694306390,1_7976753,1775536504,1775536504,default
1775536402,1_2200,1_100001,1,1_562520570,1_7974992,1775536526,1775536526,default
1775536402,1_59282,1_100072,181,1_800642400,1_7399,1775536740,1775535674,default
1775536402,1_59282,1_102717,165,1_800649930,1_8023768,1775537280,1775537280,default
1775536402,1_7690,1_102615,E Line,1_813078310,1_8025856,1775536565,1775536565,default
1775536402,1_10912,40_100511,542,40_569577980,40_7976604,1775537100,1775537100,default
1775536402,1_10912,1_100162,271,1_569495700,1_7976354,1775537520,1775537520,default
1775536402,1_10640,1_100252,62,1_800856510,1_8048,1775537520,1775535965,default
1775536702,1_60161,1_100042,148,1_762078070,1_7976054,1775538480,1775538480,default
1775536702,1_2850,1_100089,2,1_788758320,1_7099,1775536740,1775534689,default
1775536702,1_2850,1_100089,2,1_788757970,1_7091,1775537880,1775535650,default
1775536702,1_2850,1_100089,2,1_788758330,1_7158,1775539140,1775536413,default
1775536702,1_46505,1_102619,F Line,1_656237290,1_7976229,1775537040,1775537040,default
1775536702,1_46505,1_102619,F Line,1_656237710,1_7976085,1775537940,1775537940,default
1775536702,1_1510,1_100210,36,1_800583820,1_8023415,1775536794,1775536794,default
1775536702,1_52306,1_102619,F Line,1_656237630,1_7975998,1775537400,1775537400,default
1775536702,1_16400,1_100252,62,1_800855690,1_8024963,1775536787,1775536787,default
1775536702,1_99254,40_594,594,40_1065020,40_41515,1775536816,1775536808,default
1775536702,1_70665,1_100136,245,1_761786970,1_7976371,1775536801,1775536801,default
1775536702,1_59282,1_102717,165,1_800649930,1_7188,1775537280,1775536766,default
1775536702,1_59282,1_102717,165,1_800649930,1_8023768,1775537280,1775537280,default
1775536702,1_23905,1_100214,372,1_694306390,1_7976753,1775536859,1775536859,default
1775536702,1_10912,1_100447,49,1_801199570,1_8023493,1775536890,1775536890,default
1775536702,1_10912,40_100511,542,40_569577980,40_7976604,1775537100,1775537100,default
1775536702,1_10912,1_100162,271,1_569495700,1_7976354,1775537520,1775537520,default
1775536702,1_10640,1_100252,62,1_800856510,1_8048,1775537520,1775535965,default
1775536702,1_8403,1_100039,14,1_562520520,1_7974989,1775536800,1775536800,default
1775537002,1_28370,1_102574,40,1_811901680,1_8026388,1775537044,1775537044,default
1775537002,1_60161,1_100042,148,1_762078070,1_3756,1775538480,1775536913,default
1775537002,1_60161,1_100042,148,1_762078070,1_7976054,1775538480,1775538480,default
1775537002,1_75890,1_102615,E Line,1_813082130,1_8026431,1775537027,1775537027,default
1775537002,1_575,1_100219,4,1_675344940,1_7974873,1775537100,1775537100,default
1775537002,1_2850,1_100089,2,1_788757970,1_7091,1775537880,1775535650,default
1775537002,1_2850,1_100089,2,1_788758330,1_7158,1775539140,1775536413,default
1775537002,1_46505,1_102619,F Line,1_656237290,1_7976229,1775537040,1775537040,default
1775537002,1_46505,1_102619,F Line,1_656237710,1_7976085,1775537940,1775537940,default
1775537002,1_52306,1_102619,F Line,1_656237630,1_7975998,1775537400,1775537400,default
1775537002,1_52306,1_102619,F Line,1_656236490,1_7976035,1775538300,1775538300,default
1775537002,1_41940,1_100249,60,1_801586220,1_8025815,1775537118,1775537118,default
1775537002,1_39983,1_102736,H Line,1_694056360,1_7974898,1775537160,1775537160,default
1775537002,1_59282,1_102717,165,1_800649930,1_7188,1775537280,1775536766,default
1775537002,1_59282,1_100072,181,1_800642860,1_8023856,1775540400,1775540400,default
1775537002,1_620,40_594,594,40_1065020,40_41515,1775537160,1775537222,default
1775537002,1_10912,1_100162,271,1_569495700,1_7976354,1775537520,1775537520,default
1775537002,1_10912,40_100511,542,40_569578000,40_7976685,1775538900,1775538900,default
1775537002,1_10912,1_100162,271,1_569496380,1_7976349,1775539320,1775539320,default
1775537002,1_71960,40_100511,542,40_721031100,40_7976608,1775537940,1775537940,default
1775537002,1_10640,1_100252,62,1_800856510,1_8048,1775537520,1775535965,default
1775537302,1_103,1_102745,G Line,1_736436570,1_7974685,1775537386,1775537386,default
1775537302,1_77930,1_102746,333,1_778704350,1_7975727,1775537339,1775537339,default
1775537302,1_26560,1_102574,40,1_811900390,1_8026401,1775537402,1775537402,default
1775537302,1_60161,1_100042,148,1_762078070,1_3756,1775538480,1775536913,default
1775537302,1_320,40_100239,550,40_597762920,40_7976643,1775537340,1775537338,default
1775537302,1_2850,1_100089,2,1_788757970,1_7091,1775537880,1775535650,default
1775537302,1_2850,1_100089,2,1_788758330,1_7158,1775539140,1775536413,default
1775537302,1_46505,1_102619,F Line,1_656237710,1_7976085,1775537940,1775537940,default
1775537302,1_47660,1_102736,H Line,1_694056530,1_7974891,1775537343,1775537343,default
1775537302,1_51471,1_102736,H Line,1_694055790,1_6079,1775537161,1775537364,default
1775537302,1_52306,1_102619,F Line,1_656237630,1_7975998,1775537400,1775537400,default
1775537302,1_52306,1_102619,F Line,1_656236490,1_7976035,1775538300,1775538300,default
1775537302,1_59282,1_100072,181,1_800642860,1_8023856,1775540400,1775540400,default
1775537302,1_82810,1_100133,240,1_761786180,1_7976406,1775537624,1775537447,default
1775537302,1_7690,1_102615,E Line,1_813078790,1_8026444,1775537465,1775537465,default
1775537302,1_58111,1_102619,F Line,1_656237550,1_7976016,1775537476,1775537476,default
1775537302,1_10912,1_100162,271,1_569495700,1_7976354,1775537520,1775537520,default
1775537302,1_10912,40_100511,542,40_569578000,40_7976685,1775538900,1775538900,default
1775537302,1_10912,1_100162,271,1_569496380,1_7976349,1775539320,1775539320,default
1775537302,1_71960,40_100511,542,40_721031100,40_7976608,1775537940,1775537940,default
1775537302,1_10640,1_100252,62,1_800856510,1_8048,1775537520,1775535965,default
1775537602,1_60161,1_100042,148,1_762078070,1_3756,1775538480,1775536913,default
1775537602,1_8541,1_100039,14,1_562520590,1_7974992,1775537700,1775537700,default
1775537602,1_320,40_594,594,40_3159020,40_9727,1775537640,1775537778,default
1775537602,1_2850,1_100089,2,1_788757970,1_7091,1775537880,1775535650,default
1775537602,1_2850,1_100089,2,1_788758330,1_7158,1775539140,1775536413,default
1775537602,1_46505,1_102619,F Line,1_656237710,1_7976085,1775537940,1775537940,default
1775537602,1_46505,1_102619,F Line,1_656237480,1_7975999,1775539740,1775539740,default
1775537602,1_1510,1_100210,36,1_800583810,1_8023435,1775537694,1775537694,default
1775537602,1_9850,1_100269,75,1_803350400,1_8022104,1775537295,1775537670,default
1775537602,1_40012,1_100026,128,1_816483820,1_8023666,1775537676,1775537676,default
1775537602,1_52306,1_102619,F Line,1_656236490,1_7976035,1775538300,1775538300,default
1775537602,1_58112,1_102619,F Line,1_656237550,1_7976016,1775537721,1775537721,default
1775537602,1_59282,1_100072,181,1_800642860,1_8023856,1775540400,1775540400,default
1775537602,1_620,40_100236,545,40_560092310,40_7976564,1775537880,1775537880,default
1775537602,1_620,40_100236,545,40_560092310,40_9653,1775537880,1775537880,default
1775537602,1_620,40_100239,550,40_597763070,40_7976619,1775538180,1775538180,default
1775537602,1_10912,40_100511,542,40_569578000,40_7976685,1775538900,1775538900,default
1775537602,1_10912,1_100162,271,1_569496380,1_7976349,1775539320,1775539320,default
1775537602,1_71960,40_100511,542,40_721031100,40_7976608,1775537940,1775537940,default
1775537902,1_28370,1_102574,40,1_811901320,1_8026390,1775537944,1775537944,default
1775537902,1_60161,1_100042,148,1_762078070,1_3756,1775538480,1775536913,default
1775537902,1_68784,1_102548,B Line,1_721019350,1_7976636,1775537939,1775537939,default
1775537902,1_575,1_100173,3,1_675344430,1_7974916,1775538000,1775538000,default
1775537902,1_2850,1_100089,2,1_788758330,1_7158,1775539140,1775536413,default
1775537902,1_2850,1_100089,2,1_788758380,1_7152,1775540340,1775537606,default
1775537902,1_46505,1_102619,F Line,1_656237710,1_7976085,1775537940,1775537940,default
1775537902,1_46505,1_102619,F Line,1_656237480,1_7975999,1775539740,1775539740,default
1775537902,1_52306,1_102619,F Line,1_656236490,1_7976035,1775538300,1775538300,default
1775537902,1_2200,1_100275,8,1_800891700,1_8025040,1775537893,1775538038,default
1775537902,1_59282,1_100072,181,1_800642860,1_8023856,1775540400,1775540400,default
1775537902,1_620,40_100239,550,40_597763070,40_7976619,1775538180,1775538180,default
1775537902,1_10912,1_100447,49,1_801199540,1_8023496,1775538090,1775538090,default
1775537902,1_10912,1_100447,49,1_801199540,1_4358,1775538090,1775538090,default
1775537902,1_10912,40_100511,542,40_569578000,40_7976685,1775538900,1775538900,default
1775537902,1_10912,1_100162,271,1_569496380,1_7976349,1775539320,1775539320,default
1775537902,1_10640,1_100252,62,1_800856520,1_7053,1775539380,1775537752,default
1775538202,1_103,1_102745,G Line,1_736436530,1_7974684,1775538255,1775538255,default
1775538202,1_60161,1_100042,148,1_762078070,1_3756,1775538480,1775536913,default
1775538202,1_2850,1_100089,2,1_788758330,1_7158,1775539140,1775536413,default
1775538202,1_2850,1_100089,2,1_788758380,1_7152,1775540340,1775537606,default
1775538202,1_46505,1_102619,F Line,1_656237480,1_7975999,1775539740,1775539740,default
1775538202,1_47660,1_102736,H Line,1_694056360,1_7974898,1775538243,1775538243,default
1775538202,1_77460,1_102746,333,1_778704870,1_7975730,1775538304,1775538304,default
1775538202,1_52306,1_102619,F Line,1_656236490,1_7976035,1775538300,1775538300,default
1775538202,1_80121,1_102719,161,1_800651630,1_8023782,1775538395,1775538395,default
1775538202,1_38220,1_100214,372,1_694307200,1_7976747,1775538304,1775538304,default
1775538202,1_41940,1_100249,60,1_801586310,1_8025884,1775538318,1775538318,default
1775538202,1_2200,1_100001,1,1_562520910,1_7974993,1775538326,1775538326,default
1775538202,1_59282,1_100072,181,1_800642860,1_8023856,1775540400,1775540400,default
1775538202,1_31890,1_100026,128,1_816483820,1_8023666,1775538369,1775538369,default
1775538202,1_7690,1_102615,E Line,1_813081970,1_8026432,1775538365,1775538365,default
1775538202,1_10912,40_100511,542,40_569578000,40_7976685,1775538900,1775538900,default
1775538202,1_10912,1_100162,271,1_569496380,1_7976349,1775539320,1775539320,default
1775538202,1_10640,1_100252,62,1_800856520,1_7053,1775539380,1775537752,default
1775538502,1_12170,1_100039,14,1_562520590,1_7974992,1775538615,1775538615,default
1775538502,1_2850,1_100089,2,1_788758330,1_7158,1775539140,1775536413,default
1775538502,1_2850,1_100089,2,1_788758380,1_7152,1775540340,1775537606,default
1775538502,1_46505,1_102619,F Line,1_656237480,1_7975999,1775539740,1775539740,default
1775538502,1_1190,40_100239,550,40_597763070,40_7976619,1775538589,1775538589,default
1775538502,1_1510,1_100210,36,1_800582870,1_8023456,1775538594,1775538594,default
1775538502,1_16400,1_100252,62,1_800855700,1_8024960,1775538587,1775538587,default
1775538502,1_99254,40_594,594,40_2072020,40_51403,1775538616,1775538614,default
1775538502,1_59282,1_100072,181,1_800642860,1_8023856,1775540400,1775540400,default
1775538502,1_23905,1_100214,372,1_694307200,1_7976747,1775538646,1775538646,default
1775538502,1_10912,40_100511,542,40_569578000,40_7976685,1775538900,1775538900,default
1775538502,1_10912,1_100162,271,1_569496380,1_7976349,1775539320,1775539320,default
1775538502,1_10640,1_100252,62,1_800856520,1_7053,1775539380,1775537752,default
1775538802,1_481,1_102576,C Line,1_800867880,1_8024969,1775538840,1775538840,default
1775538802,1_575,1_100219,4,1_675344930,1_7974872,1775538900,1775538900,default
1775538802,1_13830,1_100193,32,1_651766880,1_7974549,1775538859,1775538859,default
1775538802,1_2850,1_100089,2,1_788758330,1_7158,1775539140,1775536413,default
1775538802,1_2850,1_100089,2,1_788758380,1_7152,1775540340,1775537606,default
1775538802,1_46505,1_102619,F Line,1_656237480,1_7975999,1775539740,1775539740,default
1775538802,1_1190,1_100447,49,1_801199530,1_4307,1775538782,1775538867,default
1775538802,1_2200,1_100275,8,1_800891700,1_8039,1775537893,1775538926,default
1775538802,1_59282,1_100072,181,1_800642860,1_8023856,1775540400,1775540400,default
1775538802,1_59872,1_102619,F Line,1_656237630,1_7975998,1775539019,1775539019,default
1775538802,1_620,40_594,594,40_2072020,40_51403,1775538960,1775538950,default
1775538802,1_10912,1_100162,271,1_569496380,1_7976349,1775539320,1775539320,default
1775538802,1_10640,1_100252,62,1_800856520,1_7053,1775539380,1775537752,default
1775539102,1_103,1_102745,G Line,1_736436980,1_7974688,1775539155,1775539155,default
1775539102,1_77930,1_102746,333,1_778704360,1_7975729,1775539139,1775539139,default
1775539102,1_26560,1_102574,40,1_811899200,1_8026406,1775539142,1775539142,default
1775539102,1_9750,1_100269,75,1_803352320,1_8022110,1775538812,1775539138,default
1775539102,1_2850,1_100089,2,1_788758330,1_7158,1775539140,1775536413,default
1775539102,1_2850,1_100089,2,1_788758380,1_7152,1775540340,1775537606,default
1775539102,1_2850,1_100089,2,1_788758340,1_8023474,1775541540,1775541540,default
1775539102,1_46505,1_102619,F Line,1_656237480,1_7975999,1775539740,1775539740,default
1775539102,1_47660,1_102736,H Line,1_694056270,1_7974892,1775539143,1775539143,default
1775539102,1_52306,1_102619,F Line,1_721497100,1_7976016,1775540100,1775540100,default
1775539102,1_59282,1_100072,181,1_800642860,1_8023856,1775540400,1775540400,default
1775539102,1_31890,1_100230,50,1_664486030,1_7976178,1775539272,1775539272,default
1775539102,1_58111,1_102619,F Line,1_656237710,1_7976085,1775539276,1775539276,default
1775539102,1_620,40_100240,554,40_774873970,40_7976694,1775539380,1775539380,default
1775539102,1_10912,1_100447,49,1_801199470,1_8023489,1775539290,1775539290,default
1775539102,1_10912,1_100162,271,1_569496380,1_7976349,1775539320,1775539320,default
1775539102,1_10640,1_100252,62,1_800856520,1_7053,1775539380,1775537752,default
1775539102,1_52081,1_102736,H Line,1_694055990,1_7974893,1775539281,1775539281,default
1775539402,1_320,40_594,594,40_2174020,40_9730,1775539440,1775539423,default
1775539402,1_2850,1_100089,2,1_788758380,1_7152,1775540340,1775537606,default
1775539402,1_2850,1_100089,2,1_788758340,1_8023474,1775541540,1775541540,default
1775539402,1_46505,1_102619,F Line,1_656237480,1_7975999,1775539740,1775539740,default
1775539402,1_1510,1_100210,36,1_800583640,1_8023418,1775539494,1775539494,default
1775539402,1_11200,1_100447,49,1_801199530,1_8023492,1775539500,1775539500,default
1775539402,1_11569,1_100002,10,1_675385560,1_7974874,1775539487,1775539487,default
1775539402,1_52306,1_102619,F Line,1_721497100,1_7976016,1775540100,1775540100,default
1775539402,1_58112,1_102619,F Line,1_656237710,1_7976085,1775539505,1775539505,default
1775539402,1_41940,1_100249,60,1_801586170,1_8025826,1775539518,1775539518,default
1775539402,1_59282,1_100072,181,1_800642860,1_7322,1775540400,1775539341,default
1775539402,1_59282,1_100072,181,1_800642860,1_8023856,1775540400,1775540400,default
1775539402,1_620,40_100236,545,40_560092380,40_7976571,1775539680,1775539680,default
1775539402,1_620,40_100236,545,40_560092380,40_9810,1775539680,1775539680,default
1775539402,1_620,40_100239,550,40_597762930,40_7976614,1775540040,1775540040,default
1775539402,1_10912,1_100447,49,1_801199470,1_4327,1775539290,1775539561,default
1775539402,1_10640,1_100252,62,1_800856540,1_8025072,1775542980,1775542980,default
1775539702,1_575,1_100173,3,1_675344350,1_7974915,1775539800,1775539800,default
1775539702,1_2850,1_100089,2,1_788758380,1_7152,1775540340,1775537606,default
1775539702,1_2850,1_100089,2,1_788758340,1_8023474,1775541540,1775541540,default
1775539702,1_46505,1_102619,F Line,1_656237480,1_7975999,1775539740,1775539740,default
1775539702,1_11590,1_100002,10,1_675385560,1_7974874,1775539778,1775539778,default
1775539702,1_68130,1_102548,B Line,1_721019550,1_6033,1775539817,1775539817,default
1775539702,1_52306,1_102619,F Line,1_721497100,1_7976016,1775540100,1775540100,default
1775539702,1_48610,1_102717,165,1_800649540,1_7442,1775539748,1775539788,default
1775539702,1_49350,1_100026,128,1_806634790,1_8023677,1775539857,1775539857,default
1775539702,1_59282,1_100072,181,1_800642860,1_7322,1775540400,1775539341,default
1775539702,1_25791,1_100214,372,1_694306400,1_7420,1775539816,1775539917,default
1775539702,1_620,40_100239,550,40_597762930,40_7976614,1775540040,1775540040,default
1775539702,1_10912,40_100511,542,40_569578630,40_7976608,1775540700,1775540700,default
1775539702,1_10640,1_100252,62,1_800856530,1_8051,1775541180,1775539658,default
1775539702,1_10640,1_100252,62,1_800856530,1_8024960,1775541180,1775541180,default
1775539702,1_10640,1_100252,62,1_800856540,1_8025072,1775542980,1775542980,default
1775540002,1_103,1_102745,G Line,1_736436600,1_7974692,1775540055,1775540055,default
1775540002,1_67200,1_102552,226,1_833608540,1_8024717,1775540012,1775540012,default
1775540002,1_2850,1_100089,2,1_788758380,1_7152,1775540340,1775537606,default
1775540002,1_2850,1_100089,2,1_788758340,1_7139,1775541540,1775539828,default
1775540002,1_2850,1_100089,2,1_788758340,1_8023474,1775541540,1775541540,default
1775540002,1_1190,1_100447,49,1_801199480,1_4361,1775539982,1775540059,default
1775540002,1_77460,1_102746,333,1_778704460,1_7975727,1775540104,1775540104,default
1775540002,1_1510,1_100263,7,1_800586950,1_8023477,1775540094,1775540094,default
1775540002,1_52306,1_102619,F Line,1_721497100,1_7976016,1775540100,1775540100,default
1775540002,1_80121,1_102719,161,1_800651650,1_8023905,1775540135,1775540135,default
1775540002,1_31990,1_100230,50,1_785559510,1_3737,1775540077,1775540108,default
1775540002,1_25980,1_100254,65,1_778695610,1_8131,1775540100,1775540100,default
1775540002,1_9605,1_100259,67,1_657909670,1_7975710,1775539740,1775540124,default
1775540002,1_59282,1_100072,181,1_800642860,1_7322,1775540400,1775539341,default
1775540002,1_59282,1_102717,165,1_800649940,1_7129,1775540940,1775539986,default
1775540002,1_59282,1_102717,165,1_800649940,1_8023716,1775540940,1775540940,default
1775540002,1_7690,1_102615,E Line,1_816542330,1_8025863,1775540165,1775540165,default
1775540002,1_10912,40_100511,542,40_569578630,40_7976608,1775540700,1775540700,default
1775540002,1_10640,1_100252,62,1_800856530,1_8051,1775541180,1775539658,default
1775540002,1_10640,1_100252,62,1_800856540,1_8025072,1775542980,1775542980,default
1775540002,1_52081,1_102736,H Line,1_694055910,1_7974896,1775540181,1775540181,default
1775540302,1_12170,1_100039,14,1_562520930,1_7974993,1775540415,1775540415,default
1775540302,1_68784,1_102548,B Line,1_721019550,1_7976639,1775540339,1775540339,default
1775540302,1_575,1_100089,2,1_788758330,1_8023448,1775540400,1775540400,default
1775540302,1_2850,1_100089,2,1_788758380,1_7152,1775540340,1775537606,default
1775540302,1_2850,1_100089,2,1_788758340,1_7139,1775541540,1775539828,default
1775540302,1_46505,1_102619,F Line,1_656237640,1_7975998,1775541540,1775541540,default
1775540302,1_99254,40_594,594,40_3850020,40_9735,1775540416,1775540408,default
1775540302,1_59282,1_102717,165,1_800649940,1_7129,1775540940,1775539986,default
1775540302,1_10912,1_100447,49,1_801199370,1_8023495,1775540490,1775540490,default
1775540302,1_10912,40_100511,542,40_569578630,40_7976608,1775540700,1775540700,default
1775540302,1_10640,1_100252,62,1_800856530,1_8051,1775541180,1775539658,default
1775540302,1_10640,1_100252,62,1_800856540,1_8025072,1775542980,1775542980,default
1775540602,1_575,1_100219,4,1_675344920,1_7974865,1775540700,1775540700,default
1775540602,1_575,1_100263,7,1_800586950,1_8023477,1775540700,1775540700,default
1775540602,1_2850,1_100089,2,1_788758340,1_7139,1775541540,1775539828,default
1775540602,1_46505,1_102619,F Line,1_656237640,1_7975998,1775541540,1775541540,default
1775540602,1_11200,1_100447,49,1_801199480,1_8023493,1775540700,1775540700,default
1775540602,1_52306,1_102619,F Line,1_721497260,1_7976085,1775541900,1775541900,default
1775540602,1_40030,1_102574,40,1_811900770,1_8225,1775540000,1775540739,default
1775540602,1_41940,1_100249,60,1_801586370,1_8025824,1775540718,1775540718,default
1775540602,1_22184,1_100249,60,1_801586340,1_8025820,1775540728,1775540728,default
1775540602,1_59282,1_102717,165,1_800649940,1_7129,1775540940,1775539986,default
1775540602,1_620,40_594,594,40_3850020,40_9735,1775540760,1775540752,default
1775540602,1_10640,1_100252,62,1_800856530,1_8051,1775541180,1775539658,default
1775540602,1_10640,1_100252,62,1_800856540,1_8025072,1775542980,1775542980,default
1775540902,1_103,1_102745,G Line,1_736436560,1_7974685,1775540955,1775540955,default
1775540902,1_77930,1_102746,333,1_778704370,1_7975728,1775540939,1775540939,default
1775540902,1_52638,40_574,574,40_1000020,40_41505,1775540870,1775540940,default
1775540902,1_26560,1_102574,40,1_811899260,1_8025885,1775540942,1775540942,default
1775540902,1_970,40_594,594,40_469020,40_41506,1775541004,1775540960,default
1775540902,1_9750,1_100269,75,1_803352060,1_8022025,1775540595,1775540934,default
1775540902,1_2850,1_100089,2,1_788758340,1_7139,1775541540,1775539828,default
1775540902,1_46505,1_102619,F Line,1_656237640,1_7975998,1775541540,1775541540,default
1775540902,1_280,40_100240,554,40_560099080,40_7976694,1775540905,1775540969,default
1775540902,1_1510,1_100005,106,1_727784950,1_7975006,1775540973,1775540973,default
1775540902,1_52306,1_102619,F Line,1_721497260,1_7976085,1775541900,1775541900,default
1775540902,1_16400,1_100225,45,1_803352580,1_8022083,1775540807,1775540988,default
1775540902,1_58079,1_102719,161,1_800651990,1_8023784,1775541060,1775541060,default
1775540902,1_10640,1_100252,62,1_800856530,1_8051,1775541180,1775539658,default
1775540902,1_10640,1_100252,62,1_800856540,1_8025072,1775542980,1775542980,default
1775540902,1_52081,1_102736,H Line,1_694056610,1_7974900,1775541081,1775541081,default
1775541202,1_320,40_100239,550,40_597763430,40_9589,1775541120,1775541293,default
1775541202,1_2850,1_100089,2,1_788758340,1_7139,1775541540,1775539828,default
1775541202,1_2850,1_100089,2,1_788758730,1_8023470,1775541240,1775541240,default
1775541202,1_46505,1_102619,F Line,1_656237640,1_7975998,1775541540,1775541540,default
1775541202,1_280,40_100240,554,40_560099080,40_7976694,1775540905,1775541288,default
1775541202,1_1510,1_100210,36,1_800582440,1_8023385,1775541294,1775541294,default
1775541202,1_52306,1_102619,F Line,1_721497260,1_7976085,1775541900,1775541900,default
1775541202,1_620,40_100236,545,40_559501080,40_9574,1775541480,1775541480,default
1775541202,1_10640,1_100252,62,1_800856540,1_8064,1775542980,1775541237,default
1775541202,1_10640,1_100252,62,1_800856540,1_8025072,1775542980,1775542980,default
1775541502,1_11870,1_100039,14,1_562520650,1_7974992,1775541517,1775541517,default
1775541502,1_320,40_100240,554,40_560099080,40_9663,1775541000,1775541545,default
1775541502,1_575,1_100028,13,1_788759740,1_7152,1775541540,1775541540,default
1775541502,1_575,1_100173,3,1_675344340,1_7974914,1775541600,1775541600,default
1775541502,1_13830,1_100193,32,1_651767210,1_7974611,1775541559,1775541559,default
1775541502,1_2850,1_100089,2,1_788758340,1_7139,1775541540,1775539828,default
1775541502,1_2850,1_100089,2,1_788758350,1_7153,1775543340,1775541311,default
1775541502,1_2850,1_100089,2,1_788758350,1_8023470,1775543340,1775543340,default
1775541502,1_46505,1_102619,F Line,1_656237640,1_7975998,1775541540,1775541540,default
1775541502,1_52306,1_102619,F Line,1_721497260,1_7976085,1775541900,1775541900,default
1775541502,1_60983,1_100023,124,1_800864420,1_8008,1775541509,1775541647,default
1775541502,1_620,40_100239,550,40_597762940,40_7976643,1775541840,1775541840,default
1775541502,1_10912,1_100447,49,1_801199390,1_4307,1775541690,1775541690,default
1775541502,1_10640,1_100252,62,1_800856540,1_8064,1775542980,1775541237,default
1775541802,1_970,1_100045,150,1_800670880,1_8165,1775541792,1775541823,default
1775541802,1_2850,1_100089,2,1_788758350,1_7153,1775543340,1775541311,default
1775541802,1_52306,1_102619,F Line,1_721497260,1_7976085,1775541900,1775541900,default
1775541802,1_41940,1_100249,60,1_801586320,1_8025818,1775541918,1775541918,default
1775541802,1_21080,1_100249,60,1_801586440,1_7176,1775541840,1775541925,default
1775541802,1_22184,1_100249,60,1_801586450,1_8025815,1775541928,1775541928,default
1775541802,1_31890,1_100026,128,1_806634530,1_8023667,1775541969,1775541969,default
1775541802,1_10640,1_100252,62,1_800856540,1_8064,1775542980,1775541237,default
1775541802,1_52081,1_102736,H Line,1_694056090,1_7974895,1775541981,1775541981,default
1775542103,1_2850,1_100089,2,1_788758350,1_7153,1775543340,1775541311,default
1775542103,1_80121,1_102719,161,1_800651640,1_8023780,1775542223,1775542223,default
1775542103,1_99254,40_594,594,40_3819020,40_41509,1775542216,1775542213,default
1775542103,1_620,40_100239,550,40_597763440,40_9807,1775544240,1775542530,default
1775542103,1_10640,1_100252,62,1_800856540,1_8064,1775542980,1775541237,default
1775542403,1_575,1_100001,1,1_800581530,1_4378,1775542440,1775542485,default
1775542403,1_575,1_100219,4,1_675344910,1_7974870,1775542500,1775542500,default
1775542403,1_2850,1_100089,2,1_788758350,1_7153,1775543340,1775541311,default
1775542403,1_52306,1_102619,F Line,1_694521940,1_7975999,1775543700,1775543700,default
1775542403,1_12760,1_100173,3,1_675344420,1_7115,1775542550,1775542550,default
1775542403,1_620,40_100239,550,40_597763440,40_9807,1775544240,1775542530,default
1775542403,1_620,40_100239,550,40_597763440,40_7976613,1775544240,1775542530,default
1775542403,1_620,40_594,594,40_3819020,40_41509,1775542560,1775542557,default
1775542403,1_10640,1_100252,62,1_800856540,1_8064,1775542980,1775541237,default
1775542703,1_103,1_102745,G Line,1_736436630,1_7974688,1775542755,1775542755,default
1775542703,1_77930,1_102746,333,1_778704380,1_7975730,1775542739,1775542739,default
1775542703,1_575,1_100089,2,1_788758340,1_8023474,1775542800,1775542800,default
1775542703,1_2850,1_100089,2,1_788758350,1_7153,1775543340,1775541311,default
1775542703,1_46505,1_102619,F Line,1_694522020,1_7976016,1775543460,1775543460,default
1775542703,1_27420,1_100249,60,1_801586400,1_8025817,1775542776,1775542776,default
1775542703,1_1510,1_100005,106,1_727785100,1_7975009,1775542773,1775542773,default
1775542703,1_1510,1_100210,36,1_800583200,1_8023380,1775542794,1775542794,default
1775542703,1_52306,1_102619,F Line,1_694521940,1_7975999,1775543700,1775543700,default
1775542703,1_75850,1_102615,E Line,1_813078660,1_8022058,1775542869,1775542869,default
1775542703,1_10912,1_100447,49,1_801199490,1_8023493,1775542890,1775542890,default
1775542703,1_10912,1_100224,44,1_664048750,1_7974923,1775542897,1775542897,default
1775542703,1_10640,1_100252,62,1_800856540,1_8064,1775542980,1775541237,default
1775542703,1_52081,1_102736,H Line,1_694055760,1_7974901,1775542881,1775542881,default
1775543003,1_75890,1_102615,E Line,1_813078660,1_8022058,1775543048,1775543048,default
1775543003,1_320,40_100239,550,40_597763320,40_7976614,1775543040,1775543095,default
1775543003,1_320,40_594,594,40_2087020,40_51403,1775543040,1775543147,default
1775543003,1_2850,1_100089,2,1_788758350,1_7153,1775543340,1775541311,default
1775543003,1_46505,1_102619,F Line,1_694522020,1_7976016,1775543460,1775543460,default
1775543003,1_52306,1_102619,F Line,1_694521940,1_7975999,1775543700,1775543700,default
1775543003,1_10640,1_100252,62,1_800856550,1_8025003,1775544780,1775544780,default
1775543003,1_10640,1_100252,62,1_800856560,1_8025001,1775546580,1775546580,default
1775543303,1_575,1_100173,3,1_675344420,1_7974916,1775543400,1775543400,default
1775543303,1_2850,1_100089,2,1_788758350,1_7153,1775543340,1775541311,default
1775543303,1_2850,1_100089,2,1_788757980,1_8023449,1775546880,1775546880,default
1775543303,1_46505,1_102619,F Line,1_694522020,1_7976016,1775543460,1775543460,default
1775543303,1_52306,1_102619,F Line,1_694521940,1_7975999,1775543700,1775543700,default
1775543303,1_59872,1_102619,F Line,1_721497260,1_7976085,1775543459,1775543459,default
1775543303,1_10912,1_100264,70,1_801592990,1_8228,1775543485,1775543485,default
1775543303,1_10640,1_100252,62,1_800856550,1_8025003,1775544780,1775544780,default
1775543303,1_10640,1_100252,62,1_800856560,1_8025001,1775546580,1775546580,default
1775543603,1_103,1_102745,G Line,1_736436620,1_7974692,1775543623,1775543623,default
1775543603,1_2850,1_100089,2,1_788758360,1_8023471,1775545140,1775545140,default
1775543603,1_2850,1_100089,2,1_788757980,1_8023449,1775546880,1775546880,default
1775543603,1_52306,1_102619,F Line,1_694521940,1_7975999,1775543700,1775543700,default
1775543603,1_60710,1_100512,A Line,1_800643860,1_8023746,1775543784,1775543784,default
1775543603,1_57791,1_102718,184,1_664480640,1_1033,1775543797,1775543797,default
1775543603,1_57791,1_102718,184,1_664480640,1_7976216,1775543797,1775543797,default
1775543603,1_620,40_100240,554,40_774874150,40_7976689,1775543820,1775543820,default
1775543603,1_10640,1_100252,62,1_800856550,1_7018,1775544780,1775543484,default
1775543603,1_10640,1_100252,62,1_800856550,1_8025003,1775544780,1775544780,default
1775543603,1_10640,1_100252,62,1_800856560,1_8025001,1775546580,1775546580,default
1775543603,1_52081,1_102736,H Line,1_694055670,1_7974899,1775543781,1775543781,default
1775543903,1_2850,1_100089,2,1_788758360,1_7099,1775545140,1775543624,default
1775543903,1_2850,1_100089,2,1_788758360,1_8023471,1775545140,1775545140,default
1775543903,1_2850,1_100089,2,1_788757980,1_8023449,1775546880,1775546880,default
1775543903,1_1190,1_100447,49,1_801199380,1_4334,1775543582,1775543948,default
1775543903,1_10912,1_100447,49,1_801199400,1_8023496,1775544090,1775544090,default
1775543903,1_10912,1_100224,44,1_664046620,1_7974932,1775544097,1775544097,default
1775543903,1_10640,1_100252,62,1_800856550,1_7018,1775544780,1775543484,default
1775543903,1_10640,1_100252,62,1_800856560,1_8025001,1775546580,1775546580,default
1775544203,1_575,1_102576,C Line,1_800867860,1_8024969,1775544240,1775544240,default
1775544203,1_575,1_100219,4,1_675344900,1_7974869,1775544300,1775544300,default
1775544203,1_2850,1_100089,2,1_788758360,1_7099,1775545140,1775543624,default
1775544203,1_2850,1_100089,2,1_788757980,1_8023449,1775546880,1775546880,default
1775544203,1_52306,1_100031,132,1_800857440,1_8025087,1775544300,1775544300,default
1775544203,1_52306,1_102619,F Line,1_694522100,1_7975998,1775545500,1775545500,default
1775544203,1_8530,1_100263,7,1_800587900,1_8023411,1775544321,1775544321,default
1775544203,1_12760,1_100173,3,1_675344440,1_7974915,1775544350,1775544350,default
1775544203,1_10210,1_100264,70,1_801592990,1_8026408,1775544364,1775544364,default
1775544203,1_10640,1_100252,62,1_800856550,1_7018,1775544780,1775543484,default
1775544203,1_10640,1_100252,62,1_800856560,1_8025001,1775546580,1775546580,default
1775544503,1_103,1_102745,G Line,1_736437040,1_7974685,1775544523,1775544523,default
1775544503,1_2850,1_100089,2,1_788758360,1_7099,1775545140,1775543624,default
1775544503,1_2850,1_100089,2,1_788757980,1_8023449,1775546880,1775546880,default
1775544503,1_46505,1_102619,F Line,1_694522180,1_7976085,1775545260,1775545260,default
1775544503,1_1510,1_100005,106,1_727784640,1_7975004,1775544573,1775544573,default
1775544503,1_52306,1_102619,F Line,1_694522100,1_7975998,1775545500,1775545500,default
1775544503,1_48390,1_100030,131,1_800857280,1_8024996,1775544624,1775544624,default
1775544503,1_10640,1_100252,62,1_800856550,1_7018,1775544780,1775543484,default
1775544503,1_10640,1_100252,62,1_800856560,1_8025001,1775546580,1775546567,default
1775544803,1_75890,1_102615,E Line,1_813082160,1_8025862,1775544848,1775544848,default
1775544803,1_2850,1_100089,2,1_788758360,1_7099,1775545140,1775543624,default
1775544803,1_2850,1_100089,2,1_788757980,1_8023449,1775546880,1775546880,default
1775544803,1_46505,1_102619,F Line,1_694522180,1_7976085,1775545260,1775545260,default
1775544803,1_52306,1_102619,F Line,1_694522100,1_7975998,1775545500,1775545500,default
1775544803,1_40030,1_102574,40,1_811901940,1_8293,1775544800,1775544899,default
1775544803,1_54971,1_100004,105,1_635436790,1_1027,1775544875,1775544928,default
1775544803,1_620,40_100236,545,40_560092510,40_7976567,1775545080,1775545080,default
1775544803,1_10640,1_100252,62,1_800856560,1_8048,1775546580,1775544680,default
1775544803,1_10640,1_100252,62,1_800856560,1_8025001,1775546580,1775546580,default
1775545103,1_575,1_100263,7,1_800587900,1_8023411,1775545140,1775545140,default
1775545103,1_575,1_100173,3,1_675344440,1_7974915,1775545200,1775545200,default
1775545103,1_2850,1_100089,2,1_788758360,1_7099,1775545140,1775543624,default
1775545103,1_2850,1_100089,2,1_788757980,1_8023449,1775546880,1775546880,default
1775545103,1_46505,1_102619,F Line,1_694522180,1_7976085,1775545260,1775545260,default
1775545103,1_52306,1_102619,F Line,1_694522100,1_7975998,1775545500,1775545500,default
1775545103,1_25791,1_100214,372,1_694307090,1_6898,1775544774,1775545304,default
1775545103,1_10912,1_100264,70,1_801592630,1_8209,1775545285,1775545285,default
1775545103,1_10912,1_100447,49,1_801199310,1_8023489,1775545290,1775545290,default
1775545103,1_10640,1_100252,62,1_800856560,1_8048,1775546580,1775544680,default
1775545103,1_8403,1_100039,14,1_562520710,1_4306,1775545320,1775545320,default
1775545403,1_103,1_102745,G Line,1_736436660,1_7974688,1775545423,1775545423,default
1775545403,1_2850,1_100089,2,1_788757980,1_8023449,1775546880,1775546880,default
1775545403,1_52306,1_102619,F Line,1_694522100,1_7975998,1775545500,1775545500,default
1775545403,1_620,40_100239,550,40_651524630,40_7976619,1775545860,1775545860,default
1775545403,1_10640,1_100252,62,1_800856560,1_8048,1775546580,1775544680,default
1775545703,1_2850,1_100089,2,1_788757980,1_7115,1775546880,1775545673,default
1775545703,1_2850,1_100089,2,1_788757980,1_8023449,1775546880,1775546880,default
1775545703,1_620,40_100239,550,40_651524630,40_7976619,1775545860,1775545860,default
1775545703,1_10640,1_100252,62,1_800856560,1_8048,1775546580,1775544680,default
1775546003,1_575,1_100219,4,1_675344890,1_7974873,1775546100,1775546100,default
1775546003,1_2850,1_100089,2,1_788757980,1_7115,1775546880,1775545673,default
1775546003,1_52306,1_100031,132,1_800856980,1_8024993,1775546100,1775546100,default
1775546003,1_8530,1_100263,7,1_800587190,1_8023410,1775546121,1775546121,default
1775546003,1_12760,1_100173,3,1_675344450,1_7974914,1775546150,1775546150,default
1775546003,1_10640,1_100252,62,1_800856560,1_8048,1775546580,1775544680,default
1775546303,1_103,1_102745,G Line,1_736436680,1_7974692,1775546323,1775546323,default
1775546303,1_575,1_100089,2,1_788758360,1_8023471,1775546400,1775546400,default
1775546303,1_2850,1_100089,2,1_788757980,1_7115,1775546880,1775545673,default
1775546303,1_10640,1_100252,62,1_800856560,1_8048,1775546580,1775544680,default
1775546603,1_2850,1_100089,2,1_788757980,1_7115,1775546880,1775545673,default
1775546603,1_80121,1_102719,161,1_800651610,1_8023781,1775546712,1775546712,default
1775546903,1_575,1_100263,7,1_800587190,1_8023410,1775546940,1775546940,default
1775546903,1_575,1_100173,3,1_675344450,1_7974914,1775547000,1775547000,default
1775546903,1_99254,40_102758,570,40_816380090,40_9574,1775547823,1775547823,default
1775546903,1_99254,40_102758,570,40_816380090,40_8005272,1775547823,1775547823,default
1775546903,1_60710,1_100512,A Line,1_800643880,1_8023825,1775547084,1775547084,default
1775546903,1_10912,1_100264,70,1_801592920,1_8026417,1775547085,1775547085,default
1775547203,1_99254,40_102758,570,40_816380090,40_8005272,1775547823,1775547823,default
1775547203,1_10912,1_100264,70,1_801592920,1_8234,1775547085,1775547367,default
1775547203,1_3000,1_100089,2,1_788757980,1_8023449,1775547302,1775547398,default
1775547503,1_575,1_102581,D Line,1_800600820,1_6047,1775545860,1775547569,default
1775547503,1_99254,40_102758,570,40_816380090,40_8005272,1775547823,1775547823,default
1775547503,1_82187,1_100259,67,1_724949400,1_7975679,1775547620,1775547620,default
1775547503,1_10912,1_100447,49,1_801199410,1_4307,1775547690,1775547701,default
1775547503,1_8403,1_100039,14,1_562520740,1_4378,1775548020,1775547470,default
1775547503,1_8403,1_100039,14,1_562520740,1_7974992,1775548020,1775548020,default
1775547503,1_3000,1_100089,2,1_788757980,1_8023449,1775547302,1775547700,default
1775547803,1_575,1_100219,4,1_675344880,1_7974872,1775547900,1775547900,default
1775547803,1_52306,1_100031,132,1_800856710,1_8025088,1775547900,1775547900,default
1775547803,1_52081,1_102736,H Line,1_732459430,1_7974893,1775547981,1775547981,default
1775547803,1_8403,1_100039,14,1_562520740,1_4378,1775548020,1775547470,default
1775548103,1_8530,1_100005,106,1_727784620,1_7975003,1775548229,1775548229,default
1775548103,1_75850,1_102615,E Line,1_813082000,1_8026432,1775548269,1775548269,default
1775548103,1_3000,1_100089,2,1_788757980,1_8023449,1775547302,1775548286,default
1775548403,1_75890,1_102615,E Line,1_813082000,1_8026432,1775548448,1775548448,default
1775548403,1_2850,1_100089,2,1_788758370,1_8023474,1775548740,1775548740,default
1775548403,1_3000,1_100089,2,1_788757980,1_8023449,1775547302,1775548615,default
1775548703,1_2850,1_100089,2,1_788758370,1_7139,1775548740,1775548558,default
1775548703,1_2850,1_100089,2,1_788758370,1_8023474,1775548740,1775548740,default
1775548703,1_99254,40_102758,570,40_816380100,40_8005271,1775549623,1775549623,default
1775548703,1_10912,1_100264,70,1_801592590,1_8026414,1775548885,1775548885,default
1775548703,1_10912,1_100447,49,1_801199360,1_8023493,1775548890,1775548890,default
1775549003,1_103,1_102745,G Line,1_736436710,1_7974692,1775549023,1775549023,default
1775549003,1_99254,40_102758,570,40_816380100,40_8005271,1775549623,1775549623,default
1775549003,1_10912,1_100447,49,1_801199360,1_8023493,1775548890,1775549190,default
1775549303,1_575,1_100039,14,1_562520740,1_7974992,1775549340,1775549340,default
1775549303,1_99254,40_102758,570,40_816380100,40_8005271,1775549623,1775549623,default
1775549303,1_25791,1_100214,372,1_694307160,1_7434,1775549274,1775549463,default
1775549303,1_10912,1_100447,49,1_801199360,1_8023493,1775548890,1775549470,default
1775549303,1_10912,1_100223,43,1_800586740,1_8023388,1775549112,1775549482,default
1775549603,1_575,1_102581,D Line,1_800600300,1_6093,1775549400,1775549673,default
1775549603,1_10912,1_100223,43,1_800586740,1_4508,1775549112,1775549766,default
1775549603,1_10912,1_100447,49,1_801199360,1_8023493,1775548890,1775549801,default
1775549903,1_575,1_100089,2,1_788758370,1_8023474,1775550000,1775550000,default
1775549903,1_75850,1_102615,E Line,1_813078680,1_8025863,1775550069,1775550069,default
1775549903,1_10912,1_100447,49,1_801199360,1_8023493,1775548890,1775550086,default
1775550204,1_10912,1_100264,70,1_801593080,1_8026408,1775550385,1775550385,default
1775550204,1_10912,1_100223,43,1_800584590,1_8023397,1775549952,1775550398,default
1775550204,1_10912,1_100447,49,1_801199360,1_8023493,1775548890,1775550402,default
1775550504,1_99254,40_102758,570,40_816380110,40_8005273,1775551423,1775551423,default
1775550504,1_10912,1_100447,49,1_801199280,1_8023496,1775550690,1775550690,default
1775550804,1_99254,40_102758,570,40_816380110,40_8005273,1775551423,1775551423,default
1775551104,1_99254,40_102758,570,40_816380110,40_8005273,1775551423,1775551423,default
1775551404,1_52081,1_102736,H Line,1_732458620,1_7974901,1775551581,1775551581,default
1775551704,1_10912,1_100264,70,1_801592610,1_8209,1775551885,1775551885,default
1775552304,1_99254,40_102758,570,40_816380120,40_8005270,1775553223,1775553223,default
1775552304,1_10912,1_100447,49,1_801199270,1_8023489,1775552490,1775552500,default
1775552604,1_99254,40_102758,570,40_816380120,40_8005270,1775553223,1775553223,default
1775552904,1_99254,40_102758,570,40_816380120,40_8005270,1775553223,1775553223,default
1775553804,1_75890,1_102615,E Line,1_813078750,1_8025862,1775553848,1775553848,default
1775554104,1_99254,40_102758,570,40_816380130,40_8005272,1775555023,1775555023,default
1775554404,1_1190,1_100447,49,1_801199250,1_8023489,1775556173,1775556173,default
1775554404,1_99254,40_102758,570,40_816380140,40_8005271,1775556823,1775556823,default
1775556290,1_99254,40_102758,570,40_816380140,40_8005271,1775556823,1775556823,default
1775556891,1_7690,1_102615,E Line,1_813078640,1_8025863,1775557039,1775557039,default
1775557191,1_481,1_102736,H Line,1_732458600,1_7974901,1775557200,1775557200,default
1775557791,1_99254,40_102758,570,40_816380150,40_8005273,1775558623,1775558623,default
1775557791,1_10912,1_100447,49,1_801199240,1_4358,1775557890,1775557949,default
1775558091,1_575,1_100219,4,1_675347240,1_4389,1775558160,1775558160,default
1775558091,1_99254,40_102758,570,40_816380150,40_8005273,1775558623,1775558623,default
1775558391,1_99254,40_102758,570,40_816380150,40_8005273,1775558623,1775558623,default
1775559591,1_45670,1_100210,36,1_800582180,1_8023385,1775559684,1775559706,default
1775559591,1_59282,1_100072,181,1_815955210,1_8023815,1775562900,1775562900,default
1775559591,1_10912,1_100447,49,1_801199230,1_8023489,1775559690,1775559776,default
1775559891,1_57453,40_102734,566,40_597750610,40_7976586,1775562240,1775562240,default
1775559891,1_59282,1_100072,181,1_815955210,1_8023815,1775562900,1775562900,default
1775560191,1_60453,1_102715,162,1_635447070,1_7976013,1775562720,1775562720,default
1775560191,1_2850,1_100089,2,1_788757990,1_8023443,1775562420,1775562420,default
1775560191,1_57453,40_102734,566,40_597750610,40_7976586,1775562240,1775562240,default
1775560191,1_59282,1_100072,181,1_815955210,1_8023815,1775562900,1775562900,default
1775560191,1_59282,1_102717,165,1_800649560,1_8023767,1775562900,1775562900,default
1775560491,1_60453,1_102715,162,1_635447070,1_7976013,1775562720,1775562720,default
1775560491,1_2850,1_100089,2,1_788757990,1_8023443,1775562420,1775562420,default
1775560491,1_57453,40_102734,566,40_597750610,40_7976586,1775562240,1775562240,default
1775560491,1_59282,1_100072,181,1_815955210,1_8023815,1775562900,1775562900,default
1775560491,1_59282,1_102717,165,1_800649560,1_8023767,1775562900,1775562900,default
1775560791,1_60453,1_102715,162,1_635447070,1_7976013,1775562720,1775562720,default
1775560791,1_2850,1_100089,2,1_788757990,1_8023443,1775562420,1775562420,default
1775560791,1_57453,40_102734,566,40_597750610,40_7976586,1775562240,1775562240,default
1775560791,1_59282,1_100072,181,1_815955210,1_8023815,1775562900,1775562900,default
1775560791,1_59282,1_102717,165,1_800649560,1_8023767,1775562900,1775562900,default
1775560791,1_59282,1_100072,181,1_721481720,1_7976141,1775564340,1775564340,default
1775560791,1_10640,1_100252,62,1_800855800,1_8024961,1775562240,1775562240,default
1775561091,1_60453,1_102715,162,1_635447070,1_7976013,1775562720,1775562720,default
1775561091,1_2850,1_100089,2,1_788757990,1_8023443,1775562420,1775562420,default
1775561091,1_57453,40_102734,566,40_597750610,40_7976586,1775562240,1775562240,default
1775561091,1_52306,1_102619,F Line,1_635448310,1_7976142,1775562240,1775562240,default
1775561091,1_99254,40_590,590,40_689020,40_9301,1775561236,1775561235,default
1775561091,1_59282,1_100072,181,1_815955210,1_8023815,1775562900,1775562900,default
1775561091,1_59282,1_102717,165,1_800649560,1_8023767,1775562900,1775562900,default
1775561091,1_59282,1_100072,181,1_721481720,1_7976141,1775564340,1775564340,default
1775561091,1_10640,1_100252,62,1_800855800,1_8024961,1775562240,1775562240,default
1775561391,1_60453,1_102715,162,1_635447070,1_7976013,1775562720,1775562720,default
1775561391,1_575,1_100219,4,1_689911010,1_4394,1775561460,1775561460,default
1775561391,1_2850,1_100089,2,1_788757990,1_8023443,1775562420,1775562420,default
1775561391,1_57453,40_102734,566,40_597750610,40_7976586,1775562240,1775562240,default
1775561391,1_52306,1_102619,F Line,1_635448310,1_7976142,1775562240,1775562240,default
1775561391,1_59282,1_100072,181,1_815955210,1_8023815,1775562900,1775562900,default
1775561391,1_59282,1_102717,165,1_800649560,1_8023767,1775562900,1775562900,default
1775561391,1_59282,1_100072,181,1_721481720,1_7976141,1775564340,1775564340,default
1775561391,1_620,40_590,590,40_689020,40_9301,1775561580,1775561579,default
1775561391,1_10640,1_100252,62,1_800855800,1_8024961,1775562240,1775562240,default
1775561691,1_60453,1_102715,162,1_635447070,1_7976013,1775562720,1775562720,default
1775561691,1_2850,1_100089,2,1_788757990,1_8023443,1775562420,1775562420,default
1775561691,1_57453,40_102734,566,40_597750610,40_7976586,1775562240,1775562240,default
1775561691,1_52306,1_102619,F Line,1_635448310,1_7976142,1775562240,1775562240,default
1775561691,1_59282,1_100072,181,1_815955210,1_8023815,1775562900,1775562900,default
1775561691,1_59282,1_102717,165,1_800649560,1_8023767,1775562900,1775562900,default
1775561691,1_59282,1_102717,165,1_800649570,1_8023733,1775564280,1775564280,default
1775561691,1_59282,1_100072,181,1_721481720,1_7976141,1775564340,1775564340,default
1775561691,1_10640,1_100252,62,1_800855800,1_8024961,1775562240,1775562240,default
1775561991,1_60453,1_102715,162,1_635447070,1_7976013,1775562720,1775562720,default
1775561991,1_60453,1_102715,162,1_635447080,1_7976026,1775563920,1775563920,default
1775561991,1_575,1_100264,70,1_801594440,1_8231,1775562060,1775562060,default
1775561991,1_2850,1_100089,2,1_788757990,1_8023443,1775562420,1775562420,default
1775561991,1_57453,40_102734,566,40_597750610,40_7976586,1775562240,1775562240,default
1775561991,1_57453,1_100060,168,1_664460500,1_7976127,1775565000,1775565000,default
1775561991,1_52306,1_102619,F Line,1_635448310,1_7976142,1775562240,1775562240,default
1775561991,1_59282,1_100072,181,1_815955210,1_8023815,1775562900,1775562900,default
1775561991,1_59282,1_102717,165,1_800649560,1_8023767,1775562900,1775562900,default
1775561991,1_59282,1_102717,165,1_800649570,1_8023733,1775564280,1775564280,default
1775561991,1_59282,1_100072,181,1_721481720,1_7976141,1775564340,1775564340,default
1775561991,1_10640,1_100252,62,1_800855800,1_8024961,1775562240,1775562240,default
1775561991,1_10640,1_100252,62,1_800855810,1_8024956,1775564040,1775564040,default
1775562291,1_60453,1_102715,162,1_635447070,1_7976013,1775562720,1775562720,default
1775562291,1_60453,1_102715,162,1_635447080,1_7976026,1775563920,1775563920,default
1775562291,1_575,1_100219,4,1_689911020,1_4316,1775562360,1775562360,default
1775562291,1_2850,1_100089,2,1_788757990,1_8023443,1775562420,1775562420,default
1775562291,1_57453,1_100060,168,1_664460500,1_7976127,1775565000,1775565000,default
1775562291,1_99254,40_590,590,40_3503020,40_9722,1775562436,1775562449,default
1775562291,1_59282,1_100072,181,1_815955210,1_8023815,1775562900,1775562900,default
1775562291,1_59282,1_102717,165,1_800649560,1_8023767,1775562900,1775562900,default
1775562291,1_59282,1_102717,165,1_800649570,1_8023733,1775564280,1775564280,default
1775562291,1_59282,1_100072,181,1_721481720,1_7976141,1775564340,1775564340,default
1775562291,1_41370,1_100219,4,1_689911010,1_7974864,1775562426,1775562426,default
1775562291,1_10640,1_100252,62,1_800855810,1_8024956,1775564040,1775564040,default
1775562291,1_10640,1_100252,62,1_800855820,1_8024957,1775565840,1775565840,default
1775562591,1_60453,1_102715,162,1_635447070,1_7976013,1775562720,1775562720,default
1775562591,1_60453,1_102715,162,1_635447080,1_7976026,1775563920,1775563920,default
1775562591,1_57453,1_100060,168,1_664460500,1_7976127,1775565000,1775565000,default
1775562591,1_59282,1_100072,181,1_815955210,1_8023815,1775562900,1775562900,default
1775562591,1_59282,1_102717,165,1_800649560,1_8023767,1775562900,1775562900,default
1775562591,1_59282,1_102717,165,1_800649570,1_8023733,1775564280,1775564280,default
1775562591,1_59282,1_100072,181,1_721481720,1_7976141,1775564340,1775564340,default
1775562591,1_50787,1_100074,183,1_810733350,1_7125,1775562780,1775562780,default
1775562591,1_620,40_590,590,40_3503020,40_9722,1775562780,1775562775,default
1775562591,1_620,40_100240,554,40_774868060,40_7976691,1775562900,1775562900,default
1775562591,1_71960,40_100511,542,40_721030910,40_7976607,1775564460,1775564460,default
1775562591,1_10640,1_100252,62,1_800855810,1_8024956,1775564040,1775564040,default
1775562591,1_10640,1_100252,62,1_800855820,1_8024957,1775565840,1775565840,default
1775562891,1_60453,1_102715,162,1_635447080,1_7976026,1775563920,1775563920,default
1775562891,1_60453,1_102715,162,1_664468640,1_7975993,1775565120,1775565120,default
1775562891,1_46505,1_102619,F Line,1_656236480,1_7975992,1775564580,1775564580,default
1775562891,1_57453,1_100060,168,1_664460500,1_7976127,1775565000,1775565043,default
1775562891,1_59282,1_102717,165,1_800649570,1_8023733,1775564280,1775564280,default
1775562891,1_59282,1_100072,181,1_721481720,1_7976141,1775564340,1775564340,default
1775562891,1_71960,40_100511,542,40_721030910,40_7976607,1775564460,1775564460,default
1775562891,1_10640,1_100252,62,1_800855810,1_8024956,1775564040,1775564040,default
1775562891,1_10640,1_100252,62,1_800855820,1_8024957,1775565840,1775565840,default
1775564299,1_103,1_102745,G Line,1_736437060,1_7974684,1775564323,1775564323,default
1775564299,1_60161,1_100042,148,1_762076990,1_7976053,1775565900,1775565900,default
1775564299,1_60453,1_102715,162,1_664468640,1_7975993,1775565120,1775565120,default
1775564299,1_575,1_100264,70,1_801594350,1_8251,1775564340,1775564340,default
1775564299,1_46505,1_102619,F Line,1_656236480,1_7975992,1775564580,1775564580,default
1775564299,1_57453,40_102734,566,40_597751250,40_7976588,1775564880,1775564880,default
1775564299,1_57453,1_100060,168,1_664460500,1_7976127,1775565000,1775565000,default
1775564299,1_52306,1_102619,F Line,1_694520790,1_7976083,1775564400,1775564400,default
1775564299,1_52306,1_102619,F Line,1_694521050,1_7976226,1775565300,1775565300,default
1775564299,1_59282,1_102717,165,1_800649580,1_8023842,1775565480,1775565480,default
1775564299,1_59282,1_100072,181,1_770986350,1_7976082,1775565840,1775565840,default
1775564299,1_59282,1_100072,181,1_721481600,1_7976015,1775567040,1775567040,default
1775564299,1_620,40_100240,554,40_774869050,40_7976697,1775564520,1775564520,default
1775564299,1_620,40_590,590,40_1986020,40_9122,1775564580,1775564577,default
1775564299,1_10912,1_100162,271,1_569495650,1_7976347,1775565480,1775565480,default
1775564299,1_10640,1_100252,62,1_800855820,1_8024957,1775565840,1775565840,default
1775564478,1_481,1_102576,C Line,1_800870050,1_8024969,1775564520,1775564520,default
1775564478,1_60161,1_100042,148,1_762076990,1_7976053,1775565900,1775565900,default
1775564478,1_60453,1_102715,162,1_664468640,1_7975993,1775565120,1775565120,default
1775564478,1_60453,1_102715,162,1_664468650,1_7976113,1775566920,1775566920,default
1775564478,1_575,1_100219,4,1_675345000,1_7974885,1775564520,1775564520,default
1775564478,1_46505,1_102619,F Line,1_656236480,1_6236,1775564580,1775564580,default
1775564478,1_46505,1_102619,F Line,1_656236480,1_7975992,1775564580,1775564580,default
1775564478,1_27420,23_102638,First Hill Streetcar,23_55295669,block_7769570_schedBasedVehicle,1775564760,1775564679,default
1775564478,1_57453,40_102734,566,40_597751250,40_7976588,1775564880,1775564880,default
1775564478,1_57453,1_100060,168,1_664460500,1_7976127,1775565000,1775565000,default
1775564478,1_57453,1_100060,168,1_664460530,1_7976210,1775566800,1775566800,default
1775564478,1_78002,1_102703,231,1_633061840,1_7976335,1775564451,1775564546,default
1775564478,1_52306,1_102619,F Line,1_694521050,1_7976226,1775565300,1775565300,default
1775564478,1_73368,1_100136,245,1_765953060,1_7976345,1775564588,1775564588,default
1775564478,1_2200,1_102581,D Line,1_732750550,1_7974918,1775564639,1775564639,default
1775564478,1_59282,1_102717,165,1_800649580,1_8023842,1775565480,1775565480,default
1775564478,1_59282,1_100072,181,1_770986350,1_7976082,1775565840,1775565840,default
1775564478,1_59282,1_100072,181,1_721481600,1_7976015,1775567040,1775567040,default
1775564478,1_10912,1_100264,70,1_801594330,1_8231,1775564605,1775564653,default
1775564478,1_10912,1_100162,271,1_569495650,1_7976347,1775565480,1775565480,default
1775564478,1_71960,40_100511,542,40_721030940,40_7976602,1775565840,1775565840,default
1775564478,1_10640,1_100252,62,1_800855820,1_8024957,1775565840,1775565840,default
1775564778,1_60161,1_100042,148,1_762076990,1_7976053,1775565900,1775565900,default
1775564778,1_60453,1_102715,162,1_664468640,1_7975993,1775565120,1775565120,default
1775564778,1_60453,1_102715,162,1_664468650,1_7976113,1775566920,1775566920,default
1775564778,1_46505,1_102619,F Line,1_635448970,1_7976000,1775566680,1775566680,default
1775564778,1_57453,40_102734,566,40_597751250,40_9688,1775564880,1775564378,default
1775564778,1_57453,1_100060,168,1_664460500,1_7976127,1775565000,1775565000,default
1775564778,1_57453,1_100060,168,1_664460530,1_7976210,1775566800,1775566905,default
1775564778,1_11569,1_100002,10,1_675385340,1_7974875,1775564867,1775564867,default
1775564778,1_52306,1_102619,F Line,1_694521050,1_7976226,1775565300,1775565300,default
1775564778,1_59282,1_102717,165,1_800649580,1_8023842,1775565480,1775565480,default
1775564778,1_59282,1_100072,181,1_770986350,1_7976082,1775565840,1775565840,default
1775564778,1_59282,1_100072,181,1_721481600,1_7976015,1775567040,1775567040,default
1775564778,1_50787,1_100074,183,1_810733360,1_7064,1775565000,1775565000,default
1775564778,1_10912,1_100162,271,1_569495650,1_7976347,1775565480,1775565480,default
1775564778,1_71960,40_100511,542,40_721030940,40_7976602,1775565840,1775565840,default
1775564778,1_10640,1_100252,62,1_800855820,1_8024957,1775565840,1775565840,default
1775564778,1_10640,1_100252,62,1_800855830,1_8025077,1775566740,1775566740,default
1775565078,1_60161,1_100042,148,1_762076990,1_7976053,1775565900,1775565900,default
1775565078,1_60453,1_102715,162,1_664468640,1_7315,1775565120,1775564792,default
1775565078,1_60453,1_102715,162,1_664468640,1_7975993,1775565120,1775565120,default
1775565078,1_60453,1_102715,162,1_664468650,1_7976113,1775566920,1775566920,default
1775565078,1_2850,1_100089,2,1_788758000,1_7091,1775565420,1775563527,default
1775565078,1_46505,1_102619,F Line,1_635448320,1_7976142,1775565780,1775565780,default
1775565078,1_46505,1_102619,F Line,1_635448970,1_7976000,1775566680,1775566680,default
1775565078,1_11590,1_100002,10,1_675385340,1_7974875,1775565158,1775565158,default
1775565078,1_57453,1_100060,168,1_664460530,1_7976210,1775566800,1775566898,default
1775565078,1_11200,1_100447,49,1_801235640,1_8023497,1775565180,1775565180,default
1775565078,1_52306,1_102619,F Line,1_694521050,1_7976226,1775565300,1775565300,default
1775565078,1_52306,1_102619,F Line,1_694521160,1_7975997,1775566200,1775566200,default
1775565078,1_41940,1_100249,60,1_801584870,1_8025825,1775565198,1775565198,default
1775565078,1_57804,1_100072,181,1_721481430,1_7976081,1775565682,1775565682,default
1775565078,1_59282,1_102717,165,1_800649580,1_8023842,1775565480,1775565480,default
1775565078,1_59282,1_100072,181,1_770986350,1_7976082,1775565840,1775565840,default
1775565078,1_59282,1_100072,181,1_721481600,1_7976015,1775567040,1775567040,default
1775565078,1_60710,1_100512,A Line,1_800643090,1_8023718,1775565264,1775565264,default
1775565078,1_57791,1_102718,184,1_664464210,1_7975994,1775565323,1775565355,default
1775565078,1_10912,1_100162,271,1_569495650,1_7976347,1775565480,1775565480,default
1775565078,1_71960,40_100511,542,40_721030940,40_7976602,1775565840,1775565840,default
1775565078,1_49810,1_100031,132,1_800858370,1_8024989,1775565241,1775565241,default
1775565078,1_10640,1_100252,62,1_800855820,1_8024957,1775565840,1775565840,default
1775565078,1_10640,1_100252,62,1_800855830,1_8025077,1775566740,1775566740,default
1775565378,1_481,1_102576,C Line,1_800870060,1_8024966,1775565420,1775565420,default
1775565378,1_60161,1_100042,148,1_762076990,1_7976053,1775565900,1775565900,default
1775565378,1_60161,1_100042,148,1_762077410,1_7976051,1775567700,1775567700,default
1775565378,1_60453,1_102715,162,1_664468650,1_7976113,1775566920,1775566920,default
1775565378,1_575,1_100219,4,1_675345010,1_7974886,1775565420,1775565420,default
1775565378,1_575,1_100089,2,1_788758820,1_7117,1775565420,1775565420,default
1775565378,1_2850,1_100089,2,1_788758000,1_7091,1775565420,1775563527,default
1775565378,1_46505,1_102619,F Line,1_635448320,1_7976142,1775565780,1775565780,default
1775565378,1_46505,1_102619,F Line,1_635448970,1_7976000,1775566680,1775566680,default
1775565378,1_27420,23_102638,First Hill Streetcar,23_55295670,block_7769571_schedBasedVehicle,1775565660,1775565549,default
1775565378,1_57453,1_100060,168,1_664460530,1_7976210,1775566800,1775566970,default
1775565378,1_57453,1_100060,168,1_635439020,1_7976212,1775568600,1775568600,default
1775565378,1_45460,1_100006,107,1_800656270,1_8023887,1775565455,1775565455,default
1775565378,1_52306,1_102619,F Line,1_694521160,1_7975997,1775566200,1775566200,default
1775565378,1_99254,40_590,590,40_3725020,40_9307,1775565556,1775565542,default
1775565378,1_57804,1_100072,181,1_721481430,1_7976081,1775565682,1775565682,default
1775565378,1_59282,1_100072,181,1_770986350,1_7976082,1775565840,1775565840,default
1775565378,1_59282,1_100072,181,1_721481600,1_7976015,1775567040,1775567040,default
1775565378,1_85531,1_102757,187,1_762094800,1_7976069,1775565600,1775565600,default
1775565378,1_57420,1_102720,160,1_770988640,1_7976105,1775565546,1775565546,default
1775565378,1_10912,1_100162,271,1_585519130,1_7976348,1775566980,1775566980,default
1775565378,1_71960,40_100511,542,40_721030940,40_7976602,1775565840,1775565840,default
1775565378,1_10640,1_100252,62,1_800855820,1_8024957,1775565840,1775565840,default
1775565378,1_10640,1_100252,62,1_800855830,1_8025077,1775566740,1775566740,default
1775565378,1_10640,1_100252,62,1_800855840,1_8025066,1775567640,1775567640,default
1775565678,1_60161,1_100042,148,1_762076990,1_7976053,1775565900,1775565900,default
1775565678,1_60161,1_100042,148,1_762077410,1_7976051,1775567700,1775567700,default
1775565678,1_60453,1_102715,162,1_664468650,1_7976113,1775566920,1775566920,default
1775565678,1_575,1_100024,125,1_721357600,1_7974702,1775565720,1775565720,default
1775565678,1_46505,1_102619,F Line,1_635448320,1_7976142,1775565780,1775565780,default
1775565678,1_46505,1_102619,F Line,1_635448970,1_7976000,1775566680,1775566680,default
1775565678,1_46505,1_102619,F Line,1_635449240,1_7976074,1775567280,1775567280,default
1775565678,1_57453,1_100060,168,1_664460530,1_7976210,1775566800,1775566889,default
1775565678,1_57453,1_100060,168,1_635439020,1_7976212,1775568600,1775568600,default
1775565678,1_52306,1_102619,F Line,1_694521160,1_7975997,1775566200,1775566200,default
1775565678,1_21080,1_100249,60,1_801584930,1_7029,1775565840,1775565844,default
1775565678,1_59282,1_100072,181,1_770986350,1_7129,1775565840,1775565554,default
1775565678,1_59282,1_100072,181,1_770986350,1_7976082,1775565840,1775565840,default
1775565678,1_59282,1_100072,181,1_721481600,1_7976015,1775567040,1775567040,default
1775565678,1_59282,1_102717,165,1_800649600,1_8023877,1775567940,1775567940,default
1775565678,1_59936,1_102720,160,1_800650290,1_7197,1775565826,1775565826,default
1775565678,1_620,40_590,590,40_3725020,40_9307,1775565900,1775565886,default
1775565678,1_620,40_100239,550,40_597754060,40_7976645,1775566200,1775566200,default
1775565678,1_10912,1_100224,44,1_562536520,1_7974923,1775565865,1775565865,default
1775565678,1_10912,1_100264,70,1_801594320,1_8026411,1775565745,1775565868,default
1775565678,1_10912,1_100162,271,1_585519130,1_7976348,1775566980,1775566980,default
1775565678,1_71960,40_100511,542,40_721030940,40_7976602,1775565840,1775565840,default
1775565678,1_81982,1_102746,333,1_778704410,1_7217,1775565879,1775565879,default
1775565678,1_10640,1_100252,62,1_800855830,1_8025077,1775566740,1775566740,default
1775565678,1_10640,1_100252,62,1_800855840,1_8025066,1775567640,1775567640,default
1775565678,1_25210,1_100225,45,1_803349890,1_8110,1775565847,1775565847,default
1775565978,1_46791,1_100016,118,1_635461240,1_7976006,1775566200,1775566200,default
1775565978,1_60161,1_100042,148,1_762077410,1_7976051,1775567700,1775567700,default
1775565978,1_8541,1_100263,7,1_650171970,1_4525,1775566020,1775566020,default
1775565978,1_49150,1_100489,156,1_800647100,1_8023869,1775566004,1775566004,default
1775565978,1_60453,1_102715,162,1_664468650,1_7976113,1775566920,1775566920,default
1775565978,1_320,40_100239,550,40_597752050,40_9806,1775565900,1775566047,default
1775565978,1_68784,1_100136,245,1_761787060,1_7976371,1775566019,1775566019,default
1775565978,1_575,1_102576,C Line,1_800869250,1_8024967,1775566080,1775566080,default
1775565978,1_46505,1_102619,F Line,1_635448970,1_7976000,1775566680,1775566680,default
1775565978,1_46505,1_102619,F Line,1_635449240,1_7976074,1775567280,1775567280,default
1775565978,1_89990,1_100203,346,1_724962440,1_7975603,1775566018,1775566018,default
1775565978,1_57453,1_100060,168,1_664460530,1_7976210,1775566800,1775566902,default
1775565978,1_57453,1_100060,168,1_635439020,1_7976212,1775568600,1775568600,default
1775565978,1_75770,1_102615,E Line,1_761423810,1_6115,1775566509,1775565963,default
1775565978,1_52306,1_102619,F Line,1_694521160,1_7975997,1775566200,1775566200,default
1775565978,1_99254,40_590,590,40_2979020,40_9720,1775566096,1775566086,default
1775565978,1_17950,1_100062,17,1_651754470,1_7974580,1775567880,1775567880,default
1775565978,1_59282,1_102717,165,1_800649590,1_7061,1775566800,1775565802,default
1775565978,1_59282,1_100072,181,1_721481600,1_7976015,1775567040,1775567040,default
1775565978,1_59282,1_102717,165,1_800649600,1_8023877,1775567940,1775567940,default
1775565978,1_60710,1_100512,A Line,1_800643100,1_8023719,1775566164,1775566164,default
1775565978,1_620,40_100240,554,40_774868680,40_7976692,1775566140,1775566140,default
1775565978,1_620,40_100239,550,40_597754060,40_7976645,1775566200,1775566200,default
1775565978,1_16990,1_102744,365,1_774126100,1_7975638,1775566137,1775566137,default
1775565978,1_10912,1_100162,271,1_585519130,1_7976348,1775566980,1775566980,default
1775565978,1_10912,40_100511,542,40_569563230,40_7976607,1775567640,1775567640,default
1775565978,1_10640,1_100252,62,1_800855830,1_8025077,1775566740,1775566740,default
1775565978,1_10640,1_100252,62,1_800855840,1_8025066,1775567640,1775567640,default
1775565978,1_76310,40_100232,522,40_635897130,40_7976743,1775566202,1775566202,default
1775566278,1_481,1_102576,C Line,1_800869530,1_8024970,1775566320,1775566320,default
1775566278,1_11870,1_100039,14,1_562518410,1_7974988,1775566167,1775566308,default
1775566278,1_60161,1_100042,148,1_762077410,1_7976051,1775567700,1775567700,default
1775566278,1_60453,1_102715,162,1_664468650,1_7976113,1775566920,1775566920,default
1775566278,1_575,1_100219,4,1_675345020,1_7974869,1775566320,1775566320,default
1775566278,1_575,1_100001,1,1_562518430,1_7974977,1775566320,1775566320,default
1775566278,1_2850,1_100089,2,1_788758010,1_7119,1775567220,1775566002,default
1775566278,1_46505,1_102619,F Line,1_635448970,1_7976000,1775566680,1775566680,default
1775566278,1_46505,1_102619,F Line,1_635449240,1_7976074,1775567280,1775567280,default
1775566278,1_29423,1_102732,79,1_816446280,1_8022070,1775568300,1775568300,default
1775566278,1_13810,1_102581,D Line,1_732750280,1_7975592,1775566341,1775566341,default
1775566278,1_27290,1_100161,27,1_759817270,1_7974629,1775566350,1775566350,default
1775566278,1_57453,1_100060,168,1_664460530,1_7976210,1775566800,1775566913,default
1775566278,1_57453,1_100060,168,1_635439020,1_7976212,1775568600,1775568600,default
1775566278,1_52306,1_102619,F Line,1_635449090,1_7976017,1775567100,1775567100,default
1775566278,1_17950,1_100062,17,1_651754470,1_7974580,1775567880,1775567880,default
1775566278,1_73368,1_100136,245,1_761787060,1_7976371,1775566388,1775566388,default
1775566278,1_59282,1_102717,165,1_800649590,1_7061,1775566800,1775565802,default
1775566278,1_59282,1_100072,181,1_721481600,1_7976015,1775567040,1775567040,default
1775566278,1_59282,1_102717,165,1_800649600,1_8023877,1775567940,1775567940,default
1775566278,1_59282,1_102717,165,1_800649610,1_8023881,1775569140,1775569140,default
1775566278,1_50787,1_100074,183,1_810698010,1_8023851,1775566440,1775566440,default
1775566278,1_620,40_590,590,40_2979020,40_9720,1775566440,1775566437,default
1775566278,1_10912,1_100162,271,1_585519130,1_7976348,1775566980,1775566980,default
1775566278,1_10912,40_100511,542,40_569563230,40_7976607,1775567640,1775567640,default
1775566278,1_71960,40_100511,542,40_721030780,40_7976603,1775567820,1775567820,default
1775566278,1_10640,1_100252,62,1_800855830,1_8025077,1775566740,1775566740,default
1775566278,1_10640,1_100252,62,1_800855840,1_8025066,1775567640,1775567640,default
1775566278,1_10640,1_100252,62,1_800855850,1_8025081,1775568540,1775568540,default
1775566579,1_60161,1_100042,148,1_762077410,1_7976051,1775567700,1775567700,default
1775566579,1_8541,1_100263,7,1_650171980,1_7974938,1775566620,1775566656,default
1775566579,1_60453,1_102715,162,1_664468650,1_7976113,1775566920,1775566920,default
1775566579,1_60453,1_102715,162,1_693754380,1_7976115,1775568720,1775568720,default
1775566579,1_60453,1_102715,162,1_693754390,1_7976013,1775570100,1775570100,default
1775566579,1_2850,1_100089,2,1_788758010,1_7119,1775567220,1775566002,default
1775566579,1_46505,1_102619,F Line,1_635448970,1_7976000,1775566680,1775566680,default
1775566579,1_46505,1_102619,F Line,1_635449240,1_7976074,1775567280,1775567280,default
1775566579,1_29423,1_102732,79,1_816446280,1_8022070,1775568300,1775568300,default
1775566579,1_57453,1_100060,168,1_664460530,1_7976210,1775566800,1775566885,default
1775566579,1_57453,1_100060,168,1_635439020,1_7976212,1775568600,1775568769,default
1775566579,1_73366,1_102548,B Line,1_721018210,1_7976621,1775566680,1775566680,default
1775566579,1_11569,1_100002,10,1_675385350,1_7974882,1775566667,1775566667,default
1775566579,1_52306,1_102619,F Line,1_635449090,1_7976017,1775567100,1775567100,default
1775566579,1_99254,40_590,590,40_2020,40_9220,1775566696,1775566690,default
1775566579,1_17950,1_100062,17,1_651754470,1_7974580,1775567880,1775567880,default
1775566579,1_57804,1_100072,181,1_721490210,1_7976033,1775567182,1775567182,default
1775566579,1_59282,1_102717,165,1_800649590,1_7061,1775566800,1775565802,default
1775566579,1_59282,1_100072,181,1_721481600,1_7976015,1775567040,1775567040,default
1775566579,1_59282,1_102717,165,1_800649600,1_8023877,1775567940,1775567940,default
1775566579,1_59282,1_102717,165,1_800649610,1_8023881,1775569140,1775569140,default
1775566579,1_10912,1_100162,271,1_585519130,1_7976348,1775566980,1775566980,default
1775566579,1_10912,40_100511,542,40_569563230,40_7976607,1775567640,1775567640,default
1775566579,1_71960,40_100511,542,40_721030780,40_7976603,1775567820,1775567820,default
1775566579,1_10640,1_100252,62,1_800855840,1_8025066,1775567640,1775567640,default
1775566579,1_10640,1_100252,62,1_800855850,1_8025081,1775568540,1775568540,default
1775566879,1_55290,1_100006,107,1_800645710,1_8023770,1775566894,1775566894,default
1775566879,1_60161,1_100042,148,1_762077410,1_7976051,1775567700,1775567700,default
1775566879,1_970,40_578,578,40_1203020,40_9727,1775566947,1775566946,default
1775566879,1_60453,1_102715,162,1_664468650,1_7451,1775566920,1775566676,default
1775566879,1_60453,1_102715,162,1_664468650,1_7976113,1775566920,1775566920,default
1775566879,1_60453,1_102715,162,1_693754380,1_7976115,1775568720,1775568720,default
1775566879,1_60453,1_102715,162,1_693754390,1_7976013,1775570100,1775570100,default
1775566879,1_2850,1_100089,2,1_788758010,1_7119,1775567220,1775566002,default
1775566879,1_46505,1_102619,F Line,1_635449240,1_7976074,1775567280,1775567280,default
1775566879,1_46505,1_102619,F Line,1_635449510,1_7975996,1775568480,1775568480,default
1775566879,1_29423,1_102732,79,1_816446280,1_8022070,1775568300,1775568300,default
1775566879,1_27420,1_100161,27,1_759817270,1_7974629,1775566954,1775566954,default
1775566879,1_11590,1_100002,10,1_675385350,1_7974882,1775566958,1775566958,default
1775566879,1_23530,1_100259,67,1_724948570,1_7975714,1775566935,1775566935,default
1775566879,1_57453,1_100060,168,1_635439020,1_7976212,1775568600,1775568846,default
1775566879,1_57453,1_100060,168,1_635438980,1_7976209,1775570400,1775570400,default
1775566879,1_52306,1_102619,F Line,1_635449090,1_7976017,1775567100,1775567100,default
1775566879,1_52306,1_102619,F Line,1_656237160,1_7976085,1775568000,1775568000,default
1775566879,1_25980,1_100254,65,1_778693840,1_7975673,1775566980,1775566980,default
1775566879,1_17950,1_100062,17,1_651754470,1_7974580,1775567880,1775567880,default
1775566879,1_57804,1_100072,181,1_721490210,1_7976033,1775567182,1775567182,default
1775566879,1_59282,1_100072,181,1_721481600,1_7345,1775567040,1775567040,default
1775566879,1_59282,1_100072,181,1_721481600,1_7976015,1775567040,1775567040,default
1775566879,1_59282,1_102717,165,1_800649600,1_8023877,1775567940,1775567940,default
1775566879,1_59282,1_102717,165,1_800649610,1_8023881,1775569140,1775569140,default
1775566879,1_59872,1_102619,F Line,1_694521050,1_7976226,1775567032,1775567032,default
1775566879,1_60710,1_100512,A Line,1_800643110,1_8023745,1775567064,1775567064,default
1775566879,1_620,40_590,590,40_2020,40_9220,1775567040,1775567034,default
1775566879,1_10912,40_100511,542,40_569563230,40_7976607,1775567640,1775567640,default
1775566879,1_10912,1_100162,271,1_585518960,1_7976343,1775568780,1775568780,default
1775566879,1_71960,40_100511,542,40_721030780,40_7976603,1775567820,1775567820,default
1775566879,1_10640,1_100252,62,1_800855840,1_8025066,1775567640,1775567640,default
1775566879,1_10640,1_100252,62,1_800855850,1_8025081,1775568540,1775568540,default
1775566879,1_76310,40_100232,522,40_635897440,40_7976770,1775567055,1775567055,default
1775567179,1_481,1_102576,C Line,1_800869380,1_8024965,1775567220,1775567220,default
1775567179,1_60161,1_100042,148,1_762077410,1_7976051,1775567700,1775567700,default
1775567179,1_60453,1_102715,162,1_693754380,1_7976115,1775568720,1775568720,default
1775567179,1_60453,1_102715,162,1_693754390,1_7976013,1775570100,1775570100,default
1775567179,1_575,1_100219,4,1_675345030,1_7974864,1775567220,1775567220,default
1775567179,1_2850,1_100089,2,1_788758010,1_7119,1775567220,1775566002,default
1775567179,1_46505,1_102619,F Line,1_635449240,1_7976074,1775567280,1775567280,default
1775567179,1_46505,1_102619,F Line,1_635448470,1_7976083,1775567880,1775567880,default
1775567179,1_46505,1_102619,F Line,1_635449510,1_7975996,1775568480,1775568480,default
1775567179,1_29423,1_102732,79,1_816446280,1_8022070,1775568300,1775568300,default
1775567179,1_57453,1_100060,168,1_635439020,1_7976212,1775568600,1775568820,default
1775567179,1_57453,1_100060,168,1_635438980,1_7976209,1775570400,1775570400,default
1775567179,1_1510,1_100005,106,1_727785880,1_7975010,1775567253,1775567253,default
1775567179,1_52306,1_102619,F Line,1_656237160,1_7976085,1775568000,1775568000,default
1775567179,1_32013,1_100246,57,1_801580930,1_8025806,1775569200,1775569200,default
1775567179,1_40030,1_102574,40,1_811901460,1_8229,1775567180,1775567292,default
1775567179,1_17950,1_100062,17,1_651754470,1_7974580,1775567880,1775567880,default
1775567179,1_38220,1_100214,372,1_694305780,1_7976749,1775567318,1775567318,default
1775567179,1_59282,1_100072,181,1_721481900,1_7164,1775568240,1775566870,default
1775567179,1_59282,1_102717,165,1_800649600,1_8023877,1775567940,1775567940,default
1775567179,1_59282,1_102717,165,1_800649610,1_8023881,1775569140,1775569140,default
1775567179,1_620,1_100104,212,1_774865860,1_7976679,1775567460,1775567460,default
1775567179,1_10912,40_100511,542,40_569563230,40_9687,1775567640,1775567023,default
1775567179,1_10912,1_100162,271,1_585518960,1_7976343,1775568780,1775568780,default
1775567179,1_10912,40_100511,542,40_569560200,40_7976602,1775569440,1775569440,default
1775567179,1_71960,40_100511,542,40_721030780,40_7976603,1775567820,1775567820,default
1775567179,1_10640,1_100252,62,1_800855840,1_8025066,1775567640,1775567640,default
1775567179,1_10640,1_100252,62,1_800855850,1_8025081,1775568540,1775568540,default
1775567479,1_22196,1_102736,H Line,1_694057570,1_7974963,1775567526,-1,default
1775567479,1_26560,1_102574,40,1_811901720,1_8025887,1775567495,1775567495,default
1775567479,1_60161,1_100042,148,1_762077410,1_7976051,1775567700,1775567700,default
1775567479,1_60453,1_102715,162,1_693754380,1_7976115,1775568720,1775568720,default
1775567479,1_60453,1_102715,162,1_693754390,1_7976013,1775570100,1775570100,default
1775567479,1_46505,1_102619,F Line,1_635448470,1_7976083,1775567880,1775567880,default
1775567479,1_46505,1_102619,F Line,1_635449510,1_7975996,1775568480,1775568480,default
1775567479,1_29423,1_102732,79,1_816446280,1_8022070,1775568300,1775568300,default
1775567479,1_40060,1_102574,40,1_811901620,1_8026388,1775567545,1775567545,default
1775567479,1_57453,1_100060,168,1_635439020,1_7976212,1775568600,1775568893,default
1775567479,1_57453,1_100060,168,1_635438980,1_7976209,1775570400,1775570400,default
1775567479,1_77460,1_100205,348,1_771626840,1_7975646,1775567565,1775567565,default
1775567479,1_52306,1_102619,F Line,1_656237160,1_7976085,1775568000,1775568000,default
1775567479,1_52306,1_102619,F Line,1_656236500,1_7975992,1775568600,1775568600,default
1775567479,1_32013,1_100246,57,1_801580930,1_8025806,1775569200,1775569200,default
1775567479,1_8530,1_100039,14,1_562518470,1_7974989,1775567531,1775567610,default
1775567479,1_17950,1_100062,17,1_651754470,1_7974580,1775567880,1775567880,default
1775567479,1_40065,1_102574,40,1_811901620,1_8026388,1775567629,1775567629,default
1775567479,1_59282,1_100072,181,1_721481900,1_7164,1775568240,1775566870,default
1775567479,1_59282,1_102717,165,1_800649600,1_8023877,1775567940,1775567940,default
1775567479,1_59282,1_102717,165,1_800649610,1_8023881,1775569140,1775569140,default
1775567479,1_620,40_100236,545,40_806328550,40_8005193,1775567520,1775567745,default
1775567479,1_620,40_100239,550,40_597754840,40_7976646,1775568120,1775568120,default
1775567479,1_10912,40_100511,542,40_569563230,40_9687,1775567640,1775567640,default
1775567479,1_10912,1_100264,70,1_801594290,1_8026409,1775567665,1775567665,default
1775567479,1_10912,1_100162,271,1_585518960,1_7976343,1775568780,1775568780,default
1775567479,1_10912,40_100511,542,40_569560200,40_7976602,1775569440,1775569440,default
1775567479,1_71960,40_100511,542,40_721030780,40_7976603,1775567820,1775567820,default
1775567479,1_71960,40_100511,542,40_721031240,40_7976608,1775569080,1775569080,default
1775567479,1_81982,1_102746,333,1_778704850,1_7975726,1775567679,1775567679,default
1775567479,1_81982,1_102746,333,1_778704850,1_7209,1775567679,1775567679,default
1775567479,1_10640,1_100252,62,1_800855850,1_8025081,1775568540,1775568540,default
1775567479,1_10640,1_100252,62,1_800855870,1_8025067,1775569920,1775569920,default
1775567479,1_8403,1_100039,14,1_562518480,1_4366,1775567640,1775567707,default
1775567479,1_58144,1_102719,161,1_800652390,1_8023892,1775567648,1775567648,default
1775567779,1_5830,1_100229,5,1_809331870,1_8026439,1775567777,1775567803,default
1775567779,1_60161,1_100042,148,1_762076880,1_7976052,1775571180,1775571180,default
1775567779,1_8541,1_100005,106,1_727785700,1_7975008,1775567880,1775567820,default
1775567779,1_77752,1_102746,333,1_778703780,1_7975728,1775567811,1775567811,default
1775567779,1_60453,1_102715,162,1_693754380,1_7976115,1775568720,1775568720,default
1775567779,1_60453,1_102715,162,1_693754390,1_7976013,1775570100,1775570100,default
1775567779,1_575,1_102581,D Line,1_585675840,1_6092,1775567700,1775567843,default
1775567779,1_13830,1_102581,D Line,1_732750210,1_7975593,1775567854,1775567854,default
1775567779,1_46505,1_102619,F Line,1_635448470,1_7976083,1775567880,1775567880,default
1775567779,1_46505,1_102619,F Line,1_635449510,1_7975996,1775568480,1775568480,default
1775567779,1_29423,1_102732,79,1_816446280,1_8022070,1775568300,1775568300,default
1775567779,1_57453,1_100060,168,1_635439020,1_7976212,1775568600,1775568954,default
1775567779,1_57453,1_100060,168,1_635438980,1_7976209,1775570400,1775570400,default
1775567779,1_52306,1_102619,F Line,1_656237160,1_7976085,1775568000,1775568000,default
1775567779,1_52306,1_102619,F Line,1_656236500,1_7975992,1775568600,1775568600,default
1775567779,1_32013,1_100246,57,1_801580930,1_8025806,1775569200,1775569200,default
1775567779,1_25980,1_100254,65,1_778694200,1_7975678,1775567880,1775567880,default
1775567779,1_99254,40_595,595,40_3875020,40_9715,1775567879,1775567857,default
1775567779,1_45670,1_100210,36,1_800583520,1_4535,1775567812,1775567870,default
1775567779,1_17950,1_100062,17,1_651754470,1_8026,1775567880,1775567880,default
1775567779,1_17950,1_100062,17,1_651754470,1_7974580,1775567880,1775567880,default
1775567779,1_11060,1_100447,49,1_801235580,1_8023497,1775567893,1775567893,default
1775567779,1_57804,1_100072,181,1_721481760,1_7976037,1775568382,1775568382,default
1775567779,1_22184,1_100111,22,1_635462160,1_7976056,1775567916,1775567916,default
1775567779,1_59282,1_100072,181,1_721481900,1_7164,1775568240,1775566870,default
1775567779,1_59282,1_102717,165,1_800649600,1_8023877,1775567940,1775567940,default
1775567779,1_59282,1_102717,165,1_800649610,1_8023881,1775569140,1775569140,default
1775567779,1_32120,1_100345,987,1_785360680,1_8005289,1775569140,1775569140,default
1775567779,1_59872,1_102619,F Line,1_694521160,1_7975997,1775567932,1775567932,default
1775567779,1_19921,1_100101,21,1_809331880,1_8025841,1775567881,1775567935,default
1775567779,1_60710,1_100512,A Line,1_800643120,1_8023849,1775567975,1775567975,default
1775567779,1_620,40_100236,545,40_806326020,40_9672,1775568120,1775568028,default
1775567779,1_620,40_100239,550,40_597754840,40_7976646,1775568120,1775568120,default
1775567779,1_620,1_100104,212,1_774865870,1_7976677,1775568660,1775568660,default
1775567779,1_10912,1_100162,271,1_585518960,1_7976343,1775568780,1775568780,default
1775567779,1_10912,40_100511,542,40_569560200,40_7976602,1775569440,1775569440,default
1775567779,1_71960,40_100511,542,40_721031240,40_7976608,1775569080,1775569080,default
1775567779,1_10640,1_100252,62,1_800855850,1_8025081,1775568540,1775568540,default
1775567779,1_10640,1_100252,62,1_800855870,1_8025067,1775569920,1775569920,default
1775567779,1_8403,1_100039,14,1_562518450,1_7974978,1775568000,1775568000,default
1775568079,1_12170,1_100039,14,1_562518450,1_7974978,1775568195,1775568195,default
1775568079,1_481,1_102576,C Line,1_800868710,1_8024974,1775568120,1775568120,default
1775568079,1_22196,1_102736,H Line,1_694057460,1_7974892,1775568126,1775568126,default
1775568079,1_60161,1_100042,148,1_762076880,1_7976052,1775571180,1775571180,default
1775568079,1_60453,1_102715,162,1_693754380,1_7976115,1775568720,1775568720,default
1775568079,1_60453,1_102715,162,1_693754390,1_7976013,1775570100,1775570100,default
1775568079,1_60453,1_102715,162,1_693754400,1_7976026,1775571540,1775571540,default
1775568079,1_575,1_100219,4,1_675345040,1_7974884,1775568120,1775568120,default
1775568079,1_46505,1_102619,F Line,1_635449510,1_7975996,1775568480,1775568480,default
1775568079,1_29423,1_102732,79,1_816446280,1_8022070,1775568300,1775568300,default
1775568079,1_280,40_594,594,40_2332020,40_9303,1775568098,1775568143,default
1775568079,1_51471,1_102736,H Line,1_694057550,1_6116,1775568061,1775568130,default
1775568079,1_57453,1_100060,168,1_635439020,1_7976212,1775568600,1775568898,default
1775568079,1_57453,1_100060,168,1_635438980,1_7976209,1775570400,1775570400,default
1775568079,1_68130,1_102548,B Line,1_721017980,1_6042,1775568137,1775568137,default
1775568079,1_79877,1_100162,271,1_569495650,1_7976347,1775568152,1775568152,default
1775568079,1_73366,1_102548,B Line,1_721018360,1_7976623,1775568230,1775568230,default
1775568079,1_52306,1_100031,132,1_800858420,1_8024994,1775568180,1775568180,default
1775568079,1_52306,1_102619,F Line,1_656236500,1_7975992,1775568600,1775568600,default
1775568079,1_32013,1_100246,57,1_801580930,1_8025806,1775569200,1775569200,default
1775568079,1_32013,1_100246,57,1_801580910,1_8025809,1775571420,1775571420,default
1775568079,1_40030,1_102574,40,1_811901340,1_8244,1775568200,1775568200,default
1775568079,1_17950,1_100062,17,1_651754500,1_7974575,1775570280,1775570280,default
1775568079,1_57804,1_100072,181,1_721481760,1_7976037,1775568382,1775568382,default
1775568079,1_59282,1_100072,181,1_721481900,1_7164,1775568240,1775566870,default
1775568079,1_59282,1_102717,165,1_800649610,1_8023881,1775569140,1775569140,default
1775568079,1_32120,1_100345,987,1_785360680,1_8005289,1775569140,1775569140,default
1775568079,1_620,40_100240,554,40_774870300,40_7976706,1775568360,1775568360,default
1775568079,1_620,1_100104,212,1_774865870,1_7976677,1775568660,1775568660,default
1775568079,1_10912,1_100162,271,1_585518960,1_7976343,1775568780,1775568780,default
1775568079,1_10912,40_100511,542,40_569560200,40_7976602,1775569440,1775569440,default
1775568079,1_10912,1_100162,271,1_569495510,1_7976369,1775569920,1775569920,default
1775568079,1_10912,1_100162,271,1_569496460,1_7976349,1775570520,1775570520,default
1775568079,1_71960,40_100511,542,40_721031240,40_7976608,1775569080,1775569080,default
1775568079,1_83787,1_100072,181,1_770986350,1_7976082,1775568259,1775568259,default
1775568079,1_10640,1_100252,62,1_800855860,1_8000,1775569440,1775568065,default
1775568079,1_10640,1_100252,62,1_800855850,1_8025081,1775568540,1775568540,default
1775568079,1_10640,1_100252,62,1_800855870,1_8025067,1775569920,1775569920,default
1775568379,1_60161,1_100042,148,1_762077240,1_7976071,1775569500,1775569500,default
1775568379,1_60161,1_100042,148,1_762076880,1_7976052,1775571180,1775571180,default
1775568379,1_60453,1_102715,162,1_693754390,1_8135,1775570100,1775568301,default
1775568379,1_60453,1_102715,162,1_693754380,1_7976115,1775568720,1775568720,default
1775568379,1_60453,1_102715,162,1_693754390,1_7976013,1775570100,1775570100,default
1775568379,1_60453,1_102715,162,1_693754400,1_7976026,1775571540,1775571540,default
1775568379,1_575,1_102615,E Line,1_813076420,1_6217,1775568300,1775568424,default
1775568379,1_2850,1_100089,2,1_788758020,1_8023443,1775568900,1775568900,default
1775568379,1_46505,1_102619,F Line,1_635449510,1_7975996,1775568480,1775568480,default
1775568379,1_46505,1_102619,F Line,1_635448760,1_7976226,1775569080,1775569080,default
1775568379,1_46505,1_102619,F Line,1_635449560,1_7976034,1775570280,1775570280,default
1775568379,1_57453,1_100060,168,1_635439020,1_7976212,1775568600,1775568938,default
1775568379,1_57453,1_100060,168,1_635438980,1_7976209,1775570400,1775570400,default
1775568379,1_11569,1_100002,10,1_675385360,1_7974875,1775568501,1775568501,default
1775568379,1_52306,1_102619,F Line,1_656236500,1_7975992,1775568600,1775568600,default
1775568379,1_32013,1_100246,57,1_801580930,1_8025806,1775569200,1775569200,default
1775568379,1_32013,1_100246,57,1_801580910,1_8025809,1775571420,1775571420,default
1775568379,1_17950,1_100062,17,1_651754500,1_7974575,1775570280,1775570280,default
1775568379,1_73368,1_100136,245,1_761787390,1_7976344,1775568502,1775568502,default
1775568379,1_57650,1_102718,184,1_664464530,1_7976222,1775568519,1775568519,default
1775568379,1_22184,1_102736,H Line,1_694057590,1_7974893,1775568521,1775568521,default
1775568379,1_59282,1_102717,165,1_800649610,1_8023881,1775569140,1775569140,default
1775568379,1_23905,1_100214,372,1_694305850,1_7976750,1775568552,1775568552,default
1775568379,1_32120,1_100345,987,1_785360680,1_8005289,1775569140,1775569140,default
1775568379,1_620,1_100104,212,1_774865870,1_7976677,1775568660,1775568660,default
1775568379,1_10912,1_100162,271,1_585518960,1_7976343,1775568780,1775568780,default
1775568379,1_10912,40_100511,542,40_569560200,40_7976602,1775569440,1775569440,default
1775568379,1_10912,1_100162,271,1_569495510,1_7976369,1775569920,1775569920,default
1775568379,1_10912,1_100162,271,1_569496460,1_7976349,1775570520,1775570520,default
1775568379,1_71960,40_100511,542,40_721031240,40_7976608,1775569080,1775569080,default
1775568379,1_81982,1_102746,333,1_778704690,1_7202,1775568579,1775568579,default
1775568379,1_10640,1_100252,62,1_800855860,1_8000,1775569440,1775568065,default
1775568379,1_10640,1_100252,62,1_800855870,1_8025067,1775569920,1775569920,default
1775568379,1_8403,1_100039,14,1_562518440,1_7974986,1775568480,1775568480,default
1775568679,1_52638,40_574,574,40_1636020,40_9123,1775569543,1775568672,default
1775568679,1_60161,1_100042,148,1_762077240,1_7976071,1775569500,1775569500,default
1775568679,1_60161,1_100042,148,1_762076880,1_7976052,1775571180,1775571180,default
1775568679,1_970,1_100003,101,1_800668570,1_8137,1775568672,1775568712,default
1775568679,1_12770,1_100228,48,1_721359310,1_7974621,1775568711,1775568711,default
1775568679,1_49150,1_100489,156,1_800648370,1_8023876,1775568704,1775568704,default
1775568679,1_60453,1_102715,162,1_693754390,1_8135,1775570100,1775568301,default
1775568679,1_60453,1_102715,162,1_693754380,1_7976115,1775568720,1775568720,default
1775568679,1_60453,1_102715,162,1_693754400,1_7976026,1775571540,1775571540,default
1775568679,1_575,1_102581,D Line,1_585675870,1_6047,1775568780,1775568735,default
1775568679,1_13830,1_102581,D Line,1_732750240,1_7974920,1775568754,1775568754,default
1775568679,1_2850,1_100089,2,1_788758020,1_8023443,1775568900,1775568900,default
1775568679,1_46505,1_102619,F Line,1_635448760,1_7976226,1775569080,1775569080,default
1775568679,1_46505,1_102619,F Line,1_635449560,1_7976034,1775570280,1775570280,default
1775568679,1_27420,1_100161,27,1_759817370,1_7974706,1775568754,1775568754,default
1775568679,1_57453,1_100060,168,1_635439020,1_7976212,1775568600,1775568960,default
1775568679,1_57453,1_100060,168,1_635438980,1_7976209,1775570400,1775570400,default
1775568679,1_57453,1_100060,168,1_664460750,1_7976093,1775572200,1775572200,default
1775568679,1_52306,1_102619,F Line,1_656236200,1_7976142,1775569800,1775569800,default
1775568679,1_32013,1_100246,57,1_801580930,1_8226,1775569200,1775569200,default
1775568679,1_32013,1_100246,57,1_801580930,1_8025806,1775569200,1775569200,default
1775568679,1_32013,1_100246,57,1_801580910,1_8025809,1775571420,1775571420,default
1775568679,1_10370,1_102732,79,1_816446280,1_7200,1775568606,1775568766,default
1775568679,1_99254,40_590,590,40_876020,40_61402,1775568856,1775568838,default
1775568679,1_40030,1_102574,40,1_811901160,1_8264,1775568800,1775568800,default
1775568679,1_17950,1_100062,17,1_651754500,1_7974575,1775570280,1775570280,default
1775568679,1_39983,1_102736,H Line,1_694057280,1_7974895,1775568840,1775568840,default
1775568679,1_59282,1_100072,181,1_721490190,1_7322,1775569440,1775568405,default
1775568679,1_59282,1_102717,165,1_800649610,1_8023881,1775569140,1775569140,default
1775568679,1_32120,1_100345,987,1_785360680,1_8005289,1775569140,1775569140,default
1775568679,1_59872,1_102619,F Line,1_635449090,1_7976017,1775568832,1775568832,default
1775568679,1_60710,1_100512,A Line,1_800643130,1_8023805,1775568886,1775568886,default
1775568679,1_10912,40_100511,542,40_569560200,40_7976602,1775569440,1775569440,default
1775568679,1_10912,1_100162,271,1_569495510,1_7976369,1775569920,1775569920,default
1775568679,1_10912,1_100162,271,1_569496460,1_7976349,1775570520,1775570520,default
1775568679,1_71960,40_100511,542,40_721031240,40_7976608,1775569080,1775569080,default
1775568679,1_10640,1_100252,62,1_800855860,1_8000,1775569440,1775568065,default
1775568679,1_10640,1_100252,62,1_800855870,1_8025067,1775569920,1775569920,default
1775568679,1_11600,1_100002,10,1_675385360,1_7974875,1775568875,1775568875,default
1775568979,1_481,1_102576,C Line,1_800869280,1_8024967,1775569020,1775569020,default
1775568979,1_6650,1_100229,5,1_809331710,1_8025839,1775568995,1775568995,default
1775568979,1_77930,1_102746,333,1_778703790,1_7975730,1775569019,1775569019,default
1775568979,1_22196,1_102736,H Line,1_694057550,1_7974896,1775569026,1775569026,default
1775568979,1_60161,1_100042,148,1_762077240,1_7976071,1775569500,1775569500,default
1775568979,1_60161,1_100042,148,1_762076880,1_7976052,1775571180,1775571180,default
1775568979,1_60453,1_102715,162,1_693754390,1_8135,1775570100,1775568301,default
1775568979,1_60453,1_102715,162,1_693754400,1_7976026,1775571540,1775571540,default
1775568979,1_320,40_100239,550,40_597750710,40_7976618,1775568900,1775569097,default
1775568979,1_575,1_100028,13,1_815907210,1_7157,1775569020,1775569020,default
1775568979,1_575,1_100219,4,1_675345050,1_7974867,1775569020,1775569020,default
1775568979,1_46505,1_102619,F Line,1_635448760,1_7976226,1775569080,1775569080,default
1775568979,1_46505,1_102619,F Line,1_635449560,1_7976034,1775570280,1775570280,default
1775568979,1_40060,1_102574,40,1_811901250,1_8026390,1775569045,1775569045,default
1775568979,1_57453,1_100060,168,1_635438980,1_7976209,1775570400,1775570400,default
1775568979,1_57453,1_100060,168,1_664460750,1_7976093,1775572200,1775572200,default
1775568979,1_73366,1_102548,B Line,1_721017980,1_7976630,1775569130,1775569130,default
1775568979,1_52306,1_102619,F Line,1_656237320,1_7976225,1775569200,1775569200,default
1775568979,1_52306,1_102619,F Line,1_656236200,1_7976142,1775569800,1775569800,default
1775568979,1_32013,1_100246,57,1_801580930,1_8226,1775569200,1775569200,default
1775568979,1_32013,1_100246,57,1_801580910,1_8025809,1775571420,1775571420,default
1775568979,1_17950,1_100062,17,1_651754500,1_7974575,1775570280,1775570280,default
1775568979,1_38220,1_100214,372,1_694305900,1_7976764,1775569118,1775569118,default
1775568979,1_40065,1_102574,40,1_811901250,1_8026390,1775569129,1775569129,default
1775568979,1_11060,1_100447,49,1_801235570,1_8023492,1775569093,1775569093,default
1775568979,1_59282,1_100072,181,1_721490190,1_7322,1775569440,1775568405,default
1775568979,1_59282,1_102717,165,1_800649610,1_8023881,1775569140,1775569140,default
1775568979,1_59282,1_102717,165,1_800649620,1_7474,1775570280,1775570280,default
1775568979,1_59282,1_102717,165,1_800649620,1_8023827,1775570280,1775570280,default
1775568979,1_32120,1_100345,987,1_785360680,1_8005289,1775569140,1775569140,default
1775568979,1_57791,1_102718,184,1_664464240,1_7975994,1775569223,1775569236,default
1775568979,1_620,40_590,590,40_876020,40_61402,1775569200,1775569177,default
1775568979,1_620,40_100239,550,40_597752640,40_7976616,1775569440,1775569440,default
1775568979,1_16990,1_100202,345,1_686352280,1_7975636,1775569137,1775569137,default
1775568979,1_10912,40_100511,542,40_569560200,40_7976602,1775569440,1775569440,default
1775568979,1_10912,1_100162,271,1_569495510,1_7976369,1775569920,1775569920,default
1775568979,1_10912,1_100162,271,1_569496460,1_7976349,1775570520,1775570520,default
1775568979,1_10640,1_100252,62,1_800855860,1_8000,1775569440,1775568065,default
1775568979,1_10640,1_100252,62,1_800855870,1_8025067,1775569920,1775569920,default
1775569279,1_46791,1_100016,118,1_635461140,1_3722,1775569500,1775569500,default
1775569279,1_60161,1_100042,148,1_762077240,1_7976071,1775569500,1775569500,default
1775569279,1_60161,1_100042,148,1_762076880,1_7976052,1775571180,1775571180,default
1775569279,1_970,40_577,577,40_1305020,40_41507,1775569347,1775569347,default
1775569279,1_8541,1_100039,14,1_562520980,1_7974987,1775569320,1775569320,default
1775569279,1_60453,1_102715,162,1_693754390,1_8135,1775570100,1775568301,default
1775569279,1_60453,1_102715,162,1_693754400,1_7976026,1775571540,1775571540,default
1775569279,1_60453,1_102715,162,1_693754410,1_7975993,1775572740,1775572740,default
1775569279,1_2850,1_100089,2,1_788757670,1_8023454,1775569860,1775569860,default
1775569279,1_46505,1_102619,F Line,1_635448870,1_7975997,1775569680,1775569680,default
1775569279,1_46505,1_102619,F Line,1_635449560,1_7976034,1775570280,1775570280,default
1775569279,1_47660,1_102736,H Line,1_694057220,1_7974889,1775569323,1775569323,default
1775569279,1_57453,1_100060,168,1_635438980,1_7976209,1775570400,1775570400,default
1775569279,1_57453,1_100060,168,1_664460750,1_7976093,1775572200,1775572200,default
1775569279,1_50774,1_100045,150,1_724420350,1_8180,1775569179,1775569355,default
1775569279,1_1510,1_100210,36,1_800583520,1_8023416,1775569358,1775569358,default
1775569279,1_52306,1_102619,F Line,1_656236200,1_7976142,1775569800,1775569800,default
1775569279,1_32013,1_100246,57,1_801580910,1_8025809,1775571420,1775571420,default
1775569279,1_41128,1_100026,128,1_806634170,1_8023659,1775569377,1775569377,default
1775569279,1_17950,1_100062,17,1_651754500,1_7974575,1775570280,1775570280,default
1775569279,1_36510,1_100024,125,1_585989770,1_7974702,1775569315,1775569390,default
1775569279,1_41850,1_100249,60,1_801585030,1_8025821,1775569407,1775569407,default
1775569279,1_73368,1_100136,245,1_765953120,1_7976346,1775569402,1775569402,default
1775569279,1_57804,1_100072,181,1_721481610,1_7976141,1775569642,1775569642,default
1775569279,1_21080,1_100026,128,1_806634190,1_8023669,1775569440,1775569440,default
1775569279,1_59282,1_100072,181,1_721490190,1_7322,1775569440,1775568405,default
1775569279,1_59282,1_102717,165,1_800649620,1_7474,1775570280,1775569035,default
1775569279,1_19921,1_100101,21,1_809331850,1_8026429,1775569441,1775569441,default
1775569279,1_620,40_100236,545,40_806326650,40_8005181,1775569320,1775569437,default
1775569279,1_620,40_100239,550,40_597752640,40_7976616,1775569440,1775569440,default
1775569279,1_620,40_100236,545,40_806326650,40_9811,1775569320,1775569505,default
1775569279,1_620,40_100240,554,40_774869280,40_7976693,1775569740,1775569740,default
1775569279,1_620,1_100104,212,1_774865880,1_7976688,1775570100,1775570100,default
1775569279,1_620,1_100104,212,1_774865880,1_6890,1775570100,1775570100,default
1775569279,1_10912,40_100511,542,40_569560200,40_7976602,1775569440,1775569440,default
1775569279,1_10912,1_100162,271,1_569495510,1_7976369,1775569920,1775569920,default
1775569279,1_10912,1_100162,271,1_569496460,1_7976349,1775570520,1775570520,default
1775569279,1_10912,1_100162,271,1_569496620,1_7976370,1775571600,1775571600,default
1775569279,1_71960,40_100511,542,40_721031140,40_7976607,1775570280,1775570280,default
1775569279,1_81982,1_102746,333,1_778704910,1_7212,1775569479,1775569479,default
1775569279,1_10640,1_100252,62,1_800855870,1_8025067,1775569920,1775569920,default
1775569579,1_60161,1_100042,148,1_762076880,1_7976052,1775571180,1775571180,default
1775569579,1_60161,1_100042,148,1_762076860,1_7976054,1775572980,1775572980,default
1775569579,1_12770,1_100228,48,1_721360620,1_7974619,1775569611,1775569611,default
1775569579,1_60453,1_102715,162,1_693754390,1_8135,1775570100,1775568301,default
1775569579,1_60453,1_102715,162,1_693754400,1_7976026,1775571540,1775571540,default
1775569579,1_60453,1_102715,162,1_693754410,1_7975993,1775572740,1775572740,default
1775569579,1_2850,1_100089,2,1_788757670,1_7152,1775569860,1775569252,default
1775569579,1_46505,1_102619,F Line,1_635448870,1_7975997,1775569680,1775569680,default
1775569579,1_46505,1_102619,F Line,1_635449560,1_7976034,1775570280,1775570280,default
1775569579,1_57453,1_100060,168,1_635438980,1_7976209,1775570400,1775570400,default
1775569579,1_57453,1_100060,168,1_664460750,1_7976093,1775572200,1775572200,default
1775569579,1_73366,1_102548,B Line,1_721018640,1_7976624,1775569670,1775569670,default
1775569579,1_11569,1_100002,10,1_675385370,1_7974882,1775569701,1775569701,default
1775569579,1_72494,1_100160,269,1_806916920,1_8024686,1775569680,1775569680,default
1775569579,1_5489,1_102746,333,1_778704690,1_7975682,1775569672,1775569672,default
1775569579,1_52306,1_102619,F Line,1_656236200,1_7976142,1775569800,1775569800,default
1775569579,1_52306,1_102619,F Line,1_656236810,1_7976000,1775570400,1775570400,default
1775569579,1_32013,1_100246,57,1_801580910,1_8217,1775571420,1775569404,default
1775569579,1_32013,1_100246,57,1_801580910,1_8025809,1775571420,1775571420,default
1775569579,1_21680,1_100023,124,1_800861600,1_8024947,1775569572,1775569670,default
1775569579,1_70665,1_102702,239,1_736529040,1_3705,1775569695,1775569695,default
1775569579,1_17950,1_100062,17,1_651754500,1_7974575,1775570280,1775570280,default
1775569579,1_49350,1_100026,128,1_806634170,1_8023659,1775569737,1775569737,default
1775569579,1_59282,1_102717,165,1_800649620,1_7474,1775570280,1775569035,default
1775569579,1_59872,1_102619,F Line,1_656237160,1_7976085,1775569792,1775569792,default
1775569579,1_70691,1_100344,986,1_721034000,1_7976721,1775571120,1775571120,default
1775569579,1_620,40_100240,554,40_774869280,40_7976693,1775569740,1775569740,default
1775569579,1_620,40_100239,550,40_597749720,40_7976610,1775570100,1775570100,default
1775569579,1_620,1_100104,212,1_774865880,1_7976688,1775570100,1775570100,default
1775569579,1_16990,1_102744,365,1_774126450,1_7975722,1775569737,1775569737,default
1775569579,1_10912,1_100264,70,1_801594060,1_8025882,1775569786,1775569786,default
1775569579,1_10912,1_100264,70,1_801594060,1_8253,1775569786,1775569786,default
1775569579,1_10912,1_100162,271,1_569495510,1_7976369,1775569920,1775569920,default
1775569579,1_10912,1_100162,271,1_569496460,1_7976349,1775570520,1775570520,default
1775569579,1_10912,1_100162,271,1_569553890,1_7976664,1775571000,1775571000,default
1775569579,1_10912,1_100162,271,1_569496620,1_7976370,1775571600,1775571600,default
1775569579,1_71960,40_100511,542,40_721031140,40_7976607,1775570280,1775570280,default
1775569579,1_71960,40_100511,542,40_721031480,40_7976605,1775571480,1775571480,default
1775569579,1_10640,1_100252,62,1_800855870,1_8011,1775569920,1775569478,default
1775569579,1_10640,1_100252,62,1_800855870,1_8025067,1775569920,1775569920,default
1775569579,1_76310,40_100232,522,40_635896600,40_7976740,1775569767,1775569767,default
1775569879,1_103,1_102745,G Line,1_736437170,1_7974687,1775569935,1775569935,default
1775569879,1_12170,1_100039,14,1_562523370,1_7974993,1775570055,1775570055,default
1775569879,1_481,1_102576,C Line,1_800868970,1_8025004,1775569920,1775569920,default
1775569879,1_77930,1_102746,333,1_778703800,1_7975683,1775569979,1775569979,default
1775569879,1_22196,1_102736,H Line,1_694057600,1_7974887,1775569926,1775569926,default
1775569879,1_60161,1_100042,148,1_762076880,1_7976052,1775571180,1775571180,default
1775569879,1_60161,1_100042,148,1_762076860,1_7976054,1775572980,1775572980,default
1775569879,1_60453,1_102715,162,1_693754390,1_8135,1775570100,1775568301,default
1775569879,1_60453,1_102715,162,1_693754400,1_7976026,1775571540,1775571540,default
1775569879,1_60453,1_102715,162,1_693754410,1_7975993,1775572740,1775572740,default
1775569879,1_575,1_100219,4,1_675345060,1_7974865,1775569920,1775569920,default
1775569879,1_575,1_102576,C Line,1_800868740,1_8024969,1775569920,1775569920,default
1775569879,1_575,1_100210,36,1_800583520,1_8023416,1775569920,1775569920,default
1775569879,1_2850,1_100089,2,1_788758030,1_7095,1775570520,1775569262,default
1775569879,1_46505,1_102619,F Line,1_635449560,1_7976034,1775570280,1775570280,default
1775569879,1_47660,1_102736,H Line,1_694057280,1_7974895,1775569923,1775569923,default
1775569879,1_51471,1_102736,H Line,1_694057510,1_6045,1775569861,1775569949,default
1775569879,1_57453,1_100060,168,1_635438980,1_7976209,1775570400,1775570400,default
1775569879,1_57453,1_100060,168,1_664460750,1_7976093,1775572200,1775572200,default
1775569879,1_1510,1_100210,36,1_800582450,1_8023380,1775569958,1775569958,default
1775569879,1_81199,1_100072,181,1_721481610,1_7976141,1775569943,1775569943,default
1775569879,1_79610,1_100006,107,1_800645620,1_8023771,1775569813,1775569963,default
1775569879,1_52306,1_100031,132,1_800857840,1_8024953,1775569980,1775569980,default
1775569879,1_52306,1_102619,F Line,1_656236810,1_7976000,1775570400,1775570400,default
1775569879,1_32013,1_100246,57,1_801580910,1_8217,1775571420,1775569404,default
1775569879,1_17950,1_100062,17,1_651754500,1_7974575,1775570280,1775570280,default
1775569879,1_59282,1_102717,165,1_800649620,1_7474,1775570280,1775569035,default
1775569879,1_59282,1_100072,181,1_721481440,1_7491,1775570640,1775569606,default
1775569879,1_59282,1_100072,181,1_721490200,1_7976104,1775572740,1775572740,default
1775569879,1_70691,1_100344,986,1_721034000,1_7976721,1775571120,1775571120,default
1775569879,1_31890,1_100230,50,1_664485580,1_7976172,1775570037,1775570037,default
1775569879,1_58138,1_102719,161,1_800652050,1_8023892,1775570040,1775570040,default
1775569879,1_620,40_100239,550,40_597749720,40_7976610,1775570100,1775570100,default
1775569879,1_620,1_100104,212,1_774865880,1_7976688,1775570100,1775570100,default
1775569879,1_10912,1_100224,44,1_659993600,1_7974922,1775570065,1775570065,default
1775569879,1_10912,1_100162,271,1_569496460,1_7976349,1775570520,1775570520,default
1775569879,1_10912,1_100162,271,1_569553890,1_7976664,1775571000,1775571000,default
1775569879,1_10912,1_100162,271,1_569496620,1_7976370,1775571600,1775571600,default
1775569879,1_71960,1_102752,223,1_816297430,1_8024752,1775570040,1775570040,default
1775569879,1_71960,40_100511,542,40_721031140,40_7976607,1775570280,1775570280,default
1775569879,1_71960,40_100511,542,40_721031480,40_7976605,1775571480,1775571480,default
1775569879,1_11600,1_100002,10,1_675385370,1_7974882,1775570075,1775570075,default
1775570184,1_481,1_102736,H Line,1_694057210,1_6067,1775570100,1775570221,default
1775570184,1_60161,1_100042,148,1_762076880,1_7976052,1775571180,1775571180,default
1775570184,1_60161,1_100042,148,1_762076860,1_7976054,1775572980,1775572980,default
1775570184,1_8541,1_100039,14,1_562518560,1_7974977,1775570220,1775570220,default
1775570184,1_60453,1_102715,162,1_693754400,1_7976026,1775571540,1775571540,default
1775570184,1_60453,1_102715,162,1_693754410,1_7975993,1775572740,1775572740,default
1775570184,1_2850,1_100089,2,1_788758030,1_7095,1775570520,1775569262,default
1775570184,1_2850,1_100089,2,1_788758040,1_8023470,1775571360,1775571360,default
1775570184,1_46505,1_102619,F Line,1_635449560,1_7976034,1775570280,1775570280,default
1775570184,1_46505,1_102619,F Line,1_635449100,1_7976017,1775570880,1775570880,default
1775570184,1_46505,1_102619,F Line,1_635449360,1_7976229,1775571480,1775571480,default
1775570184,1_27420,1_100249,60,1_801585030,1_8025821,1775570348,1775570348,default
1775570184,1_57453,1_100060,168,1_635438980,1_7431,1775570400,1775570400,default
1775570184,1_57453,1_100060,168,1_635438980,1_7976209,1775570400,1775570400,default
1775570184,1_57453,1_100060,168,1_664460750,1_7976093,1775572200,1775572360,default
1775570184,1_73366,1_102548,B Line,1_721018290,1_7976649,1775570270,1775570270,default
1775570184,1_52306,1_102619,F Line,1_656236810,1_7976000,1775570400,1775570400,default
1775570184,1_52306,1_102619,F Line,1_656237070,1_7976074,1775571000,1775571000,default
1775570184,1_32013,1_100246,57,1_801580910,1_8217,1775571420,1775569404,default
1775570184,1_8530,1_100039,14,1_562518540,1_7974978,1775570332,1775570332,default
1775570184,1_99254,40_590,590,40_1411020,40_9738,1775570176,1775570328,default
1775570184,1_45670,1_100210,36,1_800582140,1_4544,1775570212,1775570283,default
1775570184,1_17950,1_100062,17,1_721362410,1_7974580,1775572680,1775572680,default
1775570184,1_73368,1_100136,245,1_765953070,1_7976393,1775570302,1775570302,default
1775570184,1_57804,1_100072,181,1_721481910,1_7976199,1775570542,1775570542,default
1775570184,1_22184,1_102736,H Line,1_694057420,1_7974966,1775570321,1775570321,default
1775570184,1_59282,1_100072,181,1_721481440,1_7491,1775570640,1775569606,default
1775570184,1_59282,1_102717,165,1_800649630,1_7440,1775571480,1775570172,default
1775570184,1_59282,1_100072,181,1_721490200,1_7976104,1775572740,1775572740,default
1775570184,1_59872,1_102619,F Line,1_656236500,1_7975992,1775570392,1775570392,default
1775570184,1_70691,1_100344,986,1_721034000,1_7976721,1775571120,1775571120,default
1775570184,1_81684,1_100160,269,1_806917290,1_8024684,1775570340,1775570340,default
1775570184,1_620,40_100239,550,40_597752070,40_7976612,1775570700,1775570700,default
1775570184,1_10912,1_100162,271,1_569496460,1_7976349,1775570520,1775570520,default
1775570184,1_10912,1_100162,271,1_569553890,1_7976664,1775571000,1775571000,default
1775570184,1_10912,1_100162,271,1_569496620,1_7976370,1775571600,1775571600,default
1775570184,1_71960,40_100511,542,40_721031480,40_7976605,1775571480,1775571480,default
1775570184,1_81982,1_102746,333,1_778704650,1_7975730,1775570379,1775570379,default
1775570184,1_8403,1_100039,14,1_562520980,1_7974987,1775570160,1775570160,default
1775570483,1_12170,1_100039,14,1_562520980,1_7974987,1775570655,1775570655,default
1775570483,1_60161,1_100042,148,1_762076880,1_7196,1775571180,1775570195,default
1775570483,1_60161,1_100042,148,1_762076880,1_7976052,1775571180,1775571180,default
1775570483,1_60161,1_100042,148,1_762076860,1_7976054,1775572980,1775572980,default
1775570483,1_12770,1_100228,48,1_721359030,1_7974615,1775570511,1775570511,default
1775570483,1_60453,1_102715,162,1_693754400,1_7976026,1775571540,1775571540,default
1775570483,1_60453,1_102715,162,1_693754410,1_7975993,1775572740,1775572740,default
1775570483,1_575,1_100210,36,1_800582450,1_8023380,1775570520,1775570520,default
1775570483,1_2850,1_100089,2,1_788758030,1_7095,1775570520,1775569262,default
1775570483,1_2850,1_100089,2,1_788758040,1_8023470,1775571360,1775571360,default
1775570483,1_46505,1_102619,F Line,1_635449100,1_7976017,1775570880,1775570880,default
1775570483,1_46505,1_102619,F Line,1_635449360,1_7976229,1775571480,1775571480,default
1775570483,1_29423,1_102732,79,1_816446240,1_8022069,1775571900,1775571900,default
1775570483,1_27420,1_100161,27,1_759817450,1_7974705,1775570554,1775570554,default
1775570483,1_57453,1_100060,168,1_664460750,1_7976093,1775572200,1775572304,default
1775570483,1_57453,1_100060,168,1_693746750,1_7976231,1775574000,1775574000,default
1775570483,1_1510,1_100210,36,1_800583490,1_8023485,1775570558,1775570558,default
1775570483,1_52306,1_102619,F Line,1_656237070,1_7976074,1775571000,1775571000,default
1775570483,1_32013,1_100246,57,1_801580910,1_8217,1775571420,1775569404,default
1775570483,1_21680,1_100023,124,1_800861530,1_8024949,1775570472,1775570589,default
1775570483,1_17950,1_100062,17,1_721362410,1_7974580,1775572680,1775572680,default
1775570483,1_41940,1_100249,60,1_801585030,1_8025821,1775570607,1775570607,default
1775570483,1_59282,1_100072,181,1_721481440,1_7491,1775570640,1775569606,default
1775570483,1_59282,1_102717,165,1_800649630,1_7440,1775571480,1775570172,default
1775570483,1_59282,1_100072,181,1_721490200,1_7976104,1775572740,1775572740,default
1775570483,1_70691,1_100344,986,1_721034000,1_7976721,1775571120,1775571120,default
1775570483,1_620,40_590,590,40_1411020,40_9738,1775570520,1775570688,default
1775570483,1_620,40_100239,550,40_597752070,40_7976612,1775570700,1775570700,default
1775570483,1_10912,1_100224,44,1_659992770,1_7974928,1775570677,1775570677,default
1775570483,1_10912,1_100162,271,1_569553890,1_7976664,1775571000,1775571000,default
1775570483,1_10912,1_100162,271,1_569496620,1_7976370,1775571600,1775571600,default
1775570483,1_10912,1_100162,271,1_569495910,1_7976665,1775572200,1775572200,default
1775570483,1_71960,40_100511,542,40_721031480,40_7976605,1775571480,1775571480,default
1775570483,1_76310,40_100232,522,40_635897730,40_7976745,1775570667,1775570667,default
1775570483,1_76310,1_100214,372,1_694306140,1_6951,1775570515,1775570686,default
1775570783,1_481,1_102576,C Line,1_800869120,1_8024968,1775570820,1775570820,default
1775570783,1_22196,1_102736,H Line,1_694057510,1_7974888,1775570826,1775570826,default
1775570783,1_26560,1_102574,40,1_811901160,1_8026391,1775570876,1775570876,default
1775570783,1_60161,1_100042,148,1_762076880,1_7196,1775571180,1775570195,default
1775570783,1_60161,1_100042,148,1_762076860,1_7976054,1775572980,1775572980,default
1775570783,1_970,40_590,590,40_2996020,40_9308,1775570791,1775570804,default
1775570783,1_30510,1_100249,60,1_801585160,1_8025819,1775570846,1775570846,default
1775570783,1_60453,1_102715,162,1_693754400,1_7198,1775571540,1775570471,default
1775570783,1_60453,1_102715,162,1_693754410,1_7975993,1775572740,1775572740,default
1775570783,1_68784,1_100136,245,1_761787580,1_7976397,1775570839,1775570839,default
1775570783,1_575,1_100219,4,1_675345070,1_7974885,1775570820,1775570820,default
1775570783,1_575,1_102576,C Line,1_800868700,1_8024966,1775570880,1775570880,default
1775570783,1_2850,1_100089,2,1_788758040,1_7117,1775571360,1775570570,default
1775570783,1_2850,1_100089,2,1_788758040,1_8023470,1775571360,1775571360,default
1775570783,1_46505,1_102619,F Line,1_635449100,1_7976017,1775570880,1775570880,default
1775570783,1_46505,1_102619,F Line,1_635449360,1_7976229,1775571480,1775571480,default
1775570783,1_29423,1_102732,79,1_816446240,1_8022069,1775571900,1775571900,default
1775570783,1_57453,1_100060,168,1_664460750,1_7976093,1775572200,1775572368,default
1775570783,1_57453,1_100060,168,1_693746750,1_7976231,1775574000,1775574000,default
1775570783,1_8671,1_100275,8,1_800891250,1_8025044,1775570857,1775570857,default
1775570783,1_82425,1_100099,208,1_630252240,1_7976364,1775570855,1775570855,default
1775570783,1_52306,1_102619,F Line,1_656237070,1_7976074,1775571000,1775571000,default
1775570783,1_52306,1_102619,F Line,1_635448480,1_7976083,1775571600,1775571600,default
1775570783,1_32013,1_100246,57,1_801580910,1_8217,1775571420,1775569404,default
1775570783,1_32013,1_100246,57,1_801580900,1_8025834,1775572920,1775572920,default
1775570783,1_17950,1_100062,17,1_721362410,1_7974580,1775572680,1775572680,default
1775570783,1_41850,1_100249,60,1_801585160,1_8025819,1775570937,1775570937,default
1775570783,1_59282,1_102717,165,1_800649630,1_7440,1775571480,1775570172,default
1775570783,1_59282,1_100072,181,1_721490200,1_7976104,1775572740,1775572740,default
1775570783,1_68160,1_102548,B Line,1_721018780,1_7976639,1775570923,1775570923,default
1775570783,1_59872,1_102619,F Line,1_656237320,1_7976225,1775570992,1775570992,default
1775570783,1_620,40_100239,550,40_597756640,40_7976614,1775571300,1775571300,default
1775570783,1_10912,1_100162,271,1_569553890,1_7976664,1775571000,1775571000,default
1775570783,1_10912,1_100162,271,1_569496620,1_7976370,1775571600,1775571600,default
1775570783,1_10912,40_100511,542,40_569560520,40_7976608,1775571900,1775571900,default
1775570783,1_10912,1_100162,271,1_569495910,1_7976665,1775572200,1775572200,default
1775570783,1_71960,40_100511,542,40_721031480,40_6829,1775571480,1775570721,default
1775570783,1_71960,40_100511,542,40_721031480,40_7976605,1775571480,1775571480,default
1775571083,1_60161,1_100042,148,1_762076880,1_7196,1775571180,1775570195,default
1775571083,1_60161,1_100042,148,1_762076860,1_7976054,1775572980,1775572980,default
1775571083,1_8541,1_100039,14,1_562518590,1_7974988,1775571120,1775571120,default
1775571083,1_60453,1_102715,162,1_693754400,1_7198,1775571540,1775570471,default
1775571083,1_60453,1_102715,162,1_693754410,1_7975993,1775572740,1775572740,default
1775571083,1_575,1_100210,36,1_800583490,1_8023485,1775571120,1775571120,default
1775571083,1_2850,1_100089,2,1_788758040,1_7117,1775571360,1775570570,default
1775571083,1_2850,1_100089,2,1_788757680,1_7155,1775572200,1775570884,default
1775571083,1_2850,1_100089,2,1_788757680,1_8023471,1775572200,1775572200,default
1775571083,1_46505,1_102619,F Line,1_635449360,1_7976229,1775571480,1775571480,default
1775571083,1_46505,1_102619,F Line,1_635448660,1_7976085,1775572080,1775572080,default
1775571083,1_29423,1_102732,79,1_816446240,1_8022069,1775571900,1775571900,default
1775571083,1_70832,1_100136,245,1_761786890,1_7976345,1775571129,1775571129,default
1775571083,1_27420,1_100249,60,1_801585170,1_8025820,1775571188,1775571188,default
1775571083,1_57453,1_100060,168,1_664460750,1_7976093,1775572200,1775572425,default
1775571083,1_57453,1_100060,168,1_693746750,1_7976231,1775574000,1775574000,default
1775571083,1_11940,1_100039,14,1_562518580,1_7974986,1775571199,1775571199,default
1775571083,1_73953,1_102702,239,1_736529050,1_7976432,1775571170,1775571170,default
1775571083,1_52306,1_102619,F Line,1_635448480,1_7976083,1775571600,1775571600,default
1775571083,1_80121,1_102719,161,1_800652050,1_8023892,1775571166,1775571166,default
1775571083,1_32013,1_100246,57,1_801580910,1_8217,1775571420,1775569404,default
1775571083,1_32013,1_100246,57,1_801580900,1_8025834,1775572920,1775572920,default
1775571083,1_8530,1_100005,106,1_727785870,1_7975007,1775571197,1775571197,default
1775571083,1_70665,1_100136,245,1_765953070,1_7976393,1775571225,1775571225,default
1775571083,1_17950,1_100062,17,1_721362410,1_7974580,1775572680,1775572680,default
1775571083,1_36510,1_100026,128,1_806634020,1_8023657,1775571230,1775571230,default
1775571083,1_57804,1_100072,181,1_721490220,1_7976082,1775571442,1775571442,default
1775571083,1_39983,1_100111,22,1_664480920,1_7976056,1775570580,1775571258,default
1775571083,1_22184,1_100249,60,1_801584850,1_8025825,1775571245,1775571245,default
1775571083,1_59282,1_102717,165,1_800649630,1_7440,1775571480,1775570172,default
1775571083,1_59282,1_100072,181,1_721481770,1_7410,1775571840,1775570943,default
1775571083,1_59282,1_100072,181,1_721490200,1_7976104,1775572740,1775572740,default
1775571083,1_31890,1_100230,50,1_664485710,1_7976174,1775571237,1775571237,default
1775571083,1_620,40_100239,550,40_597756640,40_7976614,1775571300,1775571300,default
1775571083,1_10912,1_100228,48,1_721361780,1_8028,1775571240,1775571259,default
1775571083,1_10912,1_100162,271,1_569496620,1_7976370,1775571600,1775571600,default
1775571083,1_10912,40_100511,542,40_569560520,40_7976608,1775571900,1775571900,default
1775571083,1_10912,1_100162,271,1_569495910,1_7976665,1775572200,1775572200,default
1775571083,1_71960,40_100511,542,40_721031480,40_6829,1775571480,1775570721,default
1775571083,1_71960,40_100511,542,40_721030820,40_7976602,1775572740,1775572740,default
1775571083,1_8403,1_100039,14,1_562518560,1_7974977,1775571060,1775571060,default
1775571383,1_103,1_102745,G Line,1_736434570,1_7974685,1775571406,1775571406,default
1775571383,1_481,1_102576,C Line,1_800868940,1_8024975,1775571420,1775571420,default
1775571383,1_60161,1_100042,148,1_762076860,1_7976054,1775572980,1775572980,default
1775571383,1_60161,1_100042,148,1_762076930,1_7976061,1775574780,1775574780,default
1775571383,1_12770,1_100228,48,1_721362250,1_7974644,1775571411,1775571411,default
1775571383,1_6800,1_100229,5,1_809331490,1_8025841,1775571409,1775571409,default
1775571383,1_60453,1_102715,162,1_693754400,1_7198,1775571540,1775570471,default
1775571383,1_60453,1_102715,162,1_693754410,1_7975993,1775572740,1775572740,default
1775571383,1_575,1_100028,13,1_788758840,1_7152,1775571420,1775571475,default
1775571383,1_13830,1_100193,32,1_651765850,1_7974564,1775571439,1775571439,default
1775571383,1_2850,1_100089,2,1_788757680,1_7155,1775572200,1775570884,default
1775571383,1_46505,1_102619,F Line,1_635449360,1_7976229,1775571480,1775571480,default
1775571383,1_46505,1_102619,F Line,1_635448660,1_7976085,1775572080,1775572080,default
1775571383,1_29423,1_102732,79,1_816446240,1_8022069,1775571900,1775571900,default
1775571383,1_74980,1_100205,348,1_771627190,1_7207,1775571424,1775571424,default
1775571383,1_57453,1_100060,168,1_664460750,1_7976093,1775572200,1775572324,default
1775571383,1_57453,1_100060,168,1_693746750,1_7976231,1775574000,1775574000,default
1775571383,1_52306,1_102619,F Line,1_635448480,1_7976083,1775571600,1775571600,default
1775571383,1_52306,1_102619,F Line,1_635449520,1_7975996,1775572200,1775572200,default
1775571383,1_32013,1_100246,57,1_801580900,1_8025834,1775572920,1775572920,default
1775571383,1_17950,1_100062,17,1_721362410,1_7974580,1775572680,1775572680,default
1775571383,1_59282,1_100072,181,1_721481770,1_7410,1775571840,1775570943,default
1775571383,1_59282,1_102717,165,1_800649640,1_7191,1775573280,1775571213,default
1775571383,1_59282,1_100072,181,1_721490200,1_7976104,1775572740,1775572740,default
1775571383,1_68160,1_102548,B Line,1_721018220,1_7976621,1775571523,1775571523,default
1775571383,1_59872,1_102619,F Line,1_656236200,1_7976142,1775571592,1775571592,default
1775571383,1_57791,1_102718,184,1_635442710,1_7976222,1775571623,1775571623,default
1775571383,1_25791,1_100214,372,1_694305870,1_6932,1775571398,1775571552,default
1775571383,1_620,40_100240,554,40_774868470,40_7976707,1775571840,1775571840,default
1775571383,1_620,40_100239,550,40_597750120,40_7976611,1775571960,1775571960,default
1775571383,1_10912,1_100162,271,1_569496620,1_7976370,1775571600,1775571600,default
1775571383,1_10912,40_100511,542,40_569560520,40_7976608,1775571900,1775571900,default
1775571383,1_10912,1_100162,271,1_569495910,1_7976665,1775572200,1775572200,default
1775571383,1_71960,40_100511,542,40_721030820,40_7976602,1775572740,1775572740,default
1775571383,1_18550,1_100252,62,1_800855060,1_8024957,1775571559,1775571559,default
1775571684,1_103,1_102745,G Line,1_736434600,1_7974690,1775571766,1775571766,default
1775571684,1_60161,1_100042,148,1_762076860,1_7976054,1775572980,1775572980,default
1775571684,1_60161,1_100042,148,1_762076930,1_7976061,1775574780,1775574780,default
1775571684,1_65252,1_100133,240,1_811764940,1_8024699,1775571720,1775571720,default
1775571684,1_60453,1_102715,162,1_693754410,1_7975993,1775572740,1775572740,default
1775571684,1_575,1_100219,4,1_675345080,1_7974870,1775571720,1775571720,default
1775571684,1_575,1_102581,D Line,1_628189270,1_6068,1775571660,1775571755,default
1775571684,1_2850,1_100089,2,1_788757680,1_7155,1775572200,1775570884,default
1775571684,1_46505,1_102619,F Line,1_635448660,1_7976085,1775572080,1775572080,default
1775571684,1_46505,1_102619,F Line,1_635449540,1_7975992,1775572680,1775572680,default
1775571684,1_29423,1_102732,79,1_816446240,1_8022069,1775571900,1775571900,default
1775571684,1_27290,1_100161,27,1_759817560,1_7974629,1775571750,1775571750,default
1775571684,1_57453,1_100060,168,1_664460750,1_7976093,1775572200,1775572334,default
1775571684,1_57453,1_100060,168,1_693746750,1_7976231,1775574000,1775574046,default
1775571684,1_73366,1_102548,B Line,1_721018780,1_7976639,1775571830,1775571830,default
1775571684,1_52306,1_100031,132,1_800857810,1_8024954,1775571780,1775571780,default
1775571684,1_52306,1_102619,F Line,1_635449520,1_7975996,1775572200,1775572200,default
1775571684,1_32013,1_100246,57,1_801580900,1_8025834,1775572920,1775572920,default
1775571684,1_81426,1_102702,239,1_736529560,1_7976431,1775571775,1775571775,default
1775571684,1_17950,1_100062,17,1_721362410,1_7974580,1775572680,1775572680,default
1775571684,1_45751,1_100023,124,1_800861650,1_8024941,1775571405,1775571792,default
1775571684,1_59282,1_100072,181,1_721481770,1_7410,1775571840,1775570943,default
1775571684,1_59282,1_102717,165,1_800649640,1_7191,1775573280,1775571213,default
1775571684,1_59282,1_100072,181,1_721490200,1_7976104,1775572740,1775572740,default
1775571684,1_85531,1_102757,187,1_762094940,1_7976191,1775571840,1775571840,default
1775571684,1_620,40_100240,554,40_774868470,40_7976707,1775571840,1775571840,default
1775571684,1_620,40_100236,545,40_806325980,40_8005195,1775571720,1775571846,default
1775571684,1_620,40_100236,545,40_806325980,40_9585,1775571720,1775571874,default
1775571684,1_620,40_100236,545,40_806327830,40_9655,1775572380,1775571897,default
1775571684,1_620,40_100239,550,40_597750120,40_7976611,1775571960,1775571960,default
1775571684,1_68888,1_102552,226,1_816295910,1_8024716,1775571853,1775571853,default
1775571684,1_10912,1_100214,372,1_694305890,1_6882,1775571789,1775571851,default
1775571684,1_10912,40_100511,542,40_569560520,40_7976608,1775571900,1775571900,default
1775571684,1_10912,1_100162,271,1_569495910,1_7976665,1775572200,1775572200,default
1775571684,1_10912,1_100162,271,1_585519750,1_7976353,1775573040,1775573040,default
1775571684,1_71960,40_100511,542,40_721030820,40_7976602,1775572740,1775572740,default
1775571984,1_46791,1_100016,118,1_635461260,1_7976007,1775572200,1775572200,default
1775571984,1_51551,1_102736,H Line,1_694057210,1_7974891,1775571997,1775571997,default
1775571984,1_60161,1_100042,148,1_762076860,1_7976054,1775572980,1775572980,default
1775571984,1_60161,1_100042,148,1_762076930,1_7976061,1775574780,1775574780,default
1775571984,1_60453,1_102715,162,1_693754410,1_7975993,1775572740,1775572740,default
1775571984,1_575,1_102615,E Line,1_768603750,1_6233,1775571900,1775572064,default
1775571984,1_575,1_100089,2,1_788758030,1_8023446,1775572080,1775572080,default
1775571984,1_2850,1_100089,2,1_788757680,1_7155,1775572200,1775570884,default
1775571984,1_2850,1_100089,2,1_788758050,1_7091,1775573040,1775571585,default
1775571984,1_46505,1_102619,F Line,1_635448660,1_6280,1775572080,1775571824,default
1775571984,1_46505,1_102619,F Line,1_635448660,1_7976085,1775572080,1775572080,default
1775571984,1_46505,1_102619,F Line,1_635449540,1_7975992,1775572680,1775572680,default
1775571984,1_280,40_100240,554,40_560097460,40_7976693,1775571985,1775572034,default
1775571984,1_70832,1_100136,245,1_761787770,1_7976379,1775572029,1775572029,default
1775571984,1_57453,1_100060,168,1_664460750,1_7976093,1775572200,1775572305,default
1775571984,1_57453,1_100060,168,1_693746750,1_7976231,1775574000,1775574000,default
1775571984,1_72494,1_100160,269,1_806917290,1_8024684,1775572080,1775572080,default
1775571984,1_11940,1_100039,14,1_562518620,1_7974993,1775572099,1775572099,default
1775571984,1_52306,1_102619,F Line,1_635449520,1_7975996,1775572200,1775572200,default
1775571984,1_52306,1_102619,F Line,1_635448770,1_7976226,1775572800,1775572800,default
1775571984,1_32013,1_100246,57,1_801580900,1_7080,1775572920,1775571905,default
1775571984,1_32013,1_100246,57,1_801580900,1_8025834,1775572920,1775572920,default
1775571984,1_99254,40_590,590,40_816020,40_9735,1775572156,1775572143,default
1775571984,1_45670,1_100210,36,1_800584170,1_4395,1775572012,1775572095,default
1775571984,1_17950,1_100062,17,1_721362410,1_7974580,1775572680,1775572680,default
1775571984,1_57804,1_100072,181,1_721490230,1_7976143,1775572342,1775572342,default
1775571984,1_59282,1_102717,165,1_800649640,1_7191,1775573280,1775571213,default
1775571984,1_59282,1_100072,181,1_721490200,1_7976104,1775572740,1775572740,default
1775571984,1_31970,1_100026,128,1_806634550,1_1030,1775571856,1775572135,default
1775571984,1_81684,1_100160,269,1_806919110,1_8024686,1775572140,1775572140,default
1775571984,1_620,40_100239,550,40_597754100,40_7976645,1775572560,1775572560,default
1775571984,1_10912,1_100162,271,1_569495910,1_7976665,1775572200,1775572200,default
1775571984,1_10912,1_100162,271,1_585519750,1_7976353,1775573040,1775573040,default
1775571984,1_10912,40_100511,542,40_569563150,40_7976607,1775573160,1775573160,default
1775571984,1_71960,40_100511,542,40_721030820,40_7976602,1775572740,1775572740,default
1775571984,1_8403,1_100039,14,1_562518590,1_7974988,1775571960,1775571960,default
1775571984,1_73380,1_102752,223,1_816297450,1_8024727,1775572162,1775572162,default
1775572284,1_481,1_102576,C Line,1_800868750,1_8025005,1775572320,1775572320,default
1775572284,1_26560,1_102574,40,1_811901580,1_8026388,1775572316,1775572316,default
1775572284,1_60161,1_100042,148,1_762076860,1_7328,1775572980,1775572006,default
1775572284,1_60161,1_100042,148,1_762076860,1_7976054,1775572980,1775572980,default
1775572284,1_60161,1_100042,148,1_762076930,1_7976061,1775574780,1775574780,default
1775572284,1_12770,1_100228,48,1_721361780,1_7974613,1775572371,1775572371,default
1775572284,1_30510,1_100249,60,1_801585450,1_8025883,1775572361,1775572361,default
1775572284,1_60453,1_102715,162,1_693754410,1_7975993,1775572740,1775572740,default
1775572284,1_575,1_100173,3,1_761127270,1_7974915,1775572320,1775572320,default
1775572284,1_575,1_102576,C Line,1_800869100,1_8025031,1775572380,1775572380,default
1775572284,1_2850,1_100089,2,1_788758050,1_7091,1775573040,1775571585,default
1775572284,1_46505,1_102619,F Line,1_635449540,1_7975992,1775572680,1775572680,default
1775572284,1_46505,1_102619,F Line,1_635448340,1_7976225,1775573280,1775573280,default
1775572284,1_280,1_100104,212,1_694279130,1_7976688,1775572225,1775572352,default
1775572284,1_1190,40_100239,550,40_597750120,40_7976611,1775572369,1775572369,default
1775572284,1_27420,1_100161,27,1_759817560,1_7974629,1775572354,1775572354,default
1775572284,1_57453,1_100060,168,1_693746750,1_7976231,1775574000,1775574011,default
1775572284,1_57453,1_100060,168,1_664460610,1_7976211,1775575800,1775575800,default
1775572284,1_73366,1_102548,B Line,1_721018220,1_7976621,1775572430,1775572430,default
1775572284,1_52306,1_102619,F Line,1_635448770,1_7976226,1775572800,1775572800,default
1775572284,1_32013,1_100246,57,1_801580900,1_7080,1775572920,1775571905,default
1775572284,1_29650,1_100224,44,1_664048300,1_7974926,1775572383,1775572383,default
1775572284,1_17950,1_100062,17,1_721362410,1_7974580,1775572680,1775572680,default
1775572284,1_17950,1_100062,17,1_721362420,1_7974608,1775575080,1775575080,default
1775572284,1_32165,1_100023,124,1_800861730,1_8024945,1775572440,1775572440,default
1775572284,1_2200,1_100275,8,1_800891240,1_8017,1775572413,1775572413,default
1775572284,1_2200,1_100275,8,1_800891240,1_8025046,1775572413,1775572413,default
1775572284,1_59282,1_102717,165,1_800649640,1_7191,1775573280,1775571213,default
1775572284,1_59282,1_100072,181,1_721490260,1_7464,1775573640,1775572103,default
1775572284,1_59282,1_100072,181,1_721490200,1_7976104,1775572740,1775572740,default
1775572284,1_31890,1_100230,50,1_664485930,1_7976178,1775572437,1775572437,default
1775572284,1_25791,1_100214,372,1_694305890,1_6882,1775572298,1775572479,default
1775572284,1_620,40_590,590,40_816020,40_9735,1775572500,1775572481,default
1775572284,1_620,40_100239,550,40_597754100,40_7976645,1775572560,1775572560,default
1775572284,1_620,1_100104,212,1_774865970,1_7412,1775573220,1775573220,default
1775572284,1_620,1_100104,212,1_774865970,1_7976681,1775573220,1775573220,default
1775572284,1_10912,1_100162,271,1_585519750,1_7976353,1775573040,1775573040,default
1775572284,1_10912,40_100511,542,40_569563150,40_7976607,1775573160,1775573160,default
1775572284,1_71960,40_100511,542,40_721030820,40_7976602,1775572740,1775572740,default
1775572584,1_77930,1_102746,333,1_778703830,1_7975726,1775572697,1775572697,default
1775572584,1_51551,1_102736,H Line,1_694057290,1_7974963,1775572597,1775572597,default
1775572584,1_60161,1_100042,148,1_762076860,1_7328,1775572980,1775572006,default
1775572584,1_60161,1_100042,148,1_762076930,1_7976061,1775574780,1775574780,default
1775572584,1_970,40_590,590,40_2163020,40_61402,1775572591,1775572613,default
1775572584,1_30510,1_100006,107,1_635437390,1_7976051,1775572659,1775572659,default
1775572584,1_60453,1_102715,162,1_693754410,1_7315,1775572740,1775572365,default
1775572584,1_60453,1_102715,162,1_693754410,1_7975993,1775572740,1775572740,default
1775572584,1_320,40_100239,550,40_597752060,40_9806,1775572440,1775572643,default
1775572584,1_575,1_100219,4,1_675345090,1_7974886,1775572620,1775572620,default
1775572584,1_2850,1_100089,2,1_788758050,1_7091,1775573040,1775571585,default
1775572584,1_2850,1_100089,2,1_788757690,1_8023472,1775573700,1775573700,default
1775572584,1_46505,1_102619,F Line,1_635449540,1_7975992,1775572680,1775572680,default
1775572584,1_46505,1_102619,F Line,1_635448340,1_7976225,1775573280,1775573280,default
1775572584,1_29423,1_102732,79,1_816446270,1_8022130,1775574600,1775574600,default
1775572584,1_27420,1_100249,60,1_801585500,1_8025884,1775572688,1775572688,default
1775572584,1_23530,1_100259,67,1_724949100,1_7975673,1775572659,1775572659,default
1775572584,1_3470,1_100249,60,1_801585450,1_8025883,1775572680,1775572680,default
1775572584,1_57453,1_100060,168,1_693746750,1_7976231,1775574000,1775574046,default
1775572584,1_57453,1_100060,168,1_664460610,1_7976211,1775575800,1775575800,default
1775572584,1_52306,1_102619,F Line,1_635448770,1_7976226,1775572800,1775572800,default
1775572584,1_52306,1_102619,F Line,1_635448880,1_7975997,1775573400,1775573400,default
1775572584,1_32013,1_100246,57,1_801580900,1_7080,1775572920,1775571905,default
1775572584,1_17950,1_100062,17,1_721362420,1_7974608,1775575080,1775575080,default
1775572584,1_2970,1_100089,2,1_788757680,1_8023471,1775572638,1775572692,default
1775572584,1_41850,1_100006,107,1_635437390,1_7976051,1775572750,1775572750,default
1775572584,1_9605,1_100259,67,1_534486280,1_7975669,1775572320,1775572733,default
1775572584,1_22184,1_100024,125,1_721357630,1_7974702,1775572715,1775572715,default
1775572584,1_59282,1_102717,165,1_800649640,1_7191,1775573280,1775571213,default
1775572584,1_59282,1_100072,181,1_721490260,1_7464,1775573640,1775572103,default
1775572584,1_59282,1_100072,181,1_721490200,1_7976104,1775572740,1775572740,default
1775572584,1_68160,1_102548,B Line,1_721018120,1_7976638,1775572723,1775572723,default
1775572584,1_59872,1_102619,F Line,1_656237070,1_7976074,1775572792,1775572792,default
1775572584,1_57791,1_102718,184,1_635442720,1_7975994,1775572763,1775572763,default
1775572584,1_6330,1_100229,5,1_809331060,1_8025842,1775572737,1775572737,default
1775572584,1_620,40_100239,550,40_597756360,40_7976709,1775573160,1775573160,default
1775572584,1_620,1_100104,212,1_774865970,1_7412,1775573220,1775573220,default
1775572584,1_620,1_100104,212,1_774865970,1_7976681,1775573220,1775573220,default
1775572584,1_620,1_100459,218,1_774864120,1_6994,1775575440,1775573547,default
1775572584,1_10912,1_100264,70,1_801594000,1_8025832,1775572606,1775572791,default
1775572584,1_10912,1_100162,271,1_585519750,1_7976353,1775573040,1775573040,default
1775572584,1_10912,40_100511,542,40_569563150,40_7976607,1775573160,1775573160,default
1775572584,1_10912,1_100162,271,1_586298060,1_7976389,1775573820,1775573820,default
1775572584,1_71960,40_100511,542,40_721030920,40_7976603,1775573940,1775573940,default
1775572884,1_26560,1_102574,40,1_811901050,1_8026395,1775572916,1775572916,default
1775572884,1_60161,1_100042,148,1_762076860,1_7328,1775572980,1775572006,default
1775572884,1_60161,1_100042,148,1_762076930,1_7976061,1775574780,1775574780,default
1775572884,1_970,40_577,577,40_1842020,40_9125,1775572947,1775572947,default
1775572884,1_575,1_100089,2,1_788758040,1_8023470,1775572920,1775572920,default
1775572884,1_2850,1_100089,2,1_788758050,1_7091,1775573040,1775571585,default
1775572884,1_2850,1_100089,2,1_788757690,1_7140,1775573700,1775572707,default
1775572884,1_2850,1_100089,2,1_788757690,1_8023472,1775573700,1775573700,default
1775572884,1_46505,1_102619,F Line,1_635448340,1_7976225,1775573280,1775573280,default
1775572884,1_46505,1_102619,F Line,1_635448990,1_7976142,1775573880,1775573880,default
1775572884,1_29423,1_102732,79,1_816446270,1_8022130,1775574600,1775574600,default
1775572884,1_70832,1_100136,245,1_761787300,1_7976371,1775572929,1775572929,default
1775572884,1_57453,1_100060,168,1_693746750,1_7976231,1775574000,1775574000,default
1775572884,1_57453,1_100060,168,1_664460610,1_7976211,1775575800,1775575800,default
1775572884,1_79877,1_100162,271,1_569495510,1_6980,1775572980,1775572980,default
1775572884,1_11940,1_100039,14,1_562521020,1_7974987,1775572999,1775572999,default
1775572884,1_52306,1_102619,F Line,1_635448880,1_7975997,1775573400,1775573400,default
1775572884,1_17950,1_100062,17,1_721362420,1_7974608,1775575080,1775575080,default
1775572884,1_57804,1_100072,181,1_721490170,1_7976015,1775573299,1775573299,default
1775572884,1_59282,1_102717,165,1_800649640,1_7191,1775573280,1775571213,default
1775572884,1_59282,1_100072,181,1_721490260,1_7464,1775573640,1775572103,default
1775572884,1_59282,1_102717,165,1_800649650,1_7173,1775574600,1775572661,default
1775572884,1_59282,1_102717,165,1_800649660,1_8023727,1775576400,1775576400,default
1775572884,1_10210,1_100264,70,1_801594020,1_8026411,1775573090,1775573090,default
1775572884,1_620,40_100239,550,40_597756360,40_7976709,1775573160,1775573160,default
1775572884,1_620,1_100104,212,1_774865970,1_7976681,1775573220,1775573220,default
1775572884,1_620,1_100459,218,1_774864120,1_6994,1775575440,1775573547,default
1775572884,1_620,1_100104,212,1_774865980,1_6942,1775574540,1775573613,default
1775572884,1_68888,1_102552,226,1_816295920,1_8024715,1775573113,1775573113,default
1775572884,1_10912,40_100511,542,40_569563150,40_7976607,1775573160,1775573160,default
1775572884,1_10912,1_100162,271,1_586298060,1_7976389,1775573820,1775573820,default
1775572884,1_71960,40_100511,542,40_721030920,40_7976603,1775573940,1775573940,default
1775572884,1_8403,1_100039,14,1_562518640,1_7974991,1775572980,1775572980,default
1775573184,1_103,1_102745,G Line,1_736434650,1_7974691,1775573206,1775573206,default
1775573184,1_481,1_102576,C Line,1_800868530,1_8024973,1775573220,1775573220,default
1775573184,1_51551,1_102736,H Line,1_694057300,1_7974892,1775573257,1775573257,default
1775573184,1_52638,40_574,574,40_1799020,40_9312,1775573203,1775573211,default
1775573184,1_60161,1_100042,148,1_762076930,1_7976061,1775574780,1775574780,default
1775573184,1_60161,1_100042,148,1_762077090,1_7976055,1775576580,1775576580,default
1775573184,1_9750,1_100269,75,1_803350350,1_8022110,1775573029,1775573224,default
1775573184,1_575,1_102615,E Line,1_761423780,1_6117,1775573100,1775573231,default
1775573184,1_575,1_102581,D Line,1_585676040,1_6064,1775573100,1775573235,default
1775573184,1_575,1_102576,C Line,1_800868600,1_8024965,1775573280,1775573280,default
1775573184,1_13830,1_100193,32,1_651765480,1_7974543,1775573239,1775573239,default
1775573184,1_2850,1_100089,2,1_788757690,1_7140,1775573700,1775572707,default
1775573184,1_46505,1_102619,F Line,1_635448340,1_7976225,1775573280,1775573280,default
1775573184,1_46505,1_102619,F Line,1_635448990,1_7976142,1775573880,1775573880,default
1775573184,1_29423,1_102732,79,1_816446270,1_8022130,1775574600,1775574600,default
1775573184,1_57453,1_100060,168,1_693746750,1_7976231,1775574000,1775574000,default
1775573184,1_57453,1_100060,168,1_664460610,1_7976211,1775575800,1775575800,default
1775573184,1_68130,1_102548,B Line,1_721018350,1_6030,1775573244,1775573244,default
1775573184,1_52306,1_102619,F Line,1_635448880,1_7975997,1775573400,1775573400,default
1775573184,1_52306,1_102619,F Line,1_635449570,1_7976034,1775574000,1775574000,default
1775573184,1_31990,1_100026,128,1_806634280,1_1023,1775573124,1775573268,default
1775573184,1_21680,1_100023,124,1_800861740,1_8024942,1775573118,1775573284,default
1775573184,1_40030,1_102574,40,1_811900950,1_8221,1775573115,1775573290,default
1775573184,1_17950,1_100062,17,1_721362420,1_7974608,1775575080,1775575080,default
1775573184,1_22184,1_102736,H Line,1_694057620,1_7974897,1775573321,1775573321,default
1775573184,1_59282,1_100072,181,1_721490260,1_7464,1775573640,1775572103,default
1775573184,1_59282,1_102717,165,1_800649650,1_7173,1775574600,1775572661,default
1775573184,1_59282,1_102717,165,1_800649660,1_8023727,1775576400,1775576400,default
1775573184,1_59872,1_102619,F Line,1_635448480,1_7976083,1775573392,1775573392,default
1775573184,1_620,1_100459,218,1_774864120,1_6994,1775575440,1775573547,default
1775573184,1_620,1_100104,212,1_774865980,1_6942,1775574540,1775573613,default
1775573184,1_620,40_100240,554,40_774869930,40_7976694,1775573700,1775573700,default
1775573184,1_10912,1_100162,271,1_586298060,1_7976389,1775573820,1775573820,default
1775573184,1_10912,1_100162,271,1_585555270,1_7976620,1775574840,1775574840,default
1775573184,1_10912,1_100162,271,1_569495660,1_7976723,1775576640,1775576640,default
1775573184,1_71960,40_100511,542,40_721030920,40_7976603,1775573940,1775573940,default
1775573484,1_103,1_102745,G Line,1_736434710,1_7974686,1775573566,1775573566,default
1775573484,1_26560,1_102574,40,1_811901260,1_8026390,1775573516,1775573516,default
1775573484,1_60161,1_100042,148,1_762076930,1_7976061,1775574780,1775574780,default
1775573484,1_60161,1_100042,148,1_762077090,1_7976055,1775576580,1775576580,default
1775573484,1_970,40_594,594,40_1841020,40_9717,1775573430,1775573539,default
1775573484,1_2850,1_100089,2,1_788757690,1_7140,1775573700,1775572707,default
1775573484,1_2850,1_100089,2,1_788758060,1_8023466,1775574600,1775574600,default
1775573484,1_77910,1_102746,333,1_778703840,1_7975682,1775573527,1775573527,default
1775573484,1_46505,1_102619,F Line,1_635448990,1_7976142,1775573880,1775573880,default
1775573484,1_29423,1_102732,79,1_816446270,1_8022130,1775574600,1775574600,default
1775573484,1_29423,1_102732,79,1_817872860,1_8022127,1775575200,1775575200,default
1775573484,1_27290,1_100161,27,1_759817730,1_7974706,1775573550,1775573550,default
1775573484,1_57453,1_100060,168,1_693746750,1_7976231,1775574000,1775574057,default
1775573484,1_57453,1_100060,168,1_664460610,1_7976211,1775575800,1775575800,default
1775573484,1_79877,1_100162,271,1_569496460,1_7976349,1775573635,1775573635,default
1775573484,1_81199,1_100072,181,1_721490170,1_7976015,1775573603,1775573603,default
1775573484,1_52306,1_102619,F Line,1_635449570,1_7976034,1775574000,1775574000,default
1775573484,1_17950,1_100062,17,1_721362420,1_7974608,1775575080,1775575080,default
1775573484,1_60359,1_102720,160,1_770988120,1_7976095,1775573648,1775573648,default
1775573484,1_59282,1_100072,181,1_721490260,1_7464,1775573640,1775572103,default
1775573484,1_59282,1_102717,165,1_800649650,1_7173,1775574600,1775572661,default
1775573484,1_59282,1_100072,181,1_721481620,1_7129,1775574480,1775573324,default
1775573484,1_59282,1_102717,165,1_800649660,1_8023727,1775576400,1775576400,default
1775573484,1_31890,1_100230,50,1_664485250,1_7976177,1775573681,1775573681,default
1775573484,1_58138,1_102719,161,1_800652070,1_8023891,1775573640,1775573640,default
1775573484,1_620,1_100104,212,1_774865980,1_6942,1775574540,1775573613,default
1775573484,1_620,40_100240,554,40_774869930,40_7976694,1775573700,1775573700,default
1775573484,1_620,40_100239,550,40_597750720,40_7976618,1775573940,1775573940,default
1775573484,1_10912,1_100162,271,1_586298060,1_7976389,1775573820,1775573820,default
1775573484,1_10912,40_100511,542,40_569562800,40_7976605,1775574360,1775574360,default
1775573484,1_10912,1_100162,271,1_585555270,1_7976620,1775574840,1775574840,default
1775573484,1_10912,1_100162,271,1_569495660,1_7976723,1775576640,1775576640,default
1775573484,1_71960,40_100511,542,40_721030920,40_7976603,1775573940,1775573940,default
1775573484,1_3000,1_100089,2,1_788758050,1_8023453,1775573663,1775573663,default
1775573484,1_68400,1_100136,245,1_761787380,1_7976393,1775573653,1775573653,default
1775573784,1_6650,1_100229,5,1_809331060,1_8025842,1775573804,1775573804,default
1775573784,1_51551,1_102736,H Line,1_694057200,1_7974893,1775573857,1775573857,default
1775573784,1_60161,1_100042,148,1_762076930,1_7976061,1775574780,1775574780,default
1775573784,1_60161,1_100042,148,1_762077090,1_7976055,1775576580,1775576580,default
1775573784,1_30510,1_100249,60,1_801584920,1_8025826,1775573861,1775573861,default
1775573784,1_81205,1_100072,181,1_721490170,1_7976015,1775573851,1775573851,default
1775573784,1_575,1_102615,E Line,1_761417420,1_6107,1775573700,1775573829,default
1775573784,1_2850,1_100089,2,1_788758060,1_8023466,1775574600,1775574600,default
1775573784,1_8080,1_100006,107,1_762077830,1_7976110,1775573840,1775573840,default
1775573784,1_46505,1_102619,F Line,1_635448990,1_7976142,1775573880,1775573880,default
1775573784,1_29423,1_102732,79,1_816446270,1_8022130,1775574600,1775574600,default
1775573784,1_29423,1_102732,79,1_817872860,1_8022127,1775575200,1775575200,default
1775573784,1_280,40_100240,554,40_560097730,40_9800,1775573785,1775573839,default
1775573784,1_13810,1_102581,D Line,1_732750360,1_7974913,1775573835,1775573835,default
1775573784,1_70832,1_100136,245,1_761789630,1_7456,1775573829,1775573829,default
1775573784,1_57453,1_100060,168,1_693746750,1_7976231,1775574000,1775574003,default
1775573784,1_57453,1_100060,168,1_664460610,1_7976211,1775575800,1775575800,default
1775573784,1_68130,1_102548,B Line,1_721019030,1_6046,1775573844,1775573844,default
1775573784,1_76024,1_102702,239,1_736529570,1_7976432,1775573846,1775573846,default
1775573784,1_11940,1_100039,14,1_562518710,1_7974977,1775573899,1775573899,default
1775573784,1_52306,1_102619,F Line,1_635449570,1_7976034,1775574000,1775574000,default
1775573784,1_8530,1_100005,106,1_727785750,1_7975012,1775573886,1775573886,default
1775573784,1_40030,1_102574,40,1_811901850,1_8205,1775573715,1775573924,default
1775573784,1_17950,1_100062,17,1_721362420,1_7974608,1775575080,1775575080,default
1775573784,1_41850,1_100249,60,1_801584920,1_8025826,1775573966,1775573966,default
1775573784,1_59282,1_102717,165,1_800649650,1_7173,1775574600,1775572661,default
1775573784,1_59282,1_100072,181,1_721481620,1_7976082,1775574480,1775573324,default
1775573784,1_59282,1_100072,181,1_721481620,1_7129,1775574480,1775574480,default
1775573784,1_59282,1_102717,165,1_800649660,1_8023727,1775576400,1775576400,default
1775573784,1_35440,1_100269,75,1_803350600,1_8022021,1775573713,1775573949,default
1775573784,1_620,40_100239,550,40_597750720,40_7976618,1775573940,1775573940,default
1775573784,1_10912,40_100511,542,40_569562800,40_7976605,1775574360,1775574360,default
1775573784,1_10912,1_100162,271,1_585555270,1_7976620,1775574840,1775574840,default
1775573784,1_10912,1_100162,271,1_585519140,1_7976348,1775575800,1775575800,default
1775573784,1_10912,1_100162,271,1_569495660,1_7976723,1775576640,1775576640,default
1775573784,1_8403,1_100039,14,1_562518680,1_7974989,1775573880,1775573880,default
1775574084,1_481,1_102576,C Line,1_800868360,1_8025076,1775574120,1775574120,default
1775574084,1_26560,1_102574,40,1_811900900,1_8026397,1775574116,1775574116,default
1775574084,1_60161,1_100042,148,1_762076930,1_7976061,1775574780,1775574780,default
1775574084,1_60161,1_100042,148,1_762077090,1_7976055,1775576580,1775576580,default
1775574084,1_970,1_100003,101,1_800668550,1_6940,1775574114,1775574114,default
1775574084,1_575,1_100028,13,1_788758850,1_7155,1775573820,1775574154,default
1775574084,1_2850,1_100089,2,1_788758060,1_8023466,1775574600,1775574600,default
1775574084,1_2850,1_100089,2,1_788758070,1_8023473,1775575500,1775575500,default
1775574084,1_46505,1_102619,F Line,1_635449260,1_7976074,1775574780,1775574780,default
1775574084,1_29423,1_102732,79,1_816446270,1_8022130,1775574600,1775574600,default
1775574084,1_29423,1_102732,79,1_817872860,1_8022127,1775575200,1775575200,default
1775574084,1_27420,1_100161,27,1_759817730,1_7974706,1775574154,1775574154,default
1775574084,1_27420,1_100249,60,1_801585690,1_8026428,1775574248,1775574248,default
1775574084,1_3470,1_100210,36,1_800582790,1_8023383,1775574180,1775574180,default
1775574084,1_57453,1_100060,168,1_664460610,1_7976211,1775575800,1775575800,default
1775574084,1_52306,1_102619,F Line,1_635449110,1_7976017,1775574600,1775574600,default
1775574084,1_21945,1_102717,165,1_800649630,1_8023732,1775574180,1775574180,default
1775574084,1_29650,1_100224,44,1_664048660,1_7974923,1775574183,1775574183,default
1775574084,1_70665,1_100136,245,1_761787770,1_7976379,1775574216,1775574216,default
1775574084,1_17950,1_100062,17,1_721362420,1_7974608,1775575080,1775575080,default
1775574084,1_38220,1_100214,372,1_694306420,1_7976753,1775574191,1775574191,default
1775574084,1_59282,1_102717,165,1_800649650,1_7173,1775574600,1775572661,default
1775574084,1_59282,1_100072,181,1_721481620,1_7129,1775574480,1775574480,default
1775574084,1_59282,1_102717,165,1_800649660,1_8023727,1775576400,1775576400,default
1775574084,1_620,40_100236,545,40_806328780,40_8005179,1775574180,1775574334,default
1775574084,1_620,40_100236,545,40_806328780,40_9645,1775574180,1775574378,default
1775574084,1_620,40_100239,550,40_597754810,40_7976646,1775574660,1775574660,default
1775574084,1_10912,40_100511,542,40_569562800,40_7976605,1775574360,1775574360,default
1775574084,1_10912,1_100162,271,1_585555270,1_7976620,1775574840,1775574840,default
1775574084,1_10912,40_100511,542,40_569567870,40_7976686,1775575560,1775575560,default
1775574084,1_10912,1_100162,271,1_585519140,1_7976348,1775575800,1775575800,default
1775574084,1_10912,1_100162,271,1_569495660,1_7976723,1775576640,1775576640,default
1775574084,1_71960,40_100511,542,40_721031250,40_7976608,1775575080,1775575080,default
1775574384,1_29217,1_100224,44,1_664048270,1_4510,1775574422,1775574422,default
1775574384,1_73945,1_102704,250,1_816287810,1_8024763,1775574412,1775574412,default
1775574384,1_60161,1_100042,148,1_762076930,1_7976061,1775574780,1775574780,default
1775574384,1_60161,1_100042,148,1_762077090,1_7976055,1775576580,1775576580,default
1775574384,1_12770,1_100228,48,1_721361960,1_7974616,1775574400,1775574400,default
1775574384,1_575,1_100219,4,1_675345110,1_7974864,1775574420,1775574420,default
1775574384,1_575,1_102615,E Line,1_761417500,1_8107,1775574300,1775574425,default
1775574384,1_2850,1_100089,2,1_788758070,1_7157,1775575500,1775574159,default
1775574384,1_2850,1_100089,2,1_788758060,1_8023466,1775574600,1775574600,default
1775574384,1_2850,1_100089,2,1_788758070,1_8023473,1775575500,1775575500,default
1775574384,1_46505,1_102619,F Line,1_635449260,1_7976074,1775574780,1775574780,default
1775574384,1_29423,1_102732,79,1_816446270,1_8022130,1775574600,1775574600,default
1775574384,1_29423,1_102732,79,1_817872860,1_8022127,1775575200,1775575200,default
1775574384,1_29423,1_102732,79,1_816446390,1_8022070,1775575800,1775575800,default
1775574384,1_1190,40_100239,550,40_597750720,40_7976618,1775574452,1775574452,default
1775574384,1_57453,1_100060,168,1_664460610,1_7976211,1775575800,1775575816,default
1775574384,1_1510,1_100210,36,1_800582300,1_8023382,1775574441,1775574441,default
1775574384,1_68130,1_102548,B Line,1_721018050,1_6042,1775574444,1775574444,default
1775574384,1_72494,1_100160,269,1_806916990,1_8024688,1775574480,1775574480,default
1775574384,1_52306,1_102619,F Line,1_635449110,1_7976017,1775574600,1775574600,default
1775574384,1_52306,1_102619,F Line,1_656237180,1_7976229,1775575500,1775575500,default
1775574384,1_45670,1_100210,36,1_800583090,1_8023436,1775574412,1775574502,default
1775574384,1_17950,1_100062,17,1_721362420,1_7974608,1775575080,1775575080,default
1775574384,1_41940,1_100249,60,1_801585690,1_8026428,1775574517,1775574517,default
1775574384,1_2200,1_102581,D Line,1_732750360,1_7974913,1775574505,1775574505,default
1775574384,1_59282,1_102717,165,1_800649650,1_7173,1775574600,1775572661,default
1775574384,1_59282,1_102717,165,1_800649660,1_8023727,1775576400,1775576400,default
1775574384,1_59872,1_102619,F Line,1_635448770,1_7976226,1775574592,1775574592,default
1775574384,1_81684,1_100160,269,1_806916910,1_8024684,1775574600,1775574600,default
1775574384,1_57791,1_102718,184,1_635442730,1_7976222,1775574623,1775574623,default
1775574384,1_620,40_100239,550,40_597754810,40_7976646,1775574660,1775574660,default
1775574384,1_10912,1_100162,271,1_585555270,1_7976620,1775574840,1775574840,default
1775574384,1_10912,40_100511,542,40_569567870,40_7976686,1775575560,1775575560,default
1775574384,1_10912,1_100162,271,1_585519140,1_7976348,1775575800,1775575800,default
1775574384,1_10912,1_100162,271,1_569495660,1_7976723,1775576640,1775576640,default
1775574384,1_10912,1_100162,271,1_671213680,1_7976721,1775577360,1775577360,default
1775574384,1_71960,40_100511,542,40_721031250,40_7976608,1775575080,1775575080,default
1775574384,1_68400,1_100136,245,1_761787830,1_7976397,1775574592,1775574592,default
1775574684,1_26560,1_102574,40,1_811900940,1_8026392,1775574803,1775574803,default
1775574684,1_60161,1_100042,148,1_762076930,1_7976061,1775574780,1775574780,default
1775574684,1_60161,1_100042,148,1_762077090,1_7976055,1775576580,1775576580,default
1775574684,1_575,1_102576,C Line,1_800869270,1_8024967,1775574720,1775574720,default
1775574684,1_575,1_100089,2,1_788758050,1_8023453,1775574780,1775574780,default
1775574684,1_2850,1_100089,2,1_788758070,1_7157,1775575500,1775574159,default
1775574684,1_46505,1_102619,F Line,1_635449260,1_7976074,1775574780,1775574780,default
1775574684,1_46505,1_102619,F Line,1_635448490,1_7976083,1775575680,1775575680,default
1775574684,1_29423,1_102732,79,1_817872860,1_8022127,1775575200,1775575200,default
1775574684,1_29423,1_102732,79,1_816446390,1_8022070,1775575800,1775575800,default
1775574684,1_36800,1_100228,48,1_759805110,1_7974613,1775574728,1775574728,default
1775574684,1_70832,1_100136,245,1_761787050,1_7976373,1775574729,1775574729,default
1775574684,1_57453,1_100060,168,1_664460610,1_7976211,1775575800,1775575833,default
1775574684,1_58110,1_100045,150,1_800670190,1_8023774,1775574750,1775574750,default
1775574684,1_11940,1_100039,14,1_562518740,1_7974988,1775574799,1775574799,default
1775574684,1_73953,1_102702,239,1_736529070,1_7976433,1775574780,1775574780,default
1775574684,1_52306,1_102619,F Line,1_656237180,1_7976229,1775575500,1775575500,default
1775574684,1_16400,1_100252,62,1_800855080,1_8025066,1775574779,1775574779,default
1775574684,1_80121,1_102719,161,1_800652070,1_8023891,1775574826,1775574826,default
1775574684,1_17950,1_100062,17,1_721362420,1_7974608,1775575080,1775575080,default
1775574684,1_38220,1_100214,372,1_694306120,1_7976752,1775574791,1775574791,default
1775574684,1_57804,1_100072,181,1_721481780,1_7976033,1775575042,1775575042,default
1775574684,1_59282,1_100072,181,1_721481920,1_7345,1775575680,1775574671,default
1775574684,1_59282,1_102717,165,1_800649660,1_8023727,1775576400,1775576400,default
1775574684,1_19921,1_100101,21,1_809331120,1_8026439,1775574856,1775574856,default
1775574684,1_31890,1_100230,50,1_664485500,1_7976171,1775574881,1775574881,default
1775574684,1_620,40_100239,550,40_597756280,40_7976613,1775575380,1775575380,default
1775574684,1_10912,40_100511,542,40_569567870,40_7976686,1775575560,1775575560,default
1775574684,1_10912,1_100162,271,1_585519140,1_7976348,1775575800,1775575800,default
1775574684,1_10912,1_100162,271,1_569495660,1_7976723,1775576640,1775576640,default
1775574684,1_10912,40_100511,542,40_569562190,40_7976602,1775576760,1775576760,default
1775574684,1_10912,1_100162,271,1_671213680,1_7976721,1775577360,1775577360,default
1775574684,1_10912,1_100162,271,1_671213680,1_6923,1775577360,1775577360,default
1775574684,1_71960,40_100511,542,40_721031250,40_9636,1775575080,1775574736,default
1775574684,1_71960,40_100511,542,40_721031250,40_7976608,1775575080,1775575080,default
1775574684,1_8403,1_100039,14,1_562518690,1_7974990,1775574840,1775574840,default
1775574984,1_103,1_102745,G Line,1_736437330,1_7974684,1775575006,1775575006,default
1775574984,1_46791,1_100016,118,1_637324330,1_7976006,1775575140,1775575140,default
1775574984,1_52638,40_574,574,40_1323020,40_9126,1775575032,1775575021,default
1775574984,1_60161,1_100042,148,1_762077090,1_7976055,1775576580,1775576580,default
1775574984,1_970,1_100003,101,1_800668850,1_8172,1775575014,1775575033,default
1775574984,1_575,1_100210,36,1_800582300,1_8023382,1775575020,1775575020,default
1775574984,1_2850,1_100089,2,1_788758070,1_7157,1775575500,1775574159,default
1775574984,1_46505,1_102619,F Line,1_635448490,1_7976083,1775575680,1775575680,default
1775574984,1_29423,1_102732,79,1_817872860,1_8022127,1775575200,1775575200,default
1775574984,1_29423,1_102732,79,1_816446390,1_8022070,1775575800,1775575800,default
1775574984,1_57453,1_100060,168,1_664460610,1_7976211,1775575800,1775575800,default
1775574984,1_1510,1_100210,36,1_800582790,1_8023383,1775575101,1775575101,default
1775574984,1_68130,1_102548,B Line,1_721018660,1_6028,1775575044,1775575044,default
1775574984,1_75770,1_102615,E Line,1_813076790,1_6201,1775575037,1775575047,default
1775574984,1_71842,1_102753,222,1_774817430,1_7976415,1775575105,1775575105,default
1775574984,1_52306,1_102619,F Line,1_656237180,1_7976229,1775575500,1775575500,default
1775574984,1_52306,1_102619,F Line,1_656236520,1_7976085,1775576400,1775576400,default
1775574984,1_41128,1_100026,128,1_806634550,1_8023671,1775575116,1775575116,default
1775574984,1_8530,1_100005,106,1_727785910,1_7975008,1775575086,1775575086,default
1775574984,1_70665,1_100136,245,1_761787300,1_7318,1775575116,1775575116,default
1775574984,1_9030,1_100263,7,1_800588480,1_8023407,1775575124,1775575124,default
1775574984,1_76312,1_102705,230,1_664298480,1_7976336,1775575153,1775575153,default
1775574984,1_59282,1_100072,181,1_721481920,1_7345,1775575680,1775574671,default
1775574984,1_59282,1_102717,165,1_800649660,1_8023727,1775576400,1775576400,default
1775574984,1_82810,1_100133,240,1_806916200,1_8024705,1775575604,1775575086,default
1775574984,1_59872,1_102619,F Line,1_635448880,1_7975997,1775575192,1775575192,default
1775574984,1_45230,40_560,560,40_1109020,40_41513,1775574752,1775575157,default
1775574984,1_2260,1_100275,8,1_800891100,1_8057,1775575148,1775575148,default
1775574984,1_620,40_100239,550,40_597756280,40_7976613,1775575380,1775575380,default
1775574984,1_620,40_100240,554,40_774870500,40_7976695,1775575380,1775575380,default
1775574984,1_10912,40_100511,542,40_569567870,40_7976686,1775575560,1775575560,default
1775574984,1_10912,1_100162,271,1_585519140,1_7976348,1775575800,1775575800,default
1775574984,1_10912,1_100162,271,1_569495660,1_7976723,1775576640,1775576640,default
1775574984,1_10912,40_100511,542,40_569562190,40_7976602,1775576760,1775576760,default
1775574984,1_10912,1_100162,271,1_671213680,1_6923,1775577360,1775577360,default
1775575284,1_103,1_102745,G Line,1_736434820,1_7974687,1775575366,1775575366,default
1775575284,1_12170,1_100039,14,1_562518690,1_7974990,1775575359,1775575359,default
1775575284,1_26560,1_102574,40,1_811900950,1_8026394,1775575463,1775575463,default
1775575284,1_60161,1_100042,148,1_762077090,1_7976055,1775576580,1775576580,default
1775575284,1_30510,1_100249,60,1_801584900,1_8025824,1775575361,1775575361,default
1775575284,1_575,1_100219,4,1_675345120,1_7974884,1775575320,1775575320,default
1775575284,1_2850,1_100089,2,1_788758070,1_7157,1775575500,1775574159,default
1775575284,1_2850,1_100089,2,1_788757700,1_8023467,1775576040,1775576040,default
1775575284,1_46505,1_102619,F Line,1_635448490,1_7976083,1775575680,1775575680,default
1775575284,1_29423,1_102732,79,1_816446390,1_8022070,1775575800,1775575800,default
1775575284,1_3470,1_100210,36,1_800583090,1_8023436,1775575380,1775575380,default
1775575284,1_57453,1_100060,168,1_664460610,1_7976211,1775575800,1775575910,default
1775575284,1_77460,1_102746,333,1_778704520,1_7975682,1775575377,1775575377,default
1775575284,1_8190,1_100263,7,1_800588360,1_8023409,1775575376,1775575376,default
1775575284,1_52306,1_102619,F Line,1_656237180,1_7976229,1775575500,1775575500,default
1775575284,1_52306,1_102619,F Line,1_656236520,1_7976085,1775576400,1775576400,default
1775575284,1_41850,1_100249,60,1_801584900,1_8025824,1775575466,1775575466,default
1775575284,1_59282,1_100072,181,1_721481920,1_7345,1775575680,1775574671,default
1775575284,1_59282,1_102717,165,1_800649660,1_8023727,1775576400,1775576400,default
1775575284,1_620,40_100236,545,40_806328200,40_9670,1775575380,1775575546,default
1775575284,1_10912,40_100511,542,40_569567870,40_7976686,1775575560,1775575560,default
1775575284,1_10912,1_100162,271,1_585519140,1_7976348,1775575800,1775575800,default
1775575284,1_10912,1_100162,271,1_569495660,1_7976723,1775576640,1775576640,default
1775575284,1_10912,40_100511,542,40_569562190,40_7976602,1775576760,1775576760,default
1775575284,1_10912,1_100162,271,1_671213680,1_6923,1775577360,1775577360,default
1775575284,1_71960,40_100511,542,40_721030870,40_7976607,1775576340,1775576340,default
1775575584,1_60161,1_100042,148,1_762077090,1_7976055,1775576580,1775576580,default
1775575584,1_575,1_100028,13,1_788758860,1_7140,1775575380,1775575648,default
1775575584,1_575,1_100210,36,1_800582790,1_8023383,1775575680,1775575680,default
1775575584,1_575,1_102576,C Line,1_800868980,1_8025004,1775575680,1775575680,default
1775575584,1_2850,1_100089,2,1_788757700,1_7097,1775576040,1775575369,default
1775575584,1_2850,1_100089,2,1_788757700,1_8023467,1775576040,1775576040,default
1775575584,1_46505,1_102619,F Line,1_635448490,1_7976083,1775575680,1775575680,default
1775575584,1_29423,1_102732,79,1_816446390,1_8022070,1775575800,1775575800,default
1775575584,1_280,40_594,594,40_2339020,40_9305,1775575298,1775575657,default
1775575584,1_27420,1_100249,60,1_801584890,1_8025825,1775575748,1775575748,default
1775575584,1_3470,1_100249,60,1_801584900,1_8025824,1775575680,1775575680,default
1775575584,1_64405,1_100099,208,1_630242830,1_7976388,1775575672,1775575672,default
1775575584,1_57453,1_100060,168,1_664460610,1_7976211,1775575800,1775575966,default
1775575584,1_11940,1_100039,14,1_562518760,1_7974991,1775575759,1775575759,default
1775575584,1_52306,1_102619,F Line,1_656236520,1_7976085,1775576400,1775576400,default
1775575584,1_80121,1_102719,161,1_800652450,1_8023879,1775575726,1775575726,default
1775575584,1_38220,1_100214,372,1_694305740,1_7976749,1775575725,1775575725,default
1775575584,1_22184,1_102736,H Line,1_694057670,1_7974898,1775575721,1775575721,default
1775575584,1_59282,1_102717,165,1_800649660,1_7164,1775576400,1775575431,default
1775575584,1_59282,1_102717,165,1_800649660,1_8023727,1775576400,1775576400,default
1775575584,1_35440,1_100269,75,1_803351100,1_8022022,1775575453,1775575735,default
1775575584,1_620,40_100239,550,40_597752660,40_7976616,1775576100,1775576100,default
1775575584,1_10912,1_100162,271,1_585519140,1_7976348,1775575800,1775575800,default
1775575584,1_10912,1_100162,271,1_569495660,1_7976723,1775576640,1775576640,default
1775575584,1_10912,40_100511,542,40_569562190,40_7976602,1775576760,1775576760,default
1775575584,1_10912,1_100162,271,1_671213680,1_6923,1775577360,1775577360,default
1775575584,1_71960,40_100511,542,40_721030870,40_7976607,1775576340,1775576340,default
1775575584,1_8403,1_100039,14,1_562518720,1_7974992,1775575800,1775575800,default
1775575884,1_26560,1_102574,40,1_811901850,1_8025886,1775576063,1775576063,default
1775575884,1_60161,1_100042,148,1_762077090,1_7444,1775576580,1775575563,default
1775575884,1_970,1_100003,101,1_800668560,1_8141,1775575914,1775575914,default
1775575884,1_575,1_100001,1,1_800579630,1_4385,1775575740,1775575968,default
1775575884,1_2850,1_100089,2,1_788757700,1_7097,1775576040,1775575369,default
1775575884,1_46505,1_102619,F Line,1_635448780,1_7976226,1775576580,1775576580,default
1775575884,1_13810,1_102581,D Line,1_800600870,1_8022123,1775575962,1775575962,default
1775575884,1_27420,1_100161,27,1_759817770,1_7974705,1775575954,1775575954,default
1775575884,1_3470,1_100210,36,1_800583500,1_8023416,1775575980,1775575980,default
1775575884,1_52306,1_102619,F Line,1_656236520,1_7976085,1775576400,1775576400,default
1775575884,1_21945,1_102717,165,1_800649640,1_8023878,1775575980,1775575980,default
1775575884,1_8530,1_100005,106,1_727785920,1_7975010,1775575986,1775575986,default
1775575884,1_70665,1_100136,245,1_761789630,1_7976372,1775576016,1775576016,default
1775575884,1_41940,1_100249,60,1_801584890,1_8025825,1775576017,1775576017,default
1775575884,1_59282,1_102717,165,1_800649660,1_7164,1775576400,1775575431,default
1775575884,1_59282,1_100072,181,1_721481790,1_7976037,1775579280,1775579280,default
1775575884,1_620,40_100236,545,40_806327160,40_8005193,1775575980,1775576075,default
1775575884,1_620,40_100236,545,40_806327160,40_9686,1775575980,1775576087,default
1775575884,1_620,40_100239,550,40_597752660,40_7976616,1775576100,1775576100,default
1775575884,1_620,40_100240,554,40_774869480,40_7976705,1775576280,1775576280,default
1775575884,1_10912,1_100162,271,1_569495660,1_7976723,1775576640,1775576640,default
1775575884,1_10912,40_100511,542,40_569562190,40_7976602,1775576760,1775576760,default
1775575884,1_10912,1_100162,271,1_671213680,1_6923,1775577360,1775577360,default
1775575884,1_71960,40_100511,542,40_721030870,40_7976607,1775576340,1775576340,default
1775575884,1_8403,1_100039,14,1_562518720,1_7974992,1775575800,1775575800,default
1775576184,1_28370,1_102574,40,1_811901040,1_8026393,1775576189,1775576189,default
1775576184,1_60161,1_100042,148,1_762077090,1_7444,1775576580,1775575563,default
1775576184,1_12770,1_100228,48,1_721360330,1_7974619,1775576320,1775576320,default
1775576184,1_575,1_100219,4,1_675345130,1_7974867,1775576220,1775576220,default
1775576184,1_2850,1_100089,2,1_788758080,1_8023468,1775577000,1775577000,default
1775576184,1_46505,1_102619,F Line,1_635448780,1_7976226,1775576580,1775576580,default
1775576184,1_25140,1_100254,65,1_778693420,1_7975677,1775576031,1775576269,default
1775576184,1_77460,1_102746,333,1_778704720,1_7975728,1775576277,1775576277,default
1775576184,1_1510,1_100210,36,1_800583090,1_8023436,1775576301,1775576301,default
1775576184,1_79877,1_100162,271,1_585519750,1_7976353,1775576280,1775576280,default
1775576184,1_73366,1_102548,B Line,1_721018660,1_7976624,1775576260,1775576260,default
1775576184,1_79610,1_100006,107,1_696733600,1_7976109,1775576276,1775576276,default
1775576184,1_52306,1_102619,F Line,1_656236520,1_6280,1775576400,1775576116,default
1775576184,1_52306,1_102619,F Line,1_656236520,1_7976085,1775576400,1775576400,default
1775576184,1_52306,1_102619,F Line,1_656236220,1_7976225,1775577300,1775577300,default
1775576184,1_30800,1_100230,50,1_785559630,1_7976178,1775576296,1775576296,default
1775576184,1_9605,1_100259,67,1_761383780,1_7975675,1775576040,1775576340,default
1775576184,1_59282,1_102717,165,1_800649660,1_7164,1775576400,1775575431,default
1775576184,1_59282,1_100072,181,1_721481790,1_7976037,1775579280,1775579280,default
1775576184,1_59872,1_102619,F Line,1_635449110,1_7976017,1775576392,1775576392,default
1775576184,1_35440,1_100269,75,1_803349940,1_8022105,1775576293,1775576320,default
1775576184,1_12760,1_100173,3,1_761127050,1_4403,1775576242,1775576332,default
1775576184,1_57791,1_102718,184,1_635442740,1_7975994,1775576423,1775576423,default
1775576184,1_10912,1_100214,372,1_694306210,1_7425,1775576241,1775576352,default
1775576184,1_10912,1_100264,70,1_801593770,1_8253,1775576266,1775576359,default
1775576184,1_10912,1_100162,271,1_569495660,1_7976723,1775576640,1775576640,default
1775576184,1_10912,40_100511,542,40_569562190,40_7976602,1775576760,1775576760,default
1775576184,1_10912,1_100162,271,1_671213680,1_6923,1775577360,1775577360,default
1775576184,1_71960,1_102752,223,1_816297480,1_8024748,1775576460,1775576460,default
1775576484,1_60161,1_100042,148,1_762077090,1_7444,1775576580,1775575563,default
1775576484,1_320,40_100239,550,40_597754890,40_9659,1775576460,1775576583,default
1775576484,1_575,1_102581,D Line,1_628189390,1_6090,1775576460,1775576567,default
1775576484,1_575,1_100219,4,1_675345530,1_7974868,1775576640,1775576640,default
1775576484,1_13830,1_102581,D Line,1_803817690,1_8023487,1775576531,1775576531,default
1775576484,1_2850,1_100089,2,1_788758080,1_8023468,1775577000,1775577000,default
1775576484,1_46505,1_102619,F Line,1_635448780,1_7976226,1775576580,1775576580,default
1775576484,1_46505,1_102619,F Line,1_656236730,1_7975997,1775577480,1775577480,default
1775576484,1_36800,1_100228,48,1_759804950,1_8029,1775576528,1775576528,default
1775576484,1_1190,40_100239,550,40_597752660,40_7976616,1775576612,1775576612,default
1775576484,1_3470,1_100210,36,1_800582500,1_8023380,1775576580,1775576580,default
1775576484,1_72494,1_100160,269,1_806917770,1_8024685,1775576640,1775576640,default
1775576484,1_84810,1_102752,223,1_833610640,1_8024726,1775576634,1775576634,default
1775576484,1_52306,1_102619,F Line,1_656236220,1_7976225,1775577300,1775577300,default
1775576484,1_99254,40_590,590,40_1296020,40_41502,1775576656,1775576636,default
1775576484,1_58112,1_100045,150,1_800670370,1_8023775,1775576628,1775576628,default
1775576484,1_38220,1_100214,372,1_694306690,1_7976754,1775576625,1775576625,default
1775576484,1_2200,1_102581,D Line,1_800600870,1_8022123,1775576665,1775576665,default
1775576484,1_59282,1_100072,181,1_721481460,1_7322,1775577480,1775576339,default
1775576484,1_59282,1_100072,181,1_721481790,1_7976037,1775579280,1775579280,default
1775576484,1_55831,1_100005,106,1_727785650,1_7975005,1775576689,1775576689,default
1775576484,1_81684,1_100160,269,1_806917840,1_8024683,1775576640,1775576640,default
1775576484,1_620,40_100236,545,40_806328560,40_9672,1775576580,1775576667,default
1775576484,1_10912,1_100447,49,1_801235410,1_8023493,1775576490,1775576672,default
1775576484,1_10912,1_100223,43,1_800586800,1_8023387,1775576360,1775576689,default
1775576484,1_10912,40_100511,542,40_569562190,40_7976602,1775576760,1775576760,default
1775576484,1_10912,1_100162,271,1_671213680,1_6923,1775577360,1775577360,default
1775576484,1_3000,1_100089,2,1_788757700,1_8023467,1775576663,1775576663,default
1775576784,1_103,1_102745,G Line,1_736434790,1_7974689,1775576806,1775576806,default
1775576784,1_28370,1_102574,40,1_811901600,1_8026388,1775576789,1775576789,default
1775576784,1_29217,1_100224,44,1_800586110,1_4556,1775576702,1775576829,default
1775576784,1_8541,1_100039,14,1_562518800,1_7974986,1775576820,1775576820,default
1775576784,1_30790,1_100249,60,1_801585400,1_8025884,1775576857,1775576857,default
1775576784,1_575,1_100001,1,1_800579670,1_4311,1775576700,1775576849,default
1775576784,1_575,1_100210,36,1_800583090,1_8023436,1775576880,1775576880,default
1775576784,1_2850,1_100089,2,1_788758080,1_8023468,1775577000,1775577000,default
1775576784,1_46505,1_102619,F Line,1_656236730,1_7975997,1775577480,1775577480,default
1775576784,1_1510,1_100210,36,1_800583500,1_8023416,1775576901,1775576901,default
1775576784,1_52306,1_102619,F Line,1_656236220,1_7976225,1775577300,1775577300,default
1775576784,1_52306,1_102619,F Line,1_656236830,1_7976142,1775578200,1775578200,default
1775576784,1_8530,1_100263,7,1_800588360,1_8023409,1775576949,1775576949,default
1775576784,1_18230,1_100193,32,1_651766700,1_7974548,1775576889,1775576889,default
1775576784,1_41850,1_100249,60,1_801584960,1_8025823,1775576906,1775576906,default
1775576784,1_9605,1_100259,67,1_761383720,1_7975673,1775576940,1775576940,default
1775576784,1_59282,1_100072,181,1_721481460,1_7322,1775577480,1775576339,default
1775576784,1_59282,1_100072,181,1_721481790,1_7976037,1775579280,1775579280,default
1775576784,1_58079,1_102719,161,1_800651720,1_8023902,1775576880,1775576936,default
1775576784,1_620,40_590,590,40_1296020,40_41502,1775577000,1775576984,default
1775576784,1_620,40_100239,550,40_597752130,40_7976612,1775577300,1775577300,default
1775576784,1_10912,1_100224,44,1_664048100,1_7974928,1775576977,1775576977,default
1775576784,1_10912,1_100162,271,1_671213680,1_6923,1775577360,1775577360,default
1775576784,1_10912,1_100162,271,1_569553850,1_7976666,1775578140,1775578140,default
1775576784,1_71960,40_100511,542,40_721031470,40_7976605,1775577540,1775577540,default
1775576784,1_8403,1_100039,14,1_562518780,1_7974978,1775576760,1775576760,default
1775577084,1_103,1_102745,G Line,1_736434740,1_7974685,1775577166,1775577166,default
1775577084,1_73945,1_102704,250,1_816287860,1_8024719,1775577112,1775577112,default
1775577084,1_12770,1_100228,48,1_721361930,1_7974615,1775577160,1775577160,default
1775577084,1_320,40_594,594,40_2237020,40_9736,1775577300,1775577232,default
1775577084,1_46505,1_102619,F Line,1_656236730,1_6011,1775577480,1775576880,default
1775577084,1_46505,1_102619,F Line,1_656236730,1_7975997,1775577480,1775577480,default
1775577084,1_280,40_100240,554,40_694283900,40_7976695,1775576965,1775577135,default
1775577084,1_27420,1_100249,60,1_801585200,1_8025818,1775577188,1775577188,default
1775577084,1_77460,1_102746,333,1_778704730,1_7975730,1775577177,1775577177,default
1775577084,1_50774,1_100045,150,1_694514590,1_8175,1775577066,1775577153,default
1775577084,1_10653,1_100252,62,1_800855090,1_8025081,1775577180,1775577180,default
1775577084,1_79610,1_100006,107,1_635437410,1_7976051,1775577172,1775577172,default
1775577084,1_24330,1_100132,24,1_800862110,1_8024981,1775577028,1775577166,default
1775577084,1_52306,1_102619,F Line,1_656236220,1_7976225,1775577300,1775577300,default
1775577084,1_52306,1_102619,F Line,1_656236830,1_7976142,1775578200,1775578200,default
1775577084,1_81426,1_102702,239,1_736529590,1_7976433,1775577186,1775577186,default
1775577084,1_59282,1_100072,181,1_721481460,1_7322,1775577480,1775576339,default
1775577084,1_59282,1_102717,165,1_800649230,1_8023716,1775577240,1775577240,default
1775577084,1_59282,1_100072,181,1_721481790,1_7976037,1775579280,1775579280,default
1775577084,1_31890,1_100230,50,1_664485120,1_7976176,1775577281,1775577281,default
1775577084,1_620,40_100239,550,40_597752130,40_7976612,1775577300,1775577300,default
1775577084,1_10912,1_100162,271,1_671213680,1_6923,1775577360,1775577360,default
1775577084,1_10912,1_100162,271,1_569553850,1_7976666,1775578140,1775578140,default
1775577084,1_10912,40_100511,542,40_569565600,40_7976608,1775578200,1775578200,default
1775577084,1_71960,40_100511,542,40_721031470,40_7976605,1775577540,1775577540,default
1775577084,1_46080,1_100006,107,1_762077230,1_7976071,1775576802,1775577290,default
1775577384,1_60161,1_100042,148,1_762077020,1_7976053,1775578440,1775578440,default
1775577384,1_30510,1_100249,60,1_801585410,1_8025817,1775577461,1775577461,default
1775577384,1_575,1_102576,C Line,1_800868260,1_8024975,1775577420,1775577420,default
1775577384,1_575,1_100210,36,1_800583500,1_8023416,1775577480,1775577480,default
1775577384,1_2850,1_100089,2,1_788757710,1_7095,1775577960,1775577270,default
1775577384,1_2850,1_100089,2,1_788757710,1_8023446,1775577960,1775577960,default
1775577384,1_46505,1_102619,F Line,1_656236730,1_6011,1775577480,1775576880,default
1775577384,1_36800,1_100228,48,1_759805620,1_7974616,1775577428,1775577428,default
1775577384,1_70832,1_100136,245,1_761787680,1_7976393,1775577429,1775577429,default
1775577384,1_1510,1_100210,36,1_800582500,1_8023380,1775577458,1775577458,default
1775577384,1_11940,1_100039,14,1_562518850,1_7974994,1775577499,1775577499,default
1775577384,1_52306,1_102619,F Line,1_656236830,1_7976142,1775578200,1775578200,default
1775577384,1_80121,1_102719,161,1_800652080,1_8023791,1775577466,1775577466,default
1775577384,1_48390,1_100030,131,1_800858570,1_8024998,1775577497,1775577497,default
1775577384,1_43782,1_100275,8,1_800891120,1_8025080,1775577528,1775577528,default
1775577384,1_59282,1_102717,165,1_800649670,1_7061,1775578140,1775577376,default
1775577384,1_59282,1_102717,165,1_800649670,1_8023716,1775578140,1775578140,default
1775577384,1_59282,1_100072,181,1_721481790,1_7976037,1775579280,1775579280,default
1775577384,1_55831,1_100005,106,1_727785690,1_7975011,1775577589,1775577589,default
1775577384,1_620,40_100239,550,40_597756660,40_7976614,1775577840,1775577840,default
1775577384,1_10912,1_100264,70,1_801594210,1_8234,1775577466,1775577559,default
1775577384,1_10912,1_100224,44,1_664048590,1_7974923,1775577577,1775577577,default
1775577384,1_10912,1_100162,271,1_569553850,1_7976666,1775578140,1775578140,default
1775577384,1_10912,40_100511,542,40_569565600,40_7976608,1775578200,1775578200,default
1775577384,1_71960,1_102752,223,1_816297490,1_8024723,1775577600,1775577600,default
1775577684,1_8310,1_100263,7,1_800588390,1_8023403,1775577711,1775577711,default
1775577684,1_60161,1_100042,148,1_762077020,1_7976053,1775578440,1775578440,default
1775577684,1_8541,1_100039,14,1_562518860,1_7974993,1775577720,1775577720,default
1775577684,1_575,1_100001,1,1_800579730,1_4314,1775577600,1775577748,default
1775577684,1_2850,1_100089,2,1_788757710,1_7095,1775577960,1775577270,default
1775577684,1_46505,1_102619,F Line,1_656236950,1_6284,1775578380,1775577398,default
1775577684,1_1190,40_100239,550,40_597752130,40_7976612,1775577812,1775577812,default
1775577684,1_3470,1_100249,60,1_801585410,1_8025817,1775577780,1775577780,default
1775577684,1_84810,1_102752,223,1_833610650,1_8024750,1775577847,1775577847,default
1775577684,1_52306,1_102619,F Line,1_656236830,1_7976142,1775578200,1775578200,default
1775577684,1_52306,1_102619,F Line,1_656237090,1_7976074,1775579100,1775579100,default
1775577684,1_45751,1_100023,124,1_800862060,1_8024948,1775577705,1775577789,default
1775577684,1_9605,1_100259,67,1_761384500,1_7975678,1775577840,1775577840,default
1775577684,1_2200,1_100089,2,1_788758460,1_7091,1775577806,1775577806,default
1775577684,1_59282,1_102717,165,1_800649670,1_7061,1775578140,1775577376,default
1775577684,1_59282,1_100072,181,1_721481790,1_7976037,1775579280,1775579280,default
1775577684,1_59810,1_100042,148,1_762077090,1_7976055,1775577782,1775577828,default
1775577684,1_620,40_100239,550,40_597756660,40_7976614,1775577840,1775577840,default
1775577684,1_620,40_100236,545,40_806328030,40_8005182,1775577900,1775577900,default
1775577684,1_620,40_100236,545,40_806328030,40_9651,1775577900,1775577943,default
1775577684,1_620,40_100240,554,40_774868130,40_7976696,1775578020,1775578020,default
1775577684,1_10912,1_100162,271,1_569553850,1_7976666,1775578140,1775578140,default
1775577684,1_10912,40_100511,542,40_569565600,40_7976608,1775578200,1775578200,default
1775577684,1_10912,1_100162,271,1_569495530,1_7976369,1775579100,1775579100,default
1775577684,1_8403,1_100039,14,1_562518800,1_7974986,1775577720,1775577720,default
1775577984,1_29217,1_100224,44,1_659992280,1_4553,1775578022,1775578022,default
1775577984,1_60161,1_100042,148,1_762077020,1_7450,1775578440,1775577813,default
1775577984,1_60161,1_100042,148,1_762077020,1_7976053,1775578440,1775578440,default
1775577984,1_30790,1_100006,107,1_800645740,1_7346,1775577912,1775578016,default
1775577984,1_575,1_100210,36,1_800582500,1_8023380,1775578020,1775578020,default
1775577984,1_46505,1_102619,F Line,1_656236950,1_6284,1775578380,1775577398,default
1775577984,1_77460,1_102746,333,1_778704980,1_7975683,1775578077,1775578077,default
1775577984,1_10653,1_100252,62,1_800855000,1_8025003,1775578080,1775578080,default
1775577984,1_52306,1_102619,F Line,1_656236830,1_7976142,1775578200,1775578200,default
1775577984,1_52306,1_102619,F Line,1_656237090,1_7976074,1775579100,1775579100,default
1775577984,1_40030,1_102574,40,1_811901470,1_8229,1775578035,1775578102,default
1775577984,1_2200,1_102581,D Line,1_800600690,1_8022077,1775578105,1775578105,default
1775577984,1_59282,1_102717,165,1_800649670,1_7061,1775578140,1775577376,default
1775577984,1_59282,1_100072,181,1_721481790,1_7976037,1775579280,1775579280,default
1775577984,1_45360,1_100006,107,1_696733640,1_7485,1775577856,1775578127,default
1775577984,1_12760,1_100173,3,1_761126960,1_4401,1775578056,1775578149,default
1775577984,1_10912,1_100214,372,1_694306050,1_6908,1775578041,1775578146,default
1775577984,1_10912,40_100511,542,40_569565600,40_7976608,1775578200,1775578200,default
1775577984,1_10912,1_100162,271,1_569495530,1_7976369,1775579100,1775579100,default
1775577984,1_10912,1_100162,271,1_569496980,1_7976364,1775580060,1775580060,default
1775577984,1_71960,40_100511,542,40_721030860,40_7976686,1775579340,1775579340,default
1775578284,1_12170,1_100039,14,1_562518800,1_7974986,1775578299,1775578299,default
1775578284,1_46791,1_100016,118,1_669626560,1_7976007,1775578380,1775578380,default
1775578284,1_55290,1_100006,107,1_762077230,1_7976071,1775577775,1775578292,default
1775578284,1_60161,1_100042,148,1_762077020,1_7450,1775578440,1775577813,default
1775578284,1_970,1_100045,150,1_800669680,1_8170,1775578194,1775578341,default
1775578284,1_575,1_100263,7,1_800588370,1_8023484,1775578320,1775578320,default
1775578284,1_2850,1_100089,2,1_788758090,1_8023470,1775578920,1775578920,default
1775578284,1_46505,1_102619,F Line,1_656236950,1_6284,1775578380,1775577398,default
1775578284,1_280,40_100240,554,40_560098600,40_9804,1775578193,1775578354,default
1775578284,1_1190,40_100239,550,40_597756660,40_7976614,1775578352,1775578352,default
1775578284,1_23530,1_100259,67,1_724947860,1_7975714,1775578359,1775578359,default
1775578284,1_56440,1_100005,106,1_727785550,1_7975012,1775578360,1775578360,default
1775578284,1_72494,1_100160,269,1_806918490,1_8024686,1775578440,1775578440,default
1775578284,1_79610,1_100006,107,1_694532150,1_7976108,1775578415,1775578415,default
1775578284,1_11940,1_100039,14,1_562518900,1_7974990,1775578399,1775578399,default
1775578284,1_52306,1_102619,F Line,1_656237090,1_7976074,1775579100,1775579100,default
1775578284,1_38220,1_100214,372,1_694305880,1_7976764,1775578425,1775578425,default
1775578284,1_36510,1_100024,125,1_685929970,1_7974704,1775578315,1775578422,default
1775578284,1_57804,1_100072,181,1_721481930,1_7976104,1775578642,1775578642,default
1775578284,1_59282,1_100072,181,1_721481790,1_7491,1775579280,1775578251,default
1775578284,1_59282,1_100072,181,1_721481790,1_7976037,1775579280,1775579280,default
1775578284,1_55831,1_100005,106,1_727785630,1_7975013,1775578489,1775578489,default
1775578284,1_31890,1_100230,50,1_664485850,1_7976173,1775578437,1775578437,default
1775578284,1_81684,1_100160,269,1_806917270,1_8024688,1775578500,1775578500,default
1775578284,1_10912,1_100228,48,1_721358610,1_8043,1775578440,1775578457,default
1775578284,1_10912,1_100162,271,1_569495530,1_7976369,1775579100,1775579100,default
1775578284,1_10912,1_100162,271,1_569496980,1_7976364,1775580060,1775580060,default
1775578284,1_71960,40_100511,542,40_721030860,40_7976686,1775579340,1775579340,default
1775578584,1_103,1_102745,G Line,1_736437100,1_7974688,1775578606,1775578606,default
1775578584,1_970,1_100003,101,1_800668590,1_6956,1775578614,1775578614,default
1775578584,1_8541,1_100039,14,1_562521050,1_7974987,1775578620,1775578620,default
1775578584,1_575,1_100089,2,1_788758080,1_8023468,1775578620,1775578620,default
1775578584,1_2850,1_100089,2,1_788758090,1_7115,1775578920,1775578236,default
1775578584,1_46505,1_102619,F Line,1_770992180,1_7976229,1775579340,1775579340,default
1775578584,1_29423,1_102732,79,1_816446360,1_8022069,1775579400,1775579400,default
1775578584,1_9850,1_100269,75,1_803350340,1_8022017,1775578557,1775578650,default
1775578584,1_73112,1_102704,250,1_806914830,1_8024763,1775578667,1775578667,default
1775578584,1_52306,1_102619,F Line,1_656237090,1_7976074,1775579100,1775579100,default
1775578584,1_52306,1_102619,F Line,1_721495920,1_7976083,1775579940,1775579940,default
1775578584,1_41128,1_100026,128,1_806634400,1_8023658,1775578683,1775578683,default
1775578584,1_9605,1_100193,32,1_651765460,1_7041,1775578580,1775578709,default
1775578584,1_59282,1_100072,181,1_721481790,1_7491,1775579280,1775578251,default
1775578584,1_59282,1_102717,165,1_800649680,1_8023877,1775579820,1775579820,default
1775578584,1_58079,1_102719,161,1_800651730,1_8023891,1775578680,1775578745,default
1775578584,1_620,40_100236,545,40_806326680,40_8005181,1775578800,1775578827,default
1775578584,1_620,40_100236,545,40_806326680,40_9811,1775578800,1775578867,default
1775578584,1_620,40_100240,554,40_774869230,40_7976693,1775578980,1775578980,default
1775578584,1_620,40_100239,550,40_597754090,40_7976645,1775579040,1775579040,default
1775578584,1_10912,1_100264,70,1_801593860,1_8232,1775578666,1775578762,default
1775578584,1_10912,1_100224,44,1_659992690,1_7974929,1775578777,1775578777,default
1775578584,1_10912,1_100162,271,1_569495530,1_7976369,1775579100,1775579100,default
1775578584,1_10912,40_100511,542,40_569563320,40_7976607,1775579520,1775579520,default
1775578584,1_10912,1_100162,271,1_569496980,1_7976364,1775580060,1775580060,default
1775578584,1_71960,1_102752,223,1_816297500,1_8024752,1775578800,1775578800,default
1775578584,1_71960,40_100511,542,40_721030860,40_7976686,1775579340,1775579340,default
1775578584,1_8403,1_100039,14,1_562518860,1_7974993,1775578620,1775578620,default
1775578884,1_103,1_102745,G Line,1_736434870,1_7974691,1775578966,1775578966,default
1775578884,1_970,40_594,594,40_1835020,40_9714,1775578830,1775578956,default
1775578884,1_8541,1_100005,106,1_727785490,1_7033,1775578740,1775578911,default
1775578884,1_2850,1_100089,2,1_788758090,1_7115,1775578920,1775578236,default
1775578884,1_46505,1_102619,F Line,1_770992180,1_7976229,1775579340,1775579340,default
1775578884,1_29423,1_102732,79,1_816446360,1_8022069,1775579400,1775579400,default
1775578884,1_77460,1_102746,333,1_778704500,1_7975727,1775578977,1775578977,default
1775578884,1_79877,1_100162,271,1_585519140,1_7976348,1775578975,1775578975,default
1775578884,1_10653,1_100252,62,1_800855100,1_8024964,1775578980,1775578980,default
1775578884,1_84810,1_102752,223,1_833610660,1_8024748,1775579047,1775579047,default
1775578884,1_52306,1_102619,F Line,1_656237090,1_7976074,1775579100,1775579100,default
1775578884,1_52306,1_102619,F Line,1_721495920,1_7976083,1775579940,1775579940,default
1775578884,1_81426,1_102702,239,1_736529600,1_7976431,1775578986,1775578986,default
1775578884,1_59282,1_100072,181,1_721481790,1_7491,1775579280,1775578251,default
1775578884,1_59282,1_102717,165,1_800649680,1_7477,1775579820,1775578718,default
1775578884,1_59282,1_102717,165,1_800649680,1_8023877,1775579820,1775579820,default
1775578884,1_620,40_100239,550,40_597754090,40_7976645,1775579040,1775579040,default
1775578884,1_10912,1_100162,271,1_569495530,1_7976369,1775579100,1775579100,default
1775578884,1_10912,40_100511,542,40_569563320,40_7976607,1775579520,1775579520,default
1775578884,1_10912,1_100162,271,1_569496980,1_7976364,1775580060,1775580060,default
1775578884,1_71960,40_100511,542,40_721030860,40_7976686,1775579340,1775579340,default
1775579184,1_12170,1_100039,14,1_562518860,1_7974993,1775579199,1775579199,default
1775579184,1_60161,1_100042,148,1_762077480,1_7976051,1775580240,1775580240,default
1775579184,1_970,40_578,578,40_253020,40_41507,1775579127,1775579232,default
1775579184,1_74268,1_102702,239,1_736529100,1_7976434,1775579236,1775579236,default
1775579184,1_320,40_594,594,40_1835020,40_9714,1775579100,1775579287,default
1775579184,1_2850,1_100089,2,1_788757720,1_8023471,1775579940,1775579940,default
1775579184,1_31620,1_100023,124,1_800862310,1_8024940,1775579208,1775579219,default
1775579184,1_46505,1_102619,F Line,1_770992180,1_7976229,1775579340,1775579340,default
1775579184,1_29423,1_102732,79,1_816446360,1_8022069,1775579400,1775579400,default
1775579184,1_70832,1_100136,245,1_761787940,1_7976345,1775579229,1775579229,default
1775579184,1_27420,1_100249,60,1_801584940,1_8025822,1775579288,1775579288,default
1775579184,1_56440,1_100005,106,1_727785430,1_7975008,1775579260,1775579260,default
1775579184,1_81254,1_100202,345,1_724955000,1_7975637,1775579267,1775579267,default
1775579184,1_11940,1_100039,14,1_562518920,1_7974992,1775579299,1775579299,default
1775579184,1_52306,1_102619,F Line,1_721495920,1_7976083,1775579940,1775579940,default
1775579184,1_48390,1_100030,131,1_800857990,1_8024984,1775579297,1775579297,default
1775579184,1_8530,1_100263,7,1_800588210,1_8023407,1775579349,1775579349,default
1775579184,1_59282,1_102717,165,1_800649680,1_7477,1775579820,1775578718,default
1775579184,1_45230,1_100133,240,1_806916400,1_8024700,1775579344,1775579344,default
1775579184,1_21320,1_100249,60,1_801585430,1_8025883,1775579340,1775579340,default
1775579184,1_620,40_100239,550,40_597756310,40_7976709,1775579640,1775579640,default
1775579184,1_10912,1_100264,70,1_801593700,1_8246,1775579206,1775579365,default
1775579184,1_10912,1_100224,44,1_659992280,1_7974932,1775579377,1775579377,default
1775579184,1_10912,40_100511,542,40_569563320,40_7976607,1775579520,1775579520,default
1775579184,1_10912,1_100162,271,1_569496980,1_7976364,1775580060,1775580060,default
1775579484,1_60161,1_100042,148,1_762077480,1_7976051,1775580240,1775580240,default
1775579484,1_970,1_100003,101,1_800668650,1_8168,1775579514,1775579514,default
1775579484,1_74327,1_102702,239,1_736529100,1_7976434,1775579530,1775579530,default
1775579484,1_575,1_100001,1,1_800579790,1_4366,1775579340,1775579564,default
1775579484,1_575,1_102576,C Line,1_800868130,1_8024966,1775579580,1775579580,default
1775579484,1_2850,1_100089,2,1_788757720,1_7155,1775579940,1775579448,default
1775579484,1_2850,1_100089,2,1_788757720,1_8023471,1775579940,1775579940,default
1775579484,1_46505,1_102619,F Line,1_770991530,1_7976085,1775580240,1775580240,default
1775579484,1_280,40_100240,554,40_736592590,40_7976696,1775579573,1775579573,default
1775579484,1_1190,40_100239,550,40_597754090,40_7976645,1775579552,1775579552,default
1775579484,1_1510,1_100263,7,1_800588210,1_8023407,1775579574,1775579574,default
1775579484,1_73112,1_102704,250,1_806914860,1_8024724,1775579567,1775579567,default
1775579484,1_52306,1_102619,F Line,1_721495920,1_7976083,1775579940,1775579940,default
1775579484,1_52306,1_102619,F Line,1_721496180,1_7976226,1775580840,1775580840,default
1775579484,1_11060,1_100249,60,1_801585190,1_7075,1775579513,1775579609,default
1775579484,1_71970,1_102753,222,1_774817780,1_7976415,1775579626,1775579626,default
1775579484,1_9605,1_100259,67,1_761384690,1_7975715,1775579520,1775579639,default
1775579484,1_59282,1_102717,165,1_800649680,1_7477,1775579820,1775578718,default
1775579484,1_31890,1_100230,50,1_635467570,1_7976170,1775579637,1775579637,default
1775579484,1_25791,1_100214,372,1_694305760,1_6952,1775579498,1775579720,default
1775579484,1_2260,1_100275,8,1_800891520,1_8001,1775579648,1775579648,default
1775579484,1_620,40_100239,550,40_597756310,40_7976709,1775579640,1775579640,default
1775579484,1_620,40_100236,545,40_806327450,40_9662,1775579700,1775579707,default
1775579484,1_620,40_100240,554,40_774868970,40_7976708,1775579880,1775579880,default
1775579484,1_10912,1_100162,271,1_569496980,1_7976364,1775580060,1775580060,default
1775579484,1_10912,1_100162,271,1_569496600,1_7976370,1775580960,1775580960,default
1775579484,1_52081,1_102736,H Line,1_694057400,1_7974899,1775579661,1775579661,default
1775579484,1_8403,1_100039,14,1_562521050,1_7974987,1775579520,1775579520,default
1775579785,1_60161,1_100042,148,1_762077480,1_7976051,1775580240,1775580240,default
1775579785,1_2850,1_100089,2,1_788757720,1_7155,1775579940,1775579448,default
1775579785,1_46505,1_102619,F Line,1_770991530,1_7976085,1775580240,1775580240,default
1775579785,1_77460,1_102746,333,1_778705030,1_7975729,1775579877,1775579877,default
1775579785,1_73366,1_102548,B Line,1_721018490,1_7976622,1775579920,1775579920,default
1775579785,1_52306,1_102619,F Line,1_721495920,1_7976083,1775579940,1775579940,default
1775579785,1_52306,1_102619,F Line,1_721496180,1_7976226,1775580840,1775580840,default
1775579785,1_8530,1_100263,7,1_800589260,1_8023452,1775579889,1775579889,default
1775579785,1_45670,1_100210,36,1_800582470,1_8023382,1775579812,1775579887,default
1775579785,1_70665,1_102702,239,1_736529100,1_7976434,1775579940,1775579940,default
1775579785,1_59872,1_102619,F Line,1_656236830,1_7976142,1775580052,1775580052,default
1775579785,1_14280,1_102581,D Line,1_803817700,1_8022076,1775579978,1775579978,default
1775579785,1_57791,1_102718,184,1_816483990,1_8023668,1775579963,1775579963,default
1775579785,1_620,40_590,590,40_219020,40_41601,1775579940,1775579945,default
1775579785,1_10912,1_100214,372,1_694306670,1_6853,1775579841,1775579955,default
1775579785,1_10912,1_100224,44,1_659992420,1_7974930,1775579977,1775579977,default
1775579785,1_10912,1_100162,271,1_569496980,1_7976364,1775580060,1775580060,default
1775579785,1_10912,40_100511,542,40_569562640,40_7976605,1775580780,1775580780,default
1775579785,1_10912,1_100162,271,1_569496600,1_7976370,1775580960,1775580960,default
1775580085,1_12170,1_100039,14,1_562521050,1_7974987,1775580099,1775580099,default
1775580085,1_6650,1_100229,5,1_809331420,1_8025837,1775580104,1775580104,default
1775580085,1_6650,1_102747,61,1_803356840,1_8022039,1775579994,1775580105,default
1775580085,1_60161,1_100042,148,1_762077480,1_7976051,1775580240,1775580240,default
1775580085,1_320,40_100239,550,40_597756650,40_9815,1775580060,1775580116,default
1775580085,1_575,1_100264,70,1_801593710,1_8253,1775580120,1775580120,default
1775580085,1_575,1_100263,7,1_800588210,1_8023407,1775580180,1775580180,default
1775580085,1_2850,1_100089,2,1_788758100,1_7091,1775580840,1775579825,default
1775580085,1_31620,1_100023,124,1_800862170,1_8024943,1775580108,1775580139,default
1775580085,1_46505,1_102619,F Line,1_770991530,1_6280,1775580240,1775580056,default
1775580085,1_46505,1_102619,F Line,1_770991530,1_7976085,1775580240,1775580240,default
1775580085,1_1190,40_100239,550,40_597756310,40_7976709,1775580152,1775580152,default
1775580085,1_70832,1_100136,245,1_761787590,1_7976379,1775580129,1775580129,default
1775580085,1_56440,1_100005,106,1_727785590,1_7975010,1775580160,1775580160,default
1775580085,1_72494,1_100160,269,1_806916900,1_8024684,1775580240,1775580240,default
1775580085,1_11940,1_100039,14,1_562518960,1_7974978,1775580199,1775580199,default
1775580085,1_84810,1_102752,223,1_833610670,1_8024723,1775580247,1775580247,default
1775580085,1_52306,1_102619,F Line,1_721496180,1_7976226,1775580840,1775580840,default
1775580085,1_40030,1_102574,40,1_811900860,1_8247,1775580135,1775580247,default
1775580085,1_38220,1_100214,372,1_694306590,1_7976765,1775580191,1775580191,default
1775580085,1_49350,1_100026,128,1_806634120,1_8023663,1775580257,1775580257,default
1775580085,1_57804,1_100072,181,1_721481470,1_7976082,1775580442,1775580442,default
1775580085,1_59282,1_100072,181,1_721481640,1_7976104,1775581080,1775581080,default
1775580085,1_10912,40_100511,542,40_569562640,40_7976605,1775580780,1775580780,default
1775580085,1_10912,1_100162,271,1_569496600,1_7976370,1775580960,1775580960,default
1775580085,1_10912,1_100162,271,1_569496420,1_7976349,1775581860,1775581860,default
1775580085,1_81982,1_102746,333,1_778705020,1_7209,1775580279,1775580279,default
1775583307,1_77930,1_102746,333,1_778703950,1_7975727,1775583359,1775583359,default
1775583307,1_52638,40_574,574,40_3201020,40_41514,1775583498,1775583346,default
1775583307,1_60161,1_100042,148,1_762077070,1_7346,1775583840,1775582854,default
1775583307,1_60161,1_100042,148,1_762077140,1_7976054,1775585640,1775585640,default
1775583307,1_30790,1_100249,60,1_801584980,1_8025822,1775583337,1775583337,default
1775583307,1_17651,1_102747,61,1_803356870,1_3742,1775583373,1775583373,default
1775583307,1_575,1_100264,70,1_801593570,1_8251,1775583360,1775583360,default
1775583307,1_575,1_100219,4,1_675345210,1_7974867,1775583360,1775583360,default
1775583307,1_575,1_100028,13,1_788758900,1_7119,1775583300,1775583374,default
1775583307,1_2850,1_100089,2,1_788757740,1_7157,1775583420,1775582601,default
1775583307,1_35334,1_102747,61,1_803356860,1_8022041,1775583363,1775583363,default
1775583307,1_46505,1_102619,F Line,1_770991380,1_7976083,1775583840,1775583840,default
1775583307,1_47660,1_102736,H Line,1_694056730,1_7974896,1775583363,1775583363,default
1775583307,1_1190,40_100239,550,40_597752630,40_7976616,1775583400,1775583400,default
1775583307,1_27420,1_100249,60,1_801585310,1_8025883,1775583488,1775583488,default
1775583307,1_52306,1_102619,F Line,1_656237200,1_7976229,1775583600,1775583600,default
1775583307,1_52306,1_102619,F Line,1_656236540,1_7976085,1775584500,1775584500,default
1775583307,1_52306,1_102619,F Line,1_800654030,1_8023882,1775586300,1775586300,default
1775583307,1_8530,1_100263,7,1_800588220,1_8023408,1775583489,1775583489,default
1775583307,1_45670,1_100210,36,1_800583420,1_4400,1775583412,1775583412,default
1775583307,1_72050,1_100136,245,1_761786950,1_7976372,1775583456,1775583456,default
1775583307,1_2200,1_100001,1,1_562519080,1_7974992,1775583386,1775583442,default
1775583307,1_59282,1_100072,181,1_721481480,1_7976015,1775584680,1775584680,default
1775583307,1_10210,1_100264,70,1_801593500,1_8026407,1775583466,1775583466,default
1775583307,1_620,40_100240,554,40_774870490,40_7976695,1775583660,1775583660,default
1775583307,1_620,40_100239,550,40_597752080,40_7976612,1775583840,1775583840,default
1775583307,1_10912,40_100511,542,40_569567950,40_9648,1775583480,1775583380,default
1775583307,1_10912,40_100511,542,40_569567950,40_7976686,1775583480,1775583480,default
1775583307,1_10912,1_100162,271,1_569495880,1_7976665,1775583660,1775583660,default
1775583307,1_10912,1_100162,271,1_569497080,1_7976667,1775584560,1775584560,default
1775583307,1_10912,40_100511,542,40_569565570,40_7976608,1775585280,1775585280,default
1775583307,1_10912,1_100162,271,1_569496900,1_7976389,1775585460,1775585460,default
1775583307,1_71960,1_102752,223,1_816297540,1_8024750,1775583480,1775583480,default
1775583307,1_49810,1_100031,132,1_800858470,1_8024988,1775583516,1775583516,default
1775583488,1_12170,1_100039,14,1_562519030,1_7974989,1775583579,1775583579,default
1775583488,1_51551,1_102736,H Line,1_694056700,1_7974887,1775583507,1775583507,default
1775583488,1_60161,1_100042,148,1_762077070,1_7346,1775583840,1775582854,default
1775583488,1_60161,1_100042,148,1_762077140,1_7976054,1775585640,1775585640,default
1775583488,1_575,1_102576,C Line,1_800868120,1_8024971,1775583540,1775583540,default
1775583488,1_2850,1_100089,2,1_788758120,1_8023467,1775584380,1775584380,default
1775583488,1_46505,1_102619,F Line,1_770991380,1_7976083,1775583840,1775583840,default
1775583488,1_280,40_100240,554,40_560096810,40_9664,1775583473,1775583552,default
1775583488,1_31680,1_100249,60,1_801585370,1_8025817,1775583530,1775583530,default
1775583488,1_64405,1_100099,208,1_630242840,1_7976388,1775583560,1775583560,default
1775583488,1_75143,1_102746,333,1_778703960,1_7975729,1775583562,1775583562,default
1775583488,1_72494,1_100160,269,1_806917250,1_8024688,1775583720,1775583720,default
1775583488,1_52306,1_102619,F Line,1_656237200,1_7976229,1775583600,1775583600,default
1775583488,1_52306,1_102619,F Line,1_656236540,1_7976085,1775584500,1775584500,default
1775583488,1_52306,1_102619,F Line,1_800654030,1_8023882,1775586300,1775586300,default
1775583488,1_70665,1_102704,250,1_806914960,1_8024728,1775583651,1775583651,default
1775583488,1_2200,1_102581,D Line,1_800600860,1_8022076,1775583685,1775583685,default
1775583488,1_57804,1_100072,181,1_721481650,1_7976033,1775584042,1775584042,default
1775583488,1_21080,1_100249,60,1_801585140,1_7003,1775583600,1775583641,default
1775583488,1_59282,1_100072,181,1_721481480,1_7976015,1775584680,1775584680,default
1775583488,1_59872,1_102619,F Line,1_656236740,1_7975997,1775583712,1775583712,default
1775583488,1_12760,1_100173,3,1_761126560,1_4403,1775583456,1775583631,default
1775583488,1_57791,1_102718,184,1_635442780,1_7975994,1775583443,1775583668,default
1775583488,1_620,1_100045,150,1_800670540,1_8023796,1775583660,1775583660,default
1775583488,1_620,40_100240,554,40_774870490,40_7976695,1775583660,1775583660,default
1775583488,1_620,40_100239,550,40_597752080,40_7976612,1775583840,1775583840,default
1775583488,1_10912,1_100162,271,1_569495880,1_6983,1775583660,1775583660,default
1775583488,1_10912,1_100162,271,1_569495880,1_7976665,1775583660,1775583660,default
1775583488,1_10912,1_100447,49,1_801235320,1_4376,1775583690,1775583690,default
1775583488,1_10912,1_100162,271,1_569497080,1_7976667,1775584560,1775584560,default
1775583488,1_10912,40_100511,542,40_569565570,40_7976608,1775585280,1775585280,default
1775583488,1_10912,1_100162,271,1_569496900,1_7976389,1775585460,1775585460,default
1775583788,1_481,1_102576,C Line,1_800869420,1_8025089,1775583840,1775583840,default
1775583788,1_60161,1_100042,148,1_762077070,1_7346,1775583840,1775582854,default
1775583788,1_60161,1_100042,148,1_762077140,1_7976054,1775585640,1775585640,default
1775583788,1_30510,1_100249,60,1_801585150,1_8025826,1775583866,1775583866,default
1775583788,1_575,1_100219,4,1_675345570,1_7974868,1775583840,1775583840,default
1775583788,1_2850,1_100089,2,1_788758120,1_8023467,1775584380,1775584380,default
1775583788,1_46505,1_102619,F Line,1_770991380,1_7976083,1775583840,1775583840,default
1775583788,1_52306,1_102619,F Line,1_656236540,1_7976085,1775584500,1775584500,default
1775583788,1_52306,1_102619,F Line,1_800654030,1_8023882,1775586300,1775586300,default
1775583788,1_8530,1_100039,14,1_562519100,1_7974977,1775583952,1775583952,default
1775583788,1_99254,40_594,594,40_1949020,40_9717,1775583993,1775583981,default
1775583788,1_57804,1_100072,181,1_721481650,1_7976033,1775584042,1775584042,default
1775583788,1_59282,1_100072,181,1_721481480,1_7976015,1775584680,1775584680,default
1775583788,1_30180,1_100006,107,1_635437470,1_7976051,1775583936,1775583936,default
1775583788,1_81684,1_100160,269,1_806918450,1_8024684,1775583960,1775583960,default
1775583788,1_10912,1_100162,271,1_569497080,1_7976667,1775584560,1775584560,default
1775583788,1_10912,40_100511,542,40_569565570,40_7976608,1775585280,1775585280,default
1775583788,1_10912,1_100162,271,1_569496900,1_7976389,1775585460,1775585460,default
1775583788,1_8403,1_100039,14,1_562519040,1_7974994,1775583960,1775583960,default
1775584088,1_51551,1_102736,H Line,1_694056710,1_7974966,1775584107,1775584107,default
1775584088,1_60161,1_100042,148,1_762077140,1_7976054,1775585640,1775585640,default
1775584088,1_30790,1_100249,60,1_801585830,1_8025816,1775584117,1775584117,default
1775584088,1_10020,1_102732,79,1_816446310,1_8022069,1775584117,1775584117,default
1775584088,1_30510,1_100006,107,1_696623250,1_7976110,1775584159,1775584159,default
1775584088,1_575,1_102581,D Line,1_803817330,1_6090,1775584140,1775584097,default
1775584088,1_575,1_102576,C Line,1_800869010,1_8025004,1775584140,1775584140,default
1775584088,1_2850,1_100089,2,1_788758120,1_7097,1775584380,1775583989,default
1775584088,1_2850,1_100089,2,1_788758120,1_8023467,1775584380,1775584380,default
1775584088,1_77910,1_102746,333,1_778703960,1_7975729,1775584141,1775584141,default
1775584088,1_46505,1_102619,F Line,1_770991640,1_7976226,1775584740,1775584740,default
1775584088,1_27420,1_100249,60,1_801585600,1_8026428,1775584208,1775584208,default
1775584088,1_3470,1_100249,60,1_801585150,1_8025826,1775584140,1775584140,default
1775584088,1_11569,1_100002,10,1_675385470,1_7974882,1775584161,1775584161,default
1775584088,1_79610,1_100006,107,1_635437040,1_7976061,1775584192,1775584192,default
1775584088,1_5489,1_102746,333,1_778704620,1_7975730,1775584180,1775584180,default
1775584088,1_52306,1_102619,F Line,1_656236540,1_7976085,1775584500,1775584500,default
1775584088,1_52306,1_102619,F Line,1_800654030,1_8023882,1775586300,1775586300,default
1775584088,1_99254,1_100045,150,1_800670070,1_8023809,1775584180,1775584180,default
1775584088,1_70665,1_100136,245,1_761786950,1_7976372,1775584185,1775584185,default
1775584088,1_70665,1_100136,245,1_761786950,1_7456,1775584185,1775584185,default
1775584088,1_41850,1_100006,107,1_696623250,1_7976110,1775584237,1775584237,default
1775584088,1_9605,1_100259,67,1_761384630,1_7975669,1775583960,1775584206,default
1775584088,1_2200,1_102581,D Line,1_803817560,1_8022123,1775584285,1775584285,default
1775584088,1_59282,1_100072,181,1_721481480,1_7345,1775584680,1775584026,default
1775584088,1_59282,1_100072,181,1_721481480,1_7976015,1775584680,1775584680,default
1775584088,1_59282,1_102717,165,1_800649710,1_8023878,1775585220,1775585220,default
1775584088,1_620,40_594,594,40_1949020,40_9717,1775584380,1775584368,default
1775584088,1_620,40_100236,545,40_560088830,40_7976562,1775584260,1775584423,default
1775584088,1_620,40_100239,550,40_597756600,40_7976614,1775584740,1775584740,default
1775584088,1_10912,1_100162,271,1_569497080,1_7976667,1775584560,1775584560,default
1775584088,1_10912,40_100511,542,40_569565570,40_7976608,1775585280,1775585280,default
1775584088,1_10912,1_100162,271,1_569496900,1_7976389,1775585460,1775585460,default
1775584088,1_71960,40_100511,542,40_721031390,40_7976685,1775584860,1775584860,default
1775584088,1_8403,1_100039,14,1_562519040,1_7974994,1775583960,1775583960,default
1775584388,1_12170,1_100039,14,1_562519040,1_7974994,1775584539,1775584539,default
1775584388,1_46791,1_100016,118,1_635461300,1_7976007,1775584500,1775584500,default
1775584388,1_481,1_102576,C Line,1_800868350,1_8024965,1775584440,1775584440,default
1775584388,1_60161,1_100042,148,1_762077140,1_7976054,1775585640,1775585640,default
1775584388,1_320,40_594,594,40_3387020,40_9303,1775584440,1775584450,default
1775584388,1_46505,1_102619,F Line,1_770991640,1_7976226,1775584740,1775584740,default
1775584388,1_46505,1_102619,F Line,1_635449590,1_7976003,1775585580,1775585580,default
1775584388,1_52306,1_102619,F Line,1_656236540,1_7976085,1775584500,1775584500,default
1775584388,1_52306,1_102619,F Line,1_656236240,1_7976225,1775585400,1775585400,default
1775584388,1_52306,1_102619,F Line,1_800654030,1_8023882,1775586300,1775586300,default
1775584388,1_70665,1_102704,250,1_806914950,1_8024718,1775584551,1775584551,default
1775584388,1_27360,1_100161,27,1_759818260,1_7974706,1775584504,1775584504,default
1775584388,1_2200,1_100275,8,1_800891660,1_8014,1775584533,1775584533,default
1775584388,1_59282,1_100072,181,1_721481480,1_7345,1775584680,1775584026,default
1775584388,1_59282,1_102717,165,1_800649710,1_8023878,1775585220,1775584159,default
1775584388,1_59282,1_102717,165,1_800649710,1_7191,1775585220,1775585220,default
1775584388,1_59872,1_102619,F Line,1_656236960,1_7976017,1775584612,1775584612,default
1775584388,1_620,1_100045,150,1_800670070,1_8023809,1775584560,1775584560,default
1775584388,1_620,40_100236,545,40_560088830,40_7976562,1775584260,1775584739,default
1775584388,1_620,40_100239,550,40_597756600,40_7976614,1775584740,1775584740,default
1775584388,1_620,40_100240,554,40_774869490,40_7976705,1775584800,1775584800,default
1775584388,1_10912,1_100162,271,1_569497080,1_7976667,1775584560,1775584560,default
1775584388,1_10912,40_100511,542,40_569565570,40_7976608,1775585280,1775585280,default
1775584388,1_10912,1_100162,271,1_569496900,1_7976389,1775585460,1775585460,default
1775584388,1_10912,1_100162,271,1_569496730,1_7976723,1775586360,1775586479,default
1775584388,1_71960,40_100511,542,40_721031390,40_7976685,1775584860,1775584860,default
1775584688,1_103,1_102745,G Line,1_736435140,1_7974691,1775584726,1775584726,default
1775584688,1_481,1_102736,H Line,1_694057160,1_6041,1775584500,1775584696,default
1775584688,1_51551,1_102736,H Line,1_694056720,1_7974888,1775584707,1775584707,default
1775584688,1_60161,1_100042,148,1_762077140,1_7976054,1775585640,1775585640,default
1775584688,1_8541,1_100263,7,1_800587520,1_8023413,1775584740,1775584740,default
1775584688,1_575,1_102576,C Line,1_800869170,1_8024982,1775584740,1775584740,default
1775584688,1_575,1_100173,3,1_761126560,1_7974917,1775584800,1775584800,default
1775584688,1_2850,1_100089,2,1_788757750,1_7153,1775585220,1775584529,default
1775584688,1_2850,1_100089,2,1_788757750,1_8023468,1775585220,1775585220,default
1775584688,1_46505,1_102619,F Line,1_770991640,1_7976226,1775584740,1775584740,default
1775584688,1_46505,1_102619,F Line,1_635449590,1_7976003,1775585580,1775585580,default
1775584688,1_27420,1_100161,27,1_759818260,1_7974706,1775584794,1775584794,default
1775584688,1_81254,1_102744,365,1_724961650,1_7975722,1775584755,1775584755,default
1775584688,1_81254,1_100202,345,1_724954070,1_7975635,1775584780,1775584780,default
1775584688,1_52306,1_102619,F Line,1_656236240,1_7976225,1775585400,1775585400,default
1775584688,1_52306,1_102619,F Line,1_800654030,1_8023882,1775586300,1775586300,default
1775584688,1_8530,1_100039,14,1_562519130,1_7974988,1775584852,1775584852,default
1775584688,1_2200,1_102581,D Line,1_803817580,1_8023487,1775584885,1775584885,default
1775584688,1_59282,1_102717,165,1_800649710,1_7191,1775585220,1775585220,default
1775584688,1_30180,1_100006,107,1_696733910,1_7976111,1775584836,1775584836,default
1775584688,1_59936,1_102720,160,1_800651060,1_7304,1775584749,1775584858,default
1775584688,1_82675,1_102705,230,1_664298450,1_7976336,1775584847,1775584847,default
1775584688,1_620,40_100236,545,40_560088830,40_7976562,1775584260,1775585009,default
1775584688,1_10912,1_100224,44,1_664047900,1_7974929,1775584849,1775584849,default
1775584688,1_10912,1_100447,49,1_801235270,1_8023497,1775584890,1775584890,default
1775584688,1_10912,40_100511,542,40_569565570,40_7976608,1775585280,1775585280,default
1775584688,1_10912,1_100162,271,1_569496900,1_7976389,1775585460,1775585460,default
1775584688,1_10912,1_100162,271,1_569496730,1_7976723,1775586360,1775586440,default
1775584688,1_71960,40_100511,542,40_721031390,40_7976685,1775584860,1775584860,default
1775584688,1_71960,40_100511,542,40_721031390,40_9654,1775584860,1775584860,default
1775584988,1_103,1_102745,G Line,1_736435240,1_7974686,1775585086,1775585086,default
1775584988,1_481,1_102576,C Line,1_800868210,1_8024974,1775585040,1775585040,default
1775584988,1_73945,1_102704,250,1_816288010,1_8024722,1775585026,1775585026,default
1775584988,1_60161,1_100042,148,1_762077140,1_7328,1775585640,1775584665,default
1775584988,1_12770,1_100228,48,1_721361980,1_7974613,1775585103,1775585103,default
1775584988,1_9750,1_100269,75,1_803350360,1_8022036,1775584789,1775585031,default
1775584988,1_575,1_100001,1,1_800580030,1_4301,1775584740,1775585031,default
1775584988,1_575,1_102615,E Line,1_768603980,1_6212,1775585100,1775585040,default
1775584988,1_2850,1_100089,2,1_788757750,1_7153,1775585220,1775584529,default
1775584988,1_46505,1_102619,F Line,1_656236750,1_6011,1775586480,1775584769,default
1775584988,1_46505,1_102619,F Line,1_635449590,1_7976003,1775585580,1775585580,default
1775584988,1_31680,1_100249,60,1_801585830,1_8025816,1775585030,1775585030,default
1775584988,1_51471,1_102736,H Line,1_694057000,1_6116,1775584861,1775585050,default
1775584988,1_5489,1_102746,333,1_778704770,1_7975683,1775585080,1775585080,default
1775584988,1_52306,1_102619,F Line,1_656236240,1_7976225,1775585400,1775585400,default
1775584988,1_52306,1_102619,F Line,1_800654030,1_8023882,1775586300,1775586300,default
1775584988,1_99254,1_100045,150,1_800670750,1_8023799,1775585080,1775585080,default
1775584988,1_70665,1_100136,245,1_761787780,1_7976373,1775585085,1775585085,default
1775584988,1_41850,1_100006,107,1_635437470,1_7976051,1775585137,1775585137,default
1775584988,1_60359,1_102720,160,1_694517080,1_7976084,1775585119,1775585119,default
1775584988,1_59282,1_102717,165,1_800649710,1_7191,1775585220,1775585220,default
1775584988,1_60710,1_100512,A Line,1_800643350,1_8023807,1775585206,1775585206,default
1775584988,1_10210,1_100264,70,1_801594150,1_8026417,1775585206,1775585206,default
1775584988,1_620,40_100236,545,40_560090170,40_7976572,1775585160,1775585220,default
1775584988,1_620,40_100239,550,40_597754140,40_7976644,1775585640,1775585640,default
1775584988,1_10912,40_100511,542,40_569565570,40_9636,1775585280,1775585280,default
1775584988,1_10912,40_100511,542,40_569565570,40_7976608,1775585280,1775585280,default
1775584988,1_10912,1_100162,271,1_569496900,1_7976389,1775585460,1775585460,default
1775584988,1_10912,1_100162,271,1_569496730,1_7976723,1775586360,1775586360,default
1775584988,1_10912,40_100511,542,40_569563220,40_7976607,1775587080,1775587080,default
1775584988,1_8403,1_100039,14,1_562519090,1_7974990,1775584920,1775584920,default
1775585288,1_51551,1_102736,H Line,1_694056780,1_7974900,1775585307,1775585307,default
1775585288,1_60161,1_100042,148,1_762077140,1_7328,1775585640,1775584665,default
1775585288,1_575,1_102581,D Line,1_803817250,1_8022079,1775585340,1775585340,default
1775585288,1_575,1_102576,C Line,1_800867950,1_8024977,1775585340,1775585340,default
1775585288,1_2850,1_100089,2,1_788758130,1_8023446,1775586180,1775586180,default
1775585288,1_46505,1_102619,F Line,1_656236750,1_6011,1775586480,1775584769,default
1775585288,1_46505,1_102619,F Line,1_635449590,1_7976003,1775585580,1775585580,default
1775585288,1_29423,1_102732,79,1_816446340,1_8022069,1775586600,1775586600,default
1775585288,1_11569,1_100002,10,1_675382890,1_7974876,1775585361,1775585361,default
1775585288,1_72494,1_100160,269,1_806916930,1_8024685,1775585400,1775585400,default
1775585288,1_52306,1_102619,F Line,1_656236240,1_7976225,1775585400,1775585400,default
1775585288,1_52306,1_102619,F Line,1_800654030,1_8023882,1775586300,1775586300,default
1775585288,1_70665,1_102704,250,1_806914980,1_8024721,1775585451,1775585451,default
1775585288,1_41850,1_100249,60,1_801585140,1_8025824,1775585397,1775585397,default
1775585288,1_2200,1_100275,8,1_800891040,1_8025043,1775585433,1775585433,default
1775585288,1_2200,1_102581,D Line,1_803817610,1_8023442,1775585485,1775585485,default
1775585288,1_57804,1_100072,181,1_721481950,1_7976037,1775585839,1775585839,default
1775585288,1_59872,1_102619,F Line,1_656237200,1_7976229,1775585512,1775585512,default
1775585288,1_620,1_100045,150,1_800670750,1_8023799,1775585460,1775585460,default
1775585288,1_620,40_100239,550,40_597754140,40_7976644,1775585640,1775585640,default
1775585288,1_10912,1_100162,271,1_569496900,1_7976389,1775585460,1775585460,default
1775585288,1_10912,1_100162,271,1_569496730,1_7976723,1775586360,1775586360,default
1775585288,1_10912,40_100511,542,40_569563220,40_7976607,1775587080,1775587080,default
1775585288,1_10912,1_100162,271,1_569496150,1_7976348,1775587260,1775587260,default
1775585288,1_41900,1_100249,60,1_801585180,1_8025825,1775585460,1775585460,default
1775585588,1_481,1_102576,C Line,1_800869300,1_8024967,1775585640,1775585640,default
1775585588,1_481,1_100024,125,1_770790030,1_7974704,1775585640,1775585640,default
1775585588,1_575,1_100219,4,1_675345580,1_7974872,1775585640,1775585640,default
1775585588,1_2850,1_100089,2,1_788758130,1_8023446,1775586180,1775585312,default
1775585588,1_31620,1_100023,124,1_690551550,1_7974554,1775585568,1775585659,default
1775585588,1_29423,1_102732,79,1_816446340,1_8022069,1775586600,1775586600,default
1775585588,1_27420,1_100249,60,1_801585180,1_8025825,1775585648,1775585648,default
1775585588,1_11590,1_100002,10,1_675382890,1_7974876,1775585696,1775585696,default
1775585588,1_75770,1_102615,E Line,1_813081600,1_8022066,1775585631,1775585646,default
1775585588,1_59510,1_100042,148,1_762077060,1_7976061,1775585658,1775585658,default
1775585588,1_52306,1_102619,F Line,1_800654030,1_8023882,1775586300,1775586300,default
1775585588,1_8530,1_100039,14,1_562519180,1_7974991,1775585752,1775585752,default
1775585588,1_99254,40_594,594,40_3199020,40_9305,1775585793,1775585781,default
1775585588,1_76312,1_102705,230,1_664298420,1_7976384,1775585761,1775585761,default
1775585588,1_57804,1_100072,181,1_721481950,1_7976037,1775585839,1775585839,default
1775585588,1_59282,1_100072,181,1_721481810,1_7976033,1775586480,1775585461,default
1775585588,1_30180,1_100006,107,1_635437310,1_7976071,1775585736,1775585736,default
1775585588,1_60710,1_100512,A Line,1_800643360,1_8023769,1775585806,1775585806,default
1775585588,1_620,40_100240,554,40_774870320,40_7976696,1775586000,1775586000,default
1775585588,1_10912,1_100162,271,1_569496730,1_7976723,1775586360,1775586360,default
1775585588,1_10912,40_100511,542,40_569563220,40_7976607,1775587080,1775587080,default
1775585588,1_10912,1_100162,271,1_569496150,1_7976348,1775587260,1775587260,default
1775585588,1_71960,40_100511,542,40_721031090,40_7976686,1775586660,1775586660,default
1775585888,1_73945,1_102704,250,1_816288050,1_8024719,1775585926,1775585926,default
1775585888,1_8541,1_100005,106,1_727785510,1_7975008,1775585940,1775585940,default
1775585888,1_12770,1_100228,48,1_721358560,1_7974620,1775586003,1775586003,default
1775585888,1_30510,1_100006,107,1_696733910,1_7976111,1775585959,1775585959,default
1775585888,1_320,40_100240,554,40_560098260,40_7976695,1775586000,1775586000,default
1775585888,1_575,1_102576,C Line,1_800868870,1_8024975,1775585940,1775585940,default
1775585888,1_575,1_102581,D Line,1_800600850,1_8022076,1775585940,1775585952,default
1775585888,1_2850,1_100089,2,1_788758130,1_8023446,1775586180,1775585312,default
1775585888,1_46505,1_102619,F Line,1_656236970,1_7976017,1775587380,1775587380,default
1775585888,1_29423,1_102732,79,1_816446340,1_8022069,1775586600,1775586600,default
1775585888,1_5489,1_102746,333,1_778704930,1_7975727,1775585980,1775585980,default
1775585888,1_52306,1_102619,F Line,1_800654030,1_8023882,1775586300,1775586300,default
1775585888,1_52306,1_102619,F Line,1_694521560,1_7976074,1775587200,1775587200,default
1775585888,1_99254,1_100045,150,1_800669790,1_8023794,1775585980,1775585980,default
1775585888,1_70665,1_100136,245,1_761787310,1_7976344,1775585985,1775585985,default
1775585888,1_41850,1_100006,107,1_696733910,1_7976111,1775586037,1775586037,default
1775585888,1_11060,1_100249,60,1_801585580,1_8025883,1775585993,1775586010,default
1775585888,1_60359,1_102720,160,1_770989240,1_7976100,1775586019,1775586019,default
1775585888,1_2200,1_102581,D Line,1_800601230,1_8022077,1775586085,1775586085,default
1775585888,1_59282,1_100072,181,1_721481810,1_7976033,1775586480,1775585461,default
1775585888,1_59282,1_102717,165,1_800649720,1_8023767,1775587020,1775585917,default
1775585888,1_85531,1_102757,187,1_762095020,1_7976065,1775586120,1775586120,default
1775585888,1_10210,1_100264,70,1_801593380,1_8026412,1775586106,1775586106,default
1775585888,1_620,40_100236,545,40_560087810,40_7976567,1775586060,1775586063,default
1775585888,1_620,40_594,594,40_3199020,40_9305,1775586180,1775586168,default
1775585888,1_620,40_100239,550,40_597756300,40_7976709,1775586540,1775586540,default
1775585888,1_10912,1_100447,49,1_801235280,1_8023492,1775586090,1775586090,default
1775585888,1_10912,1_100162,271,1_569496730,1_7976723,1775586360,1775586360,default
1775585888,1_10912,40_100511,542,40_569563220,40_7976607,1775587080,1775587080,default
1775585888,1_10912,1_100162,271,1_569496150,1_7976348,1775587260,1775587260,default
1775585888,1_71960,40_100511,542,40_721031090,40_7976686,1775586660,1775586660,default
1775585888,1_8403,1_100039,14,1_562519140,1_7974992,1775585820,1775585820,default
1775586188,1_481,1_102576,C Line,1_800868080,1_8024971,1775586240,1775586240,default
1775586188,1_30790,1_100249,60,1_801585080,1_8025819,1775586277,1775586277,default
1775586188,1_320,40_100239,550,40_597756610,40_7976614,1775586360,1775586360,default
1775586188,1_320,40_594,594,40_1922020,40_9212,1775586240,1775586360,default
1775586188,1_46505,1_102619,F Line,1_656236970,1_7976017,1775587380,1775587380,default
1775586188,1_29423,1_102732,79,1_816446340,1_8022069,1775586600,1775586600,default
1775586188,1_27420,1_100249,60,1_801585140,1_8025824,1775586368,1775586368,default
1775586188,1_1510,1_100210,36,1_800582810,1_8023415,1775586278,1775586278,default
1775586188,1_52306,1_102619,F Line,1_800654030,1_8023882,1775586300,1775586300,default
1775586188,1_52306,1_102619,F Line,1_694521560,1_7976074,1775587200,1775587200,default
1775586188,1_70665,1_102704,250,1_806914990,1_8024720,1775586351,1775586351,default
1775586188,1_27360,1_100161,27,1_759818430,1_7974705,1775586304,1775586304,default
1775586188,1_40065,1_102574,40,1_811900880,1_8026400,1775586281,1775586297,default
1775586188,1_2200,1_100275,8,1_800890630,1_8025047,1775586333,1775586333,default
1775586188,1_39983,1_102736,H Line,1_694056750,1_7974897,1775586360,1775586360,default
1775586188,1_59282,1_100072,181,1_721481810,1_7976033,1775586480,1775585461,default
1775586188,1_59282,1_102717,165,1_800649720,1_8023767,1775587020,1775585917,default
1775586188,1_59872,1_102619,F Line,1_656236540,1_7976085,1775586412,1775586412,default
1775586188,1_60710,1_100512,A Line,1_800652900,1_8023792,1775586406,1775586406,default
1775586188,1_620,1_100045,150,1_800669790,1_8023794,1775586360,1775586360,default
1775586188,1_620,40_100239,550,40_597756300,40_7976709,1775586540,1775586540,default
1775586188,1_10912,1_100162,271,1_569496730,1_7976723,1775586360,1775586360,default
1775586188,1_10912,40_100511,542,40_569563220,40_7976607,1775587080,1775587080,default
1775586188,1_10912,1_100162,271,1_569496150,1_7976348,1775587260,1775587260,default
1775586188,1_10912,1_100162,271,1_569495550,1_7976369,1775588160,1775588160,default
1775586188,1_71960,40_100511,542,40_721031090,40_7976686,1775586660,1775586660,default
1775586188,1_18220,1_100028,13,1_788758910,1_8023473,1775586363,1775586363,default
1775586488,1_103,1_102745,G Line,1_736437500,1_7974684,1775586526,1775586526,default
1775586488,1_60161,1_100042,148,1_762077180,1_7976061,1775587440,1775587440,default
1775586488,1_8541,1_100263,7,1_800587930,1_8023408,1775586540,1775586540,default
1775586488,1_68784,1_102548,B Line,1_721018510,1_7976622,1775586539,1775586539,default
1775586488,1_575,1_102576,C Line,1_800868760,1_8025005,1775586540,1775586540,default
1775586488,1_575,1_102581,D Line,1_803817260,1_8022123,1775586540,1775586540,default
1775586488,1_575,1_100173,3,1_761126510,1_7974915,1775586600,1775586600,default
1775586488,1_2850,1_100089,2,1_788757760,1_8023470,1775587020,1775586365,default
1775586488,1_46505,1_102619,F Line,1_656236970,1_7976017,1775587380,1775587380,default
1775586488,1_29423,1_102732,79,1_816446340,1_8022069,1775586600,1775586600,default
1775586488,1_27420,1_100161,27,1_759818430,1_7974705,1775586594,1775586594,default
1775586488,1_77460,1_100205,348,1_771627270,1_7975658,1775586585,1775586585,default
1775586488,1_11569,1_100002,10,1_675385480,1_7974875,1775586561,1775586561,default
1775586488,1_52306,1_102619,F Line,1_694521560,1_7976074,1775587200,1775587200,default
1775586488,1_8530,1_100039,14,1_562519220,1_7974989,1775586652,1775586652,default
1775586488,1_41940,1_100249,60,1_801585140,1_8025824,1775586637,1775586637,default
1775586488,1_2200,1_102581,D Line,1_800600650,1_8023488,1775586685,1775586685,default
1775586488,1_59282,1_102717,165,1_800649720,1_8023767,1775587020,1775585917,default
1775586488,1_59282,1_100072,181,1_721481960,1_7976104,1775590080,1775590080,default
1775586488,1_30180,1_100006,107,1_696733920,1_7976107,1775586636,1775586636,default
1775586488,1_10912,40_100511,542,40_569563220,40_7976607,1775587080,1775587080,default
1775586488,1_10912,1_100162,271,1_569496150,1_7976348,1775587260,1775587260,default
1775586488,1_10912,1_100162,271,1_569495550,1_7976369,1775588160,1775588160,default
1775586488,1_71960,40_100511,542,40_721031090,40_7976686,1775586660,1775586660,default
1775586488,1_58144,1_102719,161,1_800651770,1_8023733,1775586548,1775586656,default
1775586788,1_103,1_102745,G Line,1_736435230,1_7974687,1775586886,1775586886,default
1775586788,1_46791,1_100016,118,1_637323950,1_7976008,1775586840,1775586840,default
1775586788,1_481,1_102576,C Line,1_800869000,1_8025004,1775586840,1775586840,default
1775586788,1_73945,1_102704,250,1_816288090,1_8024762,1775586868,1775586868,default
1775586788,1_60161,1_100042,148,1_762077180,1_7976061,1775587440,1775586432,default
1775586788,1_12770,1_100228,48,1_721361710,1_7974614,1775586903,1775586903,default
1775586788,1_30510,1_100006,107,1_635437310,1_7976071,1775586859,1775586859,default
1775586788,1_575,1_100210,36,1_800582810,1_8023415,1775586840,1775586840,default
1775586788,1_575,1_100028,13,1_788758920,1_7153,1775586720,1775586843,default
1775586788,1_2850,1_100089,2,1_788757760,1_8023470,1775587020,1775586365,default
1775586788,1_46505,1_102619,F Line,1_656236970,1_7976017,1775587380,1775587380,default
1775586788,1_46505,1_102619,F Line,1_656236970,1_6284,1775587380,1775587380,default
1775586788,1_46505,1_102619,F Line,1_656237210,1_7976229,1775588280,1775588280,default
1775586788,1_11590,1_100002,10,1_675385480,1_7974875,1775586896,1775586896,default
1775586788,1_1510,1_100210,36,1_800582950,1_8023381,1775586878,1775586878,default
1775586788,1_5489,1_102746,333,1_778704670,1_7975729,1775586880,1775586880,default
1775586788,1_52306,1_102619,F Line,1_694521560,1_7976074,1775587200,1775587200,default
1775586788,1_99254,1_100045,150,1_800669540,1_8023793,1775586880,1775586880,default
1775586788,1_29650,1_100224,44,1_664048670,1_7974923,1775586889,1775586889,default
1775586788,1_70665,1_100136,245,1_761789690,1_7976346,1775586885,1775586885,default
1775586788,1_41850,1_100006,107,1_635437310,1_7976071,1775586937,1775586937,default
1775586788,1_60359,1_102720,160,1_770988260,1_7976101,1775586919,1775586919,default
1775586788,1_74400,1_100146,255,1_635876030,1_7976659,1775586902,1775586902,default
1775586788,1_59282,1_102717,165,1_800649720,1_8023767,1775587020,1775585917,default
1775586788,1_59282,1_102717,165,1_800649720,1_7173,1775587020,1775585917,default
1775586788,1_59282,1_100072,181,1_721481960,1_7976104,1775590080,1775590080,default
1775586788,1_68160,1_102548,B Line,1_721018160,1_7976638,1775586927,1775586927,default
1775586788,1_19921,1_100101,21,1_809330740,1_8025799,1775586841,1775586955,default
1775586788,1_60710,1_100512,A Line,1_800643370,1_8023718,1775587006,1775587006,default
1775586788,1_10210,1_100264,70,1_801593830,1_8026411,1775587006,1775587006,default
1775586788,1_620,40_100236,545,40_560088500,40_7976555,1775586960,1775586960,default
1775586788,1_620,40_100236,545,40_560088500,40_9651,1775586960,1775586971,default
1775586788,1_620,40_100240,554,40_774869220,40_7976693,1775587200,1775587200,default
1775586788,1_620,40_100239,550,40_597754880,40_7976646,1775587440,1775587440,default
1775586788,1_10912,40_100511,542,40_569563220,40_9687,1775587080,1775586860,default
1775586788,1_10912,40_100511,542,40_569563220,40_7976607,1775587080,1775587080,default
1775586788,1_10912,1_100162,271,1_569496150,1_7976348,1775587260,1775587260,default
1775586788,1_10912,1_100162,271,1_569495550,1_7976369,1775588160,1775588160,default
1775586788,1_10912,40_100511,542,40_569565810,40_7976685,1775588880,1775588880,default
1775586788,1_8403,1_100039,14,1_562519160,1_7974978,1775586720,1775586720,default
1775587088,1_51551,1_102736,H Line,1_694056750,1_7974897,1775587107,1775587107,default
1775587088,1_26560,1_102574,40,1_811901860,1_8025886,1775587229,1775587229,default
1775587088,1_60161,1_100042,148,1_762077180,1_7473,1775587440,1775586432,default
1775587088,1_575,1_102576,C Line,1_800868570,1_8024969,1775587140,1775587140,default
1775587088,1_2850,1_100089,2,1_788758140,1_8023471,1775587980,1775587980,default
1775587088,1_46505,1_102619,F Line,1_656236970,1_6284,1775587380,1775586724,default
1775587088,1_46505,1_102619,F Line,1_656237210,1_7976229,1775588280,1775588280,default
1775587088,1_72494,1_100160,269,1_806917760,1_8024686,1775587200,1775587200,default
1775587088,1_52306,1_102619,F Line,1_694521560,1_7976074,1775587200,1775587200,default
1775587088,1_52306,1_102619,F Line,1_694520850,1_7976083,1775588100,1775588100,default
1775587088,1_70665,1_102704,250,1_806915020,1_8024761,1775587251,1775587251,default
1775587088,1_11060,1_100447,49,1_801235280,1_8023492,1775587230,1775587230,default
1775587088,1_2200,1_102581,D Line,1_803817480,1_8022078,1775587285,1775587285,default
1775587088,1_59282,1_100072,181,1_721481960,1_7976104,1775590080,1775590080,default
1775587088,1_59872,1_102619,F Line,1_656236240,1_7976225,1775587312,1775587312,default
1775587088,1_620,1_100045,150,1_800669540,1_8023793,1775587260,1775587260,default
1775587088,1_620,40_100239,550,40_597754880,40_7976646,1775587440,1775587440,default
1775587088,1_10912,1_100162,271,1_569496060,1_7483,1775589060,1775587088,default
1775587088,1_10912,1_100162,271,1_569496150,1_6953,1775587260,1775587167,default
1775587088,1_10912,1_100162,271,1_569496150,1_7976348,1775587260,1775587260,default
1775587088,1_10912,1_100447,49,1_801235240,1_8023490,1775587290,1775587290,default
1775587088,1_10912,1_100162,271,1_569495550,1_7976369,1775588160,1775588160,default
1775587088,1_10912,40_100511,542,40_569565810,40_7976685,1775588880,1775588880,default
1775587088,1_10912,1_100162,271,1_569496060,1_7976674,1775589060,1775589060,default
1775587388,1_481,1_102576,C Line,1_800869160,1_8024982,1775587440,1775587440,default
1775587388,1_481,1_100024,125,1_770790040,1_7974702,1775587440,1775587440,default
1775587388,1_6650,1_102747,61,1_803356920,1_8022041,1775587194,1775587400,default
1775587388,1_60161,1_100042,148,1_762077180,1_7473,1775587440,1775586432,default
1775587388,1_575,1_100219,4,1_675345590,1_7974866,1775587440,1775587440,default
1775587388,1_575,1_100210,36,1_800582950,1_8023381,1775587440,1775587440,default
1775587388,1_2850,1_100089,2,1_788758140,1_7155,1775587980,1775587193,default
1775587388,1_2850,1_100089,2,1_788758140,1_8023471,1775587980,1775587980,default
1775587388,1_46505,1_102619,F Line,1_656237210,1_7976229,1775588280,1775588280,default
1775587388,1_36711,1_100230,50,1_785559650,1_7976178,1775587449,1775587449,default
1775587388,1_77460,1_100205,348,1_771626950,1_7975646,1775587485,1775587485,default
1775587388,1_1510,1_100210,36,1_800582960,1_8023483,1775587478,1775587478,default
1775587388,1_52306,1_102619,F Line,1_694520850,1_7976083,1775588100,1775588100,default
1775587388,1_8530,1_100039,14,1_562519210,1_7974994,1775587552,1775587552,default
1775587388,1_99254,40_594,594,40_1576020,40_9735,1775587593,1775587580,default
1775587388,1_49350,1_100026,128,1_806634570,1_8023671,1775587517,1775587517,default
1775587388,1_59282,1_100072,181,1_721481660,1_7491,1775588280,1775587126,default
1775587388,1_59282,1_100072,181,1_721481960,1_7976104,1775590080,1775590080,default
1775587388,1_30180,1_100006,107,1_635437130,1_7976052,1775587536,1775587536,default
1775587388,1_60710,1_100512,A Line,1_800643380,1_8023806,1775587606,1775587606,default
1775587388,1_81684,1_100160,269,1_806917810,1_8024688,1775587560,1775587560,default
1775587388,1_10912,1_100162,271,1_569496060,1_7483,1775589060,1775587088,default
1775587388,1_10912,1_100162,271,1_569495550,1_7976369,1775588160,1775588160,default
1775587388,1_10912,40_100511,542,40_569565810,40_7976685,1775588880,1775588880,default
1775587388,1_71960,40_100511,542,40_721031300,40_7976608,1775588460,1775588460,default
1775587388,1_8403,1_100039,14,1_562519260,1_4366,1775587500,1775587576,default
1775587388,1_3000,1_100089,2,1_788757760,1_8023470,1775587572,1775587572,default
1775587688,1_8310,1_100263,7,1_800588240,1_8023407,1775587731,1775587731,default
1775587688,1_51551,1_102736,H Line,1_694056760,1_7974890,1775587707,1775587707,default
1775587688,1_30790,1_100249,60,1_801585580,1_8025883,1775587717,1775587717,default
1775587688,1_30510,1_100006,107,1_696733920,1_7976107,1775587759,1775587759,default
1775587688,1_575,1_102576,C Line,1_800868000,1_8024973,1775587740,1775587740,default
1775587688,1_2850,1_100089,2,1_788758140,1_7155,1775587980,1775587193,default
1775587688,1_46505,1_102619,F Line,1_656237210,1_7976229,1775588280,1775588280,default
1775587688,1_46505,1_102619,F Line,1_656236550,1_7976085,1775589180,1775589180,default
1775587688,1_46505,1_102619,F Line,1_656236860,1_7976142,1775590980,1775590980,default
1775587688,1_27420,1_100249,60,1_801585130,1_8025823,1775587808,1775587808,default
1775587688,1_3470,1_100249,60,1_801585550,1_8025817,1775587740,1775587740,default
1775587688,1_5489,1_102746,333,1_778704950,1_7975726,1775587780,1775587780,default
1775587688,1_52306,1_102619,F Line,1_694520850,1_7976083,1775588100,1775588100,default
1775587688,1_99254,1_100045,150,1_800670760,1_8023798,1775587780,1775587780,default
1775587688,1_45670,1_100210,36,1_800583030,1_8023383,1775587612,1775587819,default
1775587688,1_40030,1_102574,40,1_811900810,1_8209,1775586735,1775587803,default
1775587688,1_70665,1_100136,245,1_761788160,1_7976393,1775587785,1775587785,default
1775587688,1_41850,1_100006,107,1_696733920,1_7976107,1775587837,1775587837,default
1775587688,1_2200,1_102581,D Line,1_803817440,1_8023438,1775587885,1775587885,default
1775587688,1_59282,1_100072,181,1_721481660,1_7491,1775588280,1775587126,default
1775587688,1_59282,1_102717,165,1_800649730,1_8023727,1775588820,1775588820,default
1775587688,1_59282,1_100072,181,1_721481960,1_7976104,1775590080,1775590080,default
1775587688,1_10210,1_100264,70,1_801593540,1_8026410,1775587906,1775587906,default
1775587688,1_25791,1_100214,372,1_694306360,1_6851,1775587680,1775587843,default
1775587688,1_620,40_100236,545,40_560088070,40_7976553,1775587860,1775587860,default
1775587688,1_620,40_100236,545,40_560088070,40_9811,1775587860,1775587873,default
1775587688,1_620,40_594,594,40_1576020,40_9735,1775587980,1775587958,default
1775587688,1_620,40_100239,550,40_597756230,40_7976613,1775588400,1775588400,default
1775587688,1_10912,1_100162,271,1_569496060,1_7483,1775589060,1775587088,default
1775587688,1_10912,1_100162,271,1_569495550,1_7976369,1775588160,1775588160,default
1775587688,1_10912,40_100511,542,40_569565810,40_7976685,1775588880,1775588880,default
1775587688,1_71960,40_100511,542,40_721031300,40_7976608,1775588460,1775588460,default
1775587688,1_8403,1_100039,14,1_562519190,1_7974986,1775587620,1775587620,default
1775587988,1_481,1_102576,C Line,1_800867940,1_8024977,1775588040,1775588040,default
1775587988,1_26560,1_102574,40,1_811900800,1_8026401,1775588129,1775588129,default
1775587988,1_970,1_100045,150,1_800670670,1_8183,1775588034,1775588034,default
1775587988,1_320,40_100239,550,40_597756340,40_9805,1775588100,1775588131,default
1775587988,1_575,1_100210,36,1_800582960,1_8023483,1775588040,1775588040,default
1775587988,1_46505,1_102619,F Line,1_656237210,1_7976229,1775588280,1775588280,default
1775587988,1_46505,1_102619,F Line,1_656236550,1_7976085,1775589180,1775589180,default
1775587988,1_46505,1_102619,F Line,1_656236860,1_7976142,1775590980,1775590980,default
1775587988,1_40060,1_102574,40,1_811901370,1_8026389,1775588031,1775588031,default
1775587988,1_1190,1_100447,49,1_801235250,1_8023497,1775587990,1775588038,default
1775587988,1_1510,1_100210,36,1_800584110,1_8023384,1775588078,1775588078,default
1775587988,1_52306,1_102619,F Line,1_694520850,1_7976083,1775588100,1775588100,default
1775587988,1_52306,1_102619,F Line,1_694521110,1_7976226,1775589000,1775589000,default
1775587988,1_27360,1_100161,27,1_759818400,1_7974629,1775588104,1775588104,default
1775587988,1_40065,1_102574,40,1_811901370,1_8026389,1775588133,1775588133,default
1775587988,1_59282,1_100072,181,1_721481960,1_7976104,1775590080,1775589234,default
1775587988,1_59282,1_100072,181,1_721481500,1_7976082,1775591880,1775591880,default
1775587988,1_31890,1_100230,50,1_770997330,1_3755,1775589177,1775589495,default
1775587988,1_620,40_100236,545,40_560090380,40_7976552,1775589660,1775589660,default
1775587988,1_10912,1_100264,70,1_816207960,1_8026407,1775589526,1775589526,default
1775587988,1_10912,1_100162,271,1_569497160,1_7976370,1775589960,1775589960,default
1775587988,1_10912,40_100511,542,40_569567970,40_7976686,1775590680,1775590680,default
1775587988,1_71960,40_100511,542,40_721030810,40_7976607,1775590260,1775590260,default
1775587988,1_71838,1_102753,222,1_774817510,1_7389,1775589549,1775589462,default
1775589526,1_8541,1_100263,7,1_800588520,1_8023405,1775589540,1775589543,default
1775589526,1_8541,1_100263,7,1_800588520,1_4540,1775589540,1775589543,default
1775589526,1_2850,1_100089,2,1_788758150,1_8023466,1775589780,1775588957,default
1775589526,1_2850,1_100089,2,1_788758150,1_7119,1775589780,1775588957,default
1775589526,1_46505,1_102619,F Line,1_656236250,1_7976225,1775590080,1775590080,default
1775589526,1_46505,1_102619,F Line,1_656236860,1_7976142,1775590980,1775590980,default
1775589526,1_29423,1_102732,79,1_816446460,1_8022070,1775590200,1775590200,default
1775589526,1_13810,1_102581,D Line,1_732750420,1_6112,1775589582,1775589540,default
1775589526,1_74152,1_102753,222,1_774817840,1_7356,1775589624,1775589558,default
1775589526,1_81254,1_102746,333,1_778704450,1_7202,1775589655,1775589484,default
1775589526,1_52306,1_102619,F Line,1_656237370,1_7976003,1775589900,1775589900,default
1775589526,1_99254,1_100003,101,1_762101010,1_8172,1775589622,1775589648,default
1775589526,1_2200,1_102581,D Line,1_803817310,1_6090,1775589685,1775589606,default
1775589526,1_40093,1_100133,240,1_766261480,1_7321,1775589689,1775589551,default
1775589526,1_59282,1_100072,181,1_721481960,1_7103,1775590080,1775589234,default
1775589526,1_59282,1_100072,181,1_721481960,1_7976104,1775590080,1775589234,default
1775589526,1_59282,1_100072,181,1_721481500,1_7976082,1775591880,1775591880,default
1775589526,1_10210,1_100264,70,1_801593270,1_8216,1775589706,1775589654,default
1775589526,1_25791,1_100214,372,1_694305800,1_6952,1775589480,1775589720,default
1775589526,1_620,40_100236,545,40_560090380,40_9660,1775589660,1775589716,default
1775589526,1_620,40_594,594,40_2798020,40_9714,1775589780,1775589763,default
1775589526,1_620,40_100239,550,40_597752100,40_9806,1775590200,1775590039,default
1775589526,1_10912,1_100162,271,1_569497160,1_7976370,1775589960,1775589960,default
1775589526,1_10912,40_100511,542,40_569567970,40_7976686,1775590680,1775590680,default
1775589526,1_10912,1_100162,271,1_569496570,1_7976354,1775590860,1775590860,default
1775589526,1_71960,40_100511,542,40_721030810,40_7976607,1775590260,1775590260,default
1775589526,1_8403,1_100039,14,1_562519300,1_4312,1775589420,1775589666,default
1775589826,1_481,1_102736,H Line,1_694056800,1_6077,1775589900,1775589810,default
1775589826,1_12770,1_100228,48,1_721362060,1_8058,1775589603,1775589844,default
1775589826,1_320,40_100239,550,40_597756220,40_7976613,1775589900,1775589784,default
1775589826,1_320,40_100239,550,40_597756220,40_9810,1775589900,1775589885,default
1775589826,1_46505,1_102619,F Line,1_656236250,1_6006,1775590080,1775589502,default
1775589826,1_46505,1_102619,F Line,1_656236860,1_7976142,1775590980,1775590980,default
1775589826,1_29423,1_102732,79,1_816446460,1_8022070,1775590200,1775590200,default
1775589826,1_280,40_594,594,40_773020,40_9305,1775589663,1775589897,default
1775589826,1_1190,1_100009,11,1_736449500,1_7047,1775589963,1775589822,default
1775589826,1_58110,1_100045,150,1_800670670,1_8183,1775589991,1775589818,default
1775589826,1_10653,1_100252,62,1_800856170,1_8000,1775591428,1775589788,default
1775589826,1_52306,1_102619,F Line,1_656236760,1_7975997,1775590800,1775590800,default
1775589826,1_8530,1_100263,7,1_800587750,1_4563,1775590089,1775589855,default
1775589826,1_58112,1_100045,150,1_800670670,1_8183,1775590109,1775589895,default
1775589826,1_59282,1_100072,181,1_721481960,1_7103,1775590080,1775589234,default
1775589826,1_59282,1_102717,165,1_800649740,1_7061,1775590620,-1,default
1775589826,1_59282,1_100072,181,1_721481500,1_7976082,1775591880,1775591880,default
1775589826,1_620,40_100239,550,40_597752100,40_9806,1775590200,1775589877,default
1775589826,1_10912,40_100511,542,40_569567970,40_7976686,1775590680,1775590680,default
1775589826,1_10912,1_100162,271,1_569496570,1_7976354,1775590860,1775590860,default
1775589826,1_10912,1_100162,271,1_569496960,1_7976364,1775591760,1775591760,default
1775589826,1_71960,40_100511,542,40_721030810,40_7976607,1775590260,1775590260,default
1775590126,1_51551,1_102736,H Line,1_694057170,1_6060,1775590107,1775590147,default
1775590126,1_60161,1_100042,148,1_762077320,1_7976053,1775591040,1775591040,default
1775590126,1_970,40_578,578,40_1714020,40_9738,1775589867,1775590181,default
1775590126,1_12770,1_100219,4,1_675345300,1_4383,1775590208,1775590107,default
1775590126,1_575,1_102576,C Line,1_800868340,1_6252,1775590140,1775590203,default
1775590126,1_2850,1_100089,2,1_788757780,1_7140,1775590620,1775590053,default
1775590126,1_2850,1_100089,2,1_788757780,1_8023472,1775590620,1775590620,default
1775590126,1_46505,1_102619,F Line,1_656236860,1_7976142,1775590980,1775590980,default
1775590126,1_29423,1_102732,79,1_816446460,1_8022070,1775590200,1775590200,default
1775590126,1_1510,1_100263,7,1_800587750,1_4563,1775590314,1775590168,default
1775590126,1_10653,1_100252,62,1_800856170,1_8000,1775591428,1775590119,default
1775590126,1_52306,1_102619,F Line,1_656236760,1_7975997,1775590800,1775590800,default
1775590126,1_8530,1_100039,14,1_562519450,1_4357,1775590252,1775590285,default
1775590126,1_59282,1_102717,165,1_800649740,1_7061,1775590620,-1,default
1775590126,1_59282,1_100072,181,1_721481500,1_7976082,1775591880,1775591880,default
1775590126,1_10912,40_100511,542,40_569567970,40_7976686,1775590680,1775590680,default
1775590126,1_10912,1_100162,271,1_569496570,1_7976354,1775590860,1775590860,default
1775590126,1_10912,1_100162,271,1_569496960,1_7976364,1775591760,1775591760,default
1775590427,1_26560,1_102574,40,1_811900810,1_8209,1775589029,1775590475,default
1775590427,1_60161,1_100042,148,1_762077320,1_7976053,1775591040,1775591040,default
1775590427,1_8541,1_100263,7,1_800588100,1_4532,1775590140,1775590467,default
1775590427,1_30790,1_100230,50,1_785558840,1_3725,1775590557,1775590432,default
1775590427,1_2850,1_100089,2,1_788757780,1_7140,1775590620,1775590053,default
1775590427,1_46505,1_102619,F Line,1_656236860,1_6232,1775590980,1775590081,default
1775590427,1_46505,1_102619,F Line,1_656237120,1_7976074,1775591880,1775591880,default
1775590427,1_10653,1_100252,62,1_800856170,1_8000,1775591428,1775590386,default
1775590427,1_74743,1_102701,225,1_806918190,1_7461,1775590319,1775590502,default
1775590427,1_73366,1_102548,B Line,1_721018670,1_6065,1775590540,1775590487,default
1775590427,1_81254,1_102746,333,1_778704710,1_7212,1775590555,1775590451,default
1775590427,1_52306,1_102619,F Line,1_656236760,1_7975997,1775590800,1775590800,default
1775590427,1_80121,1_102719,161,1_800652150,1_7314,1775590137,1775590574,default
1775590427,1_99254,1_100003,101,1_762101050,1_8141,1775590522,1775590554,default
1775590427,1_82187,1_100259,67,1_724949890,1_8126,1775590791,1775590504,default
1775590427,1_41850,1_100249,60,1_801585220,1_7144,1775590437,1775590544,default
1775590427,1_54201,1_102619,F Line,1_656237370,1_6279,1775590719,1775590529,default
1775590427,1_59282,1_102717,165,1_800649740,1_7061,1775590620,-1,default
1775590427,1_59282,1_100072,181,1_721481500,1_7976082,1775591880,1775591880,default
1775590427,1_57791,1_102718,184,1_635442820,1_1024,1775590523,1775590632,default
1775590427,1_620,40_100236,545,40_560090570,40_9655,1775590560,1775590631,default
1775590427,1_620,40_100240,554,40_774869910,40_9675,1775590800,1775590651,default
1775590427,1_10912,40_100511,542,40_569567970,40_7976686,1775590680,1775590680,default
1775590427,1_10912,1_100162,271,1_569496570,1_7976354,1775590860,1775590860,default
1775590427,1_10912,1_100162,271,1_569496960,1_7976364,1775591760,1775591760,default
1775590427,1_10912,40_100511,542,40_569565590,40_7976608,1775592480,1775592480,default
1775590727,1_60161,1_100042,148,1_762077320,1_7450,1775591040,1775590386,default
1775590727,1_970,40_577,577,40_653020,40_9306,1775590767,1775590767,default
1775590727,1_575,1_100263,7,1_800587750,1_4563,1775590920,1775590625,default
1775590727,1_46505,1_102619,F Line,1_656236860,1_6232,1775590980,1775590081,default
1775590727,1_46505,1_102619,F Line,1_656237120,1_7976074,1775591880,1775591880,default
1775590727,1_13810,1_102581,D Line,1_732750100,1_6105,1775590782,1775590750,default
1775590727,1_52306,1_102619,F Line,1_656236980,1_7976017,1775591700,1775591700,default
1775590727,1_40065,1_102574,40,1_811901240,1_8212,1775590953,1775590739,default
1775590727,1_59282,1_100072,181,1_721481500,1_7976082,1775591880,1775591880,default
1775590727,1_620,40_100239,550,40_597756620,40_9815,1775591100,1775591401,default
1775590727,1_68888,1_102552,226,1_816296040,1_7249,1775591070,1775590870,default
1775590727,1_10912,1_100447,49,1_801200100,1_8023497,1775590890,1775590890,default
1775590727,1_10912,1_100224,44,1_664048680,1_4534,1775590669,1775590891,default
1775590727,1_10912,1_100162,271,1_569496960,1_7976364,1775591760,1775591760,default
1775590727,1_10912,40_100511,542,40_569565590,40_7976608,1775592480,1775592480,default
1775590727,1_10912,1_100162,271,1_569496310,1_7976351,1775592660,1775592660,default
1775591027,1_60161,1_100042,148,1_762077320,1_7450,1775591040,1775590386,default
1775591027,1_575,1_100001,1,1_800580240,1_4357,1775591100,1775591071,default
1775591027,1_2850,1_100089,2,1_788758160,1_7157,1775591580,1775590764,default
1775591027,1_8080,1_100263,7,1_800588410,1_4531,1775591088,1775590999,default
1775591027,1_46505,1_102619,F Line,1_656237120,1_7976074,1775591880,1775591880,default
1775591027,1_72560,1_102704,250,1_816288110,1_7237,1775591043,1775591085,default
1775591027,1_52306,1_102619,F Line,1_656236980,1_7976017,1775591700,1775591700,default
1775591027,1_8530,1_100039,14,1_562519440,1_4339,1775591152,1775591149,default
1775591027,1_99254,40_594,594,40_429020,40_9715,1775591193,1775591183,default
1775591027,1_18230,1_100193,32,1_651766670,1_7102,1775591159,1775591049,default
1775591027,1_49350,1_100026,128,1_806634420,1_1017,1775591297,1775591158,default
1775591027,1_57804,1_100072,181,1_721481670,1_7345,1775591356,1775591618,default
1775591027,1_39983,1_102736,H Line,1_694056800,1_6077,1775591220,1775591050,default
1775591027,1_59282,1_100072,181,1_721481500,1_7129,1775591880,1775590893,default
1775591027,1_59282,1_100072,181,1_721481500,1_7976082,1775591880,1775591880,default
1775591027,1_620,40_100239,550,40_597756620,40_9815,1775591100,1775591304,default
1775591027,1_10912,1_100162,271,1_569496960,1_7976364,1775591760,1775591760,default
1775591027,1_10912,40_100511,542,40_569565590,40_7976608,1775592480,1775592480,default
1775591027,1_10912,1_100162,271,1_569496310,1_7976351,1775592660,1775592660,default
1775591027,1_71960,40_100511,542,40_721031380,40_7976685,1775592060,1775592060,default
1775591327,1_970,40_594,594,40_1391020,40_9735,1775591404,1775591404,default
1775591327,1_2850,1_100089,2,1_788758160,1_7157,1775591580,1775590764,default
1775591327,1_46505,1_102619,F Line,1_656237120,1_7976074,1775591880,1775591880,default
1775591327,1_10653,1_100252,62,1_800856170,1_8000,1775591428,1775591199,default
1775591327,1_52306,1_102619,F Line,1_656236980,1_7976017,1775591700,1775591700,default
1775591327,1_2200,1_102581,D Line,1_732750100,1_6105,1775591485,1775591328,default
1775591327,1_57804,1_100072,181,1_721481670,1_7345,1775591356,1775591530,default
1775591327,1_59282,1_100072,181,1_721481500,1_7129,1775591880,1775590893,default
1775591327,1_59282,1_102717,165,1_800649750,1_8023877,1775592420,1775592420,default
1775591327,1_620,40_594,594,40_429020,40_9715,1775591580,1775591570,default
1775591327,1_10912,1_100162,271,1_569496960,1_7976364,1775591760,1775591760,default
1775591327,1_10912,40_100511,542,40_569565590,40_7976608,1775592480,1775592480,default
1775591327,1_10912,1_100162,271,1_569496310,1_7976351,1775592660,1775592660,default
1775591327,1_71960,40_100511,542,40_721031380,40_7976685,1775592060,1775592060,default
1775591627,1_320,40_594,594,40_1391020,40_9735,1775591640,1775591695,default
1775591627,1_46505,1_102619,F Line,1_656237120,1_7976074,1775591880,1775591880,default
1775591627,1_46505,1_102619,F Line,1_656236400,1_7976083,1775592780,1775592780,default
1775591627,1_52306,1_102619,F Line,1_656237220,1_7976229,1775592600,1775592600,default
1775591627,1_63811,1_100160,269,1_806917750,1_8024684,1775591723,1775591744,default
1775591627,1_59282,1_102717,165,1_800649750,1_8023877,1775592420,1775592420,default
1775591627,1_60710,1_100512,A Line,1_800652890,1_8023834,1775591817,1775591817,default
1775591627,1_10912,40_100511,542,40_569565590,40_7976608,1775592480,1775592480,default
1775591627,1_10912,1_100162,271,1_569496310,1_7976351,1775592660,1775592660,default
1775591627,1_10912,1_100162,271,1_569497130,1_7976667,1775593560,1775593560,default
1775591627,1_71960,40_100511,542,40_721031380,40_7976685,1775592060,1775592060,default
1775591927,1_60161,1_100042,148,1_762077430,1_7976051,1775592840,1775592840,default
1775591927,1_970,40_578,578,40_889020,40_9310,1775591667,1775591940,default
1775591927,1_320,40_100240,554,40_560096840,40_7976690,1775592000,1775592029,default
1775591927,1_2850,1_100089,2,1_788757790,1_8023467,1775592420,1775591765,default
1775591927,1_46505,1_102619,F Line,1_656236400,1_7976083,1775592780,1775592780,default
1775591927,1_75770,1_102615,E Line,1_813081240,1_8022119,1775591966,1775591990,default
1775591927,1_52306,1_102619,F Line,1_656237220,1_7976229,1775592600,1775592600,default
1775591927,1_59282,1_102717,165,1_800649750,1_8023877,1775592420,1775592420,default
1775591927,1_620,40_510,510,40_16133735__MCOB-DO:121:0:Weekday:2:26MAR:86018:12345,40_MCOB-DO:121:0:Weekday:2:26MAR:86018:12345,1775595600,1775595600,default
1775591927,1_10912,1_100447,49,1_801200080,1_8023492,1775592090,1775592090,default
1775591927,1_10912,40_100511,542,40_569565590,40_7976608,1775592480,1775592480,default
1775591927,1_10912,1_100162,271,1_569496310,1_7976351,1775592660,1775592660,default
1775591927,1_10912,1_100162,271,1_569497130,1_7976667,1775593560,1775593560,default
1775592227,1_60161,1_100042,148,1_762077430,1_7976051,1775592840,1775592840,default
1775592227,1_970,1_100045,150,1_800670820,1_8023832,1775592294,1775592310,default
1775592227,1_575,1_102615,E Line,1_761417680,1_7975608,1775592300,1775592300,default
1775592227,1_575,1_100264,70,1_816207940,1_8026408,1775592300,1775592300,default
1775592227,1_2850,1_100089,2,1_788757790,1_8023467,1775592420,1775591765,default
1775592227,1_46505,1_102619,F Line,1_656236400,1_7976083,1775592780,1775592780,default
1775592227,1_3380,1_100210,36,1_800583450,1_8023415,1775592300,1775592307,default
1775592227,1_52306,1_102619,F Line,1_656237220,1_7976229,1775592600,1775592600,default
1775592227,1_17800,1_100202,345,1_724954900,1_7975637,1775592366,1775592370,default
1775592227,1_59282,1_102717,165,1_800649750,1_8023877,1775592420,1775592091,default
1775592227,1_60710,1_100512,A Line,1_800643430,1_8023825,1775592417,1775592417,default
1775592227,1_620,40_510,510,40_16133735__MCOB-DO:121:0:Weekday:2:26MAR:86018:12345,40_MCOB-DO:121:0:Weekday:2:26MAR:86018:12345,1775595600,1775595600,default
1775592227,1_10912,40_100511,542,40_569565590,40_7976608,1775592480,1775592480,default
1775592227,1_10912,1_100162,271,1_569496310,1_7976351,1775592660,1775592660,default
1775592227,1_10912,1_100162,271,1_569497130,1_7976667,1775593560,1775593560,default
1775592227,1_10912,40_100511,542,40_569569640,40_7976607,1775594280,1775594280,default
1775592527,1_60161,1_100042,148,1_762077430,1_7976051,1775592840,1775592840,default
1775592527,1_970,40_577,577,40_2430020,40_9730,1775592567,1775592567,default
1775592527,1_8541,1_100263,7,1_800587360,1_8023404,1775592540,1775592555,default
1775592527,1_320,40_100239,550,40_597756680,40_7976614,1775592600,1775592627,default
1775592527,1_46505,1_102619,F Line,1_656236400,1_7976083,1775592780,1775592780,default
1775592527,1_46505,1_102619,F Line,1_656236660,1_7976226,1775593680,1775593680,default
1775592527,1_52306,1_102619,F Line,1_656236560,1_7976085,1775593500,1775593500,default
1775592527,1_35440,1_100269,75,1_803351360,1_8022023,1775592673,1775592680,default
1775592527,1_57940,1_102720,160,1_664467190,1_7976095,1775592685,1775592688,default
1775592527,1_620,40_510,510,40_16133735__MCOB-DO:121:0:Weekday:2:26MAR:86018:12345,40_MCOB-DO:121:0:Weekday:2:26MAR:86018:12345,1775595600,1775595600,default
1775592527,1_10912,1_100162,271,1_569497130,1_7976667,1775593560,1775593560,default
1775592527,1_10912,40_100511,542,40_569569640,40_7976607,1775594280,1775594280,default
1775592527,1_10912,1_100162,271,1_569496450,1_7976349,1775594400,1775594400,default
1775592827,1_29217,1_100224,44,1_664047430,1_7974933,1775592842,1775592852,default
1775592827,1_60161,1_100042,148,1_762077430,1_7976051,1775592840,1775592840,default
1775592827,1_2850,1_100089,2,1_788758170,1_8023468,1775593380,1775592546,default
1775592827,1_46505,1_102619,F Line,1_656236660,1_7976226,1775593680,1775593680,default
1775592827,1_29423,1_102732,79,1_816446370,1_8022069,1775593800,1775593800,default
1775592827,1_68130,1_102548,B Line,1_721018180,1_7976638,1775592952,1775592952,default
1775592827,1_3380,1_100210,36,1_800583580,1_8023381,1775592900,1775592901,default
1775592827,1_52306,1_102619,F Line,1_656236560,1_7976085,1775593500,1775593500,default
1775592827,1_99254,40_594,594,40_3886020,40_9726,1775592993,1775592980,default
1775592827,1_76312,1_102705,230,1_664298510,1_7976384,1775593005,1775593013,default
1775592827,1_21080,1_100249,60,1_801585510,1_8025825,1775592960,1775592981,default
1775592827,1_19921,1_100101,21,1_809330980,1_8025839,1775592961,1775592966,default
1775592827,1_60710,1_100512,A Line,1_800643440,1_8023807,1775593017,1775593017,default
1775592827,1_25791,1_100214,372,1_694306560,1_7976765,1775593080,1775593083,default
1775592827,1_620,40_510,510,40_16133735__MCOB-DO:121:0:Weekday:2:26MAR:86018:12345,40_MCOB-DO:121:0:Weekday:2:26MAR:86018:12345,1775595600,1775595600,default
1775592827,1_10912,1_100162,271,1_569497130,1_7976667,1775593560,1775593560,default
1775592827,1_10912,40_100511,542,40_569569640,40_7976607,1775594280,1775594280,default
1775592827,1_10912,1_100162,271,1_569496450,1_7976349,1775594400,1775594400,default
1775592827,1_71960,40_100511,542,40_721030840,40_7976686,1775593860,1775593860,default
1775593127,1_52638,40_574,574,40_3768020,40_9721,1775593398,1775593158,default
1775593127,1_970,40_594,594,40_1204020,40_9714,1775593257,1775593257,default
1775593127,1_69430,1_102704,250,1_816288240,1_8024722,1775593155,1775593167,default
1775593127,1_8541,1_100263,7,1_800587590,1_8023413,1775593140,1775593157,default
1775593127,1_8541,1_100005,106,1_727785310,1_7975009,1775593140,1775593164,default
1775593127,1_320,40_100240,554,40_560097880,40_7976694,1775593200,1775593200,default
1775593127,1_2850,1_100089,2,1_788758170,1_8023468,1775593380,1775592546,default
1775593127,1_46505,1_102619,F Line,1_656236660,1_7976226,1775593680,1775593680,default
1775593127,1_29423,1_102732,79,1_816446370,1_8022069,1775593800,1775593800,default
1775593127,1_3470,1_100210,36,1_800583580,1_8023381,1775593200,1775593206,default
1775593127,1_1510,1_100001,1,1_800580400,1_8023458,1775593194,1775593203,default
1775593127,1_52306,1_102619,F Line,1_656236560,1_7976085,1775593500,1775593500,default
1775593127,1_99254,1_100003,101,1_762101020,1_7976062,1775593222,1775593231,default
1775593127,1_45751,1_100023,124,1_690551910,1_7974552,1775593217,1775593229,default
1775593127,1_45751,1_100249,60,1_801585520,1_8025826,1775593245,1775593245,default
1775593127,1_59282,1_100072,181,1_721481830,1_7976015,1775593740,1775593062,default
1775593127,1_59282,1_102717,165,1_800649760,1_8023881,1775594220,1775594220,default
1775593127,1_10210,1_100264,70,1_801593240,1_8026412,1775593306,1775593311,default
1775593127,1_620,40_594,594,40_3886020,40_9726,1775593380,1775593367,default
1775593127,1_620,40_100239,550,40_597754850,40_7976642,1775593800,1775593809,default
1775593127,1_620,40_510,510,40_16133735__MCOB-DO:121:0:Weekday:2:26MAR:86018:12345,40_MCOB-DO:121:0:Weekday:2:26MAR:86018:12345,1775595600,1775595600,default
1775593127,1_10912,1_100447,49,1_801200050,1_8023490,1775593290,1775593290,default
1775593127,1_10912,1_100162,271,1_569497130,1_7976667,1775593560,1775593560,default
1775593127,1_10912,40_100511,542,40_569569640,40_7976607,1775594280,1775594280,default
1775593127,1_10912,1_100162,271,1_569496450,1_7976349,1775594400,1775594400,default
1775593127,1_71960,40_100511,542,40_721030840,40_7976686,1775593860,1775593860,default
1775593427,1_60161,1_100042,148,1_762077340,1_7976071,1775593440,1775593453,default
1775593427,1_970,40_578,578,40_1227020,40_9311,1775593467,1775593461,default
1775593427,1_320,40_100239,550,40_597754070,40_7976644,1775593500,1775593500,default
1775593427,1_320,40_594,594,40_1204020,40_9714,1775593560,1775593560,default
1775593427,1_46505,1_102619,F Line,1_656236660,1_7976226,1775593680,1775593680,default
1775593427,1_46505,1_102619,F Line,1_694521830,1_7976003,1775594580,1775594580,default
1775593427,1_29423,1_102732,79,1_816446370,1_8022069,1775593800,1775593800,default
1775593427,1_3470,1_100249,60,1_801585770,1_8026428,1775593500,1775593528,default
1775593427,1_1510,1_100210,36,1_800583450,1_8023415,1775593478,1775593507,default
1775593427,1_3380,1_100210,36,1_800583460,1_8023483,1775593500,1775593502,default
1775593427,1_79610,1_100006,107,1_635437270,1_7976052,1775593252,1775593524,default
1775593427,1_52306,1_102619,F Line,1_656236260,1_7976225,1775594400,1775594400,default
1775593427,1_58112,1_100045,150,1_800669710,1_8023788,1775593529,1775593536,default
1775593427,1_59282,1_100072,181,1_721481830,1_7976015,1775593740,1775593062,default
1775593427,1_59282,1_102717,165,1_800649760,1_8023881,1775594220,1775594220,default
1775593427,1_85531,1_102757,187,1_762095060,1_7976065,1775593500,1775593683,default
1775593427,1_23905,1_100214,372,1_694306340,1_7976753,1775593598,1775593604,default
1775593427,1_45230,40_560,560,40_2176020,40_41506,1775593592,1775593577,default
1775593427,1_35440,1_100269,75,1_803351510,1_8022094,1775593573,1775593579,default
1775593427,1_60710,1_100512,A Line,1_800652800,1_8023769,1775593617,1775593631,default
1775593427,1_620,40_100239,550,40_597754850,40_7976642,1775593800,1775593809,default
1775593427,1_620,40_510,510,40_16133735__MCOB-DO:121:0:Weekday:2:26MAR:86018:12345,40_MCOB-DO:121:0:Weekday:2:26MAR:86018:12345,1775595600,1775595600,default
1775593427,1_10912,40_100511,542,40_569569640,40_7976607,1775594280,1775594280,default
1775593427,1_10912,1_100162,271,1_569496450,1_7976349,1775594400,1775594400,default
1775593427,1_10912,1_100162,271,1_569496740,1_7976670,1775595300,1775595300,default
1775593427,1_71960,40_100511,542,40_721030840,40_7976686,1775593860,1775593860,default
1775593727,1_103,1_102745,G Line,1_736435710,1_7974686,1775593726,1775593736,default
1775593727,1_51551,1_102736,H Line,1_694057130,1_7974900,1775593767,1775593779,default
1775593727,1_52638,1_102719,161,1_800652170,1_8023789,1775593189,1775593754,default
1775593727,1_60161,1_100042,148,1_762077440,1_7976071,1775594640,1775593446,default
1775593727,1_8541,1_100263,7,1_800587370,1_8023400,1775593740,1775593758,default
1775593727,1_51651,1_102736,H Line,1_694057090,1_7974896,1775593778,1775593781,default
1775593727,1_575,1_100173,3,1_761126500,1_7974915,1775593800,1775593810,default
1775593727,1_575,1_100001,1,1_800580400,1_8023458,1775593800,1775593819,default
1775593727,1_2850,1_100089,2,1_788757800,1_8023446,1775594040,1775593571,default
1775593727,1_46505,1_102619,F Line,1_694521830,1_7976003,1775594580,1775594580,default
1775593727,1_29423,1_102732,79,1_816446370,1_8022069,1775593800,1775593800,default
1775593727,1_27420,1_100161,27,1_759818670,1_7974629,1775593794,1775593821,default
1775593727,1_3470,1_100210,36,1_800583460,1_8023483,1775593800,1775593815,default
1775593727,1_77460,1_100205,348,1_771627310,1_7975646,1775593785,1775593794,default
1775593727,1_11569,1_100002,10,1_675385160,1_7974875,1775593821,1775593827,default
1775593727,1_52306,1_102619,F Line,1_656236260,1_7976225,1775594400,1775594400,default
1775593727,1_52306,1_102619,F Line,1_800653590,1_8023728,1775597100,1775597100,default
1775593727,1_25980,1_100254,65,1_778692930,1_7975670,1775593668,1775593831,default
1775593727,1_18230,1_100184,31,1_651766000,1_7974544,1775593859,1775593870,default
1775593727,1_71970,1_102753,222,1_774817860,1_7976396,1775593921,1775593810,default
1775593727,1_59282,1_102717,165,1_800649760,1_8023881,1775594220,1775594220,default
1775593727,1_25791,1_100214,372,1_694305970,1_7976757,1775593980,1775593980,default
1775593727,1_620,40_510,510,40_16133735__MCOB-DO:121:0:Weekday:2:26MAR:86018:12345,40_MCOB-DO:121:0:Weekday:2:26MAR:86018:12345,1775595600,1775595600,default
1775593727,1_620,40_510,510,40_16133736__MCOB-DO:121:0:Weekday:2:26MAR:86019:12345,40_MCOB-DO:121:0:Weekday:2:26MAR:86019:12345,1775597400,1775597400,default
1775593727,1_10912,40_100511,542,40_569569640,40_7976607,1775594280,1775594280,default
1775593727,1_10912,1_100162,271,1_569496450,1_7976349,1775594400,1775594400,default
1775593727,1_10912,1_100162,271,1_569496740,1_7976670,1775595300,1775595300,default
1775593727,1_3000,1_100089,2,1_788758170,1_8023468,1775593932,1775593932,default
1775594027,1_103,1_102745,G Line,1_736435630,1_7974689,1775594086,1775594102,default
1775594027,1_60161,1_100042,148,1_762077440,1_7976071,1775594640,1775593446,default
1775594027,1_8541,1_100005,106,1_727785350,1_7975012,1775594040,1775594066,default
1775594027,1_46505,1_102619,F Line,1_694521830,1_7976003,1775594580,1775594580,default
1775594027,1_1510,1_100001,1,1_800580430,1_8023420,1775594094,1775594106,default
1775594027,1_73366,1_102548,B Line,1_721018180,1_7976638,1775594140,1775594154,default
1775594027,1_52306,1_102619,F Line,1_656236260,1_7976225,1775594400,1775594400,default
1775594027,1_52306,1_102619,F Line,1_800653590,1_8023728,1775597100,1775597100,default
1775594027,1_99254,1_100003,101,1_762101070,1_7976161,1775594122,1775594130,default
1775594027,1_45751,1_100023,124,1_690551970,1_7974559,1775594117,1775594134,default
1775594027,1_17800,1_100202,345,1_724954080,1_7975636,1775594166,1775594173,default
1775594027,1_54971,1_100004,105,1_635436360,1_7976223,1775594179,1775594182,default
1775594027,1_22184,1_102736,H Line,1_694057090,1_7974896,1775594186,1775594217,default
1775594027,1_59282,1_102717,165,1_800649760,1_8023881,1775594220,1775594220,default
1775594027,1_60710,1_100512,A Line,1_800643450,1_8023792,1775594217,1775594232,default
1775594027,1_10210,1_100264,70,1_801593930,1_8026411,1775594206,1775594213,default
1775594027,1_620,40_100239,550,40_597756270,40_7976613,1775594700,1775594709,default
1775594027,1_620,40_510,510,40_16133735__MCOB-DO:121:0:Weekday:2:26MAR:86018:12345,40_MCOB-DO:121:0:Weekday:2:26MAR:86018:12345,1775595600,1775595600,default
1775594027,1_620,40_510,510,40_16133736__MCOB-DO:121:0:Weekday:2:26MAR:86019:12345,40_MCOB-DO:121:0:Weekday:2:26MAR:86019:12345,1775597400,1775597400,default
1775594027,1_10912,1_100214,372,1_694306720,1_7976758,1775594253,1775594253,default
1775594027,1_10912,40_100511,542,40_569569640,40_7976607,1775594280,1775594280,default
1775594027,1_10912,1_100162,271,1_569496450,1_7976349,1775594400,1775594400,default
1775594027,1_10912,1_100162,271,1_569496740,1_7976670,1775595300,1775595300,default
1775594027,1_10912,40_100511,542,40_569570750,40_7976685,1775596080,1775596080,default
1775594027,1_8403,1_100039,14,1_562519410,1_7974994,1775593980,1775593989,default
1775594027,1_18550,1_100252,62,1_721368200,1_7974590,1775594216,1775594218,default
1775594027,1_11600,1_100002,10,1_675385160,1_7974875,1775594219,1775594227,default
1775594327,1_51551,1_102736,H Line,1_694056840,1_7974967,1775594367,1775594378,default
1775594327,1_26560,1_102574,40,1_811900720,1_8026393,1775594429,1775594451,default
1775594327,1_60161,1_100042,148,1_762077440,1_7976071,1775594640,1775593446,default
1775594327,1_970,40_577,577,40_604020,40_9207,1775594367,1775594367,default
1775594327,1_8541,1_100263,7,1_800589020,1_8023428,1775594340,1775594362,default
1775594327,1_75890,1_102615,E Line,1_761418240,1_7975616,1775594344,1775594353,default
1775594327,1_320,40_100239,550,40_597757040,40_7976709,1775594400,1775594400,default
1775594327,1_320,40_100240,554,40_560098310,40_7976695,1775594400,1775594400,default
1775594327,1_68784,1_100136,245,1_761787290,1_7976393,1775594359,1775594362,default
1775594327,1_2850,1_100089,2,1_788758180,1_8023470,1775595060,1775595060,default
1775594327,1_46505,1_102619,F Line,1_694521830,1_7976003,1775594580,1775594580,default
1775594327,1_46505,1_102619,F Line,1_694521230,1_7975997,1775595480,1775595480,default
1775594327,1_3470,1_100210,36,1_800583470,1_8023384,1775594400,1775594417,default
1775594327,1_84810,1_102752,223,1_833610760,1_8024750,1775594441,1775594448,default
1775594327,1_52306,1_102619,F Line,1_656236870,1_7976142,1775595300,1775595300,default
1775594327,1_52306,1_102619,F Line,1_800653590,1_8023728,1775597100,1775597100,default
1775594327,1_82187,1_100259,67,1_724950570,1_7975671,1775594422,1775594443,default
1775594327,1_11060,1_100447,49,1_801200050,1_8023490,1775594430,1775594441,default
1775594327,1_2200,1_100275,8,1_800890670,1_8025047,1775594433,1775594462,default
1775594327,1_2200,1_102581,D Line,1_800600580,1_8023488,1775594485,1775594508,default
1775594327,1_80124,1_102719,161,1_800652170,1_8023789,1775593917,1775594465,default
1775594327,1_57804,1_100072,181,1_721481510,1_7976037,1775594956,1775594983,default
1775594327,1_23905,1_100214,372,1_694306060,1_7976752,1775594498,1775594500,default
1775594327,1_81749,1_100160,269,1_806916960,1_8024686,1775594494,1775594509,default
1775594327,1_35440,1_100269,75,1_803349550,1_8022020,1775594473,1775594482,default
1775594327,1_59936,1_102720,160,1_770988380,1_7976075,1775594491,1775594500,default
1775594327,1_72391,1_100136,245,1_761788260,1_7976373,1775594474,1775594484,default
1775594327,1_620,40_100240,554,40_774870350,40_7976696,1775594640,1775594646,default
1775594327,1_620,40_100239,550,40_597756270,40_7976613,1775594700,1775594709,default
1775594327,1_620,40_510,510,40_16133735__MCOB-DO:121:0:Weekday:2:26MAR:86018:12345,40_MCOB-DO:121:0:Weekday:2:26MAR:86018:12345,1775595600,1775595600,default
1775594327,1_620,40_510,510,40_16133736__MCOB-DO:121:0:Weekday:2:26MAR:86019:12345,40_MCOB-DO:121:0:Weekday:2:26MAR:86019:12345,1775597400,1775597400,default
1775594327,1_10912,1_100447,49,1_650118490,1_7975090,1775594490,1775594490,default
1775594327,1_10912,1_100162,271,1_569496740,1_7976670,1775595300,1775595300,default
1775594327,1_10912,40_100511,542,40_569570750,40_7976685,1775596080,1775596080,default
1775594327,1_10912,1_100162,271,1_569496190,1_7976348,1775596200,1775596200,default
1775594327,1_49810,1_100031,132,1_800857330,1_8024994,1775594496,1775594541,default
1775594627,1_481,1_100024,125,1_770790080,1_7974703,1775594640,1775594653,default
1775594627,1_60161,1_100042,148,1_762077440,1_7976071,1775594640,1775593446,default
1775594627,1_60161,1_100042,148,1_800646350,1_8023771,1775598120,1775598120,default
1775594627,1_30510,1_100249,60,1_801585510,1_8025825,1775594666,1775594672,default
1775594627,1_575,1_100001,1,1_800580430,1_8023420,1775594700,1775594723,default
1775594627,1_2850,1_100089,2,1_788758180,1_8023470,1775595060,1775594295,default
1775594627,1_15040,1_100230,50,1_785559780,1_7976175,1775594649,1775594665,default
1775594627,1_46505,1_102619,F Line,1_694521230,1_7975997,1775595480,1775595480,default
1775594627,1_77460,1_100205,348,1_771626990,1_7975645,1775594685,1775594701,default
1775594627,1_1510,1_100210,36,1_800583460,1_8023483,1775594678,1775594683,default
1775594627,1_72494,1_100160,269,1_806917260,1_8024685,1775594700,1775594712,default
1775594627,1_52306,1_102619,F Line,1_656236870,1_7976142,1775595300,1775595300,default
1775594627,1_52306,1_102619,F Line,1_800653590,1_8023728,1775597100,1775597100,default
1775594627,1_52306,1_102619,F Line,1_800653850,1_8023729,1775598000,1775598000,default
1775594627,1_8530,1_100039,14,1_562519490,1_7974988,1775594752,1775594781,default
1775594627,1_99254,40_594,594,40_90020,40_9312,1775594793,1775594782,default
1775594627,1_58112,1_102619,F Line,1_656236400,1_7976083,1775594721,1775594741,default
1775594627,1_41850,1_100249,60,1_801585510,1_8025825,1775594757,1775594763,default
1775594627,1_57804,1_100072,181,1_721481510,1_7976037,1775594956,1775594983,default
1775594627,1_22184,1_102736,H Line,1_694057060,1_7974887,1775594786,1775594797,default
1775594627,1_59282,1_100072,181,1_721481680,1_7976033,1775595480,1775595480,default
1775594627,1_19921,1_100101,21,1_809328730,1_8025801,1775594761,1775594765,default
1775594627,1_60710,1_100512,A Line,1_800643460,1_8023718,1775594817,1775594838,default
1775594627,1_58079,1_102719,161,1_800651820,1_8023879,1775594760,1775594781,default
1775594627,1_25791,1_100214,372,1_694306720,1_7976758,1775594880,1775594891,default
1775594627,1_620,40_510,510,40_16133735__MCOB-DO:121:0:Weekday:2:26MAR:86018:12345,40_MCOB-DO:121:0:Weekday:2:26MAR:86018:12345,1775595600,1775595600,default
1775594627,1_620,40_510,510,40_16133736__MCOB-DO:121:0:Weekday:2:26MAR:86019:12345,40_MCOB-DO:121:0:Weekday:2:26MAR:86019:12345,1775597400,1775597400,default
1775594627,1_10912,1_100264,70,1_801593450,1_8026409,1775594866,1775594866,default
1775594627,1_10912,1_100162,271,1_569496740,1_7976670,1775595300,1775595300,default
1775594627,1_10912,40_100511,542,40_569570750,40_7976685,1775596080,1775596080,default
1775594627,1_10912,1_100162,271,1_569496190,1_7976348,1775596200,1775596200,default
1775594627,1_71960,40_100511,542,40_721031310,40_7976608,1775595660,1775595660,default
1775594927,1_8310,1_100263,7,1_800588630,1_8023405,1775594931,1775594949,default
1775594927,1_60161,1_100042,148,1_800646350,1_8023771,1775598120,1775598120,default
1775594927,1_970,40_594,594,40_840020,40_9715,1775595030,1775595030,default
1775594927,1_69430,1_102704,250,1_816288260,1_8024762,1775594955,1775594968,default
1775594927,1_8541,1_100005,106,1_727785210,1_7975008,1775594940,1775594944,default
1775594927,1_8541,1_100263,7,1_800587940,1_8023408,1775594940,1775594962,default
1775594927,1_575,1_102581,D Line,1_803817140,1_8023487,1775594940,1775594961,default
1775594927,1_575,1_102615,E Line,1_813081160,1_8022062,1775595000,1775595012,default
1775594927,1_2850,1_100089,2,1_788758180,1_8023470,1775595060,1775594295,default
1775594927,1_46505,1_102619,F Line,1_694521230,1_7975997,1775595480,1775595480,default
1775594927,1_13810,1_102581,D Line,1_803817450,1_8023438,1775594982,1775595009,default
1775594927,1_27420,1_100249,60,1_801585520,1_8025826,1775595008,1775595024,default
1775594927,1_1510,1_100001,1,1_800580410,1_8023459,1775594994,1775595012,default
1775594927,1_11569,1_100002,10,1_675385290,1_7974882,1775595021,1775595034,default
1775594927,1_52306,1_102619,F Line,1_656236870,1_7976142,1775595300,1775595300,default
1775594927,1_52306,1_102619,F Line,1_800653590,1_8023728,1775597100,1775597100,default
1775594927,1_52306,1_102619,F Line,1_800653850,1_8023729,1775598000,1775598000,default
1775594927,1_99254,1_100003,101,1_762101080,1_7976159,1775595082,1775595099,default
1775594927,1_99254,1_100045,150,1_724420690,1_7976157,1775595100,1775595112,default
1775594927,1_7750,1_102615,E Line,1_813078340,1_8025852,1775595012,1775595028,default
1775594927,1_17800,1_102744,365,1_724961710,1_7975722,1775595059,1775595073,default
1775594927,1_2200,1_102581,D Line,1_803817500,1_8022078,1775595085,1775595104,default
1775594927,1_59282,1_100072,181,1_721481680,1_7976033,1775595480,1775594711,default
1775594927,1_59282,1_102717,165,1_800649770,1_8023732,1775595960,1775595960,default
1775594927,1_10210,1_100264,70,1_801593660,1_8026410,1775595106,1775595125,default
1775594927,1_620,40_594,594,40_90020,40_9312,1775595180,1775595169,default
1775594927,1_620,40_510,510,40_16133735__MCOB-DO:121:0:Weekday:2:26MAR:86018:12345,40_MCOB-DO:121:0:Weekday:2:26MAR:86018:12345,1775595600,1775595600,default
1775594927,1_620,40_100239,550,40_597752700,40_7976616,1775595600,1775595616,default
1775594927,1_620,40_510,510,40_16133736__MCOB-DO:121:0:Weekday:2:26MAR:86019:12345,40_MCOB-DO:121:0:Weekday:2:26MAR:86019:12345,1775597400,1775597400,default
1775594927,1_620,40_510,510,40_16133737__MCOB-DO:121:0:Weekday:2:26MAR:86020:12345,40_MCOB-DO:121:0:Weekday:2:26MAR:86020:12345,1775598600,1775598600,default
1775594927,1_10912,1_100162,271,1_569496740,1_7976670,1775595300,1775595300,default
1775594927,1_10912,40_100511,542,40_569570750,40_7976685,1775596080,1775596080,default
1775594927,1_10912,1_100162,271,1_569496190,1_7976348,1775596200,1775596200,default
1775594927,1_71960,40_100511,542,40_721031310,40_7976608,1775595660,1775595660,default
1775594927,1_81982,1_100196,331,1_803353060,1_8022115,1775595121,1775595133,default
1775594927,1_8403,1_100039,14,1_562519480,1_7974990,1775594880,1775594898,default
1775594927,1_18550,1_100252,62,1_721368210,1_7974592,1775595116,1775595121,default
1775595228,1_60161,1_100042,148,1_800646350,1_8023771,1775598120,1775598120,default
1775595228,1_75890,1_102615,E Line,1_768603560,1_7975045,1775595244,1775595258,default
1775595228,1_320,40_594,594,40_840020,40_9715,1775595300,1775595300,default
1775595228,1_320,40_100239,550,40_597757330,40_7976642,1775595300,1775595313,default
1775595228,1_68784,1_100136,245,1_761789650,1_7976397,1775595259,1775595260,default
1775595228,1_46505,1_102619,F Line,1_694521230,1_7975997,1775595480,1775595480,default
1775595228,1_46505,1_102619,F Line,1_721496530,1_7976017,1775596380,1775596380,default
1775595228,1_1510,1_100210,36,1_800583470,1_8023384,1775595278,1775595285,default
1775595228,1_81199,1_100072,181,1_721481510,1_7976037,1775595300,1775595300,default
1775595228,1_52306,1_102619,F Line,1_656237130,1_7976074,1775596200,1775596200,default
1775595228,1_52306,1_102619,F Line,1_800653590,1_8023728,1775597100,1775597100,default
1775595228,1_52306,1_102619,F Line,1_800653850,1_8023729,1775598000,1775598000,default
1775595228,1_21945,1_102717,165,1_800649350,1_8023767,1775595480,1775595486,default
1775595228,1_82187,1_100259,67,1_724949480,1_7975680,1775595322,1775595351,default
1775595228,1_59282,1_100072,181,1_721481680,1_7976033,1775595480,1775594711,default
1775595228,1_59282,1_102717,165,1_800649770,1_8023732,1775595960,1775595105,default
1775595228,1_35440,1_100269,75,1_803351870,1_8022104,1775595373,1775595389,default
1775595228,1_60710,1_100512,A Line,1_800652810,1_8023806,1775595417,1775595440,default
1775595228,1_72391,1_100136,245,1_761787000,1_7976344,1775595374,1775595390,default
1775595228,1_58111,1_102619,F Line,1_656236660,1_7976226,1775595415,1775595419,default
1775595228,1_620,1_100003,101,1_762101080,1_7976159,1775595420,1775595427,default
1775595228,1_620,40_100239,550,40_597752700,40_7976616,1775595600,1775595616,default
1775595228,1_620,40_510,510,40_16133735__MCOB-DO:121:0:Weekday:2:26MAR:86018:12345,40_MCOB-DO:121:0:Weekday:2:26MAR:86018:12345,1775595600,1775595629,default
1775595228,1_620,40_510,510,40_16133736__MCOB-DO:121:0:Weekday:2:26MAR:86019:12345,40_MCOB-DO:121:0:Weekday:2:26MAR:86019:12345,1775597400,1775597400,default
1775595228,1_620,40_510,510,40_16133737__MCOB-DO:121:0:Weekday:2:26MAR:86020:12345,40_MCOB-DO:121:0:Weekday:2:26MAR:86020:12345,1775598600,1775598600,default
1775595228,1_10912,40_100511,542,40_569570750,40_7976685,1775596080,1775596080,default
1775595228,1_10912,1_100162,271,1_569496190,1_7976348,1775596200,1775596200,default
1775595228,1_10912,1_100162,271,1_569495940,1_7976350,1775597100,1775597100,default
1775595228,1_71960,40_100511,542,40_721031310,40_7976608,1775595660,1775595660,default
1775595228,1_46080,1_100006,107,1_696733830,1_7976110,1775595415,1775595426,default
1775595528,1_103,1_102745,G Line,1_736435680,1_7974687,1775595526,1775595545,default
1775595528,1_22196,1_102736,H Line,1_694057100,1_7974966,1775595519,1775595538,default
1775595528,1_60161,1_100042,148,1_762077560,1_7976052,1775596320,1775596320,default
1775595528,1_60161,1_100042,148,1_800646350,1_8023771,1775598120,1775598120,default
1775595528,1_30790,1_100006,107,1_721485470,1_7976055,1775595552,1775595552,default
1775595528,1_320,40_100240,554,40_560098550,40_7976705,1775595600,1775595600,default
1775595528,1_81205,1_100072,181,1_721481510,1_7976037,1775595571,1775595584,default
1775595528,1_575,1_102581,D Line,1_803817150,1_8023442,1775595540,1775595565,default
1775595528,1_575,1_100001,1,1_800580410,1_8023459,1775595600,1775595602,default
1775595528,1_575,1_100173,3,1_761126950,1_7974914,1775595600,1775595607,default
1775595528,1_2850,1_100089,2,1_788757810,1_8023471,1775595780,1775595258,default
1775595528,1_46505,1_102619,F Line,1_721496530,1_7976017,1775596380,1775596380,default
1775595528,1_27420,1_100161,27,1_759818880,1_7974706,1775595634,1775595643,default
1775595528,1_84810,1_102752,223,1_833610770,1_8024748,1775595641,1775595641,default
1775595528,1_52306,1_102619,F Line,1_656237130,1_7976074,1775596200,1775596200,default
1775595528,1_52306,1_102619,F Line,1_800653590,1_8023728,1775597100,1775597100,default
1775595528,1_52306,1_102619,F Line,1_800653850,1_8023729,1775598000,1775598000,default
1775595528,1_52306,1_102619,F Line,1_800654560,1_8023711,1775598900,1775598900,default
1775595528,1_58112,1_102619,F Line,1_656236660,1_6289,1775595681,1775595701,default
1775595528,1_70665,1_102704,250,1_806915190,1_7240,1775595291,1775595657,default
1775595528,1_11060,1_100447,49,1_650118490,1_4377,1775595630,1775595648,default
1775595528,1_71970,1_102753,222,1_774817870,1_7976418,1775595781,1775595626,default
1775595528,1_71970,1_102753,222,1_774817870,1_7336,1775595781,1775595626,default
1775595528,1_59282,1_102717,165,1_800649770,1_8023732,1775595960,1775595105,default
1775595528,1_59282,1_102717,165,1_800649770,1_7440,1775595960,1775595105,default
1775595528,1_620,40_100240,554,40_774869180,40_9682,1775595960,1775595972,default
1775595528,1_620,40_510,510,40_16133736__MCOB-DO:121:0:Weekday:2:26MAR:86019:12345,40_MCOB-DO:121:0:Weekday:2:26MAR:86019:12345,1775597400,1775597400,default
1775595528,1_620,40_510,510,40_16133737__MCOB-DO:121:0:Weekday:2:26MAR:86020:12345,40_MCOB-DO:121:0:Weekday:2:26MAR:86020:12345,1775598600,1775598600,default
1775595528,1_620,40_515,515,40_16133696__MCOB-DO:121:0:Weekday:2:26MAR:86022:12345,40_MCOB-DO:121:0:Weekday:2:26MAR:86022:12345,1775599200,1775599200,default
1775595528,1_10912,40_100511,542,40_569570750,40_7976685,1775596080,1775596080,default
1775595528,1_10912,1_100162,271,1_569496190,1_7976348,1775596200,1775596200,default
1775595528,1_10912,1_100162,271,1_569495940,1_7976350,1775597100,1775597100,default
1775595528,1_71960,1_102752,223,1_816297610,1_8024749,1775595720,1775595723,default
1775595528,1_71960,1_102752,223,1_816297610,1_7388,1775595720,1775595744,default
1775595828,1_60161,1_100042,148,1_762077560,1_7976052,1775596320,1775596320,default
1775595828,1_60161,1_100042,148,1_800646350,1_8023771,1775598120,1775598120,default
1775595828,1_46505,1_102619,F Line,1_721496530,1_7976017,1775596380,1775596380,default
1775595828,1_2320,1_100001,1,1_800580410,1_4385,1775596055,1775595932,default
1775595828,1_74743,1_102702,239,1_736529700,1_3718,1775595943,1775595876,default
1775595828,1_52306,1_102619,F Line,1_656237130,1_7976074,1775596200,1775596200,default
1775595828,1_52306,1_102619,F Line,1_800653590,1_8023728,1775597100,1775597100,default
1775595828,1_52306,1_102619,F Line,1_800653850,1_8023729,1775598000,1775598000,default
1775595828,1_52306,1_102619,F Line,1_800654560,1_8023711,1775598900,1775598900,default
1775595828,1_58112,1_102619,F Line,1_656236660,1_6289,1775595681,1775595924,default
1775595828,1_59282,1_102717,165,1_800649770,1_7440,1775595960,1775595105,default
1775595828,1_620,40_510,510,40_16133736__MCOB-DO:121:0:Weekday:2:26MAR:86019:12345,40_MCOB-DO:121:0:Weekday:2:26MAR:86019:12345,1775597400,1775597400,default
1775595828,1_620,40_510,510,40_16133737__MCOB-DO:121:0:Weekday:2:26MAR:86020:12345,40_MCOB-DO:121:0:Weekday:2:26MAR:86020:12345,1775598600,1775598600,default
1775595828,1_620,40_515,515,40_16133696__MCOB-DO:121:0:Weekday:2:26MAR:86022:12345,40_MCOB-DO:121:0:Weekday:2:26MAR:86022:12345,1775599200,1775599200,default
1775595828,1_10912,40_100511,542,40_569570750,40_7976685,1775596080,1775596080,default
1775595828,1_10912,1_100162,271,1_569496190,1_7976348,1775596200,1775596200,default
1775595828,1_10912,1_100162,271,1_569495940,1_7976350,1775597100,1775597100,default
1775595828,1_8403,1_100039,14,1_562519530,1_4378,1775595780,1775595830,default
1775596128,1_103,1_102745,G Line,1_736437270,1_6401,1775595886,1775596147,default
1775596128,1_77930,1_102746,333,1_778704090,1_7217,1775596037,1775596152,default
1775596128,1_60161,1_100042,148,1_762077560,1_7976052,1775596320,1775596320,default
1775596128,1_60161,1_100042,148,1_800646350,1_8023771,1775598120,1775598120,default
1775596128,1_970,40_577,577,40_724020,40_9205,1775596262,1775596262,default
1775596128,1_46505,1_102619,F Line,1_721496530,1_7976017,1775596380,1775596380,default
1775596128,1_46505,1_102619,F Line,1_721496770,1_7976229,1775597280,1775597280,default
1775596128,1_27420,1_100249,60,1_801585510,1_7082,1775595728,1775596253,default
1775596128,1_52306,1_102619,F Line,1_800653590,1_8023728,1775597100,1775597100,default
1775596128,1_52306,1_102619,F Line,1_800653850,1_8023729,1775598000,1775598000,default
1775596128,1_52306,1_102619,F Line,1_800654560,1_8023711,1775598900,1775598900,default
1775596128,1_41850,1_100249,60,1_801585300,1_7075,1775596257,1775596232,default
1775596128,1_82107,1_100196,331,1_724954940,1_7214,1775596356,1775596180,default
1775596128,1_620,40_100239,550,40_597757390,40_9806,1775596500,1775596388,default
1775596128,1_620,40_510,510,40_16133736__MCOB-DO:121:0:Weekday:2:26MAR:86019:12345,40_MCOB-DO:121:0:Weekday:2:26MAR:86019:12345,1775597400,1775597400,default
1775596128,1_620,40_510,510,40_16133737__MCOB-DO:121:0:Weekday:2:26MAR:86020:12345,40_MCOB-DO:121:0:Weekday:2:26MAR:86020:12345,1775598600,1775598600,default
1775596128,1_620,40_515,515,40_16133696__MCOB-DO:121:0:Weekday:2:26MAR:86022:12345,40_MCOB-DO:121:0:Weekday:2:26MAR:86022:12345,1775599200,1775599200,default
1775596128,1_620,40_510,510,40_16133738__MCOB-DO:121:0:Weekday:2:26MAR:86021:12345,40_MCOB-DO:121:0:Weekday:2:26MAR:86021:12345,1775599800,1775599800,default
1775596128,1_10912,1_100162,271,1_569495940,1_7976350,1775597100,1775597100,default
1775596128,1_10912,40_100511,542,40_569570770,40_7976686,1775597880,1775597880,default
1775596128,1_10912,1_100162,271,1_569495860,1_7976674,1775598060,1775598060,default
1775596428,1_12170,1_100039,14,1_562519530,1_4378,1775596359,1775596466,default
1775596428,1_60161,1_100042,148,1_800646350,1_8023771,1775598120,1775598120,default
1775596428,1_60161,1_100042,148,1_800646420,1_8023887,1775599920,1775599920,default
1775596428,1_2850,1_100089,2,1_788758190,1_7091,1775596860,1775595737,default
1775596428,1_46505,1_102619,F Line,1_721496770,1_6285,1775597280,1775596164,default
1775596428,1_29423,1_102732,79,1_816446410,1_8022070,1775597400,1775597400,default
1775596428,1_280,40_592,592,40_1242020,40_9726,1775596478,1775596478,default
1775596428,1_11569,1_100002,10,1_675382950,1_4313,1775596221,1775596502,default
1775596428,1_40012,1_100026,128,1_806634430,1_1004,1775596575,1775596395,default
1775596428,1_72494,1_100160,269,1_806916960,1_7320,1775596620,1775596577,default
1775596428,1_52306,1_102619,F Line,1_800653590,1_8023728,1775597100,1775597100,default
1775596428,1_52306,1_102619,F Line,1_800653850,1_8023729,1775598000,1775598000,default
1775596428,1_52306,1_102619,F Line,1_800654560,1_8023711,1775598900,1775598900,default
1775596428,1_52306,1_102619,F Line,1_800653960,1_8023763,1775599800,1775599800,default
1775596428,1_9605,1_100259,67,1_657908410,1_8156,1775596620,1775596504,default
1775596428,1_57804,1_100072,181,1_721481840,1_7103,1775596696,1775596836,default
1775596428,1_620,40_510,510,40_16133736__MCOB-DO:121:0:Weekday:2:26MAR:86019:12345,40_MCOB-DO:121:0:Weekday:2:26MAR:86019:12345,1775597400,1775597400,default
1775596428,1_620,40_510,510,40_16133737__MCOB-DO:121:0:Weekday:2:26MAR:86020:12345,40_MCOB-DO:121:0:Weekday:2:26MAR:86020:12345,1775598600,1775598600,default
1775596428,1_620,40_515,515,40_16133696__MCOB-DO:121:0:Weekday:2:26MAR:86022:12345,40_MCOB-DO:121:0:Weekday:2:26MAR:86022:12345,1775599200,1775599200,default
1775596428,1_620,40_510,510,40_16133738__MCOB-DO:121:0:Weekday:2:26MAR:86021:12345,40_MCOB-DO:121:0:Weekday:2:26MAR:86021:12345,1775599800,1775599800,default
1775596428,1_620,1_102754,256,1_816378460,1_8005261,1775600040,1775600040,default
1775596428,1_620,40_515,515,40_16133698__MCOB-DO:121:0:Weekday:2:26MAR:86023:12345,40_MCOB-DO:121:0:Weekday:2:26MAR:86023:12345,1775600100,1775600100,default
1775596428,1_10912,1_100162,271,1_569495940,1_7976350,1775597100,1775597100,default
1775596428,1_10912,40_100511,542,40_569570770,40_7976686,1775597880,1775597880,default
1775596428,1_10912,1_100162,271,1_569495860,1_7976674,1775598060,1775598060,default
1775596428,1_10912,1_100162,271,1_581747180,1_7976720,1775598720,1775598720,default
1775596428,1_71960,40_100511,542,40_721030790,40_7976607,1775597460,1775597460,default
1775596428,1_8403,1_100039,14,1_562519560,1_4357,1775596680,1775596562,default
1775596728,1_46791,1_100016,118,1_669631410,1_3708,1775596860,1775596860,default
1775596728,1_26560,1_102574,40,1_811901270,1_8212,1775596349,1775596779,default
1775596728,1_60161,1_100042,148,1_800646350,1_8023771,1775598120,1775598120,default
1775596728,1_60161,1_100042,148,1_800646420,1_8023887,1775599920,1775599920,default
1775596728,1_30510,1_100006,107,1_696623090,1_7143,1775596799,1775596710,default
1775596728,1_575,1_102615,E Line,1_761418020,1_6057,1775596860,1775596775,default
1775596728,1_2850,1_100089,2,1_788758190,1_7091,1775596860,1775595737,default
1775596728,1_46505,1_102619,F Line,1_721496770,1_6285,1775597280,1775596164,default
1775596728,1_29423,1_102732,79,1_816446410,1_8022070,1775597400,1775597400,default
1775596728,1_280,40_100240,554,40_560097120,40_7976696,1775596673,1775596770,default
1775596728,1_280,40_100240,554,40_560097120,40_9807,1775596673,1775596803,default
1775596728,1_1190,40_100239,550,40_597757390,40_9806,1775596960,1775596742,default
1775596728,1_57453,1_102720,160,1_770988970,1_7126,1775596860,1775596748,default
1775596728,1_58110,1_100045,150,1_800670210,1_8171,1775596831,1775596766,default
1775596728,1_8671,1_100275,8,1_800891000,1_8290,1775597506,1775596723,default
1775596728,1_52306,1_102619,F Line,1_800653590,1_8023728,1775597100,1775597100,default
1775596728,1_52306,1_102619,F Line,1_800653850,1_8023729,1775598000,1775598000,default
1775596728,1_52306,1_102619,F Line,1_800654560,1_8023711,1775598900,1775598900,default
1775596728,1_52306,1_102619,F Line,1_800653960,1_8023763,1775599800,1775599800,default
1775596728,1_58112,1_100045,150,1_800670210,1_8171,1775596949,1775596847,default
1775596728,1_59282,1_100072,181,1_721481980,1_7491,1775597280,1775596348,default
1775596728,1_59282,1_102717,165,1_800649780,1_8023878,1775597700,1775597700,default
1775596728,1_59282,1_102717,165,1_800649790,1_8023768,1775599740,1775599740,default
1775596728,1_59872,1_102619,F Line,1_656236260,1_6006,1775596458,1775596899,default
1775596728,1_18580,1_100252,62,1_721368230,1_8296,1775596969,1775596813,default
1775596728,1_25791,1_100214,372,1_694306330,1_6851,1775596680,1775596916,default
1775596728,1_620,40_100236,545,40_560089040,40_9811,1775596860,1775596951,default
1775596728,1_620,40_510,510,40_16133736__MCOB-DO:121:0:Weekday:2:26MAR:86019:12345,40_MCOB-DO:121:0:Weekday:2:26MAR:86019:12345,1775597400,1775597400,default
1775596728,1_620,40_510,510,40_16133737__MCOB-DO:121:0:Weekday:2:26MAR:86020:12345,40_MCOB-DO:121:0:Weekday:2:26MAR:86020:12345,1775598600,1775598600,default
1775596728,1_620,40_515,515,40_16133696__MCOB-DO:121:0:Weekday:2:26MAR:86022:12345,40_MCOB-DO:121:0:Weekday:2:26MAR:86022:12345,1775599200,1775599200,default
1775596728,1_620,40_510,510,40_16133738__MCOB-DO:121:0:Weekday:2:26MAR:86021:12345,40_MCOB-DO:121:0:Weekday:2:26MAR:86021:12345,1775599800,1775599800,default
1775596728,1_620,1_102754,256,1_816378460,1_8005261,1775600040,1775600040,default
1775596728,1_620,40_515,515,40_16133698__MCOB-DO:121:0:Weekday:2:26MAR:86023:12345,40_MCOB-DO:121:0:Weekday:2:26MAR:86023:12345,1775600100,1775600100,default
1775596728,1_10912,1_100162,271,1_569495940,1_7976350,1775597100,1775597100,default
1775596728,1_10912,40_100511,542,40_569570770,40_7976686,1775597880,1775597880,default
1775596728,1_10912,1_100162,271,1_569495860,1_7976674,1775598060,1775598060,default
1775596728,1_10912,1_100162,271,1_581747180,1_7976720,1775598720,1775598720,default
1775596728,1_10912,40_100451,556,40_635882640,40_7976563,1775599200,1775599200,default
1775596728,1_71960,1_102752,223,1_816297620,1_7368,1775596920,1775596905,default
1775596728,1_71960,40_100511,542,40_721030790,40_7976607,1775597460,1775597460,default
1775596728,1_8403,1_100039,14,1_562519560,1_4357,1775596680,1775596563,default
1775597028,1_11870,1_100039,14,1_562519710,1_4322,1775597046,1775596972,default
1775597028,1_60161,1_100042,148,1_800646350,1_8023771,1775598120,1775598120,default
1775597028,1_60161,1_100042,148,1_800646420,1_8023887,1775599920,1775599920,default
1775597028,1_75890,1_102615,E Line,1_813081200,1_6091,1775597104,1775596988,default
1775597028,1_320,40_594,594,40_3579020,40_41510,1775597100,1775597100,default
1775597028,1_17651,1_102747,61,1_803357020,1_3751,1775596910,1775597068,default
1775597028,1_575,1_102576,C Line,1_800869580,1_6269,1775597340,1775597127,default
1775597028,1_8080,1_100005,106,1_727785190,1_7006,1775597122,1775597000,default
1775597028,1_46505,1_102619,F Line,1_721496770,1_6285,1775597280,1775596164,default
1775597028,1_46505,1_102619,F Line,1_721496120,1_7976085,1775598180,1775598180,default
1775597028,1_29423,1_102732,79,1_816446410,1_8022070,1775597400,1775597400,default
1775597028,1_2320,1_100001,1,1_800580530,1_4311,1775596955,1775597089,default
1775597028,1_10653,1_100252,62,1_721368200,1_8066,1775597040,1775597114,default
1775597028,1_8671,1_100275,8,1_800891000,1_8290,1775597506,1775597008,default
1775597028,1_52306,1_102619,F Line,1_800653850,1_8023729,1775598000,1775598000,default
1775597028,1_52306,1_102619,F Line,1_800654560,1_8023711,1775598900,1775598900,default
1775597028,1_52306,1_102619,F Line,1_800653960,1_8023763,1775599800,1775599800,default
1775597028,1_76312,1_102705,230,1_664298530,1_7447,1775596753,1775597154,default
1775597028,1_59282,1_100072,181,1_721481980,1_7491,1775597280,1775596348,default
1775597028,1_59282,1_102717,165,1_800649780,1_8023878,1775597700,1775597700,default
1775597028,1_59282,1_102717,165,1_800649790,1_8023768,1775599740,1775599740,default
1775597028,1_85531,1_102757,187,1_762095080,1_7351,1775597160,1775597260,default
1775597028,1_45230,40_560,560,40_3446020,40_41517,1775597192,1775597174,default
1775597028,1_620,40_100240,554,40_774871420,40_9647,1775597280,1775597176,default
1775597028,1_620,40_510,510,40_16133736__MCOB-DO:121:0:Weekday:2:26MAR:86019:12345,40_MCOB-DO:121:0:Weekday:2:26MAR:86019:12345,1775597400,1775597400,default
1775597028,1_620,40_100239,550,40_597757360,40_9815,1775597460,1775597630,default
1775597028,1_620,40_510,510,40_16133737__MCOB-DO:121:0:Weekday:2:26MAR:86020:12345,40_MCOB-DO:121:0:Weekday:2:26MAR:86020:12345,1775598600,1775598600,default
1775597028,1_620,40_515,515,40_16133696__MCOB-DO:121:0:Weekday:2:26MAR:86022:12345,40_MCOB-DO:121:0:Weekday:2:26MAR:86022:12345,1775599200,1775599200,default
1775597028,1_620,40_510,510,40_16133738__MCOB-DO:121:0:Weekday:2:26MAR:86021:12345,40_MCOB-DO:121:0:Weekday:2:26MAR:86021:12345,1775599800,1775599800,default
1775597028,1_620,1_102754,256,1_816378460,1_8005261,1775600040,1775600040,default
1775597028,1_620,40_515,515,40_16133698__MCOB-DO:121:0:Weekday:2:26MAR:86023:12345,40_MCOB-DO:121:0:Weekday:2:26MAR:86023:12345,1775600100,1775600100,default
1775597028,1_10912,1_100224,44,1_664048620,1_4534,1775597209,1775597186,default
1775597028,1_10912,40_100511,542,40_569570770,40_7976686,1775597880,1775597880,default
1775597028,1_10912,1_100162,271,1_569495860,1_7976674,1775598060,1775598060,default
1775597028,1_10912,1_100162,271,1_581747180,1_7976720,1775598720,1775598720,default
1775597028,1_10912,40_100451,556,40_635882640,40_7976563,1775599200,1775599200,default
1775597028,1_10912,1_100162,271,1_581704380,1_7976671,1775599380,1775599380,default
1775597028,1_71960,40_100511,542,40_721030790,40_7976607,1775597460,1775597460,default
1775597028,1_58144,1_100048,153,1_833412090,1_7016,1775597343,1775597095,default
1775597328,1_60161,1_100042,148,1_800646350,1_8023771,1775598120,1775598120,default
1775597328,1_60161,1_100042,148,1_800646420,1_8023887,1775599920,1775599920,default
1775597328,1_68784,1_102548,B Line,1_721018700,1_6029,1775597419,1775597344,default
1775597328,1_575,1_100263,7,1_800587780,1_4545,1775597580,1775597332,default
1775597328,1_2850,1_100089,2,1_788757820,1_7142,1775597760,1775597191,default
1775597328,1_2850,1_100089,2,1_788757820,1_8023466,1775597760,1775597760,default
1775597328,1_46505,1_102619,F Line,1_721496120,1_7976085,1775598180,1775598180,default
1775597328,1_29423,1_102732,79,1_816446410,1_8022070,1775597400,1775597400,default
1775597328,1_13810,1_102581,D Line,1_800601130,1_6112,1775597382,1775597337,default
1775597328,1_8671,1_100275,8,1_800891000,1_8290,1775597506,1775597324,default
1775597328,1_52306,1_100031,132,1_800857730,1_8048,1775597580,1775597397,default
1775597328,1_52306,1_102619,F Line,1_800653850,1_8023729,1775598000,1775598000,default
1775597328,1_52306,1_102619,F Line,1_800654560,1_8023711,1775598900,1775598900,default
1775597328,1_52306,1_102619,F Line,1_800653960,1_8023763,1775599800,1775599800,default
1775597328,1_52306,1_102619,F Line,1_800654170,1_8023765,1775600700,1775600700,default
1775597328,1_8530,1_100005,106,1_727785400,1_7066,1775597406,1775597445,default
1775597328,1_8530,1_100039,14,1_562519710,1_4322,1775597512,1775597458,default
1775597328,1_59282,1_102717,165,1_800649780,1_7191,1775597700,1775597334,default
1775597328,1_59282,1_102717,165,1_800649780,1_8023878,1775597700,1775597700,default
1775597328,1_59282,1_102717,165,1_800649790,1_8023768,1775599740,1775599740,default
1775597328,1_59872,1_102619,F Line,1_656236870,1_6232,1775597358,1775597529,default
1775597328,1_620,40_510,510,40_16133737__MCOB-DO:121:0:Weekday:2:26MAR:86020:12345,40_MCOB-DO:121:0:Weekday:2:26MAR:86020:12345,1775598600,1775598600,default
1775597328,1_620,40_515,515,40_16133696__MCOB-DO:121:0:Weekday:2:26MAR:86022:12345,40_MCOB-DO:121:0:Weekday:2:26MAR:86022:12345,1775599200,1775599200,default
1775597328,1_620,40_510,510,40_16133738__MCOB-DO:121:0:Weekday:2:26MAR:86021:12345,40_MCOB-DO:121:0:Weekday:2:26MAR:86021:12345,1775599800,1775599800,default
1775597328,1_620,1_102754,256,1_816378460,1_8005261,1775600040,1775600040,default
1775597328,1_620,40_515,515,40_16133698__MCOB-DO:121:0:Weekday:2:26MAR:86023:12345,40_MCOB-DO:121:0:Weekday:2:26MAR:86023:12345,1775600100,1775600100,default
1775597328,1_620,40_510,510,40_16133739__MCOB-DO:121:0:Weekday:2:26MAR:86024:12345,40_MCOB-DO:121:0:Weekday:2:26MAR:86024:12345,1775601000,1775601000,default
1775597328,1_10912,1_100447,49,1_801199970,1_8023497,1775596890,1775597495,default
1775597328,1_10912,40_100511,542,40_569570770,40_7976686,1775597880,1775597880,default
1775597328,1_10912,1_100162,271,1_569495860,1_7976674,1775598060,1775598060,default
1775597328,1_10912,1_100162,271,1_581747180,1_7976720,1775598720,1775598720,default
1775597328,1_10912,40_100451,556,40_635882640,40_7976563,1775599200,1775599200,default
1775597328,1_10912,1_100162,271,1_581704380,1_7976671,1775599380,1775599380,default
1775597328,1_8403,1_100039,14,1_562519690,1_4366,1775597400,1775597511,default
1775597628,1_60161,1_100042,148,1_800646350,1_7328,1775598120,1775597346,default
1775597628,1_60161,1_100042,148,1_800646350,1_8023771,1775598120,1775598120,default
1775597628,1_60161,1_100042,148,1_800646420,1_8023887,1775599920,1775599920,default
1775597628,1_2850,1_100089,2,1_788757820,1_7142,1775597760,1775597191,default
1775597628,1_8080,1_100263,7,1_800587800,1_4563,1775597688,1775597602,default
1775597628,1_46505,1_102619,F Line,1_721496120,1_6280,1775598180,1775597519,default
1775597628,1_46505,1_102619,F Line,1_721496120,1_7976085,1775598180,1775598180,default
1775597628,1_52306,1_102619,F Line,1_800653850,1_8023729,1775598000,1775598000,default
1775597628,1_52306,1_102619,F Line,1_800654560,1_8023711,1775598900,1775598900,default
1775597628,1_52306,1_102619,F Line,1_800653960,1_8023763,1775599800,1775599800,default
1775597628,1_52306,1_102619,F Line,1_800654170,1_8023765,1775600700,1775600700,default
1775597628,1_99254,1_100045,150,1_694514480,1_6936,1775597800,1775597765,default
1775597628,1_49350,1_100026,128,1_806634380,1_1014,1775597317,1775597792,default
1775597628,1_59282,1_102717,165,1_800649790,1_8023768,1775599740,1775599740,default
1775597628,1_620,40_510,510,40_16133737__MCOB-DO:121:0:Weekday:2:26MAR:86020:12345,40_MCOB-DO:121:0:Weekday:2:26MAR:86020:12345,1775598600,1775598600,default
1775597628,1_620,40_515,515,40_16133696__MCOB-DO:121:0:Weekday:2:26MAR:86022:12345,40_MCOB-DO:121:0:Weekday:2:26MAR:86022:12345,1775599200,1775599200,default
1775597628,1_620,40_510,510,40_16133738__MCOB-DO:121:0:Weekday:2:26MAR:86021:12345,40_MCOB-DO:121:0:Weekday:2:26MAR:86021:12345,1775599800,1775599800,default
1775597628,1_620,1_102754,256,1_816378460,1_8005261,1775600040,1775600040,default
1775597628,1_620,40_515,515,40_16133698__MCOB-DO:121:0:Weekday:2:26MAR:86023:12345,40_MCOB-DO:121:0:Weekday:2:26MAR:86023:12345,1775600100,1775600100,default
1775597628,1_620,40_510,510,40_16133739__MCOB-DO:121:0:Weekday:2:26MAR:86024:12345,40_MCOB-DO:121:0:Weekday:2:26MAR:86024:12345,1775601000,1775601000,default
1775597628,1_10912,1_100224,44,1_664047870,1_4522,1775597929,1775597762,default
1775597628,1_10912,40_100511,542,40_569570770,40_7976686,1775597880,1775597880,default
1775597628,1_10912,1_100162,271,1_569495860,1_7976674,1775598060,1775598060,default
1775597628,1_10912,1_100162,271,1_581747180,1_7976720,1775598720,1775598720,default
1775597628,1_10912,40_100451,556,40_635882640,40_7976563,1775599200,1775599200,default
1775597628,1_10912,1_100162,271,1_581704380,1_7976671,1775599380,1775599380,default
1775597928,1_12170,1_100039,14,1_562519720,1_4339,1775598159,1775597882,default
1775597928,1_26560,1_102574,40,1_811900650,1_8233,1775597309,1775597976,default
1775597928,1_60161,1_100042,148,1_800646350,1_7328,1775598120,1775597346,default
1775597928,1_60161,1_100042,148,1_800646420,1_8023887,1775599920,1775599920,default
1775597928,1_970,40_577,577,40_2376020,40_9125,1775598062,1775598062,default
1775597928,1_320,40_100239,550,40_597757810,40_9806,1775598000,1775598016,default
1775597928,1_320,40_590,590,40_575020,40_9306,1775598060,1775598060,default
1775597928,1_575,1_102576,C Line,1_800869440,1_6259,1775598000,1775598020,default
1775597928,1_2850,1_100089,2,1_788758200,1_7140,1775598660,1775597671,default
1775597928,1_46505,1_102619,F Line,1_721496120,1_6280,1775598180,1775597519,default
1775597928,1_46505,1_102619,F Line,1_694520730,1_7976225,1775598960,1775598960,default
1775597928,1_52306,1_102619,F Line,1_800654560,1_8023711,1775598900,1775598900,default
1775597928,1_52306,1_102619,F Line,1_800653960,1_8023763,1775599800,1775599800,default
1775597928,1_52306,1_102619,F Line,1_800654170,1_8023765,1775600700,1775600700,default
1775597928,1_57804,1_100072,181,1_721482050,1_7071,1775598433,1775598564,default
1775597928,1_59282,1_102717,165,1_800649790,1_8023768,1775599740,1775599740,default
1775597928,1_620,40_100239,550,40_597757370,40_9650,1775598360,1775598531,default
1775597928,1_620,40_510,510,40_16133737__MCOB-DO:121:0:Weekday:2:26MAR:86020:12345,40_MCOB-DO:121:0:Weekday:2:26MAR:86020:12345,1775598600,1775598600,default
1775597928,1_620,40_515,515,40_16133696__MCOB-DO:121:0:Weekday:2:26MAR:86022:12345,40_MCOB-DO:121:0:Weekday:2:26MAR:86022:12345,1775599200,1775599200,default
1775597928,1_620,40_510,510,40_16133738__MCOB-DO:121:0:Weekday:2:26MAR:86021:12345,40_MCOB-DO:121:0:Weekday:2:26MAR:86021:12345,1775599800,1775599800,default
1775597928,1_620,1_102754,256,1_816378460,1_8005261,1775600040,1775600040,default
1775597928,1_620,40_515,515,40_16133698__MCOB-DO:121:0:Weekday:2:26MAR:86023:12345,40_MCOB-DO:121:0:Weekday:2:26MAR:86023:12345,1775600100,1775600100,default
1775597928,1_620,40_510,510,40_16133739__MCOB-DO:121:0:Weekday:2:26MAR:86024:12345,40_MCOB-DO:121:0:Weekday:2:26MAR:86024:12345,1775601000,1775601000,default
1775597928,1_10912,1_100447,49,1_801199990,1_8023492,1775598090,1775598090,default
1775597928,1_10912,1_100162,271,1_581747180,1_7976720,1775598720,1775598720,default
1775597928,1_10912,40_100511,542,40_608343980,40_7976608,1775599140,1775599140,default
1775597928,1_10912,40_100451,556,40_635882640,40_7976563,1775599200,1775599200,default
1775597928,1_10912,1_100162,271,1_581704380,1_7976671,1775599380,1775599380,default
1775597928,1_10912,1_100162,271,1_664291350,1_7976352,1775599800,1775599800,default
1775598228,1_60161,1_100042,148,1_800646420,1_8023887,1775599920,1775599920,default
1775598228,1_575,1_102576,C Line,1_800869440,1_6259,1775598000,1775598301,default
1775598228,1_2850,1_100089,2,1_788758200,1_7140,1775598660,1775597671,default
1775598228,1_46505,1_102619,F Line,1_694520730,1_7976225,1775598960,1775598960,default
1775598228,1_46505,1_102619,F Line,1_694520880,1_7976083,1775601660,1775601660,default
1775598228,1_280,40_592,592,40_2680020,40_41506,1775598278,1775598278,default
1775598228,1_3380,1_100210,36,1_800584150,1_4400,1775598360,1775598231,default
1775598228,1_52306,1_102619,F Line,1_800654560,1_8023711,1775598900,1775598900,default
1775598228,1_52306,1_102619,F Line,1_800653960,1_8023763,1775599800,1775599800,default
1775598228,1_52306,1_102619,F Line,1_800654170,1_8023765,1775600700,1775600700,default
1775598228,1_99254,40_594,594,40_3766020,40_41505,1775598453,1775598443,default
1775598228,1_57804,1_100072,181,1_721482050,1_7071,1775598433,1775598417,default
1775598228,1_59282,1_102717,165,1_800649790,1_8023768,1775599740,1775599740,default
1775598228,1_23905,1_100214,372,1_694306870,1_6976,1775598038,1775598405,default
1775598228,1_81684,1_100160,269,1_806917820,1_7248,1775598480,1775598371,default
1775598228,1_620,40_100239,550,40_597757370,40_9650,1775598360,1775598432,default
1775598228,1_620,40_510,510,40_16133737__MCOB-DO:121:0:Weekday:2:26MAR:86020:12345,40_MCOB-DO:121:0:Weekday:2:26MAR:86020:12345,1775598600,1775598600,default
1775598228,1_620,40_515,515,40_16133696__MCOB-DO:121:0:Weekday:2:26MAR:86022:12345,40_MCOB-DO:121:0:Weekday:2:26MAR:86022:12345,1775599200,1775599200,default
1775598228,1_620,40_510,510,40_16133738__MCOB-DO:121:0:Weekday:2:26MAR:86021:12345,40_MCOB-DO:121:0:Weekday:2:26MAR:86021:12345,1775599800,1775599800,default
1775598228,1_620,1_102754,256,1_816378460,1_8005261,1775600040,1775600040,default
1775598228,1_620,40_515,515,40_16133698__MCOB-DO:121:0:Weekday:2:26MAR:86023:12345,40_MCOB-DO:121:0:Weekday:2:26MAR:86023:12345,1775600100,1775600100,default
1775598228,1_620,40_510,510,40_16133739__MCOB-DO:121:0:Weekday:2:26MAR:86024:12345,40_MCOB-DO:121:0:Weekday:2:26MAR:86024:12345,1775601000,1775601000,default
1775598228,1_620,1_102754,256,1_816378470,1_8005281,1775601780,1775601780,default
1775598228,1_620,40_515,515,40_16133690__MCOB-DO:121:0:Weekday:2:26MAR:86026:12345,40_MCOB-DO:121:0:Weekday:2:26MAR:86026:12345,1775601900,1775601900,default
1775598228,1_10912,1_100162,271,1_581747180,1_7976720,1775598720,1775598720,default
1775598228,1_10912,40_100511,542,40_608343980,40_7976608,1775599140,1775599140,default
1775598228,1_10912,40_100451,556,40_635882640,40_7976563,1775599200,1775599200,default
1775598228,1_10912,1_100162,271,1_581704380,1_7976671,1775599380,1775599380,default
1775598228,1_10912,1_100162,271,1_664291350,1_7976352,1775599800,1775599800,default
1775598228,1_10912,40_100511,542,40_608344590,40_7976604,1775600460,1775600460,default
1775598228,1_71960,40_100511,542,40_721031450,40_7976685,1775599080,1775599080,default
1775598228,1_52081,1_102736,H Line,1_694056460,1_6060,1775598399,1775598357,default
1775598528,1_103,1_102745,G Line,1_736435690,1_6411,1775598406,1775598563,default
1775598528,1_52638,40_574,574,40_2727020,40_41507,1775598842,1775598591,default
1775598528,1_60161,1_100042,148,1_800646420,1_8023887,1775599920,1775599920,default
1775598528,1_970,40_578,578,40_176020,40_9220,1775598662,1775598609,default
1775598528,1_320,40_590,590,40_2869020,40_9312,1775598660,1775598660,default
1775598528,1_2850,1_100089,2,1_788758200,1_7140,1775598660,1775597671,default
1775598528,1_46505,1_102619,F Line,1_694520730,1_7976225,1775598960,1775598960,default
1775598528,1_46505,1_102619,F Line,1_694520880,1_7976083,1775601660,1775601660,default
1775598528,1_47660,1_102736,H Line,1_694056480,1_7974898,1775598587,1775598301,default
1775598528,1_3470,1_100210,36,1_800584150,1_4400,1775598780,1775598589,default
1775598528,1_52306,1_102619,F Line,1_800654560,1_8023711,1775598900,1775598900,default
1775598528,1_52306,1_102619,F Line,1_800653960,1_8023763,1775599800,1775599800,default
1775598528,1_52306,1_102619,F Line,1_800654170,1_8023765,1775600700,1775600700,default
1775598528,1_52306,1_102619,F Line,1_800654410,1_8023883,1775601900,1775601900,default
1775598528,1_99254,1_100045,150,1_694513580,1_8121,1775598760,1775598543,default
1775598528,1_49350,1_100026,128,1_806634480,1_1001,1775598637,1775598648,default
1775598528,1_59282,1_100072,181,1_721481520,1_7103,1775599080,1775598181,default
1775598528,1_59282,1_102717,165,1_800649790,1_8023768,1775599740,1775599740,default
1775598528,1_68160,1_102548,B Line,1_721019250,1_6044,1775598714,1775598610,default
1775598528,1_25791,1_100214,372,1_694305820,1_6952,1775598501,1775598729,default
1775598528,1_620,40_510,510,40_16133737__MCOB-DO:121:0:Weekday:2:26MAR:86020:12345,40_MCOB-DO:121:0:Weekday:2:26MAR:86020:12345,1775598600,1775598928,default
1775598528,1_620,40_515,515,40_16133696__MCOB-DO:121:0:Weekday:2:26MAR:86022:12345,40_MCOB-DO:121:0:Weekday:2:26MAR:86022:12345,1775599200,1775599200,default
1775598528,1_620,40_100239,550,40_597757340,40_9678,1775599320,1775599205,default
1775598528,1_620,40_510,510,40_16133738__MCOB-DO:121:0:Weekday:2:26MAR:86021:12345,40_MCOB-DO:121:0:Weekday:2:26MAR:86021:12345,1775599800,1775599800,default
1775598528,1_620,1_102754,256,1_816378460,1_8005261,1775600040,1775600040,default
1775598528,1_620,40_515,515,40_16133698__MCOB-DO:121:0:Weekday:2:26MAR:86023:12345,40_MCOB-DO:121:0:Weekday:2:26MAR:86023:12345,1775600100,1775600100,default
1775598528,1_620,40_510,510,40_16133739__MCOB-DO:121:0:Weekday:2:26MAR:86024:12345,40_MCOB-DO:121:0:Weekday:2:26MAR:86024:12345,1775601000,1775601000,default
1775598528,1_620,1_102754,256,1_816378470,1_8005281,1775601780,1775601780,default
1775598528,1_620,40_515,515,40_16133690__MCOB-DO:121:0:Weekday:2:26MAR:86026:12345,40_MCOB-DO:121:0:Weekday:2:26MAR:86026:12345,1775601900,1775601900,default
1775598528,1_10912,1_100162,271,1_581747180,1_7976720,1775598720,1775598720,default
1775598528,1_10912,40_100511,542,40_608343980,40_7976608,1775599140,1775599140,default
1775598528,1_10912,40_100451,556,40_635882640,40_7976563,1775599200,1775599200,default
1775598528,1_10912,1_100162,271,1_581704380,1_7976671,1775599380,1775599380,default
1775598528,1_10912,1_100162,271,1_664291350,1_7976352,1775599800,1775599800,default
1775598528,1_10912,40_100511,542,40_608344590,40_7976604,1775600460,1775600460,default
1775598528,1_10912,40_100451,556,40_635882050,40_7976710,1775600700,1775600700,default
1775598528,1_71960,40_100511,542,40_721031450,40_7976685,1775599080,1775599080,default
1775598528,1_8403,1_100039,14,1_562520760,1_4336,1775598480,1775598690,default
1775598828,1_46791,1_100016,118,1_635461360,1_3713,1775598840,1775599009,default
1775598828,1_52638,40_574,574,40_2727020,40_41507,1775598842,1775598872,default
1775598828,1_60161,1_100042,148,1_762077540,1_7473,1775599020,1775598783,default
1775598828,1_60161,1_100042,148,1_800646420,1_8023887,1775599920,1775599920,default
1775598828,1_575,1_100263,7,1_800589290,1_4555,1775598780,1775598905,default
1775598828,1_2850,1_100089,2,1_788757830,1_7152,1775599560,1775598437,default
1775598828,1_46505,1_102619,F Line,1_694520730,1_7976225,1775598960,1775598960,default
1775598828,1_46505,1_102619,F Line,1_694521340,1_7976142,1775599740,1775599740,default
1775598828,1_46505,1_102619,F Line,1_694520880,1_7976083,1775601660,1775601660,default
1775598828,1_46505,1_102619,F Line,1_694521140,1_7976226,1775602260,1775602260,default
1775598828,1_27420,1_100249,60,1_801585530,1_7007,1775598788,1775598961,default
1775598828,1_58342,1_100072,181,1_721481980,1_7491,1775598900,1775598797,default
1775598828,1_52306,1_102619,F Line,1_800653960,1_8023763,1775599800,1775599800,default
1775598828,1_52306,1_102619,F Line,1_800654170,1_8023765,1775600700,1775600700,default
1775598828,1_52306,1_102619,F Line,1_800654410,1_8023883,1775601900,1775601900,default
1775598828,1_54201,1_102619,F Line,1_800653850,1_6289,1775598829,1775598961,default
1775598828,1_59282,1_100072,181,1_721481520,1_7103,1775599080,1775598181,default
1775598828,1_59282,1_102717,165,1_800649800,1_7173,1775600940,1775598822,default
1775598828,1_59282,1_102717,165,1_800649790,1_8023768,1775599740,1775599740,default
1775598828,1_59282,1_102717,165,1_800649800,1_8023767,1775600940,1775600940,default
1775598828,1_45230,40_560,560,40_2299020,40_41515,1775598992,1775598980,default
1775598828,1_620,40_100236,545,40_563501220,40_9660,1775598960,1775599000,default
1775598828,1_620,40_100239,550,40_597757340,40_9678,1775599320,1775599117,default
1775598828,1_620,40_515,515,40_16133696__MCOB-DO:121:0:Weekday:2:26MAR:86022:12345,40_MCOB-DO:121:0:Weekday:2:26MAR:86022:12345,1775599200,1775599200,default
1775598828,1_620,40_510,510,40_16133738__MCOB-DO:121:0:Weekday:2:26MAR:86021:12345,40_MCOB-DO:121:0:Weekday:2:26MAR:86021:12345,1775599800,1775599800,default
1775598828,1_620,1_102754,256,1_816378460,1_8005261,1775600040,1775600040,default
1775598828,1_620,40_515,515,40_16133698__MCOB-DO:121:0:Weekday:2:26MAR:86023:12345,40_MCOB-DO:121:0:Weekday:2:26MAR:86023:12345,1775600100,1775600100,default
1775598828,1_620,40_510,510,40_16133739__MCOB-DO:121:0:Weekday:2:26MAR:86024:12345,40_MCOB-DO:121:0:Weekday:2:26MAR:86024:12345,1775601000,1775601000,default
1775598828,1_620,1_102754,256,1_816378470,1_8005281,1775601780,1775601780,default
1775598828,1_620,40_515,515,40_16133690__MCOB-DO:121:0:Weekday:2:26MAR:86026:12345,40_MCOB-DO:121:0:Weekday:2:26MAR:86026:12345,1775601900,1775601900,default
1775598828,1_620,40_515,515,40_16133690__MCOB-DO:121:0:Weekday:2:26MAR:86026:12345,40_15808,1775601900,1775601900,default
1775598828,1_10912,40_100511,542,40_608343980,40_7976608,1775599140,1775599140,default
1775598828,1_10912,40_100451,556,40_635882640,40_7976563,1775599200,1775599200,default
1775598828,1_10912,1_100162,271,1_581704380,1_7976671,1775599380,1775599380,default
1775598828,1_10912,1_100162,271,1_664291350,1_7976352,1775599800,1775599800,default
1775598828,1_10912,40_100511,542,40_608344590,40_7976604,1775600460,1775600460,default
1775598828,1_10912,1_100162,271,1_581745970,1_7976388,1775600640,1775600640,default
1775598828,1_10912,40_100451,556,40_635882050,40_7976710,1775600700,1775600700,default
1775598828,1_71960,40_100511,542,40_721031450,40_7976685,1775599080,1775599080,default
1775599128,1_46791,1_100016,118,1_635461360,1_3713,1775598840,1775599276,default
1775599128,1_28370,1_102574,40,1_811900740,1_8247,1775599133,1775599016,default
1775599128,1_60161,1_100042,148,1_800646420,1_7473,1775599920,1775598781,default
1775599128,1_320,40_590,590,40_492020,40_9730,1775599260,1775599260,default
1775599128,1_2850,1_100089,2,1_788757830,1_7152,1775599560,1775598437,default
1775599128,1_2850,1_100089,2,1_788758210,1_7157,1775600520,1775598965,default
1775599128,1_2850,1_100089,2,1_788758210,1_8023473,1775600520,1775600520,default
1775599128,1_46505,1_102619,F Line,1_694521340,1_7976142,1775599740,1775599740,default
1775599128,1_46505,1_102619,F Line,1_694520880,1_7976083,1775601660,1775601660,default
1775599128,1_46505,1_102619,F Line,1_694521140,1_7976226,1775602260,1775602260,default
1775599128,1_47660,1_102736,H Line,1_694056460,1_6060,1775599247,1775599132,default
1775599128,1_280,40_100240,554,40_560096520,40_9647,1775599073,1775599183,default
1775599128,1_1510,1_100263,7,1_800587470,1_4528,1775599358,1775599179,default
1775599128,1_52306,1_100031,132,1_800857360,1_8078,1775599380,1775599175,default
1775599128,1_52306,1_102619,F Line,1_800653960,1_8023763,1775599800,1775599800,default
1775599128,1_52306,1_102619,F Line,1_800654170,1_8023765,1775600700,1775600700,default
1775599128,1_52306,1_102619,F Line,1_800654410,1_8023883,1775601900,1775601900,default
1775599128,1_52306,1_102619,F Line,1_800653760,1_8023779,1775602500,1775602500,default
1775599128,1_59282,1_102717,165,1_800649800,1_7173,1775600940,1775598822,default
1775599128,1_59282,1_102717,165,1_800649790,1_8023768,1775599740,1775599740,default
1775599128,1_620,40_100239,550,40_597757340,40_9678,1775599320,1775599172,default
1775599128,1_620,40_510,510,40_16133738__MCOB-DO:121:0:Weekday:2:26MAR:86021:12345,40_MCOB-DO:121:0:Weekday:2:26MAR:86021:12345,1775599800,1775599800,default
1775599128,1_620,1_102754,256,1_816378460,1_8005261,1775600040,1775600040,default
1775599128,1_620,40_515,515,40_16133698__MCOB-DO:121:0:Weekday:2:26MAR:86023:12345,40_MCOB-DO:121:0:Weekday:2:26MAR:86023:12345,1775600100,1775600100,default
1775599128,1_620,40_510,510,40_16133739__MCOB-DO:121:0:Weekday:2:26MAR:86024:12345,40_MCOB-DO:121:0:Weekday:2:26MAR:86024:12345,1775601000,1775601000,default
1775599128,1_620,1_102754,256,1_816378470,1_8005281,1775601780,1775601780,default
1775599128,1_620,40_515,515,40_16133690__MCOB-DO:121:0:Weekday:2:26MAR:86026:12345,40_15808,1775601900,1775601900,default
1775599128,1_10912,1_100162,271,1_581704380,1_7976671,1775599380,1775599380,default
1775599128,1_10912,1_100162,271,1_664291350,1_7976352,1775599800,1775599800,default
1775599128,1_10912,40_100511,542,40_608344590,40_7976604,1775600460,1775600460,default
1775599128,1_10912,1_100162,271,1_581745970,1_7976388,1775600640,1775600640,default
1775599128,1_10912,40_100451,556,40_635882050,40_7976710,1775600700,1775600700,default
1775599128,1_71960,1_102752,223,1_816297640,1_7384,1775599320,1775599285,default
1775599428,1_85800,1_100196,331,1_803352880,1_7214,1775599251,1775599526,default
1775599428,1_60161,1_100042,148,1_800646420,1_7473,1775599920,1775598781,default
1775599428,1_2850,1_100089,2,1_788757830,1_7152,1775599560,1775598437,default
1775599428,1_2850,1_100089,2,1_788758210,1_7157,1775600520,1775598965,default
1775599428,1_46505,1_102619,F Line,1_694521340,1_7976142,1775599740,1775599740,default
1775599428,1_46505,1_102619,F Line,1_694520880,1_7976083,1775601660,1775601660,default
1775599428,1_46505,1_102619,F Line,1_694521140,1_7976226,1775602260,1775602260,default
1775599428,1_52306,1_102619,F Line,1_800653960,1_8023763,1775599800,1775599800,default
1775599428,1_52306,1_102619,F Line,1_800654170,1_8023765,1775600700,1775600700,default
1775599428,1_52306,1_102619,F Line,1_800654410,1_8023883,1775601900,1775601900,default
1775599428,1_52306,1_102619,F Line,1_800653760,1_8023779,1775602500,1775602500,default
1775599428,1_36510,1_100026,128,1_806634070,1_8023657,1775599533,1775599552,default
1775599428,1_9605,1_100259,67,1_534488840,1_7975675,1775599380,1775599566,default
1775599428,1_59282,1_102717,165,1_800649800,1_7173,1775600940,1775598822,default
1775599428,1_59282,1_102717,165,1_800649790,1_8023768,1775599740,1775599740,default
1775599428,1_68160,1_102548,B Line,1_721018420,1_6023,1775599674,1775599477,default
1775599428,1_74714,1_102701,225,1_811517020,1_7469,1775599286,1775599589,default
1775599428,1_25791,1_100214,372,1_694306640,1_6853,1775599461,1775599644,default
1775599428,1_620,40_510,510,40_16133738__MCOB-DO:121:0:Weekday:2:26MAR:86021:12345,40_MCOB-DO:121:0:Weekday:2:26MAR:86021:12345,1775599800,1775599800,default
1775599428,1_620,40_100240,554,40_774871400,40_9675,1775599920,1775599822,default
1775599428,1_620,1_102754,256,1_816378460,1_8005261,1775600040,1775600040,default
1775599428,1_620,40_515,515,40_16133698__MCOB-DO:121:0:Weekday:2:26MAR:86023:12345,40_MCOB-DO:121:0:Weekday:2:26MAR:86023:12345,1775600100,1775600100,default
1775599428,1_620,40_510,510,40_16133739__MCOB-DO:121:0:Weekday:2:26MAR:86024:12345,40_MCOB-DO:121:0:Weekday:2:26MAR:86024:12345,1775601000,1775601000,default
1775599428,1_620,1_102754,256,1_816378470,1_8005281,1775601780,1775601780,default
1775599428,1_620,40_515,515,40_16133690__MCOB-DO:121:0:Weekday:2:26MAR:86026:12345,40_15808,1775601900,1775601900,default
1775599428,1_10912,1_100162,271,1_664291350,1_7976352,1775599800,1775599800,default
1775599428,1_10912,40_100511,542,40_608344590,40_7976604,1775600460,1775600460,default
1775599428,1_10912,1_100162,271,1_581745970,1_7976388,1775600640,1775600640,default
1775599428,1_10912,40_100451,556,40_635882050,40_7976710,1775600700,1775600700,default
1775599428,1_10912,1_100162,271,1_569496080,1_7976382,1775601960,1775601960,default
1775599728,1_60161,1_100042,148,1_800646420,1_7473,1775599920,1775598781,default
1775599728,1_12770,1_100228,48,1_721360700,1_8043,1775599829,1775599792,default
1775599728,1_575,1_102576,C Line,1_800869330,1_6267,1775599800,1775599771,default
1775599728,1_2850,1_100089,2,1_788758210,1_7157,1775600520,1775598965,default
1775599728,1_46505,1_102619,F Line,1_694521590,1_7976074,1775600460,1775600460,default
1775599728,1_46505,1_102619,F Line,1_694521870,1_7976004,1775601060,1775601060,default
1775599728,1_46505,1_102619,F Line,1_694520880,1_7976083,1775601660,1775601660,default
1775599728,1_46505,1_102619,F Line,1_694521140,1_7976226,1775602260,1775602260,default
1775599728,1_29423,1_102732,79,1_817872870,1_8022128,1775601900,1775601900,default
1775599728,1_1190,40_100239,550,40_597757340,40_9678,1775599780,1775599759,default
1775599728,1_13810,1_102581,D Line,1_732749070,1_6068,1775599782,1775599696,default
1775599728,1_73366,1_102548,B Line,1_721019250,1_6044,1775599840,1775599803,default
1775599728,1_52306,1_100030,131,1_800857910,1_8059,1775600040,1775599779,default
1775599728,1_52306,1_102619,F Line,1_800654170,1_8023765,1775600700,1775600700,default
1775599728,1_52306,1_102619,F Line,1_800654410,1_8023883,1775601900,1775601900,default
1775599728,1_52306,1_102619,F Line,1_800653760,1_8023779,1775602500,1775602500,default
1775599728,1_59282,1_102717,165,1_800649800,1_7173,1775600940,1775598822,default
1775599728,1_620,1_102754,256,1_816378460,1_6973,1775600040,1775599686,default
1775599728,1_620,40_100240,554,40_774871400,40_9675,1775599920,1775599853,default
1775599728,1_620,1_102754,256,1_816378460,1_8005261,1775600040,1775600040,default
1775599728,1_620,40_515,515,40_16133698__MCOB-DO:121:0:Weekday:2:26MAR:86023:12345,40_MCOB-DO:121:0:Weekday:2:26MAR:86023:12345,1775600100,1775600100,default
1775599728,1_620,40_510,510,40_16133739__MCOB-DO:121:0:Weekday:2:26MAR:86024:12345,40_MCOB-DO:121:0:Weekday:2:26MAR:86024:12345,1775601000,1775601000,default
1775599728,1_620,1_102754,256,1_816378470,1_8005281,1775601780,1775601780,default
1775599728,1_620,40_515,515,40_16133690__MCOB-DO:121:0:Weekday:2:26MAR:86026:12345,40_15808,1775601900,1775601900,default
1775599728,1_620,40_510,510,40_16133724__MCOB-DO:121:0:Weekday:2:26MAR:86030:12345,40_MCOB-DO:121:0:Weekday:2:26MAR:86030:12345,1775603400,1775603400,default
1775599728,1_10912,40_586,586,40_2558020,40_9302,1775599763,1775599920,default
1775599728,1_10912,40_100511,542,40_608344590,40_7976604,1775600460,1775600460,default
1775599728,1_10912,1_100162,271,1_581745970,1_7976388,1775600640,1775600640,default
1775599728,1_10912,40_100451,556,40_635882050,40_7976710,1775600700,1775600700,default
1775599728,1_10912,1_100162,271,1_569496330,1_7976351,1775601360,1775601360,default
1775599728,1_10912,40_100511,542,40_569571200,40_7976607,1775601840,1775601840,default
1775599728,1_10912,1_100162,271,1_569496080,1_7976382,1775601960,1775601960,default
1775600028,1_103,1_102745,G Line,1_736435840,1_6402,1775599878,1775600055,default
1775600028,1_12170,1_100039,14,1_562519730,1_4312,1775599959,1775600113,default
1775600028,1_481,1_102576,C Line,1_800869590,1_6269,1775600160,1775600026,default
1775600028,1_70694,1_102628,895,1_630387920,1_7976716,1775601000,1775601000,default
1775600028,1_30510,1_100006,107,1_635459710,1_7490,1775600139,1775599980,default
1775600028,1_2850,1_100089,2,1_788758210,1_7157,1775600520,1775598965,default
1775600028,1_2850,1_100089,2,1_788757840,1_7097,1775601300,1775599945,default
1775600028,1_2850,1_100089,2,1_788757840,1_8023467,1775601300,1775601300,default
1775600028,1_46505,1_102619,F Line,1_694521590,1_7976074,1775600460,1775600460,default
1775600028,1_46505,1_102619,F Line,1_694521870,1_7976004,1775601060,1775601060,default
1775600028,1_46505,1_102619,F Line,1_694520880,1_7976083,1775601660,1775601660,default
1775600028,1_46505,1_102619,F Line,1_694521140,1_7976226,1775602260,1775602260,default
1775600028,1_46505,1_102619,F Line,1_694521850,1_7976003,1775603460,1775603460,default
1775600028,1_29423,1_102732,79,1_816446300,1_7257,1775601000,1775601000,default
1775600028,1_29423,1_102732,79,1_817872870,1_8022128,1775601900,1775601900,default
1775600028,1_280,40_592,592,40_3801020,40_9124,1775600078,1775600078,default
1775600028,1_52306,1_102619,F Line,1_800654170,1_8023765,1775600700,1775600700,default
1775600028,1_52306,1_102619,F Line,1_800654410,1_8023883,1775601900,1775601900,default
1775600028,1_52306,1_102619,F Line,1_800653760,1_8023779,1775602500,1775602500,default
1775600028,1_99254,40_594,594,40_2340020,40_41512,1775600253,1775600242,default
1775600028,1_58112,1_102619,F Line,1_721496770,1_6285,1775599356,1775600147,default
1775600028,1_41850,1_100006,107,1_635459710,1_7490,1775600230,1775600050,default
1775600028,1_68593,1_100162,271,1_569495860,1_7483,1775600349,1775600052,default
1775600028,1_57804,1_100072,181,1_721481690,1_7345,1775600293,1775600567,default
1775600028,1_59282,1_102717,165,1_800649800,1_7173,1775600940,1775598822,default
1775600028,1_68160,1_102548,B Line,1_721018260,1_6046,1775600617,1775600057,default
1775600028,1_59872,1_102619,F Line,1_800653850,1_6289,1775600118,1775600195,default
1775600028,1_620,40_100239,550,40_597757800,40_9820,1775600280,1775600701,default
1775600028,1_620,40_510,510,40_16133739__MCOB-DO:121:0:Weekday:2:26MAR:86024:12345,40_MCOB-DO:121:0:Weekday:2:26MAR:86024:12345,1775601000,1775601000,default
1775600028,1_620,1_102754,256,1_816378470,1_8005281,1775601780,1775601780,default
1775600028,1_620,40_515,515,40_16133690__MCOB-DO:121:0:Weekday:2:26MAR:86026:12345,40_15808,1775601900,1775601900,default
1775600028,1_620,40_510,510,40_16133724__MCOB-DO:121:0:Weekday:2:26MAR:86030:12345,40_MCOB-DO:121:0:Weekday:2:26MAR:86030:12345,1775603400,1775603400,default
1775600028,1_620,1_102754,256,1_816378480,1_8005264,1775603580,1775603580,default
1775600028,1_620,40_515,515,40_16133755__MCOB-DO:121:0:Weekday:2:26MAR:86031:12345,40_MCOB-DO:121:0:Weekday:2:26MAR:86031:12345,1775603700,1775603700,default
1775600028,1_10912,40_100511,542,40_608344590,40_7976604,1775600460,1775600460,default
1775600028,1_10912,1_100162,271,1_581745970,1_7976388,1775600640,1775600640,default
1775600028,1_10912,40_100451,556,40_635882050,40_7976710,1775600700,1775600700,default
1775600028,1_10912,1_100162,271,1_569496330,1_7976351,1775601360,1775601360,default
1775600028,1_10912,40_100511,542,40_569571200,40_7976607,1775601840,1775601840,default
1775600028,1_10912,1_100162,271,1_569496080,1_7976382,1775601960,1775601960,default
1775600028,1_71960,40_100511,542,40_721031150,40_7976686,1775601120,1775601120,default
1775600028,1_52081,1_102736,H Line,1_694056660,1_6077,1775600319,1775600155,default
1775600028,1_8403,1_100039,14,1_562519610,1_4301,1775600280,1775600155,default
1775600328,1_70694,1_102628,895,1_630387920,1_7976716,1775601000,1775601000,default
1775600328,1_2850,1_100089,2,1_788758210,1_7157,1775600520,1775598965,default
1775600328,1_2850,1_100089,2,1_788757840,1_7097,1775601300,1775599945,default
1775600328,1_46505,1_102619,F Line,1_694521590,1_7976074,1775600460,1775600460,default
1775600328,1_46505,1_102619,F Line,1_694521870,1_7976004,1775601060,1775601060,default
1775600328,1_46505,1_102619,F Line,1_694520880,1_7976083,1775601660,1775601660,default
1775600328,1_46505,1_102619,F Line,1_694521140,1_7976226,1775602260,1775602260,default
1775600328,1_46505,1_102619,F Line,1_694521850,1_7976003,1775603460,1775603460,default
1775600328,1_29423,1_102732,79,1_816446300,1_7257,1775601000,1775601000,default
1775600328,1_29423,1_102732,79,1_817872870,1_8022128,1775601900,1775601900,default
1775600328,1_57453,1_102720,160,1_770989340,1_7467,1775600520,1775600359,default
1775600328,1_68130,1_102548,B Line,1_721018260,1_6046,1775600428,1775600428,default
1775600328,1_52306,1_102619,F Line,1_800654170,1_8023765,1775600700,1775600700,default
1775600328,1_52306,1_102619,F Line,1_800654670,1_8023764,1775601300,1775601300,default
1775600328,1_52306,1_102619,F Line,1_800654410,1_8023883,1775601900,1775601900,default
1775600328,1_52306,1_102619,F Line,1_800653760,1_8023779,1775602500,1775602500,default
1775600328,1_52306,1_102619,F Line,1_800653460,1_8023726,1775603700,1775603700,default
1775600328,1_99254,1_100003,101,1_694513500,1_8163,1775600542,1775600325,default
1775600328,1_40030,1_102574,40,1_811900550,1_8250,1775600351,1775600451,default
1775600328,1_59282,1_102717,165,1_800649800,1_7173,1775600940,1775598822,default
1775600328,1_59282,1_100072,181,1_721481850,1_7071,1775600880,1775599789,default
1775600328,1_10210,1_100264,70,1_801593190,1_8231,1775600562,1775600460,default
1775600328,1_620,40_510,510,40_16133739__MCOB-DO:121:0:Weekday:2:26MAR:86024:12345,40_MCOB-DO:121:0:Weekday:2:26MAR:86024:12345,1775601000,1775601000,default
1775600328,1_620,1_102754,256,1_816378470,1_8005281,1775601780,1775601780,default
1775600328,1_620,40_515,515,40_16133690__MCOB-DO:121:0:Weekday:2:26MAR:86026:12345,40_15808,1775601900,1775601900,default
1775600328,1_620,40_510,510,40_16133724__MCOB-DO:121:0:Weekday:2:26MAR:86030:12345,40_MCOB-DO:121:0:Weekday:2:26MAR:86030:12345,1775603400,1775603400,default
1775600328,1_620,1_102754,256,1_816378480,1_8005264,1775603580,1775603580,default
1775600328,1_620,40_515,515,40_16133755__MCOB-DO:121:0:Weekday:2:26MAR:86031:12345,40_MCOB-DO:121:0:Weekday:2:26MAR:86031:12345,1775603700,1775603700,default
1775600328,1_10912,1_100162,271,1_581745970,1_7976388,1775600640,1775600640,default
1775600328,1_10912,40_100451,556,40_635882050,40_7976710,1775600700,1775600700,default
1775600328,1_10912,1_100162,271,1_569496330,1_7976351,1775601360,1775601360,default
1775600328,1_10912,40_100511,542,40_569571200,40_7976607,1775601840,1775601840,default
1775600328,1_10912,1_100162,271,1_569496080,1_7976382,1775601960,1775601960,default
1775600328,1_10912,40_100451,556,40_635882320,40_7976550,1775602620,1775602620,default
1775600328,1_71960,40_100511,542,40_721031150,40_7976686,1775601120,1775601120,default
1775600328,1_8403,1_100039,14,1_562519610,1_4301,1775600280,1775600296,default
1775601238,1_60161,1_100042,148,1_762077660,1_7976055,1775601720,1775601720,default
1775601238,1_575,1_102615,E Line,1_761417710,1_6098,1775601360,1775601268,default
1775601238,1_575,1_100028,13,1_788759000,1_7152,1775601240,1775601344,default
1775601238,1_13830,1_100193,32,1_651765860,1_7059,1775601530,1775601217,default
1775601238,1_2850,1_100089,2,1_788757840,1_7097,1775601300,1775599945,default
1775601238,1_2850,1_100089,2,1_788757850,1_7153,1775602140,1775601021,default
1775601238,1_2850,1_100089,2,1_788757850,1_8023468,1775602140,1775602140,default
1775601238,1_46505,1_102619,F Line,1_694520880,1_7976083,1775601660,1775601660,default
1775601238,1_46505,1_102619,F Line,1_694521140,1_7976226,1775602260,1775602260,default
1775601238,1_46505,1_102619,F Line,1_694522030,1_7975998,1775602860,1775602860,default
1775601238,1_46505,1_102619,F Line,1_694521850,1_7976003,1775603460,1775603460,default
1775601238,1_46505,1_102619,F Line,1_694521250,1_7975997,1775604660,1775604660,default
1775601238,1_29423,1_102732,79,1_817872870,1_8022128,1775601900,1775601900,default
1775601238,1_29423,1_102732,79,1_816446570,1_8022099,1775603100,1775603100,default
1775601238,1_89990,29_130,130,29_16131848__MCOB-DO:121:0:Weekday:2:26MAR:41004:12345,29_19106,1775601420,1775601268,default
1775601238,1_27420,1_100161,27,1_759819350,1_8076,1775601094,1775601297,default
1775601238,1_60477,1_100060,168,1_800652600,1_7442,1775601459,1775601364,default
1775601238,1_1510,1_100210,36,1_800582360,1_4364,1775601458,1775601254,default
1775601238,1_10653,1_100252,62,1_800855350,1_8056,1775601420,1775601310,default
1775601238,1_52306,1_102619,F Line,1_800654410,1_8023883,1775601900,1775601900,default
1775601238,1_52306,1_102619,F Line,1_800653760,1_8023779,1775602500,1775602500,default
1775601238,1_52306,1_102619,F Line,1_800653460,1_8023726,1775603700,1775603700,default
1775601238,1_52306,1_102619,F Line,1_800654070,1_8023882,1775604300,1775604300,default
1775601238,1_41850,1_100249,60,1_801585990,1_7092,1775601417,1775601254,default
1775601238,1_71970,1_102753,222,1_774817900,1_7356,1775601248,1775601373,default
1775601238,1_40093,1_100133,240,1_806915870,1_7301,1775601500,1775601260,default
1775601238,1_59282,1_102717,165,1_800649810,1_7431,1775602140,1775600363,default
1775601238,1_59282,1_102717,165,1_800649830,1_8023844,1775604540,1775604540,default
1775601238,1_620,40_510,510,40_16133739__MCOB-DO:121:0:Weekday:2:26MAR:86024:12345,40_MCOB-DO:121:0:Weekday:2:26MAR:86024:12345,1775601000,1775601453,default
1775601238,1_620,40_100240,554,40_774872070,40_9663,1775601300,1775601479,default
1775601238,1_620,1_102754,256,1_816378470,1_8005281,1775601780,1775601780,default
1775601238,1_620,40_100239,550,40_597758420,40_9689,1775602140,1775601972,default
1775601238,1_620,40_510,510,40_16133724__MCOB-DO:121:0:Weekday:2:26MAR:86030:12345,40_MCOB-DO:121:0:Weekday:2:26MAR:86030:12345,1775603400,1775603400,default
1775601238,1_620,1_102754,256,1_816378480,1_8005264,1775603580,1775603580,default
1775601238,1_620,40_515,515,40_16133755__MCOB-DO:121:0:Weekday:2:26MAR:86031:12345,40_MCOB-DO:121:0:Weekday:2:26MAR:86031:12345,1775603700,1775603700,default
1775601238,1_620,40_510,510,40_16133722__MCOB-DO:121:0:Weekday:2:26MAR:86033:12345,40_MCOB-DO:121:0:Weekday:2:26MAR:86033:12345,1775604600,1775604600,default
1775601238,1_10912,1_100224,44,1_664047030,1_4503,1775601469,1775601370,default
1775601238,1_10912,40_100511,542,40_569571200,40_7976607,1775601840,1775601840,default
1775601238,1_10912,1_100162,271,1_569496080,1_7976382,1775601960,1775601960,default
1775601238,1_10912,1_100162,271,1_587120120,1_7976354,1775602560,1775602560,default
1775601238,1_10912,40_100451,556,40_635882320,40_7976550,1775602620,1775602620,default
1775601238,1_10912,40_100511,542,40_569572690,40_7976685,1775603040,1775603040,default
1775601238,1_10912,1_100162,271,1_569554060,1_7976675,1775603940,1775603940,default
1775601238,1_71960,40_100511,542,40_721030970,40_7976608,1775601840,1775601840,default
1775601420,1_103,1_102745,G Line,1_736435850,1_6411,1775601318,1775601456,default
1775601420,1_60161,1_100042,148,1_762077660,1_7976055,1775601720,1775601720,default
1775601420,1_970,40_590,590,40_2803020,40_51403,1775601511,1775601511,default
1775601420,1_12770,1_100173,3,1_761126940,1_4362,1775601438,1775601345,default
1775601420,1_320,1_100011,111,1_664454870,1_7434,1775601420,1775601470,default
1775601420,1_17651,1_102747,61,1_803357070,1_3749,1775601448,1775601471,default
1775601420,1_575,1_100264,70,1_801593320,1_8253,1775601360,1775601476,default
1775601420,1_2850,1_100089,2,1_788757850,1_7153,1775602140,1775601021,default
1775601420,1_8080,1_100005,106,1_727784980,1_7087,1775601622,1775601345,default
1775601420,1_46505,1_102619,F Line,1_694520880,1_7976083,1775601660,1775601660,default
1775601420,1_46505,1_102619,F Line,1_694521140,1_7976226,1775602260,1775602260,default
1775601420,1_46505,1_102619,F Line,1_694522030,1_7975998,1775602860,1775602860,default
1775601420,1_46505,1_102619,F Line,1_694521850,1_7976003,1775603460,1775603460,default
1775601420,1_46505,1_102619,F Line,1_694521250,1_7975997,1775604660,1775604660,default
1775601420,1_29423,1_102732,79,1_817872870,1_8022128,1775601900,1775601900,default
1775601420,1_29423,1_102732,79,1_816446570,1_8022099,1775603100,1775603100,default
1775601420,1_280,40_100240,554,40_560097900,40_7976694,1775601473,1775601473,default
1775601420,1_3470,1_100249,60,1_801585990,1_7092,1775601600,1775601399,default
1775601420,1_2320,1_100001,1,1_800580690,1_4357,1775601515,1775601486,default
1775601420,1_52306,1_102619,F Line,1_800654410,1_8023883,1775601900,1775601900,default
1775601420,1_52306,1_102619,F Line,1_800653760,1_8023779,1775602500,1775602500,default
1775601420,1_52306,1_102619,F Line,1_800653460,1_8023726,1775603700,1775603700,default
1775601420,1_52306,1_102619,F Line,1_800654070,1_8023882,1775604300,1775604300,default
1775601420,1_52306,1_102619,F Line,1_800654320,1_8023724,1775604900,1775604900,default
1775601420,1_99254,1_100003,101,1_800669360,1_8138,1775601442,1775601534,default
1775601420,1_70665,1_102704,250,1_806915350,1_7375,1775601518,1775601555,default
1775601420,1_59282,1_102717,165,1_800649810,1_7431,1775602140,1775600363,default
1775601420,1_59282,1_102717,165,1_800649830,1_8023844,1775604540,1775604540,default
1775601420,1_620,1_102754,256,1_816378470,1_8005281,1775601780,1775601780,default
1775601420,1_620,40_100239,550,40_597758420,40_9689,1775602140,1775602060,default
1775601420,1_620,40_510,510,40_16133724__MCOB-DO:121:0:Weekday:2:26MAR:86030:12345,40_MCOB-DO:121:0:Weekday:2:26MAR:86030:12345,1775603400,1775603400,default
1775601420,1_620,1_102754,256,1_816378480,1_8005264,1775603580,1775603580,default
1775601420,1_620,40_515,515,40_16133755__MCOB-DO:121:0:Weekday:2:26MAR:86031:12345,40_MCOB-DO:121:0:Weekday:2:26MAR:86031:12345,1775603700,1775603700,default
1775601420,1_620,40_510,510,40_16133722__MCOB-DO:121:0:Weekday:2:26MAR:86033:12345,40_MCOB-DO:121:0:Weekday:2:26MAR:86033:12345,1775604600,1775604600,default
1775601420,1_10912,40_100511,542,40_569571200,40_7976607,1775601840,1775601840,default
1775601420,1_10912,1_100162,271,1_569496080,1_7976382,1775601960,1775601960,default
1775601420,1_10912,1_100162,271,1_587120120,1_7976354,1775602560,1775602560,default
1775601420,1_10912,40_100451,556,40_635882320,40_7976550,1775602620,1775602620,default
1775601420,1_10912,40_100511,542,40_569572690,40_7976685,1775603040,1775603040,default
1775601420,1_10912,1_100162,271,1_569554060,1_7976675,1775603940,1775603940,default
1775601420,1_71960,40_100511,542,40_721030970,40_7976608,1775601840,1775601840,default
1775601420,1_71960,40_100511,542,40_721031460,40_7976606,1775603100,1775603100,default
1775601720,1_12170,1_100039,14,1_562519740,1_4385,1775601759,1775601770,default
1775601720,1_6650,1_102747,61,1_803357080,1_8022040,1775601543,1775601734,default
1775601720,1_26560,1_102574,40,1_811900630,1_8209,1775600936,1775601787,default
1775601720,1_970,40_592,592,40_2847020,40_9727,1775601810,1775601810,default
1775601720,1_320,40_590,590,40_2803020,40_51403,1775601780,1775601780,default
1775601720,1_575,1_100210,36,1_800582360,1_4364,1775602020,1775601724,default
1775601720,1_2850,1_100089,2,1_788757850,1_7153,1775602140,1775601021,default
1775601720,1_46505,1_102619,F Line,1_694521140,1_7976226,1775602260,1775602260,default
1775601720,1_46505,1_102619,F Line,1_694522030,1_7975998,1775602860,1775602860,default
1775601720,1_46505,1_102619,F Line,1_694521850,1_7976003,1775603460,1775603460,default
1775601720,1_46505,1_102619,F Line,1_694521250,1_7975997,1775604660,1775604660,default
1775601720,1_46505,1_102619,F Line,1_694521460,1_7976017,1775605260,1775605260,default
1775601720,1_29423,1_102732,79,1_817872870,1_8022128,1775601900,1775601900,default
1775601720,1_29423,1_102732,79,1_816446570,1_8022099,1775603100,1775603100,default
1775601720,1_3470,1_100210,36,1_800582340,1_4395,1775601840,1775601738,default
1775601720,1_57453,1_102719,161,1_800652420,1_7113,1775601780,1775601701,default
1775601720,1_52306,1_100030,131,1_800858580,1_8037,1775601840,1775601638,default
1775601720,1_52306,1_102619,F Line,1_800654410,1_8023883,1775601900,1775601900,default
1775601720,1_52306,1_102619,F Line,1_800653760,1_8023779,1775602500,1775602500,default
1775601720,1_52306,1_102619,F Line,1_800654830,1_8023710,1775603100,1775603100,default
1775601720,1_52306,1_102619,F Line,1_800653460,1_8023726,1775603700,1775603700,default
1775601720,1_52306,1_102619,F Line,1_800654070,1_8023882,1775604300,1775604300,default
1775601720,1_52306,1_102619,F Line,1_800654320,1_8023724,1775604900,1775604900,default
1775601720,1_2200,1_102581,D Line,1_732748850,1_6064,1775601985,1775601794,default
1775601720,1_57804,1_100072,181,1_721481990,1_7322,1775602093,1775602230,default
1775601720,1_59282,1_102717,165,1_800649810,1_7431,1775602140,1775600363,default
1775601720,1_59282,1_102717,165,1_800649830,1_8023844,1775604540,1775604540,default
1775601720,1_25791,1_100214,372,1_694306920,1_6957,1775601321,1775601922,default
1775601720,1_620,40_515,515,40_16133690__MCOB-DO:121:0:Weekday:2:26MAR:86026:12345,40_15808,1775601900,1775601822,default
1775601720,1_620,40_100239,550,40_597758420,40_9689,1775602140,1775601855,default
1775601720,1_620,40_100236,545,40_563501280,40_7976551,1775601960,1775601960,default
1775601720,1_620,40_100236,545,40_563501280,40_9645,1775601960,1775601972,default
1775601720,1_620,40_510,510,40_16133724__MCOB-DO:121:0:Weekday:2:26MAR:86030:12345,40_MCOB-DO:121:0:Weekday:2:26MAR:86030:12345,1775603400,1775603400,default
1775601720,1_620,1_102754,256,1_816378480,1_8005264,1775603580,1775603580,default
1775601720,1_620,40_515,515,40_16133755__MCOB-DO:121:0:Weekday:2:26MAR:86031:12345,40_MCOB-DO:121:0:Weekday:2:26MAR:86031:12345,1775603700,1775603700,default
1775601720,1_620,40_510,510,40_16133722__MCOB-DO:121:0:Weekday:2:26MAR:86033:12345,40_MCOB-DO:121:0:Weekday:2:26MAR:86033:12345,1775604600,1775604600,default
1775601720,1_10912,1_100162,271,1_569496080,1_7976382,1775601960,1775601960,default
1775601720,1_10912,1_100162,271,1_587120120,1_7976354,1775602560,1775602560,default
1775601720,1_10912,40_100451,556,40_635882320,40_7976550,1775602620,1775602620,default
1775601720,1_10912,40_100511,542,40_569572690,40_7976685,1775603040,1775603040,default
1775601720,1_10912,1_100162,271,1_569496430,1_7976349,1775603280,1775603280,default
1775601720,1_10912,1_100162,271,1_569554060,1_7976675,1775603940,1775603940,default
1775601720,1_71960,1_102752,223,1_816297660,1_7448,1775601960,1775601889,default
1775601720,1_71960,40_100511,542,40_721031460,40_7976606,1775603100,1775603100,default
1775602020,1_481,1_102576,C Line,1_800868170,1_6249,1775601960,1775602039,default
1775602020,1_970,1_100003,101,1_800669150,1_8172,1775602056,1775602027,default
1775602020,1_320,40_592,592,40_2847020,40_9727,1775602080,1775602080,default
1775602020,1_2850,1_100089,2,1_788757850,1_7153,1775602140,1775601021,default
1775602020,1_2850,1_100089,2,1_788757860,1_8023446,1775602920,1775602920,default
1775602020,1_46505,1_102619,F Line,1_694521140,1_7976226,1775602260,1775602260,default
1775602020,1_46505,1_102619,F Line,1_694522030,1_7975998,1775602860,1775602860,default
1775602020,1_46505,1_102619,F Line,1_694521850,1_7976003,1775603460,1775603460,default
1775602020,1_46505,1_102619,F Line,1_694521250,1_7975997,1775604660,1775604660,default
1775602020,1_46505,1_102619,F Line,1_694521460,1_7976017,1775605260,1775605260,default
1775602020,1_29423,1_102732,79,1_816446570,1_8022099,1775603100,1775603100,default
1775602020,1_73366,1_102548,B Line,1_721018260,1_6046,1775601760,1775602102,default
1775602020,1_52306,1_102619,F Line,1_800653760,1_8023779,1775602500,1775602500,default
1775602020,1_52306,1_102619,F Line,1_800654830,1_8023710,1775603100,1775603100,default
1775602020,1_52306,1_102619,F Line,1_800653460,1_8023726,1775603700,1775603700,default
1775602020,1_52306,1_102619,F Line,1_800654070,1_8023882,1775604300,1775604300,default
1775602020,1_52306,1_102619,F Line,1_800654320,1_8023724,1775604900,1775604900,default
1775602020,1_52306,1_102619,F Line,1_800654600,1_8023712,1775605500,1775605500,default
1775602020,1_99254,40_594,594,40_1158020,40_9729,1775602053,1775602242,default
1775602020,1_45751,1_100023,124,1_690552600,1_8036,1775602125,1775602068,default
1775602020,1_36510,1_100026,128,1_806634840,1_1035,1775601933,1775602132,default
1775602020,1_59282,1_102717,165,1_800649820,1_7063,1775603340,1775601784,default
1775602020,1_59282,1_100072,181,1_721482060,1_7345,1775602680,1775601936,default
1775602020,1_59282,1_100072,181,1_721482060,1_7976015,1775602680,1775602680,default
1775602020,1_59282,1_102717,165,1_800649830,1_8023844,1775604540,1775604540,default
1775602020,1_60710,1_100512,A Line,1_800643550,1_6000,1775602050,1775602186,default
1775602020,1_7690,1_102615,E Line,1_761418570,1_6115,1775602190,1775602110,default
1775602020,1_57791,1_102718,184,1_635442880,1_1028,1775602089,1775602207,default
1775602020,1_620,40_510,510,40_16133724__MCOB-DO:121:0:Weekday:2:26MAR:86030:12345,40_MCOB-DO:121:0:Weekday:2:26MAR:86030:12345,1775603400,1775603400,default
1775602020,1_620,1_102754,256,1_816378480,1_8005264,1775603580,1775603580,default
1775602020,1_620,40_515,515,40_16133755__MCOB-DO:121:0:Weekday:2:26MAR:86031:12345,40_MCOB-DO:121:0:Weekday:2:26MAR:86031:12345,1775603700,1775603700,default
1775602020,1_620,40_510,510,40_16133722__MCOB-DO:121:0:Weekday:2:26MAR:86033:12345,40_MCOB-DO:121:0:Weekday:2:26MAR:86033:12345,1775604600,1775604600,default
1775602020,1_620,40_515,515,40_16133734__MCOB-DO:121:0:Weekday:2:26MAR:86035:12345,40_MCOB-DO:121:0:Weekday:2:26MAR:86035:12345,1775605500,1775605500,default
1775602020,1_10912,1_100264,70,1_801593480,1_8026409,1775602087,1775602205,default
1775602020,1_10912,1_100162,271,1_587120120,1_7976354,1775602560,1775602560,default
1775602020,1_10912,40_100451,556,40_635882320,40_7976550,1775602620,1775602620,default
1775602020,1_10912,40_100511,542,40_569572690,40_7976685,1775603040,1775603040,default
1775602020,1_10912,1_100162,271,1_569496430,1_7976349,1775603280,1775603280,default
1775602020,1_10912,1_100162,271,1_569554060,1_7976675,1775603940,1775603940,default
1775602020,1_71960,40_100511,542,40_721031460,40_7976606,1775603100,1775603100,default
1775602020,1_8403,1_100039,14,1_562519780,1_4311,1775602140,1775602089,default
1775602020,1_41900,1_100249,60,1_801585990,1_7092,1775602260,1775602150,default
1775602321,1_64569,1_100099,208,1_736527470,1_7976338,1775602410,1775602410,default
1775602321,1_575,1_100210,36,1_800582320,1_4391,1775602620,1775602341,default
1775602321,1_2850,1_100089,2,1_788757860,1_7095,1775602920,1775601949,default
1775602321,1_46505,1_102619,F Line,1_694522030,1_7975998,1775602860,1775602860,default
1775602321,1_46505,1_102619,F Line,1_694521850,1_7976003,1775603460,1775603460,default
1775602321,1_46505,1_102619,F Line,1_694521250,1_7975997,1775604660,1775604660,default
1775602321,1_46505,1_102619,F Line,1_694521460,1_7976017,1775605260,1775605260,default
1775602321,1_46505,1_102619,F Line,1_694521960,1_7976016,1775605860,1775605860,default
1775602321,1_29423,1_102732,79,1_816446570,1_8022099,1775603100,1775603100,default
1775602321,1_280,1_100104,212,1_806323780,1_7427,1775602401,1775602401,default
1775602321,1_280,1_100104,212,1_806323780,1_8005283,1775602401,1775602401,default
1775602321,1_27420,1_100249,60,1_801585990,1_7092,1775602448,1775602402,default
1775602321,1_3470,1_100249,60,1_801585590,1_7012,1775602380,1775602317,default
1775602321,1_3470,1_100210,36,1_800583210,1_4368,1775602440,1775602320,default
1775602321,1_52306,1_102619,F Line,1_800653760,1_8023779,1775602500,1775602500,default
1775602321,1_52306,1_102619,F Line,1_800654830,1_8023710,1775603100,1775603100,default
1775602321,1_52306,1_102619,F Line,1_800653460,1_8023726,1775603700,1775603700,default
1775602321,1_52306,1_102619,F Line,1_800654070,1_8023882,1775604300,1775604300,default
1775602321,1_52306,1_102619,F Line,1_800654320,1_8023724,1775604900,1775604900,default
1775602321,1_52306,1_102619,F Line,1_800654600,1_8023712,1775605500,1775605500,default
1775602321,1_99254,40_594,594,40_1158020,40_9729,1775602053,1775602506,default
1775602321,1_59282,1_102717,165,1_800649820,1_7063,1775603340,1775601784,default
1775602321,1_59282,1_100072,181,1_721482060,1_7345,1775602680,1775601936,default
1775602321,1_59282,1_102717,165,1_800649830,1_8023844,1775604540,1775604540,default
1775602321,1_23905,1_100214,372,1_694306220,1_7425,1775602492,1775602495,default
1775602321,1_45230,1_100133,240,1_811765020,1_8024706,1775602477,1775602013,default
1775602321,1_45230,40_560,560,40_1672020,40_41514,1775602472,1775602458,default
1775602321,1_620,40_100236,545,40_563501320,40_9670,1775602560,1775602507,default
1775602321,1_620,40_100240,554,40_774872080,40_9804,1775602800,1775602556,default
1775602321,1_620,40_100239,550,40_597758490,40_9806,1775603100,1775603001,default
1775602321,1_620,40_510,510,40_16133724__MCOB-DO:121:0:Weekday:2:26MAR:86030:12345,40_MCOB-DO:121:0:Weekday:2:26MAR:86030:12345,1775603400,1775603400,default
1775602321,1_620,1_102754,256,1_816378480,1_8005264,1775603580,1775603580,default
1775602321,1_620,40_515,515,40_16133755__MCOB-DO:121:0:Weekday:2:26MAR:86031:12345,40_MCOB-DO:121:0:Weekday:2:26MAR:86031:12345,1775603700,1775603700,default
1775602321,1_620,40_510,510,40_16133722__MCOB-DO:121:0:Weekday:2:26MAR:86033:12345,40_MCOB-DO:121:0:Weekday:2:26MAR:86033:12345,1775604600,1775604600,default
1775602321,1_620,40_515,515,40_16133734__MCOB-DO:121:0:Weekday:2:26MAR:86035:12345,40_MCOB-DO:121:0:Weekday:2:26MAR:86035:12345,1775605500,1775605500,default
1775602321,1_620,40_510,510,40_16133701__MCOB-DO:121:0:Weekday:2:26MAR:86018:12345,40_MCOB-DO:121:0:Weekday:2:26MAR:86018:12345,1775605800,1775605800,default
1775602321,1_10912,1_100264,70,1_801593480,1_8254,1775602087,1775602513,default
1775602321,1_10912,1_100162,271,1_587120120,1_7976354,1775602560,1775602560,default
1775602321,1_10912,40_100511,542,40_569572690,40_7976685,1775603040,1775603040,default
1775602321,1_10912,1_100162,271,1_569496430,1_7976349,1775603280,1775603280,default
1775602321,1_10912,1_100162,271,1_569554060,1_7976675,1775603940,1775603940,default
1775602321,1_10912,40_100451,556,40_635882820,40_7976589,1775604300,1775604300,default
1775602321,1_71960,40_100511,542,40_721031460,40_7976606,1775603100,1775603100,default
1775602321,1_25210,1_100225,45,1_803350990,1_8196,1775602572,1775602465,default
1775602321,1_8403,1_100039,14,1_562519780,1_4311,1775602140,1775602089,default
1775602621,1_103,1_102745,G Line,1_736435800,1_6410,1775602398,1775602672,default
1775602621,1_8541,1_100263,7,1_800587250,1_4561,1775602740,1775602649,default
1775602621,1_575,1_100219,4,1_675345420,1_4351,1775602380,1775602668,default
1775602621,1_2850,1_100089,2,1_788757860,1_7095,1775602920,1775601949,default
1775602621,1_46505,1_102619,F Line,1_694521850,1_6279,1775603460,1775602412,default
1775602621,1_46505,1_102619,F Line,1_694522030,1_7975998,1775602860,1775602860,default
1775602621,1_46505,1_102619,F Line,1_694522030,1_6274,1775602860,1775602860,default
1775602621,1_46505,1_102619,F Line,1_694521850,1_7976003,1775603460,1775603460,default
1775602621,1_46505,1_102619,F Line,1_694521250,1_7975997,1775604660,1775604660,default
1775602621,1_46505,1_102619,F Line,1_694521460,1_7976017,1775605260,1775605260,default
1775602621,1_46505,1_102619,F Line,1_694521960,1_7976016,1775605860,1775605860,default
1775602621,1_29423,1_102732,79,1_816446570,1_8022099,1775603100,1775603100,default
1775602621,1_280,40_100240,554,40_560098140,40_9813,1775602701,1775602617,default
1775602621,1_57453,1_102719,161,1_800651860,1_7311,1775602740,1775602610,default
1775602621,1_52306,1_102619,F Line,1_800654830,1_8023710,1775603100,1775603100,default
1775602621,1_52306,1_102619,F Line,1_800653460,1_8023726,1775603700,1775603700,default
1775602621,1_52306,1_102619,F Line,1_800654070,1_8023882,1775604300,1775604300,default
1775602621,1_52306,1_102619,F Line,1_800654320,1_8023724,1775604900,1775604900,default
1775602621,1_52306,1_102619,F Line,1_800654600,1_8023712,1775605500,1775605500,default
1775602621,1_52306,1_102619,F Line,1_800653610,1_8023728,1775606100,1775606100,default
1775602621,1_99254,1_100045,150,1_694513860,1_8175,1775602498,1775602741,default
1775602621,1_70665,1_102704,250,1_806915340,1_7376,1775602418,1775602745,default
1775602621,1_59282,1_102717,165,1_800649820,1_7063,1775603340,1775601784,default
1775602621,1_59282,1_102717,165,1_800649830,1_8023844,1775604540,1775604540,default
1775602621,1_55831,1_100005,106,1_727784980,1_7087,1775602909,1775602679,default
1775602621,1_75850,1_102615,E Line,1_761418300,1_6055,1775602873,1775602742,default
1775602621,1_620,40_100239,550,40_597758490,40_9806,1775603100,1775602751,default
1775602621,1_620,40_510,510,40_16133724__MCOB-DO:121:0:Weekday:2:26MAR:86030:12345,40_MCOB-DO:121:0:Weekday:2:26MAR:86030:12345,1775603400,1775603400,default
1775602621,1_620,1_102754,256,1_816378480,1_8005264,1775603580,1775603580,default
1775602621,1_620,40_515,515,40_16133755__MCOB-DO:121:0:Weekday:2:26MAR:86031:12345,40_MCOB-DO:121:0:Weekday:2:26MAR:86031:12345,1775603700,1775603700,default
1775602621,1_620,40_510,510,40_16133722__MCOB-DO:121:0:Weekday:2:26MAR:86033:12345,40_MCOB-DO:121:0:Weekday:2:26MAR:86033:12345,1775604600,1775604600,default
1775602621,1_620,1_102754,256,1_816378490,1_8005262,1775605440,1775605440,default
1775602621,1_620,40_515,515,40_16133734__MCOB-DO:121:0:Weekday:2:26MAR:86035:12345,40_MCOB-DO:121:0:Weekday:2:26MAR:86035:12345,1775605500,1775605500,default
1775602621,1_620,40_510,510,40_16133701__MCOB-DO:121:0:Weekday:2:26MAR:86018:12345,40_MCOB-DO:121:0:Weekday:2:26MAR:86018:12345,1775605800,1775605800,default
1775602621,1_10912,40_100511,542,40_569572690,40_7976685,1775603040,1775603040,default
1775602621,1_10912,1_100162,271,1_569496430,1_7976349,1775603280,1775603280,default
1775602621,1_10912,1_100162,271,1_569554060,1_7976675,1775603940,1775603940,default
1775602621,1_10912,40_100451,556,40_635882820,40_7976589,1775604300,1775604300,default
1775602621,1_10912,1_100162,271,1_569496280,1_7976387,1775604480,1775604480,default
1775602621,1_71960,40_100511,542,40_721031460,40_7976606,1775603100,1775603100,default
1775602621,1_71960,40_100511,542,40_721031210,40_7976604,1775604420,1775604420,default
1775602621,1_81982,1_100196,331,1_803353250,1_7228,1775602631,1775602816,default
1775602621,1_8403,1_100039,14,1_562519890,1_4301,1775602800,1775602738,default
1775602921,1_60161,1_100042,148,1_762077710,1_7976053,1775603520,1775603622,default
1775602921,1_46505,1_102619,F Line,1_694521850,1_6279,1775603460,1775602412,default
1775602921,1_46505,1_102619,F Line,1_694521250,1_7975997,1775604660,1775604660,default
1775602921,1_46505,1_102619,F Line,1_694521460,1_7976017,1775605260,1775605260,default
1775602921,1_46505,1_102619,F Line,1_694521960,1_7976016,1775605860,1775605860,default
1775602921,1_29423,1_102732,79,1_816446570,1_8022099,1775603100,1775603100,default
1775602921,1_52306,1_102619,F Line,1_800654830,1_8023710,1775603100,1775603100,default
1775602921,1_52306,1_102619,F Line,1_800653460,1_8023726,1775603700,1775603700,default
1775602921,1_52306,1_102619,F Line,1_800654070,1_8023882,1775604300,1775604300,default
1775602921,1_52306,1_102619,F Line,1_800654320,1_8023724,1775604900,1775604900,default
1775602921,1_52306,1_102619,F Line,1_800654600,1_8023712,1775605500,1775605500,default
1775602921,1_52306,1_102619,F Line,1_800653610,1_8023728,1775606100,1775606100,default
1775602921,1_68593,1_100162,271,1_581745970,1_7359,1775603049,1775602950,default
1775602921,1_71970,1_102753,222,1_774817910,1_7371,1775603108,1775603011,default
1775602921,1_59282,1_102717,165,1_800649820,1_7063,1775603340,1775601784,default
1775602921,1_59282,1_102717,165,1_800649830,1_8023844,1775604540,1775604540,default
1775602921,1_74714,1_102701,225,1_811516960,1_7461,1775603006,1775603086,default
1775602921,1_620,40_100236,545,40_563501050,40_7976559,1775603160,1775603160,default
1775602921,1_620,40_100236,545,40_563501050,40_9656,1775603160,1775603160,default
1775602921,1_620,40_510,510,40_16133724__MCOB-DO:121:0:Weekday:2:26MAR:86030:12345,40_MCOB-DO:121:0:Weekday:2:26MAR:86030:12345,1775603400,1775603400,default
1775602921,1_620,1_102754,256,1_816378480,1_8005264,1775603580,1775603580,default
1775602921,1_620,40_515,515,40_16133755__MCOB-DO:121:0:Weekday:2:26MAR:86031:12345,40_MCOB-DO:121:0:Weekday:2:26MAR:86031:12345,1775603700,1775603700,default
1775602921,1_620,40_510,510,40_16133722__MCOB-DO:121:0:Weekday:2:26MAR:86033:12345,40_MCOB-DO:121:0:Weekday:2:26MAR:86033:12345,1775604600,1775604600,default
1775602921,1_620,1_102754,256,1_816378490,1_8005262,1775605440,1775605440,default
1775602921,1_620,40_515,515,40_16133734__MCOB-DO:121:0:Weekday:2:26MAR:86035:12345,40_MCOB-DO:121:0:Weekday:2:26MAR:86035:12345,1775605500,1775605500,default
1775602921,1_620,40_510,510,40_16133701__MCOB-DO:121:0:Weekday:2:26MAR:86018:12345,40_MCOB-DO:121:0:Weekday:2:26MAR:86018:12345,1775605800,1775605800,default
1775602921,1_620,40_515,515,40_16133756__MCOB-DO:121:0:Weekday:2:26MAR:86036:12345,40_MCOB-DO:121:0:Weekday:2:26MAR:86036:12345,1775606400,1775606400,default
1775602921,1_10912,1_100162,271,1_569496430,1_7976349,1775603280,1775603280,default
1775602921,1_10912,1_100162,271,1_569554060,1_7976675,1775603940,1775603940,default
1775602921,1_10912,40_100451,556,40_635882820,40_7976589,1775604300,1775604300,default
1775602921,1_10912,1_100162,271,1_569496280,1_7976387,1775604480,1775604480,default
1775602921,1_71960,40_100511,542,40_721031460,40_7976606,1775603100,1775603100,default
1775602921,1_71960,40_100511,542,40_721031210,40_7976604,1775604420,1775604420,default
1775603221,1_77930,1_102746,333,1_778704170,1_7217,1775603075,1775603243,default
1775603221,1_60161,1_100042,148,1_762077710,1_7976053,1775603520,1775603606,default
1775603221,1_575,1_100210,36,1_800582340,1_4395,1775603280,1775603239,default
1775603221,1_2850,1_100089,2,1_788758220,1_7115,1775603700,1775603014,default
1775603221,1_2850,1_100089,2,1_788758220,1_8023470,1775603700,1775603700,default
1775603221,1_46505,1_102619,F Line,1_694521850,1_6279,1775603460,1775602412,default
1775603221,1_46505,1_102619,F Line,1_694521250,1_7975997,1775604660,1775604660,default
1775603221,1_46505,1_102619,F Line,1_694521460,1_7976017,1775605260,1775605260,default
1775603221,1_46505,1_102619,F Line,1_694521960,1_7976016,1775605860,1775605860,default
1775603221,1_46505,1_102619,F Line,1_694521700,1_7976229,1775606460,1775606460,default
1775603221,1_1190,40_100239,550,40_597758490,40_9806,1775603560,1775603159,default
1775603221,1_79610,1_100003,101,1_800669190,1_6940,1775603460,1775603215,default
1775603221,1_52306,1_102619,F Line,1_800653460,1_8023726,1775603700,1775603700,default
1775603221,1_52306,1_102619,F Line,1_800654070,1_8023882,1775604300,1775604300,default
1775603221,1_52306,1_102619,F Line,1_800654320,1_8023724,1775604900,1775604900,default
1775603221,1_52306,1_102619,F Line,1_800654600,1_8023712,1775605500,1775605500,default
1775603221,1_52306,1_102619,F Line,1_800653610,1_8023728,1775606100,1775606100,default
1775603221,1_52306,1_102619,F Line,1_800653870,1_8023729,1775606700,1775606700,default
1775603221,1_70665,1_102702,239,1_736529230,1_3716,1775603340,1775603212,default
1775603221,1_59282,1_102717,165,1_800649830,1_8023844,1775604540,1775604540,default
1775603221,1_620,40_510,510,40_16133724__MCOB-DO:121:0:Weekday:2:26MAR:86030:12345,40_MCOB-DO:121:0:Weekday:2:26MAR:86030:12345,1775603400,1775603411,default
1775603221,1_620,1_102754,256,1_816378480,1_8005264,1775603580,1775603580,default
1775603221,1_620,40_515,515,40_16133755__MCOB-DO:121:0:Weekday:2:26MAR:86031:12345,40_MCOB-DO:121:0:Weekday:2:26MAR:86031:12345,1775603700,1775603700,default
1775603221,1_620,40_510,510,40_16133722__MCOB-DO:121:0:Weekday:2:26MAR:86033:12345,40_MCOB-DO:121:0:Weekday:2:26MAR:86033:12345,1775604600,1775604600,default
1775603221,1_620,1_102754,256,1_816378490,1_8005262,1775605440,1775605440,default
1775603221,1_620,40_515,515,40_16133734__MCOB-DO:121:0:Weekday:2:26MAR:86035:12345,40_MCOB-DO:121:0:Weekday:2:26MAR:86035:12345,1775605500,1775605500,default
1775603221,1_620,40_510,510,40_16133701__MCOB-DO:121:0:Weekday:2:26MAR:86018:12345,40_MCOB-DO:121:0:Weekday:2:26MAR:86018:12345,1775605800,1775605800,default
1775603221,1_620,40_515,515,40_16133756__MCOB-DO:121:0:Weekday:2:26MAR:86036:12345,40_MCOB-DO:121:0:Weekday:2:26MAR:86036:12345,1775606400,1775606400,default
1775603221,1_10912,1_100162,271,1_569554060,1_7976675,1775603940,1775603940,default
1775603221,1_10912,40_100451,556,40_635882820,40_7976589,1775604300,1775604300,default
1775603221,1_10912,40_100511,542,40_608344410,40_7976686,1775604360,1775604360,default
1775603221,1_10912,1_100162,271,1_569496280,1_7976387,1775604480,1775604480,default
1775603221,1_10912,1_100162,271,1_569497120,1_7976667,1775605140,1775605140,default
1775603221,1_10912,40_100451,556,40_635882830,40_7976563,1775606400,1775606400,default
1775603221,1_71960,40_100511,542,40_721031210,40_7976604,1775604420,1775604420,default
1775603221,1_8403,1_100039,14,1_562519810,1_4314,1775603100,1775603304,default
1775603521,1_12170,1_100039,14,1_562519810,1_4314,1775603679,1775603589,default
1775603521,1_970,40_595,595,40_1384020,40_9717,1775603551,1775603551,default
1775603521,1_68784,1_102548,B Line,1_721019290,1_6042,1775603599,1775603448,default
1775603521,1_2850,1_100089,2,1_788758220,1_7115,1775603700,1775603014,default
1775603521,1_46505,1_102619,F Line,1_694522190,1_7976035,1775604060,1775604060,default
1775603521,1_46505,1_102619,F Line,1_694521250,1_7975997,1775604660,1775604660,default
1775603521,1_46505,1_102619,F Line,1_694521460,1_7976017,1775605260,1775605260,default
1775603521,1_46505,1_102619,F Line,1_694521960,1_7976016,1775605860,1775605860,default
1775603521,1_46505,1_102619,F Line,1_694521700,1_7976229,1775606460,1775606460,default
1775603521,1_280,1_100104,212,1_806323790,1_8005197,1775603570,1775603605,default
1775603521,1_57453,1_102719,161,1_800652440,1_7403,1775603700,1775603494,default
1775603521,1_52306,1_102619,F Line,1_800653460,1_8023726,1775603700,1775603700,default
1775603521,1_52306,1_102619,F Line,1_800654070,1_8023882,1775604300,1775604300,default
1775603521,1_52306,1_102619,F Line,1_800654320,1_8023724,1775604900,1775604900,default
1775603521,1_52306,1_102619,F Line,1_800654600,1_8023712,1775605500,1775605500,default
1775603521,1_52306,1_102619,F Line,1_800653610,1_8023728,1775606100,1775606100,default
1775603521,1_52306,1_102619,F Line,1_800653870,1_8023729,1775606700,1775606700,default
1775603521,1_57804,1_100072,181,1_721481530,1_7491,1775604013,1775603914,default
1775603521,1_59282,1_102717,165,1_800649830,1_8023844,1775604540,1775604540,default
1775603521,1_620,40_515,515,40_16133755__MCOB-DO:121:0:Weekday:2:26MAR:86031:12345,40_MCOB-DO:121:0:Weekday:2:26MAR:86031:12345,1775603700,1775603711,default
1775603521,1_620,40_100239,550,40_597758510,40_6961,1775603700,1775603976,default
1775603521,1_620,40_100240,554,40_774872160,40_9807,1775604360,1775604002,default
1775603521,1_620,40_510,510,40_16133722__MCOB-DO:121:0:Weekday:2:26MAR:86033:12345,40_MCOB-DO:121:0:Weekday:2:26MAR:86033:12345,1775604600,1775604600,default
1775603521,1_620,1_102754,256,1_816378490,1_8005262,1775605440,1775605440,default
1775603521,1_620,40_515,515,40_16133734__MCOB-DO:121:0:Weekday:2:26MAR:86035:12345,40_MCOB-DO:121:0:Weekday:2:26MAR:86035:12345,1775605500,1775605500,default
1775603521,1_620,40_510,510,40_16133701__MCOB-DO:121:0:Weekday:2:26MAR:86018:12345,40_MCOB-DO:121:0:Weekday:2:26MAR:86018:12345,1775605800,1775605800,default
1775603521,1_620,40_515,515,40_16133756__MCOB-DO:121:0:Weekday:2:26MAR:86036:12345,40_MCOB-DO:121:0:Weekday:2:26MAR:86036:12345,1775606400,1775606400,default
1775603521,1_620,40_510,510,40_16133731__MCOB-DO:121:0:Weekday:2:26MAR:86019:12345,40_MCOB-DO:121:0:Weekday:2:26MAR:86019:12345,1775607000,1775607000,default
1775603521,1_620,29_424,424,29_16132036__MCOB-DO:121:0:Weekday:2:26MAR:61057:12345,29_MCOB-DO:121:0:Weekday:2:26MAR:61057:12345,1775607000,1775607000,default
1775603521,1_10912,1_100162,271,1_569554060,1_7976675,1775603940,1775603940,default
1775603521,1_10912,40_100451,556,40_635882820,40_7976589,1775604300,1775604300,default
1775603521,1_10912,40_100511,542,40_608344410,40_7976686,1775604360,1775604360,default
1775603521,1_10912,1_100162,271,1_569496280,1_7976387,1775604480,1775604480,default
1775603521,1_10912,1_100162,271,1_569497120,1_7976667,1775605140,1775605140,default
1775603521,1_10912,40_100451,556,40_635882830,40_7976563,1775606400,1775606400,default
1775603521,1_71960,40_100511,542,40_721031210,40_7976604,1775604420,1775604420,default
1775603821,1_575,1_100210,36,1_800583210,1_8023382,1775603880,1775603668,default
1775603821,1_575,1_100210,36,1_800583210,1_4368,1775603880,1775603689,default
1775603821,1_575,1_100028,13,1_788759020,1_7153,1775603880,1775603733,default
1775603821,1_2850,1_100089,2,1_788757870,1_7099,1775604420,1775603449,default
1775603821,1_46505,1_102619,F Line,1_694522190,1_7976035,1775604060,1775604060,default
1775603821,1_46505,1_102619,F Line,1_694521250,1_7975997,1775604660,1775604660,default
1775603821,1_46505,1_102619,F Line,1_694521460,1_7976017,1775605260,1775605260,default
1775603821,1_46505,1_102619,F Line,1_694521960,1_7976016,1775605860,1775605860,default
1775603821,1_46505,1_102619,F Line,1_694521700,1_7976229,1775606460,1775606460,default
1775603821,1_46505,1_102619,F Line,1_694522120,1_7976085,1775607060,1775607060,default
1775603821,1_29423,1_102732,79,1_816446400,1_8022070,1775604900,1775604900,default
1775603821,1_280,40_100240,554,40_581722190,40_9663,1775603901,1775603882,default
1775603821,1_57453,1_100060,168,1_800660380,1_7403,1775603700,1775603174,default
1775603821,1_52306,1_102619,F Line,1_800654070,1_8023882,1775604300,1775604300,default
1775603821,1_52306,1_102619,F Line,1_800654320,1_8023724,1775604900,1775604900,default
1775603821,1_52306,1_102619,F Line,1_800654600,1_8023712,1775605500,1775605500,default
1775603821,1_52306,1_102619,F Line,1_800653610,1_8023728,1775606100,1775606100,default
1775603821,1_52306,1_102619,F Line,1_800653870,1_8023729,1775606700,1775606700,default
1775603821,1_52306,1_102619,F Line,1_800654760,1_8023709,1775607300,1775607300,default
1775603821,1_57804,1_100072,181,1_721481530,1_7491,1775604013,1775603819,default
1775603821,1_59282,1_100072,181,1_721481700,1_7322,1775604480,1775603702,default
1775603821,1_59282,1_102717,165,1_800649830,1_8023844,1775604540,1775604540,default
1775603821,1_81749,1_100160,269,1_806917230,1_7320,1775603914,1775603960,default
1775603821,1_57420,1_102720,160,1_694517460,1_7126,1775604022,1775603894,default
1775603821,1_620,40_100240,554,40_774872160,40_9807,1775604360,1775603933,default
1775603821,1_620,40_100239,550,40_597758440,40_9815,1775604300,1775604570,default
1775603821,1_620,40_510,510,40_16133722__MCOB-DO:121:0:Weekday:2:26MAR:86033:12345,40_MCOB-DO:121:0:Weekday:2:26MAR:86033:12345,1775604600,1775604600,default
1775603821,1_620,1_102754,256,1_816378490,1_8005262,1775605440,1775605440,default
1775603821,1_620,40_515,515,40_16133734__MCOB-DO:121:0:Weekday:2:26MAR:86035:12345,40_MCOB-DO:121:0:Weekday:2:26MAR:86035:12345,1775605500,1775605500,default
1775603821,1_620,40_510,510,40_16133701__MCOB-DO:121:0:Weekday:2:26MAR:86018:12345,40_MCOB-DO:121:0:Weekday:2:26MAR:86018:12345,1775605800,1775605800,default
1775603821,1_620,40_515,515,40_16133756__MCOB-DO:121:0:Weekday:2:26MAR:86036:12345,40_MCOB-DO:121:0:Weekday:2:26MAR:86036:12345,1775606400,1775606400,default
1775603821,1_620,40_510,510,40_16133731__MCOB-DO:121:0:Weekday:2:26MAR:86019:12345,40_MCOB-DO:121:0:Weekday:2:26MAR:86019:12345,1775607000,1775607000,default
1775603821,1_620,29_424,424,29_16132036__MCOB-DO:121:0:Weekday:2:26MAR:61057:12345,29_MCOB-DO:121:0:Weekday:2:26MAR:61057:12345,1775607000,1775607000,default
1775603821,1_620,40_515,515,40_16133717__MCOB-DO:121:0:Weekday:2:26MAR:86037:12345,40_MCOB-DO:121:0:Weekday:2:26MAR:86037:12345,1775607300,1775607300,default
1775603821,1_620,1_102754,256,1_816378500,1_8005267,1775607300,1775607300,default
1775603821,1_10912,40_100451,556,40_635882820,40_7976589,1775604300,1775604300,default
1775603821,1_10912,40_100511,542,40_608344410,40_7976686,1775604360,1775604360,default
1775603821,1_10912,1_100162,271,1_569496280,1_7976387,1775604480,1775604480,default
1775603821,1_10912,1_100162,271,1_569497120,1_7976667,1775605140,1775605140,default
1775603821,1_10912,40_100451,556,40_635882830,40_7976563,1775606400,1775606400,default
1775603821,1_71960,40_100511,542,40_721031210,40_7976604,1775604420,1775604420,default
1775604121,1_70694,1_100344,986,1_829473370,1_6914,1775604660,1775604462,default
1775604121,1_52638,40_574,574,40_1580020,40_9122,1775604422,1775604168,default
1775604121,1_970,40_590,590,40_430020,40_41512,1775604151,1775604151,default
1775604121,1_320,40_100240,554,40_581722190,40_9663,1775604060,1775604175,default
1775604121,1_575,1_100263,7,1_650130100,1_4502,1775603820,1775604184,default
1775604121,1_2850,1_100089,2,1_788757870,1_7099,1775604420,1775603449,default
1775604121,1_2850,1_100089,2,1_788758230,1_7155,1775605140,1775603805,default
1775604121,1_46505,1_102619,F Line,1_694521250,1_7975997,1775604660,1775604660,default
1775604121,1_46505,1_102619,F Line,1_694521460,1_7976017,1775605260,1775605260,default
1775604121,1_46505,1_102619,F Line,1_694521960,1_7976016,1775605860,1775605860,default
1775604121,1_46505,1_102619,F Line,1_694521700,1_7976229,1775606460,1775606460,default
1775604121,1_46505,1_102619,F Line,1_694522120,1_7976085,1775607060,1775607060,default
1775604121,1_29423,1_102732,79,1_816446400,1_8022070,1775604900,1775604900,default
1775604121,1_280,1_100011,111,1_664454890,1_7976601,1775604201,1775604201,default
1775604121,1_81254,1_102746,333,1_778704540,1_7212,1775604283,1775604100,default
1775604121,1_52306,1_102619,F Line,1_800654070,1_8023882,1775604300,1775604300,default
1775604121,1_52306,1_102619,F Line,1_800654320,1_8023724,1775604900,1775604900,default
1775604121,1_52306,1_102619,F Line,1_800654600,1_8023712,1775605500,1775605500,default
1775604121,1_52306,1_102619,F Line,1_800653610,1_8023728,1775606100,1775606100,default
1775604121,1_52306,1_102619,F Line,1_800653870,1_8023729,1775606700,1775606700,default
1775604121,1_52306,1_102619,F Line,1_800654760,1_8023709,1775607300,1775607300,default
1775604121,1_99254,1_100003,101,1_800669320,1_8168,1775604142,1775604270,default
1775604121,1_58112,1_100045,150,1_800670700,1_8121,1775604250,1775604240,default
1775604121,1_59282,1_100072,181,1_721481700,1_7322,1775604480,1775603702,default
1775604121,1_59282,1_102717,165,1_800649840,1_7477,1775605740,1775603799,default
1775604121,1_59282,1_102717,165,1_800649830,1_8023844,1775604540,1775604540,default
1775604121,1_45230,40_560,560,40_1469020,40_9215,1775604272,1775604257,default
1775604121,1_620,40_100236,545,40_563502980,40_9672,1775604360,1775604374,default
1775604121,1_620,40_100239,550,40_597758440,40_9815,1775604300,1775604453,default
1775604121,1_620,40_510,510,40_16133722__MCOB-DO:121:0:Weekday:2:26MAR:86033:12345,40_MCOB-DO:121:0:Weekday:2:26MAR:86033:12345,1775604600,1775604600,default
1775604121,1_620,1_102754,256,1_816378490,1_8005262,1775605440,1775605440,default
1775604121,1_620,40_515,515,40_16133734__MCOB-DO:121:0:Weekday:2:26MAR:86035:12345,40_MCOB-DO:121:0:Weekday:2:26MAR:86035:12345,1775605500,1775605500,default
1775604121,1_620,40_510,510,40_16133701__MCOB-DO:121:0:Weekday:2:26MAR:86018:12345,40_MCOB-DO:121:0:Weekday:2:26MAR:86018:12345,1775605800,1775605800,default
1775604121,1_620,40_515,515,40_16133756__MCOB-DO:121:0:Weekday:2:26MAR:86036:12345,40_MCOB-DO:121:0:Weekday:2:26MAR:86036:12345,1775606400,1775606400,default
1775604121,1_620,40_510,510,40_16133731__MCOB-DO:121:0:Weekday:2:26MAR:86019:12345,40_MCOB-DO:121:0:Weekday:2:26MAR:86019:12345,1775607000,1775607000,default
1775604121,1_620,29_424,424,29_16132036__MCOB-DO:121:0:Weekday:2:26MAR:61057:12345,29_MCOB-DO:121:0:Weekday:2:26MAR:61057:12345,1775607000,1775607000,default
1775604121,1_620,40_515,515,40_16133717__MCOB-DO:121:0:Weekday:2:26MAR:86037:12345,40_MCOB-DO:121:0:Weekday:2:26MAR:86037:12345,1775607300,1775607300,default
1775604121,1_620,1_102754,256,1_816378500,1_8005267,1775607300,1775607300,default
1775604121,1_10912,40_100451,556,40_635882820,40_7976589,1775604300,1775604300,default
1775604121,1_10912,40_100511,542,40_608344410,40_7976686,1775604360,1775604360,default
1775604121,1_10912,1_100162,271,1_569496280,1_7976387,1775604480,1775604480,default
1775604121,1_10912,1_100162,271,1_569497120,1_7976667,1775605140,1775605140,default
1775604121,1_10912,40_100511,542,40_608343950,40_7976608,1775605560,1775605560,default
1775604121,1_10912,1_100162,271,1_569495930,1_7976350,1775605800,1775605800,default
1775604121,1_10912,40_100451,556,40_635882830,40_7976563,1775606400,1775606400,default
1775604121,1_10912,1_100162,271,1_569496790,1_7976668,1775607780,1775607780,default
1775604121,1_71960,40_100511,542,40_721030740,40_9687,1775605080,1775604036,default
1775604121,1_71960,1_102752,223,1_816297680,1_7349,1775604420,1775604282,default
1775604121,1_71960,40_100511,542,40_721031210,40_7976604,1775604420,1775604420,default
1775604421,1_70694,1_100344,986,1_829473370,1_6914,1775604660,1775604577,default
1775604421,1_320,1_100011,111,1_664454890,1_7414,1775604360,1775604463,default
1775604421,1_575,1_100219,4,1_675344770,1_4369,1775604240,1775604489,default
1775604421,1_2850,1_100089,2,1_788758230,1_7155,1775605140,1775603805,default
1775604421,1_46505,1_102619,F Line,1_694521250,1_7975997,1775604660,1775604660,default
1775604421,1_46505,1_102619,F Line,1_694521460,1_7976017,1775605260,1775605260,default
1775604421,1_46505,1_102619,F Line,1_694521960,1_7976016,1775605860,1775605860,default
1775604421,1_46505,1_102619,F Line,1_694521700,1_7976229,1775606460,1775606460,default
1775604421,1_46505,1_102619,F Line,1_694522120,1_7976085,1775607060,1775607060,default
1775604421,1_29423,1_102732,79,1_816446400,1_8022070,1775604900,1775604900,default
1775604421,1_57453,1_102719,161,1_800652430,1_7188,1775604600,1775604308,default
1775604421,1_52306,1_102619,F Line,1_800654320,1_8023724,1775604900,1775604900,default
1775604421,1_52306,1_102619,F Line,1_800654600,1_8023712,1775605500,1775605500,default
1775604421,1_52306,1_102619,F Line,1_800653610,1_8023728,1775606100,1775606100,default
1775604421,1_52306,1_102619,F Line,1_800653870,1_8023729,1775606700,1775606700,default
1775604421,1_52306,1_102619,F Line,1_800654760,1_8023709,1775607300,1775607300,default
1775604421,1_52306,1_102619,F Line,1_800654580,1_8023711,1775607900,1775607900,default
1775604421,1_59282,1_102717,165,1_800649840,1_7477,1775605740,1775603799,default
1775604421,1_620,40_515,515,40_16133692__MCOB-DO:121:0:Weekday:2:26MAR:86034:12345,40_15816,1775604780,1775604456,default
1775604421,1_620,40_510,510,40_16133722__MCOB-DO:121:0:Weekday:2:26MAR:86033:12345,40_MCOB-DO:121:0:Weekday:2:26MAR:86033:12345,1775604600,1775604613,default
1775604421,1_620,40_100239,550,40_597758970,40_6951,1775604900,1775604678,default
1775604421,1_620,1_102754,256,1_816378490,1_8005262,1775605440,1775605440,default
1775604421,1_620,40_515,515,40_16133734__MCOB-DO:121:0:Weekday:2:26MAR:86035:12345,40_MCOB-DO:121:0:Weekday:2:26MAR:86035:12345,1775605500,1775605500,default
1775604421,1_620,40_510,510,40_16133701__MCOB-DO:121:0:Weekday:2:26MAR:86018:12345,40_MCOB-DO:121:0:Weekday:2:26MAR:86018:12345,1775605800,1775605800,default
1775604421,1_620,40_515,515,40_16133756__MCOB-DO:121:0:Weekday:2:26MAR:86036:12345,40_MCOB-DO:121:0:Weekday:2:26MAR:86036:12345,1775606400,1775606400,default
1775604421,1_620,40_510,510,40_16133731__MCOB-DO:121:0:Weekday:2:26MAR:86019:12345,40_MCOB-DO:121:0:Weekday:2:26MAR:86019:12345,1775607000,1775607000,default
1775604421,1_620,29_424,424,29_16132036__MCOB-DO:121:0:Weekday:2:26MAR:61057:12345,29_MCOB-DO:121:0:Weekday:2:26MAR:61057:12345,1775607000,1775607000,default
1775604421,1_620,40_515,515,40_16133717__MCOB-DO:121:0:Weekday:2:26MAR:86037:12345,40_MCOB-DO:121:0:Weekday:2:26MAR:86037:12345,1775607300,1775607300,default
1775604421,1_620,1_102754,256,1_816378500,1_8005267,1775607300,1775607300,default
1775604421,1_10912,1_100162,271,1_569497120,1_7976667,1775605140,1775605140,default
1775604421,1_10912,40_100511,542,40_608343950,40_7976608,1775605560,1775605560,default
1775604421,1_10912,1_100162,271,1_569495930,1_7976350,1775605800,1775605800,default
1775604421,1_10912,40_100451,556,40_635882830,40_7976563,1775606400,1775606400,default
1775604421,1_10912,1_100162,271,1_569496790,1_7976668,1775607780,1775607780,default
1775604421,1_71960,40_100511,542,40_721030740,40_9687,1775605080,1775604036,default
1775604721,1_46791,1_100016,118,1_669631440,1_3708,1775604900,1775604882,default
1775604721,1_70694,1_100344,986,1_829473370,1_6914,1775604660,1775604747,default
1775604721,1_51551,1_102736,H Line,1_694056130,1_6108,1775604317,1775604747,default
1775604721,1_60161,1_100042,148,1_762077770,1_7976051,1775605380,1775605380,default
1775604721,1_970,40_590,590,40_2120020,40_9719,1775604751,1775604751,default
1775604721,1_320,40_100239,550,40_597759740,40_9659,1775604660,1775604761,default
1775604721,1_575,1_102576,C Line,1_800867820,1_6247,1775604780,1775604765,default
1775604721,1_2850,1_100089,2,1_788758230,1_7155,1775605140,1775603805,default
1775604721,1_46505,1_102619,F Line,1_694521460,1_7976017,1775605260,1775605260,default
1775604721,1_46505,1_102619,F Line,1_694521960,1_7976016,1775605860,1775605860,default
1775604721,1_46505,1_102619,F Line,1_694521700,1_7976229,1775606460,1775606460,default
1775604721,1_46505,1_102619,F Line,1_694522120,1_7976085,1775607060,1775607060,default
1775604721,1_46505,1_102619,F Line,1_656236290,1_7975999,1775607960,1775607960,default
1775604721,1_29423,1_102732,79,1_816446400,1_8022070,1775604900,1775604900,default
1775604721,1_57447,1_102717,165,1_800649820,1_7063,1775604575,1775604766,default
1775604721,1_1510,1_100210,36,1_800582630,1_4384,1775604818,1775604763,default
1775604721,1_73366,1_102548,B Line,1_721018600,1_6065,1775604820,1775604828,default
1775604721,1_81254,1_100202,345,1_761389180,1_3740,1775604925,1775604745,default
1775604721,1_52306,1_100031,132,1_800857640,1_8063,1775604900,1775604738,default
1775604721,1_52306,1_102619,F Line,1_800654320,1_8023724,1775604900,1775604900,default
1775604721,1_52306,1_102619,F Line,1_800654600,1_8023712,1775605500,1775605500,default
1775604721,1_52306,1_102619,F Line,1_800653610,1_8023728,1775606100,1775606100,default
1775604721,1_52306,1_102619,F Line,1_800653870,1_8023729,1775606700,1775606700,default
1775604721,1_52306,1_102619,F Line,1_800654760,1_8023709,1775607300,1775607300,default
1775604721,1_52306,1_102619,F Line,1_800654580,1_8023711,1775607900,1775607900,default
1775604721,1_70665,1_102704,250,1_806915390,1_7237,1775604149,1775604850,default
1775604721,1_59282,1_102717,165,1_800649840,1_7477,1775605740,1775603799,default
1775604721,1_79872,1_100133,240,1_806928090,1_7409,1775604956,1775604760,default
1775604721,1_57420,1_102720,160,1_694518330,1_7168,1775604922,1775604771,default
1775604721,1_620,40_100236,545,40_563502930,40_9574,1775604960,1775604960,default
1775604721,1_620,1_100104,212,1_806323800,1_6025,1775605500,1775605198,default
1775604721,1_620,1_102754,256,1_816378490,1_8005262,1775605440,1775605440,default
1775604721,1_620,40_515,515,40_16133734__MCOB-DO:121:0:Weekday:2:26MAR:86035:12345,40_MCOB-DO:121:0:Weekday:2:26MAR:86035:12345,1775605500,1775605500,default
1775604721,1_620,40_510,510,40_16133701__MCOB-DO:121:0:Weekday:2:26MAR:86018:12345,40_MCOB-DO:121:0:Weekday:2:26MAR:86018:12345,1775605800,1775605800,default
1775604721,1_620,40_515,515,40_16133756__MCOB-DO:121:0:Weekday:2:26MAR:86036:12345,40_MCOB-DO:121:0:Weekday:2:26MAR:86036:12345,1775606400,1775606400,default
1775604721,1_620,40_510,510,40_16133731__MCOB-DO:121:0:Weekday:2:26MAR:86019:12345,40_MCOB-DO:121:0:Weekday:2:26MAR:86019:12345,1775607000,1775607000,default
1775604721,1_620,29_424,424,29_16132036__MCOB-DO:121:0:Weekday:2:26MAR:61057:12345,29_MCOB-DO:121:0:Weekday:2:26MAR:61057:12345,1775607000,1775607000,default
1775604721,1_620,40_515,515,40_16133717__MCOB-DO:121:0:Weekday:2:26MAR:86037:12345,40_MCOB-DO:121:0:Weekday:2:26MAR:86037:12345,1775607300,1775607300,default
1775604721,1_620,1_102754,256,1_816378500,1_8005267,1775607300,1775607300,default
1775604721,1_620,40_510,510,40_16133716__MCOB-DO:121:0:Weekday:2:26MAR:86028:12345,40_MCOB-DO:121:0:Weekday:2:26MAR:86028:12345,1775608200,1775608200,default
1775604721,1_620,40_515,515,40_16133703__MCOB-DO:121:0:Weekday:2:26MAR:86025:12345,40_MCOB-DO:121:0:Weekday:2:26MAR:86025:12345,1775608380,1775608380,default
1775604721,1_10912,1_100162,271,1_569497120,1_7976667,1775605140,1775605140,default
1775604721,1_10912,40_100511,542,40_608343950,40_7976608,1775605560,1775605560,default
1775604721,1_10912,1_100162,271,1_569495930,1_7976350,1775605800,1775605800,default
1775604721,1_10912,1_100162,271,1_569497230,1_7976676,1775606340,1775606340,default
1775604721,1_10912,40_100451,556,40_635882830,40_7976563,1775606400,1775606400,default
1775604721,1_10912,1_100162,271,1_569496790,1_7976668,1775607780,1775607780,default
1775604721,1_71960,40_100511,542,40_721030740,40_9687,1775605080,1775604036,default
1775605021,1_60161,1_100042,148,1_762077770,1_7118,1775605380,1775604844,default
1775605021,1_60161,1_100042,148,1_762077770,1_7976051,1775605380,1775605380,default
1775605021,1_17651,1_102747,61,1_803357110,1_3742,1775605048,1775605056,default
1775605021,1_575,1_102615,E Line,1_768604340,1_6215,1775604900,1775605055,default
1775605021,1_2850,1_100089,2,1_788758230,1_7155,1775605140,1775603805,default
1775605021,1_2850,1_100089,2,1_788757880,1_7091,1775605620,1775604721,default
1775605021,1_46505,1_102619,F Line,1_694521460,1_7976017,1775605260,1775605260,default
1775605021,1_46505,1_102619,F Line,1_694521960,1_7976016,1775605860,1775605860,default
1775605021,1_46505,1_102619,F Line,1_694521700,1_7976229,1775606460,1775606460,default
1775605021,1_46505,1_102619,F Line,1_694522120,1_7976085,1775607060,1775607060,default
1775605021,1_46505,1_102619,F Line,1_656236290,1_7975999,1775607960,1775607960,default
1775605021,1_280,1_100011,111,1_664455010,1_7976579,1775605101,1775605101,default
1775605021,1_52306,1_102619,F Line,1_800654600,1_8023712,1775605500,1775605500,default
1775605021,1_52306,1_102619,F Line,1_800653610,1_8023728,1775606100,1775606100,default
1775605021,1_52306,1_102619,F Line,1_800653870,1_8023729,1775606700,1775606700,default
1775605021,1_52306,1_102619,F Line,1_800654760,1_8023709,1775607300,1775607300,default
1775605021,1_52306,1_102619,F Line,1_800654580,1_8023711,1775607900,1775607900,default
1775605021,1_52306,1_102619,F Line,1_800654920,1_8023715,1775608500,1775608500,default
1775605021,1_8530,1_100263,7,1_694072140,1_4537,1775604669,1775605132,default
1775605021,1_71970,1_102753,222,1_774817920,1_7382,1775604908,1775605152,default
1775605021,1_49350,1_100026,128,1_806634840,1_1035,1775604757,1775605154,default
1775605021,1_2200,1_102581,D Line,1_732748930,1_6056,1775605285,1775605144,default
1775605021,1_22184,1_102736,H Line,1_694056010,1_6045,1775605181,1775605057,default
1775605021,1_59282,1_102717,165,1_800649840,1_7477,1775605740,1775603799,default
1775605021,1_10210,1_100264,70,1_801592950,1_8241,1775605173,1775605156,default
1775605021,1_25791,1_100214,372,1_694307020,1_6922,1775605161,1775605205,default
1775605021,1_620,1_100104,212,1_806323800,1_6025,1775605500,1775605245,default
1775605021,1_620,1_102754,256,1_816378490,1_8005262,1775605440,1775605440,default
1775605021,1_620,40_515,515,40_16133734__MCOB-DO:121:0:Weekday:2:26MAR:86035:12345,40_MCOB-DO:121:0:Weekday:2:26MAR:86035:12345,1775605500,1775605500,default
1775605021,1_620,40_100240,554,40_774872170,40_9682,1775605680,1775605520,default
1775605021,1_620,40_510,510,40_16133701__MCOB-DO:121:0:Weekday:2:26MAR:86018:12345,40_MCOB-DO:121:0:Weekday:2:26MAR:86018:12345,1775605800,1775605800,default
1775605021,1_620,40_515,515,40_16133756__MCOB-DO:121:0:Weekday:2:26MAR:86036:12345,40_MCOB-DO:121:0:Weekday:2:26MAR:86036:12345,1775606400,1775606400,default
1775605021,1_620,40_510,510,40_16133731__MCOB-DO:121:0:Weekday:2:26MAR:86019:12345,40_MCOB-DO:121:0:Weekday:2:26MAR:86019:12345,1775607000,1775607000,default
1775605021,1_620,29_424,424,29_16132036__MCOB-DO:121:0:Weekday:2:26MAR:61057:12345,29_MCOB-DO:121:0:Weekday:2:26MAR:61057:12345,1775607000,1775607000,default
1775605021,1_620,40_515,515,40_16133717__MCOB-DO:121:0:Weekday:2:26MAR:86037:12345,40_MCOB-DO:121:0:Weekday:2:26MAR:86037:12345,1775607300,1775607300,default
1775605021,1_620,1_102754,256,1_816378500,1_8005267,1775607300,1775607300,default
1775605021,1_620,40_510,510,40_16133716__MCOB-DO:121:0:Weekday:2:26MAR:86028:12345,40_MCOB-DO:121:0:Weekday:2:26MAR:86028:12345,1775608200,1775608200,default
1775605021,1_620,40_515,515,40_16133703__MCOB-DO:121:0:Weekday:2:26MAR:86025:12345,40_MCOB-DO:121:0:Weekday:2:26MAR:86025:12345,1775608380,1775608380,default
1775605021,1_10912,40_100511,542,40_608343950,40_7976608,1775605560,1775605560,default
1775605021,1_10912,1_100162,271,1_569495930,1_7976350,1775605800,1775605800,default
1775605021,1_10912,1_100162,271,1_569497230,1_7976676,1775606340,1775606340,default
1775605021,1_10912,40_100451,556,40_635882830,40_7976563,1775606400,1775606400,default
1775605021,1_10912,1_100162,271,1_569496790,1_7976668,1775607780,1775607780,default
1775605021,1_10912,40_100451,556,40_635883200,40_7976710,1775608200,1775608200,default
1775605021,1_8403,1_100039,14,1_562519900,1_4366,1775604900,1775605051,default
1775605321,1_970,40_590,590,40_2462020,40_9729,1775605351,1775605351,default
1775605321,1_970,40_592,592,40_3905020,40_9126,1775605410,1775605410,default
1775605321,1_60453,1_102715,162,1_800652720,1_7474,1775606160,1775605258,default
1775605321,1_320,1_100011,111,1_664455010,1_7484,1775605260,1775605355,default
1775605321,1_320,1_100104,212,1_806323830,1_6930,1775605500,1775605383,default
1775605321,1_575,1_100028,13,1_788759720,1_4335,1775605560,1775605390,default
1775605321,1_575,1_102576,C Line,1_800868040,1_6220,1775605380,1775605434,default
1775605321,1_2850,1_100089,2,1_788757880,1_7091,1775605620,1775604721,default
1775605321,1_46505,1_102619,F Line,1_694521960,1_7976016,1775605860,1775605860,default
1775605321,1_46505,1_102619,F Line,1_694521700,1_7976229,1775606460,1775606460,default
1775605321,1_46505,1_102619,F Line,1_694522120,1_7976085,1775607060,1775607060,default
1775605321,1_46505,1_102619,F Line,1_656236290,1_7975999,1775607960,1775607960,default
1775605321,1_46505,1_102619,F Line,1_635449070,1_7976142,1775608860,1775608860,default
1775605321,1_27420,1_100249,60,1_801585970,1_7090,1775605388,1775605441,default
1775605321,1_52306,1_102619,F Line,1_800654600,1_8023712,1775605500,1775605500,default
1775605321,1_52306,1_102619,F Line,1_800653610,1_8023728,1775606100,1775606100,default
1775605321,1_52306,1_102619,F Line,1_800653870,1_8023729,1775606700,1775606700,default
1775605321,1_52306,1_102619,F Line,1_800654760,1_8023709,1775607300,1775607300,default
1775605321,1_52306,1_102619,F Line,1_800654580,1_8023711,1775607900,1775607900,default
1775605321,1_52306,1_102619,F Line,1_800654920,1_8023715,1775608500,1775608500,default
1775605321,1_40900,1_100023,124,1_690552280,1_8008,1775605482,1775605354,default
1775605321,1_59282,1_102717,165,1_800649840,1_7477,1775605740,1775603799,default
1775605321,1_59282,1_102717,165,1_800649850,1_7101,1775607180,1775605003,default
1775605321,1_620,40_100240,554,40_774872170,40_9682,1775605680,1775605419,default
1775605321,1_620,40_515,515,40_16133734__MCOB-DO:121:0:Weekday:2:26MAR:86035:12345,40_MCOB-DO:121:0:Weekday:2:26MAR:86035:12345,1775605500,1775605514,default
1775605321,1_620,40_100236,545,40_563502990,40_9651,1775605560,1775605570,default
1775605321,1_620,40_100239,550,40_597759270,40_9650,1775605500,1775605947,default
1775605321,1_620,40_510,510,40_16133701__MCOB-DO:121:0:Weekday:2:26MAR:86018:12345,40_MCOB-DO:121:0:Weekday:2:26MAR:86018:12345,1775605800,1775606027,default
1775605321,1_620,40_515,515,40_16133756__MCOB-DO:121:0:Weekday:2:26MAR:86036:12345,40_MCOB-DO:121:0:Weekday:2:26MAR:86036:12345,1775606400,1775606400,default
1775605321,1_620,40_510,510,40_16133731__MCOB-DO:121:0:Weekday:2:26MAR:86019:12345,40_MCOB-DO:121:0:Weekday:2:26MAR:86019:12345,1775607000,1775607000,default
1775605321,1_620,29_424,424,29_16132036__MCOB-DO:121:0:Weekday:2:26MAR:61057:12345,29_MCOB-DO:121:0:Weekday:2:26MAR:61057:12345,1775607000,1775607000,default
1775605321,1_620,40_515,515,40_16133717__MCOB-DO:121:0:Weekday:2:26MAR:86037:12345,40_MCOB-DO:121:0:Weekday:2:26MAR:86037:12345,1775607300,1775607300,default
1775605321,1_620,1_102754,256,1_816378500,1_8005267,1775607300,1775607300,default
1775605321,1_620,40_510,510,40_16133716__MCOB-DO:121:0:Weekday:2:26MAR:86028:12345,40_MCOB-DO:121:0:Weekday:2:26MAR:86028:12345,1775608200,1775608200,default
1775605321,1_620,40_515,515,40_16133703__MCOB-DO:121:0:Weekday:2:26MAR:86025:12345,40_MCOB-DO:121:0:Weekday:2:26MAR:86025:12345,1775608380,1775608380,default
1775605321,1_10912,40_100511,542,40_608343950,40_7976608,1775605560,1775605560,default
1775605321,1_10912,1_100162,271,1_569495930,1_7976350,1775605800,1775605800,default
1775605321,1_10912,1_100162,271,1_569497230,1_7976676,1775606340,1775606340,default
1775605321,1_10912,40_100451,556,40_635882830,40_7976563,1775606400,1775606400,default
1775605321,1_10912,40_100511,542,40_581722900,40_7976606,1775606760,1775606760,default
1775605321,1_10912,1_100162,271,1_569496920,1_7976670,1775607120,1775607120,default
1775605321,1_10912,1_100162,271,1_569496790,1_7976668,1775607780,1775607780,default
1775605321,1_10912,40_100451,556,40_635883200,40_7976710,1775608200,1775608200,default
1775605321,1_71960,40_100511,542,40_721031410,40_7976685,1775606400,1775606400,default
