snapshot_ts,stop_id,route_id,route_short_name,trip_id,vehicle_id,scheduled_arrival_ts,predicted_arrival_ts,status
1775001548,1_103,1_102745,G Line,1_736435990,1_7974689,1775001558,1775001558,default
1775001548,1_12170,1_100039,14,1_562519940,1_7974992,1775001579,1775001579,default
1775001548,1_481,1_102736,H Line,1_694056210,1_6108,1775001240,1775001552,default
1775001548,1_60161,1_100042,148,1_762077980,1_7976052,1775005080,1775005080,default
1775001548,1_8541,1_100263,7,1_800587420,1_4557,1775001600,1775001600,default
1775001548,1_320,40_100239,550,40_597759960,40_9810,1775001660,1775001686,default
1775001548,1_575,1_102615,E Line,1_768604400,1_6217,1775001600,1775001573,default
1775001548,1_575,1_100173,3,1_761126570,1_7974917,1775001600,1775001600,default
1775001548,1_2850,1_100089,2,1_788758240,1_7140,1775001660,1775000985,default
1775001548,1_2850,1_100089,2,1_788757890,1_8023472,1775002200,1775002200,default
1775001548,1_8080,1_100263,7,1_694071760,1_4314,1775000088,1775001603,default
1775001548,1_46505,1_102619,F Line,1_694521700,1_7976229,1775001660,1775001660,default
1775001548,1_46505,1_102619,F Line,1_694522120,1_7976085,1775002260,1775002260,default
1775001548,1_46505,1_102619,F Line,1_656236290,1_7975999,1775003160,1775003160,default
1775001548,1_46505,1_102619,F Line,1_635449070,1_7976142,1775004060,1775004060,default
1775001548,1_27420,1_100161,27,1_759819230,1_7974706,1775001733,1775001733,default
1775001548,1_57453,1_100060,168,1_693747160,1_7976218,1775004300,1775004408,default
1775001548,1_1510,1_100210,36,1_800584210,1_8023380,1775001818,1775001818,default
1775001548,1_68130,1_102548,B Line,1_721019520,1_6042,1775001688,1775001837,default
1775001548,1_73366,1_102548,B Line,1_721018920,1_7976639,1775001820,1775001820,default
1775001548,1_5489,1_102746,333,1_778704940,1_7975681,1775001880,1775001880,default
1775001548,1_52306,1_102619,F Line,1_800653870,1_8023729,1775001900,1775001900,default
1775001548,1_52306,1_102619,F Line,1_800654760,1_8023709,1775002500,1775002500,default
1775001548,1_52306,1_102619,F Line,1_800654580,1_8023711,1775003100,1775003100,default
1775001548,1_52306,1_102619,F Line,1_800654920,1_8023715,1775003700,1775003700,default
1775001548,1_52306,1_102619,F Line,1_800654190,1_8023763,1775004600,1775004600,default
1775001548,1_48390,1_100030,131,1_800856960,1_8024993,1775001893,1775001893,default
1775001548,1_29650,1_100224,44,1_664046890,1_7974924,1775001875,1775001875,default
1775001548,1_11060,1_100447,49,1_801199860,1_8023495,1775001908,1775001908,default
1775001548,1_71970,1_102753,222,1_774817930,1_7976396,1775001922,1775001922,default
1775001548,1_59282,1_102717,165,1_800649850,1_7058,1775002380,1775001101,default
1775001548,1_57791,1_102718,184,1_664464450,1_7976222,1775002089,1775002096,default
1775001548,1_620,1_102754,256,1_816378510,1_6970,1775004300,1775001818,default
1775001548,1_620,40_100239,550,40_597759710,40_7976704,1775001960,1775001960,default
1775001548,1_620,40_100236,545,40_585569830,40_7976564,1775002080,1775002080,default
1775001548,1_620,40_510,510,40_16133731__MCOB-DO:121:0:Weekday:2:26MAR:86019:12345,40_MCOB-DO:121:0:Weekday:2:26MAR:86019:12345,1775002200,1775002488,default
1775001548,1_620,1_102754,256,1_816378500,1_8005267,1775002500,1775002500,default
1775001548,1_620,40_100239,550,40_597759720,40_7976642,1775002560,1775002575,default
1775001548,1_620,40_510,510,40_16133716__MCOB-DO:121:0:Weekday:2:26MAR:86028:12345,40_MCOB-DO:121:0:Weekday:2:26MAR:86028:12345,1775003400,1775003400,default
1775001548,1_620,40_515,515,40_16133703__MCOB-DO:121:0:Weekday:2:26MAR:86025:12345,40_MCOB-DO:121:0:Weekday:2:26MAR:86025:12345,1775003580,1775003580,default
1775001548,1_620,40_515,515,40_16133710__MCOB-DO:121:0:Weekday:2:26MAR:86023:12345,40_MCOB-DO:121:0:Weekday:2:26MAR:86023:12345,1775004300,1775004300,default
1775001548,1_620,1_102754,256,1_816378510,1_8005288,1775004300,1775004300,default
1775001548,1_620,40_510,510,40_16133723__MCOB-DO:121:0:Weekday:2:26MAR:86020:12345,40_MCOB-DO:121:0:Weekday:2:26MAR:86020:12345,1775004600,1775004600,default
1775001548,1_620,40_515,515,40_16133757__MCOB-DO:121:0:Weekday:2:26MAR:86032:12345,40_MCOB-DO:121:0:Weekday:2:26MAR:86032:12345,1775005200,1775005200,default
1775001548,1_10912,40_100511,542,40_581722900,40_9662,1775001960,1775001789,default
1775001548,1_10912,40_100511,542,40_581722900,40_7976606,1775001960,1775001960,default
1775001548,1_10912,1_100162,271,1_569496920,1_7976670,1775002320,1775002320,default
1775001548,1_10912,1_100162,271,1_569496790,1_7976668,1775002980,1775002980,default
1775001548,1_10912,40_100451,556,40_635883200,40_7976710,1775003400,1775003400,default
1775001548,1_71960,1_102752,223,1_816297700,1_8024751,1775002020,1775002020,default
1775001548,1_71960,40_100511,542,40_721030800,40_7976686,1775002860,1775002860,default
1775001548,1_8403,1_100039,14,1_562519930,1_7974978,1775001900,1775001900,default
1775001930,1_60161,1_100042,148,1_762077930,1_7976072,1775003280,1775003280,default
1775001930,1_60161,1_100042,148,1_762077980,1_7976052,1775005080,1775005080,default
1775001930,1_970,1_100003,101,1_811224390,1_6975,1775001756,1775001972,default
1775001930,1_320,40_590,590,40_2141020,40_9737,1775002020,1775002020,default
1775001930,1_2850,1_100089,2,1_788757890,1_7117,1775002200,1775001657,default
1775001930,1_2850,1_100089,2,1_788757890,1_8023472,1775002200,1775002200,default
1775001930,1_46505,1_102619,F Line,1_694522120,1_7976085,1775002260,1775002260,default
1775001930,1_46505,1_102619,F Line,1_656236290,1_7975999,1775003160,1775003160,default
1775001930,1_46505,1_102619,F Line,1_635449070,1_7976142,1775004060,1775004060,default
1775001930,1_40060,1_102574,40,1_811900580,1_8026403,1775001993,1775001993,default
1775001930,1_36711,1_100230,50,1_785559470,1_7976174,1775002001,1775002001,default
1775001930,1_1190,1_100009,11,1_736449020,1_7028,1775001978,1775001978,default
1775001930,1_82674,1_102705,230,1_664298820,1_7976384,1775002008,1775002008,default
1775001930,1_57453,1_100060,168,1_693747160,1_7976218,1775004300,1775004432,default
1775001930,1_52306,1_102619,F Line,1_800654760,1_8023709,1775002500,1775002500,default
1775001930,1_52306,1_102619,F Line,1_800654580,1_8023711,1775003100,1775003100,default
1775001930,1_52306,1_102619,F Line,1_800654920,1_8023715,1775003700,1775003700,default
1775001930,1_52306,1_102619,F Line,1_800654190,1_8023763,1775004600,1775004600,default
1775001930,1_52306,1_102619,F Line,1_800654690,1_8023764,1775005500,1775005500,default
1775001930,1_99254,1_100003,101,1_800669590,1_8023803,1775002060,1775002060,default
1775001930,1_40065,1_102574,40,1_811900580,1_8026403,1775002105,1775002105,default
1775001930,1_2200,1_100001,1,1_562520030,1_7974976,1775002095,1775002095,default
1775001930,1_57804,1_100072,181,1_721482070,1_7340,1775002573,1775002573,default
1775001930,1_59282,1_102717,165,1_800649850,1_7058,1775002380,1775001101,default
1775001930,1_23905,1_100214,372,1_694306830,1_7976759,1775002132,1775002132,default
1775001930,1_41370,1_100219,4,1_675344760,1_7974869,1775002088,1775002088,default
1775001930,1_71678,1_102552,226,1_816296130,1_8024712,1775002071,1775002071,default
1775001930,1_57791,1_102718,184,1_664464450,1_7976222,1775002089,1775002096,default
1775001930,1_620,1_102754,256,1_816378510,1_6970,1775004300,1775001818,default
1775001930,1_620,40_100236,545,40_585569830,40_7976564,1775002080,1775002214,default
1775001930,1_620,40_100236,545,40_585569830,40_6829,1775002080,1775002239,default
1775001930,1_620,40_100240,554,40_774872440,40_7976690,1775002500,1775002500,default
1775001930,1_620,1_102754,256,1_816378500,1_8005267,1775002500,1775002500,default
1775001930,1_620,40_100239,550,40_597759720,40_7976642,1775002560,1775002560,default
1775001930,1_620,40_510,510,40_16133731__MCOB-DO:121:0:Weekday:2:26MAR:86019:12345,40_MCOB-DO:121:0:Weekday:2:26MAR:86019:12345,1775002200,1775002596,default
1775001930,1_620,40_510,510,40_16133716__MCOB-DO:121:0:Weekday:2:26MAR:86028:12345,40_MCOB-DO:121:0:Weekday:2:26MAR:86028:12345,1775003400,1775003400,default
1775001930,1_620,40_515,515,40_16133703__MCOB-DO:121:0:Weekday:2:26MAR:86025:12345,40_MCOB-DO:121:0:Weekday:2:26MAR:86025:12345,1775003580,1775003580,default
1775001930,1_620,40_515,515,40_16133710__MCOB-DO:121:0:Weekday:2:26MAR:86023:12345,40_MCOB-DO:121:0:Weekday:2:26MAR:86023:12345,1775004300,1775004300,default
1775001930,1_620,1_102754,256,1_816378510,1_8005288,1775004300,1775004300,default
1775001930,1_620,40_510,510,40_16133723__MCOB-DO:121:0:Weekday:2:26MAR:86020:12345,40_MCOB-DO:121:0:Weekday:2:26MAR:86020:12345,1775004600,1775004600,default
1775001930,1_620,40_515,515,40_16133757__MCOB-DO:121:0:Weekday:2:26MAR:86032:12345,40_MCOB-DO:121:0:Weekday:2:26MAR:86032:12345,1775005200,1775005200,default
1775001930,1_10912,1_100162,271,1_569496920,1_7976670,1775002320,1775002320,default
1775001930,1_10912,1_100162,271,1_569496790,1_7976668,1775002980,1775002980,default
1775001930,1_10912,40_100511,542,40_581723450,40_7976604,1775003220,1775003220,default
1775001930,1_10912,40_100451,556,40_635883200,40_7976710,1775003400,1775003400,default
1775001930,1_10912,1_100162,271,1_569496940,1_7976352,1775003580,1775003580,default
1775001930,1_71960,40_100511,542,40_721030800,40_7976686,1775002860,1775002860,default
1775001930,1_8403,1_100039,14,1_562519930,1_7974978,1775001900,1775001900,default
1775001930,1_76310,1_100214,372,1_694306880,1_6922,1775001835,1775002114,default
1775002230,1_103,1_102745,G Line,1_736436150,1_7974690,1775002278,1775002278,default
1775002230,1_22196,1_102736,H Line,1_694056120,1_7974895,1775002266,1775002266,default
1775002230,1_60161,1_100042,148,1_762077930,1_7976072,1775003280,1775003280,default
1775002230,1_60161,1_100042,148,1_762077980,1_7976052,1775005080,1775005080,default
1775002230,1_12770,1_100228,48,1_721358480,1_7974620,1775002289,1775002289,default
1775002230,1_320,40_100239,550,40_597760060,40_9688,1775002260,1775002330,default
1775002230,1_575,1_102581,D Line,1_803816990,1_6095,1775002140,1775002307,default
1775002230,1_575,1_102576,C Line,1_800867900,1_8025089,1775002380,1775002380,default
1775002230,1_2850,1_100089,2,1_788758250,1_7115,1775003100,1775002189,default
1775002230,1_2850,1_100089,2,1_788758250,1_8023469,1775003100,1775003100,default
1775002230,1_46505,1_102619,F Line,1_656236290,1_7975999,1775003160,1775003160,default
1775002230,1_46505,1_102619,F Line,1_635449070,1_7976142,1775004060,1775004060,default
1775002230,1_280,40_100240,554,40_581723280,40_7976696,1775002281,1775002281,default
1775002230,1_280,40_100240,554,40_581723280,40_9687,1775002281,1775002322,default
1775002230,1_280,1_100104,212,1_806323820,1_8005196,1775002310,1775002341,default
1775002230,1_280,1_100104,212,1_806323820,1_6987,1775002310,1775002371,default
1775002230,1_1190,1_100018,12,1_801583950,1_7156,1775002288,1775002288,default
1775002230,1_3470,1_100210,36,1_800584250,1_8023432,1775002320,1775002320,default
1775002230,1_57453,1_100060,168,1_693747160,1_7976218,1775004300,1775004322,default
1775002230,1_1510,1_100210,36,1_800584220,1_8023433,1775002298,1775002298,default
1775002230,3_31002,1_102736,H Line,1_694056370,1_7974898,1775002317,1775002317,default
1775002230,1_74743,1_102702,239,1_736529450,1_7976431,1775002339,1775002339,default
1775002230,1_73366,1_102548,B Line,1_721019260,1_7976627,1775002420,1775002420,default
1775002230,1_52306,1_102619,F Line,1_800654760,1_8023709,1775002500,1775002500,default
1775002230,1_52306,1_102619,F Line,1_800654580,1_8023711,1775003100,1775003100,default
1775002230,1_52306,1_102619,F Line,1_800654920,1_8023715,1775003700,1775003700,default
1775002230,1_52306,1_102619,F Line,1_800654190,1_8023763,1775004600,1775004600,default
1775002230,1_52306,1_102619,F Line,1_800654690,1_8023764,1775005500,1775005500,default
1775002230,1_57804,1_100072,181,1_721482070,1_7976082,1775002573,1775002573,default
1775002230,1_57804,1_100072,181,1_721482070,1_7340,1775002573,1775002573,default
1775002230,1_54971,1_100004,105,1_635444150,1_1027,1775002013,1775002396,default
1775002230,1_59282,1_102717,165,1_800649850,1_7058,1775002380,1775001101,default
1775002230,1_31890,1_100230,50,1_770997480,1_7976171,1775002421,1775002421,default
1775002230,1_10210,1_100264,70,1_816207650,1_8026416,1775002473,1775002473,default
1775002230,1_620,1_102754,256,1_816378510,1_6970,1775004300,1775001818,default
1775002230,1_620,1_100003,101,1_800669590,1_8023803,1775002440,1775002440,default
1775002230,1_620,40_100240,554,40_774872440,40_7976690,1775002500,1775002500,default
1775002230,1_620,1_102754,256,1_816378500,1_8005267,1775002500,1775002500,default
1775002230,1_620,40_100239,550,40_597759720,40_7976642,1775002560,1775002812,default
1775002230,1_620,40_510,510,40_16133716__MCOB-DO:121:0:Weekday:2:26MAR:86028:12345,40_MCOB-DO:121:0:Weekday:2:26MAR:86028:12345,1775003400,1775003400,default
1775002230,1_620,40_515,515,40_16133703__MCOB-DO:121:0:Weekday:2:26MAR:86025:12345,40_MCOB-DO:121:0:Weekday:2:26MAR:86025:12345,1775003580,1775003580,default
1775002230,1_620,40_515,515,40_16133710__MCOB-DO:121:0:Weekday:2:26MAR:86023:12345,40_MCOB-DO:121:0:Weekday:2:26MAR:86023:12345,1775004300,1775004300,default
1775002230,1_620,40_510,510,40_16133723__MCOB-DO:121:0:Weekday:2:26MAR:86020:12345,40_MCOB-DO:121:0:Weekday:2:26MAR:86020:12345,1775004600,1775004600,default
1775002230,1_620,40_515,515,40_16133757__MCOB-DO:121:0:Weekday:2:26MAR:86032:12345,40_MCOB-DO:121:0:Weekday:2:26MAR:86032:12345,1775005200,1775005200,default
1775002230,1_620,40_510,510,40_16133729__MCOB-DO:121:0:Weekday:2:26MAR:86021:12345,40_MCOB-DO:121:0:Weekday:2:26MAR:86021:12345,1775005800,1775005800,default
1775002230,1_10912,1_100264,70,1_816208630,1_8229,1775002327,1775002445,default
1775002230,1_10912,1_100162,271,1_569496790,1_7976668,1775002980,1775002980,default
1775002230,1_10912,40_100511,542,40_581723450,40_7976604,1775003220,1775003220,default
1775002230,1_10912,40_100451,556,40_635883200,40_7976710,1775003400,1775003400,default
1775002230,1_10912,1_100162,271,1_569496940,1_7976352,1775003580,1775003580,default
1775002230,1_10912,40_100451,556,40_635883190,40_7976550,1775005320,1775005320,default
1775002230,1_71960,40_100511,542,40_721030800,40_7976686,1775002860,1775002860,default
1775002230,1_25210,1_100225,45,1_803350740,1_8139,1775002212,1775002429,default
1775002230,1_58144,1_102719,161,1_800652360,1_7393,1775002422,1775002422,default
1775002530,1_46791,1_100016,118,1_694538340,1_7976005,1775002680,1775002680,default
1775002530,1_481,1_102736,H Line,1_694055870,1_6109,1775002380,1775002569,default
1775002530,1_55290,1_100006,107,1_800646490,1_8023770,1775002537,1775002537,default
1775002530,1_60161,1_100042,148,1_762077930,1_7976072,1775003280,1775003280,default
1775002530,1_60161,1_100042,148,1_762077980,1_7976052,1775005080,1775005080,default
1775002530,1_49150,1_100489,156,1_800647540,1_8023861,1775002563,1775002563,default
1775002530,1_2850,1_100089,2,1_788758250,1_7115,1775003100,1775002189,default
1775002530,1_46505,1_102619,F Line,1_656236290,1_6011,1775003160,1775002495,default
1775002530,1_46505,1_102619,F Line,1_656236290,1_7975999,1775003160,1775003160,default
1775002530,1_46505,1_102619,F Line,1_635449070,1_7976142,1775004060,1775004060,default
1775002530,1_46505,1_102619,F Line,1_656236440,1_7976083,1775005920,1775005920,default
1775002530,1_29423,1_102732,79,1_816446320,1_8126,1775003700,1775003700,default
1775002530,1_40060,1_102574,40,1_811900430,1_8026401,1775002593,1775002593,default
1775002530,1_280,1_100011,111,1_664454910,1_7976599,1775002461,1775002654,default
1775002530,1_57453,1_100060,168,1_800648190,1_7393,1775002500,1775001993,default
1775002530,1_57453,1_100060,168,1_693747160,1_7976218,1775004300,1775004342,default
1775002530,1_52306,1_102619,F Line,1_800654580,1_8023711,1775003100,1775003100,default
1775002530,1_52306,1_102619,F Line,1_800654920,1_8023715,1775003700,1775003700,default
1775002530,1_52306,1_102619,F Line,1_800654190,1_8023763,1775004600,1775004600,default
1775002530,1_52306,1_102619,F Line,1_800654690,1_8023764,1775005500,1775005500,default
1775002530,1_8530,1_100005,106,1_727785140,1_7975011,1775002626,1775002626,default
1775002530,1_40065,1_102574,40,1_811900430,1_8026401,1775002705,1775002705,default
1775002530,1_59282,1_100072,181,1_721490250,1_7976104,1775003340,1775003340,default
1775002530,1_39336,1_100205,348,1_771627060,1_7975658,1775002707,1775002707,default
1775002530,1_620,1_102754,256,1_816378510,1_6970,1775004300,1775001818,default
1775002530,1_620,40_100236,545,40_585570410,40_9647,1775002800,1775002772,default
1775002530,1_620,40_100239,550,40_597759720,40_7976642,1775002560,1775002812,default
1775002530,1_620,40_100239,550,40_597759950,40_7976609,1775003160,1775003160,default
1775002530,1_620,40_510,510,40_16133716__MCOB-DO:121:0:Weekday:2:26MAR:86028:12345,40_MCOB-DO:121:0:Weekday:2:26MAR:86028:12345,1775003400,1775003400,default
1775002530,1_620,40_515,515,40_16133703__MCOB-DO:121:0:Weekday:2:26MAR:86025:12345,40_MCOB-DO:121:0:Weekday:2:26MAR:86025:12345,1775003580,1775003580,default
1775002530,1_620,40_515,515,40_16133710__MCOB-DO:121:0:Weekday:2:26MAR:86023:12345,40_MCOB-DO:121:0:Weekday:2:26MAR:86023:12345,1775004300,1775004300,default
1775002530,1_620,40_510,510,40_16133723__MCOB-DO:121:0:Weekday:2:26MAR:86020:12345,40_MCOB-DO:121:0:Weekday:2:26MAR:86020:12345,1775004600,1775004600,default
1775002530,1_620,40_515,515,40_16133757__MCOB-DO:121:0:Weekday:2:26MAR:86032:12345,40_MCOB-DO:121:0:Weekday:2:26MAR:86032:12345,1775005200,1775005200,default
1775002530,1_620,40_510,510,40_16133729__MCOB-DO:121:0:Weekday:2:26MAR:86021:12345,40_MCOB-DO:121:0:Weekday:2:26MAR:86021:12345,1775005800,1775005800,default
1775002530,1_620,1_102754,256,1_816378520,1_8005280,1775006160,1775006160,default
1775002530,1_10912,1_100224,44,1_664046920,1_7974979,1775002669,1775002770,default
1775002530,1_10912,1_100162,271,1_569496790,1_7976668,1775002980,1775002980,default
1775002530,1_10912,40_100511,542,40_581723450,40_7976604,1775003220,1775003220,default
1775002530,1_10912,40_100451,556,40_635883200,40_7976710,1775003400,1775003400,default
1775002530,1_10912,1_100162,271,1_569496940,1_7976352,1775003580,1775003580,default
1775002530,1_10912,40_100511,542,40_581723480,40_7976607,1775004420,1775004420,default
1775002530,1_10912,40_100451,556,40_635883190,40_7976550,1775005320,1775005320,default
1775002530,1_71960,40_100511,542,40_721030800,40_7976686,1775002860,1775002860,default
1775002530,1_52081,1_102736,H Line,1_694056250,1_7974892,1775002719,1775002719,default
1775002530,1_76310,1_100214,372,1_694306460,1_6951,1775002495,1775002733,default
1775002530,1_76310,40_100232,522,40_635897070,40_7976746,1775002767,1775002767,default
1775002830,1_22196,1_102736,H Line,1_694055920,1_7974897,1775002866,1775002866,default
1775002830,1_5830,1_100229,5,1_809331720,1_8025796,1775002590,1775002860,default
1775002830,1_60161,1_100042,148,1_762077930,1_7976072,1775003280,1775003280,default
1775002830,1_60161,1_100042,148,1_762077980,1_7976052,1775005080,1775005080,default
1775002830,1_30510,1_100230,50,1_770997830,1_7976173,1775002884,1775002884,default
1775002830,1_320,1_100011,111,1_664454910,1_7101,1775002620,1775002866,default
1775002830,1_320,40_100239,550,40_597760720,40_9672,1775002860,1775002990,default
1775002830,1_575,1_102576,C Line,1_800869450,1_8024965,1775002980,1775002980,default
1775002830,1_2850,1_100089,2,1_788758250,1_7115,1775003100,1775002189,default
1775002830,1_2850,1_100089,2,1_818403120,1_7099,1775003400,1775002740,default
1775002830,1_2850,1_100089,2,1_818403120,1_8023486,1775003400,1775003400,default
1775002830,1_46505,1_102619,F Line,1_656236290,1_6011,1775003160,1775002495,default
1775002830,1_46505,1_102619,F Line,1_635449070,1_7976142,1775004060,1775004060,default
1775002830,1_46505,1_102619,F Line,1_656236440,1_7976083,1775005920,1775005920,default
1775002830,1_29423,1_102732,79,1_816446320,1_8126,1775003700,1775003700,default
1775002830,1_11590,1_100002,10,1_675385250,1_7974874,1775002951,1775002951,default
1775002830,1_57453,1_100060,168,1_693747160,1_7976218,1775004300,1775004342,default
1775002830,1_68130,1_102548,B Line,1_721018320,1_6027,1775002888,1775002820,default
1775002830,1_81199,1_100072,181,1_721482070,1_7976082,1775002920,1775003007,default
1775002830,1_84810,1_102752,223,1_833610870,1_8024725,1775003012,1775003012,default
1775002830,1_52306,1_102619,F Line,1_800654580,1_8023711,1775003100,1775003100,default
1775002830,1_52306,1_102619,F Line,1_800654920,1_8023715,1775003700,1775003700,default
1775002830,1_52306,1_102619,F Line,1_800654190,1_8023763,1775004600,1775004600,default
1775002830,1_52306,1_102619,F Line,1_800654690,1_8023764,1775005500,1775005500,default
1775002830,1_52306,1_102619,F Line,1_800654430,1_8023883,1775006400,1775006400,default
1775002830,1_99254,1_100003,101,1_800669580,1_8023743,1775002960,1775002960,default
1775002830,1_45670,1_100210,36,1_800582670,1_8023381,1775002641,1775003004,default
1775002830,1_41850,1_100249,60,1_801585890,1_8025823,1775002946,1775002946,default
1775002830,1_43782,1_100275,8,1_800890580,1_8025047,1775002968,1775002968,default
1775002830,1_21080,1_100249,60,1_801585860,1_7104,1775002620,1775002953,default
1775002830,1_59282,1_100072,181,1_721490250,1_7352,1775003340,1775002763,default
1775002830,1_59282,1_100072,181,1_721490250,1_7976104,1775003340,1775003340,default
1775002830,1_59282,1_102717,165,1_800649860,1_8023717,1775004060,1775004060,default
1775002830,1_23905,1_100214,372,1_694306910,1_7976755,1775003032,1775003032,default
1775002830,1_41370,1_100219,4,1_675344800,1_7974864,1775002988,1775002988,default
1775002830,1_55430,1_100006,107,1_800646550,1_8023884,1775002977,1775002977,default
1775002830,1_10210,1_100264,70,1_816207880,1_8026412,1775003017,1775003017,default
1775002830,1_81684,1_100160,269,1_806916890,1_8024685,1775002980,1775002980,default
1775002830,1_620,1_102754,256,1_816378510,1_6970,1775004300,1775001818,default
1775002830,1_620,40_100239,550,40_597759950,40_7976609,1775003160,1775003160,default
1775002830,1_620,1_100104,212,1_806323810,1_8005197,1775003220,1775003220,default
1775002830,1_620,40_515,515,40_16133703__MCOB-DO:121:0:Weekday:2:26MAR:86025:12345,40_MCOB-DO:121:0:Weekday:2:26MAR:86025:12345,1775003580,1775003580,default
1775002830,1_620,40_510,510,40_16133716__MCOB-DO:121:0:Weekday:2:26MAR:86028:12345,40_MCOB-DO:121:0:Weekday:2:26MAR:86028:12345,1775003400,1775003608,default
1775002830,1_620,40_515,515,40_16133710__MCOB-DO:121:0:Weekday:2:26MAR:86023:12345,40_MCOB-DO:121:0:Weekday:2:26MAR:86023:12345,1775004300,1775004300,default
1775002830,1_620,40_510,510,40_16133723__MCOB-DO:121:0:Weekday:2:26MAR:86020:12345,40_MCOB-DO:121:0:Weekday:2:26MAR:86020:12345,1775004600,1775004600,default
1775002830,1_620,40_515,515,40_16133757__MCOB-DO:121:0:Weekday:2:26MAR:86032:12345,40_MCOB-DO:121:0:Weekday:2:26MAR:86032:12345,1775005200,1775005200,default
1775002830,1_620,40_510,510,40_16133729__MCOB-DO:121:0:Weekday:2:26MAR:86021:12345,40_MCOB-DO:121:0:Weekday:2:26MAR:86021:12345,1775005800,1775005800,default
1775002830,1_620,1_102754,256,1_816378520,1_8005280,1775006160,1775006160,default
1775002830,1_620,40_515,515,40_16133699__MCOB-DO:121:0:Weekday:2:26MAR:86024:12345,40_MCOB-DO:121:0:Weekday:2:26MAR:86024:12345,1775006400,1775006400,default
1775002830,1_10912,1_100264,70,1_816207560,1_8026415,1775002927,1775003006,default
1775002830,1_10912,1_100447,49,1_801199870,1_4318,1775002920,1775003009,default
1775002830,1_10912,1_100264,70,1_816207560,1_8214,1775002927,1775003036,default
1775002830,1_10912,40_100511,542,40_581723450,40_7976604,1775003220,1775003220,default
1775002830,1_10912,40_100451,556,40_635883200,40_7976710,1775003400,1775003400,default
1775002830,1_10912,1_100162,271,1_569496940,1_7976352,1775003580,1775003580,default
1775002830,1_10912,1_100162,271,1_569497180,1_7976663,1775004420,1775004420,default
1775002830,1_10912,40_100511,542,40_581723480,40_7976607,1775004420,1775004420,default
1775002830,1_10912,40_100451,556,40_635883190,40_7976550,1775005320,1775005320,default
1775002830,1_8403,1_100039,14,1_562520050,1_7974986,1775002800,1775002800,default
1775002830,1_11600,1_100002,10,1_675385250,1_7974874,1775003027,1775003027,default
1775003130,1_6650,1_102747,61,1_803357150,1_8022040,1775003043,1775003151,default
1775003130,1_60161,1_100042,148,1_762077930,1_3725,1775003280,1775003066,default
1775003130,1_60161,1_100042,148,1_762077930,1_7976072,1775003280,1775003280,default
1775003130,1_60161,1_100042,148,1_762077980,1_7976052,1775005080,1775005080,default
1775003130,1_970,1_100487,102,1_762101450,1_7428,1775002776,1775003168,default
1775003130,1_12770,1_100228,48,1_721359460,1_7974614,1775003189,1775003189,default
1775003130,1_68784,1_100136,245,1_761787670,1_7976372,1775003218,1775003218,default
1775003130,1_81205,1_100072,181,1_721482070,1_7976082,1775003191,1775003191,default
1775003130,1_2850,1_100089,2,1_818403120,1_7099,1775003400,1775002740,default
1775003130,1_46505,1_102619,F Line,1_635449070,1_7976142,1775004060,1775004060,default
1775003130,1_46505,1_102619,F Line,1_656236440,1_7976083,1775005920,1775005920,default
1775003130,1_29423,1_102732,79,1_816446320,1_8126,1775003700,1775003700,default
1775003130,1_280,40_100240,554,40_581724360,40_7976693,1775003241,1775003241,default
1775003130,1_36711,1_100230,50,1_785559800,1_7976175,1775003201,1775003201,default
1775003130,1_1190,1_100009,11,1_736449240,1_7974693,1775003178,1775003178,default
1775003130,1_27420,1_100249,60,1_801585840,1_8025818,1775003288,1775003288,default
1775003130,1_3470,1_100210,36,1_800582730,1_8023434,1775003220,1775003220,default
1775003130,1_64405,1_100099,208,1_664282530,1_7976338,1775003240,1775003240,default
1775003130,1_57453,1_100060,168,1_693747160,1_7976218,1775004300,1775004300,default
1775003130,1_72494,1_100160,269,1_806917010,1_8024684,1775003340,1775003340,default
1775003130,1_52306,1_102619,F Line,1_800654920,1_8023715,1775003700,1775003700,default
1775003130,1_52306,1_102619,F Line,1_800654190,1_8023763,1775004600,1775004600,default
1775003130,1_52306,1_102619,F Line,1_800654690,1_8023764,1775005500,1775005500,default
1775003130,1_52306,1_102619,F Line,1_800654430,1_8023883,1775006400,1775006400,default
1775003130,1_45670,1_100210,36,1_800582680,1_4305,1775003121,1775003253,default
1775003130,1_22184,1_100249,60,1_801585850,1_8025820,1775003285,1775003285,default
1775003130,1_59282,1_100072,181,1_721490250,1_7352,1775003340,1775002763,default
1775003130,1_59282,1_102717,165,1_800649860,1_8023717,1775004060,1775004060,default
1775003130,1_71678,1_102552,226,1_816296140,1_8024716,1775003300,1775003300,default
1775003130,1_620,1_102754,256,1_816378510,1_6970,1775004300,1775001818,default
1775003130,1_620,1_100003,101,1_800669580,1_8023743,1775003340,1775003340,default
1775003130,1_620,40_100239,550,40_597760050,40_7976617,1775003820,1775003820,default
1775003130,1_620,40_510,510,40_16133716__MCOB-DO:121:0:Weekday:2:26MAR:86028:12345,40_MCOB-DO:121:0:Weekday:2:26MAR:86028:12345,1775003400,1775003848,default
1775003130,1_620,40_515,515,40_16133710__MCOB-DO:121:0:Weekday:2:26MAR:86023:12345,40_MCOB-DO:121:0:Weekday:2:26MAR:86023:12345,1775004300,1775004300,default
1775003130,1_620,40_510,510,40_16133723__MCOB-DO:121:0:Weekday:2:26MAR:86020:12345,40_MCOB-DO:121:0:Weekday:2:26MAR:86020:12345,1775004600,1775004600,default
1775003130,1_620,40_515,515,40_16133757__MCOB-DO:121:0:Weekday:2:26MAR:86032:12345,40_MCOB-DO:121:0:Weekday:2:26MAR:86032:12345,1775005200,1775005200,default
1775003130,1_620,40_510,510,40_16133729__MCOB-DO:121:0:Weekday:2:26MAR:86021:12345,40_MCOB-DO:121:0:Weekday:2:26MAR:86021:12345,1775005800,1775005800,default
1775003130,1_620,1_102754,256,1_816378520,1_8005280,1775006160,1775006160,default
1775003130,1_620,40_515,515,40_16133699__MCOB-DO:121:0:Weekday:2:26MAR:86024:12345,40_MCOB-DO:121:0:Weekday:2:26MAR:86024:12345,1775006400,1775006400,default
1775003130,1_10912,40_100451,556,40_635883200,40_7976710,1775003400,1775003400,default
1775003130,1_10912,1_100162,271,1_569496940,1_7976352,1775003580,1775003580,default
1775003130,1_10912,1_100162,271,1_569497180,1_7976663,1775004420,1775004420,default
1775003130,1_10912,40_100511,542,40_581723480,40_7976607,1775004420,1775004420,default
1775003130,1_10912,40_100451,556,40_635883190,40_7976550,1775005320,1775005320,default
1775003130,1_71960,40_100511,542,40_721031010,40_7976608,1775004660,1775004660,default
1775003430,1_22196,1_102736,H Line,1_694055880,1_7974890,1775003466,1775003466,default
1775003430,1_51551,1_102736,H Line,1_694056210,1_7974962,1775003487,1775003487,default
1775003430,1_60161,1_100042,148,1_762077980,1_7976052,1775005080,1775005080,default
1775003430,1_12770,1_100219,4,1_675344720,1_4310,1775003408,1775003448,default
1775003430,1_30790,1_100249,60,1_801586000,1_8025819,1775003483,1775003483,default
1775003430,1_320,40_100239,550,40_597760500,40_9807,1775003460,1775003517,default
1775003430,1_320,40_100240,554,40_581724360,40_9670,1775003400,1775003523,default
1775003430,1_575,1_100263,7,1_800587220,1_8023477,1775003520,1775003520,default
1775003430,1_575,1_102576,C Line,1_800868430,1_8024974,1775003580,1775003580,default
1775003430,1_2850,1_100089,2,1_788757900,1_8023473,1775004000,1775004000,default
1775003430,1_46505,1_102619,F Line,1_635449070,1_7976142,1775004060,1775004060,default
1775003430,1_46505,1_102619,F Line,1_656236440,1_7976083,1775005920,1775005920,default
1775003430,1_46505,1_102619,F Line,1_656237600,1_7975998,1775006820,1775006820,default
1775003430,1_29423,1_102732,79,1_816446320,1_8126,1775003700,1775003700,default
1775003430,1_57453,1_100060,168,1_693747160,1_7976218,1775004300,1775004300,default
1775003430,1_34960,1_100230,50,1_785559800,1_7976175,1775003528,1775003528,default
1775003430,1_52306,1_102619,F Line,1_800654920,1_8023715,1775003700,1775003700,default
1775003430,1_52306,1_102619,F Line,1_800654190,1_8023763,1775004600,1775004600,default
1775003430,1_52306,1_102619,F Line,1_800654690,1_8023764,1775005500,1775005500,default
1775003430,1_52306,1_102619,F Line,1_800654430,1_8023883,1775006400,1775006400,default
1775003430,1_8530,1_100005,106,1_727784830,1_7975016,1775003526,1775003526,default
1775003430,1_45670,1_100210,36,1_800582670,1_8023381,1775002641,1775003570,default
1775003430,1_45670,1_100210,36,1_800582650,1_8023435,1775003541,1775003573,default
1775003430,1_30800,1_100249,60,1_801586000,1_8025819,1775003531,1775003531,default
1775003430,1_13190,1_100018,12,1_801583950,1_8025810,1775003563,1775003563,default
1775003430,1_41940,1_100249,60,1_801585840,1_8025818,1775003557,1775003557,default
1775003430,1_71970,1_102753,222,1_774817940,1_7976418,1775003602,1775003602,default
1775003430,1_49350,1_100026,128,1_806634250,1_8023676,1775003557,1775003557,default
1775003430,1_2200,1_100275,8,1_800890550,1_7053,1775003553,1775003565,default
1775003430,1_59282,1_102717,165,1_800649860,1_7312,1775004060,1775003267,default
1775003430,1_59282,1_102717,165,1_800649860,1_8023717,1775004060,1775004060,default
1775003430,1_85531,1_102757,187,1_762095140,1_7976065,1775003580,1775003580,default
1775003430,1_31890,1_100230,50,1_770997100,1_7976176,1775003621,1775003621,default
1775003430,1_10210,1_100264,70,1_816208630,1_8026411,1775003617,1775003617,default
1775003430,1_39336,1_100205,348,1_771627390,1_7975650,1775003607,1775003607,default
1775003430,1_620,1_102754,256,1_816378510,1_6970,1775004300,1775001818,default
1775003430,1_620,40_100239,550,40_597760050,40_7976617,1775003820,1775003820,default
1775003430,1_620,40_510,510,40_16133716__MCOB-DO:121:0:Weekday:2:26MAR:86028:12345,40_MCOB-DO:121:0:Weekday:2:26MAR:86028:12345,1775003400,1775003974,default
1775003430,1_620,40_515,515,40_16133710__MCOB-DO:121:0:Weekday:2:26MAR:86023:12345,40_MCOB-DO:121:0:Weekday:2:26MAR:86023:12345,1775004300,1775004300,default
1775003430,1_620,40_510,510,40_16133723__MCOB-DO:121:0:Weekday:2:26MAR:86020:12345,40_MCOB-DO:121:0:Weekday:2:26MAR:86020:12345,1775004600,1775004600,default
1775003430,1_620,40_515,515,40_16133757__MCOB-DO:121:0:Weekday:2:26MAR:86032:12345,40_MCOB-DO:121:0:Weekday:2:26MAR:86032:12345,1775005200,1775005200,default
1775003430,1_620,40_510,510,40_16133729__MCOB-DO:121:0:Weekday:2:26MAR:86021:12345,40_MCOB-DO:121:0:Weekday:2:26MAR:86021:12345,1775005800,1775005800,default
1775003430,1_620,1_102754,256,1_816378520,1_8005280,1775006160,1775006160,default
1775003430,1_620,40_515,515,40_16133699__MCOB-DO:121:0:Weekday:2:26MAR:86024:12345,40_MCOB-DO:121:0:Weekday:2:26MAR:86024:12345,1775006400,1775006400,default
1775003430,1_620,40_510,510,40_16133730__MCOB-DO:121:0:Weekday:2:26MAR:86031:12345,40_MCOB-DO:121:0:Weekday:2:26MAR:86031:12345,1775007000,1775007000,default
1775003430,1_10912,1_100162,271,1_569497180,1_7976663,1775004420,1775004420,default
1775003430,1_10912,40_100511,542,40_581723480,40_7976607,1775004420,1775004420,default
1775003430,1_10912,40_100451,556,40_635883190,40_7976550,1775005320,1775005320,default
1775003430,1_10912,1_100162,271,1_569554140,1_7976662,1775005380,1775005380,default
1775003430,1_71960,40_100511,542,40_721031010,40_7976608,1775004660,1775004660,default
1775003430,1_52081,1_102736,H Line,1_694056170,1_7974893,1775003619,1775003619,default
1775003430,1_76310,40_100232,522,40_635896940,40_7976742,1775003607,1775003607,default
1775003430,1_76310,1_100214,372,1_694307000,1_6947,1775003575,1775003616,default
1775003730,1_55290,1_100006,107,1_800646930,1_8023887,1775003437,1775003760,default
1775003730,1_5830,1_100229,5,1_809328900,1_8025836,1775003490,1775003747,default
1775003730,1_60161,1_100042,148,1_762077980,1_7319,1775005080,1775003534,default
1775003730,1_60161,1_100042,148,1_762077980,1_7976052,1775005080,1775005080,default
1775003730,1_320,1_100011,111,1_664454920,1_7443,1775003760,1775003760,default
1775003730,1_2850,1_100089,2,1_788757900,1_7119,1775004000,1775003638,default
1775003730,1_2850,1_100089,2,1_788757900,1_8023473,1775004000,1775004000,default
1775003730,1_46505,1_102619,F Line,1_635449070,1_7976142,1775004060,1775004060,default
1775003730,1_46505,1_102619,F Line,1_656236440,1_7976083,1775005920,1775005920,default
1775003730,1_46505,1_102619,F Line,1_656237600,1_7975998,1775006820,1775006820,default
1775003730,1_1190,40_100239,550,40_597759950,40_7976609,1775003672,1775003792,default
1775003730,1_57453,1_100060,168,1_693747160,1_7976218,1775004300,1775004300,default
1775003730,1_75143,1_102746,333,1_778704240,1_7975683,1775003805,1775003805,default
1775003730,1_52306,1_102619,F Line,1_800654190,1_8023763,1775004600,1775004600,default
1775003730,1_52306,1_102619,F Line,1_800654690,1_8023764,1775005500,1775005500,default
1775003730,1_52306,1_102619,F Line,1_800654430,1_8023883,1775006400,1775006400,default
1775003730,1_52306,1_102619,F Line,1_800654850,1_8023779,1775007300,1775007300,default
1775003730,1_99254,1_100003,101,1_800669570,1_8023804,1775003860,1775003860,default
1775003730,1_45670,1_100210,36,1_800582670,1_8023381,1775002641,1775003855,default
1775003730,1_45670,1_100210,36,1_800582650,1_8023435,1775003541,1775003858,default
1775003730,1_70665,1_100136,245,1_761788120,1_7976365,1775003908,1775003908,default
1775003730,1_73368,1_102752,223,1_816297720,1_8024748,1775003846,1775003846,default
1775003730,1_57804,1_100072,181,1_721481710,1_7976015,1775004433,1775004433,default
1775003730,1_59282,1_102717,165,1_800649860,1_7312,1775004060,1775003267,default
1775003730,1_620,1_102754,256,1_816378510,1_6970,1775004300,1775001818,default
1775003730,1_620,40_100240,554,40_774872590,40_7976694,1775004240,1775004240,default
1775003730,1_620,40_515,515,40_16133710__MCOB-DO:121:0:Weekday:2:26MAR:86023:12345,40_MCOB-DO:121:0:Weekday:2:26MAR:86023:12345,1775004300,1775004316,default
1775003730,1_620,40_100239,550,40_597760460,40_7976613,1775004420,1775004420,default
1775003730,1_620,40_510,510,40_16133723__MCOB-DO:121:0:Weekday:2:26MAR:86020:12345,40_MCOB-DO:121:0:Weekday:2:26MAR:86020:12345,1775004600,1775004600,default
1775003730,1_620,40_515,515,40_16133757__MCOB-DO:121:0:Weekday:2:26MAR:86032:12345,40_MCOB-DO:121:0:Weekday:2:26MAR:86032:12345,1775005200,1775005200,default
1775003730,1_620,40_510,510,40_16133729__MCOB-DO:121:0:Weekday:2:26MAR:86021:12345,40_MCOB-DO:121:0:Weekday:2:26MAR:86021:12345,1775005800,1775005800,default
1775003730,1_620,1_102754,256,1_816378520,1_8005280,1775006160,1775006160,default
1775003730,1_620,40_515,515,40_16133699__MCOB-DO:121:0:Weekday:2:26MAR:86024:12345,40_MCOB-DO:121:0:Weekday:2:26MAR:86024:12345,1775006400,1775006400,default
1775003730,1_620,40_510,510,40_16133730__MCOB-DO:121:0:Weekday:2:26MAR:86031:12345,40_MCOB-DO:121:0:Weekday:2:26MAR:86031:12345,1775007000,1775007000,default
1775003730,1_10912,1_100162,271,1_569497180,1_7976663,1775004420,1775004420,default
1775003730,1_10912,40_100511,542,40_581723480,40_7976607,1775004420,1775004420,default
1775003730,1_10912,40_100451,556,40_635883190,40_7976550,1775005320,1775005320,default
1775003730,1_10912,1_100162,271,1_569554140,1_7976662,1775005380,1775005380,default
1775003730,1_71960,40_100511,542,40_721031010,40_7976608,1775004660,1775004660,default
1775003730,1_10640,1_100252,62,1_800856400,1_8025003,1775007420,1775007420,default
1775003730,1_8403,1_100039,14,1_562520810,1_7974993,1775003700,1775003700,default
1775004030,1_103,1_102745,G Line,1_736436130,1_7974692,1775004078,1775004078,default
1775004030,1_6650,1_102747,61,1_803357160,1_8022041,1775003943,1775004042,default
1775004030,1_22196,1_102736,H Line,1_694055850,1_7974899,1775004066,1775004066,default
1775004030,1_60161,1_100042,148,1_762077980,1_7319,1775005080,1775003534,default
1775004030,1_12770,1_100228,48,1_721360490,1_7974616,1775004089,1775004089,default
1775004030,1_575,1_100210,36,1_800583630,1_8023415,1775004120,1775004120,default
1775004030,1_575,1_102576,C Line,1_800868240,1_8024967,1775004180,1775004180,default
1775004030,1_46505,1_102619,F Line,1_656236440,1_7976083,1775005920,1775005920,default
1775004030,1_46505,1_102619,F Line,1_656237600,1_7975998,1775006820,1775006820,default
1775004030,1_36800,1_100228,48,1_759804890,1_7974613,1775004103,1775004103,default
1775004030,1_11590,1_100002,10,1_675385200,1_7974876,1775004091,1775004091,default
1775004030,1_3470,1_100210,36,1_800582680,1_8023483,1775004120,1775004120,default
1775004030,1_57453,1_100060,168,1_693747160,1_7976218,1775004300,1775004300,default
1775004030,1_10653,1_100252,62,1_800855470,1_8025070,1775004180,1775004180,default
1775004030,1_84810,1_102752,223,1_833610880,1_8024727,1775004212,1775004212,default
1775004030,1_52306,1_102619,F Line,1_800654190,1_8023763,1775004600,1775004600,default
1775004030,1_52306,1_102619,F Line,1_800654690,1_8023764,1775005500,1775005500,default
1775004030,1_52306,1_102619,F Line,1_800654430,1_8023883,1775006400,1775006400,default
1775004030,1_52306,1_102619,F Line,1_800654850,1_8023779,1775007300,1775007300,default
1775004030,1_80121,1_102719,161,1_800652260,1_8023781,1775004177,1775004177,default
1775004030,1_40030,1_102574,40,1_811901020,1_8207,1775003951,1775004166,default
1775004030,1_60359,1_102720,160,1_694518220,1_7976103,1775004164,1775004164,default
1775004030,1_57804,1_100072,181,1_721481710,1_7976015,1775004433,1775004433,default
1775004030,1_59282,1_102717,165,1_800649870,1_7124,1775005740,1775003767,default
1775004030,1_10210,1_100264,70,1_816207560,1_8026415,1775004217,1775004217,default
1775004030,1_620,1_102754,256,1_816378510,1_6970,1775004300,1775001818,default
1775004030,1_620,1_100003,101,1_800669570,1_8023804,1775004240,1775004240,default
1775004030,1_620,40_100240,554,40_774872590,40_7976694,1775004240,1775004240,default
1775004030,1_620,40_100236,545,40_563504050,40_9574,1775004240,1775004313,default
1775004030,1_620,40_100239,550,40_597760460,40_7976613,1775004420,1775004420,default
1775004030,1_620,40_515,515,40_16133710__MCOB-DO:121:0:Weekday:2:26MAR:86023:12345,40_MCOB-DO:121:0:Weekday:2:26MAR:86023:12345,1775004300,1775004604,default
1775004030,1_620,40_510,510,40_16133723__MCOB-DO:121:0:Weekday:2:26MAR:86020:12345,40_MCOB-DO:121:0:Weekday:2:26MAR:86020:12345,1775004600,1775004823,default
1775004030,1_620,40_515,515,40_16133757__MCOB-DO:121:0:Weekday:2:26MAR:86032:12345,40_MCOB-DO:121:0:Weekday:2:26MAR:86032:12345,1775005200,1775005200,default
1775004030,1_620,40_510,510,40_16133729__MCOB-DO:121:0:Weekday:2:26MAR:86021:12345,40_MCOB-DO:121:0:Weekday:2:26MAR:86021:12345,1775005800,1775005800,default
1775004030,1_620,1_102754,256,1_816378520,1_8005280,1775006160,1775006160,default
1775004030,1_620,40_515,515,40_16133699__MCOB-DO:121:0:Weekday:2:26MAR:86024:12345,40_MCOB-DO:121:0:Weekday:2:26MAR:86024:12345,1775006400,1775006400,default
1775004030,1_620,40_510,510,40_16133730__MCOB-DO:121:0:Weekday:2:26MAR:86031:12345,40_MCOB-DO:121:0:Weekday:2:26MAR:86031:12345,1775007000,1775007000,default
1775004030,1_620,40_515,515,40_16133708__MCOB-DO:121:0:Weekday:2:26MAR:86022:12345,40_MCOB-DO:121:0:Weekday:2:26MAR:86022:12345,1775007600,1775007600,default
1775004030,1_10912,1_100162,271,1_569497180,1_7976663,1775004420,1775004420,default
1775004030,1_10912,40_100511,542,40_581723480,40_7976607,1775004420,1775004420,default
1775004030,1_10912,40_100451,556,40_635883190,40_7976550,1775005320,1775005320,default
1775004030,1_10912,1_100162,271,1_569554140,1_7976662,1775005380,1775005380,default
1775004030,1_10912,40_100511,542,40_581724870,40_7976685,1775005680,1775005680,default
1775004030,1_10912,40_100451,556,40_635883580,40_7976589,1775007000,1775007348,default
1775004030,1_71960,40_100511,542,40_721031010,40_7976608,1775004660,1775004660,default
1775004030,1_10640,1_100252,62,1_800856400,1_8025003,1775007420,1775007420,default
1775004330,1_103,1_102745,G Line,1_736436250,1_7974686,1775004438,1775004438,default
1775004330,1_60161,1_100042,148,1_762077980,1_7319,1775005080,1775003534,default
1775004330,1_8541,1_100039,14,1_562520110,1_7974987,1775004420,1775004420,default
1775004330,1_575,1_102615,E Line,1_761417620,1_6202,1775004300,1775004366,default
1775004330,1_2850,1_100089,2,1_815905420,1_7152,1775005020,1775003952,default
1775004330,1_46505,1_102619,F Line,1_800654610,1_8023712,1775005020,1775005020,default
1775004330,1_46505,1_102619,F Line,1_656236440,1_7976083,1775005920,1775005920,default
1775004330,1_46505,1_102619,F Line,1_656237600,1_7975998,1775006820,1775006820,default
1775004330,1_46505,1_102619,F Line,1_656237760,1_7976035,1775007720,1775007720,default
1775004330,1_40060,1_102574,40,1_811901780,1_8025887,1775004453,1775004453,default
1775004330,1_89990,1_100203,346,1_724962680,1_7213,1775004358,1775004374,default
1775004330,1_36711,1_100230,50,1_785559690,1_7976178,1775004401,1775004401,default
1775004330,1_52306,1_102619,F Line,1_800654190,1_8023763,1775004600,1775004600,default
1775004330,1_52306,1_102619,F Line,1_800654690,1_8023764,1775005500,1775005500,default
1775004330,1_52306,1_102619,F Line,1_800654430,1_8023883,1775006400,1775006400,default
1775004330,1_52306,1_102619,F Line,1_800654850,1_8023779,1775007300,1775007300,default
1775004330,1_8530,1_100005,106,1_727784880,1_7975006,1775004426,1775004426,default
1775004330,1_59282,1_102717,165,1_800649870,1_7124,1775005740,1775003767,default
1775004330,1_59282,1_100072,181,1_721481870,1_7976082,1775005020,1775005020,default
1775004330,1_620,40_515,515,40_16133710__MCOB-DO:121:0:Weekday:2:26MAR:86023:12345,40_MCOB-DO:121:0:Weekday:2:26MAR:86023:12345,1775004300,1775004599,default
1775004330,1_620,40_510,510,40_16133723__MCOB-DO:121:0:Weekday:2:26MAR:86020:12345,40_MCOB-DO:121:0:Weekday:2:26MAR:86020:12345,1775004600,1775005043,default
1775004330,1_620,40_515,515,40_16133757__MCOB-DO:121:0:Weekday:2:26MAR:86032:12345,40_MCOB-DO:121:0:Weekday:2:26MAR:86032:12345,1775005200,1775005200,default
1775004330,1_620,40_510,510,40_16133729__MCOB-DO:121:0:Weekday:2:26MAR:86021:12345,40_MCOB-DO:121:0:Weekday:2:26MAR:86021:12345,1775005800,1775005800,default
1775004330,1_620,1_102754,256,1_816378520,1_8005280,1775006160,1775006160,default
1775004330,1_620,40_515,515,40_16133699__MCOB-DO:121:0:Weekday:2:26MAR:86024:12345,40_MCOB-DO:121:0:Weekday:2:26MAR:86024:12345,1775006400,1775006400,default
1775004330,1_620,40_510,510,40_16133730__MCOB-DO:121:0:Weekday:2:26MAR:86031:12345,40_MCOB-DO:121:0:Weekday:2:26MAR:86031:12345,1775007000,1775007000,default
1775004330,1_620,40_515,515,40_16133708__MCOB-DO:121:0:Weekday:2:26MAR:86022:12345,40_MCOB-DO:121:0:Weekday:2:26MAR:86022:12345,1775007600,1775007600,default
1775004330,1_10912,40_100451,556,40_635883190,40_7976550,1775005320,1775005320,default
1775004330,1_10912,1_100162,271,1_569554140,1_7976662,1775005380,1775005380,default
1775004330,1_10912,40_100511,542,40_581724870,40_7976685,1775005680,1775005680,default
1775004330,1_10912,40_100451,556,40_635883580,40_7976589,1775007000,1775007279,default
1775004330,1_71960,40_100511,542,40_721031010,40_7976608,1775004660,1775004660,default
1775004330,1_10640,1_100252,62,1_800856400,1_8025003,1775007420,1775007420,default
1775004330,1_76310,1_100214,372,1_694306540,1_6992,1775004535,1775004535,default
1775004630,1_481,1_102736,H Line,1_694055840,1_6073,1775004480,1775004691,default
1775004630,1_60161,1_100042,148,1_762077980,1_7319,1775005080,1775003534,default
1775004630,1_51651,1_102736,H Line,1_694056550,1_7974891,1775004687,1775004687,default
1775004630,1_320,40_100239,550,40_597760740,40_7976642,1775004660,1775004660,default
1775004630,1_64569,1_100162,271,1_569496280,1_7976387,1775004733,1775004733,default
1775004630,1_575,1_100089,2,1_788758250,1_8023469,1775004720,1775004720,default
1775004630,1_575,1_102576,C Line,1_800869350,1_8024971,1775004780,1775004780,default
1775004630,1_2850,1_100089,2,1_815905420,1_7152,1775005020,1775003952,default
1775004630,1_46505,1_102619,F Line,1_800654610,1_8023712,1775005020,1775005020,default
1775004630,1_46505,1_102619,F Line,1_656236440,1_7976083,1775005920,1775005920,default
1775004630,1_46505,1_102619,F Line,1_656237600,1_7975998,1775006820,1775006820,default
1775004630,1_46505,1_102619,F Line,1_656237760,1_7976035,1775007720,1775007720,default
1775004630,1_27420,1_100249,60,1_801585980,1_8025817,1775004728,1775004728,default
1775004630,1_68130,1_102548,B Line,1_721019120,1_6035,1775004688,1775004771,default
1775004630,1_10653,1_100252,62,1_800855480,1_8024955,1775004780,1775004780,default
1775004630,1_81199,1_100072,181,1_721481710,1_7976015,1775004780,1775004780,default
1775004630,1_34960,1_100230,50,1_785559690,1_7976178,1775004728,1775004728,default
1775004630,1_52306,1_102619,F Line,1_800654690,1_8023764,1775005500,1775005500,default
1775004630,1_52306,1_102619,F Line,1_800654430,1_8023883,1775006400,1775006400,default
1775004630,1_52306,1_102619,F Line,1_800654850,1_8023779,1775007300,1775007300,default
1775004630,1_52306,1_102619,F Line,1_800653480,1_8023710,1775008200,1775008200,default
1775004630,1_49350,1_100026,128,1_806634990,1_8023660,1775004757,1775004846,default
1775004630,1_21080,1_100249,60,1_801586030,1_7076,1775004780,1775004780,default
1775004630,1_59282,1_102717,165,1_800649870,1_7124,1775005740,1775003767,default
1775004630,1_59282,1_100072,181,1_721481870,1_7340,1775005020,1775004580,default
1775004630,1_59282,1_100072,181,1_721481870,1_7976082,1775005020,1775005020,default
1775004630,1_55430,1_100006,107,1_800646540,1_8023812,1775004777,1775004777,default
1775004630,1_31890,1_100230,50,1_770997830,1_7976173,1775004821,1775004821,default
1775004630,1_620,40_100236,545,40_563504210,40_7976560,1775004840,1775004862,default
1775004630,1_620,40_100236,545,40_563504210,40_9673,1775004840,1775004928,default
1775004630,1_620,40_510,510,40_16133723__MCOB-DO:121:0:Weekday:2:26MAR:86020:12345,40_MCOB-DO:121:0:Weekday:2:26MAR:86020:12345,1775004600,1775005161,default
1775004630,1_620,40_515,515,40_16133757__MCOB-DO:121:0:Weekday:2:26MAR:86032:12345,40_MCOB-DO:121:0:Weekday:2:26MAR:86032:12345,1775005200,1775005319,default
1775004630,1_620,40_510,510,40_16133729__MCOB-DO:121:0:Weekday:2:26MAR:86021:12345,40_MCOB-DO:121:0:Weekday:2:26MAR:86021:12345,1775005800,1775005800,default
1775004630,1_620,1_102754,256,1_816378520,1_8005280,1775006160,1775006160,default
1775004630,1_620,40_515,515,40_16133699__MCOB-DO:121:0:Weekday:2:26MAR:86024:12345,40_MCOB-DO:121:0:Weekday:2:26MAR:86024:12345,1775006400,1775006400,default
1775004630,1_620,40_510,510,40_16133730__MCOB-DO:121:0:Weekday:2:26MAR:86031:12345,40_MCOB-DO:121:0:Weekday:2:26MAR:86031:12345,1775007000,1775007000,default
1775004630,1_620,40_515,515,40_16133708__MCOB-DO:121:0:Weekday:2:26MAR:86022:12345,40_MCOB-DO:121:0:Weekday:2:26MAR:86022:12345,1775007600,1775007600,default
1775004630,1_10912,40_100451,556,40_635883190,40_7976550,1775005320,1775005320,default
1775004630,1_10912,1_100162,271,1_569554140,1_7976662,1775005380,1775005380,default
1775004630,1_10912,40_100511,542,40_581724870,40_7976685,1775005680,1775005680,default
1775004630,1_10912,1_100162,271,1_569496350,1_7976351,1775006340,1775006340,default
1775004630,1_10912,40_100451,556,40_635883580,40_7976589,1775007000,1775007000,default
1775004630,1_10640,1_100252,62,1_800856400,1_8025003,1775007420,1775007420,default
1775004630,1_10640,1_100252,62,1_800856410,1_8024964,1775008320,1775008320,default
1775004630,1_8403,1_100039,14,1_562520100,1_7974976,1775004600,1775004600,default
1775004630,1_3000,1_100089,2,1_788757900,1_8023473,1775004552,1775004822,default
1775004630,1_18220,1_100028,13,1_788759730,1_8023445,1775004813,1775004813,default
1775004930,1_481,1_100024,125,1_770790180,1_7974702,1775004960,1775004960,default
1775004930,1_60161,1_100042,148,1_762077980,1_7319,1775005080,1775003534,default
1775004930,1_320,40_590,590,40_2687020,40_10113,1775005080,1775005080,default
1775004930,1_575,1_102615,E Line,1_813078620,1_6209,1775004900,1775005012,default
1775004930,1_2850,1_100089,2,1_815905420,1_7152,1775005020,1775003952,default
1775004930,1_2850,1_100089,2,1_788757910,1_7155,1775005980,1775004858,default
1775004930,1_2850,1_100089,2,1_788757910,1_8023467,1775005980,1775005980,default
1775004930,1_46505,1_102619,F Line,1_800654610,1_8023712,1775005020,1775005020,default
1775004930,1_46505,1_102619,F Line,1_656236440,1_7976083,1775005920,1775005920,default
1775004930,1_46505,1_102619,F Line,1_656237600,1_7975998,1775006820,1775006820,default
1775004930,1_46505,1_102619,F Line,1_656237760,1_7976035,1775007720,1775007720,default
1775004930,1_76024,1_102702,239,1_736529500,1_7976432,1775005046,1775005046,default
1775004930,1_72494,1_100160,269,1_806917800,1_8024683,1775005080,1775005080,default
1775004930,1_11940,1_100039,14,1_562520210,1_7974978,1775005070,1775005070,default
1775004930,1_52306,1_102619,F Line,1_800654690,1_8023764,1775005500,1775005500,default
1775004930,1_52306,1_102619,F Line,1_800654430,1_8023883,1775006400,1775006400,default
1775004930,1_52306,1_102619,F Line,1_800654850,1_8023779,1775007300,1775007300,default
1775004930,1_52306,1_102619,F Line,1_800653480,1_8023710,1775008200,1775008200,default
1775004930,1_60359,1_102720,160,1_694517240,1_7976100,1775005064,1775005064,default
1775004930,1_9605,1_100259,67,1_761383990,1_7975711,1775004600,1775005074,default
1775004930,1_59282,1_102717,165,1_800649870,1_7124,1775005740,1775003767,default
1775004930,1_620,40_510,510,40_16133723__MCOB-DO:121:0:Weekday:2:26MAR:86020:12345,40_MCOB-DO:121:0:Weekday:2:26MAR:86020:12345,1775004600,1775005161,default
1775004930,1_620,40_100239,550,40_597760510,40_7976619,1775005440,1775005440,default
1775004930,1_620,40_510,510,40_16133729__MCOB-DO:121:0:Weekday:2:26MAR:86021:12345,40_MCOB-DO:121:0:Weekday:2:26MAR:86021:12345,1775005800,1775005800,default
1775004930,1_620,1_102754,256,1_816378520,1_8005280,1775006160,1775006160,default
1775004930,1_620,40_515,515,40_16133699__MCOB-DO:121:0:Weekday:2:26MAR:86024:12345,40_MCOB-DO:121:0:Weekday:2:26MAR:86024:12345,1775006400,1775006400,default
1775004930,1_620,40_510,510,40_16133730__MCOB-DO:121:0:Weekday:2:26MAR:86031:12345,40_MCOB-DO:121:0:Weekday:2:26MAR:86031:12345,1775007000,1775007000,default
1775004930,1_620,40_515,515,40_16133708__MCOB-DO:121:0:Weekday:2:26MAR:86022:12345,40_MCOB-DO:121:0:Weekday:2:26MAR:86022:12345,1775007600,1775007600,default
1775004930,1_620,1_102754,256,1_816378530,1_8005282,1775008020,1775008020,default
1775004930,1_10912,40_100451,556,40_635883190,40_7976550,1775005320,1775005320,default
1775004930,1_10912,1_100162,271,1_569554140,1_7976662,1775005380,1775005380,default
1775004930,1_10912,40_100511,542,40_581724870,40_7976685,1775005680,1775005680,default
1775004930,1_10912,1_100162,271,1_569496350,1_7976351,1775006340,1775006340,default
1775004930,1_10912,40_100451,556,40_635883580,40_7976589,1775007000,1775007000,default
1775004930,1_10640,1_100252,62,1_800856400,1_8025003,1775007420,1775007420,default
1775004930,1_10640,1_100252,62,1_800856410,1_8024964,1775008320,1775008320,default
1775005231,1_22196,1_102736,H Line,1_694056550,1_7974891,1775005239,1775005239,default
1775005231,1_51551,1_102736,H Line,1_694055830,1_7974966,1775005347,1775005347,default
1775005231,1_60161,1_100042,148,1_762078040,1_7976054,1775006880,1775006880,default
1775005231,1_60161,1_100042,148,1_762078120,1_7976061,1775008680,1775008680,default
1775005231,1_8541,1_100039,14,1_562520150,1_7974977,1775005260,1775005260,default
1775005231,1_575,1_102576,C Line,1_800867800,1_8024972,1775005320,1775005320,default
1775005231,1_2850,1_100089,2,1_788757910,1_7155,1775005980,1775004858,default
1775005231,1_2850,1_100089,2,1_818403210,1_8023455,1775006220,1775006220,default
1775005231,1_46505,1_102619,F Line,1_656236440,1_6287,1775005920,1775005061,default
1775005231,1_46505,1_102619,F Line,1_656236440,1_7976083,1775005920,1775005920,default
1775005231,1_46505,1_102619,F Line,1_656237600,1_7975998,1775006820,1775006820,default
1775005231,1_46505,1_102619,F Line,1_656237760,1_7976035,1775007720,1775007720,default
1775005231,1_46505,1_102619,F Line,1_656237030,1_7975997,1775008620,1775008620,default
1775005231,1_280,40_100240,554,40_581724170,40_7976648,1775005281,1775005336,default
1775005231,1_280,1_100104,212,1_806323850,1_8005197,1775005341,1775005341,default
1775005231,1_1190,1_100447,49,1_801199760,1_4370,1775004808,1775005298,default
1775005231,1_27420,1_100249,60,1_801585860,1_8025822,1775005388,1775005388,default
1775005231,1_68130,1_102548,B Line,1_721019320,1_6020,1775005288,1775005316,default
1775005231,1_84810,1_102752,223,1_833610890,1_8024751,1775005399,1775005399,default
1775005231,1_52306,1_102619,F Line,1_800654690,1_8023764,1775005500,1775005500,default
1775005231,1_52306,1_102619,F Line,1_800654430,1_8023883,1775006400,1775006400,default
1775005231,1_52306,1_102619,F Line,1_800654850,1_8023779,1775007300,1775007300,default
1775005231,1_52306,1_102619,F Line,1_800653480,1_8023710,1775008200,1775008200,default
1775005231,1_48390,1_100030,131,1_800856870,1_8024997,1775005355,1775005355,default
1775005231,1_41128,1_100026,128,1_806634820,1_8023683,1775005356,1775005356,default
1775005231,1_8530,1_100005,106,1_727784850,1_7975007,1775005326,1775005326,default
1775005231,1_71970,1_102753,222,1_774817950,1_7976419,1775005402,1775005402,default
1775005231,1_39983,1_102736,H Line,1_694055820,1_7974888,1775005380,1775005380,default
1775005231,1_22184,1_100249,60,1_801586000,1_8025819,1775005385,1775005385,default
1775005231,1_59282,1_102717,165,1_800649870,1_7124,1775005740,1775003767,default
1775005231,1_620,40_100236,545,40_563504160,40_7976554,1775005440,1775005440,default
1775005231,1_620,40_100239,550,40_597760510,40_7976619,1775005440,1775005440,default
1775005231,1_620,40_100236,545,40_563504160,40_9659,1775005440,1775005443,default
1775005231,1_620,1_100104,212,1_806323860,1_8005194,1775005680,1775005680,default
1775005231,1_620,40_510,510,40_16133729__MCOB-DO:121:0:Weekday:2:26MAR:86021:12345,40_MCOB-DO:121:0:Weekday:2:26MAR:86021:12345,1775005800,1775005956,default
1775005231,1_620,1_102754,256,1_816378520,1_8005280,1775006160,1775006160,default
1775005231,1_620,40_515,515,40_16133699__MCOB-DO:121:0:Weekday:2:26MAR:86024:12345,40_MCOB-DO:121:0:Weekday:2:26MAR:86024:12345,1775006400,1775006400,default
1775005231,1_620,40_510,510,40_16133730__MCOB-DO:121:0:Weekday:2:26MAR:86031:12345,40_MCOB-DO:121:0:Weekday:2:26MAR:86031:12345,1775007000,1775007000,default
1775005231,1_620,40_515,515,40_16133708__MCOB-DO:121:0:Weekday:2:26MAR:86022:12345,40_MCOB-DO:121:0:Weekday:2:26MAR:86022:12345,1775007600,1775007600,default
1775005231,1_620,1_102754,256,1_816378530,1_8005282,1775008020,1775008020,default
1775005231,1_10912,40_100511,542,40_581724870,40_7976685,1775005680,1775005680,default
1775005231,1_10912,1_100162,271,1_569496350,1_7976351,1775006340,1775006340,default
1775005231,1_10912,40_100451,556,40_635883580,40_7976589,1775007000,1775007000,default
1775005231,1_10912,1_100162,271,1_569496510,1_7976382,1775007240,1775007240,default
1775005231,1_10912,40_100511,542,40_581725440,40_7976686,1775007480,1775007480,default
1775005231,1_10640,1_100252,62,1_800856400,1_8025003,1775007420,1775007420,default
1775005231,1_10640,1_100252,62,1_800856410,1_8024964,1775008320,1775008320,default
1775005231,1_8403,1_100039,14,1_562520110,1_7974987,1775005440,1775005440,default
1775005531,1_60161,1_100042,148,1_762078040,1_3713,1775006880,1775005461,default
1775005531,1_60161,1_100042,148,1_762078040,1_7976054,1775006880,1775006880,default
1775005531,1_60161,1_100042,148,1_762078120,1_7976061,1775008680,1775008680,default
1775005531,1_320,1_100104,212,1_806323850,1_6943,1775005500,1775005588,default
1775005531,1_320,40_100240,554,40_581724170,40_7976648,1775005440,1775005670,default
1775005531,1_575,1_102581,D Line,1_803816920,1_6094,1775005560,1775005565,default
1775005531,1_2850,1_100089,2,1_788757910,1_7155,1775005980,1775004858,default
1775005531,1_2850,1_100089,2,1_818403210,1_8023455,1775006220,1775005210,default
1775005531,1_46505,1_102619,F Line,1_656236440,1_6287,1775005920,1775005061,default
1775005531,1_46505,1_102619,F Line,1_656237600,1_7975998,1775006820,1775006820,default
1775005531,1_46505,1_102619,F Line,1_656237760,1_7976035,1775007720,1775007720,default
1775005531,1_46505,1_102619,F Line,1_656237030,1_7975997,1775008620,1775008620,default
1775005531,1_89990,29_130,130,29_16131470__MCOB-DO:121:0:Weekday:2:26MAR:61043:12345,29_19114,1775005680,1775005573,default
1775005531,1_1190,1_100009,11,1_736449420,1_7044,1775005578,1775005578,default
1775005531,1_59773,1_100045,150,1_694514410,1_8176,1775005438,1775005619,default
1775005531,1_52306,1_102619,F Line,1_800654430,1_8023883,1775006400,1775006400,default
1775005531,1_52306,1_102619,F Line,1_800654850,1_8023779,1775007300,1775007300,default
1775005531,1_52306,1_102619,F Line,1_800653480,1_8023710,1775008200,1775008200,default
1775005531,1_8530,1_100263,7,1_800588010,1_8023408,1775005633,1775005633,default
1775005531,1_45670,1_100210,36,1_800584230,1_4378,1775005612,1775005627,default
1775005531,1_65092,1_100162,271,1_569496280,1_7362,1775005680,1775005680,default
1775005531,1_41940,1_100249,60,1_801585860,1_8025822,1775005657,1775005657,default
1775005531,1_2200,1_100001,1,1_562520200,1_7974991,1775005671,1775005671,default
1775005531,1_57804,1_100072,181,1_721482010,1_7976033,1775006176,1775006176,default
1775005531,1_59282,1_102717,165,1_800649870,1_7124,1775005740,1775003767,default
1775005531,1_35440,1_100269,75,1_803351540,1_8022104,1775005264,1775005699,default
1775005531,1_620,40_510,510,40_16133729__MCOB-DO:121:0:Weekday:2:26MAR:86021:12345,40_15804,1775005800,1775005502,default
1775005531,1_620,1_102754,256,1_816378520,1_8005280,1775006160,1775006160,default
1775005531,1_620,40_100239,550,40_597760770,40_7976712,1775006280,1775006280,default
1775005531,1_620,40_515,515,40_16133699__MCOB-DO:121:0:Weekday:2:26MAR:86024:12345,40_MCOB-DO:121:0:Weekday:2:26MAR:86024:12345,1775006400,1775006400,default
1775005531,1_620,40_510,510,40_16133730__MCOB-DO:121:0:Weekday:2:26MAR:86031:12345,40_MCOB-DO:121:0:Weekday:2:26MAR:86031:12345,1775007000,1775007000,default
1775005531,1_620,40_515,515,40_16133708__MCOB-DO:121:0:Weekday:2:26MAR:86022:12345,40_MCOB-DO:121:0:Weekday:2:26MAR:86022:12345,1775007600,1775007600,default
1775005531,1_620,1_102754,256,1_816378530,1_8005282,1775008020,1775008020,default
1775005531,1_10912,1_100162,271,1_569496350,1_7976351,1775006340,1775006340,default
1775005531,1_10912,40_100451,556,40_635883580,40_7976589,1775007000,1775007000,default
1775005531,1_10912,1_100162,271,1_569496510,1_7976382,1775007240,1775007240,default
1775005531,1_10912,40_100511,542,40_581725440,40_7976686,1775007480,1775007480,default
1775005531,1_71960,40_100511,542,40_721031190,40_7976604,1775006580,1775006580,default
1775005531,1_10640,1_100252,62,1_800856400,1_8025003,1775007420,1775007420,default
1775005531,1_10640,1_100252,62,1_800856410,1_8024964,1775008320,1775008320,default
1775005531,1_8403,1_100039,14,1_562520110,1_7974987,1775005440,1775005440,default
1775005531,1_18220,1_100028,13,1_788759060,1_8023472,1775005713,1775005713,default
1775005831,1_103,1_102745,G Line,1_736437630,1_7974684,1775005878,1775005878,default
1775005831,1_12170,1_100039,14,1_562520110,1_7974987,1775005959,1775005959,default
1775005831,1_46791,1_100016,118,1_669631290,1_7976012,1775006040,1775006040,default
1775005831,1_6650,1_102747,61,1_803357180,1_8022053,1775005743,1775005872,default
1775005831,1_22196,1_102736,H Line,1_694056450,1_7974898,1775005839,1775005839,default
1775005831,1_26560,1_102574,40,1_811900510,1_8026405,1775005856,1775005856,default
1775005831,1_60161,1_100042,148,1_762078040,1_3713,1775006880,1775005461,default
1775005831,1_60161,1_100042,148,1_762078120,1_7976061,1775008680,1775008680,default
1775005831,1_320,1_100011,111,1_829479110,1_6999,1775005500,1775005868,default
1775005831,1_320,40_100239,550,40_597760960,40_7976617,1775005980,1775005980,default
1775005831,1_575,1_102615,E Line,1_813078630,1_6219,1775005800,1775005903,default
1775005831,1_575,1_102576,C Line,1_800868060,1_8025004,1775005920,1775005920,default
1775005831,1_575,1_100210,36,1_800582650,1_8023435,1775005920,1775005920,default
1775005831,1_2850,1_100089,2,1_788757910,1_7155,1775005980,1775004858,default
1775005831,1_2850,1_100089,2,1_818403210,1_8023455,1775006220,1775005210,default
1775005831,1_46505,1_102619,F Line,1_656236440,1_6287,1775005920,1775005061,default
1775005831,1_46505,1_102619,F Line,1_656237600,1_7975998,1775006820,1775006820,default
1775005831,1_46505,1_102619,F Line,1_656237760,1_7976035,1775007720,1775007720,default
1775005831,1_46505,1_102619,F Line,1_656237030,1_7975997,1775008620,1775008620,default
1775005831,1_27420,1_100249,60,1_801585920,1_8025816,1775005988,1775005988,default
1775005831,1_52306,1_102619,F Line,1_800654430,1_8023883,1775006400,1775006400,default
1775005831,1_52306,1_102619,F Line,1_800654850,1_8023779,1775007300,1775007300,default
1775005831,1_52306,1_102619,F Line,1_800653480,1_8023710,1775008200,1775008200,default
1775005831,1_80121,1_102719,161,1_800652270,1_8023784,1775005917,1775005917,default
1775005831,1_40030,1_102574,40,1_811899320,1_8220,1775005811,1775005937,default
1775005831,1_70665,1_102702,239,1_736529270,1_7976433,1775005805,1775005992,default
1775005831,1_65092,1_100162,271,1_720967960,1_7362,1775006880,1775005423,default
1775005831,1_57804,1_100072,181,1_721482010,1_7976033,1775006176,1775006176,default
1775005831,1_68160,1_102548,B Line,1_721019590,1_6021,1775006034,1775005843,default
1775005831,1_19921,1_100101,21,1_809331580,1_8025797,1775005981,1775005981,default
1775005831,1_21320,1_100249,60,1_801586010,1_8025884,1775005980,1775005980,default
1775005831,1_620,1_102754,256,1_816378520,1_7483,1775006160,1775005873,default
1775005831,1_620,1_102754,256,1_816378520,1_8005280,1775006160,1775006160,default
1775005831,1_620,40_100239,550,40_597760770,40_7976712,1775006280,1775006280,default
1775005831,1_620,40_100240,554,40_774872940,40_7976695,1775006280,1775006280,default
1775005831,1_620,40_515,515,40_16133699__MCOB-DO:121:0:Weekday:2:26MAR:86024:12345,40_MCOB-DO:121:0:Weekday:2:26MAR:86024:12345,1775006400,1775006556,default
1775005831,1_620,40_510,510,40_16133730__MCOB-DO:121:0:Weekday:2:26MAR:86031:12345,40_MCOB-DO:121:0:Weekday:2:26MAR:86031:12345,1775007000,1775007000,default
1775005831,1_620,40_515,515,40_16133708__MCOB-DO:121:0:Weekday:2:26MAR:86022:12345,40_MCOB-DO:121:0:Weekday:2:26MAR:86022:12345,1775007600,1775007600,default
1775005831,1_620,1_102754,256,1_816378530,1_8005282,1775008020,1775008020,default
1775005831,1_10912,1_100264,70,1_801592810,1_8025881,1775005906,1775006032,default
1775005831,1_10912,1_100162,271,1_569496350,1_7976351,1775006340,1775006340,default
1775005831,1_10912,40_100451,556,40_635883580,40_7976589,1775007000,1775007000,default
1775005831,1_10912,1_100162,271,1_569496510,1_7976382,1775007240,1775007240,default
1775005831,1_10912,40_100511,542,40_581725440,40_7976686,1775007480,1775007480,default
1775005831,1_71960,40_100511,542,40_721031190,40_7976604,1775006580,1775006580,default
1775005831,1_10640,1_100252,62,1_800856400,1_8025003,1775007420,1775007420,default
1775005831,1_10640,1_100252,62,1_800856410,1_8024964,1775008320,1775008320,default
1775006131,1_60161,1_100042,148,1_762078040,1_3713,1775006880,1775005461,default
1775006131,1_60161,1_100042,148,1_762078120,1_7976061,1775008680,1775008680,default
1775006131,1_970,40_590,590,40_1295020,40_10153,1775006207,1775006207,default
1775006131,1_970,40_590,590,40_1295020,40_9212,1775006207,1775006207,default
1775006131,1_8541,1_100039,14,1_562520160,1_7974988,1775006160,1775006160,default
1775006131,1_12770,1_100219,4,1_675344790,1_7974871,1775006108,1775006184,default
1775006131,1_73562,1_102753,222,1_774817630,1_7976416,1775006173,1775006173,default
1775006131,1_575,1_102581,D Line,1_803816840,1_6085,1775006220,1775006189,default
1775006131,1_2850,1_100089,2,1_818403210,1_8023455,1775006220,1775005210,default
1775006131,1_46505,1_102619,F Line,1_656237600,1_7975998,1775006820,1775006820,default
1775006131,1_46505,1_102619,F Line,1_656237760,1_7976035,1775007720,1775007720,default
1775006131,1_46505,1_102619,F Line,1_656237030,1_7975997,1775008620,1775008620,default
1775006131,1_46505,1_102619,F Line,1_656237530,1_7976016,1775009580,1775009580,default
1775006131,1_25140,1_100254,65,1_778695530,1_7975715,1775005371,1775006231,default
1775006131,1_11569,1_100002,10,1_675385270,1_7974882,1775006034,1775006263,default
1775006131,1_52306,1_102619,F Line,1_800654430,1_8023883,1775006400,1775006400,default
1775006131,1_52306,1_102619,F Line,1_800654850,1_8023779,1775007300,1775007300,default
1775006131,1_52306,1_102619,F Line,1_800653480,1_8023710,1775008200,1775008200,default
1775006131,1_8530,1_100005,106,1_727784990,1_7975009,1775006226,1775006226,default
1775006131,1_8530,1_100263,7,1_800587830,1_8023401,1775006233,1775006233,default
1775006131,1_99254,40_594,594,40_1632020,40_9219,1775006253,1775006253,default
1775006131,1_65092,1_100162,271,1_720967960,1_7362,1775006880,1775005423,default
1775006131,1_13190,1_100018,12,1_801584170,1_8025811,1775006023,1775006263,default
1775006131,1_41940,1_100249,60,1_801585920,1_8025816,1775006257,1775006257,default
1775006131,1_2200,1_100275,8,1_800890390,1_8037,1775005713,1775006256,default
1775006131,1_2200,1_100028,13,1_788759420,1_8023447,1775006066,1775006261,default
1775006131,1_59282,1_100072,181,1_721482080,1_7976015,1775006820,1775006820,default
1775006131,1_59810,1_100042,148,1_762077980,1_7976052,1775006302,1775006302,default
1775006131,1_57791,1_102718,184,1_635461940,1_7976216,1775006303,1775006306,default
1775006131,1_620,40_100236,545,40_563505150,40_7976558,1775006280,1775006469,default
1775006131,1_620,40_515,515,40_16133699__MCOB-DO:121:0:Weekday:2:26MAR:86024:12345,40_MCOB-DO:121:0:Weekday:2:26MAR:86024:12345,1775006400,1775006850,default
1775006131,1_620,40_510,510,40_16133730__MCOB-DO:121:0:Weekday:2:26MAR:86031:12345,40_MCOB-DO:121:0:Weekday:2:26MAR:86031:12345,1775007000,1775007000,default
1775006131,1_620,40_515,515,40_16133708__MCOB-DO:121:0:Weekday:2:26MAR:86022:12345,40_MCOB-DO:121:0:Weekday:2:26MAR:86022:12345,1775007600,1775007600,default
1775006131,1_620,1_102754,256,1_816378530,1_8005282,1775008020,1775008020,default
1775006131,1_10912,1_100162,271,1_569496350,1_7976351,1775006340,1775006340,default
1775006131,1_10912,40_100451,556,40_635883580,40_7976589,1775007000,1775007000,default
1775006131,1_10912,1_100162,271,1_569496510,1_7976382,1775007240,1775007240,default
1775006131,1_10912,40_100511,542,40_581725440,40_7976686,1775007480,1775007480,default
1775006131,1_71960,40_100511,542,40_721031190,40_7976604,1775006580,1775006580,default
1775006131,1_10640,1_100252,62,1_800856400,1_8025003,1775007420,1775007420,default
1775006131,1_10640,1_100252,62,1_800856410,1_8024964,1775008320,1775008320,default
1775006131,1_52081,1_102736,H Line,1_694055840,1_7974900,1775006319,1775006319,default
1775006131,1_8403,1_100039,14,1_562520150,1_7974977,1775006280,1775006280,default
1775006431,1_26560,1_102574,40,1_811901020,1_8026392,1775006456,1775006456,default
1775006431,1_60161,1_100042,148,1_762078040,1_3713,1775006880,1775005461,default
1775006431,1_60161,1_100042,148,1_762078120,1_7976061,1775008680,1775008680,default
1775006431,1_12770,1_100219,4,1_675344790,1_7974871,1775006108,1775006454,default
1775006431,1_30510,1_100006,107,1_800646540,1_8023812,1775006519,1775006519,default
1775006431,1_320,40_590,590,40_1295020,40_10153,1775006520,1775006520,default
1775006431,1_320,40_590,590,40_1295020,40_9212,1775006520,1775006520,default
1775006431,1_320,40_100240,554,40_581724770,40_9690,1775006400,1775006521,default
1775006431,1_17651,1_102747,61,1_803357180,1_3752,1775006510,1775006510,default
1775006431,1_575,1_100219,4,1_675344730,1_7974886,1775006580,1775006580,default
1775006431,1_2850,1_100089,2,1_815906120,1_7091,1775007000,1775006075,default
1775006431,1_46505,1_102619,F Line,1_656237600,1_7975998,1775006820,1775006820,default
1775006431,1_46505,1_102619,F Line,1_656237760,1_7976035,1775007720,1775007720,default
1775006431,1_46505,1_102619,F Line,1_656237030,1_7975997,1775008620,1775008620,default
1775006431,1_46505,1_102619,F Line,1_656237530,1_7976016,1775009580,1775009580,default
1775006431,1_29423,1_102732,79,1_816446530,1_8022070,1775007300,1775007300,default
1775006431,1_68130,1_102548,B Line,1_721018570,1_6025,1775006456,1775006495,default
1775006431,1_81199,1_100072,181,1_721482010,1_7976033,1775006520,1775006520,default
1775006431,1_73366,1_102548,B Line,1_721019320,1_7976636,1775006560,1775006560,default
1775006431,1_72494,1_100160,269,1_806918470,1_8024688,1775006640,1775006640,default
1775006431,1_52306,1_102619,F Line,1_800654850,1_8023779,1775007300,1775007300,default
1775006431,1_52306,1_102619,F Line,1_800653480,1_8023710,1775008200,1775008200,default
1775006431,1_65092,1_100162,271,1_720967960,1_7362,1775006880,1775005423,default
1775006431,1_2200,1_100001,1,1_562520250,1_7974989,1775006571,1775006571,default
1775006431,1_59282,1_100072,181,1_721482080,1_7106,1775006820,1775006222,default
1775006431,1_23905,1_100214,372,1_694306540,1_7976765,1775006605,1775006605,default
1775006431,1_42540,1_100072,181,1_721490250,1_7976104,1775006627,1775006627,default
1775006431,1_58111,1_102619,F Line,1_800654610,1_8023712,1775006635,1775006635,default
1775006431,1_620,40_100236,545,40_563505150,40_9663,1775006280,1775006592,default
1775006431,1_620,40_515,515,40_16133699__MCOB-DO:121:0:Weekday:2:26MAR:86024:12345,40_MCOB-DO:121:0:Weekday:2:26MAR:86024:12345,1775006400,1775007069,default
1775006431,1_620,40_100239,550,40_597760480,40_7976614,1775007180,1775007180,default
1775006431,1_620,40_515,515,40_16133708__MCOB-DO:121:0:Weekday:2:26MAR:86022:12345,40_MCOB-DO:121:0:Weekday:2:26MAR:86022:12345,1775007600,1775007600,default
1775006431,1_620,1_102754,256,1_816378530,1_8005282,1775008020,1775008020,default
1775006431,1_620,40_510,510,40_16133730__MCOB-DO:121:0:Weekday:2:26MAR:86031:12345,40_MCOB-DO:121:0:Weekday:2:26MAR:86031:12345,1775007000,1775009908,default
1775006431,1_10912,1_100447,49,1_801199700,1_4354,1775006490,1775006618,default
1775006431,1_10912,40_100451,556,40_635883580,40_7976589,1775007000,1775007000,default
1775006431,1_10912,1_100162,271,1_569496510,1_7976382,1775007240,1775007240,default
1775006431,1_10912,40_100511,542,40_581725440,40_7976686,1775007480,1775007480,default
1775006431,1_10912,1_100162,271,1_585519420,1_7976349,1775008320,1775008320,default
1775006431,1_71960,40_100511,542,40_721031230,40_7976607,1775008320,1775008320,default
1775006431,1_10640,1_100252,62,1_800856400,1_8065,1775007420,1775006406,default
1775006431,1_10640,1_100252,62,1_800856400,1_8025003,1775007420,1775007420,default
1775006431,1_10640,1_100252,62,1_800856410,1_8024964,1775008320,1775008320,default
1775006431,1_76310,40_100232,522,40_635896670,40_7976740,1775006607,1775006607,default
1775006731,1_12170,1_100039,14,1_562520150,1_7974977,1775006799,1775006799,default
1775006731,1_46791,1_100016,118,1_669631310,1_3708,1775006760,1775006760,default
1775006731,1_46791,1_100016,118,1_669631310,1_7976005,1775006760,1775006760,default
1775006731,1_481,1_102576,C Line,1_800868250,1_8024974,1775006760,1775006760,default
1775006731,1_60161,1_100042,148,1_762078040,1_3713,1775006880,1775005461,default
1775006731,1_60161,1_100042,148,1_762078120,1_7976061,1775008680,1775008680,default
1775006731,1_320,1_100104,212,1_806323870,1_7426,1775006760,1775006811,default
1775006731,1_81205,1_100072,181,1_721482010,1_7976033,1775006791,1775006791,default
1775006731,1_2850,1_100089,2,1_815906120,1_7091,1775007000,1775006075,default
1775006731,1_8080,1_100006,107,1_635437930,1_7976072,1775006785,1775006785,default
1775006731,1_46505,1_102619,F Line,1_656237600,1_7975998,1775006820,1775006820,default
1775006731,1_46505,1_102619,F Line,1_656237760,1_7976035,1775007720,1775007720,default
1775006731,1_46505,1_102619,F Line,1_656237030,1_7975997,1775008620,1775008620,default
1775006731,1_46505,1_102619,F Line,1_656237530,1_7976016,1775009580,1775009580,default
1775006731,1_29423,1_102732,79,1_816446530,1_8022070,1775007300,1775007300,default
1775006731,1_1190,1_100009,11,1_736448920,1_7028,1775006778,1775006778,default
1775006731,1_1190,40_100239,550,40_597760770,40_7976712,1775006792,1775006792,default
1775006731,1_76024,1_102702,239,1_736529490,1_7976434,1775006846,1775006846,default
1775006731,1_52306,1_102619,F Line,1_800654850,1_8023779,1775007300,1775007300,default
1775006731,1_52306,1_102619,F Line,1_800653480,1_8023710,1775008200,1775008200,default
1775006731,1_8530,1_100263,7,1_800588440,1_8023429,1775006833,1775006833,default
1775006731,1_58112,1_102619,F Line,1_800654610,1_8023712,1775006916,1775006916,default
1775006731,1_45670,1_100210,36,1_800583890,1_8023386,1775006812,1775006844,default
1775006731,1_65092,1_100162,271,1_720967960,1_7362,1775006880,1775005423,default
1775006731,1_49350,1_100026,128,1_806634500,1_8023667,1775006917,1775006917,default
1775006731,1_71678,1_102552,226,1_816296170,1_8024714,1775006900,1775006900,default
1775006731,1_10210,1_100264,70,1_801592810,1_8025881,1775006935,1775006935,default
1775006731,1_50787,1_100074,183,1_800657330,1_7322,1775006880,1775006880,default
1775006731,1_81684,1_100160,269,1_806916880,1_8024685,1775006880,1775006880,default
1775006731,1_620,40_515,515,40_16133699__MCOB-DO:121:0:Weekday:2:26MAR:86024:12345,40_MCOB-DO:121:0:Weekday:2:26MAR:86024:12345,1775006400,1775007138,default
1775006731,1_620,40_100239,550,40_597760480,40_7976614,1775007180,1775007180,default
1775006731,1_620,40_515,515,40_16133708__MCOB-DO:121:0:Weekday:2:26MAR:86022:12345,40_MCOB-DO:121:0:Weekday:2:26MAR:86022:12345,1775007600,1775007600,default
1775006731,1_620,1_102754,256,1_816378530,1_8005282,1775008020,1775008020,default
1775006731,1_620,40_510,510,40_16133730__MCOB-DO:121:0:Weekday:2:26MAR:86031:12345,40_MCOB-DO:121:0:Weekday:2:26MAR:86031:12345,1775007000,1775010084,default
1775006731,1_10912,40_100451,556,40_635883580,40_7976589,1775007000,1775007000,default
1775006731,1_10912,1_100162,271,1_569496510,1_7976382,1775007240,1775007240,default
1775006731,1_10912,40_100511,542,40_581725440,40_7976686,1775007480,1775007480,default
1775006731,1_10912,1_100162,271,1_585519420,1_7976349,1775008320,1775008320,default
1775006731,1_71960,40_100511,542,40_721031230,40_7976607,1775008320,1775008320,default
1775006731,1_10640,1_100252,62,1_800856400,1_8065,1775007420,1775006406,default
1775006731,1_10640,1_100252,62,1_800856410,1_8024964,1775008320,1775008320,default
1775006731,1_18220,1_100219,4,1_675344720,1_7974885,1775006940,1775006940,default
1775006731,1_76310,1_100214,372,1_694306240,1_6876,1775006695,1775006925,default
1775007031,1_76317,1_102702,239,1_736529490,1_7976434,1775007057,1775007057,default
1775007031,1_26560,1_102574,40,1_811901900,1_8025886,1775007056,1775007056,default
1775007031,1_60161,1_100042,148,1_762078120,1_7976061,1775008680,1775008680,default
1775007031,1_8541,1_100039,14,1_562520230,1_7974991,1775007060,1775007060,default
1775007031,1_320,40_590,590,40_3685020,40_10185,1775007240,1775007240,default
1775007031,1_7790,1_102615,E Line,1_813082030,1_8022120,1775007083,1775007083,default
1775007031,1_575,1_102581,D Line,1_803816830,1_6063,1775006820,1775007077,default
1775007031,1_575,1_102615,E Line,1_813078060,1_6205,1775006820,1775007086,default
1775007031,1_77910,1_102746,333,1_778704270,1_7975729,1775007067,1775007067,default
1775007031,1_46505,1_102619,F Line,1_656237760,1_7976035,1775007720,1775007720,default
1775007031,1_46505,1_102619,F Line,1_656237030,1_7975997,1775008620,1775008620,default
1775007031,1_46505,1_102619,F Line,1_656237530,1_7976016,1775009580,1775009580,default
1775007031,1_46505,1_102619,F Line,1_656237270,1_7976229,1775010480,1775010480,default
1775007031,1_29423,1_102732,79,1_816446530,1_8022070,1775007300,1775007300,default
1775007031,1_47660,1_102736,H Line,1_694055840,1_7974900,1775007115,1775007115,default
1775007031,1_11569,1_100002,10,1_675385300,1_7974874,1775007174,1775007174,default
1775007031,1_52306,1_102619,F Line,1_800654850,1_8023779,1775007300,1775007300,default
1775007031,1_52306,1_102619,F Line,1_800653480,1_8023710,1775008200,1775008200,default
1775007031,1_40030,1_102574,40,1_811900610,1_8253,1775006351,1775007180,default
1775007031,1_82187,1_100259,67,1_724948020,1_7975710,1775007142,1775007142,default
1775007031,1_57804,1_100072,181,1_721481550,1_7976067,1775007436,1775007436,default
1775007031,1_59282,1_102717,165,1_800649880,1_7355,1775007840,1775006709,default
1775007031,1_85531,1_102757,187,1_762095160,1_7976065,1775007300,1775007300,default
1775007031,1_19921,1_100101,21,1_809328540,1_8025804,1775006941,1775007178,default
1775007031,1_39336,1_100205,348,1_771627410,1_7975641,1775007207,1775007207,default
1775007031,1_2260,1_100275,8,1_800890640,1_8002,1775007190,1775007190,default
1775007031,1_620,40_100236,545,40_560091720,40_7976551,1775007180,1775007351,default
1775007031,1_620,40_515,515,40_16133708__MCOB-DO:121:0:Weekday:2:26MAR:86022:12345,40_MCOB-DO:121:0:Weekday:2:26MAR:86022:12345,1775007600,1775007815,default
1775007031,1_620,1_102754,256,1_816378530,1_8005282,1775008020,1775008020,default
1775007031,1_620,40_510,510,40_16133730__MCOB-DO:121:0:Weekday:2:26MAR:86031:12345,40_MCOB-DO:121:0:Weekday:2:26MAR:86031:12345,1775007000,1775010182,default
1775007031,1_10912,1_100162,271,1_569496510,1_7250,1775007240,1775007113,default
1775007031,1_10912,1_100214,372,1_694306860,1_6922,1775007044,1775007224,default
1775007031,1_10912,1_100162,271,1_569496510,1_7976382,1775007240,1775007240,default
1775007031,1_10912,40_100511,542,40_581725440,40_7976686,1775007480,1775007480,default
1775007031,1_10912,1_100162,271,1_585519420,1_7976349,1775008320,1775008320,default
1775007031,1_10912,40_100511,542,40_569576340,40_7976608,1775009460,1775009460,default
1775007031,1_71960,40_100511,542,40_721031230,40_7976607,1775008320,1775008320,default
1775007031,1_10640,1_100252,62,1_800856400,1_8065,1775007420,1775006406,default
1775007031,1_10640,1_100252,62,1_800856410,1_8024964,1775008320,1775008320,default
1775007031,1_8403,1_100039,14,1_562520160,1_7974988,1775007180,1775007180,default
1775007331,1_60161,1_100042,148,1_762078120,1_7976061,1775008680,1775008680,default
1775007331,1_30510,1_100006,107,1_800667360,1_8023786,1775007359,1775007359,default
1775007331,1_320,40_100239,550,40_597761230,40_9678,1775007420,1775007408,default
1775007331,1_575,1_100219,4,1_675344790,1_7974871,1775007420,1775007420,default
1775007331,1_46505,1_102619,F Line,1_656237760,1_7976035,1775007720,1775007720,default
1775007331,1_46505,1_102619,F Line,1_656237030,1_7975997,1775008620,1775008620,default
1775007331,1_46505,1_102619,F Line,1_656237530,1_7976016,1775009580,1775009580,default
1775007331,1_46505,1_102619,F Line,1_656237270,1_7976229,1775010480,1775010480,default
1775007331,1_40060,1_102574,40,1_811899330,1_8025885,1775007393,1775007393,default
1775007331,1_280,40_100240,554,40_560097870,40_9654,1775007385,1775007385,default
1775007331,1_280,1_100104,212,1_806323880,1_6885,1775007413,1775007413,default
1775007331,1_57453,1_100060,168,1_664461020,1_7976094,1775010660,1775010660,default
1775007331,1_52306,1_102619,F Line,1_800653480,1_8023710,1775008200,1775008200,default
1775007331,1_40065,1_102574,40,1_811899330,1_8025885,1775007505,1775007505,default
1775007331,1_41850,1_100006,107,1_800667360,1_8023786,1775007444,1775007444,default
1775007331,1_11060,1_100249,60,1_801586280,1_7183,1775007157,1775007454,default
1775007331,1_22184,1_102736,H Line,1_694056020,1_7974893,1775007506,1775007506,default
1775007331,1_59282,1_102717,165,1_800649880,1_7355,1775007840,1775006709,default
1775007331,1_23905,1_100214,372,1_694307060,1_7976762,1775007552,1775007552,default
1775007331,1_14280,1_102581,D Line,1_803816920,1_8022123,1775007502,1775007502,default
1775007331,1_620,40_100239,550,40_597761050,40_7976644,1775007960,1775007960,default
1775007331,1_620,1_102754,256,1_816378530,1_8005282,1775008020,1775008020,default
1775007331,1_620,40_515,515,40_16133708__MCOB-DO:121:0:Weekday:2:26MAR:86022:12345,40_MCOB-DO:121:0:Weekday:2:26MAR:86022:12345,1775007600,1775008116,default
1775007331,1_10912,1_100162,271,1_585519420,1_7976349,1775008320,1775008320,default
1775007331,1_10912,40_100511,542,40_569576340,40_7976608,1775009460,1775009460,default
1775007331,1_71960,40_100511,542,40_721031230,40_7976607,1775008320,1775008320,default
1775007331,1_49810,1_100031,132,1_800857340,1_8024996,1775007550,1775007550,default
1775007331,1_10640,1_100252,62,1_800856410,1_8024964,1775008320,1775008320,default
1775007631,1_12170,1_100039,14,1_562520160,1_7974988,1775007699,1775007699,default
1775007631,1_51551,1_102736,H Line,1_694056070,1_7974895,1775007747,1775007747,default
1775007631,1_60161,1_100042,148,1_762078120,1_7976061,1775008680,1775008680,default
1775007631,1_575,1_102581,D Line,1_800600240,1_6084,1775007420,1775007714,default
1775007631,1_575,1_100210,36,1_800584230,1_8023418,1775007720,1775007720,default
1775007631,1_2850,1_100089,2,1_788758280,1_8023471,1775009100,1775009100,default
1775007631,1_46505,1_102619,F Line,1_656237760,1_7976035,1775007720,1775007720,default
1775007631,1_46505,1_102619,F Line,1_656237030,1_7975997,1775008620,1775008620,default
1775007631,1_46505,1_102619,F Line,1_656237530,1_7976016,1775009580,1775009580,default
1775007631,1_46505,1_102619,F Line,1_656237270,1_7976229,1775010480,1775010480,default
1775007631,1_89990,29_130,130,29_16131695__MCOB-DO:121:0:Weekday:2:26MAR:41008:12345,29_19123,1775007600,1775007673,default
1775007631,1_1190,40_100239,550,40_597760480,40_7976614,1775007692,1775007692,default
1775007631,1_57453,1_100060,168,1_664461020,1_7976094,1775010660,1775010660,default
1775007631,1_81199,1_100072,181,1_721481550,1_7976067,1775007743,1775007743,default
1775007631,1_11940,1_100039,14,1_562520290,1_7974976,1775007770,1775007770,default
1775007631,1_52306,1_102619,F Line,1_800653480,1_8023710,1775008200,1775008200,default
1775007631,1_80121,1_102719,161,1_800652280,1_8023782,1775007717,1775007717,default
1775007631,1_58112,1_102619,F Line,1_656236440,1_7976083,1775007816,1775007816,default
1775007631,1_40030,1_102574,40,1_811901790,1_8294,1775007615,1775007790,default
1775007631,1_29650,1_100224,44,1_664048220,1_7974928,1775007732,1775007732,default
1775007631,1_59282,1_102717,165,1_800649880,1_7355,1775007840,1775006709,default
1775007631,1_68160,1_102548,B Line,1_721018720,1_6034,1775007834,1775007677,default
1775007631,1_70330,1_102703,231,1_633061970,1_7976383,1775007768,1775007768,default
1775007631,1_60710,1_100512,A Line,1_800654990,1_8023806,1775007799,1775007799,default
1775007631,1_620,1_100045,150,1_694514380,1_7976156,1775007840,1775007840,default
1775007631,1_620,40_100239,550,40_597761050,40_7976644,1775007960,1775007960,default
1775007631,1_620,1_102754,256,1_816378530,1_8005282,1775008020,1775008020,default
1775007631,1_620,40_100240,554,40_774872950,40_7976689,1775008080,1775008080,default
1775007631,1_620,40_515,515,40_16133708__MCOB-DO:121:0:Weekday:2:26MAR:86022:12345,40_MCOB-DO:121:0:Weekday:2:26MAR:86022:12345,1775007600,1775008412,default
1775007631,1_10912,1_100214,372,1_694306530,1_6951,1775007644,1775007815,default
1775007631,1_10912,1_100162,271,1_585519420,1_7976349,1775008320,1775008320,default
1775007631,1_10912,40_100511,542,40_569576340,40_7976608,1775009460,1775009460,default
1775007631,1_71960,40_100511,542,40_721031230,40_7976607,1775008320,1775008320,default
1775007631,1_71960,40_100511,542,40_721031440,40_7976685,1775010060,1775010060,default
1775007631,1_10640,1_100252,62,1_800856410,1_8018,1775008320,1775007474,default
1775007931,1_60161,1_100042,148,1_762078120,1_7976061,1775008680,1775008680,default
1775007931,1_8541,1_100039,14,1_562520280,1_7974989,1775007960,1775007960,default
1775007931,1_9750,1_100269,75,1_803351960,1_8022110,1775007889,1775007969,default
1775007931,1_81205,1_100072,181,1_721481550,1_7976067,1775007991,1775007991,default
1775007931,1_575,1_102581,D Line,1_803816860,1_6091,1775008020,1775007982,default
1775007931,1_575,1_100028,13,1_788759080,1_7155,1775007540,1775008029,default
1775007931,1_2850,1_100089,2,1_788758280,1_7153,1775009100,1775007674,default
1775007931,1_2850,1_100089,2,1_788758280,1_8023471,1775009100,1775009100,default
1775007931,1_46505,1_102619,F Line,1_656237030,1_7975997,1775008620,1775008620,default
1775007931,1_46505,1_102619,F Line,1_656237530,1_7976016,1775009580,1775009580,default
1775007931,1_46505,1_102619,F Line,1_656237270,1_7976229,1775010480,1775010480,default
1775007931,1_46505,1_102619,F Line,1_656237690,1_7976085,1775011380,1775011380,default
1775007931,1_40060,1_102574,40,1_811901400,1_8026389,1775007993,1775007993,default
1775007931,1_57453,1_100060,168,1_664461020,1_7976094,1775010660,1775010660,default
1775007931,1_11200,1_100447,49,1_801199740,1_8023490,1775008020,1775008020,default
1775007931,1_52306,1_102619,F Line,1_800653480,1_8023710,1775008200,1775008200,default
1775007931,1_40065,1_102574,40,1_811901400,1_8026389,1775008105,1775008105,default
1775007931,1_49350,1_100026,128,1_806634610,1_8023680,1775008057,1775008057,default
1775007931,1_59282,1_100072,181,1_721490240,1_7482,1775008620,1775007767,default
1775007931,1_59282,1_100072,181,1_721490240,1_7976033,1775008620,1775008620,default
1775007931,1_14280,1_102581,D Line,1_803816840,1_8022080,1775008162,1775008119,default
1775007931,1_58079,1_102719,161,1_800651910,1_8023781,1775007960,1775008073,default
1775007931,1_2260,1_100275,8,1_800890470,1_8012,1775008090,1775008090,default
1775007931,1_620,40_515,515,40_16133708__MCOB-DO:121:0:Weekday:2:26MAR:86022:12345,40_MCOB-DO:121:0:Weekday:2:26MAR:86022:12345,1775007600,1775008505,default
1775007931,1_10912,1_100162,271,1_585519420,1_7976349,1775008320,1775008320,default
1775007931,1_10912,1_100162,271,1_569554050,1_7976354,1775009100,1775009100,default
1775007931,1_10912,40_100511,542,40_569576340,40_7976608,1775009460,1775009460,default
1775007931,1_71960,40_100511,542,40_721031230,40_7976607,1775008320,1775008320,default
1775007931,1_71960,40_100511,542,40_721031440,40_7976685,1775010060,1775010060,default
1775007931,1_10640,1_100252,62,1_800856410,1_8018,1775008320,1775007474,default
1775007931,1_10640,1_100252,62,1_800856420,1_8023,1775009220,1775007922,default
1775007931,1_10640,1_100252,62,1_800856420,1_8025001,1775009220,1775009220,default
1775007931,1_8403,1_100039,14,1_562520230,1_7974991,1775008080,1775008080,default
1775008231,1_60161,1_100042,148,1_762078120,1_3704,1775008680,1775007945,default
1775008231,1_60161,1_100042,148,1_762078120,1_7976061,1775008680,1775008680,default
1775008231,1_12770,1_100228,48,1_721359730,1_7974613,1775008300,1775008300,default
1775008231,1_575,1_100219,4,1_675345440,1_7974869,1775008320,1775008320,default
1775008231,1_2850,1_100089,2,1_788758280,1_7153,1775009100,1775007674,default
1775008231,1_46505,1_102619,F Line,1_656237030,1_7975997,1775008620,1775008620,default
1775008231,1_46505,1_102619,F Line,1_656237530,1_7976016,1775009580,1775009580,default
1775008231,1_46505,1_102619,F Line,1_656237270,1_7976229,1775010480,1775010480,default
1775008231,1_46505,1_102619,F Line,1_656237690,1_7976085,1775011380,1775011380,default
1775008231,1_280,40_100240,554,40_581725380,40_7976695,1775008285,1775008285,default
1775008231,1_57453,1_100060,168,1_664461020,1_7976094,1775010660,1775010660,default
1775008231,1_73366,1_102548,B Line,1_721019400,1_7976637,1775008300,1775008300,default
1775008231,1_52306,1_102619,F Line,1_800654620,1_8023712,1775009100,1775009100,default
1775008231,1_52306,1_102619,F Line,1_800654940,1_8023715,1775011800,1775011800,default
1775008231,1_59282,1_100072,181,1_721490240,1_7482,1775008620,1775007767,default
1775008231,1_59282,1_102717,165,1_800649890,1_8023767,1775009640,1775009640,default
1775008231,1_31890,1_100026,128,1_806634940,1_8023666,1775008378,1775008378,default
1775008231,1_10912,1_100214,372,1_694307130,1_6980,1775008244,1775008441,default
1775008231,1_10912,1_100162,271,1_569554050,1_7976354,1775009100,1775009100,default
1775008231,1_10912,40_100511,542,40_569576340,40_7976608,1775009460,1775009460,default
1775008231,1_71960,40_100511,542,40_721031440,40_7976685,1775010060,1775010060,default
1775008231,1_10640,1_100252,62,1_800856420,1_8023,1775009220,1775007922,default
1775008231,1_18550,1_100252,62,1_800855590,1_8024956,1775008413,1775008413,default
1775008531,1_12170,1_100039,14,1_562520230,1_7974991,1775008599,1775008599,default
1775008531,1_60161,1_100042,148,1_762078120,1_3704,1775008680,1775007945,default
1775008531,1_575,1_102581,D Line,1_800600320,1_6045,1775008620,1775008612,default
1775008531,1_575,1_102615,E Line,1_813078280,1_6223,1775008620,1775008621,default
1775008531,1_2850,1_100089,2,1_788758280,1_7153,1775009100,1775007674,default
1775008531,1_2850,1_100089,2,1_788757930,1_8023447,1775009940,1775009940,default
1775008531,1_46505,1_102619,F Line,1_656237030,1_7975997,1775008620,1775008620,default
1775008531,1_46505,1_102619,F Line,1_656237530,1_7976016,1775009580,1775009580,default
1775008531,1_46505,1_102619,F Line,1_656237270,1_7976229,1775010480,1775010480,default
1775008531,1_46505,1_102619,F Line,1_656237690,1_7976085,1775011380,1775011380,default
1775008531,1_280,40_100240,554,40_581725380,40_9682,1775008285,1775008579,default
1775008531,1_280,1_100104,212,1_806323890,1_7435,1775008553,1775008583,default
1775008531,1_1190,1_100447,49,1_801199780,1_8023493,1775008399,1775008575,default
1775008531,1_1190,1_100018,12,1_801584120,1_7072,1775008219,1775008587,default
1775008531,1_1190,1_100447,49,1_801199780,1_4331,1775008399,1775008590,default
1775008531,1_27420,1_100249,60,1_801586090,1_8025815,1775008688,1775008688,default
1775008531,1_57453,1_100060,168,1_664461020,1_7976094,1775010660,1775010798,default
1775008531,1_76024,1_102702,239,1_736529540,1_7976433,1775008600,1775008600,default
1775008531,1_72494,1_100160,269,1_806916880,1_8024685,1775008680,1775008680,default
1775008531,1_52306,1_102619,F Line,1_800654620,1_8023712,1775009100,1775009100,default
1775008531,1_52306,1_102619,F Line,1_800654940,1_8023715,1775011800,1775011800,default
1775008531,1_21945,1_102717,165,1_800649870,1_8023783,1775008620,1775008620,default
1775008531,1_82187,1_100259,67,1_724948660,1_7975670,1775008642,1775008642,default
1775008531,1_76312,1_102705,230,1_664298890,1_7976384,1775009521,1775009521,default
1775008531,1_59282,1_102717,165,1_800649890,1_7071,1775009640,1775008535,default
1775008531,1_59282,1_100072,181,1_721482020,1_7475,1775009700,1775008858,default
1775008531,1_620,40_100240,554,40_774873230,40_7976696,1775009760,1775009760,default
1775008531,1_620,40_100239,550,40_597761440,40_7976642,1775009760,1775009760,default
1775008531,1_10912,1_100162,271,1_569495950,1_7976350,1775010120,1775010120,default
1775008531,1_10912,40_100511,542,40_569576360,40_7976604,1775011260,1775011260,default
1775008531,1_71960,40_100511,542,40_721031440,40_7976685,1775010060,1775010060,default
1775008531,1_71960,40_100511,542,40_721031120,40_7976686,1775012040,1775012040,default
1775008531,1_74124,1_102753,222,1_774817980,1_7976416,1775009571,1775009571,default
1775008531,1_10640,1_100252,62,1_800856430,1_8057,1775010120,1775008711,default
1775008531,1_52081,1_102736,H Line,1_694055700,1_7974899,1775009499,1775009579,default
1775009581,1_60161,1_100042,148,1_762077900,1_7976053,1775012460,1775012460,default
1775009581,1_51930,1_100030,131,1_800857060,1_8024983,1775009597,1775009597,default
1775009581,1_575,1_100219,4,1_675344870,1_7974873,1775009700,1775009700,default
1775009581,1_2850,1_100089,2,1_788757930,1_7095,1775009940,1775008633,default
1775009581,1_2850,1_100089,2,1_788758290,1_8023448,1775011020,1775011020,default
1775009581,1_46505,1_102619,F Line,1_656237270,1_7976229,1775010480,1775010480,default
1775009581,1_46505,1_102619,F Line,1_656237690,1_7976085,1775011380,1775011380,default
1775009581,1_46505,1_102619,F Line,1_656236310,1_7975999,1775012280,1775012280,default
1775009581,1_46505,1_102619,F Line,1_656237460,1_7976004,1775013180,1775013180,default
1775009581,1_280,40_100240,554,40_694286990,40_7976689,1775009485,1775009660,default
1775009581,1_31680,1_100031,132,1_800857200,1_8024992,1775009650,1775009650,default
1775009581,1_57453,1_100060,168,1_664461020,1_7976094,1775010660,1775010940,default
1775009581,1_52306,1_102619,F Line,1_656236450,1_7976083,1775010000,1775010000,default
1775009581,1_52306,1_102619,F Line,1_800654940,1_8023715,1775011800,1775011800,default
1775009581,1_65092,1_100162,271,1_720966790,1_7976352,1775010300,1775010300,default
1775009581,1_49730,1_100031,132,1_800857200,1_8024992,1775009701,1775009701,default
1775009581,1_39983,1_102736,H Line,1_694056520,1_7974891,1775009760,1775009760,default
1775009581,1_41370,1_100219,4,1_675345440,1_7974869,1775009737,1775009737,default
1775009581,1_620,40_100240,554,40_774873230,40_7976696,1775009760,1775009760,default
1775009581,1_620,40_100239,550,40_597761440,40_7976642,1775009760,1775009760,default
1775009581,1_620,40_100236,545,40_563506200,40_9636,1775009820,1775009858,default
1775009581,1_10912,1_100162,271,1_569495950,1_7976350,1775010120,1775010120,default
1775009581,1_10912,40_100511,542,40_569576360,40_7976604,1775011260,1775011260,default
1775009581,1_71960,40_100511,542,40_721031440,40_7976685,1775010060,1775010060,default
1775009581,1_71960,40_100511,542,40_721031120,40_7976686,1775012040,1775012040,default
1775009581,1_10640,1_100252,62,1_800856430,1_8057,1775010120,1775008711,default
1775009581,1_8403,1_100039,14,1_562520390,1_4315,1775009760,1775009763,default
1775009881,1_103,1_102745,G Line,1_736436930,1_7974688,1775009986,1775009986,default
1775009881,1_60161,1_100042,148,1_762077900,1_7976053,1775012460,1775012460,default
1775009881,1_575,1_100263,7,1_800588270,1_8023484,1775010000,1775010000,default
1775009881,1_2850,1_100089,2,1_788757930,1_7095,1775009940,1775008633,default
1775009881,1_2850,1_100089,2,1_788758290,1_7140,1775011020,1775009610,default
1775009881,1_2850,1_100089,2,1_788758290,1_8023448,1775011020,1775011020,default
1775009881,1_46505,1_102619,F Line,1_656237270,1_7976229,1775010480,1775010480,default
1775009881,1_46505,1_102619,F Line,1_656237690,1_7976085,1775011380,1775011380,default
1775009881,1_46505,1_102619,F Line,1_656236310,1_7975999,1775012280,1775012280,default
1775009881,1_46505,1_102619,F Line,1_656237460,1_7976004,1775013180,1775013180,default
1775009881,1_29423,1_102732,79,1_816446510,1_8126,1775010900,1775010900,default
1775009881,1_280,40_100240,554,40_694286990,40_7976689,1775009485,1775009945,default
1775009881,1_27420,1_100249,60,1_801586300,1_8025884,1775010068,1775010068,default
1775009881,1_57453,1_100060,168,1_664461020,1_7976094,1775010660,1775010959,default
1775009881,1_74152,1_102753,222,1_774817980,1_7976416,1775009957,1775009957,default
1775009881,1_76024,1_102702,239,1_736529530,1_7976431,1775009980,1775009980,default
1775009881,1_73366,1_102548,B Line,1_721019280,1_7976627,1775009980,1775009980,default
1775009881,1_52306,1_102619,F Line,1_656236450,1_7976083,1775010000,1775010000,default
1775009881,1_52306,1_102619,F Line,1_656237610,1_7975998,1775010900,1775010900,default
1775009881,1_52306,1_102619,F Line,1_800654940,1_8023715,1775011800,1775011800,default
1775009881,1_57350,1_102720,160,1_770988540,1_7976102,1775010000,1775010000,default
1775009881,1_65092,1_100162,271,1_720966790,1_7976352,1775010300,1775010300,default
1775009881,1_38220,1_100214,372,1_694306030,1_7976752,1775010004,1775010004,default
1775009881,1_41850,1_100006,107,1_635437980,1_7976052,1775010037,1775010037,default
1775009881,1_59810,1_100042,148,1_762078120,1_7976061,1775009902,1775010026,default
1775009881,1_75850,1_102615,E Line,1_813078450,1_8025856,1775010041,1775010041,default
1775009881,1_10912,1_100447,49,1_650118660,1_7975090,1775010090,1775010090,default
1775009881,1_10912,1_100162,271,1_569495950,1_7976350,1775010120,1775010120,default
1775009881,1_10912,40_100511,542,40_569576360,40_7976604,1775011260,1775011260,default
1775009881,1_71960,40_100511,542,40_721031440,40_9660,1775010060,1775009928,default
1775009881,1_71960,40_100511,542,40_721031440,40_7976685,1775010060,1775010060,default
1775009881,1_71960,40_100511,542,40_721031120,40_7976686,1775012040,1775012040,default
1775009881,1_10640,1_100252,62,1_800856430,1_8057,1775010120,1775008711,default
1775009881,1_8403,1_100039,14,1_562520300,1_7974990,1775009940,1775009940,default
1775010181,1_60161,1_100042,148,1_762077900,1_7976053,1775012460,1775012460,default
1775010181,1_320,40_100240,554,40_694286990,40_7976689,1775009580,1775010230,default
1775010181,1_12220,1_100009,11,1_736449090,1_7042,1775010997,1775010198,default
1775010181,1_2850,1_100089,2,1_788758290,1_7140,1775011020,1775009610,default
1775010181,1_46505,1_102619,F Line,1_656237270,1_7976229,1775010480,1775010480,default
1775010181,1_46505,1_102619,F Line,1_656237690,1_7976085,1775011380,1775011380,default
1775010181,1_46505,1_102619,F Line,1_656236310,1_7975999,1775012280,1775012280,default
1775010181,1_46505,1_102619,F Line,1_656237460,1_7976004,1775013180,1775013180,default
1775010181,1_29423,1_102732,79,1_816446510,1_8126,1775010900,1775010900,default
1775010181,1_36711,1_100230,50,1_785559150,1_7976170,1775010249,1775010249,default
1775010181,1_23530,1_100259,67,1_724949250,1_7975674,1775010244,1775010244,default
1775010181,1_57453,1_100060,168,1_664461020,1_7976094,1775010660,1775010849,default
1775010181,1_52306,1_102619,F Line,1_656237610,1_7975998,1775010900,1775010900,default
1775010181,1_52306,1_102619,F Line,1_800654940,1_8023715,1775011800,1775011800,default
1775010181,1_65092,1_100162,271,1_720966790,1_7976352,1775010300,1775010300,default
1775010181,1_41940,1_100249,60,1_801586300,1_8025884,1775010337,1775010337,default
1775010181,1_43782,1_100275,8,1_800890370,1_8037,1775010322,1775010322,default
1775010181,1_21080,1_100249,60,1_801586160,1_7105,1775010240,1775010348,default
1775010181,1_59282,1_102717,165,1_800649900,1_7310,1775011500,1775010153,default
1775010181,1_59282,1_102717,165,1_800649900,1_8023716,1775011500,1775011500,default
1775010181,1_23905,1_100214,372,1_694306030,1_7976752,1775010372,1775010372,default
1775010181,1_57420,1_102720,160,1_770988540,1_7976102,1775010340,1775010340,default
1775010181,1_50787,1_100074,183,1_800657460,1_7410,1775010360,1775010360,default
1775010181,1_57791,1_102718,184,1_635442920,1_7975994,1775010383,1775010458,default
1775010181,1_16990,1_102574,40,1_811901660,1_8026388,1775010344,1775010344,default
1775010181,1_10912,40_100511,542,40_569576360,40_7976604,1775011260,1775011260,default
1775010181,1_71960,40_100511,542,40_721031120,40_7976686,1775012040,1775012040,default
1775010181,1_10640,1_100252,62,1_800856440,1_8024963,1775011020,1775011020,default
1775010481,1_481,1_102576,C Line,1_800867700,1_8024978,1775010540,1775010540,default
1775010481,1_5830,1_100229,5,1_809331180,1_8025838,1775010077,1775010494,default
1775010481,1_51551,1_102736,H Line,1_694056520,1_7974891,1775010507,1775010507,default
1775010481,1_60161,1_100042,148,1_762077900,1_7976053,1775012460,1775012460,default
1775010481,1_12220,1_100009,11,1_736449090,1_7042,1775010997,1775010468,default
1775010481,1_575,1_100089,2,1_788758280,1_8023471,1775010600,1775010600,default
1775010481,1_575,1_100173,3,1_675344400,1_7974915,1775010600,1775010600,default
1775010481,1_575,1_100263,7,1_800587070,1_8023410,1775010600,1775010600,default
1775010481,1_2850,1_100089,2,1_788758290,1_7140,1775011020,1775009610,default
1775010481,1_2850,1_100089,2,1_788757940,1_8023469,1775012160,1775012160,default
1775010481,1_46505,1_102619,F Line,1_656237690,1_7976085,1775011380,1775011380,default
1775010481,1_46505,1_102619,F Line,1_656236310,1_7975999,1775012280,1775012280,default
1775010481,1_46505,1_102619,F Line,1_656237460,1_7976004,1775013180,1775013180,default
1775010481,1_29423,1_102732,79,1_816446510,1_8126,1775010900,1775010900,default
1775010481,1_57453,1_100060,168,1_664461020,1_7976094,1775010660,1775010878,default
1775010481,1_52306,1_102619,F Line,1_656237610,1_7975998,1775010900,1775010900,default
1775010481,1_52306,1_102619,F Line,1_800654940,1_8023715,1775011800,1775011800,default
1775010481,1_41850,1_100249,60,1_801586190,1_8025826,1775010597,1775010597,default
1775010481,1_57804,1_100072,181,1_721482090,1_7976104,1775010919,1775010919,default
1775010481,1_39983,1_102736,H Line,1_694056380,1_7974898,1775010660,1775010660,default
1775010481,1_22184,1_100249,60,1_801586280,1_8025817,1775010605,1775010605,default
1775010481,1_59282,1_102717,165,1_800649900,1_7310,1775011500,1775010153,default
1775010481,1_85531,1_102757,187,1_762095180,1_7976065,1775010720,1775010720,default
1775010481,1_30180,1_100006,107,1_635438070,1_7976054,1775010624,1775010624,default
1775010481,1_60710,1_100512,A Line,1_800643750,1_8023746,1775010657,1775010657,default
1775010481,1_31890,1_100026,128,1_806635000,1_8023660,1775010658,1775010658,default
1775010481,1_620,40_100236,545,40_563506180,40_7976555,1775010660,1775010660,default
1775010481,1_620,40_100236,545,40_563506180,40_9820,1775010660,1775010715,default
1775010481,1_10912,1_100214,372,1_694307030,1_6972,1775010201,1775010643,default
1775010481,1_10912,1_100223,43,1_800586160,1_4537,1775009480,1775010659,default
1775010481,1_10912,40_100511,542,40_569576360,40_7976604,1775011260,1775011260,default
1775010481,1_10912,1_100162,271,1_569496760,1_7976668,1775011920,1775012250,default
1775010481,1_71960,40_100511,542,40_721031120,40_7976686,1775012040,1775012040,default
1775010481,1_10640,1_100252,62,1_800856440,1_7102,1775011020,1775010453,default
1775010481,1_10640,1_100252,62,1_800856440,1_8024963,1775011020,1775011020,default
1775010481,1_8403,1_100039,14,1_562520340,1_7974992,1775010660,1775010660,default
1775010782,1_103,1_102745,G Line,1_736436380,1_7974692,1775010886,1775010886,default
1775010782,1_60161,1_100042,148,1_762077900,1_7976053,1775012460,1775012460,default
1775010782,1_8541,1_100263,7,1_800588700,1_8023430,1775010840,1775010840,default
1775010782,1_12220,1_100009,11,1_736449090,1_7042,1775010997,1775010769,default
1775010782,1_575,1_102615,E Line,1_813081980,1_6217,1775010840,1775010839,default
1775010782,1_2850,1_100089,2,1_788758290,1_7140,1775011020,1775009610,default
1775010782,1_2850,1_100089,2,1_788757940,1_7115,1775012160,1775010584,default
1775010782,1_2850,1_100089,2,1_788757940,1_8023469,1775012160,1775012160,default
1775010782,1_46505,1_102619,F Line,1_656237690,1_7976085,1775011380,1775011380,default
1775010782,1_46505,1_102619,F Line,1_656236310,1_7975999,1775012280,1775012280,default
1775010782,1_46505,1_102619,F Line,1_656237460,1_7976004,1775013180,1775013180,default
1775010782,1_29423,1_102732,79,1_816446510,1_8126,1775010900,1775010900,default
1775010782,1_57453,1_100060,168,1_664461060,1_7976089,1775014260,1775014260,default
1775010782,1_52306,1_102619,F Line,1_656237610,1_7975998,1775010900,1775010900,default
1775010782,1_52306,1_102619,F Line,1_656237610,1_6284,1775010900,1775010900,default
1775010782,1_52306,1_102619,F Line,1_800654940,1_8023715,1775011800,1775011800,default
1775010782,1_8530,1_100263,7,1_800587880,1_8023403,1775010913,1775010913,default
1775010782,1_57804,1_100072,181,1_721482090,1_7976104,1775010919,1775010919,default
1775010782,1_59282,1_102717,165,1_800649900,1_7310,1775011500,1775010153,default
1775010782,1_59282,1_100072,181,1_721481560,1_7302,1775011500,1775010642,default
1775010782,1_59282,1_100072,181,1_721481560,1_7976037,1775011500,1775011500,default
1775010782,1_620,40_100239,550,40_597761950,40_7976613,1775011560,1775011560,default
1775010782,1_10912,1_100264,70,1_816208320,1_8244,1775010946,1775010963,default
1775010782,1_10912,1_100224,44,1_694060190,1_7974928,1775010997,1775010997,default
1775010782,1_10912,40_100511,542,40_569576360,40_7976604,1775011260,1775011260,default
1775010782,1_10912,1_100162,271,1_569496760,1_7976668,1775011920,1775011921,default
1775010782,1_71960,40_100511,542,40_721031120,40_7976686,1775012040,1775012040,default
1775010782,1_10640,1_100252,62,1_800856440,1_7102,1775011020,1775010453,default
1775010782,1_10640,1_100252,62,1_800856450,1_8024956,1775011920,1775011886,default
1775010782,1_8403,1_100039,14,1_562520340,1_7974992,1775010660,1775010660,default
1775011082,1_12170,1_100039,14,1_562520340,1_7974992,1775011179,1775011179,default
1775011082,1_60161,1_100042,148,1_762077900,1_3735,1775012460,1775011033,default
1775011082,1_60161,1_100042,148,1_762077900,1_7976053,1775012460,1775012460,default
1775011082,1_2850,1_100089,2,1_788757940,1_7115,1775012160,1775010584,default
1775011082,1_46505,1_102619,F Line,1_656237690,1_7976085,1775011380,1775011380,default
1775011082,1_46505,1_102619,F Line,1_656236310,1_7975999,1775012280,1775012280,default
1775011082,1_46505,1_102619,F Line,1_656237460,1_7976004,1775013180,1775013180,default
1775011082,1_280,40_100240,554,40_560097160,40_7976696,1775011165,1775011165,default
1775011082,1_23530,1_100259,67,1_724949420,1_7975676,1775011144,1775011144,default
1775011082,1_57453,1_100060,168,1_664461060,1_7976089,1775014260,1775014260,default
1775011082,1_81199,1_100072,181,1_721482090,1_7976104,1775011185,1775011185,default
1775011082,1_74743,1_102702,239,1_736529520,1_7976432,1775011148,1775011148,default
1775011082,1_52306,1_102619,F Line,1_800654940,1_8023715,1775011800,1775011800,default
1775011082,1_80121,1_102719,161,1_800652300,1_8023780,1775011246,1775011246,default
1775011082,1_60359,1_102720,160,1_635444990,1_7976105,1775011195,1775011195,default
1775011082,1_59282,1_102717,165,1_800649900,1_7310,1775011500,1775010153,default
1775011082,1_59282,1_100072,181,1_721481560,1_7302,1775011500,1775010642,default
1775011082,1_23905,1_100214,372,1_694307190,1_7976747,1775011212,1775011212,default
1775011082,1_70330,1_100146,255,1_635876770,1_7976658,1775011218,1775011218,default
1775011082,1_25791,1_100214,372,1_694307030,1_6972,1775010780,1775011257,default
1775011082,1_620,40_100240,554,40_774873550,40_7976690,1775011440,1775011440,default
1775011082,1_620,40_100239,550,40_597761950,40_7976613,1775011560,1775011560,default
1775011082,1_49930,1_100031,132,1_800858290,1_8024989,1775011260,1775011260,default
1775011082,1_60680,1_100512,A Line,1_800655040,1_8023862,1775011252,1775011252,default
1775011082,1_10912,1_100214,372,1_694306230,1_6876,1775011161,1775011253,default
1775011082,1_10912,40_100511,542,40_569576360,40_7976604,1775011260,1775011260,default
1775011082,1_10912,1_100162,271,1_569496760,1_7976668,1775011920,1775011959,default
1775011082,1_71960,40_100511,542,40_721031120,40_7976686,1775012040,1775012040,default
1775011082,1_71960,40_100511,542,40_721031050,40_7976608,1775013420,1775013420,default
1775011082,1_10640,1_100252,62,1_800856450,1_8024956,1775011920,1775011920,default
1775011082,1_41900,1_100249,60,1_801586190,1_8025826,1775011260,1775011260,default
1775011382,1_481,1_102576,C Line,1_800867600,1_8025005,1775011440,1775011440,default
1775011382,1_51551,1_102736,H Line,1_694056380,1_7974898,1775011407,1775011407,default
1775011382,1_60161,1_100042,148,1_762077900,1_3735,1775012460,1775011033,default
1775011382,1_575,1_100028,13,1_788759100,1_7095,1775011440,1775011440,default
1775011382,1_575,1_100219,4,1_675344840,1_7974872,1775011500,1775011500,default
1775011382,1_2850,1_100089,2,1_788757940,1_7115,1775012160,1775010584,default
1775011382,1_46505,1_102619,F Line,1_656236310,1_7975999,1775012280,1775012280,default
1775011382,1_46505,1_102619,F Line,1_656237460,1_7976004,1775013180,1775013180,default
1775011382,1_27420,1_100249,60,1_801586190,1_8025826,1775011448,1775011448,default
1775011382,1_57453,1_100060,168,1_664461060,1_7976089,1775014260,1775014260,default
1775011382,1_52306,1_102619,F Line,1_800654940,1_8023715,1775011800,1775011800,default
1775011382,1_68593,1_100162,271,1_569554050,1_7976354,1775011488,1775011488,default
1775011382,1_49730,1_100031,132,1_800857520,1_8024996,1775011501,1775011501,default
1775011382,1_9605,1_100259,67,1_657907970,1_7975670,1775011500,1775011538,default
1775011382,1_2260,1_100275,8,1_800890920,1_8040,1775011568,1775011568,default
1775011382,1_620,40_100239,550,40_597761950,40_7976613,1775011560,1775011560,default
1775011382,1_620,40_100236,545,40_563506220,40_7976564,1775011680,1775011680,default
1775011382,1_10912,1_100228,48,1_721360150,1_8082,1775011440,1775011550,default
1775011382,1_10912,1_100162,271,1_569496760,1_7976668,1775011920,1775011920,default
1775011382,1_71960,40_100511,542,40_721031120,40_7976686,1775012040,1775012040,default
1775011382,1_71960,40_100511,542,40_721031050,40_7976608,1775013420,1775013420,default
1775011382,1_10640,1_100252,62,1_800856450,1_8024956,1775011920,1775011920,default
1775011382,1_8403,1_100039,14,1_562520480,1_4363,1775011560,1775011560,default
1775011682,1_77930,1_102746,333,1_778704310,1_7975727,1775011739,1775011739,default
1775011682,1_60161,1_100042,148,1_762077900,1_3735,1775012460,1775011033,default
1775011682,1_12770,1_100228,48,1_721358860,1_7974621,1775011707,1775011707,default
1775011682,1_575,1_100263,7,1_800587880,1_8023403,1775011740,1775011740,default
1775011682,1_13830,1_100193,32,1_651767030,1_7974541,1775011744,1775011744,default
1775011682,1_2850,1_100089,2,1_788757940,1_7115,1775012160,1775010584,default
1775011682,1_46505,1_102619,F Line,1_656236310,1_7975999,1775012280,1775012280,default
1775011682,1_46505,1_102619,F Line,1_656237460,1_7976004,1775013180,1775013180,default
1775011682,1_57453,1_100060,168,1_664461060,1_7976089,1775014260,1775014260,default
1775011682,1_52306,1_102619,F Line,1_800654940,1_6229,1775011800,1775011800,default
1775011682,1_52306,1_102619,F Line,1_800654940,1_8023715,1775011800,1775011800,default
1775011682,1_52306,1_102619,F Line,1_656237040,1_7975997,1775012700,1775012700,default
1775011682,1_81426,1_102702,239,1_736529520,1_7976432,1775011783,1775011783,default
1775011682,1_8530,1_100263,7,1_800587080,1_8023477,1775011813,1775011813,default
1775011682,1_41850,1_100249,60,1_801586160,1_8025824,1775011797,1775011797,default
1775011682,1_2200,1_102581,D Line,1_803816810,1_8022080,1775011885,1775011885,default
1775011682,1_59872,1_102619,F Line,1_656236450,1_7976083,1775011825,1775011825,default
1775011682,1_25791,1_100214,372,1_694306230,1_6876,1775011718,1775011932,default
1775011682,1_10912,1_100162,271,1_569496760,1_7976668,1775011920,1775011920,default
1775011682,1_10912,1_100162,271,1_569495960,1_7976387,1775013720,1775013720,default
1775011682,1_71960,40_100511,542,40_721031120,40_7976686,1775012040,1775012040,default
1775011682,1_71960,40_100511,542,40_721031050,40_7976608,1775013420,1775013420,default
1775011682,1_10640,1_100252,62,1_800856460,1_8060,1775012820,1775011749,default
1775011682,1_10640,1_100252,62,1_800856450,1_8024956,1775011920,1775011920,default
1775011682,1_10640,1_100252,62,1_800856460,1_8024960,1775012820,1775012820,default
1775011682,1_76310,40_100232,522,40_635897530,40_7976770,1775011887,1775011887,default
1775011982,1_60161,1_100042,148,1_762077900,1_3735,1775012460,1775011033,default
1775011982,1_75890,1_102615,E Line,1_813078460,1_8026444,1775012005,1775012005,default
1775011982,1_320,40_100239,550,40_597762530,40_9816,1775011860,1775012069,default
1775011982,1_2850,1_100089,2,1_788757940,1_7115,1775012160,1775010584,default
1775011982,1_46505,1_102619,F Line,1_656236310,1_7975999,1775012280,1775012280,default
1775011982,1_46505,1_102619,F Line,1_656237460,1_7976004,1775013180,1775013180,default
1775011982,1_40060,1_102574,40,1_811899280,1_8026405,1775012048,1775012048,default
1775011982,1_57453,1_100060,168,1_664461060,1_7976089,1775014260,1775014260,default
1775011982,1_76024,1_102702,239,1_736529520,1_7976432,1775012094,1775012094,default
1775011982,1_75770,1_102615,E Line,1_816542080,1_6223,1775012957,1775011987,default
1775011982,1_52306,1_102619,F Line,1_656237040,1_7975997,1775012700,1775012700,default
1775011982,1_48390,1_100030,131,1_800856800,1_8025086,1775012099,1775012099,default
1775011982,1_40065,1_102574,40,1_811899280,1_8026405,1775012141,1775012141,default
1775011982,1_620,40_100239,550,40_597761940,40_7976619,1775012520,1775012520,default
1775011982,1_10912,1_100223,43,1_800584690,1_4541,1775011820,1775012154,default
1775011982,1_10912,1_100214,372,1_694306370,1_6866,1775012061,1775012155,default
1775011982,1_10912,40_100511,542,40_569577080,40_7976685,1775013180,1775013180,default
1775011982,1_10912,1_100162,271,1_569495960,1_7976387,1775013720,1775013720,default
1775011982,1_71960,40_100511,542,40_721031050,40_7976608,1775013420,1775013420,default
1775011982,1_10640,1_100252,62,1_800856460,1_8060,1775012820,1775011749,default
1775011982,1_10640,1_100252,62,1_800856490,1_8025038,1775015520,1775015520,default
1775012282,1_481,1_102576,C Line,1_800867850,1_8024969,1775012340,1775012340,default
1775012282,1_60161,1_100042,148,1_762077900,1_3735,1775012460,1775011033,default
1775012282,1_8541,1_100263,7,1_800587040,1_4558,1775011740,1775012314,default
1775012282,1_2850,1_100089,2,1_788758300,1_7152,1775013540,1775012005,default
1775012282,1_46505,1_102619,F Line,1_656237460,1_7976004,1775013180,1775013180,default
1775012282,1_3470,1_100210,36,1_800582020,1_8023435,1775012340,1775012340,default
1775012282,1_57453,1_100060,168,1_664461060,1_7976089,1775014260,1775014447,default
1775012282,1_1510,1_100005,106,1_727784730,1_7975003,1775012373,1775012373,default
1775012282,1_52306,1_102619,F Line,1_656237040,1_7975997,1775012700,1775012700,default
1775012282,1_73368,1_100136,245,1_761788200,1_7976372,1775012398,1775012398,default
1775012282,1_57804,1_100072,181,1_721481730,1_7976082,1775012719,1775012719,default
1775012282,1_59282,1_100072,181,1_770980530,1_7352,1775013300,1775012298,default
1775012282,1_59282,1_100072,181,1_770980530,1_7976104,1775013300,1775013300,default
1775012282,1_30180,1_100006,107,1_635438100,1_7976061,1775012424,1775012424,default
1775012282,1_620,40_100239,550,40_597761940,40_7976619,1775012520,1775012520,default
1775012282,1_10912,1_100447,49,1_801199620,1_8023496,1775012490,1775012490,default
1775012282,1_10912,40_100511,542,40_569577080,40_7976685,1775013180,1775013180,default
1775012282,1_10912,1_100162,271,1_569495960,1_7976387,1775013720,1775013720,default
1775012282,1_71960,40_100511,542,40_721031050,40_7976608,1775013420,1775013420,default
1775012282,1_10640,1_100252,62,1_800856460,1_8060,1775012820,1775011749,default
1775012282,1_10640,1_100252,62,1_800856490,1_8025038,1775015520,1775015520,default
1775012282,1_41900,1_100249,60,1_801586160,1_8025824,1775012460,1775012460,default
1775012582,1_103,1_102745,G Line,1_736436900,1_7974684,1775012686,1775012686,default
1775012582,1_8541,1_100263,7,1_800587030,1_8023484,1775012640,1775012640,default
1775012582,1_575,1_100263,7,1_800587080,1_8023477,1775012640,1775012640,default
1775012582,1_2850,1_100089,2,1_788758300,1_7152,1775013540,1775012005,default
1775012582,1_46505,1_102619,F Line,1_656237460,1_7976004,1775013180,1775013180,default
1775012582,1_46505,1_102619,F Line,1_656237780,1_7976035,1775015880,1775015880,default
1775012582,1_82674,1_102705,230,1_664298930,1_7976336,1775012640,1775012640,default
1775012582,1_27420,1_100249,60,1_801586160,1_8025824,1775012648,1775012648,default
1775012582,1_57453,1_100060,168,1_664461060,1_7976089,1775014260,1775014401,default
1775012582,1_57453,1_100060,168,1_664468580,1_7976088,1775016060,1775016060,default
1775012582,1_52306,1_102619,F Line,1_656237040,1_7975997,1775012700,1775012700,default
1775012582,1_52306,1_102619,F Line,1_656237540,1_7976016,1775013600,1775013600,default
1775012582,1_8530,1_100263,7,1_800587170,1_8023404,1775012713,1775012713,default
1775012582,1_82187,1_100259,67,1_724949540,1_7975711,1775012691,1775012691,default
1775012582,1_38220,1_100214,372,1_694306960,1_7976755,1775012704,1775012704,default
1775012582,1_71970,1_102752,223,1_833610950,1_7349,1775012648,1775012710,default
1775012582,1_2200,1_102581,D Line,1_800600220,1_8023442,1775012785,1775012785,default
1775012582,1_57804,1_100072,181,1_721481730,1_7976082,1775012719,1775012719,default
1775012582,1_59282,1_100072,181,1_770980530,1_7352,1775013300,1775012298,default
1775012582,1_41370,1_100028,13,1_788759100,1_8023447,1775012713,1775012713,default
1775012582,1_59872,1_102619,F Line,1_656237610,1_7975998,1775012725,1775012725,default
1775012582,1_620,40_100236,545,40_560092050,40_9576,1775012760,1775012723,default
1775012582,1_10912,40_100511,542,40_569577080,40_7976685,1775013180,1775013180,default
1775012582,1_10912,1_100162,271,1_569495960,1_7976387,1775013720,1775013720,default
1775012582,1_71960,40_100511,542,40_721031050,40_7976608,1775013420,1775013420,default
1775012582,1_10640,1_100252,62,1_800856460,1_8060,1775012820,1775011749,default
1775012582,1_10640,1_100252,62,1_800856470,1_8024958,1775013720,1775013720,default
1775012582,1_10640,1_100252,62,1_800856490,1_8025038,1775015520,1775015520,default
1775012882,1_29217,1_100224,44,1_664047480,1_7974932,1775012894,1775012894,default
1775012882,1_49588,1_100026,128,1_816483480,1_8023680,1775012902,1775012902,default
1775012882,1_2850,1_100089,2,1_788758300,1_7152,1775013540,1775012005,default
1775012882,1_46505,1_102619,F Line,1_656237460,1_7976004,1775013180,1775013180,default
1775012882,1_46505,1_102619,F Line,1_656237780,1_7976035,1775015880,1775015880,default
1775012882,1_1190,40_100239,550,40_597761940,40_7976619,1775012929,1775012929,default
1775012882,1_3470,1_100210,36,1_800584270,1_8023456,1775012940,1775012940,default
1775012882,1_57453,1_100060,168,1_664461060,1_7976089,1775014260,1775014397,default
1775012882,1_57453,1_100060,168,1_664468580,1_7976088,1775016060,1775016060,default
1775012882,1_81199,1_100072,181,1_721481730,1_7976082,1775012985,1775012985,default
1775012882,1_52306,1_102619,F Line,1_656237540,1_7976016,1775013600,1775013600,default
1775012882,1_80121,1_102719,161,1_800652310,1_8023904,1775012986,1775012986,default
1775012882,1_58112,1_102619,F Line,1_656237690,1_7976085,1775013081,1775013081,default
1775012882,1_65092,1_100162,271,1_720966510,1_7976349,1775014020,1775014020,default
1775012882,1_41850,1_100249,60,1_801586130,1_8025818,1775012997,1775012997,default
1775012882,1_2200,1_100001,1,1_562520490,1_7974987,1775012786,1775013004,default
1775012882,1_59282,1_100072,181,1_770980530,1_7352,1775013300,1775012298,default
1775012882,1_59282,1_102717,165,1_800649910,1_7126,1775013480,1775012398,default
1775012882,1_23905,1_100214,372,1_694306960,1_7976755,1775013072,1775013072,default
1775012882,1_620,40_100240,554,40_774873460,40_7976694,1775013240,1775013240,default
1775012882,1_10912,1_100214,372,1_694306080,1_6966,1775012961,1775013052,default
1775012882,1_10912,1_100264,70,1_801592710,1_8025881,1775012986,1775013094,default
1775012882,1_10912,40_100511,542,40_569577080,40_7976685,1775013180,1775013180,default
1775012882,1_10912,1_100162,271,1_569495960,1_7976387,1775013720,1775013720,default
1775012882,1_71960,40_100511,542,40_721031050,40_7976608,1775013420,1775013420,default
1775012882,1_71960,40_100511,542,40_721031200,40_7976604,1775015040,1775015040,default
1775012882,1_10640,1_100252,62,1_800856470,1_8024958,1775013720,1775013720,default
1775012882,1_10640,1_100252,62,1_800856490,1_8025038,1775015520,1775015520,default
1775012882,1_18220,1_100219,4,1_675344840,1_7974872,1775013060,1775013060,default
1775013182,1_481,1_102576,C Line,1_800867590,1_8024976,1775013240,1775013240,default
1775013182,1_2850,1_100089,2,1_788758300,1_7152,1775013540,1775012005,default
1775013182,1_2850,1_100089,2,1_788757950,1_8023467,1775014620,1775014620,default
1775013182,1_46505,1_102619,F Line,1_656236460,1_7976083,1775014080,1775014080,default
1775013182,1_46505,1_102619,F Line,1_656237780,1_7976035,1775015880,1775015880,default
1775013182,1_29423,1_102732,79,1_816446520,1_8022070,1775014500,1775014500,default
1775013182,1_31680,1_100031,132,1_800857190,1_8024983,1775013250,1775013250,default
1775013182,1_37200,1_100026,128,1_816483370,1_8023667,1775013246,1775013246,default
1775013182,1_57453,1_100060,168,1_664461060,1_7976089,1775014260,1775014367,default
1775013182,1_57453,1_100060,168,1_664468580,1_7976088,1775016060,1775016060,default
1775013182,1_52306,1_102619,F Line,1_656237540,1_7976016,1775013600,1775013600,default
1775013182,1_65092,1_100162,271,1_720966510,1_7369,1775014020,1775012981,default
1775013182,1_65092,1_100162,271,1_720966510,1_7976349,1775014020,1775014020,default
1775013182,1_49730,1_100031,132,1_800857190,1_8024983,1775013301,1775013301,default
1775013182,1_59282,1_102717,165,1_800649910,1_7126,1775013480,1775012398,default
1775013182,1_2260,1_100275,8,1_800891690,1_8073,1775013368,1775013368,default
1775013182,1_10912,1_100223,43,1_800585790,1_4509,1775013260,1775013343,default
1775013182,1_10912,1_100162,271,1_569495960,1_7976387,1775013720,1775013720,default
1775013182,1_10912,1_100162,271,1_569496340,1_7976351,1775015520,1775015520,default
1775013182,1_71960,40_100511,542,40_721031050,40_7976608,1775013420,1775013420,default
1775013182,1_71960,40_100511,542,40_721031200,40_7976604,1775015040,1775015040,default
1775013182,1_10640,1_100252,62,1_800856470,1_8024958,1775013720,1775013720,default
1775013182,1_10640,1_100252,62,1_800856490,1_8025038,1775015520,1775015520,default
1775013182,1_8403,1_100039,14,1_562520840,1_7974993,1775013240,1775013240,default
1775013482,1_103,1_102745,G Line,1_736436390,1_7974688,1775013586,1775013586,default
1775013482,1_77930,1_102746,333,1_778704320,1_7975729,1775013539,1775013539,default
1775013482,1_320,40_100240,554,40_560098880,40_7976690,1775013420,1775013521,default
1775013482,1_320,40_100239,550,40_597762540,40_9819,1775013600,1775013580,default
1775013482,1_575,1_100028,13,1_788759110,1_7115,1775013540,1775013540,default
1775013482,1_575,1_100263,7,1_800587170,1_8023404,1775013540,1775013540,default
1775013482,1_2850,1_100089,2,1_788758300,1_7152,1775013540,1775012005,default
1775013482,1_2850,1_100089,2,1_788757950,1_8023467,1775014620,1775014620,default
1775013482,1_46505,1_102619,F Line,1_656236460,1_6287,1775014080,1775013191,default
1775013482,1_46505,1_102619,F Line,1_656237780,1_7976035,1775015880,1775015880,default
1775013482,1_29423,1_102732,79,1_816446520,1_8147,1775014500,1775013393,default
1775013482,1_29423,1_102732,79,1_816446520,1_8022070,1775014500,1775014500,default
1775013482,1_47660,1_102736,H Line,1_694055980,1_7974893,1775013543,1775013543,default
1775013482,1_57453,1_100060,168,1_664461060,1_7976089,1775014260,1775014290,default
1775013482,1_57453,1_100060,168,1_664468580,1_7976088,1775016060,1775016060,default
1775013482,1_74152,1_102753,222,1_774817990,1_7976418,1775013557,1775013557,default
1775013482,1_84810,1_102752,223,1_833610950,1_8024751,1775013581,1775013581,default
1775013482,1_52306,1_102619,F Line,1_656237540,1_7976016,1775013600,1775013600,default
1775013482,1_52306,1_102619,F Line,1_656237280,1_7976229,1775014500,1775014500,default
1775013482,1_65092,1_100162,271,1_720966510,1_7369,1775014020,1775012981,default
1775013482,1_11060,1_100447,49,1_801199620,1_8023496,1775013630,1775013630,default
1775013482,1_2200,1_102581,D Line,1_800600340,1_8023439,1775013685,1775013685,default
1775013482,1_55430,1_100006,107,1_635437900,1_7976110,1775013638,1775013638,default
1775013482,1_31890,1_100230,50,1_664485200,1_7976176,1775013672,1775013672,default
1775013482,1_25791,1_100214,372,1_694306080,1_6966,1775013518,1775013655,default
1775013482,1_10912,1_100447,49,1_801199610,1_8023489,1775013690,1775013690,default
1775013482,1_10912,1_100162,271,1_569495960,1_7976387,1775013720,1775013720,default
1775013482,1_10912,1_100162,271,1_569496340,1_7976351,1775015520,1775015520,default
1775013482,1_71960,40_100511,542,40_721031200,40_7976604,1775015040,1775015040,default
1775013482,1_10640,1_100252,62,1_800856470,1_8017,1775013720,1775013345,default
1775013482,1_10640,1_100252,62,1_800856480,1_8292,1775014620,1775013406,default
1775013482,1_10640,1_100252,62,1_800856470,1_8024958,1775013720,1775013720,default
1775013482,1_10640,1_100252,62,1_800856480,1_8025072,1775014620,1775014615,default
1775013482,1_10640,1_100252,62,1_800856490,1_8025038,1775015520,1775015520,default
1775013482,1_52081,1_102736,H Line,1_694055900,1_7974896,1775013681,1775013681,default
1775013482,1_76310,40_100232,522,40_635896830,40_7976740,1775013687,1775013687,default
1775013782,1_2850,1_100089,2,1_788757950,1_7155,1775014620,1775013732,default
1775013782,1_2850,1_100089,2,1_788757950,1_8023467,1775014620,1775014620,default
1775013782,1_46505,1_102619,F Line,1_656236460,1_6287,1775014080,1775013191,default
1775013782,1_46505,1_102619,F Line,1_656237780,1_7976035,1775015880,1775015880,default
1775013782,1_29423,1_102732,79,1_816446520,1_8147,1775014500,1775013393,default
1775013782,1_27420,1_100249,60,1_801586130,1_8025818,1775013848,1775013848,default
1775013782,1_57453,1_100060,168,1_664461060,1_7976089,1775014260,1775014330,default
1775013782,1_57453,1_100060,168,1_664468580,1_7976088,1775016060,1775016060,default
1775013782,1_52306,1_102619,F Line,1_656237280,1_7976229,1775014500,1775014500,default
1775013782,1_48390,1_100030,131,1_800856650,1_8024980,1775013881,1775013881,default
1775013782,1_58112,1_102619,F Line,1_656236310,1_7975999,1775013921,1775013921,default
1775013782,1_65092,1_100162,271,1_720966510,1_7369,1775014020,1775012981,default
1775013782,1_39983,1_100111,22,1_815968270,1_8023814,1775013660,1775013914,default
1775013782,1_10210,1_100264,70,1_801592710,1_8025881,1775013959,1775013959,default
1775013782,1_620,40_100236,545,40_560092070,40_9659,1775013960,1775013956,default
1775013782,1_620,40_100236,545,40_560092070,40_7976554,1775013960,1775013960,default
1775013782,1_620,40_100239,550,40_597762290,40_7976614,1775014440,1775014440,default
1775013782,1_10912,1_100264,70,1_801592880,1_8224,1775013766,1775013966,default
1775013782,1_10912,1_100214,372,1_694307150,1_7419,1775013861,1775013976,default
1775013782,1_10912,40_100511,542,40_569577110,40_7976686,1775014980,1775014980,default
1775013782,1_10912,1_100162,271,1_569496340,1_7976351,1775015520,1775015520,default
1775013782,1_71960,40_100511,542,40_721031200,40_7976604,1775015040,1775015040,default
1775013782,1_10640,1_100252,62,1_800856480,1_8292,1775014620,1775013406,default
1775013782,1_10640,1_100252,62,1_800856490,1_8025038,1775015520,1775015520,default
1775014082,1_481,1_102576,C Line,1_800869490,1_8025089,1775014140,1775014140,default
1775014082,1_2850,1_100089,2,1_788758310,1_7091,1775015940,1775013498,default
1775014082,1_2850,1_100089,2,1_788757950,1_7155,1775014620,1775013732,default
1775014082,1_46505,1_102619,F Line,1_656237620,1_7975998,1775014980,1775014980,default
1775014082,1_46505,1_102619,F Line,1_656237780,1_7976035,1775015880,1775015880,default
1775014082,1_29423,1_102732,79,1_816446520,1_8147,1775014500,1775013393,default
1775014082,1_3470,1_100210,36,1_800584260,1_8023418,1775014140,1775014140,default
1775014082,1_57453,1_100060,168,1_664461060,1_7976089,1775014260,1775014287,default
1775014082,1_57453,1_100060,168,1_664468580,1_7976088,1775016060,1775016199,default
1775014082,1_52306,1_102619,F Line,1_656237280,1_7976229,1775014500,1775014500,default
1775014082,1_41850,1_100249,60,1_801586270,1_8025817,1775014197,1775014197,default
1775014082,1_73368,1_100136,245,1_761787890,1_7976346,1775014198,1775014198,default
1775014082,1_59282,1_100072,181,1_721481740,1_7340,1775015100,1775014114,default
1775014082,1_59282,1_100072,181,1_721481740,1_7976082,1775015100,1775015100,default
1775014082,1_60710,1_100512,A Line,1_800643790,1_8023867,1775014235,1775014235,default
1775014082,1_21320,1_100249,60,1_801586210,1_8025815,1775014236,1775014236,default
1775014082,1_620,40_100239,550,40_597762290,40_7976614,1775014440,1775014440,default
1775014082,1_10912,40_100511,542,40_569577110,40_7976686,1775014980,1775014980,default
1775014082,1_10912,1_100162,271,1_569496340,1_7976351,1775015520,1775015520,default
1775014082,1_71960,40_100511,542,40_721031200,40_7976604,1775015040,1775015040,default
1775014082,1_10640,1_100252,62,1_800856480,1_8292,1775014620,1775013406,default
1775014082,1_10640,1_100252,62,1_800856490,1_8025038,1775015520,1775015520,default
1775014382,1_8541,1_100263,7,1_800587650,1_8023403,1775014440,1775014440,default
1775014382,1_2850,1_100089,2,1_788758310,1_7091,1775015940,1775013498,default
1775014382,1_2850,1_100089,2,1_788757950,1_7155,1775014620,1775013732,default
1775014382,1_46505,1_102619,F Line,1_656237620,1_7975998,1775014980,1775014980,default
1775014382,1_46505,1_102619,F Line,1_656237620,1_6284,1775014980,1775014980,default
1775014382,1_46505,1_102619,F Line,1_656237780,1_7976035,1775015880,1775015880,default
1775014382,1_29423,1_102732,79,1_816446520,1_8147,1775014500,1775013393,default
1775014382,1_57453,1_100060,168,1_664468580,1_7976088,1775016060,1775016108,default
1775014382,1_57453,1_100060,168,1_664461080,1_7976218,1775017860,1775017860,default
1775014382,1_79610,1_100006,107,1_694511030,1_7976052,1775014456,1775014456,default
1775014382,1_52306,1_102619,F Line,1_656237280,1_7976229,1775014500,1775014500,default
1775014382,1_52306,1_102619,F Line,1_656237700,1_7976085,1775015400,1775015400,default
1775014382,1_8530,1_100263,7,1_800589140,1_8023431,1775014513,1775014513,default
1775014382,1_59282,1_100072,181,1_721481740,1_7340,1775015100,1775014114,default
1775014382,1_59282,1_102717,165,1_800649920,1_8023717,1775015280,1775015280,default
1775014382,1_10912,1_100264,70,1_801594090,1_8026417,1775014546,1775014546,default
1775014382,1_10912,40_100511,542,40_569577110,40_7976686,1775014980,1775014980,default
1775014382,1_10912,1_100162,271,1_569496340,1_7976351,1775015520,1775015520,default
1775014382,1_71960,1_102752,223,1_816297800,1_8024723,1775014560,1775014560,default
1775014382,1_71960,40_100511,542,40_721031200,40_7976604,1775015040,1775015040,default
1775014382,1_10640,1_100252,62,1_800856480,1_8292,1775014620,1775013406,default
1775014382,1_10640,1_100252,62,1_800856490,1_8025038,1775015520,1775015520,default
1775014682,1_51551,1_102736,H Line,1_694056600,1_7974900,1775014777,1775014777,default
1775014682,1_62212,1_102720,160,1_664466960,1_7976096,1775014692,1775014692,default
1775014682,1_60161,1_100042,148,1_762078240,1_7976072,1775016300,1775016300,default
1775014682,1_64569,1_100099,208,1_736533620,1_7388,1775014652,1775014732,default
1775014682,1_2850,1_100089,2,1_788758310,1_7091,1775015940,1775013498,default
1775014682,1_46505,1_102619,F Line,1_656237620,1_6284,1775014980,1775014980,default
1775014682,1_46505,1_102619,F Line,1_656237780,1_7976035,1775015880,1775015880,default
1775014682,1_57453,1_100060,168,1_664468580,1_7976088,1775016060,1775016060,default
1775014682,1_57453,1_100060,168,1_664461080,1_7976218,1775017860,1775017860,default
1775014682,1_52306,1_102619,F Line,1_656237700,1_7976085,1775015400,1775015400,default
1775014682,1_80121,1_102719,161,1_800652320,1_8023905,1775014775,1775014775,default
1775014682,1_58112,1_102619,F Line,1_656237460,1_7976004,1775014821,1775014821,default
1775014682,1_65092,1_100162,271,1_569495950,1_7976350,1775014800,1775014800,default
1775014682,1_11060,1_100447,49,1_801199610,1_8023489,1775014830,1775014830,default
1775014682,1_59282,1_100072,181,1_721481740,1_7340,1775015100,1775014114,default
1775014682,1_59282,1_102717,165,1_800649920,1_8023717,1775015280,1775015280,default
1775014682,1_41370,1_100028,13,1_788759110,1_8023469,1775014813,1775014813,default
1775014682,1_55831,1_100005,106,1_727785090,1_7975009,1775014826,1775014826,default
1775014682,1_60680,1_100512,A Line,1_800655070,1_8023806,1775014845,1775014845,default
1775014682,1_10912,1_100447,49,1_801199720,1_8023497,1775014890,1775014890,default
1775014682,1_10912,40_100511,542,40_569577110,40_7976686,1775014980,1775014980,default
1775014682,1_10912,1_100162,271,1_569496340,1_7976351,1775015520,1775015520,default
1775014682,1_71960,40_100511,542,40_721031200,40_7976604,1775015040,1775015040,default
1775014682,1_10640,1_100252,62,1_800856490,1_8025038,1775015520,1775015520,default
1775014682,1_8403,1_100039,14,1_562520460,1_7974987,1775014860,1775014860,default
1775014982,1_481,1_102576,C Line,1_800868500,1_8024974,1775015040,1775015040,default
1775014982,1_60161,1_100042,148,1_762078240,1_7976072,1775016300,1775016300,default
1775014982,1_575,1_100219,4,1_675344860,1_7974870,1775015100,1775015100,default
1775014982,1_2850,1_100089,2,1_788758310,1_7091,1775015940,1775013498,default
1775014982,1_2850,1_100089,2,1_788757960,1_8023446,1775017080,1775017080,default
1775014982,1_46505,1_102619,F Line,1_656237780,1_7976035,1775015880,1775015880,default
1775014982,1_27420,1_100249,60,1_801586270,1_8025817,1775015048,1775015048,default
1775014982,1_3470,1_100210,36,1_800583900,1_8023386,1775015040,1775015040,default
1775014982,1_57453,1_100060,168,1_664468580,1_7976088,1775016060,1775016060,default
1775014982,1_57453,1_100060,168,1_664461080,1_7976218,1775017860,1775017860,default
1775014982,1_52306,1_102619,F Line,1_656237700,1_7976085,1775015400,1775015400,default
1775014982,1_54201,1_102619,F Line,1_656237280,1_7976229,1775015239,1775015239,default
1775014982,1_59282,1_102717,165,1_800649920,1_7312,1775015280,1775014977,default
1775014982,1_59282,1_102717,165,1_800649920,1_8023717,1775015280,1775015280,default
1775014982,1_59282,1_100072,181,1_800642400,1_8023851,1775018340,1775018340,default
1775014982,1_10912,1_100447,49,1_801199720,1_8023497,1775014890,1775015261,default
1775014982,1_10912,1_100264,70,1_816207490,1_8026416,1775015266,1775015266,default
1775014982,1_10912,1_100162,271,1_569496340,1_7976351,1775015520,1775015520,default
1775014982,1_10912,40_100511,542,40_569578010,40_7976608,1775016900,1775016900,default
1775014982,1_10912,1_100162,271,1_569497030,1_7976352,1775017320,1775017320,default
1775014982,1_71960,40_100511,542,40_721031370,40_7976685,1775016840,1775016840,default
1775014982,1_10640,1_100252,62,1_800856490,1_7026,1775015520,1775014939,default
1775014982,1_12430,1_100009,11,1_736449800,1_7974694,1775015256,1775015256,default
1775015282,1_12170,1_100039,14,1_562520460,1_7974987,1775015379,1775015379,default
1775015282,1_77930,1_102746,333,1_778704330,1_7975728,1775015339,1775015339,default
1775015282,1_60161,1_100042,148,1_762078240,1_3725,1775016300,1775015014,default
1775015282,1_60161,1_100042,148,1_762078240,1_7976072,1775016300,1775016300,default
1775015282,1_320,40_100239,550,40_597762520,40_9678,1775015400,1775015361,default
1775015282,1_575,1_100263,7,1_800589140,1_8023431,1775015340,1775015340,default
1775015282,1_575,1_100210,36,1_800584260,1_8023418,1775015400,1775015400,default
1775015282,1_2850,1_100089,2,1_788758310,1_7091,1775015940,1775013498,default
1775015282,1_2850,1_100089,2,1_788757960,1_7117,1775017080,1775015113,default
1775015282,1_2850,1_100089,2,1_788757960,1_8023446,1775017080,1775017080,default
1775015282,1_46505,1_102619,F Line,1_656237780,1_7976035,1775015880,1775015880,default
1775015282,1_57453,1_100060,168,1_664468580,1_7976088,1775016060,1775016060,default
1775015282,1_57453,1_100060,168,1_664461080,1_7976218,1775017860,1775017860,default
1775015282,1_52306,1_102619,F Line,1_656237700,1_7976085,1775015400,1775015400,default
1775015282,1_52306,1_102619,F Line,1_656236320,1_7975999,1775016300,1775016300,default
1775015282,1_81426,1_102702,239,1_736529400,1_7976433,1775015383,1775015383,default
1775015282,1_8530,1_100263,7,1_800587890,1_8023401,1775015413,1775015413,default
1775015282,1_59282,1_100072,181,1_800642400,1_8023851,1775018340,1775018340,default
1775015282,1_55430,1_100006,107,1_635437890,1_7976053,1775015438,1775015438,default
1775015282,1_31890,1_100230,50,1_635467650,1_7976170,1775015472,1775015472,default
1775015282,1_21320,1_100249,60,1_801586290,1_8025884,1775015436,1775015436,default
1775015282,1_58111,1_102619,F Line,1_656236460,1_7976083,1775015476,1775015476,default
1775015282,1_10912,1_100162,271,1_569496340,1_7976351,1775015520,1775015520,default
1775015282,1_10912,40_100511,542,40_569578010,40_7976608,1775016900,1775016900,default
1775015282,1_10912,1_100162,271,1_569497030,1_7976352,1775017320,1775017320,default
1775015282,1_71960,40_100511,542,40_721031370,40_7976685,1775016840,1775016840,default
1775015282,1_10640,1_100252,62,1_800856490,1_7026,1775015520,1775014939,default
1775015282,1_52081,1_102736,H Line,1_694056080,1_7974895,1775015481,1775015481,default
1775015282,1_76310,40_100232,522,40_635897860,40_7976769,1775015487,1775015487,default
1775015582,1_60161,1_100042,148,1_762078240,1_3725,1775016300,1775015014,default
1775015582,1_8541,1_100005,106,1_727784920,1_7975006,1775015640,1775015640,default
1775015582,1_51651,1_102736,H Line,1_694056040,1_7974893,1775015628,1775015628,default
1775015582,1_2850,1_100089,2,1_788758310,1_7091,1775015940,1775013498,default
1775015582,1_2850,1_100089,2,1_788757960,1_7117,1775017080,1775015113,default
1775015582,1_61467,1_100073,182,1_810697710,1_8023857,1775015340,1775015620,default
1775015582,1_46505,1_102619,F Line,1_656237780,1_7976035,1775015880,1775015880,default
1775015582,1_46505,1_102619,F Line,1_656237050,1_7975997,1775016780,1775016780,default
1775015582,1_57453,1_100074,183,1_800657470,1_8023790,1775015640,1775015640,default
1775015582,1_57453,1_100060,168,1_664468580,1_7976088,1775016060,1775016060,default
1775015582,1_57453,1_100060,168,1_664461080,1_7976218,1775017860,1775017860,default
1775015582,1_52306,1_102619,F Line,1_656236320,1_7975999,1775016300,1775016300,default
1775015582,1_58112,1_102619,F Line,1_656236460,1_7976083,1775015721,1775015721,default
1775015582,1_59282,1_100072,181,1_800642400,1_8023851,1775018340,1775018340,default
1775015582,1_32120,1_100031,132,1_800857350,1_8025087,1775015714,1775015714,default
1775015582,1_9080,1_100263,7,1_800589210,1_8023410,1775015731,1775015731,default
1775015582,1_620,40_100236,545,40_560092220,40_9689,1775015820,1775015808,default
1775015582,1_620,40_100239,550,40_597762280,40_7976643,1775016240,1775016240,default
1775015582,1_10912,1_100214,372,1_694306940,1_6961,1775015661,1775015746,default
1775015582,1_10912,40_100511,542,40_569578010,40_7976608,1775016900,1775016900,default
1775015582,1_10912,1_100162,271,1_569497030,1_7976352,1775017320,1775017320,default
1775015582,1_71960,40_100511,542,40_721031370,40_7976685,1775016840,1775016840,default
1775015882,1_481,1_102736,H Line,1_694055660,1_6067,1775015700,1775015911,default
1775015882,1_481,1_102576,C Line,1_800867620,1_8024967,1775015940,1775015940,default
1775015882,1_60161,1_100042,148,1_762078240,1_3725,1775016300,1775015014,default
1775015882,1_575,1_100173,3,1_675344390,1_7974915,1775016000,1775016000,default
1775015882,1_2850,1_100089,2,1_788758310,1_7091,1775015940,1775013498,default
1775015882,1_2850,1_100089,2,1_788757960,1_7117,1775017080,1775015113,default
1775015882,1_2850,1_100089,2,1_788758320,1_8023471,1775018340,1775018340,default
1775015882,1_46505,1_102619,F Line,1_656237050,1_7975997,1775016780,1775016780,default
1775015882,1_3470,1_100210,36,1_800582380,1_8023385,1775015940,1775015940,default
1775015882,1_57453,1_100060,168,1_664468580,1_7976088,1775016060,1775016060,default
1775015882,1_57453,1_100060,168,1_664461080,1_7976218,1775017860,1775017997,default
1775015882,1_52306,1_100030,131,1_800857070,1_8024992,1775016000,1775016000,default
1775015882,1_52306,1_102619,F Line,1_656236320,1_7975999,1775016300,1775016300,default
1775015882,1_7750,1_102615,E Line,1_813078720,1_8025862,1775016012,1775016012,default
1775015882,1_39983,1_102736,H Line,1_694055740,1_7974901,1775016060,1775016060,default
1775015882,1_22184,1_102736,H Line,1_694056040,1_7974893,1775016026,1775016026,default
1775015882,1_59282,1_100072,181,1_800642400,1_8023851,1775018340,1775018340,default
1775015882,1_620,40_100239,550,40_597762280,40_7976643,1775016240,1775016240,default
1775015882,1_10912,1_100447,49,1_801199500,1_8023495,1775016090,1775016090,default
1775015882,1_10912,40_100511,542,40_569578010,40_7976608,1775016900,1775016900,default
1775015882,1_10912,1_100162,271,1_569497030,1_7976352,1775017320,1775017320,default
1775015882,1_71960,40_100511,542,40_721031370,40_7976685,1775016840,1775016840,default
1775015882,1_10640,1_100252,62,1_800856500,1_8065,1775017320,1775015942,default
1775015882,1_10640,1_100252,62,1_800856500,1_8025003,1775017320,1775017320,default
1775016182,1_103,1_102745,G Line,1_736436510,1_7974684,1775016286,1775016286,default
1775016182,1_60161,1_100042,148,1_762078240,1_3725,1775016300,1775015014,default
1775016182,1_8541,1_100263,7,1_800587150,1_8023404,1775016240,1775016240,default
1775016182,1_575,1_100263,7,1_800587890,1_8023401,1775016240,1775016240,default
1775016182,1_575,1_100210,36,1_800583900,1_8023386,1775016300,1775016300,default
1775016182,1_2850,1_100089,2,1_788757960,1_7117,1775017080,1775015113,default
1775016182,1_2850,1_100089,2,1_788758320,1_7153,1775018340,1775016052,default
1775016182,1_2850,1_100089,2,1_788758320,1_8023471,1775018340,1775018340,default
1775016182,1_46505,1_102619,F Line,1_656237050,1_7975997,1775016780,1775016780,default
1775016182,1_23530,1_100259,67,1_724948730,1_7975673,1775016244,1775016244,default
1775016182,1_57453,1_100060,168,1_664461080,1_7976218,1775017860,1775018092,default
1775016182,1_11940,1_100039,14,1_562520880,1_7974993,1775016294,1775016294,default
1775016182,1_52306,1_102619,F Line,1_656236320,1_7975999,1775016300,1775016300,default
1775016182,1_52306,1_102619,F Line,1_656237470,1_7976004,1775017200,1775017200,default
1775016182,1_59282,1_100072,181,1_800642400,1_8023851,1775018340,1775018340,default
1775016182,1_60710,1_100512,A Line,1_800643810,1_8023849,1775016335,1775016335,default
1775016182,1_25791,1_100214,372,1_694306940,1_6961,1775016218,1775016426,default
1775016182,1_2260,1_100275,8,1_800890460,1_8012,1775016368,1775016368,default
1775016182,1_10912,1_100447,49,1_801199500,1_4370,1775016090,1775016368,default
1775016182,1_10912,40_100511,542,40_569578010,40_7976608,1775016900,1775016900,default
1775016182,1_10912,1_100162,271,1_569497030,1_7976352,1775017320,1775017320,default
1775016182,1_71960,1_102752,223,1_816297810,1_8024725,1775016360,1775016360,default
1775016182,1_71960,40_100511,542,40_721031370,40_7976685,1775016840,1775016840,default
1775016182,1_10640,1_100252,62,1_800856500,1_8065,1775017320,1775015942,default
1775016482,1_2850,1_100089,2,1_788757960,1_7117,1775017080,1775015113,default
1775016482,1_2850,1_100089,2,1_788758320,1_7153,1775018340,1775016052,default
1775016482,1_46505,1_102619,F Line,1_656237050,1_7975997,1775016780,1775016780,default
1775016482,1_46505,1_102619,F Line,1_656237550,1_7976016,1775017740,1775017740,default
1775016482,1_57453,1_100060,168,1_664461080,1_7976218,1775017860,1775018051,default
1775016482,1_52306,1_102619,F Line,1_656237470,1_7976004,1775017200,1775017200,default
1775016482,1_65092,1_100162,271,1_720966680,1_7976668,1775017680,1775017680,default
1775016482,1_38220,1_100214,372,1_694307070,1_6972,1775016424,1775016599,default
1775016482,1_80124,1_102719,161,1_800652330,1_8023781,1775016612,1775016612,default
1775016482,1_59282,1_100072,181,1_800642400,1_8023851,1775018340,1775018340,default
1775016482,1_35440,1_100269,75,1_803352550,1_8022083,1775016613,1775016618,default
1775016482,1_55831,1_100005,106,1_727784670,1_7975004,1775016626,1775016626,default
1775016482,1_10912,40_100511,542,40_569578010,40_7976608,1775016900,1775016900,default
1775016482,1_10912,1_100162,271,1_569497030,1_7976352,1775017320,1775017320,default
1775016482,1_71960,40_100511,542,40_721031370,40_7976685,1775016840,1775016840,default
1775016482,1_10640,1_100252,62,1_800856500,1_8065,1775017320,1775015942,default
1775016482,1_8403,1_100039,14,1_562520530,1_7974988,1775016660,1775016660,default
1775016783,1_6650,1_102747,61,1_803357300,1_8022039,1775016645,1775016798,default
1775016783,1_9750,1_100269,75,1_803352550,1_8022083,1775016812,1775016812,default
1775016783,1_2850,1_100089,2,1_788757960,1_7117,1775017080,1775015113,default
1775016783,1_2850,1_100089,2,1_788758320,1_7153,1775018340,1775016052,default
1775016783,1_46505,1_102619,F Line,1_656237550,1_7976016,1775017740,1775017740,default
1775016783,1_29423,1_102732,79,1_816446500,1_8126,1775018100,1775018100,default
1775016783,1_3470,1_100210,36,1_800583930,1_8023380,1775016840,1775016840,default
1775016783,1_25140,1_100254,65,1_778695020,1_7975710,1775016722,1775016861,default
1775016783,1_57453,1_100060,168,1_664461080,1_7976218,1775017860,1775018088,default
1775016783,1_52306,1_102619,F Line,1_656237470,1_7976004,1775017200,1775017200,default
1775016783,1_65092,1_100162,271,1_720966680,1_7976668,1775017680,1775017680,default
1775016783,1_39983,1_102736,H Line,1_694055660,1_7974899,1775016960,1775016960,default
1775016783,1_22184,1_102736,H Line,1_694055940,1_7974896,1775016926,1775016926,default
1775016783,1_59282,1_100072,181,1_800642400,1_8023851,1775018340,1775018340,default
1775016783,1_23905,1_100214,372,1_694307070,1_7976762,1775016779,1775016950,default
1775016783,1_620,40_100240,554,40_774873870,40_7976689,1775017080,1775017080,default
1775016783,1_10912,1_100264,70,1_801592690,1_8246,1775016886,1775016972,default
1775016783,1_10912,1_100162,271,1_569497030,1_7976352,1775017320,1775017320,default
1775016783,1_10912,40_100511,542,40_569577980,40_7976604,1775018700,1775018700,default
1775016783,1_10912,1_100162,271,1_569495700,1_7976354,1775019120,1775019120,default
1775016783,1_10640,1_100252,62,1_800856500,1_8065,1775017320,1775015942,default
1775016783,1_8403,1_100039,14,1_562520530,1_7974988,1775016660,1775016660,default
1775017083,1_103,1_102745,G Line,1_736436500,1_7974688,1775017186,1775017186,default
1775017083,1_12170,1_100039,14,1_562520530,1_7974988,1775017179,1775017179,default
1775017083,1_77930,1_102746,333,1_778704340,1_7975730,1775017139,1775017139,default
1775017083,1_320,40_100239,550,40_597762900,40_9672,1775017140,1775017150,default
1775017083,1_575,1_100001,1,1_800581730,1_4346,1775017020,1775017119,default
1775017083,1_575,1_100210,36,1_800582380,1_8023385,1775017200,1775017200,default
1775017083,1_2850,1_100089,2,1_788758320,1_7153,1775018340,1775016052,default
1775017083,1_2850,1_100089,2,1_788757970,1_8023447,1775019480,1775019480,default
1775017083,1_46505,1_102619,F Line,1_656237550,1_7976016,1775017740,1775017740,default
1775017083,1_29423,1_102732,79,1_816446500,1_8126,1775018100,1775018100,default
1775017083,1_47660,1_102736,H Line,1_694055740,1_7974901,1775017143,1775017143,default
1775017083,1_23530,1_100259,67,1_724949830,1_7975678,1775017144,1775017144,default
1775017083,1_57453,1_100060,168,1_664461080,1_7976218,1775017860,1775018103,default
1775017083,1_52306,1_102619,F Line,1_656237470,1_7976004,1775017200,1775017200,default
1775017083,1_52306,1_102619,F Line,1_656236470,1_7976083,1775018100,1775018100,default
1775017083,1_45670,1_100210,36,1_800583820,1_8023415,1775017012,1775017198,default
1775017083,1_65092,1_100162,271,1_720966680,1_7976668,1775017680,1775017680,default
1775017083,1_59282,1_100072,181,1_800642400,1_8023851,1775018340,1775018340,default
1775017083,1_41370,1_100028,13,1_788759120,1_8023467,1775017213,1775017213,default
1775017083,1_10912,1_100447,49,1_801199520,1_8023492,1775017290,1775017290,default
1775017083,1_10912,1_100162,271,1_569497030,1_7976352,1775017320,1775017320,default
1775017083,1_10912,40_100511,542,40_569577980,40_7976604,1775018700,1775018700,default
1775017083,1_10912,1_100162,271,1_569495700,1_7976354,1775019120,1775019120,default
1775017083,1_10640,1_100252,62,1_800856500,1_8065,1775017320,1775015942,default
1775017083,1_76310,40_100232,522,40_635897060,40_7976746,1775017287,1775017287,default
1775017383,1_2850,1_100089,2,1_788758320,1_7153,1775018340,1775016052,default
1775017383,1_2850,1_100089,2,1_788757970,1_7095,1775019480,1775017228,default
1775017383,1_2850,1_100089,2,1_788757970,1_8023447,1775019480,1775019480,default
1775017383,1_46505,1_102619,F Line,1_656237550,1_7976016,1775017740,1775017740,default
1775017383,1_46505,1_102619,F Line,1_656237290,1_7976229,1775018640,1775018640,default
1775017383,1_29423,1_102732,79,1_816446500,1_8126,1775018100,1775018100,default
1775017383,1_57453,1_100060,168,1_664461080,1_7976218,1775017860,1775018034,default
1775017383,1_73366,1_102752,223,1_816297820,1_8024751,1775017485,1775017485,default
1775017383,1_81254,1_102744,365,1_774126770,1_7975724,1775017455,1775017455,default
1775017383,1_52306,1_102619,F Line,1_656236470,1_7976083,1775018100,1775018100,default
1775017383,1_65092,1_100162,271,1_720966680,1_6923,1775017680,1775017283,default
1775017383,1_65092,1_100162,271,1_720966680,1_7976668,1775017680,1775017680,default
1775017383,1_59282,1_100072,181,1_800642400,1_8023851,1775018340,1775018340,default
1775017383,1_32120,1_100031,132,1_800856880,1_8024997,1775017514,1775017514,default
1775017383,1_9080,1_100263,7,1_800586970,1_8023477,1775017531,1775017531,default
1775017383,1_620,40_100236,545,40_560092300,40_7976567,1775017680,1775017680,default
1775017383,1_620,40_100239,550,40_597762550,40_7976613,1775018040,1775018040,default
1775017383,1_10912,40_100511,542,40_569577980,40_7976604,1775018700,1775018700,default
1775017383,1_10912,1_100162,271,1_569495700,1_7976354,1775019120,1775019120,default
1775017683,1_481,1_102576,C Line,1_800869240,1_8058,1775017740,1775017740,default
1775017683,1_12220,1_100009,11,1_736449280,1_7044,1775018312,1775017672,default
1775017683,1_575,1_100173,3,1_675344460,1_7974914,1775017800,1775017800,default
1775017683,1_2850,1_100089,2,1_788758320,1_7153,1775018340,1775016052,default
1775017683,1_2850,1_100089,2,1_788757970,1_7095,1775019480,1775017228,default
1775017683,1_46505,1_102619,F Line,1_656237550,1_7976016,1775017740,1775017740,default
1775017683,1_46505,1_102619,F Line,1_656237290,1_7976229,1775018640,1775018640,default
1775017683,1_29423,1_102732,79,1_816446500,1_8126,1775018100,1775018100,default
1775017683,1_57453,1_100060,168,1_664461080,1_7976218,1775017860,1775017925,default
1775017683,1_81254,1_102746,333,1_778704750,1_7975729,1775017753,1775017753,default
1775017683,1_52306,1_102619,F Line,1_656236470,1_7976083,1775018100,1775018100,default
1775017683,1_39983,1_102736,H Line,1_694056530,1_7974891,1775017860,1775017860,default
1775017683,1_22184,1_102736,H Line,1_694056650,1_7974900,1775017812,1775017812,default
1775017683,1_59282,1_100072,181,1_800642400,1_7475,1775018340,1775017612,default
1775017683,1_59282,1_100072,181,1_800642400,1_8023851,1775018340,1775018340,default
1775017683,1_620,40_100239,550,40_597762550,40_7976613,1775018040,1775018040,default
1775017683,1_10912,1_100264,70,1_816208350,1_8244,1775017786,1775017850,default
1775017683,1_10912,40_100511,542,40_569577980,40_7976604,1775018700,1775018700,default
1775017683,1_10912,1_100162,271,1_569495700,1_7976354,1775019120,1775019120,default
1775017683,1_10640,1_100252,62,1_800856510,1_8023,1775019120,1775017573,default
1775017683,1_10640,1_100252,62,1_800856510,1_8025001,1775019120,1775019070,default
1775017683,1_3000,1_100089,2,1_788757960,1_8023446,1775017512,1775017871,default
1775017983,1_26560,1_102574,40,1_811901920,1_8025886,1775018102,1775018102,default
1775017983,1_12220,1_100009,11,1_736449280,1_7044,1775018312,1775017957,default
1775017983,1_575,1_100210,36,1_800583930,1_8023380,1775018100,1775018100,default
1775017983,1_2850,1_100089,2,1_788758320,1_7153,1775018340,1775016052,default
1775017983,1_2850,1_100089,2,1_788757970,1_7095,1775019480,1775017228,default
1775017983,1_46505,1_102619,F Line,1_656237290,1_7976229,1775018640,1775018640,default
1775017983,1_29423,1_102732,79,1_816446500,1_8126,1775018100,1775018100,default
1775017983,1_47660,1_102736,H Line,1_694055660,1_7974899,1775018043,1775018043,default
1775017983,1_1190,1_100447,49,1_801199550,1_8023489,1775017990,1775018032,default
1775017983,1_23530,1_100259,67,1_724949970,1_7975710,1775018044,1775018044,default
1775017983,1_79610,1_100006,107,1_694510750,1_7976061,1775018056,1775018056,default
1775017983,1_52306,1_102619,F Line,1_656236470,1_7976083,1775018100,1775018100,default
1775017983,1_52306,1_102619,F Line,1_656237630,1_7975998,1775019000,1775019000,default
1775017983,1_38220,1_100214,372,1_694306390,1_7976753,1775018104,1775018104,default
1775017983,1_59282,1_100072,181,1_800642400,1_7475,1775018340,1775017612,default
1775017983,1_59282,1_102717,165,1_800649930,1_8023768,1775018880,1775018880,default
1775017983,1_10912,40_100511,542,40_569577980,40_7976604,1775018700,1775018700,default
1775017983,1_10912,1_100162,271,1_569495700,1_7976354,1775019120,1775019120,default
1775017983,1_10640,1_100252,62,1_800856510,1_8023,1775019120,1775017573,default
1775018283,1_12220,1_100009,11,1_736449280,1_7044,1775018312,1775018258,default
1775018283,1_575,1_102581,D Line,1_803816790,1_6095,1775018160,1775018317,default
1775018283,1_2850,1_100089,2,1_788758320,1_7153,1775018340,1775016052,default
1775018283,1_2850,1_100089,2,1_788757970,1_7095,1775019480,1775017228,default
1775018283,1_2850,1_100089,2,1_788758330,1_8023448,1775020740,1775020740,default
1775018283,1_46505,1_102619,F Line,1_656237290,1_7976229,1775018640,1775018640,default
1775018283,1_46505,1_102619,F Line,1_656237710,1_7976085,1775019540,1775019540,default
1775018283,1_52306,1_102619,F Line,1_656237630,1_7975998,1775019000,1775019000,default
1775018283,1_70665,1_100136,245,1_761786970,1_7976371,1775018401,1775018401,default
1775018283,1_59282,1_102717,165,1_800649930,1_7355,1775018880,1775018186,default
1775018283,1_59282,1_102717,165,1_800649930,1_8023768,1775018880,1775018880,default
1775018283,1_23905,1_100214,372,1_694306390,1_7976753,1775018459,1775018459,default
1775018283,1_55831,1_100005,106,1_727784700,1_7975005,1775018426,1775018426,default
1775018283,1_10912,40_100511,542,40_569577980,40_7976604,1775018700,1775018700,default
1775018283,1_10912,1_100162,271,1_569495700,1_7976354,1775019120,1775019120,default
1775018283,1_10640,1_100252,62,1_800856510,1_8023,1775019120,1775017573,default
1775018283,1_8403,1_100039,14,1_562520520,1_7974989,1775018400,1775018400,default
1775018583,1_60161,1_100042,148,1_762078070,1_7976054,1775020080,1775020080,default
1775018583,1_575,1_100028,13,1_788759130,1_7117,1775018340,1775018668,default
1775018583,1_2850,1_100089,2,1_788757970,1_7095,1775019480,1775017228,default
1775018583,1_2850,1_100089,2,1_788758330,1_8023448,1775020740,1775020740,default
1775018583,1_46505,1_102619,F Line,1_656237290,1_6274,1775018640,1775018570,default
1775018583,1_46505,1_102619,F Line,1_656237290,1_7976229,1775018640,1775018640,default
1775018583,1_46505,1_102619,F Line,1_656237710,1_7976085,1775019540,1775019540,default
1775018583,1_280,40_100240,554,40_560096170,40_7976689,1775018425,1775018663,default
1775018583,1_1190,1_100009,11,1_736449890,1_7062,1775018643,1775018643,default
1775018583,1_3470,1_100210,36,1_800583810,1_8023435,1775018640,1775018640,default
1775018583,1_52306,1_102619,F Line,1_656237630,1_7975998,1775019000,1775019000,default
1775018583,1_36510,1_100026,128,1_816483820,1_8023666,1775018698,1775018698,default
1775018583,1_41940,1_100249,60,1_801586220,1_8025815,1775018718,1775018718,default
1775018583,1_39983,1_102736,H Line,1_694056360,1_7974898,1775018760,1775018760,default
1775018583,1_22184,1_102736,H Line,1_694056110,1_7974895,1775018712,1775018712,default
1775018583,1_59282,1_102717,165,1_800649930,1_7355,1775018880,1775018186,default
1775018583,1_59282,1_100072,181,1_800642860,1_8023856,1775022000,1775022000,default
1775018583,1_2260,1_100275,8,1_800890950,1_8040,1775018747,1775018747,default
1775018583,1_10912,1_100264,70,1_801593040,1_8026408,1775018665,1775018755,default
1775018583,1_10912,1_100162,271,1_569495700,1_7976354,1775019120,1775019120,default
1775018583,1_10912,40_100511,542,40_569578000,40_7976685,1775020500,1775020500,default
1775018583,1_10912,1_100162,271,1_569496380,1_7976349,1775020920,1775020920,default
1775018583,1_71960,40_100511,542,40_721031100,40_7976608,1775019540,1775019540,default
1775018583,1_10640,1_100252,62,1_800856510,1_8023,1775019120,1775017573,default
1775018883,1_103,1_102745,G Line,1_736436570,1_7974685,1775018986,1775018986,default
1775018883,1_12170,1_100039,14,1_562520520,1_7974989,1775018895,1775018895,default
1775018883,1_77930,1_102746,333,1_778704350,1_7975727,1775018939,1775018939,default
1775018883,1_26560,1_102574,40,1_811900390,1_8026401,1775019002,1775019002,default
1775018883,1_60161,1_100042,148,1_762078070,1_7976054,1775020080,1775020080,default
1775018883,1_320,40_100239,550,40_597762920,40_9652,1775018940,1775018969,default
1775018883,1_2850,1_100089,2,1_788757970,1_7095,1775019480,1775017228,default
1775018883,1_2850,1_100089,2,1_788758330,1_8023448,1775020740,1775020740,default
1775018883,1_46505,1_102619,F Line,1_656237710,1_7976085,1775019540,1775019540,default
1775018883,1_47660,1_102736,H Line,1_694056530,1_7974891,1775018943,1775018943,default
1775018883,1_23530,1_100259,67,1_724949180,1_7975677,1775018944,1775018944,default
1775018883,1_52306,1_102619,F Line,1_656237630,1_7975998,1775019000,1775019000,default
1775018883,1_52306,1_102619,F Line,1_656236490,1_7976035,1775019900,1775019900,default
1775018883,1_59282,1_100072,181,1_800642860,1_8023856,1775022000,1775022000,default
1775018883,1_10912,1_100162,271,1_569495700,1_7976354,1775019120,1775019120,default
1775018883,1_10912,40_100511,542,40_569578000,40_7976685,1775020500,1775020500,default
1775018883,1_10912,1_100162,271,1_569496380,1_7976349,1775020920,1775020920,default
1775018883,1_71960,40_100511,542,40_721031100,40_7976608,1775019540,1775019540,default
1775018883,1_10640,1_100252,62,1_800856510,1_8023,1775019120,1775017573,default
1775019183,1_60161,1_100042,148,1_762078070,1_3713,1775020080,1775018873,default
1775019183,1_60161,1_100042,148,1_762078070,1_7976054,1775020080,1775020080,default
1775019183,1_51651,1_102736,H Line,1_694055790,1_7974901,1775019228,1775019228,default
1775019183,1_2850,1_100089,2,1_788757970,1_7095,1775019480,1775017228,default
1775019183,1_2850,1_100089,2,1_788758330,1_7140,1775020740,1775018857,default
1775019183,1_46505,1_102619,F Line,1_656237710,1_7976085,1775019540,1775019540,default
1775019183,1_46505,1_102619,F Line,1_656237480,1_7975999,1775021340,1775021340,default
1775019183,1_57453,1_100074,183,1_800656390,1_8023903,1775019240,1775019240,default
1775019183,1_81254,1_102744,365,1_774126580,1_7975725,1775019255,1775019255,default
1775019183,1_52306,1_102619,F Line,1_656236490,1_7976035,1775019900,1775019900,default
1775019183,1_58112,1_102619,F Line,1_656237550,1_7976016,1775019321,1775019321,default
1775019183,1_73368,1_102752,223,1_816297830,1_8024748,1775019294,1775019294,default
1775019183,1_59282,1_100072,181,1_800642860,1_8023856,1775022000,1775022000,default
1775019183,1_620,40_100236,545,40_560092310,40_7976564,1775019480,1775019480,default
1775019183,1_620,40_100239,550,40_597763070,40_7976619,1775019780,1775019780,default
1775019183,1_10912,40_100511,542,40_569578000,40_7976685,1775020500,1775020500,default
1775019183,1_10912,1_100162,271,1_569496380,1_7976349,1775020920,1775020920,default
1775019183,1_71960,40_100511,542,40_721031100,40_7976608,1775019540,1775019540,default
1775019483,1_60161,1_100042,148,1_762078070,1_3713,1775020080,1775018873,default
1775019483,1_74327,1_102702,239,1_609009860,1_7976433,1775019526,1775019526,default
1775019483,1_575,1_100173,3,1_675344430,1_7974916,1775019600,1775019600,default
1775019483,1_2850,1_100089,2,1_788758330,1_7140,1775020740,1775018857,default
1775019483,1_2850,1_100089,2,1_788758380,1_8023469,1775021940,1775021940,default
1775019483,1_46505,1_102619,F Line,1_656237710,1_7976085,1775019540,1775019540,default
1775019483,1_46505,1_102619,F Line,1_656237480,1_7975999,1775021340,1775021340,default
1775019483,1_1190,1_100447,49,1_801199510,1_4370,1775019182,1775019543,default
1775019483,1_3470,1_100210,36,1_800582870,1_8023456,1775019540,1775019540,default
1775019483,1_81254,1_102746,333,1_778704740,1_7975728,1775019553,1775019553,default
1775019483,1_52306,1_102619,F Line,1_656236490,1_7976035,1775019900,1775019900,default
1775019483,1_9605,1_100259,67,1_657908580,1_7975673,1775019540,1775019612,default
1775019483,1_39983,1_102736,H Line,1_694056270,1_7974892,1775019660,1775019660,default
1775019483,1_22184,1_102736,H Line,1_694055790,1_7974901,1775019612,1775019612,default
1775019483,1_59282,1_100072,181,1_800642860,1_8023856,1775022000,1775022000,default
1775019483,1_620,40_100239,550,40_597763070,40_7976619,1775019780,1775019780,default
1775019483,1_10912,1_100264,70,1_801592670,1_8222,1775019565,1775019646,default
1775019483,1_10912,1_100447,49,1_801199540,1_8023496,1775019690,1775019690,default
1775019483,1_10912,40_100511,542,40_569578000,40_7976685,1775020500,1775020500,default
1775019483,1_10912,1_100162,271,1_569496380,1_7976349,1775020920,1775020920,default
1775019483,1_71960,1_102752,223,1_816297830,1_8024748,1775019660,1775019660,default
1775019483,1_10640,1_100252,62,1_800856520,1_7102,1775020980,1775019335,default
1775019483,1_10640,1_100252,62,1_800856520,1_8024963,1775020980,1775020956,default
1775019783,1_103,1_102745,G Line,1_736436530,1_7974684,1775019855,1775019855,default
1775019783,1_60161,1_100042,148,1_762078070,1_3713,1775020080,1775018873,default
1775019783,1_2850,1_100089,2,1_788758330,1_7140,1775020740,1775018857,default
1775019783,1_2850,1_100089,2,1_788758380,1_7115,1775021940,1775019532,default
1775019783,1_2850,1_100089,2,1_788758380,1_8023469,1775021940,1775021940,default
1775019783,1_46505,1_102619,F Line,1_656237480,1_7975999,1775021340,1775021340,default
1775019783,1_47660,1_102736,H Line,1_694056360,1_7974898,1775019843,1775019843,default
1775019783,1_52306,1_102619,F Line,1_656236490,1_7976035,1775019900,1775019900,default
1775019783,1_38220,1_100214,372,1_694307200,1_7976747,1775019904,1775019904,default
1775019783,1_41940,1_100249,60,1_801586310,1_8025884,1775019918,1775019918,default
1775019783,1_21080,1_100249,60,1_801586370,1_7105,1775019840,1775019932,default
1775019783,1_59282,1_100072,181,1_800642860,1_8023856,1775022000,1775022000,default
1775019783,1_45230,1_100133,240,1_787241150,1_7976408,1775019918,1775019918,default
1775019783,1_21320,1_100249,60,1_801586230,1_8025817,1775019936,1775019936,default
1775019783,1_2260,1_100275,8,1_800891700,1_8073,1775019947,1775019947,default
1775019783,1_10912,40_100511,542,40_569578000,40_7976685,1775020500,1775020500,default
1775019783,1_10912,1_100162,271,1_569496380,1_7976349,1775020920,1775020920,default
1775019783,1_10640,1_100252,62,1_800856520,1_7102,1775020980,1775019335,default
1775019783,1_3000,1_100089,2,1_788757970,1_8023447,1775019912,1775019974,default
1775020083,1_12170,1_100039,14,1_562520590,1_7974992,1775020215,1775020215,default
1775020083,1_2850,1_100089,2,1_788758330,1_7140,1775020740,1775018857,default
1775020083,1_2850,1_100089,2,1_788758380,1_7115,1775021940,1775019532,default
1775020083,1_46505,1_102619,F Line,1_656237480,1_7975999,1775021340,1775021340,default
1775020083,1_1190,40_100239,550,40_597763070,40_7976619,1775020189,1775020189,default
1775020083,1_59282,1_100072,181,1_800642860,1_8023856,1775022000,1775022000,default
1775020083,1_23905,1_100214,372,1_694307200,1_7976747,1775020246,1775020246,default
1775020083,1_55831,1_100005,106,1_727784660,1_7975003,1775020226,1775020226,default
1775020083,1_10912,40_100511,542,40_569578000,40_7976685,1775020500,1775020500,default
1775020083,1_10912,1_100162,271,1_569496380,1_7976349,1775020920,1775020920,default
1775020083,1_10640,1_100252,62,1_800856520,1_7102,1775020980,1775019335,default
1775020383,1_481,1_102576,C Line,1_800867880,1_8024969,1775020440,1775020440,default
1775020383,1_575,1_100219,4,1_675344930,1_7974872,1775020500,1775020500,default
1775020383,1_2850,1_100089,2,1_788758330,1_7140,1775020740,1775018857,default
1775020383,1_2850,1_100089,2,1_788758380,1_7115,1775021940,1775019532,default
1775020383,1_46505,1_102619,F Line,1_656237480,1_7975999,1775021340,1775021340,default
1775020383,1_3470,1_100210,36,1_800583640,1_8023418,1775020440,1775020440,default
1775020383,1_22184,1_102736,H Line,1_694055690,1_7974899,1775020512,1775020512,default
1775020383,1_59282,1_100072,181,1_800642860,1_8023856,1775022000,1775022000,default
1775020383,1_59872,1_102619,F Line,1_656237630,1_7975998,1775020619,1775020619,default
1775020383,1_10912,1_100162,271,1_569496380,1_7976349,1775020920,1775020920,default
1775020383,1_10640,1_100252,62,1_800856520,1_7102,1775020980,1775019335,default
1775020683,1_103,1_102745,G Line,1_736436980,1_7974688,1775020755,1775020755,default
1775020683,1_77930,1_102746,333,1_778704360,1_7975729,1775020739,1775020739,default
1775020683,1_26560,1_102574,40,1_811899200,1_8026406,1775020742,1775020742,default
1775020683,1_2850,1_100089,2,1_788758330,1_7140,1775020740,1775018857,default
1775020683,1_2850,1_100089,2,1_788758380,1_7115,1775021940,1775019532,default
1775020683,1_2850,1_100089,2,1_788758340,1_8023474,1775023140,1775023140,default
1775020683,1_46505,1_102619,F Line,1_656237480,1_7975999,1775021340,1775021340,default
1775020683,1_47660,1_102736,H Line,1_694056270,1_7974892,1775020743,1775020743,default
1775020683,1_52306,1_102619,F Line,1_721497100,1_7976016,1775021700,1775021700,default
1775020683,1_59282,1_100072,181,1_800642860,1_8023856,1775022000,1775022000,default
1775020683,1_58111,1_102619,F Line,1_656237710,1_7976085,1775020876,1775020876,default
1775020683,1_620,40_100240,554,40_774873970,40_7976694,1775020980,1775020980,default
1775020683,1_10912,1_100447,49,1_801199470,1_8023489,1775020890,1775020890,default
1775020683,1_10912,1_100162,271,1_569496380,1_7976349,1775020920,1775020920,default
1775020683,1_10640,1_100252,62,1_800856520,1_7102,1775020980,1775019335,default
1775020683,1_52081,1_102736,H Line,1_694055990,1_7974893,1775020881,1775020881,default
1775020983,1_2850,1_100089,2,1_788758380,1_7115,1775021940,1775019532,default
1775020983,1_2850,1_100089,2,1_788758340,1_7152,1775023140,1775020822,default
1775020983,1_2850,1_100089,2,1_788758340,1_8023474,1775023140,1775023140,default
1775020983,1_46505,1_102619,F Line,1_656237480,1_7975999,1775021340,1775021340,default
1775020983,1_9850,1_100269,75,1_803352320,1_8022110,1775020635,1775021059,default
1775020983,1_11200,1_100447,49,1_801199530,1_8023492,1775021100,1775021100,default
1775020983,1_52306,1_102619,F Line,1_721497100,1_7976016,1775021700,1775021700,default
1775020983,1_58112,1_102619,F Line,1_656237710,1_7976085,1775021105,1775021105,default
1775020983,1_41940,1_100249,60,1_801586170,1_8025826,1775021118,1775021118,default
1775020983,1_73368,1_102752,223,1_816297840,1_8024723,1775021094,1775021094,default
1775020983,1_59282,1_100072,181,1_800642860,1_8023856,1775022000,1775022000,default
1775020983,1_620,40_100236,545,40_560092380,40_7976571,1775021280,1775021280,default
1775020983,1_620,40_100239,550,40_597762930,40_7976614,1775021640,1775021640,default
1775020983,1_10640,1_100252,62,1_800856540,1_8025072,1775024580,1775024580,default
1775021283,1_52638,1_102719,161,1_800651650,1_8023905,1775021302,1775021302,default
1775021283,1_575,1_100173,3,1_675344350,1_7974915,1775021400,1775021400,default
1775021283,1_2850,1_100089,2,1_788758380,1_7115,1775021940,1775019532,default
1775021283,1_2850,1_100089,2,1_788758340,1_7152,1775023140,1775020822,default
1775021283,1_46505,1_102619,F Line,1_656237480,1_7975999,1775021340,1775021340,default
1775021283,1_52306,1_102619,F Line,1_721497100,1_7976016,1775021700,1775021700,default
1775021283,1_49350,1_100026,128,1_806634790,1_8023677,1775021457,1775021457,default
1775021283,1_22184,1_102736,H Line,1_694056570,1_7974891,1775021412,1775021412,default
1775021283,1_59282,1_100072,181,1_800642860,1_7352,1775022000,1775021079,default
1775021283,1_620,40_100239,550,40_597762930,40_7976614,1775021640,1775021640,default
1775021283,1_10912,40_100511,542,40_569578630,40_7976608,1775022300,1775022300,default
1775021283,1_71960,1_102752,223,1_816297840,1_8024723,1775021460,1775021460,default
1775021283,1_10640,1_100252,62,1_800856530,1_8060,1775022780,1775021358,default
1775021283,1_10640,1_100252,62,1_800856530,1_8024960,1775022780,1775022780,default
1775021283,1_10640,1_100252,62,1_800856540,1_8025072,1775024580,1775024580,default
1775021583,1_103,1_102745,G Line,1_736436600,1_7974692,1775021655,1775021655,default
1775021583,1_2850,1_100089,2,1_788758380,1_7115,1775021940,1775019532,default
1775021583,1_2850,1_100089,2,1_788758340,1_7152,1775023140,1775020822,default
1775021583,1_51471,1_102736,H Line,1_694056430,1_6078,1775021461,1775021646,default
1775021583,1_79610,1_100006,107,1_694515170,1_7976053,1775021656,1775021656,default
1775021583,1_52306,1_102619,F Line,1_721497100,1_7976016,1775021700,1775021700,default
1775021583,1_80121,1_102719,161,1_800651650,1_8023905,1775021735,1775021735,default
1775021583,1_59282,1_100072,181,1_800642860,1_7352,1775022000,1775021079,default
1775021583,1_59282,1_102717,165,1_800649940,1_7310,1775022540,1775021628,default
1775021583,1_59282,1_102717,165,1_800649940,1_8023716,1775022540,1775022540,default
1775021583,1_2260,1_100275,8,1_800890400,1_8037,1775021747,1775021747,default
1775021583,1_10912,40_100511,542,40_569578630,40_7976608,1775022300,1775022300,default
1775021583,1_10640,1_100252,62,1_800856530,1_8060,1775022780,1775021358,default
1775021583,1_10640,1_100252,62,1_800856540,1_8025072,1775024580,1775024580,default
1775021583,1_52081,1_102736,H Line,1_694055910,1_7974896,1775021781,1775021781,default
1775021883,1_12170,1_100039,14,1_562520930,1_7974993,1775022015,1775022015,default
1775021883,1_51651,1_102736,H Line,1_694056430,1_7974898,1775021928,1775021928,default
1775021883,1_575,1_100089,2,1_788758330,1_8023448,1775022000,1775022000,default
1775021883,1_2850,1_100089,2,1_788758380,1_7115,1775021940,1775019532,default
1775021883,1_2850,1_100089,2,1_788758340,1_7152,1775023140,1775020822,default
1775021883,1_46505,1_102619,F Line,1_656237640,1_7975998,1775023140,1775023140,default
1775021883,1_59282,1_102717,165,1_800649940,1_7310,1775022540,1775021628,default
1775021883,1_57791,1_102718,184,1_762089520,1_7976216,1775022037,1775022037,default
1775021883,1_10912,1_100447,49,1_801199370,1_8023495,1775022090,1775022090,default
1775021883,1_10912,40_100511,542,40_569578630,40_7976608,1775022300,1775022300,default
1775021883,1_10640,1_100252,62,1_800856530,1_8060,1775022780,1775021358,default
1775021883,1_10640,1_100252,62,1_800856540,1_8025072,1775024580,1775024580,default
1775022183,1_575,1_100219,4,1_675344920,1_7974865,1775022300,1775022300,default
1775022183,1_575,1_100263,7,1_800586950,1_8023477,1775022300,1775022300,default
1775022183,1_2850,1_100089,2,1_788758340,1_7152,1775023140,1775020822,default
1775022183,1_46505,1_102619,F Line,1_656237640,1_7975998,1775023140,1775023140,default
1775022183,1_41940,1_100249,60,1_801586370,1_8025824,1775022318,1775022318,default
1775022183,1_22184,1_102736,H Line,1_694056430,1_7974898,1775022312,1775022312,default
1775022183,1_22184,1_100249,60,1_801586340,1_8025820,1775022328,1775022328,default
1775022183,1_59282,1_102717,165,1_800649940,1_7310,1775022540,1775021628,default
1775022183,1_10640,1_100252,62,1_800856540,1_8292,1775024580,1775022717,default
1775024554,1_2850,1_100089,2,1_788758350,1_7091,1775024940,1775022554,default
1775024554,1_46505,1_102619,F Line,1_694522020,1_7976016,1775025060,1775025060,default
1775024554,3_31002,1_102736,H Line,1_694055760,1_7974901,1775024626,1775024626,default
1775024554,1_52306,1_102619,F Line,1_694521940,1_7975999,1775025300,1775025300,default
1775024554,1_58112,1_102619,F Line,1_656237640,1_7975998,1775024645,1775024645,default
1775024554,1_40030,1_102574,40,1_811899180,1_8263,1775024540,1775024713,default
1775024554,1_25791,1_100214,372,1_694306950,1_6961,1775024574,1775024733,default
1775024554,1_10640,1_100252,62,1_800856550,1_8025003,1775026380,1775026380,default
1775024554,1_10640,1_100252,62,1_800856560,1_8025001,1775028180,1775028180,default
1775024854,1_6650,1_102747,61,1_803357360,1_8022053,1775024685,1775024888,default
1775024854,1_12220,1_100009,11,1_736449760,1_7042,1775025627,1775024822,default
1775024854,1_2850,1_100089,2,1_788758350,1_7091,1775024940,1775022554,default
1775024854,1_46505,1_102619,F Line,1_694522020,1_7976016,1775025060,1775025060,default
1775024854,1_52306,1_102619,F Line,1_694521940,1_7975999,1775025300,1775025300,default
1775024854,1_59872,1_102619,F Line,1_721497260,1_7976085,1775025059,1775025059,default
1775024854,1_10640,1_100252,62,1_800856550,1_8025003,1775026380,1775026380,default
1775024854,1_10640,1_100252,62,1_800856560,1_8025001,1775028180,1775028180,default
1775025154,1_103,1_102745,G Line,1_736436620,1_7974692,1775025223,1775025223,default
1775025154,1_8541,1_100263,7,1_800589060,1_4531,1775025180,1775025180,default
1775025154,1_12220,1_100009,11,1_736449760,1_7042,1775025627,1775025108,default
1775025154,1_2850,1_100089,2,1_788757980,1_8023449,1775028480,1775028480,default
1775025154,1_52306,1_102619,F Line,1_694521940,1_7975999,1775025300,1775025300,default
1775025154,1_30180,1_100006,107,1_635438160,1_7976053,1775025312,1775025312,default
1775025154,1_57791,1_102718,184,1_664480640,1_7976216,1775025397,1775025397,default
1775025154,1_620,40_100240,554,40_774874150,40_7976689,1775025420,1775025420,default
1775025154,1_10640,1_100252,62,1_800856550,1_8025003,1775026380,1775026380,default
1775025154,1_10640,1_100252,62,1_800856560,1_8025001,1775028180,1775028180,default
1775025454,1_970,1_100045,150,1_800670480,1_6955,1775025192,1775025480,default
1775025454,1_12220,1_100009,11,1_736449760,1_7042,1775025627,1775025468,default
1775025454,1_2850,1_100089,2,1_788758360,1_7153,1775026740,1775025094,default
1775025454,1_2850,1_100089,2,1_788757980,1_8023449,1775028480,1775028480,default
1775025454,3_31002,1_102736,H Line,1_694055670,1_7974899,1775025526,1775025526,default
1775025454,1_10640,1_100252,62,1_800856550,1_8025003,1775026380,1775026380,default
1775025454,1_10640,1_100252,62,1_800856560,1_8025001,1775028180,1775028180,default
1775025754,1_575,1_100001,1,1_800581780,1_4346,1775025840,1775025840,default
1775025754,1_575,1_102576,C Line,1_800867860,1_8024969,1775025840,1775025840,default
1775025754,1_2850,1_100089,2,1_788758360,1_7153,1775026740,1775025094,default
1775025754,1_2850,1_100089,2,1_788757980,1_8023449,1775028480,1775028480,default
1775025754,1_25140,1_100254,65,1_778695650,1_7975678,1775025698,1775025812,default
1775025754,1_11200,1_100447,49,1_801199380,1_4370,1775025840,1775025840,default
1775025754,1_52306,1_102619,F Line,1_694522100,1_7975998,1775027100,1775027100,default
1775025754,1_10640,1_100252,62,1_800856550,1_8025003,1775026380,1775026380,default
1775025754,1_10640,1_100252,62,1_800856560,1_8025001,1775028180,1775028180,default
1775026054,1_103,1_102745,G Line,1_736437040,1_7974685,1775026123,1775026123,default
1775026054,1_575,1_100028,13,1_788759760,1_7091,1775026140,1775026140,default
1775026054,1_2850,1_100089,2,1_788758360,1_7153,1775026740,1775025094,default
1775026054,1_2850,1_100089,2,1_788757980,1_8023449,1775028480,1775028480,default
1775026054,1_46505,1_102619,F Line,1_694522180,1_7976085,1775026860,1775026860,default
1775026054,1_1510,1_100263,7,1_800587900,1_8023411,1775026134,1775026134,default
1775026054,1_52306,1_102619,F Line,1_694522100,1_7975998,1775027100,1775027100,default
1775026054,1_10640,1_100252,62,1_800856550,1_8065,1775026380,1775025888,default
1775026054,1_10640,1_100252,62,1_800856560,1_8025001,1775028180,1775028180,default
1775026354,1_575,1_102615,E Line,1_813078770,1_6212,1775025960,1775026409,default
1775026354,1_2850,1_100089,2,1_788758360,1_7153,1775026740,1775025094,default
1775026354,1_2850,1_100089,2,1_788757980,1_8023449,1775028480,1775028480,default
1775026354,1_46505,1_102619,F Line,1_694522180,1_7976085,1775026860,1775026860,default
1775026354,1_1190,1_100447,49,1_801199440,1_4307,1775026382,1775026400,default
1775026354,1_52306,1_102619,F Line,1_694522100,1_7975998,1775027100,1775027100,default
1775026354,1_25791,1_100214,372,1_694307090,1_6980,1775026374,1775026562,default
1775026354,1_10640,1_100252,62,1_800856560,1_8025001,1775028180,1775028180,default
1775026655,1_575,1_100263,7,1_800587900,1_8023411,1775026740,1775026740,default
1775026655,1_2850,1_100089,2,1_788758360,1_7153,1775026740,1775025094,default
1775026655,1_2850,1_100089,2,1_788757980,1_8023449,1775028480,1775028480,default
1775026655,1_46505,1_102619,F Line,1_694522180,1_7976085,1775026860,1775026860,default
1775026655,1_52306,1_102619,F Line,1_694522100,1_7975998,1775027100,1775027100,default
1775026655,1_10912,1_100224,44,1_664046660,1_7974931,1775026837,1775026837,default
1775026655,1_10640,1_100252,62,1_800856560,1_8023,1775028180,1775026619,default
1775026655,1_10640,1_100252,62,1_800856560,1_8025001,1775028180,1775028180,default
1775026955,1_103,1_102745,G Line,1_736436660,1_7974688,1775027023,1775027023,default
1775026955,1_8541,1_100263,7,1_800586980,1_8023401,1775026980,1775026980,default
1775026955,1_2850,1_100089,2,1_788757980,1_8023449,1775028480,1775028480,default
1775026955,1_280,40_100240,554,40_560096200,40_7976689,1775027005,1775027021,default
1775026955,1_1510,1_100210,36,1_800582850,1_8023456,1775027034,1775027034,default
1775026955,1_11200,1_100447,49,1_801199440,1_8023492,1775027040,1775027040,default
1775026955,1_52306,1_102619,F Line,1_694522100,1_7975998,1775027100,1775027100,default
1775026955,1_7690,1_102615,E Line,1_813078770,1_8026444,1775027119,1775027119,default
1775026955,1_620,40_100239,550,40_651524630,40_7976619,1775027460,1775027460,default
1775026955,1_10640,1_100252,62,1_800856560,1_8023,1775028180,1775026619,default
1775027255,1_2850,1_100089,2,1_788757980,1_8023449,1775028480,1775028480,default
1775027255,1_280,40_100240,554,40_560096200,40_7976689,1775027005,1775027322,default
1775027255,1_620,40_100239,550,40_651524630,40_7976619,1775027460,1775027460,default
1775027255,1_10640,1_100252,62,1_800856560,1_8023,1775028180,1775026619,default
1775027555,1_481,1_102576,C Line,1_800867550,1_8024978,1775027580,1775027580,default
1775027555,1_2850,1_100089,2,1_788757980,1_7098,1775028480,1775027328,default
1775027555,1_2850,1_100089,2,1_788757980,1_8023449,1775028480,1775028480,default
1775027555,1_10640,1_100252,62,1_800856560,1_8023,1775028180,1775026619,default
1775027855,1_103,1_102745,G Line,1_736436680,1_7974692,1775027923,1775027923,default
1775027855,1_2850,1_100089,2,1_788757980,1_7098,1775028480,1775027328,default
1775027855,1_1510,1_100263,7,1_800587190,1_8023410,1775027934,1775027934,default
1775027855,1_10640,1_100252,62,1_800856560,1_8023,1775028180,1775026619,default
1775028155,1_8541,1_100039,14,1_562520730,1_7974992,1775028180,1775028180,default
1775028155,1_2850,1_100089,2,1_788757980,1_7098,1775028480,1775027328,default
1775028155,1_11200,1_100447,49,1_801199330,1_8023493,1775028240,1775028240,default
1775028155,1_80121,1_102719,161,1_800651610,1_8023781,1775028312,1775028312,default
1775028455,1_28370,1_102574,40,1_811901700,1_8026388,1775028471,1775028471,default
1775028455,1_575,1_100263,7,1_800587190,1_8023410,1775028540,1775028540,default
1775028455,1_99254,40_102758,570,40_816380090,40_8005272,1775029423,1775029423,default
1775028755,1_99254,40_102758,570,40_816380090,40_8005272,1775029423,1775029423,default
1775028755,1_7690,1_102615,E Line,1_813082000,1_8026432,1775028919,1775028919,default
1775028755,1_57791,1_102718,184,1_664480780,1_7976216,1775028950,1775028950,default
1775028755,1_10912,1_100447,49,1_801199300,1_4370,1775028690,1775028938,default
1775028755,1_8403,1_100039,14,1_562520730,1_7974992,1775028960,1775028960,default
1775029055,1_99254,40_102758,570,40_816380090,40_8005272,1775029423,1775029615,default
1775029055,1_45751,1_100023,124,1_800864500,1_8024951,1775029161,1775029161,default
1775029055,1_39983,1_102736,H Line,1_732459430,1_7974893,1775029200,1775029200,default
1775029055,1_8403,1_100039,14,1_562520740,1_4407,1775029620,1775028969,default
1775029055,1_8403,1_100039,14,1_562520740,1_7974992,1775029620,1775029620,default
1775029355,1_8080,1_100006,107,1_721486200,1_7976061,1775029410,1775029410,default
1775029355,1_75770,1_102615,E Line,1_816542540,1_6212,1775029929,1775029381,default
1775029355,1_11200,1_100447,49,1_801199320,1_8023496,1775029440,1775029440,default
1775029355,1_99254,40_102758,570,40_816380090,40_8005272,1775029423,1775029615,default
1775029355,1_8403,1_100039,14,1_562520740,1_4407,1775029620,1775028969,default
1775029655,1_103,1_102745,G Line,1_736436700,1_7974688,1775029723,1775029723,default
1775029655,1_575,1_100028,13,1_788759150,1_7098,1775029680,1775029751,default
1775029655,3_31002,1_102736,H Line,1_732459430,1_7974893,1775029726,1775029726,default
1775029955,1_1510,1_100005,106,1_727784620,1_7975003,1775030013,1775030013,default
1775029955,1_99254,40_102758,570,40_816380090,40_8005272,1775029423,1775030220,default
1775029955,1_99254,40_102758,570,40_816380090,40_9585,1775029423,1775030361,default
1775030255,1_2850,1_100089,2,1_788758370,1_7152,1775030340,1775029808,default
1775030255,1_2850,1_100089,2,1_788758370,1_8023474,1775030340,1775030340,default
1775030255,1_99254,40_102758,570,40_816380090,40_8005272,1775029423,1775030471,default
1775030255,1_99254,40_102758,570,40_816380100,40_8005271,1775031223,1775031223,default
1775030555,1_103,1_102745,G Line,1_736436710,1_7974692,1775030623,1775030623,default
1775030555,1_30510,1_100006,107,1_721486200,1_7976061,1775030619,1775030619,default
1775030555,1_99254,40_102758,570,40_816380100,40_8005271,1775031223,1775031223,default
1775030555,1_41850,1_100006,107,1_721486200,1_7976061,1775030690,1775030690,default
1775030555,1_41370,1_100028,13,1_788759150,1_8023449,1775030689,1775030689,default
1775030555,1_7690,1_102615,E Line,1_813078680,1_8025863,1775030719,1775030719,default
1775030855,1_575,1_100039,14,1_562520740,1_7974992,1775030940,1775030940,default
1775030855,1_99254,40_102758,570,40_816380100,40_8005271,1775031223,1775031223,default
1775031155,1_11200,1_100447,49,1_801199290,1_8023489,1775031240,1775031240,default
1775031155,1_57940,1_102720,160,1_635445170,1_7976102,1775031333,1775031333,default
1775031455,1_575,1_102615,E Line,1_813082110,1_6087,1775031360,1775031513,default
1775031755,1_12770,1_100219,4,1_675347220,1_7974873,1775031728,1775031776,default
1775031755,1_40030,1_102574,40,1_811901570,1_8235,1775031804,1775031868,default
1775032056,1_99254,40_102758,570,40_816380110,40_8005273,1775033023,1775033023,default
1775032056,1_22184,1_102736,H Line,1_732459510,1_7974893,1775032212,1775032212,default
1775032356,1_575,1_100264,70,1_801592930,1_8201,1775032440,1775032440,default
1775032356,1_99254,40_102758,570,40_816380110,40_8005273,1775033023,1775033023,default
1775032356,1_14280,1_102581,D Line,1_800600300,1_8023439,1775032515,1775032515,default
1775032656,1_12770,1_100219,4,1_675347220,1_7974873,1775031728,1775032693,default
1775032656,1_99254,40_102758,570,40_816380110,40_8005273,1775033023,1775033023,default
1775032656,1_39983,1_102736,H Line,1_732458620,1_7974901,1775032800,1775032800,default
1775032956,1_11200,1_100447,49,1_801199430,1_8023492,1775033040,1775033040,default
1775033856,1_99254,40_102758,570,40_816380120,40_8005270,1775034823,1775034823,default
1775034156,1_99254,40_102758,570,40_816380120,40_8005270,1775034823,1775034823,default
1775034156,1_7690,1_102615,E Line,1_813078750,1_8025862,1775034319,1775034319,default
1775034456,1_99254,40_102758,570,40_816380120,40_8005270,1775034823,1775034823,default
1775034756,1_11200,1_100447,49,1_801199340,1_8023493,1775034840,1775034840,default
1775034756,1_10912,1_100264,70,1_801592900,1_8026417,1775034865,1775034941,default
1775035656,1_12770,1_100219,4,1_675347040,1_7974873,1775035328,1775035675,default
1775035656,1_99254,40_102758,570,40_816380130,40_8005272,1775036623,1775036623,default
1775035656,1_22184,1_102736,H Line,1_732458610,1_7974901,1775035812,1775035812,default
1775035956,1_99254,40_102758,570,40_816380130,40_8005272,1775036623,1775036623,default
1775035956,1_14280,1_102581,D Line,1_800600760,1_8023440,1775036115,1775036115,default
1775036256,1_99254,40_102758,570,40_816380130,40_8005272,1775036623,1775036623,default
1775036556,1_11200,1_100447,49,1_801199260,1_4358,1775036640,1775036640,default
1775036556,1_58112,1_100045,150,1_800670900,1_8023835,1775036667,1775036667,default
1775036856,1_10912,1_100264,70,1_801592560,1_8026414,1775036965,1775037031,default
1775037156,1_99254,40_102758,570,40_816380140,40_8005271,1775038423,1775038423,default
1775037156,1_60710,1_100512,A Line,1_800643910,1_8023867,1775037913,1775037913,default
1775037932,1_99254,40_102758,570,40_816380140,40_8005271,1775038423,1775038423,default
1775038232,1_99254,40_102758,570,40_816380140,40_8005271,1775038423,1775038423,default
1775039132,1_99254,40_102758,570,40_816380150,40_8005273,1775040223,1775040223,default
1775039132,1_10912,1_100264,70,1_801592620,1_8025881,1775039305,1775039320,default
1775039432,1_99254,40_102758,570,40_816380150,40_8005273,1775040223,1775040223,default
1775039732,1_75890,1_102615,E Line,1_813078640,1_8025863,1775039768,1775039768,default
1775039732,1_575,1_102576,C Line,1_800867560,1_8024978,1775039820,1775039820,default
1775039732,1_99254,40_102758,570,40_816380150,40_8005273,1775040223,1775040223,default
1775040032,1_99254,40_102758,570,40_816380150,40_8005273,1775040223,1775040223,default
1775041532,1_60453,1_102715,162,1_635447070,1_7976013,1775044320,1775044320,default
1775041532,1_57453,40_102734,566,40_597750610,40_7976586,1775043840,1775043840,default
1775041532,1_59282,1_100072,181,1_815955210,1_8023815,1775044500,1775044500,default
1775041832,1_60453,1_102715,162,1_635447070,1_7976013,1775044320,1775044320,default
1775041832,1_57453,40_102734,566,40_597750610,40_7976586,1775043840,1775043840,default
1775041832,1_59282,1_100072,181,1_815955210,1_8023815,1775044500,1775044500,default
1775041832,1_59282,1_102717,165,1_800649560,1_8023767,1775044500,1775044500,default
1775042132,1_60453,1_102715,162,1_635447070,1_7976013,1775044320,1775044320,default
1775042132,1_2850,1_100089,2,1_788757990,1_8023443,1775044020,1775044020,default
1775042132,1_57453,40_102734,566,40_597750610,40_7976586,1775043840,1775043840,default
1775042132,1_59282,1_100072,181,1_815955210,1_8023815,1775044500,1775044500,default
1775042132,1_59282,1_102717,165,1_800649560,1_8023767,1775044500,1775044500,default
1775042132,1_10640,1_100252,62,1_800855800,1_8024961,1775043840,1775043840,default
1775042432,1_60453,1_102715,162,1_635447070,1_7976013,1775044320,1775044320,default
1775042432,1_2850,1_100089,2,1_788757990,1_8023443,1775044020,1775044020,default
1775042432,1_57453,40_102734,566,40_597750610,40_7976586,1775043840,1775043840,default
1775042432,1_52306,1_102619,F Line,1_635448310,1_7976142,1775043840,1775043840,default
1775042432,1_59282,1_100072,181,1_815955210,1_8023815,1775044500,1775044500,default
1775042432,1_59282,1_102717,165,1_800649560,1_8023767,1775044500,1775044500,default
1775042432,1_10640,1_100252,62,1_800855800,1_8024961,1775043840,1775043840,default
1775042732,1_60453,1_102715,162,1_635447070,1_7976013,1775044320,1775044320,default
1775042732,1_2850,1_100089,2,1_788757990,1_8023443,1775044020,1775044020,default
1775042732,1_57453,40_102734,566,40_597750610,40_7976586,1775043840,1775043840,default
1775042732,1_52306,1_102619,F Line,1_635448310,1_7976142,1775043840,1775043840,default
1775042732,1_59282,1_102717,165,1_800649570,1_8023733,1775045880,1775045880,default
1775042732,1_59282,1_100072,181,1_721481720,1_7976141,1775045940,1775045940,default
1775042732,1_59282,1_102717,165,1_800649580,1_8023842,1775047080,1775047080,default
1775042732,1_59282,1_100072,181,1_770986350,1_7976082,1775047440,1775047440,default
1775042732,1_10912,1_100264,70,1_801594390,1_8025828,1775045005,1775045043,default
1775042732,1_10912,1_100264,70,1_801594390,1_8266,1775045005,1775045058,default
1775042732,1_71960,40_100511,542,40_721030910,40_7976607,1775046060,1775046060,default
1775042732,1_10640,1_100252,62,1_800855810,1_8024956,1775045640,1775045640,default
1775042732,1_10640,1_100252,62,1_800855820,1_8024957,1775047440,1775047440,default
1775045047,1_60453,1_102715,162,1_635447080,1_7976026,1775045520,1775045520,default
1775045047,1_60453,1_102715,162,1_664468640,1_7975993,1775046720,1775046720,default
1775045047,1_51651,1_102736,H Line,1_694057520,1_7974889,1775045078,1775045078,default
1775045047,1_575,1_102615,E Line,1_768603480,1_6202,1775044800,1775045114,default
1775045047,1_46505,1_102619,F Line,1_656236480,1_7975992,1775046180,1775046180,default
1775045047,1_57453,40_102734,566,40_597751250,40_7976588,1775046480,1775046480,default
1775045047,1_57453,1_100060,168,1_664460500,1_7976127,1775046600,1775046678,default
1775045047,1_52306,1_102619,F Line,1_694520790,1_7976083,1775046000,1775046000,default
1775045047,1_57350,1_102720,160,1_664466450,1_7976075,1775045160,1775045160,default
1775045047,1_59282,1_102717,165,1_800649570,1_7180,1775045880,1775045031,default
1775045047,1_59282,1_102717,165,1_800649570,1_8023733,1775045880,1775045880,default
1775045047,1_59282,1_100072,181,1_721481720,1_7976141,1775045940,1775045940,default
1775045047,1_59282,1_102717,165,1_800649580,1_8023842,1775047080,1775047080,default
1775045047,1_59282,1_100072,181,1_770986350,1_7976082,1775047440,1775047440,default
1775045047,1_620,40_100236,545,40_806327820,40_9636,1775045220,1775045247,default
1775045047,1_71960,40_100511,542,40_721030910,40_7976607,1775046060,1775046060,default
1775045047,1_10640,1_100252,62,1_800855810,1_8024956,1775045640,1775045640,default
1775045047,1_10640,1_100252,62,1_800855820,1_8024957,1775047440,1775047440,default
1775045347,1_67200,1_102552,226,1_833608180,1_8024714,1775045357,1775045357,default
1775045347,1_60161,1_100042,148,1_762076990,1_7976053,1775047500,1775047500,default
1775045347,1_60453,1_102715,162,1_635447080,1_7976026,1775045520,1775045520,default
1775045347,1_60453,1_102715,162,1_664468640,1_7975993,1775046720,1775046720,default
1775045347,1_46505,1_102619,F Line,1_656236480,1_7975992,1775046180,1775046180,default
1775045347,1_57453,40_102734,566,40_597751250,40_7976588,1775046480,1775046480,default
1775045347,1_57453,1_100060,168,1_664460500,1_7976127,1775046600,1775046787,default
1775045347,1_52306,1_102619,F Line,1_694520790,1_7976083,1775046000,1775046000,default
1775045347,1_52306,1_102619,F Line,1_694521050,1_7976226,1775046900,1775046900,default
1775045347,1_40030,1_102574,40,1_811901830,1_8242,1775045304,1775045475,default
1775045347,1_80124,1_102719,161,1_800652540,1_8023892,1775045472,1775045472,default
1775045347,1_59282,1_102717,165,1_800649570,1_7180,1775045880,1775045031,default
1775045347,1_59282,1_100072,181,1_721481720,1_7976141,1775045940,1775045940,default
1775045347,1_59282,1_102717,165,1_800649580,1_8023842,1775047080,1775047080,default
1775045347,1_59282,1_100072,181,1_770986350,1_7976082,1775047440,1775047440,default
1775045347,1_620,40_100239,550,40_597752040,40_7976612,1775045880,1775045880,default
1775045347,1_10912,1_100162,271,1_569495650,1_7976347,1775047080,1775047080,default
1775045347,1_71960,40_100511,542,40_721030910,40_7976607,1775046060,1775046060,default
1775045347,1_10640,1_100252,62,1_800855810,1_8024956,1775045640,1775045640,default
1775045347,1_10640,1_100252,62,1_800855820,1_8024957,1775047440,1775047440,default
1775045647,1_60161,1_100042,148,1_762076990,1_7976053,1775047500,1775047500,default
1775045647,1_970,1_100045,150,1_800669660,1_6965,1775045472,1775045680,default
1775045647,1_31270,1_100194,33,1_690491480,1_7974706,1775045643,1775045668,default
1775045647,1_60453,1_102715,162,1_664468640,1_7975993,1775046720,1775046720,default
1775045647,1_46505,1_102619,F Line,1_656236480,1_7975992,1775046180,1775046180,default
1775045647,1_57453,40_102734,566,40_597751250,40_7976588,1775046480,1775046480,default
1775045647,1_57453,1_100060,168,1_664460500,1_7976127,1775046600,1775046833,default
1775045647,1_2320,1_100001,1,1_562518400,1_4386,1775045744,1775045744,default
1775045647,3_31002,40_560,560,40_11020,40_9728,1775045744,1775045744,default
1775045647,1_52306,1_102619,F Line,1_694520790,1_7976083,1775046000,1775046000,default
1775045647,1_52306,1_102619,F Line,1_694521050,1_7976226,1775046900,1775046900,default
1775045647,1_9605,1_100259,67,1_534505270,1_7975711,1775045580,1775045769,default
1775045647,1_59282,1_102717,165,1_800649570,1_7180,1775045880,1775045031,default
1775045647,1_59282,1_100072,181,1_721481720,1_7976141,1775045940,1775045940,default
1775045647,1_59282,1_102717,165,1_800649580,1_8023842,1775047080,1775047080,default
1775045647,1_59282,1_100072,181,1_770986350,1_7976082,1775047440,1775047440,default
1775045647,1_59282,1_100072,181,1_721481600,1_7976015,1775048640,1775048640,default
1775045647,1_620,40_100239,550,40_597752040,40_7976612,1775045880,1775045880,default
1775045647,1_10912,1_100162,271,1_569495650,1_7976347,1775047080,1775047080,default
1775045647,1_71960,40_100511,542,40_721030910,40_7976607,1775046060,1775046060,default
1775045647,1_71960,40_100511,542,40_721030940,40_7976602,1775047440,1775047440,default
1775045647,1_10640,1_100252,62,1_800855820,1_8024957,1775047440,1775047440,default
1775045647,1_76310,1_100214,372,1_694305700,1_6973,1775045801,1775045845,default
1775045947,1_62212,1_102720,160,1_664466450,1_7976075,1775045968,1775045968,default
1775045947,1_60161,1_100042,148,1_762076990,1_7976053,1775047500,1775047500,default
1775045947,1_60453,1_102715,162,1_664468640,1_7975993,1775046720,1775046720,default
1775045947,1_60453,1_102715,162,1_664468650,1_7976113,1775048520,1775048520,default
1775045947,1_46505,1_102619,F Line,1_656236480,1_7975992,1775046180,1775046180,default
1775045947,1_57453,40_102734,566,40_597751250,40_7976588,1775046480,1775046480,default
1775045947,1_57453,1_100060,168,1_664460500,1_7976127,1775046600,1775046740,default
1775045947,1_57453,1_100060,168,1_664460530,1_7976210,1775048400,1775048400,default
1775045947,1_77460,1_102746,333,1_778705040,1_7975730,1775046057,1775046057,default
1775045947,1_1510,1_100263,7,1_800589340,1_8023452,1775046011,1775046011,default
1775045947,1_52306,1_102619,F Line,1_694521050,1_7976226,1775046900,1775046900,default
1775045947,1_59282,1_102717,165,1_800649580,1_8023842,1775047080,1775047080,default
1775045947,1_59282,1_100072,181,1_770986350,1_7976082,1775047440,1775047440,default
1775045947,1_59282,1_100072,181,1_721481600,1_7976015,1775048640,1775048640,default
1775045947,1_620,40_100240,554,40_774869050,40_7976697,1775046120,1775046120,default
1775045947,1_10912,1_100162,271,1_569495650,1_7976347,1775047080,1775047080,default
1775045947,1_71960,40_100511,542,40_721030940,40_7976602,1775047440,1775047440,default
1775045947,1_10640,1_100252,62,1_800855820,1_8024957,1775047440,1775047440,default
1775046247,1_60161,1_100042,148,1_762076990,1_7976053,1775047500,1775047500,default
1775046247,1_60453,1_102715,162,1_664468640,1_7975993,1775046720,1775046720,default
1775046247,1_60453,1_102715,162,1_664468650,1_7976113,1775048520,1775048520,default
1775046247,1_320,40_100240,554,40_560096240,40_9664,1775046300,1775046300,default
1775046247,1_46505,1_102619,F Line,1_635448970,1_7976000,1775048280,1775048280,default
1775046247,1_57453,40_102734,566,40_597751250,40_7976588,1775046480,1775046480,default
1775046247,1_57453,1_100060,168,1_664460500,1_7976127,1775046600,1775046745,default
1775046247,1_57453,1_100060,168,1_664460530,1_7976210,1775048400,1775048465,default
1775046247,1_52306,1_102619,F Line,1_694521050,1_7976226,1775046900,1775046900,default
1775046247,1_72050,1_100136,245,1_765953060,1_7976345,1775046351,1775046351,default
1775046247,1_22184,1_102736,H Line,1_694057450,1_7974961,1775046386,1775046386,default
1775046247,1_59282,1_102717,165,1_800649580,1_8023842,1775047080,1775047080,default
1775046247,1_59282,1_100072,181,1_770986350,1_7976082,1775047440,1775047440,default
1775046247,1_59282,1_100072,181,1_721481600,1_7976015,1775048640,1775048640,default
1775046247,1_10912,1_100224,44,1_562536510,1_4535,1775046385,1775046408,default
1775046247,1_10912,1_100162,271,1_569495650,1_7976347,1775047080,1775047080,default
1775046247,1_71960,40_100511,542,40_721030940,40_7976602,1775047440,1775047440,default
1775046247,1_10640,1_100252,62,1_800855820,1_8024957,1775047440,1775047440,default
1775046247,1_41900,1_100249,60,1_801584870,1_8025825,1775046420,1775046420,default
1775046247,1_64670,1_102755,203,1_806925300,1_8024734,1775046420,1775046420,default
1775046547,1_60161,1_100042,148,1_762076990,1_7976053,1775047500,1775047500,default
1775046547,1_60453,1_102715,162,1_664468640,1_7975993,1775046720,1775046720,default
1775046547,1_60453,1_102715,162,1_664468650,1_7976113,1775048520,1775048520,default
1775046547,1_575,1_100173,3,1_675344490,1_7974917,1775046600,1775046600,default
1775046547,1_575,1_102576,C Line,1_800869360,1_8024965,1775046660,1775046660,default
1775046547,1_2850,1_100089,2,1_788758000,1_7091,1775047020,1775045431,default
1775046547,1_46505,1_102619,F Line,1_635448320,1_7976142,1775047380,1775047380,default
1775046547,1_46505,1_102619,F Line,1_635448970,1_7976000,1775048280,1775048280,default
1775046547,1_13810,1_102581,D Line,1_732750310,1_7975590,1775046621,1775046621,default
1775046547,1_57453,1_100060,168,1_664460500,1_7976127,1775046600,1775046755,default
1775046547,1_57453,1_100060,168,1_664460530,1_7976210,1775048400,1775048444,default
1775046547,1_5489,1_102746,333,1_778705040,1_7975730,1775046663,1775046663,default
1775046547,1_52306,1_102619,F Line,1_694521050,1_7976226,1775046900,1775046900,default
1775046547,1_52306,1_102619,F Line,1_694521160,1_7975997,1775047800,1775047800,default
1775046547,1_59282,1_102717,165,1_800649580,1_8023842,1775047080,1775047080,default
1775046547,1_59282,1_100072,181,1_770986350,1_7976082,1775047440,1775047440,default
1775046547,1_59282,1_100072,181,1_721481600,1_7976015,1775048640,1775048640,default
1775046547,1_59282,1_102717,165,1_800649600,1_8023877,1775049540,1775049540,default
1775046547,1_60680,1_100512,A Line,1_800643090,1_6273,1775046762,1775046594,default
1775046547,1_10912,1_100162,271,1_569495650,1_7976347,1775047080,1775047080,default
1775046547,1_71960,40_100511,542,40_721030940,40_7976602,1775047440,1775047440,default
1775046547,1_10640,1_100252,62,1_800855820,1_8024957,1775047440,1775047440,default
1775046547,1_10640,1_100252,62,1_800855830,1_8025077,1775048340,1775048340,default
1775046847,1_103,1_102745,G Line,1_736434400,1_7974686,1775046855,1775046855,default
1775046847,1_60161,1_100042,148,1_762076990,1_7976053,1775047500,1775047500,default
1775046847,1_60453,1_102715,162,1_664468650,1_7976113,1775048520,1775048520,default
1775046847,1_2850,1_100089,2,1_788758000,1_7091,1775047020,1775045431,default
1775046847,1_46505,1_102619,F Line,1_635448320,1_7976142,1775047380,1775047380,default
1775046847,1_46505,1_102619,F Line,1_635448970,1_7976000,1775048280,1775048280,default
1775046847,1_57453,1_100060,168,1_664460530,1_7976210,1775048400,1775048469,default
1775046847,1_57453,1_100060,168,1_635439020,1_7976212,1775050200,1775050200,default
1775046847,1_73366,1_102701,225,1_811516900,1_7459,1775046893,1775046918,default
1775046847,1_52306,1_102619,F Line,1_694521160,1_7975997,1775047800,1775047800,default
1775046847,1_70665,1_100136,245,1_765953060,1_7976345,1775046953,1775046953,default
1775046847,1_17950,1_100062,17,1_651754470,1_7974580,1775049480,1775049480,default
1775046847,1_57804,1_100072,181,1_721481430,1_7976081,1775047282,1775047282,default
1775046847,1_59282,1_102717,165,1_800649580,1_8023842,1775047080,1775047080,default
1775046847,1_59282,1_100072,181,1_770986350,1_7976082,1775047440,1775047440,default
1775046847,1_59282,1_100072,181,1_721481600,1_7976015,1775048640,1775048640,default
1775046847,1_59282,1_102717,165,1_800649600,1_8023877,1775049540,1775049540,default
1775046847,1_620,40_100236,545,40_806328760,40_8005179,1775047020,1775047020,default
1775046847,1_620,40_100236,545,40_806328760,40_9649,1775047020,1775047080,default
1775046847,1_68888,1_102552,226,1_816295870,1_8024715,1775047044,1775047044,default
1775046847,1_10912,1_100162,271,1_569495650,1_7976347,1775047080,1775047080,default
1775046847,1_10912,1_100162,271,1_585519130,1_7976348,1775048580,1775048580,default
1775046847,1_71960,40_100511,542,40_721030940,40_7976602,1775047440,1775047440,default
1775046847,1_10640,1_100252,62,1_800855820,1_8024957,1775047440,1775047440,default
1775046847,1_10640,1_100252,62,1_800855830,1_8025077,1775048340,1775048340,default
1775047147,1_67200,1_102552,226,1_833608190,1_8024710,1775047157,1775047157,default
1775047147,1_26560,1_102574,40,1_811901830,1_8025886,1775047175,1775047175,default
1775047147,1_60161,1_100042,148,1_762076990,1_7976053,1775047500,1775047500,default
1775047147,1_60161,1_100042,148,1_762077410,1_7976051,1775049300,1775049300,default
1775047147,1_60453,1_102715,162,1_664468650,1_7976113,1775048520,1775048520,default
1775047147,1_46505,1_102619,F Line,1_635448320,1_7976142,1775047380,1775047380,default
1775047147,1_46505,1_102619,F Line,1_635448970,1_7976000,1775048280,1775048280,default
1775047147,1_27420,23_102638,First Hill Streetcar,23_55295670,block_7769571_schedBasedVehicle,1775047260,1775047149,default
1775047147,1_57453,1_100060,168,1_664460530,1_7976210,1775048400,1775048597,default
1775047147,1_57453,1_100060,168,1_635439020,1_7976212,1775050200,1775050200,default
1775047147,1_2320,1_100001,1,1_562520960,1_4336,1775047254,1775047254,default
1775047147,3_31002,40_560,560,40_2359020,40_9201,1775047414,1775047414,default
1775047147,1_52306,1_102619,F Line,1_694521160,1_7975997,1775047800,1775047800,default
1775047147,1_80121,1_102719,161,1_800652550,1_8023902,1775047355,1775047355,default
1775047147,1_17950,1_100062,17,1_651754470,1_7974580,1775049480,1775049480,default
1775047147,1_57804,1_100072,181,1_721481430,1_7976081,1775047282,1775047282,default
1775047147,1_22184,1_102736,H Line,1_694057580,1_7974890,1775047286,1775047286,default
1775047147,1_59282,1_100072,181,1_770986350,1_7976082,1775047440,1775047440,default
1775047147,1_59282,1_100072,181,1_721481600,1_7976015,1775048640,1775048640,default
1775047147,1_59282,1_102717,165,1_800649600,1_8023877,1775049540,1775049540,default
1775047147,1_620,40_100239,550,40_597754060,40_7976645,1775047800,1775047800,default
1775047147,1_10912,1_100162,271,1_585519130,1_7976348,1775048580,1775048580,default
1775047147,1_71960,40_100511,542,40_721030940,40_7976602,1775047440,1775047440,default
1775047147,1_10640,1_100252,62,1_800855820,1_8024957,1775047440,1775047440,default
1775047147,1_10640,1_100252,62,1_800855830,1_8025077,1775048340,1775048340,default
1775047147,1_10640,1_100252,62,1_800855840,1_8025066,1775049240,1775049240,default
1775047147,1_8403,1_100039,14,1_562518410,1_4359,1775047320,1775047320,default
1775047447,1_60161,1_100042,148,1_762076990,1_7976053,1775047500,1775047500,default
1775047447,1_60161,1_100042,148,1_762077410,1_7976051,1775049300,1775049300,default
1775047447,1_30510,1_100249,60,1_801584860,1_8025824,1775047512,1775047512,default
1775047447,1_60453,1_102715,162,1_664468650,1_7976113,1775048520,1775048520,default
1775047447,1_320,40_100239,550,40_597752050,40_9676,1775047500,1775047496,default
1775047447,1_575,1_100028,13,1_815907230,1_7166,1775047500,1775047500,default
1775047447,1_46505,1_102619,F Line,1_635448970,1_7976000,1775048280,1775048280,default
1775047447,1_46505,1_102619,F Line,1_635449240,1_7976074,1775048880,1775048880,default
1775047447,1_57453,1_100060,168,1_664460530,1_7976210,1775048400,1775048683,default
1775047447,1_57453,1_100060,168,1_635439020,1_7976212,1775050200,1775050200,default
1775047447,1_81199,1_100072,181,1_721481430,1_7976081,1775047583,1775047583,default
1775047447,1_52306,1_102619,F Line,1_694521160,1_7975997,1775047800,1775047800,default
1775047447,1_52306,1_102619,F Line,1_635449090,1_7976017,1775048700,1775048700,default
1775047447,1_40030,1_102574,40,1_811901720,1_8256,1775047100,1775047578,default
1775047447,1_17950,1_100062,17,1_651754470,1_7974580,1775049480,1775049480,default
1775047447,1_59282,1_102717,165,1_800649590,1_8023716,1775048400,1775047514,default
1775047447,1_59282,1_100072,181,1_721481600,1_7976015,1775048640,1775048640,default
1775047447,1_59282,1_102717,165,1_800649600,1_8023877,1775049540,1775049540,default
1775047447,1_620,40_100240,554,40_774868680,40_7976692,1775047740,1775047740,default
1775047447,1_620,40_100239,550,40_597754060,40_7976645,1775047800,1775047800,default
1775047447,1_10912,1_100162,271,1_585519130,1_7976348,1775048580,1775048580,default
1775047447,1_10912,40_100511,542,40_569563230,40_7976607,1775049240,1775049240,default
1775047447,1_71960,40_100511,542,40_721030780,40_7976603,1775049420,1775049420,default
1775047447,1_10640,1_100252,62,1_800855830,1_8025077,1775048340,1775048340,default
1775047447,1_10640,1_100252,62,1_800855840,1_8025066,1775049240,1775049240,default
1775047747,1_103,1_102745,G Line,1_736437380,1_7974685,1775047755,1775047755,default
1775047747,1_46791,1_100016,118,1_635461240,1_7976006,1775047800,1775047800,default
1775047747,1_28370,1_102574,40,1_811901620,1_8026388,1775047756,1775047756,default
1775047747,1_77930,1_102746,333,1_778703770,1_7975726,1775047781,1775047781,default
1775047747,1_11870,1_100039,14,1_562518410,1_7974988,1775047767,1775047770,default
1775047747,1_60161,1_100042,148,1_762077410,1_7976051,1775049300,1775049300,default
1775047747,1_8541,1_100263,7,1_650171970,1_7974943,1775047620,1775047783,default
1775047747,1_60453,1_102715,162,1_664468650,1_7976113,1775048520,1775048520,default
1775047747,1_81205,1_100072,181,1_721481430,1_7976081,1775047820,1775047820,default
1775047747,1_74327,1_102702,239,1_736529030,1_7976434,1775047786,1775047786,default
1775047747,1_575,1_100264,70,1_801594410,1_8266,1775047800,1775047800,default
1775047747,1_46505,1_102619,F Line,1_635448970,1_7976000,1775048280,1775048280,default
1775047747,1_46505,1_102619,F Line,1_635449240,1_7976074,1775048880,1775048880,default
1775047747,1_29423,1_102732,79,1_816446280,1_8022070,1775049900,1775049900,default
1775047747,1_57453,1_100060,168,1_664460530,1_7976210,1775048400,1775048661,default
1775047747,1_57453,1_100060,168,1_635439020,1_7976212,1775050200,1775050200,default
1775047747,1_77460,1_102746,333,1_778704410,1_7975727,1775047857,1775047857,default
1775047747,1_1510,1_100263,7,1_800589070,1_8023401,1775047811,1775047811,default
1775047747,1_52306,1_100031,132,1_800858370,1_8024989,1775047860,1775047860,default
1775047747,1_52306,40_560,560,40_2359020,40_9201,1775048040,1775048040,default
1775047747,1_52306,1_102619,F Line,1_635449090,1_7976017,1775048700,1775048700,default
1775047747,1_17950,1_100062,17,1_651754470,1_7974580,1775049480,1775049480,default
1775047747,1_9605,1_100193,32,1_774662940,1_7195,1775047872,1775047872,default
1775047747,1_2200,1_102581,D Line,1_732750290,1_7975591,1775047919,1775047919,default
1775047747,1_59282,1_102717,165,1_800649590,1_8023716,1775048400,1775047514,default
1775047747,1_59282,1_100072,181,1_721481600,1_7976015,1775048640,1775048640,default
1775047747,1_59282,1_102717,165,1_800649600,1_8023877,1775049540,1775049540,default
1775047747,1_60710,1_100512,A Line,1_800643110,1_6272,1775048664,1775047848,default
1775047747,1_10912,1_100162,271,1_585519130,1_7976348,1775048580,1775048580,default
1775047747,1_10912,40_100511,542,40_569563230,40_7976607,1775049240,1775049240,default
1775047747,1_71960,40_100511,542,40_721030780,40_7976603,1775049420,1775049420,default
1775047747,1_10640,1_100252,62,1_800855830,1_8025077,1775048340,1775048340,default
1775047747,1_10640,1_100252,62,1_800855840,1_8025066,1775049240,1775049240,default
1775047747,1_10640,1_100252,62,1_800855850,1_8025081,1775050140,1775050140,default
1775048047,1_60161,1_100042,148,1_762077410,1_7976051,1775049300,1775049300,default
1775048047,1_60453,1_102715,162,1_664468650,1_7976113,1775048520,1775048520,default
1775048047,1_2850,1_100089,2,1_788758010,1_7155,1775048820,1775047938,default
1775048047,1_2850,1_100089,2,1_788758010,1_8023466,1775048820,1775048820,default
1775048047,1_46505,1_102619,F Line,1_635448970,1_7976000,1775048280,1775048280,default
1775048047,1_46505,1_102619,F Line,1_635449240,1_7976074,1775048880,1775048880,default
1775048047,1_29423,1_102732,79,1_816446280,1_8022070,1775049900,1775049900,default
1775048047,1_57453,1_100060,168,1_664460530,1_7976210,1775048400,1775048744,default
1775048047,1_57453,1_100060,168,1_635439020,1_7976212,1775050200,1775050231,default
1775048047,1_68130,1_102548,B Line,1_721018100,1_6044,1775048117,1775048117,default
1775048047,1_52306,1_102619,F Line,1_635449090,1_7976017,1775048700,1775048700,default
1775048047,1_31990,1_100026,128,1_806634170,1_8023659,1775048150,1775048166,default
1775048047,1_8530,1_100039,14,1_562518410,1_7974988,1775048111,1775048194,default
1775048047,1_17950,1_100062,17,1_651754470,1_7974580,1775049480,1775049480,default
1775048047,1_72050,1_100136,245,1_761787060,1_7976371,1775048151,1775048151,default
1775048047,1_2200,1_100001,1,1_562518420,1_7974986,1775047946,1775048190,default
1775048047,1_22184,1_102736,H Line,1_694057500,1_7974891,1775048186,1775048186,default
1775048047,1_59282,1_102717,165,1_800649590,1_8023716,1775048400,1775047514,default
1775048047,1_59282,1_100072,181,1_721481600,1_7976015,1775048640,1775048640,default
1775048047,1_59282,1_102717,165,1_800649600,1_8023877,1775049540,1775049540,default
1775048047,1_59282,1_102717,165,1_800649610,1_8023881,1775050740,1775050740,default
1775048047,1_57791,1_102718,184,1_664464220,1_7976125,1775048303,1775048303,default
1775048047,1_620,40_100236,545,40_806328180,40_8005186,1775048220,1775048314,default
1775048047,1_10912,1_100162,271,1_585519130,1_7976348,1775048580,1775048580,default
1775048047,1_10912,40_100511,542,40_569563230,40_7976607,1775049240,1775049240,default
1775048047,1_71960,40_100511,542,40_721030780,40_7976603,1775049420,1775049420,default
1775048047,1_10640,1_100252,62,1_800855830,1_8025077,1775048340,1775048340,default
1775048047,1_10640,1_100252,62,1_800855840,1_8025066,1775049240,1775049240,default
1775048047,1_10640,1_100252,62,1_800855850,1_8025081,1775050140,1775050140,default
1775048347,1_60161,1_100042,148,1_762077410,1_7976051,1775049300,1775049300,default
1775048347,1_60453,1_102715,162,1_664468650,1_7976113,1775048520,1775048520,default
1775048347,1_60453,1_102715,162,1_693754380,1_7976115,1775050320,1775050320,default
1775048347,1_60453,1_102715,162,1_693754390,1_7976013,1775051700,1775051700,default
1775048347,1_320,40_100239,550,40_597756630,40_9672,1775048460,1775048311,default
1775048347,1_575,1_100089,2,1_788758000,1_8023453,1775048400,1775048400,default
1775048347,1_575,1_100173,3,1_675344500,1_7974915,1775048400,1775048400,default
1775048347,1_575,1_100210,36,1_800582160,1_8023381,1775048460,1775048460,default
1775048347,1_2850,1_100089,2,1_788758010,1_7155,1775048820,1775047938,default
1775048347,1_46505,1_102619,F Line,1_635449240,1_7976074,1775048880,1775048880,default
1775048347,1_29423,1_102732,79,1_816446280,1_8022070,1775049900,1775049900,default
1775048347,1_27420,1_100249,60,1_801584860,1_8025824,1775048496,1775048496,default
1775048347,1_25140,1_100254,65,1_778692800,1_7975676,1775048402,1775048424,default
1775048347,1_57453,1_100060,168,1_664460530,1_7976210,1775048400,1775048759,default
1775048347,1_57453,1_100060,168,1_635439020,1_7976212,1775050200,1775050200,default
1775048347,1_52306,1_102619,F Line,1_635449090,1_7976017,1775048700,1775048700,default
1775048347,1_52306,1_102619,F Line,1_656237160,1_7976085,1775049600,1775049600,default
1775048347,1_17950,1_100062,17,1_651754470,1_7974580,1775049480,1775049480,default
1775048347,1_2200,1_102581,D Line,1_732750280,1_7975592,1775048519,1775048519,default
1775048347,1_57804,1_100072,181,1_721490210,1_7976033,1775048782,1775048782,default
1775048347,1_59282,1_100072,181,1_721481600,1_7976015,1775048640,1775048640,default
1775048347,1_59282,1_102717,165,1_800649600,1_8023877,1775049540,1775049540,default
1775048347,1_59282,1_102717,165,1_800649610,1_8023881,1775050740,1775050740,default
1775048347,1_10912,1_100162,271,1_585519130,1_7976348,1775048580,1775048580,default
1775048347,1_10912,40_100511,542,40_569563230,40_7976607,1775049240,1775049240,default
1775048347,1_10912,1_100162,271,1_585518960,1_7976343,1775050380,1775050380,default
1775048347,1_71960,40_100511,542,40_721030780,40_7976603,1775049420,1775049420,default
1775048347,1_10640,1_100252,62,1_800855840,1_8025066,1775049240,1775049240,default
1775048347,1_10640,1_100252,62,1_800855850,1_8025081,1775050140,1775050140,default
1775048647,1_103,1_102745,G Line,1_736437050,1_7974684,1775048655,1775048655,default
1775048647,1_60161,1_100042,148,1_762077410,1_7976051,1775049300,1775049300,default
1775048647,1_60453,1_102715,162,1_693754390,1_8137,1775051700,1775048525,default
1775048647,1_60453,1_102715,162,1_693754380,1_7976115,1775050320,1775050320,default
1775048647,1_60453,1_102715,162,1_693754390,1_7976013,1775051700,1775051700,default
1775048647,1_51651,1_102736,H Line,1_694057570,1_7974963,1775048678,1775048678,default
1775048647,1_575,1_102581,D Line,1_628189160,1_6069,1775048700,1775048675,default
1775048647,1_575,1_100264,70,1_801594310,1_8245,1775048700,1775048700,default
1775048647,1_2850,1_100089,2,1_788758010,1_7155,1775048820,1775047938,default
1775048647,1_46505,1_102619,F Line,1_635449240,1_7976074,1775048880,1775048880,default
1775048647,1_46505,1_102619,F Line,1_635449510,1_7975996,1775050080,1775050080,default
1775048647,1_29423,1_102732,79,1_816446280,1_8022070,1775049900,1775049900,default
1775048647,1_57453,1_100060,168,1_664460530,1_7976210,1775048400,1775048712,default
1775048647,1_57453,1_100060,168,1_635439020,1_7976212,1775050200,1775050215,default
1775048647,1_57453,1_100060,168,1_635438980,1_7976209,1775052000,1775052000,default
1775048647,1_1510,1_100263,7,1_800588950,1_8023402,1775048711,1775048711,default
1775048647,1_56440,1_100005,106,1_727785850,1_7975009,1775048803,1775048697,default
1775048647,1_52306,1_102619,F Line,1_656237160,1_7976085,1775049600,1775049600,default
1775048647,1_70665,1_100136,245,1_761787060,1_7301,1775048753,1775048753,default
1775048647,1_17950,1_100062,17,1_651754470,1_7974580,1775049480,1775049480,default
1775048647,1_57804,1_100072,181,1_721490210,1_7976033,1775048782,1775048782,default
1775048647,1_59282,1_102717,165,1_800649600,1_8023877,1775049540,1775049540,default
1775048647,1_59282,1_100072,181,1_721481900,1_7976081,1775049840,1775049840,default
1775048647,1_59282,1_102717,165,1_800649610,1_8023881,1775050740,1775050740,default
1775048647,1_68888,1_102552,226,1_816295880,1_8024714,1775048807,1775048807,default
1775048647,1_10912,40_100511,542,40_569563230,40_7976607,1775049240,1775049240,default
1775048647,1_10912,1_100162,271,1_585518960,1_7976343,1775050380,1775050380,default
1775048647,1_71960,40_100511,542,40_721030780,40_7976603,1775049420,1775049420,default
1775048647,1_10640,1_100252,62,1_800855840,1_8025066,1775049240,1775049240,default
1775048647,1_10640,1_100252,62,1_800855850,1_8025081,1775050140,1775050140,default
1775048647,1_18220,1_100028,13,1_815907230,1_8023471,1775048823,1775048823,default
1775048947,1_103,1_102745,G Line,1_736434430,1_7974687,1775049015,1775049015,default
1775048947,1_60161,1_100042,148,1_762077410,1_7976051,1775049300,1775049300,default
1775048947,1_30510,1_100249,60,1_801584930,1_8025823,1775049012,1775049012,default
1775048947,1_60453,1_102715,162,1_693754390,1_8137,1775051700,1775048525,default
1775048947,1_60453,1_102715,162,1_693754380,1_7976115,1775050320,1775050320,default
1775048947,1_46505,1_102619,F Line,1_635448470,1_7976083,1775049480,1775049480,default
1775048947,1_46505,1_102619,F Line,1_635449510,1_7975996,1775050080,1775050080,default
1775048947,1_29423,1_102732,79,1_816446280,1_8022070,1775049900,1775049900,default
1775048947,1_57453,1_100060,168,1_635439020,1_7976212,1775050200,1775050238,default
1775048947,1_57453,1_100060,168,1_635438980,1_7976209,1775052000,1775052000,default
1775048947,1_81199,1_100072,181,1_721490210,1_7976033,1775049083,1775049083,default
1775048947,1_11940,1_100039,14,1_562518470,1_7974989,1775049022,1775049026,default
1775048947,1_52306,1_102619,F Line,1_656237160,1_7976085,1775049600,1775049600,default
1775048947,1_52306,1_102619,F Line,1_656236500,1_7975992,1775050200,1775050200,default
1775048947,1_80121,1_102719,161,1_800652470,1_8023891,1775049035,1775049035,default
1775048947,1_32013,1_100246,57,1_801580930,1_8025806,1775050800,1775050800,default
1775048947,1_8530,1_100039,14,1_562518470,1_7974989,1775049131,1775049133,default
1775048947,1_17950,1_100062,17,1_651754470,1_7974580,1775049480,1775049480,default
1775048947,1_41850,1_100249,60,1_801584930,1_8025823,1775049087,1775049087,default
1775048947,1_85906,1_100074,183,1_810698010,1_8023851,1775049066,1775049066,default
1775048947,1_59282,1_102717,165,1_800649600,1_8023877,1775049540,1775049540,default
1775048947,1_59282,1_100072,181,1_721481900,1_7976081,1775049840,1775049840,default
1775048947,1_59282,1_102717,165,1_800649610,1_8023881,1775050740,1775050740,default
1775048947,1_32120,1_100345,987,1_785360680,1_8005289,1775050740,1775050740,default
1775048947,1_620,40_100236,545,40_806328550,40_9687,1775049120,1775049136,default
1775048947,1_10912,40_100511,542,40_569563230,40_7976607,1775049240,1775049240,default
1775048947,1_10912,1_100162,271,1_585518960,1_7976343,1775050380,1775050380,default
1775048947,1_10912,40_100511,542,40_569560200,40_7976602,1775051040,1775051040,default
1775048947,1_71960,40_100511,542,40_721030780,40_7976603,1775049420,1775049420,default
1775048947,1_10640,1_100252,62,1_800855840,1_8005,1775049240,1775049001,default
1775048947,1_10640,1_100252,62,1_800855840,1_8025066,1775049240,1775049240,default
1775048947,1_10640,1_100252,62,1_800855850,1_8025081,1775050140,1775050140,default
1775049247,1_28370,1_102574,40,1_811901250,1_8026390,1775049256,1775049256,default
1775049247,1_60161,1_100042,148,1_762077410,1_7976051,1775049300,1775049300,default
1775049247,1_60161,1_100042,148,1_762076880,1_7976052,1775052780,1775052780,default
1775049247,1_12770,1_100228,48,1_759805120,1_7974616,1775049291,1775049291,default
1775049247,1_60453,1_102715,162,1_693754390,1_8137,1775051700,1775048525,default
1775049247,1_60453,1_102715,162,1_693754380,1_7976115,1775050320,1775050320,default
1775049247,1_51651,1_102736,H Line,1_694057460,1_7974892,1775049278,1775049278,default
1775049247,1_81205,1_100072,181,1_721490210,1_7976033,1775049320,1775049320,default
1775049247,1_46505,1_102619,F Line,1_635448470,1_7976083,1775049480,1775049480,default
1775049247,1_46505,1_102619,F Line,1_635449510,1_7975996,1775050080,1775050080,default
1775049247,1_29423,1_102732,79,1_816446280,1_8022070,1775049900,1775049900,default
1775049247,1_51471,1_102736,H Line,1_694057590,1_6078,1775049241,1775049308,default
1775049247,1_57453,1_102719,161,1_800652390,1_8023892,1775049300,1775049300,default
1775049247,1_57453,1_100060,168,1_635439020,1_7976212,1775050200,1775050200,default
1775049247,1_57453,1_100060,168,1_635438980,1_7976209,1775052000,1775052000,default
1775049247,1_52306,1_102619,F Line,1_656237160,1_7976085,1775049600,1775049600,default
1775049247,1_52306,1_102619,F Line,1_656236500,1_7975992,1775050200,1775050200,default
1775049247,1_52306,1_102619,F Line,1_656237320,1_7976225,1775050800,1775050800,default
1775049247,1_32013,1_100246,57,1_801580930,1_8025806,1775050800,1775050800,default
1775049247,1_17950,1_100062,17,1_651754470,1_7974580,1775049480,1775049480,default
1775049247,1_17950,1_100062,17,1_651754500,1_7974575,1775051880,1775051880,default
1775049247,1_49350,1_100026,128,1_806634100,1_8023658,1775049417,1775049417,default
1775049247,1_59282,1_102717,165,1_800649600,1_8023877,1775049540,1775049540,default
1775049247,1_59282,1_100072,181,1_721481900,1_7976081,1775049840,1775049840,default
1775049247,1_59282,1_102717,165,1_800649610,1_8023881,1775050740,1775050740,default
1775049247,1_32120,1_100345,987,1_785360680,1_8005289,1775050740,1775050740,default
1775049247,1_60640,1_100072,181,1_770986350,1_7976082,1775049398,1775049398,default
1775049247,1_57791,1_102718,184,1_664464230,1_7976222,1775049503,1775049568,default
1775049247,1_620,40_100239,550,40_597754840,40_7976646,1775049720,1775049720,default
1775049247,1_10912,1_100162,271,1_585518960,1_7976343,1775050380,1775050380,default
1775049247,1_10912,40_100511,542,40_569560200,40_7976602,1775051040,1775051040,default
1775049247,1_71960,40_100511,542,40_721030780,40_7976603,1775049420,1775049420,default
1775049247,1_71960,40_100511,542,40_721031240,40_7976608,1775050680,1775050680,default
1775049247,1_10640,1_100252,62,1_800855850,1_8025081,1775050140,1775050140,default
1775049247,1_10640,1_100252,62,1_800855870,1_8025067,1775051520,1775051520,default
1775049547,1_51551,1_102736,H Line,1_694057780,1_7974888,1775049637,1775049637,default
1775049547,1_60161,1_100042,148,1_762076880,1_7976052,1775052780,1775052780,default
1775049547,1_970,1_100045,150,1_800669370,1_6995,1775049192,1775049602,default
1775049547,1_970,40_594,594,40_1397020,40_9714,1775049630,1775049630,default
1775049547,1_60453,1_102715,162,1_693754390,1_8137,1775051700,1775048525,default
1775049547,1_60453,1_102715,162,1_693754380,1_7976115,1775050320,1775050320,default
1775049547,1_46505,1_102619,F Line,1_635449510,1_7975996,1775050080,1775050080,default
1775049547,1_280,1_100104,212,1_694279070,1_7976677,1775052085,1775052085,default
1775049547,1_3470,1_100210,36,1_800582060,1_8023432,1775052060,1775052060,default
1775049547,1_57453,1_100060,168,1_635438980,1_7976209,1775052000,1775052039,default
1775049547,1_57453,1_100060,168,1_664460750,1_7976093,1775053800,1775053800,default
1775049547,1_52306,1_102619,F Line,1_656237070,1_7976074,1775052600,1775052600,default
1775049547,1_32013,1_100246,57,1_801580910,1_8025809,1775053020,1775053020,default
1775049547,1_17950,1_100062,17,1_721362410,1_7974580,1775054280,1775054280,default
1775049547,1_54201,1_102619,F Line,1_656236200,1_7976142,1775052139,1775052139,default
1775049547,1_57804,1_100072,181,1_721481910,1_7976199,1775052142,1775052142,default
1775049547,1_22184,1_100249,60,1_801584880,1_8025826,1775052125,1775052125,default
1775049547,1_59282,1_100072,181,1_721481440,1_7182,1775052240,1775051464,default
1775049547,1_59282,1_102717,165,1_800649630,1_7404,1775053080,1775051983,default
1775049547,1_59282,1_102717,165,1_800649630,1_8023732,1775053080,1775053080,default
1775049547,1_59282,1_100072,181,1_721490200,1_7976104,1775054340,1775054340,default
1775049547,1_23905,1_100214,372,1_694305940,1_7976765,1775052192,1775052192,default
1775049547,1_70691,1_100344,986,1_721034000,1_7976721,1775052720,1775052720,default
1775049547,1_10210,1_100177,303,1_803357450,1_8197,1775055840,1775053816,default
1775049547,1_47550,1_102717,165,1_800649590,1_8023716,1775052144,1775052144,default
1775049547,1_620,40_100236,545,40_806327420,40_8005191,1775052120,1775052156,default
1775049547,1_620,40_100236,545,40_806327420,40_9660,1775052120,1775052212,default
1775049547,1_620,40_100239,550,40_597752070,40_7976612,1775052300,1775052300,default
1775049547,1_10912,40_100511,542,40_569560400,40_7976603,1775052240,1775052240,default
1775049547,1_10912,1_100162,271,1_569553890,1_7976664,1775052600,1775052600,default
1775049547,1_10912,1_100162,271,1_569496620,1_7976370,1775053200,1775053200,default
1775049547,1_71960,40_100511,542,40_721031480,40_7976605,1775053080,1775053080,default
1775052162,1_12170,1_100039,14,1_562520980,1_7974987,1775052255,1775052255,default
1775052162,1_60161,1_100042,148,1_762076880,1_7474,1775052780,1775051873,default
1775052162,1_60161,1_100042,148,1_762076880,1_7976052,1775052780,1775052780,default
1775052162,1_60161,1_100042,148,1_762076860,1_7976054,1775054580,1775054580,default
1775052162,1_970,1_100045,150,1_800669930,1_7440,1775051892,1775052201,default
1775052162,1_30510,1_100006,107,1_664458550,1_7976053,1775052219,1775052219,default
1775052162,1_60453,1_102715,162,1_693754400,1_8165,1775053140,1775051916,default
1775052162,1_60453,1_102715,162,1_693754400,1_7976026,1775053140,1775053140,default
1775052162,1_60453,1_102715,162,1_693754410,1_7975993,1775054340,1775054340,default
1775052162,1_575,1_100001,1,1_800579430,1_4391,1775051640,1775052236,default
1775052162,1_2850,1_100089,2,1_788758040,1_7099,1775052960,1775051964,default
1775052162,1_2850,1_100089,2,1_788758040,1_8023470,1775052960,1775052960,default
1775052162,1_46505,1_102619,F Line,1_635449100,1_7976017,1775052480,1775052480,default
1775052162,1_46505,1_102619,F Line,1_635449360,1_7976229,1775053080,1775053080,default
1775052162,1_29423,1_102732,79,1_816446240,1_8022069,1775053500,1775053500,default
1775052162,1_40060,1_102574,40,1_811901140,1_8026394,1775052205,1775052205,default
1775052162,1_57453,1_100060,168,1_664460750,1_7976093,1775053800,1775053800,default
1775052162,1_57453,1_100060,168,1_693746750,1_7976231,1775055600,1775055600,default
1775052162,3_31002,1_102736,H Line,1_694057230,1_7974890,1775052226,1775052226,default
1775052162,1_11200,1_100447,49,1_801235530,1_8023497,1775052240,1775052240,default
1775052162,1_52306,1_102619,F Line,1_656237070,1_7976074,1775052600,1775052600,default
1775052162,1_32013,1_100246,57,1_801580910,1_8025809,1775053020,1775053020,default
1775052162,1_58112,1_102619,F Line,1_635448760,1_7976226,1775052381,1775052381,default
1775052162,1_17950,1_100062,17,1_721362410,1_7974580,1775054280,1775054280,default
1775052162,1_40900,1_100023,124,1_800861530,1_8024949,1775051982,1775052265,default
1775052162,1_36510,1_100024,125,1_721358020,1_7974626,1775052107,1775052280,default
1775052162,1_40065,1_102574,40,1_811901140,1_8026394,1775052289,1775052289,default
1775052162,1_41850,1_100006,107,1_664458550,1_7976053,1775052290,1775052290,default
1775052162,1_71970,1_102752,223,1_833610600,1_7379,1775052197,1775052277,default
1775052162,1_17800,1_100202,345,1_724954890,1_7975637,1775052306,1775052306,default
1775052162,1_2200,1_100028,13,1_788759180,1_8023472,1775052086,1775052286,default
1775052162,1_39983,1_102736,H Line,1_694057190,1_7974899,1775052300,1775052300,default
1775052162,1_22184,1_102736,H Line,1_694057510,1_7974888,1775052341,1775052341,default
1775052162,1_59282,1_102717,165,1_800649630,1_7404,1775053080,1775051983,default
1775052162,1_59282,1_102717,165,1_800649630,1_8023732,1775053080,1775053080,default
1775052162,1_59282,1_100072,181,1_721490200,1_7976104,1775054340,1775054340,default
1775052162,1_70691,1_100344,986,1_721034000,1_7976721,1775052720,1775052720,default
1775052162,1_60710,1_100512,A Line,1_800643150,1_8023807,1775052357,1775052357,default
1775052162,1_31890,1_100026,128,1_806634270,1_8023661,1775052309,1775052309,default
1775052162,1_10210,1_100177,303,1_803357450,1_8197,1775055840,1775053816,default
1775052162,1_10912,1_100162,271,1_569553890,1_7976664,1775052600,1775052600,default
1775052162,1_10912,1_100162,271,1_569496620,1_7976370,1775053200,1775053200,default
1775052162,1_10912,1_100162,271,1_569495910,1_7976665,1775053800,1775053800,default
1775052162,1_71960,40_100511,542,40_721031480,40_7976605,1775053080,1775053080,default
1775052462,1_77930,1_102746,333,1_778703810,1_7975727,1775052497,1775052497,default
1775052462,1_26560,1_102574,40,1_811901160,1_8026391,1775052476,1775052476,default
1775052462,1_55711,1_100005,106,1_727785710,1_7975009,1775052490,1775052490,default
1775052462,1_60161,1_100042,148,1_762076880,1_7474,1775052780,1775051873,default
1775052462,1_60161,1_100042,148,1_762076860,1_7976054,1775054580,1775054580,default
1775052462,1_30790,1_100249,60,1_801585250,1_8025818,1775052517,1775052517,default
1775052462,1_60453,1_102715,162,1_693754400,1_8165,1775053140,1775051916,default
1775052462,1_60453,1_102715,162,1_693754410,1_7975993,1775054340,1775054340,default
1775052462,1_320,40_100239,550,40_597752620,40_9654,1775052480,1775052535,default
1775052462,1_73562,1_102753,222,1_774817410,1_7976417,1775052503,1775052503,default
1775052462,1_575,1_100028,13,1_788759670,1_7139,1775052540,1775052540,default
1775052462,1_2850,1_100089,2,1_788758040,1_7099,1775052960,1775051964,default
1775052462,1_46505,1_102619,F Line,1_635449360,1_7976229,1775053080,1775053080,default
1775052462,1_29423,1_102732,79,1_816446240,1_8022069,1775053500,1775053500,default
1775052462,1_57453,1_100060,168,1_664460750,1_7976093,1775053800,1775053817,default
1775052462,1_57453,1_100060,168,1_693746750,1_7976231,1775055600,1775055600,default
1775052462,1_52306,1_102619,F Line,1_656237070,1_7976074,1775052600,1775052600,default
1775052462,1_52306,1_102619,F Line,1_635448480,1_7976083,1775053200,1775053200,default
1775052462,1_32013,1_100246,57,1_801580910,1_8025809,1775053020,1775053020,default
1775052462,1_32013,1_100246,57,1_801580900,1_8025834,1775054520,1775054520,default
1775052462,1_30800,1_100249,60,1_801585250,1_8025818,1775052558,1775052558,default
1775052462,1_17950,1_100062,17,1_721362410,1_7974580,1775054280,1775054280,default
1775052462,1_57804,1_100072,181,1_721490220,1_7976082,1775053042,1775053042,default
1775052462,1_59282,1_102717,165,1_800649630,1_7404,1775053080,1775051983,default
1775052462,1_59282,1_100072,181,1_721481610,1_7976141,1775052600,1775052600,default
1775052462,1_59282,1_100072,181,1_721490200,1_7976104,1775054340,1775054340,default
1775052462,1_74714,1_102702,239,1_736529560,1_7976431,1775052588,1775052588,default
1775052462,1_59872,1_102619,F Line,1_656237320,1_7976225,1775052592,1775052592,default
1775052462,1_70691,1_100344,986,1_721034000,1_7976721,1775052720,1775052720,default
1775052462,1_35440,1_100269,75,1_803349880,1_8022038,1775052613,1775052613,default
1775052462,1_10210,1_100177,303,1_803357450,1_8197,1775055840,1775053816,default
1775052462,1_620,40_100236,545,40_806327130,40_6876,1775052720,1775052725,default
1775052462,1_620,40_100239,550,40_597756640,40_7976614,1775052900,1775052900,default
1775052462,1_10912,1_100264,70,1_801594240,1_8202,1775052406,1775052644,default
1775052462,1_10912,1_100162,271,1_569496620,1_7976370,1775053200,1775053200,default
1775052462,1_10912,40_100511,542,40_569560520,40_7976608,1775053500,1775053500,default
1775052462,1_10912,1_100162,271,1_569495910,1_7976665,1775053800,1775053800,default
1775052462,1_71960,40_100511,542,40_721031480,40_6925,1775053080,1775052298,default
1775052462,1_8403,1_100039,14,1_562518560,1_7974977,1775052660,1775052660,default
1775052762,1_60161,1_100042,148,1_762076880,1_7474,1775052780,1775051873,default
1775052762,1_60161,1_100042,148,1_762076860,1_7976054,1775054580,1775054580,default
1775052762,1_60453,1_102715,162,1_693754400,1_8165,1775053140,1775051916,default
1775052762,1_60453,1_102715,162,1_693754410,1_7975993,1775054340,1775054340,default
1775052762,1_575,1_100219,4,1_675345500,1_7974868,1775052840,1775052840,default
1775052762,1_2850,1_100089,2,1_788758040,1_7099,1775052960,1775051964,default
1775052762,1_2850,1_100089,2,1_788757680,1_8023471,1775053800,1775053800,default
1775052762,1_46505,1_102619,F Line,1_635449360,1_7976229,1775053080,1775053080,default
1775052762,1_46505,1_102619,F Line,1_635448660,1_7976085,1775053680,1775053680,default
1775052762,1_29423,1_102732,79,1_816446240,1_8022069,1775053500,1775053500,default
1775052762,1_11590,1_100002,10,1_675385380,1_7974876,1775052818,1775052818,default
1775052762,1_57453,1_100060,168,1_664460750,1_7976093,1775053800,1775053800,default
1775052762,1_57453,1_100060,168,1_693746750,1_7976231,1775055600,1775055600,default
1775052762,1_1510,1_100210,36,1_800582060,1_8023432,1775052878,1775052878,default
1775052762,3_31002,1_102736,H Line,1_694057190,1_7974899,1775052826,1775052826,default
1775052762,1_52306,1_102619,F Line,1_635448480,1_7976083,1775053200,1775053200,default
1775052762,1_32013,1_100246,57,1_801580900,1_8025834,1775054520,1775054520,default
1775052762,1_8530,1_100039,14,1_562518580,1_7974986,1775052952,1775052952,default
1775052762,1_40030,1_102574,40,1_811901260,1_8210,1775052855,1775052887,default
1775052762,1_17950,1_100062,17,1_721362410,1_7974580,1775054280,1775054280,default
1775052762,1_76312,1_102705,230,1_664298380,1_7976384,1775052961,1775052961,default
1775052762,1_17800,1_102744,365,1_724961560,1_7975639,1775052881,1775052881,default
1775052762,1_2200,1_100089,2,1_788758430,1_8023466,1775052926,1775052926,default
1775052762,1_57804,1_100072,181,1_721490220,1_7976082,1775053042,1775053042,default
1775052762,1_59282,1_102717,165,1_800649630,1_7404,1775053080,1775051983,default
1775052762,1_59282,1_100072,181,1_721481770,1_7475,1775053440,1775052597,default
1775052762,1_59282,1_100072,181,1_721481770,1_7976141,1775053440,1775053440,default
1775052762,1_59282,1_100072,181,1_721490200,1_7976104,1775054340,1775054340,default
1775052762,1_19921,1_100101,21,1_809331730,1_8025796,1775052916,1775052916,default
1775052762,1_60710,1_100512,A Line,1_800643160,1_8023769,1775052957,1775052957,default
1775052762,1_10210,1_100177,303,1_803357450,1_8197,1775055840,1775053816,default
1775052762,1_10912,1_100228,48,1_721361780,1_8079,1775052840,1775052924,default
1775052762,1_10912,1_100162,271,1_569496620,1_7976370,1775053200,1775053200,default
1775052762,1_10912,40_100511,542,40_569560520,40_7976608,1775053500,1775053500,default
1775052762,1_10912,1_100162,271,1_569495910,1_7976665,1775053800,1775053800,default
1775052762,1_71960,40_100511,542,40_721031480,40_6925,1775053080,1775052298,default
1775052762,1_71960,1_102752,223,1_816297440,1_8024749,1775052960,1775052960,default
1775052762,1_71960,40_100511,542,40_721030820,40_7976602,1775054340,1775054340,default
1775052762,1_81982,1_102746,333,1_778704990,1_7238,1775052939,1775052939,default
1775052762,1_8403,1_100039,14,1_562518560,1_7974977,1775052660,1775052660,default
1775053062,1_12170,1_100039,14,1_562518560,1_7974977,1775053155,1775053155,default
1775053062,1_26560,1_102574,40,1_811901190,1_8026393,1775053196,1775053196,default
1775053062,1_60161,1_100042,148,1_762076860,1_7976054,1775054580,1775054580,default
1775053062,1_60161,1_100042,148,1_762076930,1_7976061,1775056380,1775056380,default
1775053062,1_60453,1_102715,162,1_693754400,1_8165,1775053140,1775051916,default
1775053062,1_60453,1_102715,162,1_693754410,1_7975993,1775054340,1775054340,default
1775053062,1_2850,1_100089,2,1_788757680,1_7166,1775053800,1775052769,default
1775053062,1_35334,1_102747,61,1_803356730,1_8022113,1775053115,1775053115,default
1775053062,1_46505,1_102619,F Line,1_635448660,1_7976085,1775053680,1775053680,default
1775053062,1_29423,1_102732,79,1_816446240,1_8022069,1775053500,1775053500,default
1775053062,1_57453,1_100060,168,1_664460750,1_7976093,1775053800,1775053800,default
1775053062,1_57453,1_100060,168,1_693746750,1_7976231,1775055600,1775055600,default
1775053062,1_9850,1_100269,75,1_803349880,1_8022038,1775053077,1775053133,default
1775053062,1_52306,1_102619,F Line,1_635448480,1_7976083,1775053200,1775053200,default
1775053062,1_52306,1_102619,F Line,1_635449520,1_7975996,1775053800,1775053800,default
1775053062,1_32013,1_100246,57,1_801580900,1_8025834,1775054520,1775054520,default
1775053062,1_55395,1_100006,107,1_762077780,1_7976108,1775053183,1775053183,default
1775053062,1_17950,1_100062,17,1_721362410,1_7974580,1775054280,1775054280,default
1775053062,1_72050,1_100136,245,1_761787580,1_7976397,1775053176,1775053176,default
1775053062,1_9605,1_100259,67,1_657907330,1_7975676,1775052960,1775053188,default
1775053062,1_59282,1_100072,181,1_721481770,1_7475,1775053440,1775052597,default
1775053062,1_59282,1_102717,165,1_800649640,1_7177,1775054880,1775052755,default
1775053062,1_59282,1_100072,181,1_721490200,1_7976104,1775054340,1775054340,default
1775053062,1_59872,1_102619,F Line,1_656236200,1_7976142,1775053192,1775053192,default
1775053062,1_18580,1_100252,62,1_800855060,1_8024957,1775053205,1775053205,default
1775053062,1_57791,1_102718,184,1_635442710,1_7976222,1775053223,1775053354,default
1775053062,1_620,40_100236,545,40_806325980,40_8005195,1775053320,1775053333,default
1775053062,1_620,40_100239,550,40_597750120,40_7976611,1775053560,1775053560,default
1775053062,1_10912,40_100511,542,40_569560520,40_7976608,1775053500,1775053500,default
1775053062,1_10912,1_100162,271,1_569495910,1_7976665,1775053800,1775053800,default
1775053062,1_71960,40_100511,542,40_721030820,40_7976602,1775054340,1775054340,default
1775053362,1_103,1_102745,G Line,1_736434600,1_7974690,1775053366,1775053366,default
1775053362,1_77930,1_102746,333,1_778703820,1_7975729,1775053397,1775053397,default
1775053362,1_60161,1_100042,148,1_762076860,1_7976054,1775054580,1775054580,default
1775053362,1_60161,1_100042,148,1_762076930,1_7976061,1775056380,1775056380,default
1775053362,1_60453,1_102715,162,1_693754410,1_7975993,1775054340,1775054340,default
1775053362,1_320,40_594,594,40_3324020,40_41511,1775053500,1775053500,default
1775053362,1_68784,1_100136,245,1_761786890,1_7976345,1775053399,1775053399,default
1775053362,1_575,1_102576,C Line,1_800869540,1_8024970,1775053440,1775053440,default
1775053362,1_575,1_100210,36,1_800582060,1_8023432,1775053440,1775053440,default
1775053362,1_2850,1_100089,2,1_788757680,1_7166,1775053800,1775052769,default
1775053362,1_46505,1_102619,F Line,1_635448660,1_7976085,1775053680,1775053680,default
1775053362,1_46505,1_102619,F Line,1_635449540,1_7975992,1775054280,1775054280,default
1775053362,1_29423,1_102732,79,1_816446240,1_8022069,1775053500,1775053500,default
1775053362,1_27420,1_100249,60,1_801585160,1_8025819,1775053508,1775053508,default
1775053362,1_57453,1_100060,168,1_664460750,1_7976093,1775053800,1775053805,default
1775053362,1_57453,1_100060,168,1_693746750,1_7976231,1775055600,1775055710,default
1775053362,1_1510,1_100210,36,1_800582140,1_8023415,1775053478,1775053478,default
1775053362,1_11200,1_100447,49,1_801235510,1_8023492,1775053440,1775053440,default
1775053362,1_73366,1_102548,B Line,1_721018780,1_7976639,1775053430,1775053430,default
1775053362,1_52306,1_102619,F Line,1_635449520,1_7975996,1775053800,1775053800,default
1775053362,1_32013,1_100246,57,1_801580900,1_8025834,1775054520,1775054520,default
1775053362,1_58112,1_102619,F Line,1_635449560,1_7976034,1775053581,1775053581,default
1775053362,1_40030,1_102574,40,1_811900900,1_8215,1775053455,1775053515,default
1775053362,1_17950,1_100062,17,1_721362410,1_7974580,1775054280,1775054280,default
1775053362,1_17800,1_100202,345,1_724954060,1_7975636,1775053506,1775053506,default
1775053362,1_57804,1_100072,181,1_721490230,1_7976143,1775053942,1775053942,default
1775053362,1_59282,1_102717,165,1_800649640,1_7177,1775054880,1775052755,default
1775053362,1_59282,1_100072,181,1_721490200,1_7976104,1775054340,1775054340,default
1775053362,1_31970,1_100026,128,1_806634550,1_1000,1775053456,1775053509,default
1775053362,1_35440,1_100269,75,1_803350000,1_8022036,1775053513,1775053513,default
1775053362,1_60710,1_100512,A Line,1_800643170,1_8023792,1775053557,1775053557,default
1775053362,1_75580,1_100205,348,1_771626220,1_7975646,1775053362,1775053521,default
1775053362,1_620,40_100239,550,40_597750120,40_7976611,1775053560,1775053560,default
1775053362,1_620,40_100236,545,40_806325980,40_8005195,1775053320,1775053587,default
1775053362,1_620,40_100236,545,40_806325980,40_6967,1775053320,1775053622,default
1775053362,1_620,40_100240,554,40_774868470,40_7976707,1775053440,1775053840,default
1775053362,1_10912,1_100162,271,1_569495910,1_7976665,1775053800,1775053800,default
1775053362,1_10912,1_100162,271,1_585519750,1_7976353,1775054640,1775054640,default
1775053362,1_71960,40_100511,542,40_721030820,40_7976602,1775054340,1775054340,default
1775053362,1_12430,1_100009,11,1_736449970,1_7974664,1775053536,1775053536,default
1775053362,1_8403,1_100039,14,1_562518590,1_7974988,1775053560,1775053560,default
1775053662,1_103,1_102745,G Line,1_736437450,1_7974684,1775053726,1775053726,default
1775053662,1_46791,1_100016,118,1_635461260,1_7976007,1775053800,1775053800,default
1775053662,1_60161,1_100042,148,1_762076860,1_7473,1775054580,1775053560,default
1775053662,1_60161,1_100042,148,1_762076860,1_7976054,1775054580,1775054580,default
1775053662,1_60161,1_100042,148,1_762076930,1_7976061,1775056380,1775056380,default
1775053662,1_970,1_100045,150,1_800670350,1_8121,1775053692,1775053692,default
1775053662,1_8541,1_100039,14,1_562518640,1_7974991,1775053740,1775053740,default
1775053662,1_60453,1_102715,162,1_693754410,1_7975993,1775054340,1775054340,default
1775053662,1_2850,1_100089,2,1_788757680,1_7166,1775053800,1775052769,default
1775053662,1_2850,1_100089,2,1_788758050,1_7091,1775054640,1775053333,default
1775053662,1_46505,1_102619,F Line,1_635449540,1_7975992,1775054280,1775054280,default
1775053662,1_40060,1_102574,40,1_811901150,1_8026396,1775053705,1775053705,default
1775053662,1_57453,1_100060,168,1_664460750,1_7976093,1775053800,1775053800,default
1775053662,1_57453,1_100060,168,1_693746750,1_7976231,1775055600,1775055842,default
1775053662,1_76024,1_102702,239,1_736529560,1_7976431,1775053720,1775053720,default
1775053662,3_31002,40_560,560,40_709020,40_9122,1775053774,1775053774,default
1775053662,1_11569,1_100002,10,1_675385390,1_7974875,1775053761,1775053761,default
1775053662,1_52306,1_102619,F Line,1_635449520,1_7975996,1775053800,1775053800,default
1775053662,1_52306,1_102619,F Line,1_635448770,1_7976226,1775054400,1775054400,default
1775053662,1_32013,1_100246,57,1_801580900,1_8025834,1775054520,1775054520,default
1775053662,1_8530,1_100005,106,1_727785710,1_7975009,1775053757,1775053757,default
1775053662,1_8530,1_100039,14,1_562518620,1_7974993,1775053852,1775053852,default
1775053662,1_17950,1_100062,17,1_721362410,1_7974580,1775054280,1775054280,default
1775053662,1_40065,1_102574,40,1_811901150,1_8026396,1775053789,1775053789,default
1775053662,1_57804,1_100072,181,1_721490230,1_7976143,1775053942,1775053942,default
1775053662,1_54971,1_100004,105,1_635436170,1_1013,1775053313,1775053824,default
1775053662,1_59282,1_102717,165,1_800649640,1_7177,1775054880,1775052755,default
1775053662,1_59282,1_100072,181,1_721490200,1_7976104,1775054340,1775054340,default
1775053662,1_620,40_100236,545,40_806327830,40_9636,1775053980,1775053952,default
1775053662,1_620,40_100239,550,40_597754100,40_7976645,1775054160,1775054160,default
1775053662,1_10912,1_100162,271,1_585519750,1_7976353,1775054640,1775054640,default
1775053662,1_10912,40_100511,542,40_569563150,40_7976607,1775054760,1775054760,default
1775053662,1_71960,40_100511,542,40_721030820,40_7976602,1775054340,1775054340,default
1775053662,1_81982,1_102746,333,1_778704560,1_7255,1775053839,1775053839,default
1775053662,1_8403,1_100039,14,1_562518590,1_7974988,1775053560,1775053560,default
1775053962,1_12170,1_100039,14,1_562518590,1_7974988,1775054055,1775054055,default
1775053962,1_60161,1_100042,148,1_762076860,1_7473,1775054580,1775053560,default
1775053962,1_60161,1_100042,148,1_762076930,1_7976061,1775056380,1775056380,default
1775053962,1_60453,1_102715,162,1_693754410,1_7975993,1775054340,1775054340,default
1775053962,1_320,40_100239,550,40_597752060,40_9676,1775054040,1775054055,default
1775053962,1_575,1_100210,36,1_800582140,1_8023415,1775054040,1775054040,default
1775053962,1_2850,1_100089,2,1_788758050,1_7091,1775054640,1775053333,default
1775053962,1_35334,1_102747,61,1_803356740,1_8022039,1775054015,1775054015,default
1775053962,1_46505,1_102619,F Line,1_635449540,1_7975992,1775054280,1775054280,default
1775053962,1_46505,1_102619,F Line,1_635448340,1_7976225,1775054880,1775054880,default
1775053962,1_47660,1_102736,H Line,1_694057210,1_7974891,1775054043,1775054043,default
1775053962,1_1190,1_100447,49,1_801235500,1_8023490,1775053990,1775054008,default
1775053962,1_57453,1_100060,168,1_693746750,1_7976231,1775055600,1775055767,default
1775053962,1_57453,1_100060,168,1_664460610,1_7976211,1775057400,1775057400,default
1775053962,1_50774,1_100045,150,1_724420370,1_6956,1775053539,1775054023,default
1775053962,1_1510,1_100210,36,1_800582130,1_8023381,1775054078,1775054078,default
1775053962,1_73366,1_102548,B Line,1_721018220,1_7976621,1775054030,1775054030,default
1775053962,1_35110,1_100230,50,1_785559530,1_7976173,1775054040,1775054040,default
1775053962,1_5489,1_102746,333,1_778704990,1_7975683,1775054086,1775054086,default
1775053962,1_52306,1_102619,F Line,1_635448770,1_7976226,1775054400,1775054400,default
1775053962,1_32013,1_100246,57,1_801580900,1_8025834,1775054520,1775054520,default
1775053962,1_30800,1_100249,60,1_801585460,1_8025817,1775054058,1775054058,default
1775053962,1_17950,1_100062,17,1_721362410,1_7974580,1775054280,1775054280,default
1775053962,1_17950,1_100062,17,1_721362420,1_7974608,1775056680,1775056680,default
1775053962,1_36510,1_100026,128,1_806634390,1_8023658,1775054090,1775054090,default
1775053962,1_17800,1_102744,365,1_724961570,1_7975722,1775054099,1775054099,default
1775053962,1_59282,1_102717,165,1_800649640,1_7177,1775054880,1775052755,default
1775053962,1_59282,1_100072,181,1_721490260,1_7431,1775055240,1775053477,default
1775053962,1_59282,1_100072,181,1_721490200,1_7976104,1775054340,1775054340,default
1775053962,1_23905,1_100214,372,1_694306140,1_7976766,1775054185,1775054185,default
1775053962,1_60710,1_100512,A Line,1_800643180,1_8023718,1775054157,1775054157,default
1775053962,1_25791,1_100214,372,1_694305890,1_6952,1775053898,1775054131,default
1775053962,1_620,40_100239,550,40_597754100,40_7976645,1775054160,1775054160,default
1775053962,1_620,1_100104,212,1_774865970,1_7435,1775054820,1775054820,default
1775053962,1_620,1_100104,212,1_774865970,1_7976681,1775054820,1775054820,default
1775053962,1_10912,1_100162,271,1_585519750,1_7976353,1775054640,1775054640,default
1775053962,1_10912,40_100511,542,40_569563150,40_7976607,1775054760,1775054760,default
1775053962,1_71960,1_102752,223,1_816297450,1_8024727,1775054160,1775054160,default
1775053962,1_71960,40_100511,542,40_721030820,40_7976602,1775054340,1775054340,default
1775053962,1_11600,1_100002,10,1_675385390,1_7974875,1775054135,1775054135,default
1775054262,1_77930,1_102746,333,1_778703830,1_7975726,1775054297,1775054297,default
1775054262,1_60161,1_100042,148,1_762076860,1_7473,1775054580,1775053560,default
1775054262,1_60161,1_100042,148,1_762076930,1_7976061,1775056380,1775056380,default
1775054262,1_8541,1_100263,7,1_800588470,1_8023405,1775054340,1775054340,default
1775054262,1_60453,1_102715,162,1_693754410,1_8161,1775054340,1775054030,default
1775054262,1_60453,1_102715,162,1_693754410,1_7975993,1775054340,1775054340,default
1775054262,1_68784,1_100136,245,1_761787770,1_7976379,1775054299,1775054299,default
1775054262,1_2850,1_100089,2,1_788758050,1_7091,1775054640,1775053333,default
1775054262,1_2850,1_100089,2,1_788757690,1_7098,1775055300,1775054107,default
1775054262,1_46505,1_102619,F Line,1_635449540,1_7975992,1775054280,1775054322,default
1775054262,1_46505,1_102619,F Line,1_635448340,1_7976225,1775054880,1775054880,default
1775054262,1_57453,1_100060,168,1_693746750,1_7976231,1775055600,1775055863,default
1775054262,1_57453,1_100060,168,1_664460610,1_7976211,1775057400,1775057400,default
1775054262,1_75770,1_102615,E Line,1_813076670,1_6203,1775054837,1775054275,default
1775054262,1_52306,1_102619,F Line,1_635448770,1_7976226,1775054400,1775054400,default
1775054262,1_52306,40_560,560,40_709020,40_9122,1775054400,1775054400,default
1775054262,1_52306,1_102619,F Line,1_635448880,1_6235,1775055000,1775055000,default
1775054262,1_52306,1_102619,F Line,1_635448880,1_7975997,1775055000,1775055000,default
1775054262,1_32013,1_100246,57,1_801580900,1_8025834,1775054520,1775054520,default
1775054262,1_45670,1_100210,36,1_800582300,1_4383,1775054212,1775054385,default
1775054262,1_17950,1_100062,17,1_721362420,1_7974608,1775056680,1775056680,default
1775054262,1_11060,1_100447,49,1_801235520,1_8023491,1775054391,1775054391,default
1775054262,1_57804,1_100072,181,1_721490170,1_7976015,1775054899,1775054899,default
1775054262,1_59282,1_102717,165,1_800649640,1_7177,1775054880,1775052755,default
1775054262,1_59282,1_100072,181,1_721490260,1_7431,1775055240,1775053477,default
1775054262,1_59872,1_102619,F Line,1_656237070,1_7976074,1775054392,1775054392,default
1775054262,1_57791,1_102718,184,1_635442720,1_7975994,1775054363,1775054438,default
1775054262,1_620,40_100236,545,40_806326080,40_6829,1775054580,1775054581,default
1775054262,1_620,40_100239,550,40_597756360,40_7976709,1775054760,1775054760,default
1775054262,1_620,1_100104,212,1_774865970,1_7976681,1775054820,1775054820,default
1775054262,1_10912,1_100264,70,1_801594000,1_8221,1775054206,1775054431,default
1775054262,1_10912,1_100162,271,1_585519750,1_7976353,1775054640,1775054640,default
1775054262,1_10912,40_100511,542,40_569563150,40_7976607,1775054760,1775054760,default
1775054262,1_10912,1_100162,271,1_586298060,1_7976389,1775055420,1775055420,default
1775054262,1_71960,40_100511,542,40_721030920,40_7976603,1775055540,1775055540,default
1775054262,1_3000,1_100089,2,1_788757680,1_8023471,1775054412,1775054439,default
1775054562,1_60161,1_100042,148,1_762076860,1_7473,1775054580,1775053560,default
1775054562,1_60161,1_100042,148,1_762076930,1_7976061,1775056380,1775056380,default
1775054562,1_8541,1_100039,14,1_562518680,1_7974989,1775054640,1775054640,default
1775054562,1_575,1_100210,36,1_800582130,1_8023381,1775054640,1775054640,default
1775054562,1_575,1_100028,13,1_788759690,1_4375,1775054640,1775054640,default
1775054562,1_575,1_100219,4,1_675345510,1_7974878,1775054640,1775054640,default
1775054562,1_2850,1_100089,2,1_788758050,1_7091,1775054640,1775053333,default
1775054562,1_2850,1_100089,2,1_788757690,1_7098,1775055300,1775054107,default
1775054562,1_46505,1_102619,F Line,1_635448340,1_7976225,1775054880,1775054880,default
1775054562,1_46505,1_102619,F Line,1_635448990,1_7976142,1775055480,1775055480,default
1775054562,1_47660,1_102736,H Line,1_694057290,1_7974963,1775054643,1775054643,default
1775054562,1_1190,40_100239,550,40_597754100,40_7976645,1775054672,1775054672,default
1775054562,1_57453,1_100060,168,1_693746750,1_7976231,1775055600,1775055979,default
1775054562,1_57453,1_100060,168,1_664460610,1_7976211,1775057400,1775057400,default
1775054562,1_50774,1_100045,150,1_693748240,1_8163,1775054619,1775054633,default
1775054562,1_1510,1_100210,36,1_800582150,1_8023483,1775054678,1775054678,default
1775054562,1_73366,1_102548,B Line,1_721018480,1_7976622,1775054680,1775054680,default
1775054562,1_52306,1_102619,F Line,1_635448880,1_6235,1775055000,1775055000,default
1775054562,1_8530,1_100039,14,1_562521020,1_7974987,1775054752,1775054752,default
1775054562,1_17950,1_100062,17,1_721362420,1_7974608,1775056680,1775056680,default
1775054562,1_74400,1_100146,255,1_635877040,1_7976655,1775054673,1775054673,default
1775054562,1_57804,1_100072,181,1_721490170,1_7976015,1775054899,1775054899,default
1775054562,1_59282,1_102717,165,1_800649640,1_7177,1775054880,1775052755,default
1775054562,1_59282,1_100072,181,1_721490260,1_7431,1775055240,1775053477,default
1775054562,1_59282,1_102717,165,1_800649650,1_7129,1775056200,1775054325,default
1775054562,1_59282,1_102717,165,1_800649660,1_8023727,1775058000,1775058000,default
1775054562,1_60710,1_100512,A Line,1_800643190,1_8023806,1775054757,1775054757,default
1775054562,1_620,40_100239,550,40_597756360,40_7976709,1775054760,1775054760,default
1775054562,1_620,1_100104,212,1_774865970,1_7976681,1775054820,1775054820,default
1775054562,1_10912,1_100228,48,1_721361960,1_8057,1775054640,1775054743,default
1775054562,1_10912,40_100511,542,40_569563150,40_7976607,1775054760,1775054760,default
1775054562,1_10912,1_100162,271,1_586298060,1_7976389,1775055420,1775055420,default
1775054562,1_10912,1_100162,271,1_585555270,1_7976620,1775056440,1775056440,default
1775054562,1_10912,1_100162,271,1_569495660,1_7976723,1775058240,1775058240,default
1775054562,1_71960,40_100511,542,40_721030920,40_7976603,1775055540,1775055540,default
1775054562,1_81982,1_102746,333,1_778704960,1_7975729,1775054739,1775054739,default
1775054562,1_8403,1_100039,14,1_562518640,1_7974991,1775054580,1775054580,default
1775054862,1_60161,1_100042,148,1_762076930,1_7976061,1775056380,1775056380,default
1775054862,1_60161,1_100042,148,1_762077090,1_7976055,1775058180,1775058180,default
1775054862,1_575,1_102615,E Line,1_761423780,1_6100,1775054700,1775054927,default
1775054862,1_2850,1_100089,2,1_788757690,1_7098,1775055300,1775054107,default
1775054862,1_46505,1_102619,F Line,1_635448990,1_7976142,1775055480,1775055480,default
1775054862,1_29423,1_102732,79,1_816446270,1_8022130,1775056200,1775056200,default
1775054862,1_29423,1_102732,79,1_817872860,1_8022127,1775056800,1775056800,default
1775054862,1_31680,1_100249,60,1_801585460,1_8025817,1775054930,1775054930,default
1775054862,1_57453,1_100060,168,1_693746750,1_7976231,1775055600,1775056026,default
1775054862,1_57453,1_100060,168,1_664460610,1_7976211,1775057400,1775057400,default
1775054862,1_52306,1_102619,F Line,1_635448880,1_6235,1775055000,1775055000,default
1775054862,1_52306,1_102619,F Line,1_635449570,1_7976034,1775055600,1775055600,default
1775054862,1_17950,1_100062,17,1_721362420,1_7974608,1775056680,1775056680,default
1775054862,1_82187,1_100259,67,1_724949100,1_7975673,1775054991,1775054991,default
1775054862,1_32165,1_100023,124,1_800864720,1_8024939,1775055000,1775055000,default
1775054862,1_22184,1_100249,60,1_801584910,1_8025823,1775055005,1775055005,default
1775054862,1_59282,1_100072,181,1_721490260,1_7431,1775055240,1775053477,default
1775054862,1_59282,1_102717,165,1_800649650,1_7129,1775056200,1775054325,default
1775054862,1_59282,1_100072,181,1_721490220,1_7976082,1775055000,1775055000,default
1775054862,1_59282,1_102717,165,1_800649660,1_8023727,1775058000,1775058000,default
1775054862,1_23905,1_100214,372,1_694306260,1_7976768,1775055085,1775055085,default
1775054862,1_68160,1_102548,B Line,1_721018350,1_7976623,1775055010,1775055010,default
1775054862,1_59872,1_102619,F Line,1_635448480,1_7976083,1775054992,1775054992,default
1775054862,1_620,40_100236,545,40_806327330,40_9810,1775055180,1775055136,default
1775054862,1_620,40_100240,554,40_774869930,40_7976694,1775055300,1775055300,default
1775054862,1_620,40_100239,550,40_597750720,40_7976618,1775055540,1775055540,default
1775054862,1_10912,1_100162,271,1_586298060,1_7976389,1775055420,1775055420,default
1775054862,1_10912,40_100511,542,40_569562800,40_7976605,1775055960,1775055960,default
1775054862,1_10912,1_100162,271,1_585555270,1_7976620,1775056440,1775056440,default
1775054862,1_10912,1_100162,271,1_569495660,1_7976723,1775058240,1775058240,default
1775054862,1_71960,40_100511,542,40_721030920,40_7976603,1775055540,1775055540,default
1775054862,1_76310,40_100232,522,40_635896910,40_7976742,1775055087,1775055087,default
1775055163,1_103,1_102745,G Line,1_736434710,1_7974686,1775055166,1775055166,default
1775055163,1_77930,1_102746,333,1_778703840,1_7975682,1775055257,1775055257,default
1775055163,1_60161,1_100042,148,1_762076930,1_7976061,1775056380,1775056380,default
1775055163,1_60161,1_100042,148,1_762077090,1_7976055,1775058180,1775058180,default
1775055163,1_320,40_100239,550,40_597750130,40_6851,1775055240,1775055228,default
1775055163,1_320,40_594,594,40_117020,40_9722,1775055300,1775055300,default
1775055163,1_68784,1_100136,245,1_761787300,1_7976371,1775055199,1775055199,default
1775055163,1_575,1_100210,36,1_800582150,1_8023483,1775055240,1775055240,default
1775055163,1_2850,1_100089,2,1_788757690,1_7098,1775055300,1775054107,default
1775055163,1_2850,1_100089,2,1_788758060,1_7155,1775056200,1775055039,default
1775055163,1_46505,1_102619,F Line,1_635448990,1_7976142,1775055480,1775055480,default
1775055163,1_29423,1_102732,79,1_816446270,1_8022130,1775056200,1775056200,default
1775055163,1_29423,1_102732,79,1_817872860,1_8022127,1775056800,1775056800,default
1775055163,1_25140,1_100254,65,1_778694300,1_7975710,1775054931,1775055222,default
1775055163,1_57453,1_100060,168,1_693746750,1_7976231,1775055600,1775055934,default
1775055163,1_57453,1_100060,168,1_664460610,1_7976211,1775057400,1775057465,default
1775055163,1_79877,1_100162,271,1_569496460,1_7976349,1775055235,1775055235,default
1775055163,1_73366,1_102548,B Line,1_721018120,1_7976638,1775055280,1775055280,default
1775055163,1_52306,1_102619,F Line,1_635449570,1_7976034,1775055600,1775055600,default
1775055163,1_99254,1_100003,101,1_811224260,1_8023865,1775055340,1775055340,default
1775055163,1_17950,1_100062,17,1_721362420,1_7974608,1775056680,1775056680,default
1775055163,1_40065,1_102574,40,1_811901710,1_8025887,1775055281,1775055281,default
1775055163,1_17800,1_102744,365,1_724961580,1_7975720,1775055299,1775055299,default
1775055163,1_59282,1_102717,165,1_800649650,1_7129,1775056200,1775054325,default
1775055163,1_59282,1_100072,181,1_721481620,1_7451,1775056080,1775054946,default
1775055163,1_59282,1_102717,165,1_800649660,1_8023727,1775058000,1775058000,default
1775055163,1_60710,1_100512,A Line,1_800643200,1_8023719,1775055346,1775055346,default
1775055163,1_620,40_100239,550,40_597750720,40_7976618,1775055540,1775055540,default
1775055163,1_10912,1_100214,372,1_694306570,1_6885,1775055141,1775055323,default
1775055163,1_10912,1_100162,271,1_586298060,1_7976389,1775055420,1775055420,default
1775055163,1_10912,40_100511,542,40_569562800,40_7976605,1775055960,1775055960,default
1775055163,1_10912,1_100162,271,1_585555270,1_7976620,1775056440,1775056440,default
1775055163,1_10912,1_100162,271,1_569495660,1_7976723,1775058240,1775058240,default
1775055163,1_71960,40_100511,542,40_721030920,40_7976603,1775055540,1775055540,default
1775055463,1_103,1_102745,G Line,1_736434660,1_7974689,1775055526,1775055526,default
1775055463,1_6650,1_102747,61,1_803356760,1_8022041,1775054394,1775055468,default
1775055463,1_22196,1_102736,H Line,1_694057630,1_7974890,1775055486,1775055486,default
1775055463,1_60161,1_100042,148,1_762076930,1_7976061,1775056380,1775056380,default
1775055463,1_60161,1_100042,148,1_762077090,1_7976055,1775058180,1775058180,default
1775055463,1_8541,1_100263,7,1_800588490,1_8023403,1775055540,1775055540,default
1775055463,1_575,1_100028,13,1_788758850,1_7166,1775055420,1775055505,default
1775055463,1_575,1_100173,3,1_761127240,1_7974914,1775055600,1775055600,default
1775055463,1_13830,1_102581,D Line,1_732750360,1_7974913,1775055518,1775055518,default
1775055463,1_2850,1_100089,2,1_788758060,1_7155,1775056200,1775055039,default
1775055463,1_29423,1_102732,79,1_816446270,1_8022130,1775056200,1775056200,default
1775055463,1_29423,1_102732,79,1_817872860,1_8022127,1775056800,1775056800,default
1775055463,1_280,40_100240,554,40_560097730,40_7976707,1775055385,1775055508,default
1775055463,1_23530,1_100259,67,1_724950390,1_7975678,1775055519,1775055519,default
1775055463,1_57453,1_100060,168,1_693746750,1_7976231,1775055600,1775056079,default
1775055463,1_57453,1_100060,168,1_664460610,1_7976211,1775057400,1775057600,default
1775055463,1_75190,1_102746,333,1_778704560,1_7975727,1775055557,1775055557,default
1775055463,1_52306,1_102619,F Line,1_635449570,1_7976034,1775055600,1775055600,default
1775055463,1_52306,1_102619,F Line,1_635449110,1_7976017,1775056200,1775056200,default
1775055463,1_48390,1_100030,131,1_800858120,1_8024996,1775055557,1775055557,default
1775055463,1_8530,1_100039,14,1_562518710,1_7974977,1775055652,1775055652,default
1775055463,1_17950,1_100062,17,1_721362420,1_7974608,1775056680,1775056680,default
1775055463,1_59282,1_102717,165,1_800649650,1_7129,1775056200,1775054325,default
1775055463,1_59282,1_100072,181,1_721481620,1_7451,1775056080,1775054946,default
1775055463,1_59282,1_102717,165,1_800649660,1_8023727,1775058000,1775058000,default
1775055463,1_82675,1_102705,230,1_664298390,1_7976384,1775055635,1775055635,default
1775055463,1_60983,1_100023,124,1_800861820,1_8058,1775054892,1775055613,default
1775055463,1_620,40_100236,545,40_806328780,40_8005179,1775055780,1775055780,default
1775055463,1_10912,1_100264,70,1_801593870,1_8026409,1775055466,1775055660,default
1775055463,1_10912,40_100511,542,40_569562800,40_7976605,1775055960,1775055960,default
1775055463,1_10912,1_100162,271,1_585555270,1_7976620,1775056440,1775056440,default
1775055463,1_10912,40_100511,542,40_569567870,40_7976686,1775057160,1775057160,default
1775055463,1_10912,1_100162,271,1_585519140,1_7976348,1775057400,1775057400,default
1775055463,1_10912,1_100162,271,1_569495660,1_7976723,1775058240,1775058240,default
1775055463,1_71960,40_100511,542,40_721031250,40_7976608,1775056680,1775056680,default
1775055463,1_81982,1_102746,333,1_778704840,1_7975726,1775055639,1775055639,default
1775055463,1_81982,1_102746,333,1_778704840,1_7229,1775055639,1775055639,default
1775055463,1_8403,1_100039,14,1_562518680,1_7974989,1775055480,1775055480,default
1775055763,1_60161,1_100042,148,1_762076930,1_3733,1775056380,1775055460,default
1775055763,1_60161,1_100042,148,1_762077090,1_7976055,1775058180,1775058180,default
1775055763,1_30510,1_100230,50,1_635468350,1_7976169,1775055820,1775055820,default
1775055763,1_575,1_102576,C Line,1_800868610,1_8025073,1775055840,1775055840,default
1775055763,1_2850,1_100089,2,1_788758060,1_7155,1775056200,1775055039,default
1775055763,1_2850,1_100089,2,1_788758070,1_8023473,1775057100,1775057100,default
1775055763,1_46505,1_102619,F Line,1_635449260,1_7976074,1775056380,1775056380,default
1775055763,1_29423,1_102732,79,1_816446270,1_8022130,1775056200,1775056200,default
1775055763,1_29423,1_102732,79,1_817872860,1_8022127,1775056800,1775056800,default
1775055763,1_27420,1_100249,60,1_801585690,1_8026428,1775055848,1775055848,default
1775055763,1_57453,1_100060,168,1_693746750,1_7976231,1775055600,1775056075,default
1775055763,1_57453,1_100060,168,1_664460610,1_7976211,1775057400,1775057666,default
1775055763,1_79877,1_100162,271,1_569553890,1_7976664,1775055900,1775055900,default
1775055763,1_52306,1_102619,F Line,1_635449110,1_7976017,1775056200,1775056200,default
1775055763,1_17950,1_100062,17,1_721362420,1_7974608,1775056680,1775056680,default
1775055763,1_40065,1_102574,40,1_811901100,1_8026399,1775055881,1775055881,default
1775055763,1_49350,1_100026,128,1_806634440,1_8023670,1775055917,1775055917,default
1775055763,1_32165,1_100023,124,1_800861840,1_8024948,1775055900,1775055900,default
1775055763,1_59282,1_102717,165,1_800649650,1_7129,1775056200,1775054325,default
1775055763,1_59282,1_100072,181,1_721481620,1_7451,1775056080,1775054946,default
1775055763,1_59282,1_102717,165,1_800649660,1_8023727,1775058000,1775058000,default
1775055763,1_60710,1_100512,A Line,1_800643210,1_8023745,1775055946,1775055946,default
1775055763,1_620,40_100239,550,40_597754810,40_7976646,1775056260,1775056260,default
1775055763,1_10912,1_100264,70,1_801593870,1_8295,1775055466,1775055940,default
1775055763,1_10912,40_100511,542,40_569562800,40_7976605,1775055960,1775055960,default
1775055763,1_10912,1_100162,271,1_585555270,1_7427,1775056440,1775056440,default
1775055763,1_10912,1_100162,271,1_585555270,1_7976620,1775056440,1775056440,default
1775055763,1_10912,40_100511,542,40_569567870,40_7976686,1775057160,1775057160,default
1775055763,1_10912,1_100162,271,1_585519140,1_7976348,1775057400,1775057400,default
1775055763,1_10912,1_100162,271,1_569495660,1_7976723,1775058240,1775058240,default
1775055763,1_10912,1_100162,271,1_671213680,1_7976721,1775058960,1775058960,default
1775055763,1_71960,40_100511,542,40_721031250,40_7976608,1775056680,1775056680,default
1775056063,1_6650,1_102747,61,1_803356770,1_8022112,1775055294,1775056069,default
1775056063,1_77930,1_102746,333,1_778703850,1_7975728,1775056097,1775056097,default
1775056063,1_5830,1_100229,5,1_809331170,1_8025840,1775055704,1775056077,default
1775056063,1_60161,1_100042,148,1_762076930,1_3733,1775056380,1775055460,default
1775056063,1_60161,1_100042,148,1_762077090,1_7976055,1775058180,1775058180,default
1775056063,1_970,29_424,424,29_16132038__MCOB-DO:121:0:Weekday:2:26MAR:81008:12345,29_17805,1775055540,1775056179,default
1775056063,1_8541,1_100263,7,1_800589170,1_8023452,1775056140,1775056140,default
1775056063,1_68784,1_100136,245,1_761789630,1_7976372,1775056099,1775056099,default
1775056063,1_575,1_102581,D Line,1_628189350,1_6069,1775056140,1775056116,default
1775056063,1_2850,1_100089,2,1_788758060,1_7155,1775056200,1775055039,default
1775056063,1_2850,1_100089,2,1_788758070,1_8023473,1775057100,1775057100,default
1775056063,1_46505,1_102619,F Line,1_635449260,1_7976074,1775056380,1775056380,default
1775056063,1_29423,1_102732,79,1_816446270,1_8022130,1775056200,1775056200,default
1775056063,1_29423,1_102732,79,1_817872860,1_8022127,1775056800,1775056800,default
1775056063,1_29423,1_102732,79,1_816446390,1_8022070,1775057400,1775057400,default
1775056063,1_57453,1_100060,168,1_664460610,1_7976211,1775057400,1775057692,default
1775056063,1_52306,1_102619,F Line,1_635449110,1_6286,1775056200,1775055945,default
1775056063,1_52306,1_102619,F Line,1_635449110,1_7976017,1775056200,1775056200,default
1775056063,1_52306,1_102619,F Line,1_656237180,1_7976229,1775057100,1775057100,default
1775056063,1_45670,1_100210,36,1_800583090,1_8023436,1775056012,1775056195,default
1775056063,1_17950,1_100062,17,1_721362420,1_7974608,1775056680,1775056680,default
1775056063,1_2200,1_100001,1,1_562518730,1_7974978,1775056071,1775056184,default
1775056063,1_57804,1_100072,181,1_721481780,1_7976033,1775056642,1775056642,default
1775056063,1_59282,1_102717,165,1_800649650,1_7129,1775056200,1775054325,default
1775056063,1_59282,1_102717,165,1_800649660,1_8023727,1775058000,1775058000,default
1775056063,1_23905,1_100214,372,1_694306420,1_7976753,1775056225,1775056225,default
1775056063,1_59872,1_102619,F Line,1_635448770,1_7976226,1775056192,1775056192,default
1775056063,1_57791,1_102718,184,1_635442730,1_7976222,1775056223,1775056242,default
1775056063,1_620,40_100236,545,40_806326300,40_9665,1775056380,1775056247,default
1775056063,1_620,40_100239,550,40_597754810,40_7976646,1775056260,1775056260,default
1775056063,1_10912,1_100162,271,1_585555270,1_7427,1775056440,1775056440,default
1775056063,1_10912,40_100511,542,40_569567870,40_7976686,1775057160,1775057160,default
1775056063,1_10912,1_100162,271,1_585519140,1_7976348,1775057400,1775057400,default
1775056063,1_10912,1_100162,271,1_569495660,1_7976723,1775058240,1775058240,default
1775056063,1_10912,1_100162,271,1_671213680,1_7976721,1775058960,1775058960,default
1775056063,1_71960,40_100511,542,40_721031250,40_7976608,1775056680,1775056680,default
1775056363,1_26560,1_102574,40,1_811900940,1_8026392,1775056403,1775056403,default
1775056363,1_60161,1_100042,148,1_762076930,1_3733,1775056380,1775055460,default
1775056363,1_60161,1_100042,148,1_762077090,1_7976055,1775058180,1775058180,default
1775056363,1_320,40_100239,550,40_597756330,40_9820,1775056440,1775056456,default
1775056363,1_575,1_100219,4,1_675345520,1_7974866,1775056440,1775056440,default
1775056363,1_2850,1_100089,2,1_788758070,1_7115,1775057100,1775056076,default
1775056363,1_46505,1_102619,F Line,1_635448490,1_7976083,1775057280,1775057280,default
1775056363,1_29423,1_102732,79,1_817872860,1_8022127,1775056800,1775056800,default
1775056363,1_29423,1_102732,79,1_816446390,1_8022070,1775057400,1775057400,default
1775056363,1_23530,1_100259,67,1_724949390,1_7975710,1775056419,1775056419,default
1775056363,1_57453,1_100060,168,1_664460610,1_7976211,1775057400,1775057598,default
1775056363,1_79877,1_100162,271,1_569496620,1_7976370,1775056440,1775056440,default
1775056363,1_52306,1_102619,F Line,1_656237180,1_7976229,1775057100,1775057100,default
1775056363,1_8530,1_100039,14,1_562518740,1_7974988,1775056552,1775056552,default
1775056363,1_17950,1_100062,17,1_721362420,1_7974608,1775056680,1775056680,default
1775056363,1_40065,1_102574,40,1_811901110,1_8026400,1775056481,1775056481,default
1775056363,1_17800,1_102744,365,1_724961590,1_7975638,1775056516,1775056516,default
1775056363,1_57804,1_100072,181,1_721481780,1_7976033,1775056642,1775056642,default
1775056363,1_39983,1_100111,22,1_635462190,1_7976056,1775056440,1775056541,default
1775056363,1_59282,1_100072,181,1_721481920,1_7976015,1775057280,1775057280,default
1775056363,1_59282,1_102717,165,1_800649660,1_8023727,1775058000,1775058000,default
1775056363,1_60710,1_100512,A Line,1_800643220,1_8023849,1775056546,1775056546,default
1775056363,1_620,40_100239,550,40_597756280,40_7976613,1775056980,1775056980,default
1775056363,1_10912,40_100511,542,40_569567870,40_7976686,1775057160,1775057160,default
1775056363,1_10912,1_100162,271,1_585519140,1_7976348,1775057400,1775057400,default
1775056363,1_10912,1_100162,271,1_569495660,1_7976723,1775058240,1775058240,default
1775056363,1_10912,40_100511,542,40_569562190,40_7976602,1775058360,1775058360,default
1775056363,1_10912,1_100162,271,1_671213680,1_7976721,1775058960,1775058960,default
1775056363,1_71960,40_100511,542,40_721031250,40_7976608,1775056680,1775056680,default
1775056363,1_81982,1_102746,333,1_778704520,1_7975682,1775056599,1775056599,default
1775056363,1_8403,1_100039,14,1_562518690,1_7974990,1775056440,1775056440,default
1775056363,1_8403,1_100039,14,1_562518760,1_4409,1775056500,1775056544,default
1775056663,1_46791,1_100016,118,1_637324330,1_7976006,1775056740,1775056740,default
1775056663,1_60161,1_100042,148,1_762077090,1_7976055,1775058180,1775058180,default
1775056663,1_575,1_102581,D Line,1_585676110,1_6115,1775056620,1775056724,default
1775056663,1_2850,1_100089,2,1_788758070,1_7115,1775057100,1775056076,default
1775056663,1_31620,1_100023,124,1_800861820,1_8024944,1775055168,1775056725,default
1775056663,1_46505,1_102619,F Line,1_635448490,1_7976083,1775057280,1775057280,default
1775056663,1_29423,1_102732,79,1_817872860,1_8022127,1775056800,1775056800,default
1775056663,1_29423,1_102732,79,1_816446390,1_8022070,1775057400,1775057400,default
1775056663,1_1190,40_100239,550,40_597754810,40_7976646,1775056772,1775056772,default
1775056663,1_57453,1_100060,168,1_664460610,1_7976211,1775057400,1775057582,default
1775056663,1_78002,1_102703,231,1_633061870,1_7976383,1775056731,1775056731,default
1775056663,1_52306,1_102619,F Line,1_656237180,1_7976229,1775057100,1775057100,default
1775056663,1_52306,1_102619,F Line,1_656236520,1_7976085,1775058000,1775058000,default
1775056663,1_45670,1_100210,36,1_800583500,1_8023416,1775056612,1775056797,default
1775056663,1_32165,1_100023,124,1_800861810,1_8024955,1775056800,1775056800,default
1775056663,1_9605,1_100259,67,1_761384520,1_7975671,1775055780,1775056801,default
1775056663,1_59282,1_100072,181,1_721481920,1_7351,1775057280,1775056671,default
1775056663,1_59282,1_100072,181,1_721481920,1_7976015,1775057280,1775057280,default
1775056663,1_59282,1_102717,165,1_800649660,1_8023727,1775058000,1775058000,default
1775056663,1_23905,1_100214,372,1_694306120,1_7976752,1775056825,1775056825,default
1775056663,1_59872,1_102619,F Line,1_635448880,1_7975997,1775056792,1775056792,default
1775056663,1_620,40_100236,545,40_806328200,40_9685,1775056980,1775056941,default
1775056663,1_620,40_100239,550,40_597756280,40_7976613,1775056980,1775056980,default
1775056663,1_620,40_100240,554,40_774870500,40_7976695,1775056980,1775056980,default
1775056663,1_10912,40_100511,542,40_569567870,40_7976686,1775057160,1775057160,default
1775056663,1_10912,1_100162,271,1_585519140,1_7976348,1775057400,1775057400,default
1775056663,1_10912,1_100162,271,1_569495660,1_7976723,1775058240,1775058240,default
1775056663,1_10912,40_100511,542,40_569562190,40_7976602,1775058360,1775058360,default
1775056663,1_10912,1_100162,271,1_671213680,1_7976721,1775058960,1775058960,default
1775056663,1_71960,1_102752,223,1_816297470,1_8024750,1775056860,1775056860,default
1775056663,1_71838,1_102753,222,1_774817430,1_7976415,1775056837,1775056837,default
1775056963,1_103,1_102745,G Line,1_736434820,1_7974687,1775056966,1775056966,default
1775056963,1_77930,1_102746,333,1_778703860,1_7975730,1775056997,1775056997,default
1775056963,1_26560,1_102574,40,1_811900950,1_8026394,1775057063,1775057063,default
1775056963,1_60161,1_100042,148,1_762077090,1_7976055,1775058180,1775058180,default
1775056963,1_12770,1_100228,48,1_721361970,1_7974621,1775057020,1775057020,default
1775056963,1_30790,1_100249,60,1_801585110,1_8025820,1775057017,1775057017,default
1775056963,1_81841,1_100160,269,1_806916910,1_8024684,1775056990,1775056990,default
1775056963,1_30510,1_100230,50,1_664485120,1_7976176,1775057020,1775057020,default
1775056963,1_320,1_100104,212,1_694279080,1_7435,1775056920,1775057015,default
1775056963,1_68784,1_100136,245,1_761787050,1_7976373,1775057038,1775057038,default
1775056963,1_2850,1_100089,2,1_788758070,1_7115,1775057100,1775056076,default
1775056963,1_2850,1_100089,2,1_788757700,1_7152,1775057640,1775056705,default
1775056963,1_2850,1_100089,2,1_788757700,1_8023467,1775057640,1775057640,default
1775056963,1_46505,1_102619,F Line,1_635448490,1_7976083,1775057280,1775057280,default
1775056963,1_29423,1_102732,79,1_816446390,1_8022070,1775057400,1775057400,default
1775056963,1_13810,1_102581,D Line,1_803817710,1_8022076,1775057022,1775057022,default
1775056963,1_57453,1_100060,168,1_664460610,1_7976211,1775057400,1775057640,default
1775056963,1_52306,1_102619,F Line,1_656237180,1_7976229,1775057100,1775057100,default
1775056963,1_52306,1_102619,F Line,1_656236520,1_7976085,1775058000,1775058000,default
1775056963,1_30800,1_100249,60,1_801585110,1_8025820,1775057058,1775057058,default
1775056963,1_29650,1_100224,44,1_664047980,1_7974929,1775057066,1775057066,default
1775056963,1_40065,1_102574,40,1_811901490,1_8026435,1775057081,1775057081,default
1775056963,1_49350,1_100026,128,1_806634550,1_8023671,1775057177,1775057177,default
1775056963,1_59282,1_100072,181,1_721481920,1_7351,1775057280,1775056671,default
1775056963,1_59282,1_102717,165,1_800649660,1_8023727,1775058000,1775058000,default
1775056963,1_60710,1_100512,A Line,1_800643230,1_8023744,1775057146,1775057146,default
1775056963,1_10210,1_100264,70,1_801593810,1_8026408,1775057150,1775057150,default
1775056963,1_620,40_100239,550,40_597752660,40_7976616,1775057700,1775057700,default
1775056963,1_68888,1_102552,226,1_816295940,1_8024714,1775057130,1775057130,default
1775056963,1_10912,40_100511,542,40_569567870,40_7976686,1775057160,1775057160,default
1775056963,1_10912,1_100162,271,1_585519140,1_7976348,1775057400,1775057400,default
1775056963,1_10912,1_100162,271,1_569495660,1_7976723,1775058240,1775058240,default
1775056963,1_10912,40_100511,542,40_569562190,40_7976602,1775058360,1775058360,default
1775056963,1_10912,1_100162,271,1_671213680,1_7976721,1775058960,1775058960,default
1775056963,1_71960,40_100511,542,40_721030870,40_7976607,1775057940,1775057940,default
1775057263,1_103,1_102745,G Line,1_736437120,1_7974688,1775057326,1775057326,default
1775057263,1_73945,1_102704,250,1_816287840,1_8024722,1775057332,1775057332,default
1775057263,1_60161,1_100042,148,1_762077090,1_7976055,1775058180,1775058180,default
1775057263,1_8541,1_100263,7,1_800588280,1_8023400,1775057340,1775057340,default
1775057263,1_68784,1_102548,B Line,1_721018660,1_7976624,1775057319,1775057319,default
1775057263,1_575,1_100173,3,1_761127220,1_7974916,1775057400,1775057400,default
1775057263,1_2850,1_100089,2,1_788757700,1_7152,1775057640,1775056705,default
1775057263,1_29423,1_102732,79,1_816446390,1_8022070,1775057400,1775057400,default
1775057263,1_27420,1_100249,60,1_801584890,1_8025825,1775057348,1775057348,default
1775057263,1_72560,1_102704,250,1_816287810,1_8024763,1775057343,1775057343,default
1775057263,1_23530,1_100259,67,1_724948160,1_7975715,1775057319,1775057319,default
1775057263,1_57453,1_100060,168,1_664460610,1_7976211,1775057400,1775057671,default
1775057263,1_73366,1_102752,223,1_816297480,1_8024748,1775057361,1775057361,default
1775057263,1_11940,1_100039,14,1_562518760,1_7974991,1775057359,1775057359,default
1775057263,1_52306,1_102619,F Line,1_656236520,1_7976085,1775058000,1775058000,default
1775057263,1_48390,1_100030,131,1_800857870,1_8024990,1775057357,1775057357,default
1775057263,1_9605,1_100259,67,1_761384850,1_7975680,1775056740,1775057395,default
1775057263,1_22184,1_100249,60,1_801585680,1_8025816,1775057405,1775057405,default
1775057263,1_59282,1_102717,165,1_800649660,1_7392,1775058000,1775057139,default
1775057263,1_59282,1_102717,165,1_800649660,1_8023727,1775058000,1775058000,default
1775057263,1_59282,1_100072,181,1_721481790,1_7976037,1775060880,1775060880,default
1775057263,1_620,40_100236,545,40_806327160,40_8005193,1775057580,1775057580,default
1775057263,1_620,40_100236,545,40_806327160,40_9687,1775057580,1775057594,default
1775057263,1_620,40_100239,550,40_597752660,40_7976616,1775057700,1775057700,default
1775057263,1_10912,1_100223,43,1_800585500,1_4520,1775056760,1775057442,default
1775057263,1_10912,1_100162,271,1_569495660,1_7976723,1775058240,1775058240,default
1775057263,1_10912,40_100511,542,40_569562190,40_7976602,1775058360,1775058360,default
1775057263,1_10912,1_100162,271,1_671213680,1_7976721,1775058960,1775058960,default
1775057263,1_71960,40_100511,542,40_721030870,40_7976607,1775057940,1775057940,default
1775057263,1_8403,1_100039,14,1_562518720,1_7974992,1775057400,1775057400,default
1775057563,1_103,1_102745,G Line,1_736434750,1_7974691,1775057686,1775057686,default
1775057563,1_481,1_102576,C Line,1_800868410,1_8024965,1775057580,1775057580,default
1775057563,1_26560,1_102574,40,1_811901850,1_8025886,1775057663,1775057663,default
1775057563,1_60161,1_100042,148,1_762077090,1_7976055,1775058180,1775058180,default
1775057563,1_2850,1_100089,2,1_788757700,1_7152,1775057640,1775056705,default
1775057563,1_46505,1_102619,F Line,1_635448780,1_7976226,1775058180,1775058180,default
1775057563,1_57453,1_100060,168,1_664460610,1_7976211,1775057400,1775057617,default
1775057563,1_52306,1_102619,F Line,1_656236520,1_7976085,1775058000,1775058000,default
1775057563,1_29650,1_100224,44,1_664047570,1_7974932,1775057689,1775057689,default
1775057563,1_40065,1_102574,40,1_811901430,1_8026436,1775057681,1775057681,default
1775057563,1_32165,1_100023,124,1_800861870,1_8024940,1775057700,1775057700,default
1775057563,1_17800,1_102744,365,1_724961600,1_7975721,1775057699,1775057699,default
1775057563,1_2200,1_102581,D Line,1_803817710,1_8022076,1775057725,1775057725,default
1775057563,1_59282,1_102717,165,1_800649660,1_7392,1775058000,1775057139,default
1775057563,1_59282,1_100072,181,1_721481790,1_7976037,1775060880,1775060880,default
1775057563,1_23905,1_100214,372,1_694305740,1_7976749,1775057785,1775057785,default
1775057563,1_60710,1_100512,A Line,1_800643240,1_8023805,1775057746,1775057746,default
1775057563,1_620,40_100240,554,40_774869480,40_7976705,1775057880,1775057880,default
1775057563,1_10912,1_100162,271,1_569495660,1_7976723,1775058240,1775058240,default
1775057563,1_10912,40_100511,542,40_569562190,40_7976602,1775058360,1775058360,default
1775057563,1_10912,1_100162,271,1_671213680,1_7976721,1775058960,1775058960,default
1775057563,1_71960,40_100511,542,40_721030870,40_7976607,1775057940,1775057940,default
1775057563,1_8403,1_100039,14,1_562518720,1_7974992,1775057400,1775057400,default
1775057863,1_12170,1_100039,14,1_562518720,1_7974992,1775057979,1775057979,default
1775057863,1_77930,1_102746,333,1_778703870,1_7975683,1775057897,1775057897,default
1775057863,1_22196,1_102736,H Line,1_694057750,1_7974892,1775057886,1775057886,default
1775057863,1_8310,1_100263,7,1_800588370,1_8023484,1775057871,1775057871,default
1775057863,1_60161,1_100042,148,1_762077090,1_7191,1775058180,1775057578,default
1775057863,1_60161,1_100042,148,1_762077090,1_7976055,1775058180,1775058180,default
1775057863,1_12770,1_100228,48,1_721360330,1_7974619,1775057920,1775057920,default
1775057863,1_68784,1_100136,245,1_705514190,1_7976344,1775057938,1775057938,default
1775057863,1_575,1_100089,2,1_788758060,1_8023466,1775057940,1775057940,default
1775057863,1_2850,1_100089,2,1_788758080,1_8023468,1775058600,1775058600,default
1775057863,1_46505,1_102619,F Line,1_635448780,1_7976226,1775058180,1775058180,default
1775057863,1_31680,1_100249,60,1_801585110,1_8025820,1775057930,1775057930,default
1775057863,1_68130,1_102548,B Line,1_721018060,1_6034,1775057812,1775057949,default
1775057863,1_73366,1_102701,225,1_811517110,1_7459,1775057802,1775057934,default
1775057863,1_52306,1_102619,F Line,1_656236520,1_7976085,1775058000,1775058000,default
1775057863,1_52306,40_560,560,40_1605020,40_10161,1775058180,1775058180,default
1775057863,1_52306,1_102619,F Line,1_656236220,1_7976225,1775058900,1775058900,default
1775057863,1_11060,1_100447,49,1_801235440,1_8023490,1775057991,1775057991,default
1775057863,1_60359,1_102720,160,1_694517870,1_7976101,1775057984,1775057984,default
1775057863,1_59282,1_102717,165,1_800649660,1_7392,1775058000,1775057139,default
1775057863,1_59282,1_100072,181,1_721481790,1_7976037,1775060880,1775060880,default
1775057863,1_59872,1_102619,F Line,1_635449110,1_7976017,1775057992,1775057992,default
1775057863,1_57791,1_102718,184,1_635442740,1_7975994,1775058023,1775058088,default
1775057863,1_620,40_100236,545,40_806328560,40_9656,1775058180,1775058188,default
1775057863,1_10912,1_100162,271,1_569495660,1_7976723,1775058240,1775058240,default
1775057863,1_10912,40_100511,542,40_569562190,40_7976602,1775058360,1775058360,default
1775057863,1_10912,1_100162,271,1_671213680,1_7486,1775058960,1775058960,default
1775057863,1_71960,1_102752,223,1_816297480,1_8024748,1775058060,1775058060,default
1775058164,1_55812,1_100005,106,1_727785650,1_7975005,1775058188,1775058188,default
1775058164,1_55230,1_100006,107,1_694543980,1_7976110,1775060236,1775060236,default
1775058164,1_73562,1_102753,222,1_774817450,1_7976396,1775060233,1775060233,default
1775058164,1_575,1_102615,E Line,1_768604080,1_6107,1775060100,1775060251,default
1775058164,1_575,1_100264,70,1_801594360,1_8266,1775060280,1775060280,default
1775058164,1_2850,1_100089,2,1_788758090,1_7099,1775060520,1775059936,default
1775058164,1_2850,1_100089,2,1_788758090,1_8023470,1775060520,1775060520,default
1775058164,1_46505,1_102619,F Line,1_770992180,1_7976229,1775060940,1775060940,default
1775058164,1_29423,1_102732,79,1_816446360,1_8022069,1775061000,1775061000,default
1775058164,1_73112,1_102704,250,1_806914830,1_8024763,1775060267,1775060267,default
1775058164,1_52306,40_560,560,40_805020,40_517,1775060280,1775060280,default
1775058164,1_52306,1_102619,F Line,1_656237090,1_7976074,1775060700,1775060700,default
1775058164,1_52306,1_102619,F Line,1_721495920,1_7976083,1775061540,1775061540,default
1775058164,1_41128,1_100026,128,1_806634400,1_8023658,1775060283,1775060283,default
1775058164,1_45670,1_100210,36,1_800582490,1_4373,1775060212,1775060299,default
1775058164,1_59282,1_100072,181,1_721481790,1_7182,1775060880,1775059855,default
1775058164,1_2260,1_100275,8,1_800890890,1_8040,1775060348,1775060348,default
1775058164,1_620,40_100236,545,40_806326680,40_9648,1775060400,1775060407,default
1775058164,1_620,40_100240,554,40_774869230,40_7976693,1775060580,1775060580,default
1775058164,1_620,40_100239,550,40_597754090,40_7976645,1775060640,1775060640,default
1775058164,1_10912,1_100224,44,1_659992690,1_7974929,1775060377,1775060377,default
1775058164,1_10912,1_100162,271,1_569495530,1_7976369,1775060700,1775060700,default
1775058164,1_10912,40_100511,542,40_569563320,40_7976607,1775061120,1775061120,default
1775058164,1_10912,1_100162,271,1_569496980,1_7976364,1775061660,1775061660,default
1775058164,1_71960,1_102752,223,1_816297500,1_8024752,1775060400,1775060400,default
1775058164,1_71960,40_100511,542,40_721030860,40_7976686,1775060940,1775060940,default
1775058164,1_8403,1_100039,14,1_562518860,1_7974993,1775060220,1775060220,default
1775058164,1_3000,1_100089,2,1_788757710,1_8023446,1775060112,1775060383,default
1775060364,1_46791,1_100016,118,1_669626680,1_3708,1775060460,1775060460,default
1775060364,1_46791,1_100016,118,1_669626680,1_7976006,1775060460,1775060460,default
1775060364,1_51551,1_102736,H Line,1_694057360,1_7974897,1775060377,1775060377,default
1775060364,1_73945,1_102704,250,1_816287900,1_8024728,1775060428,1775060428,default
1775060364,1_12770,1_100228,48,1_721358710,1_7974613,1775060403,1775060403,default
1775060364,1_49150,1_100489,156,1_800647200,1_8023855,1775060393,1775060393,default
1775060364,1_575,1_100219,4,1_675345160,1_7974870,1775060460,1775060460,default
1775060364,1_2850,1_100089,2,1_788758090,1_7099,1775060520,1775059936,default
1775060364,1_46505,1_102619,F Line,1_770992180,1_7976229,1775060940,1775060940,default
1775060364,1_29423,1_102732,79,1_816446360,1_8022069,1775061000,1775061000,default
1775060364,1_50290,1_100489,156,1_800647190,1_8023850,1775060409,1775060409,default
1775060364,1_5489,1_102746,333,1_778704980,1_7975683,1775060500,1775060500,default
1775060364,1_71842,1_102753,222,1_774817450,1_7976396,1775060500,1775060500,default
1775060364,1_52306,1_102619,F Line,1_656237090,1_7976074,1775060700,1775060700,default
1775060364,1_52306,1_102619,F Line,1_721495920,1_7976083,1775061540,1775061540,default
1775060364,1_8530,1_100263,7,1_800588390,1_8023403,1775060469,1775060469,default
1775060364,1_59282,1_100072,181,1_721481790,1_7182,1775060880,1775059855,default
1775060364,1_59282,1_102717,165,1_800649680,1_7189,1775061420,1775060133,default
1775060364,1_620,40_100240,554,40_774869230,40_7976693,1775060580,1775060580,default
1775060364,1_620,40_100239,550,40_597754090,40_7976645,1775060640,1775060640,default
1775060364,1_10912,1_100162,271,1_569495530,1_7976369,1775060700,1775060700,default
1775060364,1_10912,40_100511,542,40_569563320,40_7976607,1775061120,1775061120,default
1775060364,1_10912,1_100162,271,1_569496980,1_7976364,1775061660,1775061660,default
1775060364,1_71960,40_100511,542,40_721030860,40_7976686,1775060940,1775060940,default
1775060364,1_8403,1_100039,14,1_562518860,1_7974993,1775060220,1775060220,default
1775060664,1_12170,1_100039,14,1_562518860,1_7974993,1775060799,1775060799,default
1775060664,1_481,1_102736,H Line,1_694057330,1_7974898,1775060700,1775060700,default
1775060664,1_970,40_578,578,40_1313020,40_519,1775060727,1775060727,default
1775060664,1_575,1_102576,C Line,1_800868540,1_8024973,1775060700,1775060700,default
1775060664,1_575,1_100210,36,1_800582400,1_8023432,1775060700,1775060700,default
1775060664,1_46505,1_102619,F Line,1_770992180,1_7976229,1775060940,1775060940,default
1775060664,1_29423,1_102732,79,1_816446360,1_8022069,1775061000,1775061000,default
1775060664,1_1510,1_100210,36,1_800582420,1_8023415,1775060738,1775060738,default
1775060664,1_11200,1_100447,49,1_801235430,1_8023490,1775060760,1775060760,default
1775060664,1_52306,1_102619,F Line,1_721495920,1_7976083,1775061540,1775061540,default
1775060664,1_58112,1_102619,F Line,1_656236730,1_7975997,1775060841,1775060841,default
1775060664,1_27360,1_100161,27,1_759818040,1_7974706,1775060764,1775060764,default
1775060664,1_39983,1_102736,H Line,1_694057400,1_7974899,1775060820,1775060820,default
1775060664,1_59282,1_100072,181,1_721481790,1_7182,1775060880,1775059855,default
1775060664,1_59282,1_102717,165,1_800649680,1_7189,1775061420,1775060133,default
1775060664,1_620,40_100239,550,40_597756310,40_7976709,1775061240,1775061240,default
1775060664,1_10912,40_100511,542,40_569563320,40_7976607,1775061120,1775061120,default
1775060664,1_10912,1_100162,271,1_569496980,1_7976364,1775061660,1775061660,default
1775060664,1_71960,40_100511,542,40_721030860,40_9669,1775060940,1775060940,default
1775060664,1_71960,40_100511,542,40_721030860,40_7976686,1775060940,1775060940,default
1775060664,1_68400,1_100136,245,1_761787270,1_7976373,1775060833,1775060833,default
1775060964,1_51551,1_102736,H Line,1_694057320,1_7974890,1775060977,1775060977,default
1775060964,1_67200,1_102552,226,1_833608290,1_8024714,1775061002,1775061002,default
1775060964,1_60161,1_100042,148,1_762077480,1_7976051,1775061840,1775061840,default
1775060964,1_8541,1_100039,14,1_562518910,1_7974977,1775061060,1775061060,default
1775060964,1_575,1_100264,70,1_801593690,1_8213,1775061000,1775061000,default
1775060964,1_575,1_100173,3,1_761126960,1_7974915,1775061000,1775061000,default
1775060964,1_13830,1_102581,D Line,1_803817630,1_8023438,1775061011,1775061011,default
1775060964,1_2850,1_100089,2,1_788757720,1_8023471,1775061540,1775061540,default
1775060964,1_8080,1_100263,7,1_800588020,1_8023408,1775061174,1775060986,default
1775060964,1_27420,1_100161,27,1_759818040,1_7974706,1775061054,1775061054,default
1775060964,1_52306,1_102619,F Line,1_721495920,1_7976083,1775061540,1775061540,default
1775060964,1_8530,1_100039,14,1_562518920,1_7974992,1775061052,1775061052,default
1775060964,1_9605,1_100259,67,1_761384690,1_7975715,1775061120,1775061120,default
1775060964,1_59282,1_102717,165,1_800649680,1_7189,1775061420,1775060133,default
1775060964,1_620,40_100239,550,40_597756310,40_7976709,1775061240,1775061240,default
1775060964,1_620,40_100236,545,40_806327450,40_9660,1775061300,1775061262,default
1775060964,1_620,40_100240,554,40_774868970,40_7976708,1775061480,1775061480,default
1775060964,1_10912,1_100162,271,1_569496980,1_7976364,1775061660,1775061660,default
1775060964,1_10912,1_100162,271,1_569496600,1_7976370,1775062560,1775062560,default
1775060964,1_8403,1_100039,14,1_562521050,1_7974987,1775061120,1775061120,default
1775061264,1_103,1_102745,G Line,1_736435000,1_7974689,1775061286,1775061286,default
1775061264,1_26560,1_102574,40,1_811901120,1_8026400,1775061296,1775061296,default
1775061264,1_60161,1_100042,148,1_762077480,1_7471,1775061840,1775060960,default
1775061264,1_12770,1_100228,48,1_721358610,1_7974620,1775061303,1775061303,default
1775061264,1_30790,1_100249,60,1_801585020,1_8025825,1775061337,1775061337,default
1775061264,1_575,1_100263,7,1_800588390,1_8023403,1775061300,1775061300,default
1775061264,1_575,1_100210,36,1_800582420,1_8023415,1775061300,1775061300,default
1775061264,1_575,1_102615,E Line,1_761417920,1_6055,1775061300,1775061320,default
1775061264,1_575,1_100219,4,1_675345170,1_7974886,1775061360,1775061360,default
1775061264,1_2850,1_100089,2,1_788757720,1_7166,1775061540,1775060970,default
1775061264,1_46505,1_102619,F Line,1_770991530,1_7976085,1775061840,1775061840,default
1775061264,1_40060,1_102574,40,1_811901220,1_8026390,1775061308,1775061308,default
1775061264,1_58110,1_100045,150,1_800670650,1_8023799,1775060760,1775061376,default
1775061264,1_5489,1_102746,333,1_778704500,1_7975727,1775061400,1775061400,default
1775061264,1_52306,1_100030,131,1_800857990,1_8024984,1775061360,1775061360,default
1775061264,1_52306,1_102619,F Line,1_721495920,1_7976083,1775061540,1775061540,default
1775061264,1_52306,1_102619,F Line,1_721496180,1_7976226,1775062440,1775062440,default
1775061264,1_45670,1_100210,36,1_800582470,1_8023382,1775061412,1775061412,default
1775061264,1_40065,1_102574,40,1_811901220,1_8026390,1775061401,1775061401,default
1775061264,1_54201,1_102619,F Line,1_656237090,1_7976074,1775061449,1775061449,default
1775061264,1_59282,1_102717,165,1_800649680,1_7189,1775061420,1775060133,default
1775061264,1_74714,1_102702,239,1_736529610,1_7976432,1775061408,1775061408,default
1775061264,1_620,40_100240,554,40_774868970,40_7976708,1775061480,1775061480,default
1775061264,1_10912,1_100162,271,1_569496980,1_7976364,1775061660,1775061660,default
1775061264,1_10912,40_100511,542,40_569562640,40_7976605,1775062380,1775062380,default
1775061264,1_10912,1_100162,271,1_569496600,1_7976370,1775062560,1775062560,default
1775061264,1_8403,1_100039,14,1_562521050,1_7974987,1775061120,1775061120,default
1775061564,1_103,1_102745,G Line,1_736434920,1_7974685,1775061646,1775061646,default
1775061564,1_12170,1_100039,14,1_562521050,1_7974987,1775061699,1775061699,default
1775061564,1_60161,1_100042,148,1_762077480,1_7471,1775061840,1775060960,default
1775061564,1_970,1_100045,150,1_800670660,1_8023798,1775061594,1775061594,default
1775061564,1_320,40_100239,550,40_597756650,40_9672,1775061660,1775061641,default
1775061564,1_2850,1_100089,2,1_788758100,1_7091,1775062440,1775062440,default
1775061564,1_2850,1_100089,2,1_788758100,1_8023453,1775062440,1775062440,default
1775061564,1_46505,1_102619,F Line,1_770991530,1_7976085,1775061840,1775061840,default
1775061564,1_58110,1_100045,150,1_800669680,1_8023794,1775061660,1775061660,default
1775061564,1_52306,1_102619,F Line,1_721496180,1_7976226,1775062440,1775062440,default
1775061564,1_58112,1_102619,F Line,1_656236950,1_7976017,1775061741,1775061741,default
1775061564,1_57804,1_100072,181,1_721481470,1_7976082,1775062042,1775062042,default
1775061564,1_21080,1_100249,60,1_801585350,1_7105,1775061600,1775061706,default
1775061564,1_10912,40_100511,542,40_569562640,40_7976605,1775062380,1775062380,default
1775061564,1_10912,1_100162,271,1_569496600,1_7976370,1775062560,1775062560,default
1775061564,1_10912,1_100162,271,1_569496420,1_7976349,1775063460,1775063460,default
1775061864,1_481,1_100024,125,1_770790000,1_7974704,1775061900,1775061900,default
1775061864,1_8541,1_100039,14,1_562518970,1_7974988,1775061900,1775061900,default
1775061864,1_12770,1_100219,4,1_675345190,1_7974864,1775061908,1775061908,default
1775061864,1_30510,1_100249,60,1_801585070,1_8025820,1775061941,1775061941,default
1775061864,1_2850,1_100089,2,1_788758100,1_7091,1775062440,1775061556,default
1775061864,1_11200,1_100447,49,1_801235370,1_8023493,1775061960,1775061960,default
1775061864,1_52306,1_102619,F Line,1_721496180,1_7976226,1775062440,1775062440,default
1775061864,1_8530,1_100039,14,1_562518960,1_7974978,1775061952,1775061952,default
1775061864,1_8530,1_100005,106,1_727785460,1_7975006,1775061966,1775061966,default
1775061864,1_41850,1_100249,60,1_801585070,1_8025820,1775062046,1775062046,default
1775061864,1_57804,1_100072,181,1_721481470,1_7976082,1775062042,1775062042,default
1775061864,1_59282,1_100072,181,1_721481640,1_7319,1775062680,1775061653,default
1775061864,1_10912,1_100264,70,1_801593530,1_8295,1775062006,1775062034,default
1775061864,1_10912,40_100511,542,40_569562640,40_7976605,1775062380,1775062380,default
1775061864,1_10912,1_100162,271,1_569496600,1_7976370,1775062560,1775062560,default
1775061864,1_10912,40_100511,542,40_569565790,40_7976685,1775063460,1775063460,default
1775061864,1_10912,1_100162,271,1_569496420,1_7976349,1775063460,1775063460,default
1775061864,1_8403,1_100039,14,1_562518910,1_7974977,1775061960,1775061960,default
1775062164,1_60161,1_100042,148,1_762077070,1_7976052,1775065440,1775065440,default
1775062164,1_12770,1_100228,48,1_721361140,1_7974614,1775062203,1775062203,default
1775062164,1_6800,1_100229,5,1_809331420,1_8025837,1775062189,1775062173,default
1775062164,1_49150,1_100489,156,1_800647210,1_8023766,1775062193,1775062193,default
1775062164,1_30510,1_100006,107,1_696733640,1_7976109,1775062199,1775062199,default
1775062164,1_575,1_100001,1,1_800579810,1_4391,1775061840,1775062252,default
1775062164,1_575,1_100219,4,1_675345180,1_7974869,1775062260,1775062260,default
1775062164,1_2850,1_100089,2,1_788758100,1_7091,1775062440,1775061556,default
1775062164,1_46505,1_102619,F Line,1_770991230,1_7976225,1775062740,1775062740,default
1775062164,1_27420,1_100249,60,1_801584990,1_8025821,1775062328,1775062328,default
1775062164,1_3470,1_100249,60,1_801585070,1_8025820,1775062260,1775062260,default
1775062164,1_77460,1_102746,333,1_778705020,1_7975726,1775062257,1775062257,default
1775062164,1_58342,1_100072,181,1_721481790,1_7976037,1775062260,1775062260,default
1775062164,1_71842,1_102753,222,1_774817460,1_7976418,1775062285,1775062285,default
1775062164,1_67028,1_100133,240,1_806916140,1_8024703,1775062280,1775062280,default
1775062164,1_52306,1_102619,F Line,1_721496180,1_7976226,1775062440,1775062440,default
1775062164,1_52306,1_102619,F Line,1_656236740,1_7975997,1775063400,1775063400,default
1775062164,1_99254,1_100045,150,1_800670300,1_8023774,1775062300,1775062300,default
1775062164,1_72050,1_100136,245,1_761787940,1_7976345,1775062296,1775062296,default
1775062164,1_41850,1_100006,107,1_696733640,1_7976109,1775062284,1775062284,default
1775062164,1_59282,1_100072,181,1_721481640,1_7319,1775062680,1775061653,default
1775062164,1_59282,1_102717,165,1_800649690,1_8023881,1775063220,1775063220,default
1775062164,1_620,40_100239,550,40_597754900,40_7976646,1775062740,1775062740,default
1775062164,1_10912,40_100511,542,40_569562640,40_6925,1775062380,1775062201,default
1775062164,1_10912,40_100511,542,40_569562640,40_7976605,1775062380,1775062380,default
1775062164,1_10912,1_100162,271,1_569496600,1_7976370,1775062560,1775062560,default
1775062164,1_10912,40_100511,542,40_569565790,40_7976685,1775063460,1775063460,default
1775062164,1_10912,1_100162,271,1_569496420,1_7976349,1775063460,1775063460,default
1775062164,1_71960,40_100511,542,40_721031290,40_7976608,1775062860,1775062860,default
1775062464,1_12170,1_100039,14,1_562518910,1_7974977,1775062539,1775062539,default
1775062464,1_60161,1_100042,148,1_762077270,1_7976071,1775062500,1775062500,default
1775062464,1_60161,1_100042,148,1_762077070,1_7976052,1775065440,1775065440,default
1775062464,1_30790,1_100230,50,1_785558820,1_7976176,1775062497,1775062497,default
1775062464,1_575,1_102615,E Line,1_761418040,1_6091,1775062500,1775062500,default
1775062464,1_575,1_102615,E Line,1_761418040,1_7975613,1775062500,1775062500,default
1775062464,1_46505,1_102619,F Line,1_770991230,1_7976225,1775062740,1775062740,default
1775062464,1_280,40_100240,554,40_560097510,40_7976693,1775062433,1775062557,default
1775062464,1_76024,1_102702,239,1_736529610,1_7976432,1775062540,1775062540,default
1775062464,1_52306,1_102619,F Line,1_656236740,1_7975997,1775063400,1775063400,default
1775062464,1_80121,1_102719,161,1_800652100,1_8023733,1775062546,1775062546,default
1775062464,1_41128,1_100026,128,1_806634660,1_8023674,1775062563,1775062563,default
1775062464,1_9860,1_100269,75,1_803350930,1_8022019,1775061142,1775062574,default
1775062464,1_41940,1_100249,60,1_801584990,1_8025821,1775062597,1775062597,default
1775062464,1_59282,1_100072,181,1_721481640,1_7319,1775062680,1775061653,default
1775062464,1_59282,1_102717,165,1_800649690,1_7145,1775063220,1775062265,default
1775062464,1_45230,1_100133,240,1_806928100,1_8024759,1775062624,1775062624,default
1775062464,1_35440,1_100269,75,1_803351500,1_8022094,1775062393,1775062626,default
1775062464,1_14280,1_102581,D Line,1_803817550,1_8023487,1775062658,1775062611,default
1775062464,1_620,1_100045,150,1_800670300,1_8023774,1775062680,1775062680,default
1775062464,1_620,40_100239,550,40_597754900,40_7976646,1775062740,1775062740,default
1775062464,1_10912,40_100511,542,40_569565790,40_7976685,1775063460,1775063460,default
1775062464,1_10912,1_100162,271,1_569496420,1_7976349,1775063460,1775063460,default
1775062464,1_71960,40_100511,542,40_721031290,40_7976608,1775062860,1775062860,default
1775062764,1_60161,1_100042,148,1_762077280,1_7976071,1775063640,1775063640,default
1775062764,1_60161,1_100042,148,1_762077070,1_7976052,1775065440,1775065440,default
1775062764,1_8541,1_100039,14,1_562518980,1_7974991,1775062800,1775062800,default
1775062764,1_12770,1_100219,4,1_675345200,1_4314,1775062808,1775062808,default
1775062764,1_74268,1_102702,239,1_736529110,1_7976433,1775062816,1775062816,default
1775062764,1_575,1_100173,3,1_761127000,1_7974914,1775062800,1775062800,default
1775062764,1_2850,1_100089,2,1_788758470,1_8023466,1775062800,1775062800,default
1775062764,1_52306,1_102619,F Line,1_656236740,1_7975997,1775063400,1775063400,default
1775062764,1_8530,1_100039,14,1_562518990,1_7974986,1775062852,1775062852,default
1775062764,1_9605,1_100259,67,1_761382620,1_7975677,1775062920,1775062935,default
1775062764,1_59282,1_102717,165,1_800649690,1_7145,1775063220,1775062265,default
1775062764,1_59282,1_100072,181,1_721481480,1_7976015,1775066280,1775066280,default
1775062764,1_79872,1_100133,240,1_806928180,1_8024702,1775062927,1775062927,default
1775062764,1_57791,1_102718,184,1_635442770,1_7976222,1775063063,1775063063,default
1775062764,1_620,40_100236,545,40_806327770,40_9636,1775063100,1775063061,default
1775062764,1_620,40_100240,554,40_774868720,40_7976690,1775063220,1775063220,default
1775062764,1_10912,40_100511,542,40_569565790,40_7976685,1775063460,1775063460,default
1775062764,1_10912,1_100162,271,1_569496420,1_7976349,1775063460,1775063460,default
1775062764,1_10912,1_100162,271,1_569496250,1_7976353,1775064360,1775064360,default
1775062764,1_8403,1_100039,14,1_562518970,1_7974988,1775062800,1775062800,default
1775063064,1_103,1_102745,G Line,1_736437080,1_7974688,1775063086,1775063086,default
1775063064,1_481,1_102736,H Line,1_694056700,1_6050,1775063100,1775063100,default
1775063064,1_6650,1_102747,61,1_803356850,1_3747,1775062494,1775063073,default
1775063064,1_8310,1_100230,50,1_785558820,1_7976176,1775063077,1775063077,default
1775063064,1_60161,1_100042,148,1_762077280,1_7976071,1775063640,1775063640,default
1775063064,1_60161,1_100042,148,1_762077070,1_7976052,1775065440,1775065440,default
1775063064,1_970,1_100045,150,1_800669690,1_6979,1775062494,1775063087,default
1775063064,1_12770,1_100228,48,1_721361950,1_7974616,1775063103,1775063103,default
1775063064,1_6800,1_100229,5,1_809330400,1_8025800,1775063089,1775063089,default
1775063064,1_575,1_102615,E Line,1_761418130,1_6084,1775063100,1775063112,default
1775063064,1_575,1_100219,4,1_675345190,1_7974864,1775063160,1775063160,default
1775063064,1_2850,1_100089,2,1_788757730,1_7155,1775063400,1775062757,default
1775063064,1_46505,1_102619,F Line,1_770991840,1_7976142,1775063640,1775063640,default
1775063064,1_77460,1_102746,333,1_778704900,1_7975682,1775063157,1775063157,default
1775063064,3_31002,1_102736,H Line,1_694057250,1_7974892,1775063146,1775063146,default
1775063064,1_11200,1_100447,49,1_801235350,1_8023491,1775063160,1775063160,default
1775063064,1_73366,1_102752,223,1_816297530,1_8024726,1775063181,1775063181,default
1775063064,1_52306,1_100030,131,1_800857250,1_8024994,1775063160,1775063160,default
1775063064,1_52306,1_102619,F Line,1_656236740,1_7975997,1775063400,1775063400,default
1775063064,1_52306,1_102619,F Line,1_656236960,1_7976017,1775064300,1775064300,default
1775063064,1_31990,1_100026,128,1_806634360,1_1037,1775063124,1775063159,default
1775063064,1_99254,1_100003,101,1_762100700,1_7976160,1775063260,1775063260,default
1775063064,1_72050,1_100136,245,1_761787590,1_7976379,1775063196,1775063196,default
1775063064,1_2200,1_100001,1,1_562519020,1_7974994,1775063186,1775063207,default
1775063064,1_2200,1_102581,D Line,1_803817530,1_8022075,1775063305,1775063305,default
1775063064,1_59282,1_102717,165,1_800649690,1_7145,1775063220,1775062265,default
1775063064,1_59282,1_100072,181,1_721481480,1_7976015,1775066280,1775066280,default
1775063064,1_14280,1_102581,D Line,1_803817590,1_8023442,1775063258,1775063258,default
1775063064,1_620,40_100240,554,40_774868720,40_7976690,1775063220,1775063220,default
1775063064,1_620,40_100239,550,40_597756250,40_7976613,1775063640,1775063640,default
1775063064,1_10912,1_100264,70,1_801594380,1_8266,1775063266,1775063268,default
1775063064,1_10912,40_100511,542,40_569565790,40_7976685,1775063460,1775063460,default
1775063064,1_10912,1_100162,271,1_569496420,1_7976349,1775063460,1775063460,default
1775063064,1_10912,1_100162,271,1_569496250,1_7976353,1775064360,1775064360,default
1775063064,1_10912,40_100511,542,40_569567950,40_7976686,1775065080,1775065080,default
1775063364,1_103,1_102745,G Line,1_736434960,1_7974691,1775063446,1775063446,default
1775063364,1_12170,1_100039,14,1_562518970,1_7974988,1775063379,1775063379,default
1775063364,1_60161,1_100042,148,1_762077280,1_7976071,1775063640,1775063640,default
1775063364,1_60161,1_100042,148,1_762077070,1_7976052,1775065440,1775065440,default
1775063364,1_970,1_100045,150,1_800670660,1_8163,1775061594,1775063383,default
1775063364,1_970,1_100045,150,1_800669970,1_8023773,1775063454,1775063454,default
1775063364,1_320,40_100239,550,40_597756320,40_9820,1775063460,1775063460,default
1775063364,1_68784,1_100136,245,1_705514270,1_7976371,1775063419,1775063419,default
1775063364,1_2850,1_100089,2,1_788757730,1_7155,1775063400,1775062757,default
1775063364,1_46505,1_102619,F Line,1_770991840,1_7976142,1775063640,1775063640,default
1775063364,1_29423,1_102732,79,1_816446430,1_8022070,1775064600,1775064600,default
1775063364,1_37200,1_100026,128,1_806634560,1_8023671,1775063586,1775063412,default
1775063364,1_52306,1_102619,F Line,1_656236960,1_7976017,1775064300,1775064300,default
1775063364,1_59282,1_100072,181,1_721481940,1_7976082,1775064480,1775064480,default
1775063364,1_59282,1_100072,181,1_721481480,1_7976015,1775066280,1775066280,default
1775063364,1_620,40_100239,550,40_597756250,40_7976613,1775063640,1775063640,default
1775063364,1_10912,1_100162,271,1_569496250,1_7976353,1775064360,1775064360,default
1775063364,1_10912,40_100511,542,40_569567950,40_7976686,1775065080,1775065080,default
1775063364,1_71960,40_100511,542,40_721030830,40_7976607,1775064660,1775064660,default
1775063664,1_481,1_100024,125,1_770790010,1_7974702,1775063700,1775063700,default
1775063664,1_481,1_102736,H Line,1_694056710,1_6060,1775063700,1775063700,default
1775063664,1_60161,1_100042,148,1_762077070,1_7976052,1775065440,1775065440,default
1775063664,1_8541,1_100039,14,1_562519030,1_7974989,1775063700,1775063700,default
1775063664,1_30790,1_100230,50,1_785559550,1_7976173,1775063697,1775063697,default
1775063664,1_575,1_102615,E Line,1_761417430,1_6094,1775063580,1775063708,default
1775063664,1_2850,1_100089,2,1_788758110,1_7098,1775064180,1775063085,default
1775063664,1_29423,1_102732,79,1_816446430,1_8022070,1775064600,1775064600,default
1775063664,1_280,40_100240,554,40_560096510,40_7976708,1775063753,1775063753,default
1775063664,1_52306,1_102619,F Line,1_656236960,1_7976017,1775064300,1775064300,default
1775063664,1_8530,1_100039,14,1_562521070,1_7974993,1775063752,1775063752,default
1775063664,1_2970,1_100089,2,1_788757730,1_7155,1775063778,1775063778,default
1775063664,1_76312,1_102705,230,1_664298470,1_7976336,1775063821,1775063821,default
1775063664,1_59282,1_100072,181,1_721481940,1_7451,1775064480,1775063532,default
1775063664,1_59282,1_100072,181,1_721481940,1_7976082,1775064480,1775064480,default
1775063664,1_59282,1_100072,181,1_721481480,1_7976015,1775066280,1775066280,default
1775063664,1_82810,1_100133,240,1_806928180,1_8024702,1775063984,1775063768,default
1775063664,1_79872,1_100133,240,1_811764790,1_8024698,1775063827,1775063827,default
1775063664,1_60710,1_100512,A Line,1_800643320,1_8023849,1775063806,1775063806,default
1775063664,1_21320,1_100249,60,1_801585040,1_8025824,1775063820,1775063820,default
1775063664,1_81684,1_100160,269,1_806917730,1_8024686,1775063820,1775063820,default
1775063664,1_620,40_100240,554,40_774869900,40_7976694,1775064120,1775064120,default
1775063664,1_10912,1_100162,271,1_569496250,1_7976353,1775064360,1775064360,default
1775063664,1_10912,40_100511,542,40_569567950,40_7976686,1775065080,1775065080,default
1775063664,1_71960,1_102752,223,1_816297530,1_8024726,1775063880,1775063880,default
1775063664,1_71960,40_100511,542,40_721030830,40_7976607,1775064660,1775064660,default
1775063664,1_8403,1_100039,14,1_562518980,1_7974991,1775063700,1775063700,default
1775063965,1_77930,1_102746,333,1_778703940,1_7975683,1775064059,1775064059,default
1775063965,1_26560,1_102574,40,1_811900860,1_8026393,1775064056,1775064056,default
1775063965,1_73945,1_102704,250,1_816287970,1_8024761,1775063986,1775063986,default
1775063965,1_60161,1_100042,148,1_762077070,1_7976052,1775065440,1775065440,default
1775063965,1_60161,1_100042,148,1_762077140,1_7976054,1775067240,1775067240,default
1775063965,1_12770,1_100228,48,1_721362020,1_7974621,1775064003,1775064003,default
1775063965,1_30510,1_100249,60,1_801585310,1_8025883,1775064026,1775064026,default
1775063965,1_575,1_100219,4,1_675345200,1_7974884,1775064060,1775064060,default
1775063965,1_2850,1_100089,2,1_788758110,1_7098,1775064180,1775063085,default
1775063965,1_46505,1_102619,F Line,1_770992090,1_7976074,1775064540,1775064540,default
1775063965,1_29423,1_102732,79,1_816446430,1_8022070,1775064600,1775064600,default
1775063965,1_77460,1_102746,333,1_778704610,1_7975728,1775064057,1775064057,default
1775063965,1_76024,1_102702,239,1_736529620,1_7976434,1775064040,1775064040,default
1775063965,1_84810,1_102752,223,1_833610690,1_8024749,1775064054,1775064054,default
1775063965,1_71842,1_102753,222,1_774817470,1_7976417,1775064085,1775064085,default
1775063965,1_52306,1_102619,F Line,1_656236960,1_7976017,1775064300,1775064300,default
1775063965,1_52306,1_102619,F Line,1_656237200,1_7976229,1775065200,1775065200,default
1775063965,1_45670,1_100210,36,1_800583070,1_8023436,1775063212,1775064071,default
1775063965,1_41850,1_100249,60,1_801585310,1_8025883,1775064117,1775064117,default
1775063965,1_9605,1_100259,67,1_761383770,1_7975714,1775063820,1775064117,default
1775063965,1_59282,1_100072,181,1_721481940,1_7451,1775064480,1775063532,default
1775063965,1_59282,1_102717,165,1_800649700,1_8023732,1775065020,1775065020,default
1775063965,1_59282,1_100072,181,1_721481480,1_7976015,1775066280,1775066280,default
1775063965,1_85531,1_102757,187,1_762095000,1_7976065,1775064120,1775064120,default
1775063965,1_620,40_100236,545,40_806327350,40_8005183,1775064060,1775064295,default
1775063965,1_620,40_100239,550,40_597752630,40_7976616,1775064540,1775064540,default
1775063965,1_10912,1_100162,271,1_569496250,1_7976353,1775064360,1775064360,default
1775063965,1_10912,40_100511,542,40_569567950,40_7976686,1775065080,1775065080,default
1775063965,1_10912,1_100162,271,1_569495880,1_7976665,1775065260,1775065260,default
1775063965,1_71960,40_100511,542,40_721030830,40_7976607,1775064660,1775064660,default
1775063965,1_71838,1_102753,222,1_774817470,1_7976417,1775064217,1775064217,default
1775064265,1_12170,1_100039,14,1_562518980,1_7974991,1775064279,1775064279,default
1775064265,1_46791,1_100016,118,1_669626690,1_3713,1775064360,1775064360,default
1775064265,1_8310,1_100230,50,1_785559550,1_7976173,1775064277,1775064277,default
1775064265,1_60161,1_100042,148,1_762077070,1_7976052,1775065440,1775065440,default
1775064265,1_60161,1_100042,148,1_762077140,1_7976054,1775067240,1775067240,default
1775064265,1_68784,1_100136,245,1_761786950,1_7976372,1775064319,1775064319,default
1775064265,1_8080,1_100006,107,1_696623250,1_7976110,1775064325,1775064325,default
1775064265,1_46505,1_102619,F Line,1_770992090,1_7976074,1775064540,1775064540,default
1775064265,1_29423,1_102732,79,1_816446430,1_8022070,1775064600,1775064600,default
1775064265,1_27420,1_100249,60,1_801585350,1_8025884,1775064428,1775064428,default
1775064265,1_11200,1_100447,49,1_801235340,1_8023497,1775064360,1775064360,default
1775064265,1_52306,1_102619,F Line,1_656237200,1_7976229,1775065200,1775065200,default
1775064265,1_80121,1_102719,161,1_800652110,1_8023880,1775064346,1775064346,default
1775064265,1_58112,1_100045,150,1_800669390,1_8023793,1775062668,1775064368,default
1775064265,1_58112,1_100045,150,1_800669690,1_8023788,1775064408,1775064408,default
1775064265,1_59282,1_100072,181,1_721481940,1_7451,1775064480,1775063532,default
1775064265,1_59282,1_102717,165,1_800649700,1_7404,1775065020,1775064158,default
1775064265,1_59282,1_102717,165,1_800649700,1_8023732,1775065020,1775065020,default
1775064265,1_59282,1_100072,181,1_721481480,1_7976015,1775066280,1775066280,default
1775064265,1_23905,1_100214,372,1_694306180,1_7976768,1775064505,1775064505,default
1775064265,1_31970,1_100026,128,1_806634460,1_1017,1775064256,1775064395,default
1775064265,1_60710,1_100512,A Line,1_800652860,1_8023744,1775064406,1775064406,default
1775064265,1_620,1_100003,101,1_762100800,1_7976166,1775064420,1775064420,default
1775064265,1_620,40_100239,550,40_597752630,40_7976616,1775064540,1775064540,default
1775064265,1_620,40_100236,545,40_806327350,40_8005183,1775064060,1775064596,default
1775064265,1_10912,40_100511,542,40_569567950,40_7976686,1775065080,1775065080,default
1775064265,1_10912,1_100162,271,1_569495880,1_7976665,1775065260,1775065260,default
1775064265,1_10912,1_100162,271,1_569497080,1_7976667,1775066160,1775066160,default
1775064265,1_71960,40_100511,542,40_721030830,40_7976607,1775064660,1775064660,default
1775064565,1_6650,1_102747,61,1_803356870,1_8022112,1775064294,1775064582,default
1775064565,1_60161,1_100042,148,1_762077070,1_7466,1775065440,1775064274,default
1775064565,1_60161,1_100042,148,1_762077140,1_7976054,1775067240,1775067240,default
1775064565,1_8541,1_100039,14,1_562519040,1_7974994,1775064600,1775064600,default
1775064565,1_55230,1_100006,107,1_635437040,1_7976061,1775064427,1775064601,default
1775064565,1_575,1_100173,3,1_761126520,1_7974916,1775064600,1775064600,default
1775064565,1_2850,1_100089,2,1_788757740,1_8023473,1775065020,1775065020,default
1775064565,1_52306,1_102619,F Line,1_656237200,1_7976229,1775065200,1775065200,default
1775064565,1_52306,1_102619,F Line,1_800654030,1_8023882,1775067900,1775067900,default
1775064565,1_8530,1_100039,14,1_562519070,1_7974987,1775064652,1775064652,default
1775064565,1_41940,1_100249,60,1_801585350,1_8025884,1775064697,1775064697,default
1775064565,1_71970,1_102753,222,1_774817800,1_7976396,1775064706,1775064706,default
1775064565,1_9605,1_100259,67,1_761385150,1_7975676,1775064720,1775064720,default
1775064565,1_2200,1_102581,D Line,1_803817570,1_8022079,1775064685,1775064685,default
1775064565,1_59282,1_102717,165,1_800649700,1_7404,1775065020,1775064158,default
1775064565,1_59282,1_100072,181,1_721481480,1_7976015,1775066280,1775066280,default
1775064565,1_31970,1_100230,50,1_785559300,1_3721,1775064481,1775064697,default
1775064565,1_10912,1_100264,70,1_801593410,1_8025882,1775064766,1775064766,default
1775064565,1_10912,40_100511,542,40_569567950,40_7976686,1775065080,1775065080,default
1775064565,1_10912,1_100162,271,1_569495880,1_7976665,1775065260,1775065260,default
1775064565,1_10912,1_100162,271,1_569497080,1_7976667,1775066160,1775066160,default
1775064565,1_8403,1_100039,14,1_562519030,1_7974989,1775064600,1775064600,default
1775064865,1_103,1_102745,G Line,1_736435020,1_7974690,1775064886,1775064886,default
1775064865,1_55711,1_100005,106,1_727785680,1_7975010,1775064882,1775064882,default
1775064865,1_73945,1_102704,250,1_816287980,1_8024763,1775064886,1775064886,default
1775064865,1_60161,1_100042,148,1_762077070,1_7466,1775065440,1775064274,default
1775064865,1_60161,1_100042,148,1_762077140,1_7976054,1775067240,1775067240,default
1775064865,1_12770,1_100228,48,1_721361890,1_7974619,1775064903,1775064903,default
1775064865,1_30790,1_100230,50,1_785559090,1_7976170,1775064897,1775064897,default
1775064865,1_30790,1_100249,60,1_801584980,1_8025822,1775064937,1775064937,default
1775064865,1_575,1_100028,13,1_788758900,1_7155,1775064900,1775064900,default
1775064865,1_575,1_100219,4,1_675345210,1_7974867,1775064960,1775064960,default
1775064865,1_2850,1_100089,2,1_788757740,1_7115,1775065020,1775064580,default
1775064865,1_2850,1_100089,2,1_788757740,1_8023473,1775065020,1775065020,default
1775064865,1_46505,1_102619,F Line,1_770991380,1_7976083,1775065440,1775065440,default
1775064865,1_77460,1_102746,333,1_778704620,1_7975730,1775064957,1775064957,default
1775064865,1_73953,1_102702,239,1_736529120,1_7976431,1775064950,1775064950,default
1775064865,1_52306,1_100030,131,1_800857750,1_8024995,1775064960,1775064960,default
1775064865,1_52306,1_102619,F Line,1_656237200,1_7976229,1775065200,1775065200,default
1775064865,1_52306,1_102619,F Line,1_656236540,1_7976085,1775066100,1775066100,default
1775064865,1_52306,1_102619,F Line,1_800654030,1_8023882,1775067900,1775067900,default
1775064865,1_41128,1_100026,128,1_806634710,1_8023662,1775064963,1775064963,default
1775064865,1_10370,1_102732,79,1_816446430,1_7225,1775064906,1775064954,default
1775064865,1_48610,1_102717,165,1_800649290,1_7392,1775064960,1775064960,default
1775064865,1_60359,1_102720,160,1_770988670,1_7976098,1775064979,1775064979,default
1775064865,1_59282,1_102717,165,1_800649700,1_7404,1775065020,1775064158,default
1775064865,1_59282,1_100072,181,1_721481480,1_7976015,1775066280,1775066280,default
1775064865,1_60710,1_100512,A Line,1_800643330,1_6232,1775065006,1775065006,default
1775064865,1_14280,1_102581,D Line,1_800600670,1_8022078,1775065118,1775065032,default
1775064865,1_10210,1_100264,70,1_801593500,1_8026407,1775065066,1775065066,default
1775064865,1_57791,1_102718,184,1_635442780,1_7975994,1775065043,1775065118,default
1775064865,1_620,40_100236,545,40_560087720,40_7976551,1775064960,1775065043,default
1775064865,1_620,40_100236,545,40_560087720,40_9649,1775064960,1775065101,default
1775064865,1_620,40_100240,554,40_774870490,40_7976695,1775065260,1775065260,default
1775064865,1_620,40_100239,550,40_597752080,40_7976612,1775065440,1775065440,default
1775064865,1_10912,1_100214,372,1_694306600,1_7976765,1775065041,1775065041,default
1775064865,1_10912,40_100511,542,40_569567950,40_7976686,1775065080,1775065080,default
1775064865,1_10912,1_100162,271,1_569495880,1_7976665,1775065260,1775065260,default
1775064865,1_10912,1_100162,271,1_569497080,1_7976667,1775066160,1775066160,default
1775064865,1_10912,40_100511,542,40_569565570,40_7976608,1775066880,1775066880,default
1775064865,1_71960,1_102752,223,1_816297540,1_8024750,1775065080,1775065080,default
1775065165,1_103,1_102745,G Line,1_736437320,1_7974684,1775065246,1775065246,default
1775065165,1_12170,1_100039,14,1_562519030,1_7974989,1775065179,1775065179,default
1775065165,1_60161,1_100042,148,1_762077070,1_7466,1775065440,1775064274,default
1775065165,1_60161,1_100042,148,1_762077140,1_7976054,1775067240,1775067240,default
1775065165,1_320,40_100239,550,40_597756240,40_7976613,1775065260,1775065209,default
1775065165,1_68784,1_100136,245,1_761787780,1_7976373,1775065219,1775065219,default
1775065165,1_575,1_102581,D Line,1_800600660,1_6079,1775065140,1775065212,default
1775065165,1_2850,1_100089,2,1_788758120,1_7152,1775065980,1775065026,default
1775065165,1_46505,1_102619,F Line,1_770991380,1_7976083,1775065440,1775065440,default
1775065165,1_280,40_100240,554,40_560096810,40_7976690,1775065073,1775065265,default
1775065165,1_72560,1_102704,250,1_816287970,1_8024761,1775065263,1775065263,default
1775065165,1_72494,1_100160,269,1_806917250,1_8024688,1775065320,1775065320,default
1775065165,1_84810,1_102752,223,1_833610700,1_8024727,1775065254,1775065254,default
1775065165,1_52306,1_102619,F Line,1_656236540,1_7976085,1775066100,1775066100,default
1775065165,1_52306,1_102619,F Line,1_800654030,1_8023882,1775067900,1775067900,default
1775065165,1_2200,1_102581,D Line,1_800600860,1_8022076,1775065285,1775065285,default
1775065165,1_57804,1_100072,181,1_721481650,1_7976033,1775065642,1775065642,default
1775065165,1_22184,1_100249,60,1_801585010,1_8025823,1775065325,1775065325,default
1775065165,1_59282,1_100072,181,1_721481480,1_7976015,1775066280,1775066280,default
1775065165,1_59872,1_102619,F Line,1_656236740,1_7975997,1775065312,1775065312,default
1775065165,1_620,1_100003,101,1_762100710,1_7976162,1775065320,1775065320,default
1775065165,1_620,40_100239,550,40_597752080,40_7976612,1775065440,1775065440,default
1775065165,1_10912,1_100447,49,1_801235320,1_8023491,1775065290,1775065355,default
1775065165,1_10912,1_100162,271,1_569497080,1_7976667,1775066160,1775066160,default
1775065165,1_10912,40_100511,542,40_569565570,40_7976608,1775066880,1775066880,default
1775065165,1_10912,1_100162,271,1_569496900,1_7976389,1775067060,1775067060,default
1775065465,1_481,1_100024,125,1_770790020,1_7974703,1775065500,1775065500,default
1775065465,1_8310,1_100230,50,1_785559090,1_7976170,1775065477,1775065477,default
1775065465,1_60161,1_100042,148,1_762077140,1_7976054,1775067240,1775067240,default
1775065465,1_8541,1_100039,14,1_562519090,1_7974990,1775065560,1775065560,default
1775065465,1_12770,1_100219,4,1_675345230,1_4392,1775065508,1775065508,default
1775065465,1_2850,1_100089,2,1_788758120,1_7152,1775065980,1775065026,default
1775065465,1_31620,1_100023,124,1_690551560,1_7974658,1775065368,1775065506,default
1775065465,1_25140,1_100254,65,1_778692980,1_7975678,1775065551,1775065537,default
1775065465,1_11200,1_100447,49,1_801235310,1_8023492,1775065560,1775065560,default
1775065465,1_52306,1_102619,F Line,1_656236540,1_7976085,1775066100,1775066100,default
1775065465,1_52306,1_102619,F Line,1_800654030,1_8023882,1775067900,1775067900,default
1775065465,1_81426,1_102702,239,1_736529630,1_7976433,1775065555,1775065555,default
1775065465,1_8530,1_100039,14,1_562519100,1_7974977,1775065552,1775065552,default
1775065465,1_58112,1_100045,150,1_800669970,1_8023773,1775065368,1775065632,default
1775065465,1_57804,1_100072,181,1_721481650,1_7976033,1775065642,1775065642,default
1775065465,1_59282,1_100072,181,1_721481480,1_7976015,1775066280,1775066280,default
1775065465,1_60710,1_100512,A Line,1_800643340,1_8023834,1775065606,1775065606,default
1775065465,1_14280,1_102581,D Line,1_803817520,1_8023438,1775065718,1775065662,default
1775065465,1_25791,1_100214,372,1_694306600,1_7976765,1775065598,1775065625,default
1775065465,1_10912,1_100264,70,1_801594150,1_8026417,1775065666,1775065666,default
1775065465,1_10912,1_100224,44,1_664048790,1_7974923,1775065669,1775065669,default
1775065465,1_10912,1_100162,271,1_569497080,1_7976667,1775066160,1775066160,default
1775065465,1_10912,40_100511,542,40_569565570,40_7976608,1775066880,1775066880,default
1775065465,1_10912,1_100162,271,1_569496900,1_7976389,1775067060,1775067060,default
1775065465,1_71960,40_100511,542,40_721031390,40_7976685,1775066460,1775066460,default
1775065465,1_12430,1_100009,11,1_736449470,1_7974693,1775065692,1775065621,default
1775065465,1_8403,1_100039,14,1_562519040,1_7974994,1775065560,1775065560,default
1775065765,1_5830,1_100229,5,1_809331430,1_8025837,1775065577,1775065774,default
1775065765,1_55711,1_100005,106,1_727785420,1_7975095,1775065782,1775065782,default
1775065765,1_73945,1_102704,250,1_816288020,1_8024724,1775065786,1775065786,default
1775065765,1_60161,1_100042,148,1_762077140,1_7976054,1775067240,1775067240,default
1775065765,1_12770,1_100228,48,1_721362220,1_7974615,1775065803,1775065803,default
1775065765,1_30790,1_100006,107,1_696733870,1_7436,1775065752,1775065790,default
1775065765,1_6800,1_100229,5,1_809330150,1_8025801,1775065789,1775065789,default
1775065765,1_49150,1_100489,156,1_800647320,1_8023861,1775065793,1775065793,default
1775065765,1_575,1_102581,D Line,1_803817330,1_6106,1775065740,1775065824,default
1775065765,1_575,1_100264,70,1_801593420,1_8295,1775065860,1775065860,default
1775065765,1_575,1_100219,4,1_675345220,1_7974865,1775065860,1775065860,default
1775065765,1_2850,1_100089,2,1_788758120,1_7152,1775065980,1775065026,default
1775065765,1_46505,1_102619,F Line,1_770991640,1_7976226,1775066340,1775066340,default
1775065765,1_46505,1_102619,F Line,1_635449590,1_7976003,1775067180,1775067180,default
1775065765,1_50290,1_100489,156,1_800647250,1_8023766,1775065809,1775065809,default
1775065765,1_77460,1_102746,333,1_778704770,1_7975683,1775065857,1775065857,default
1775065765,1_81199,1_100072,181,1_721481650,1_7976033,1775065943,1775065943,default
1775065765,1_52306,1_102619,F Line,1_656236540,1_7976085,1775066100,1775066100,default
1775065765,1_52306,1_102619,F Line,1_656236240,1_7976225,1775067000,1775067000,default
1775065765,1_52306,1_102619,F Line,1_800654030,1_8023882,1775067900,1775067900,default
1775065765,1_31990,1_100230,50,1_785559430,1_3709,1775065753,1775065868,default
1775065765,1_9605,1_100259,67,1_761384630,1_7975669,1775065560,1775065919,default
1775065765,1_2200,1_102581,D Line,1_803817560,1_8022123,1775065885,1775065885,default
1775065765,1_59282,1_102717,165,1_800649270,1_8023878,1775065620,1775065901,default
1775065765,1_59282,1_100072,181,1_721481480,1_7976015,1775066280,1775066280,default
1775065765,1_58079,1_102719,161,1_800651760,1_8023789,1775065680,1775065914,default
1775065765,1_620,40_100239,550,40_597756600,40_7976614,1775066340,1775066340,default
1775065765,1_10912,1_100162,271,1_569497080,1_7976667,1775066160,1775066160,default
1775065765,1_10912,40_100511,542,40_569565570,40_7976608,1775066880,1775066880,default
1775065765,1_10912,1_100162,271,1_569496900,1_7976389,1775067060,1775067060,default
1775065765,1_71960,40_100511,542,40_721031390,40_7976685,1775066460,1775066460,default
1775066065,1_12170,1_100039,14,1_562519040,1_7974994,1775066139,1775066139,default
1775066065,1_46791,1_100016,118,1_635461300,1_7976007,1775066100,1775066100,default
1775066065,1_481,1_102736,H Line,1_694057160,1_6080,1775066100,1775066103,default
1775066065,1_26560,1_102574,40,1_811901230,1_8026390,1775066189,1775066189,default
1775066065,1_60161,1_100042,148,1_762077140,1_7976054,1775067240,1775067240,default
1775066065,1_30790,1_100230,50,1_785559300,1_7976172,1775066097,1775066097,default
1775066065,1_320,40_100239,550,40_597752670,40_9654,1775066160,1775066158,default
1775066065,1_68784,1_100136,245,1_761787310,1_7976344,1775066119,1775066119,default
1775066065,1_2850,1_100089,2,1_788758490,1_8023468,1775066100,1775066100,default
1775066065,1_46505,1_102619,F Line,1_770991640,1_7976226,1775066340,1775066340,default
1775066065,1_46505,1_102619,F Line,1_635449590,1_7976003,1775067180,1775067180,default
1775066065,1_58110,1_100045,150,1_800670380,1_8023854,1775066160,1775066160,default
1775066065,1_52306,1_102619,F Line,1_656236240,1_7976225,1775067000,1775067000,default
1775066065,1_52306,1_102619,F Line,1_800654030,1_8023882,1775067900,1775067900,default
1775066065,1_11060,1_100249,60,1_801585080,1_7169,1775066153,1775066192,default
1775066065,1_2200,1_100275,8,1_800891660,1_8067,1775066133,1775066194,default
1775066065,1_59282,1_100072,181,1_721481480,1_7351,1775066280,1775065999,default
1775066065,1_59282,1_100072,181,1_721481480,1_7976015,1775066280,1775066280,default
1775066065,1_59282,1_102717,165,1_800649710,1_8023878,1775066820,1775067041,default
1775066065,1_23905,1_100214,372,1_694306130,1_7976752,1775066245,1775066245,default
1775066065,1_59872,1_102619,F Line,1_656236960,1_7976017,1775066212,1775066212,default
1775066065,1_60710,1_100512,A Line,1_800652830,1_8023825,1775066206,1775066206,default
1775066065,1_620,40_100239,550,40_597756600,40_7976614,1775066340,1775066340,default
1775066065,1_620,40_100240,554,40_774869490,40_7976705,1775066400,1775066400,default
1775066065,1_10912,40_100511,542,40_569565570,40_7976608,1775066880,1775066880,default
1775066065,1_10912,1_100162,271,1_569496900,1_7976389,1775067060,1775067060,default
1775066065,1_10912,1_100162,271,1_569496730,1_7976723,1775067960,1775067960,default
1775066065,1_71960,1_102752,223,1_816297550,1_8024748,1775066280,1775066280,default
1775066065,1_71960,40_100511,542,40_721031390,40_7976685,1775066460,1775066460,default
1775066365,1_60161,1_100042,148,1_762077140,1_7473,1775067240,1775066153,default
1775066365,1_60161,1_100042,148,1_762077140,1_7976054,1775067240,1775067240,default
1775066365,1_970,1_100045,150,1_800670230,1_8164,1775066154,1775066403,default
1775066365,1_8541,1_100039,14,1_562519140,1_7974992,1775066460,1775066460,default
1775066365,1_575,1_100173,3,1_761126560,1_7974917,1775066400,1775066400,default
1775066365,1_2850,1_100089,2,1_788757750,1_8023468,1775066820,1775066820,default
1775066365,1_46505,1_102619,F Line,1_635449590,1_7976003,1775067180,1775067180,default
1775066365,1_27420,1_100249,60,1_801585150,1_8025826,1775066528,1775066528,default
1775066365,1_3470,1_100249,60,1_801585180,1_8025825,1775066460,1775066460,default
1775066365,1_75770,1_102615,E Line,1_816541380,1_6202,1775065911,1775066430,default
1775066365,1_84810,1_102752,223,1_833613790,1_8024726,1775066454,1775066454,default
1775066365,1_52306,1_102619,F Line,1_656236240,1_7976225,1775067000,1775067000,default
1775066365,1_52306,1_102619,F Line,1_800654030,1_8023882,1775067900,1775067900,default
1775066365,1_71970,1_102753,222,1_774817810,1_7976418,1775066506,1775066506,default
1775066365,1_59282,1_102717,165,1_800649710,1_8023878,1775066820,1775067151,default
1775066365,1_57791,1_102718,184,1_635442790,1_7976222,1775066663,1775066663,default
1775066365,1_25791,1_100214,372,1_694305990,1_6948,1775066498,1775066556,default
1775066365,1_10912,1_100447,49,1_801235270,1_4321,1775066490,1775066530,default
1775066365,1_10912,1_100228,48,1_721358560,1_8011,1775066340,1775066534,default
1775066365,1_10912,1_100264,70,1_801593380,1_8228,1775066566,1775066566,default
1775066365,1_10912,40_100511,542,40_569565570,40_7976608,1775066880,1775066880,default
1775066365,1_10912,1_100162,271,1_569496900,1_7976389,1775067060,1775067060,default
1775066365,1_10912,1_100162,271,1_569496730,1_7976723,1775067960,1775067960,default
1775066365,1_8403,1_100039,14,1_562519090,1_7974990,1775066520,1775066520,default
1775066665,1_103,1_102745,G Line,1_736435240,1_7974686,1775066686,1775066686,default
1775066665,1_8310,1_100230,50,1_785559300,1_7976172,1775066677,1775066677,default
1775066665,1_60161,1_100042,148,1_762077140,1_7473,1775067240,1775066153,default
1775066665,1_8541,1_100005,106,1_727785540,1_7159,1775066640,1775066698,default
1775066665,1_12770,1_100228,48,1_721361980,1_7974613,1775066703,1775066703,default
1775066665,1_6800,1_100229,5,1_809330560,1_8025840,1775066689,1775066689,default
1775066665,1_575,1_102615,E Line,1_768603980,1_6215,1775066700,1775066720,default
1775066665,1_575,1_100219,4,1_675345230,1_4392,1775066760,1775066760,default
1775066665,1_2850,1_100089,2,1_788757750,1_8023468,1775066820,1775066820,default
1775066665,1_77910,1_102746,333,1_778703970,1_7975726,1775066701,1775066701,default
1775066665,1_46505,1_102619,F Line,1_635449590,1_7976003,1775067180,1775067180,default
1775066665,1_46505,1_102619,F Line,1_656236750,1_7975997,1775068080,1775068080,default
1775066665,1_77460,1_102746,333,1_778704930,1_7975727,1775066757,1775066757,default
1775066665,3_31002,40_560,560,40_1073020,40_256,1775066965,1775066965,default
1775066665,1_11200,1_100447,49,1_801235300,1_8023490,1775066760,1775066760,default
1775066665,1_73366,1_102752,223,1_816305080,1_8024723,1775066781,1775066781,default
1775066665,1_79610,1_100006,107,1_696623440,1_7976109,1775066756,1775066756,default
1775066665,1_73953,1_102702,239,1_736529130,1_7976432,1775066750,1775066750,default
1775066665,1_52306,1_100030,131,1_800857310,1_8024999,1775066760,1775066760,default
1775066665,1_52306,1_102619,F Line,1_656236240,1_7976225,1775067000,1775067000,default
1775066665,1_52306,1_102619,F Line,1_800654030,1_8023882,1775067900,1775067900,default
1775066665,1_41940,1_100249,60,1_801585150,1_8025826,1775066797,1775066797,default
1775066665,1_9605,1_100259,67,1_761384240,1_7975711,1775066460,1775066800,default
1775066665,1_2200,1_100001,1,1_562519120,1_7974986,1775066786,1775066826,default
1775066665,1_59282,1_102717,165,1_800649710,1_8023878,1775066820,1775067028,default
1775066665,1_60710,1_100512,A Line,1_800643350,1_8023807,1775066806,1775066806,default
1775066665,1_620,40_100236,545,40_560090170,40_9687,1775066760,1775066843,default
1775066665,1_620,40_100239,550,40_597754140,40_7976644,1775067240,1775067240,default
1775066665,1_10912,40_100511,542,40_569565570,40_7976608,1775066880,1775066880,default
1775066665,1_10912,1_100162,271,1_569496900,1_7976389,1775067060,1775067060,default
1775066665,1_10912,1_100162,271,1_569496730,1_7976723,1775067960,1775067960,default
1775066665,1_10912,40_100511,542,40_569563220,40_7976607,1775068680,1775068680,default
1775066665,1_25210,1_100225,45,1_803351560,1_8132,1775066650,1775066839,default
1775066665,1_8403,1_100039,14,1_562519090,1_7974990,1775066520,1775066520,default
1775066965,1_103,1_102745,G Line,1_736435170,1_7974689,1775067046,1775067046,default
1775066965,1_12170,1_100039,14,1_562519090,1_7974990,1775067099,1775067099,default
1775066965,1_26560,1_102574,40,1_811900830,1_8026397,1775067089,1775067089,default
1775066965,1_60161,1_100042,148,1_762077140,1_7473,1775067240,1775066153,default
1775066965,1_320,40_100239,550,40_597752110,40_9676,1775067060,1775067060,default
1775066965,1_68784,1_100136,245,1_761789690,1_7976346,1775067019,1775067019,default
1775066965,1_2850,1_100089,2,1_788758130,1_7157,1775067780,1775066740,default
1775066965,1_46505,1_102619,F Line,1_635449590,1_7976003,1775067180,1775067180,default
1775066965,1_46505,1_102619,F Line,1_656236750,1_7975997,1775068080,1775068080,default
1775066965,1_29423,1_102732,79,1_816446340,1_8022069,1775068200,1775068200,default
1775066965,1_58110,1_100045,150,1_800670220,1_8023774,1775067060,1775067060,default
1775066965,1_52306,1_102619,F Line,1_800654030,1_8023882,1775067900,1775067900,default
1775066965,1_40065,1_102574,40,1_811901740,1_8025887,1775066981,1775067116,default
1775066965,1_2200,1_102581,D Line,1_803817610,1_8023442,1775067085,1775067085,default
1775066965,1_57804,1_100072,181,1_721481950,1_7976037,1775067439,1775067439,default
1775066965,1_59282,1_100072,181,1_721481810,1_7976033,1775068080,1775068080,default
1775066965,1_23905,1_100214,372,1_694305750,1_7976749,1775067158,1775067158,default
1775066965,1_59872,1_102619,F Line,1_656237200,1_7976229,1775067112,1775067112,default
1775066965,1_620,40_100239,550,40_597754140,40_7976644,1775067240,1775067240,default
1775066965,1_10912,1_100224,44,1_664047310,1_7974932,1775067169,1775067169,default
1775066965,1_10912,1_100162,271,1_569496730,1_7976723,1775067960,1775067960,default
1775066965,1_10912,40_100511,542,40_569563220,40_7976607,1775068680,1775068680,default
1775066965,1_10912,1_100162,271,1_569496150,1_7976348,1775068860,1775068860,default
1775066965,1_52081,1_102736,H Line,1_694056740,1_7974967,1775067159,1775067159,default
1775067265,1_8541,1_100039,14,1_562519160,1_7974978,1775067360,1775067360,default
1775067265,1_30790,1_100230,50,1_785559430,1_7976174,1775067297,1775067297,default
1775067265,1_2850,1_100089,2,1_788758130,1_7157,1775067780,1775066740,default
1775067265,1_46505,1_102619,F Line,1_656236750,1_7975997,1775068080,1775068080,default
1775067265,1_29423,1_102732,79,1_816446340,1_8022069,1775068200,1775068200,default
1775067265,1_47660,1_102736,H Line,1_694056780,1_7974900,1775067363,1775067363,default
1775067265,1_52306,1_102619,F Line,1_800654030,1_8023882,1775067900,1775067900,default
1775067265,1_81426,1_102702,239,1_736529640,1_7976431,1775067355,1775067355,default
1775067265,1_57804,1_100072,181,1_721481950,1_7976037,1775067439,1775067439,default
1775067265,1_21080,1_100249,60,1_801585550,1_7092,1775067360,1775067406,default
1775067265,1_59282,1_100072,181,1_721481810,1_7323,1775068080,1775067185,default
1775067265,1_59282,1_100072,181,1_721481810,1_7976033,1775068080,1775068080,default
1775067265,1_60710,1_100512,A Line,1_800643360,1_8023769,1775067406,1775067406,default
1775067265,1_620,40_100240,554,40_774870320,40_7976696,1775067600,1775067600,default
1775067265,1_10912,1_100264,70,1_801593830,1_8026411,1775067466,1775067466,default
1775067265,1_10912,1_100162,271,1_569496730,1_7976723,1775067960,1775067960,default
1775067265,1_10912,40_100511,542,40_569563220,40_7976607,1775068680,1775068680,default
1775067265,1_10912,1_100162,271,1_569496150,1_7976348,1775068860,1775068860,default
1775067265,1_71960,1_102752,223,1_816305080,1_8024723,1775067480,1775067480,default
1775067265,1_71960,40_100511,542,40_721031090,40_7976686,1775068260,1775068260,default
1775067265,1_8403,1_100039,14,1_562519140,1_7974992,1775067420,1775067420,default
1775067565,1_55711,1_100005,106,1_727785440,1_7975011,1775067582,1775067582,default
1775067565,1_12770,1_100228,48,1_721358560,1_7974620,1775067603,1775067603,default
1775067565,1_9750,1_100269,75,1_803350590,1_8022110,1775067289,1775067589,default
1775067565,1_49150,1_100489,156,1_800647260,1_8023855,1775067593,1775067593,default
1775067565,1_30510,1_100249,60,1_801585210,1_8025818,1775067626,1775067626,default
1775067565,1_575,1_102581,D Line,1_800600850,1_6105,1775067540,1775067599,default
1775067565,1_575,1_102615,E Line,1_761417750,1_6082,1775067600,1775067623,default
1775067565,1_575,1_100219,4,1_675345240,1_7974870,1775067660,1775067660,default
1775067565,1_2850,1_100089,2,1_788758130,1_7157,1775067780,1775066740,default
1775067565,1_77910,1_102746,333,1_778703980,1_7975682,1775067601,1775067601,default
1775067565,1_46505,1_102619,F Line,1_656236750,1_7975997,1775068080,1775068080,default
1775067565,1_46505,1_102619,F Line,1_656236970,1_7976017,1775068980,1775068980,default
1775067565,1_29423,1_102732,79,1_816446340,1_8022069,1775068200,1775068200,default
1775067565,1_280,40_100240,554,40_560098260,40_7976695,1775067473,1775067615,default
1775067565,1_77460,1_102746,333,1_778704670,1_7975729,1775067657,1775067657,default
1775067565,1_58342,1_100072,181,1_721481480,1_7976015,1775067720,1775067720,default
1775067565,1_10653,1_100252,62,1_800855180,1_8025070,1775067660,1775067660,default
1775067565,1_84810,1_102752,223,1_833610710,1_8024750,1775067654,1775067654,default
1775067565,1_52306,40_560,560,40_1073020,40_256,1775067660,1775067660,default
1775067565,1_52306,1_102619,F Line,1_800654030,1_8023882,1775067900,1775067900,default
1775067565,1_52306,1_102619,F Line,1_694521560,1_7976074,1775068800,1775068800,default
1775067565,1_41850,1_100249,60,1_801585210,1_8025818,1775067717,1775067717,default
1775067565,1_2200,1_102581,D Line,1_800601230,1_8022077,1775067685,1775067685,default
1775067565,1_59282,1_100072,181,1_721481810,1_7323,1775068080,1775067185,default
1775067565,1_59282,1_102717,165,1_800649720,1_7129,1775068620,1775067404,default
1775067565,1_59282,1_102717,165,1_800649720,1_8023767,1775068620,1775068620,default
1775067565,1_85531,1_102757,187,1_762095020,1_7976065,1775067720,1775067720,default
1775067565,1_620,40_100239,550,40_597756300,40_7976709,1775068140,1775068140,default
1775067565,1_10912,1_100447,49,1_801235280,1_4358,1775067690,1775067747,default
1775067565,1_10912,1_100162,271,1_569496730,1_7976723,1775067960,1775067960,default
1775067565,1_10912,40_100511,542,40_569563220,40_7976607,1775068680,1775068680,default
1775067565,1_10912,1_100162,271,1_569496150,1_7976348,1775068860,1775068860,default
1775067565,1_71960,40_100511,542,40_721031090,40_7976686,1775068260,1775068260,default
1775067565,1_8403,1_100039,14,1_562519140,1_7974992,1775067420,1775067420,default
1775067565,1_76310,1_100214,372,1_694305910,1_6952,1775067761,1775067761,default
1775067865,1_103,1_102745,G Line,1_736435200,1_7974690,1775067766,1775067873,default
1775067865,1_12170,1_100039,14,1_562519140,1_7974992,1775067999,1775067999,default
1775067865,1_8310,1_100230,50,1_785559430,1_7976174,1775067877,1775067877,default
1775067865,1_26560,1_102574,40,1_811900970,1_8026392,1775067989,1775067989,default
1775067865,1_60161,1_100042,148,1_762077180,1_7976061,1775069040,1775069040,default
1775067865,1_970,1_100045,150,1_800670390,1_8189,1775067894,1775067927,default
1775067865,1_2850,1_100089,2,1_788758500,1_8023470,1775067900,1775067900,default
1775067865,1_46505,1_102619,F Line,1_656236750,1_7975997,1775068080,1775068080,default
1775067865,1_46505,1_102619,F Line,1_656236970,1_7976017,1775068980,1775068980,default
1775067865,1_29423,1_102732,79,1_816446340,1_8022069,1775068200,1775068200,default
1775067865,1_280,40_100240,554,40_560098260,40_7976695,1775067473,1775067946,default
1775067865,1_27420,1_100249,60,1_801585140,1_8025824,1775067968,1775067968,default
1775067865,1_11200,1_100447,49,1_801235290,1_8023493,1775067960,1775067960,default
1775067865,1_52306,1_102619,F Line,1_694521560,1_7976074,1775068800,1775068800,default
1775067865,1_59282,1_100072,181,1_721481810,1_7323,1775068080,1775067185,default
1775067865,1_59282,1_102717,165,1_800649720,1_7129,1775068620,1775067404,default
1775067865,1_23905,1_100214,372,1_694306680,1_7976754,1775068058,1775068058,default
1775067865,1_59872,1_102619,F Line,1_656236540,1_7976085,1775068012,1775068012,default
1775067865,1_31970,1_100026,128,1_806634050,1_1034,1775067878,1775068000,default
1775067865,1_60710,1_100512,A Line,1_800652900,1_8023792,1775068006,1775068006,default
1775067865,1_620,40_100239,550,40_597756300,40_7976709,1775068140,1775068140,default
1775067865,1_10912,40_100511,542,40_569563220,40_7976607,1775068680,1775068680,default
1775067865,1_10912,1_100162,271,1_569496150,1_7976348,1775068860,1775068860,default
1775067865,1_10912,1_100162,271,1_569495550,1_7976369,1775069760,1775069760,default
1775067865,1_71960,40_100511,542,40_721031090,40_7976686,1775068260,1775068260,default
1775068165,1_46791,1_100016,118,1_637323950,1_7976008,1775068440,1775068440,default
1775068165,1_60161,1_100042,148,1_762077180,1_3733,1775069040,1775067900,default
1775068165,1_60161,1_100042,148,1_762077180,1_7976061,1775069040,1775069040,default
1775068165,1_8541,1_100039,14,1_562519190,1_7974986,1775068260,1775068260,default
1775068165,1_64569,1_100099,208,1_664282440,1_7976388,1775068244,1775068244,default
1775068165,1_575,1_100173,3,1_761126510,1_7974915,1775068200,1775068200,default
1775068165,1_2850,1_100089,2,1_788757760,1_7099,1775068620,1775067861,default
1775068165,1_46505,1_102619,F Line,1_656236970,1_7976017,1775068980,1775068980,default
1775068165,1_280,40_100240,554,40_560098260,40_7976695,1775067473,1775068208,default
1775068165,1_280,40_100240,554,40_560098260,40_9576,1775067473,1775068258,default
1775068165,1_52306,1_102619,F Line,1_694521560,1_7976074,1775068800,1775068800,default
1775068165,1_71970,1_102753,222,1_774817820,1_7976417,1775068306,1775068306,default
1775068165,1_59282,1_102717,165,1_800649720,1_7129,1775068620,1775067404,default
1775068165,1_59282,1_100072,181,1_721481960,1_7976104,1775071680,1775071680,default
1775068165,1_57791,1_102718,184,1_635442800,1_7975994,1775068463,1775068484,default
1775068165,1_620,40_100236,545,40_560088500,40_9585,1775068560,1775068494,default
1775068165,1_10912,1_100264,70,1_801593540,1_8026410,1775068366,1775068366,default
1775068165,1_10912,1_100264,70,1_801593540,1_8250,1775068366,1775068379,default
1775068165,1_10912,40_100511,542,40_569563220,40_7976607,1775068680,1775068680,default
1775068165,1_10912,1_100162,271,1_569496150,1_7976348,1775068860,1775068860,default
1775068165,1_10912,1_100162,271,1_569495550,1_7976369,1775069760,1775069760,default
1775068165,1_8403,1_100039,14,1_562519160,1_7974978,1775068320,1775068320,default
1775068466,1_103,1_102745,G Line,1_736435230,1_7974687,1775068486,1775068486,default
1775068466,1_55711,1_100005,106,1_727785670,1_7975013,1775068482,1775068482,default
1775068466,1_60161,1_100042,148,1_762077180,1_3733,1775069040,1775067900,default
1775068466,1_12770,1_100228,48,1_721361710,1_7974614,1775068503,1775068503,default
1775068466,1_575,1_100028,13,1_788758920,1_7139,1775068320,1775068544,default
1775068466,1_575,1_100219,4,1_675345250,1_4311,1775068560,1775068560,default
1775068466,1_2850,1_100089,2,1_788757760,1_7099,1775068620,1775067861,default
1775068466,1_77910,1_102746,333,1_778703990,1_7975728,1775068501,1775068501,default
1775068466,1_46505,1_102619,F Line,1_656236970,1_7976017,1775068980,1775068980,default
1775068466,1_46505,1_102619,F Line,1_656237210,1_7976229,1775069880,1775069880,default
1775068466,1_77460,1_102746,333,1_778704950,1_7975726,1775068557,1775068557,default
1775068466,1_10653,1_100252,62,1_800855190,1_8025067,1775068560,1775068560,default
1775068466,3_31002,40_560,560,40_3565020,40_10130,1775068765,1775068765,default
1775068466,1_79610,1_100006,107,1_696733870,1_7976108,1775068556,1775068556,default
1775068466,1_52306,1_100030,131,1_800858830,1_8024986,1775068560,1775068560,default
1775068466,1_52306,1_102619,F Line,1_694521560,1_7976074,1775068800,1775068800,default
1775068466,1_52306,1_102619,F Line,1_694520850,1_7976083,1775069700,1775069700,default
1775068466,1_59282,1_102717,165,1_800649720,1_7129,1775068620,1775067404,default
1775068466,1_59282,1_100072,181,1_721481960,1_7976104,1775071680,1775071680,default
1775068466,1_60710,1_100512,A Line,1_800643370,1_8023718,1775068606,1775068606,default
1775068466,1_620,40_100240,554,40_774869220,40_7976693,1775068800,1775068800,default
1775068466,1_620,40_100239,550,40_597754880,40_7976646,1775069040,1775069040,default
1775068466,1_10912,40_100511,542,40_569563220,40_9584,1775068680,1775068478,default
1775068466,1_10912,1_100224,44,1_664048460,1_7974925,1775068669,1775068669,default
1775068466,1_10912,40_100511,542,40_569563220,40_7976607,1775068680,1775068680,default
1775068466,1_10912,1_100162,271,1_569496150,1_7976348,1775068860,1775068860,default
1775068466,1_10912,1_100162,271,1_569495550,1_7976369,1775069760,1775069760,default
1775068466,1_10912,40_100511,542,40_569565810,40_7976685,1775070480,1775070480,default
1775068466,1_71960,1_102752,223,1_816297560,1_8024752,1775068680,1775068680,default
1775068466,1_25210,1_100225,45,1_803350440,1_8102,1775068450,1775068631,default
1775068466,1_8403,1_100039,14,1_562519160,1_7974978,1775068320,1775068320,default
1775068766,1_103,1_102745,G Line,1_736437210,1_7974688,1775068846,1775068846,default
1775068766,1_12170,1_100039,14,1_562519160,1_7974978,1775068899,1775068899,default
1775068766,1_26560,1_102574,40,1_811901860,1_8025886,1775068829,1775068829,default
1775068766,1_60161,1_100042,148,1_762077180,1_3733,1775069040,1775067900,default
1775068766,1_320,40_100240,554,40_560098610,40_9819,1775068800,1775068800,default
1775068766,1_320,40_100239,550,40_597754110,40_9690,1775068800,1775068826,default
1775068766,1_68784,1_100136,245,1_761787720,1_7976397,1775068819,1775068819,default
1775068766,1_575,1_102581,D Line,1_803817270,1_6109,1775068740,1775068812,default
1775068766,1_2850,1_100089,2,1_788758140,1_8023471,1775069580,1775069580,default
1775068766,1_8080,1_100006,107,1_635437130,1_7976052,1775068825,1775068825,default
1775068766,1_46505,1_102619,F Line,1_656236970,1_7976017,1775068980,1775068980,default
1775068766,1_46505,1_102619,F Line,1_656237210,1_7976229,1775069880,1775069880,default
1775068766,1_84810,1_102752,223,1_833610720,1_8024748,1775068854,1775068854,default
1775068766,1_52306,1_102619,F Line,1_694520850,1_7976083,1775069700,1775069700,default
1775068766,1_59282,1_100072,181,1_721481960,1_7976104,1775071680,1775071680,default
1775068766,1_23905,1_100214,372,1_694306790,1_7976759,1775068958,1775068958,default
1775068766,1_59872,1_102619,F Line,1_656236240,1_7976225,1775068912,1775068912,default
1775068766,1_21320,1_100249,60,1_801585100,1_8025820,1775068920,1775068920,default
1775068766,1_620,40_100239,550,40_597754880,40_7976646,1775069040,1775069040,default
1775068766,1_10912,1_100162,271,1_569495550,1_7976369,1775069760,1775069760,default
1775068766,1_10912,40_100511,542,40_569565810,40_7976685,1775070480,1775070480,default
1775068766,1_10912,1_100162,271,1_569496060,1_7976674,1775070660,1775070660,default
1775069066,1_8541,1_100039,14,1_562520990,1_7974993,1775069160,1775069160,default
1775069066,1_2850,1_100089,2,1_788758140,1_7166,1775069580,1775069000,default
1775069066,1_2850,1_100089,2,1_788758140,1_8023471,1775069580,1775069580,default
1775069066,1_46505,1_102619,F Line,1_656237210,1_7976229,1775069880,1775069880,default
1775069066,1_46505,1_102619,F Line,1_656236860,1_7976142,1775072580,1775072580,default
1775069066,1_11200,1_100447,49,1_801235260,1_8023491,1775069160,1775069160,default
1775069066,1_73112,1_102704,250,1_806915050,1_8024763,1775069207,1775069207,default
1775069066,1_52306,1_102619,F Line,1_694520850,1_7976083,1775069700,1775069700,default
1775069066,1_81426,1_102702,239,1_736529650,1_7976432,1775069155,1775069155,default
1775069066,1_59282,1_100072,181,1_721481660,1_7182,1775069880,1775068802,default
1775069066,1_59282,1_100072,181,1_721481960,1_7976104,1775071680,1775071680,default
1775069066,1_60710,1_100512,A Line,1_800643380,1_8023806,1775069206,1775069206,default
1775069066,1_10912,1_100264,70,1_801593400,1_8026409,1775069266,1775069266,default
1775069066,1_10912,1_100162,271,1_569495550,1_7976369,1775069760,1775069760,default
1775069066,1_10912,40_100511,542,40_569565810,40_7976685,1775070480,1775070480,default
1775069066,1_10912,1_100162,271,1_569496060,1_7976674,1775070660,1775070660,default
1775069066,1_71960,40_100511,542,40_721031300,40_7976608,1775070060,1775070060,default
1775069066,1_8403,1_100039,14,1_562519190,1_7974986,1775069220,1775069220,default
1775069366,1_73945,1_102704,250,1_816288080,1_8024728,1775069452,1775069452,default
1775069366,1_12770,1_100228,48,1_721362140,1_7974616,1775069403,1775069403,default
1775069366,1_575,1_100219,4,1_675345260,1_7974871,1775069460,1775069460,default
1775069366,1_2850,1_100089,2,1_788758140,1_7166,1775069580,1775069000,default
1775069366,1_77910,1_102746,333,1_778704000,1_7975730,1775069401,1775069401,default
1775069366,1_46505,1_102619,F Line,1_656237210,1_7976229,1775069880,1775069880,default
1775069366,1_46505,1_102619,F Line,1_656236550,1_7976085,1775070780,1775070780,default
1775069366,1_46505,1_102619,F Line,1_656236860,1_7976142,1775072580,1775072580,default
1775069366,1_1190,1_100018,12,1_801584230,1_7067,1775069410,1775069410,default
1775069366,1_77460,1_102746,333,1_778704450,1_7975682,1775069457,1775069457,default
1775069366,1_76024,1_102702,239,1_736529650,1_7976432,1775069500,1775069500,default
1775069366,1_58342,1_100072,181,1_721481810,1_7976033,1775069520,1775069520,default
1775069366,1_73366,1_102548,B Line,1_721018160,1_7976638,1775069500,1775069500,default
1775069366,1_52306,40_560,560,40_3565020,40_10130,1775069460,1775069460,default
1775069366,1_52306,1_102619,F Line,1_694520850,1_7976083,1775069700,1775069700,default
1775069366,1_52306,1_102619,F Line,1_694521110,1_7976226,1775070600,1775070600,default
1775069366,1_59282,1_100072,181,1_721481660,1_7182,1775069880,1775068802,default
1775069366,1_59282,1_102717,165,1_800649730,1_7392,1775070420,1775069353,default
1775069366,1_59282,1_102717,165,1_800649730,1_8023727,1775070420,1775070420,default
1775069366,1_59282,1_100072,181,1_721481960,1_7976104,1775071680,1775071680,default
1775069366,1_620,40_100236,545,40_560088070,40_9648,1775069460,1775069521,default
1775069366,1_620,40_100239,550,40_597756230,40_7976613,1775070000,1775070000,default
1775069366,1_10912,1_100162,271,1_569495550,1_7976369,1775069760,1775069760,default
1775069366,1_10912,40_100511,542,40_569565810,40_7976685,1775070480,1775070480,default
1775069366,1_10912,1_100162,271,1_569496060,1_7976674,1775070660,1775070660,default
1775069366,1_71960,40_100511,542,40_721031300,40_7976608,1775070060,1775070060,default
1775069366,1_8403,1_100039,14,1_562519190,1_7974986,1775069220,1775069220,default
1775069666,1_12170,1_100039,14,1_562519190,1_7974986,1775069799,1775069799,default
1775069666,1_26560,1_102574,40,1_811900800,1_8026401,1775069729,1775069729,default
1775069666,1_60161,1_100042,148,1_762077190,1_7976055,1775070840,1775070840,default
1775069666,1_2850,1_100089,2,1_788758510,1_8023453,1775069700,1775069700,default
1775069666,1_46505,1_102619,F Line,1_656237210,1_7976229,1775069880,1775069880,default
1775069666,1_46505,1_102619,F Line,1_656236550,1_7976085,1775070780,1775070780,default
1775069666,1_46505,1_102619,F Line,1_656236860,1_7976142,1775072580,1775072580,default
1775069666,1_72560,1_102704,250,1_816288090,1_8024762,1775069763,1775069763,default
1775069666,1_11590,1_100002,10,1_675385490,1_7974882,1775069756,1775069756,default
1775069666,1_52306,1_102619,F Line,1_694521110,1_7976226,1775070600,1775070600,default
1775069666,1_80121,1_102719,161,1_800652140,1_8023891,1775069877,1775069877,default
1775069666,1_11060,1_100249,60,1_801585270,1_7133,1775069797,1775069797,default
1775069666,1_39983,1_100111,22,1_635462250,1_7976056,1775069640,1775069834,default
1775069666,1_59282,1_100072,181,1_721481660,1_7182,1775069880,1775068802,default
1775069666,1_59282,1_102717,165,1_800649730,1_7392,1775070420,1775069353,default
1775069666,1_59282,1_100072,181,1_721481960,1_7976104,1775071680,1775071680,default
1775069666,1_60710,1_100512,A Line,1_800652840,1_8023719,1775069806,1775069806,default
1775069666,1_620,40_100240,554,40_774869030,40_7976708,1775070000,1775070000,default
1775069666,1_620,40_100239,550,40_597756230,40_7976613,1775070000,1775070000,default
1775069666,1_10912,40_100511,542,40_569565810,40_7976685,1775070480,1775070480,default
1775069666,1_10912,1_100162,271,1_569496060,1_7976674,1775070660,1775070660,default
1775069666,1_10912,1_100162,271,1_569497160,1_7976370,1775071560,1775071560,default
1775069666,1_71960,1_102752,223,1_816297570,1_8024749,1775069880,1775069880,default
1775069666,1_71960,40_100511,542,40_721031300,40_7976608,1775070060,1775070060,default
1775069966,1_60161,1_100042,148,1_762077190,1_7976055,1775070840,1775070840,default
1775069966,1_8541,1_100039,14,1_562519300,1_7974987,1775070060,1775070060,default
1775069966,1_320,40_100240,554,40_560097050,40_9652,1775070000,1775070029,default
1775069966,1_575,1_100173,3,1_761126930,1_7974914,1775070000,1775070000,default
1775069966,1_2850,1_100089,2,1_788757770,1_7091,1775070420,1775069692,default
1775069966,1_2850,1_100089,2,1_788757770,1_8023453,1775070420,1775070420,default
1775069966,1_46505,1_102619,F Line,1_656236550,1_7976085,1775070780,1775070780,default
1775069966,1_46505,1_102619,F Line,1_656236860,1_7976142,1775072580,1775072580,default
1775069966,1_27420,1_100249,60,1_801585550,1_8025817,1775070128,1775070128,default
1775069966,1_68130,1_102548,B Line,1_721019110,1_6033,1775070052,1775070052,default
1775069966,1_75770,1_102615,E Line,1_813078010,1_6215,1775070771,1775069957,default
1775069966,1_84810,1_102752,223,1_833613800,1_8024723,1775070054,1775070054,default
1775069966,1_52306,1_102619,F Line,1_694521110,1_7976226,1775070600,1775070600,default
1775069966,1_40030,1_102574,40,1_811901750,1_8256,1775069235,1775070122,default
1775069966,1_71970,1_102753,222,1_774817830,1_7976391,1775070106,1775070106,default
1775069966,1_59282,1_102717,165,1_800649730,1_7392,1775070420,1775069353,default
1775069966,1_59282,1_100072,181,1_721481960,1_7976104,1775071680,1775071680,default
1775069966,1_59282,1_100072,181,1_721481500,1_7976082,1775073480,1775073480,default
1775069966,1_79872,1_100133,240,1_806915990,1_8024704,1775070127,1775070054,default
1775069966,1_19921,1_100101,21,1_809330340,1_8026439,1775070121,1775070121,default
1775069966,1_16990,1_102574,40,1_811901370,1_8026389,1775070130,1775070130,default
1775069966,1_10912,1_100264,70,1_801593270,1_8026408,1775070166,1775070166,default
1775069966,1_10912,40_100511,542,40_569565810,40_7976685,1775070480,1775070480,default
1775069966,1_10912,1_100162,271,1_569496060,1_7976674,1775070660,1775070660,default
1775069966,1_10912,1_100162,271,1_569497160,1_7976370,1775071560,1775071560,default
1775069966,1_8403,1_100039,14,1_562520990,1_7974993,1775070120,1775070120,default
1775070266,1_103,1_102745,G Line,1_736435310,1_7974685,1775070286,1775070286,default
1775070266,1_481,1_102576,C Line,1_800868860,1_8024975,1775070300,1775070300,default
1775070266,1_73945,1_102704,250,1_816288120,1_8024718,1775070352,1775070352,default
1775070266,1_60161,1_100042,148,1_762077190,1_7976055,1775070840,1775070840,default
1775070266,1_970,1_100045,150,1_800670670,1_8185,1775069634,1775070330,default
1775070266,1_12770,1_100228,48,1_721359930,1_7974621,1775070303,1775070303,default
1775070266,1_575,1_100028,13,1_788758930,1_7099,1775070120,1775070355,default
1775070266,1_575,1_100219,4,1_675345270,1_7974869,1775070360,1775070360,default
1775070266,1_2850,1_100089,2,1_788757770,1_7091,1775070420,1775069692,default
1775070266,1_77910,1_102746,333,1_778704010,1_7975683,1775070301,1775070301,default
1775070266,1_46505,1_102619,F Line,1_656236550,1_7976085,1775070780,1775070780,default
1775070266,1_46505,1_102619,F Line,1_656236250,1_7976225,1775071680,1775071680,default
1775070266,1_46505,1_102619,F Line,1_656236860,1_7976142,1775072580,1775072580,default
1775070266,1_77460,1_102746,333,1_778704710,1_7975728,1775070357,1775070357,default
1775070266,3_31002,40_560,560,40_3831020,40_41511,1775070565,1775070565,default
1775070266,3_31002,40_560,560,40_3831020,40_508,1775070565,1775070565,default
1775070266,1_74743,1_102702,239,1_736529660,1_7976434,1775070343,1775070343,default
1775070266,1_11200,1_100447,49,1_801235250,1_8023497,1775070360,1775070360,default
1775070266,1_73366,1_102548,B Line,1_721018990,1_7976632,1775070340,1775070340,default
1775070266,1_73366,1_102752,223,1_816305090,1_8024727,1775070381,1775070381,default
1775070266,1_79610,1_100006,107,1_696733890,1_7976110,1775070356,1775070356,default
1775070266,1_52306,1_100030,131,1_800858270,1_8024989,1775070360,1775070360,default
1775070266,1_52306,1_102619,F Line,1_694521110,1_7976226,1775070600,1775070600,default
1775070266,1_52306,1_102619,F Line,1_656237370,1_7976003,1775071500,1775071500,default
1775070266,1_41940,1_100249,60,1_801585550,1_8025817,1775070397,1775070397,default
1775070266,1_71970,1_102752,223,1_833610730,1_7363,1775070248,1775070397,default
1775070266,1_59282,1_102717,165,1_800649730,1_7392,1775070420,1775069353,default
1775070266,1_59282,1_100072,181,1_721481960,1_7976104,1775071680,1775071680,default
1775070266,1_59282,1_100072,181,1_721481500,1_7976082,1775073480,1775073480,default
1775070266,1_60710,1_100512,A Line,1_800643390,1_8023745,1775070417,1775070417,default
1775070266,1_620,40_100239,550,40_597752680,40_7976616,1775070900,1775070900,default
1775070266,1_10912,40_100511,542,40_569565810,40_9682,1775070480,1775070366,default
1775070266,1_10912,40_100511,542,40_569565810,40_7976685,1775070480,1775070480,default
1775070266,1_10912,1_100162,271,1_569496060,1_7976674,1775070660,1775070660,default
1775070266,1_10912,1_100162,271,1_569497160,1_7976370,1775071560,1775071560,default
1775070266,1_10912,40_100511,542,40_569567970,40_7976686,1775072280,1775072280,default
1775070266,1_16140,29_130,130,29_16132771__MCOB-DO:121:0:Weekday:2:26MAR:41009:12345,29_17122,1775070505,1775070373,default
1775070266,1_8403,1_100039,14,1_562520990,1_7974993,1775070120,1775070120,default
1775070566,1_103,1_102745,G Line,1_736435340,1_7974690,1775070646,1775070646,default
1775070566,1_12170,1_100039,14,1_562520990,1_7974993,1775070699,1775070699,default
1775070566,1_26560,1_102574,40,1_811900810,1_8026398,1775070629,1775070629,default
1775070566,1_60161,1_100042,148,1_762077190,1_7976055,1775070840,1775070840,default
1775070566,1_320,40_100239,550,40_597754870,40_9659,1775070600,1775070692,default
1775070566,1_575,1_102581,D Line,1_800600630,1_6061,1775070540,1775070634,default
1775070566,1_2850,1_100089,2,1_788758150,1_8023466,1775071380,1775071380,default
1775070566,1_8080,1_100006,107,1_635437180,1_7976054,1775070625,1775070625,default
1775070566,1_46505,1_102619,F Line,1_656236550,1_7976085,1775070780,1775070780,default
1775070566,1_46505,1_102619,F Line,1_656236250,1_7976225,1775071680,1775071680,default
1775070566,1_46505,1_102619,F Line,1_656236860,1_7976142,1775072580,1775072580,default
1775070566,1_29423,1_102732,79,1_816446460,1_8022070,1775071800,1775071800,default
1775070566,1_1190,1_100018,12,1_801584040,1_7082,1775070610,1775070610,default
1775070566,1_52306,1_102619,F Line,1_656237370,1_7976003,1775071500,1775071500,default
1775070566,1_59282,1_100072,181,1_721481960,1_7976104,1775071680,1775071680,default
1775070566,1_59282,1_100072,181,1_721481500,1_7976082,1775073480,1775073480,default
1775070566,1_70330,1_102705,230,1_664298500,1_7976384,1775070723,1775070723,default
1775070566,1_59872,1_102619,F Line,1_694521560,1_7976074,1775070772,1775070772,default
1775070566,1_620,40_100239,550,40_597752680,40_7976616,1775070900,1775070900,default
1775070566,1_10912,1_100162,271,1_569497160,1_7976370,1775071560,1775071560,default
1775070566,1_10912,40_100511,542,40_569567970,40_7976686,1775072280,1775072280,default
1775070566,1_10912,1_100162,271,1_569496570,1_7976354,1775072460,1775072460,default
1775070866,1_46791,1_100016,118,1_669626540,1_7976007,1775070960,1775071015,default
1775070866,1_46791,1_100016,118,1_669626540,1_3708,1775070960,1775071028,default
1775070866,1_481,1_102576,C Line,1_800868770,1_8025005,1775070900,1775070900,default
1775070866,1_8541,1_100039,14,1_562519310,1_7974977,1775070960,1775070960,default
1775070866,1_575,1_102615,E Line,1_768603490,1_6081,1775070780,1775070899,default
1775070866,1_2850,1_100089,2,1_788758150,1_7155,1775071380,1775070617,default
1775070866,1_2850,1_100089,2,1_788758150,1_8023466,1775071380,1775071380,default
1775070866,1_46505,1_102619,F Line,1_656236250,1_6236,1775071680,1775070660,default
1775070866,1_46505,1_102619,F Line,1_656236250,1_7976225,1775071680,1775071680,default
1775070866,1_46505,1_102619,F Line,1_656236860,1_7976142,1775072580,1775072580,default
1775070866,1_29423,1_102732,79,1_816446460,1_8022070,1775071800,1775071800,default
1775070866,1_11590,1_100002,10,1_675382910,1_7974876,1775070956,1775070956,default
1775070866,1_68130,1_102548,B Line,1_721018670,1_6029,1775070952,1775070952,default
1775070866,1_73112,1_102704,250,1_806915070,1_8024722,1775071007,1775071007,default
1775070866,1_52306,1_102619,F Line,1_656237370,1_7976003,1775071500,1775071500,default
1775070866,1_59282,1_100072,181,1_721481960,1_7319,1775071680,1775070887,default
1775070866,1_59282,1_100072,181,1_721481960,1_7976104,1775071680,1775071680,default
1775070866,1_59282,1_100072,181,1_721481500,1_7976082,1775073480,1775073480,default
1775070866,1_19921,1_100101,21,1_809330100,1_8026440,1775071021,1775071021,default
1775070866,1_60710,1_100512,A Line,1_800643400,1_6244,1775071017,1775071017,default
1775070866,1_60710,1_100512,A Line,1_800643400,1_8023849,1775071017,1775071017,default
1775070866,1_81684,1_100160,269,1_806917280,1_8024685,1775071020,1775071020,default
1775070866,1_620,40_100240,554,40_774868730,40_7976690,1775071200,1775071200,default
1775070866,1_16990,1_102574,40,1_811900820,1_8026393,1775071030,1775071030,default
1775070866,1_10912,1_100162,271,1_569497160,1_7976370,1775071560,1775071560,default
1775070866,1_10912,40_100511,542,40_569567970,40_7976686,1775072280,1775072280,default
1775070866,1_10912,1_100162,271,1_569496570,1_7976354,1775072460,1775072460,default
1775070866,1_71960,1_102752,223,1_816305090,1_8024727,1775071080,1775071080,default
1775070866,1_71960,40_100511,542,40_721030810,40_7976607,1775071860,1775071860,default
1775070866,1_8403,1_100039,14,1_562519300,1_7974987,1775071020,1775071020,default
1775071166,1_6650,1_102747,61,1_803356940,1_8022051,1775070594,1775071176,default
1775071166,1_52638,1_102719,161,1_800652150,1_8023879,1775071189,1775071189,default
1775071166,1_12770,1_100228,48,1_721362060,1_7974619,1775071203,1775071203,default
1775071166,1_30510,1_100249,60,1_801585230,1_8025821,1775071226,1775071226,default
1775071166,1_575,1_102615,E Line,1_761418070,1_7975613,1775071200,1775071200,default
1775071166,1_2850,1_100089,2,1_788758150,1_7155,1775071380,1775070617,default
1775071166,1_77910,1_102746,333,1_778704020,1_7975727,1775071201,1775071201,default
1775071166,1_46505,1_102619,F Line,1_656236250,1_6236,1775071680,1775070660,default
1775071166,1_46505,1_102619,F Line,1_656236860,1_7976142,1775072580,1775072580,default
1775071166,1_29423,1_102732,79,1_816446460,1_8022070,1775071800,1775071800,default
1775071166,1_77460,1_102746,333,1_778704970,1_7975730,1775071257,1775071257,default
1775071166,1_58342,1_100072,181,1_721481660,1_7976037,1775071320,1775071320,default
1775071166,1_73366,1_102548,B Line,1_721019110,1_7976636,1775071240,1775071240,default
1775071166,1_79610,1_100006,107,1_635437480,1_7976051,1775071252,1775071252,default
1775071166,1_52306,40_560,560,40_3831020,40_41511,1775071260,1775071260,default
1775071166,1_52306,1_102619,F Line,1_656237370,1_7976003,1775071500,1775071500,default
1775071166,1_52306,1_102619,F Line,1_656236760,1_7975997,1775072400,1775072400,default
1775071166,1_72050,1_100136,245,1_765953080,1_7976379,1775071296,1775071296,default
1775071166,1_41850,1_100249,60,1_801585230,1_8025821,1775071317,1775071317,default
1775071166,1_11060,1_100249,60,1_801585380,1_7088,1775071237,1775071283,default
1775071166,1_2200,1_100001,1,1_562519370,1_7974991,1775071286,1775071305,default
1775071166,1_59282,1_100072,181,1_721481960,1_7319,1775071680,1775070887,default
1775071166,1_59282,1_102717,165,1_800649740,1_8023716,1775072220,1775072220,default
1775071166,1_59282,1_100072,181,1_721481500,1_7976082,1775073480,1775073480,default
1775071166,1_85531,1_102757,187,1_762095040,1_7976065,1775071380,1775071380,default
1775071166,1_620,40_100239,550,40_597752100,40_7976612,1775071800,1775071800,default
1775071166,1_10912,1_100447,49,1_801200120,1_4307,1775071290,1775071333,default
1775071166,1_10912,1_100162,271,1_569497160,1_7976370,1775071560,1775071560,default
1775071166,1_10912,40_100511,542,40_569567970,40_7976686,1775072280,1775072280,default
1775071166,1_10912,1_100162,271,1_569496570,1_7976354,1775072460,1775072460,default
1775071166,1_71960,40_100511,542,40_721030810,40_7976607,1775071860,1775071860,default
1775071166,1_8403,1_100039,14,1_562519300,1_7974987,1775071020,1775071020,default
1775071466,1_12170,1_100039,14,1_562519300,1_7974987,1775071599,1775071599,default
1775071466,1_481,1_102576,C Line,1_800868550,1_8024969,1775071500,1775071500,default
1775071466,1_60161,1_100042,148,1_762077320,1_7976053,1775072640,1775072640,default
1775071466,1_970,1_100045,150,1_800669400,1_6995,1775071374,1775071516,default
1775071466,1_46505,1_102619,F Line,1_656236250,1_6236,1775071680,1775070660,default
1775071466,1_46505,1_102619,F Line,1_656236860,1_7976142,1775072580,1775072580,default
1775071466,1_29423,1_102732,79,1_816446460,1_8022070,1775071800,1775071800,default
1775071466,1_280,40_100240,554,40_560097450,40_7976693,1775071073,1775071544,default
1775071466,1_27420,1_100249,60,1_801585760,1_8025816,1775071568,1775071568,default
1775071466,1_11200,1_100447,49,1_801200110,1_8023492,1775071560,1775071560,default
1775071466,1_73366,1_102752,223,1_816297580,1_8024726,1775071581,1775071581,default
1775071466,1_52306,1_102619,F Line,1_656236760,1_6235,1775072400,1775072400,default
1775071466,1_52306,1_102619,F Line,1_656236760,1_7975997,1775072400,1775072400,default
1775071466,1_45670,1_100210,36,1_800583370,1_8023380,1775071612,1775071612,default
1775071466,1_40065,1_102574,40,1_811901590,1_8026388,1775071593,1775071593,default
1775071466,1_49350,1_100026,128,1_806634050,1_8023657,1775071637,1775071637,default
1775071466,1_39983,1_102736,H Line,1_694056880,1_7974893,1775071620,1775071620,default
1775071466,1_59282,1_100072,181,1_721481960,1_7319,1775071680,1775070887,default
1775071466,1_59282,1_102717,165,1_800649740,1_8023716,1775072220,1775072220,default
1775071466,1_59282,1_100072,181,1_721481500,1_7976082,1775073480,1775073480,default
1775071466,1_59872,1_102619,F Line,1_694520850,1_7976083,1775071672,1775071672,default
1775071466,1_35440,1_100269,75,1_803350060,1_8022018,1775071573,1775071630,default
1775071466,1_60710,1_100512,A Line,1_800652850,1_8023744,1775071617,1775071617,default
1775071466,1_620,40_100239,550,40_597752100,40_7976612,1775071800,1775071800,default
1775071466,1_10912,40_100511,542,40_569567970,40_7976686,1775072280,1775072280,default
1775071466,1_10912,1_100162,271,1_569496570,1_7976354,1775072460,1775072460,default
1775071466,1_10912,1_100162,271,1_569496960,1_7976364,1775073360,1775073360,default
1775071466,1_71960,40_100511,542,40_721030810,40_7976607,1775071860,1775071860,default
1775071766,1_26560,1_102574,40,1_811901750,1_8025887,1775071529,1775071778,default
1775071766,1_60161,1_100042,148,1_762077320,1_7168,1775072640,1775071588,default
1775071766,1_60161,1_100042,148,1_762077320,1_7976053,1775072640,1775072640,default
1775071766,1_8541,1_100039,14,1_562519350,1_7974988,1775071860,1775071860,default
1775071766,1_575,1_100173,3,1_761126090,1_7974916,1775071800,1775071800,default
1775071766,1_2850,1_100089,2,1_788757780,1_7098,1775072220,1775071470,default
1775071766,1_46505,1_102619,F Line,1_656236860,1_7976142,1775072580,1775072580,default
1775071766,1_280,40_100240,554,40_560097450,40_7976693,1775071073,1775071859,default
1775071766,1_68130,1_102548,B Line,1_721018760,1_6046,1775071852,1775071852,default
1775071766,1_52306,1_102619,F Line,1_656236760,1_6235,1775072400,1775072400,default
1775071766,1_45670,1_100210,36,1_800583370,1_8023380,1775071612,1775071867,default
1775071766,1_71970,1_102753,222,1_774817840,1_7976415,1775071913,1775071913,default
1775071766,1_80124,1_102719,161,1_800652150,1_8023879,1775071917,1775071917,default
1775071766,1_59282,1_102717,165,1_800649740,1_8023716,1775072220,1775072220,default
1775071766,1_59282,1_100072,181,1_721481500,1_7976082,1775073480,1775073480,default
1775071766,1_19921,1_100101,21,1_809331480,1_8025837,1775071921,1775071936,default
1775071766,1_57420,1_102720,160,1_770988270,1_7976100,1775071934,1775071934,default
1775071766,1_10912,1_100264,70,1_801593280,1_8025882,1775071966,1775071966,default
1775071766,1_10912,40_100511,542,40_569567970,40_7976686,1775072280,1775072280,default
1775071766,1_10912,1_100162,271,1_569496570,1_7976354,1775072460,1775072460,default
1775071766,1_10912,1_100162,271,1_569496960,1_7976364,1775073360,1775073360,default
1775071766,1_10912,40_100511,542,40_569565590,40_7976608,1775074080,1775074080,default
1775071766,1_8403,1_100039,14,1_562519310,1_7974977,1775071920,1775071920,default
1775072066,1_103,1_102745,G Line,1_736435320,1_7974691,1775072086,1775072086,default
1775072066,1_481,1_102576,C Line,1_800868030,1_8024973,1775072100,1775072100,default
1775072066,1_6650,1_102747,61,1_803356950,1_8022039,1775071494,1775072080,default
1775072066,1_60161,1_100042,148,1_762077320,1_7168,1775072640,1775071588,default
1775072066,1_12770,1_100228,48,1_721362200,1_7974615,1775072103,1775072103,default
1775072066,1_2850,1_100089,2,1_788757780,1_7098,1775072220,1775071470,default
1775072066,1_77910,1_102746,333,1_778704030,1_7975729,1775072101,1775072101,default
1775072066,1_46505,1_102619,F Line,1_656236860,1_7976142,1775072580,1775072580,default
1775072066,1_46505,1_102619,F Line,1_656237120,1_7976074,1775073480,1775073480,default
1775072066,1_280,40_100240,554,40_560097450,40_7976693,1775071073,1775072130,default
1775072066,1_1190,1_100447,49,1_801200090,1_8023490,1775071990,1775072121,default
1775072066,1_11590,1_100002,10,1_675385190,1_7974875,1775072156,1775072156,default
1775072066,1_77460,1_102746,333,1_778704510,1_7975683,1775072157,1775072157,default
1775072066,1_10653,1_100252,62,1_800855230,1_8025069,1775072220,1775072220,default
1775072066,1_73366,1_102548,B Line,1_721018670,1_7976649,1775072140,1775072140,default
1775072066,1_79610,1_100006,107,1_696733990,1_7976111,1775072156,1775072156,default
1775072066,1_52306,1_102619,F Line,1_656236760,1_6235,1775072400,1775072400,default
1775072066,1_52306,1_102619,F Line,1_656236980,1_7976017,1775073300,1775073300,default
1775072066,1_60958,1_100023,124,1_800862770,1_8033,1775072054,1775072151,default
1775072066,1_39983,1_102736,H Line,1_694056890,1_7974896,1775072220,1775072220,default
1775072066,1_59282,1_102717,165,1_800649740,1_7310,1775072220,1775072088,default
1775072066,1_59282,1_102717,165,1_800649740,1_8023716,1775072220,1775072220,default
1775072066,1_59282,1_100072,181,1_721481500,1_7976082,1775073480,1775073480,default
1775072066,1_60710,1_100512,A Line,1_800643410,1_8023805,1775072217,1775072217,default
1775072066,1_10210,1_100264,70,1_816207960,1_8026407,1775072266,1775072266,default
1775072066,1_620,40_100240,554,40_774869910,40_7976694,1775072400,1775072400,default
1775072066,1_620,40_100239,550,40_597756620,40_7976614,1775072700,1775072700,default
1775072066,1_10912,1_100224,44,1_664048680,1_7974923,1775072269,1775072269,default
1775072066,1_10912,40_100511,542,40_569567970,40_7976686,1775072280,1775072280,default
1775072066,1_10912,1_100162,271,1_569496570,1_7976354,1775072460,1775072460,default
1775072066,1_10912,1_100162,271,1_569496960,1_7976364,1775073360,1775073360,default
1775072066,1_10912,40_100511,542,40_569565590,40_7976608,1775074080,1775074080,default
1775072066,1_71960,1_102752,223,1_816297580,1_8024726,1775072280,1775072280,default
1775072066,1_8403,1_100039,14,1_562519310,1_7974977,1775071920,1775071920,default
1775072366,1_103,1_102745,G Line,1_736435380,1_7974686,1775072446,1775072446,default
1775072366,1_12170,1_100039,14,1_562519310,1_7974977,1775072499,1775072499,default
1775072366,1_26560,1_102574,40,1_811900790,1_8026400,1775072429,1775072429,default
1775072366,1_60161,1_100042,148,1_762077320,1_7168,1775072640,1775071588,default
1775072366,1_2850,1_100089,2,1_788758160,1_8023473,1775073180,1775073180,default
1775072366,1_46505,1_102619,F Line,1_656236860,1_7976142,1775072580,1775072580,default
1775072366,1_46505,1_102619,F Line,1_656237120,1_7976074,1775073480,1775073480,default
1775072366,1_40060,1_102574,40,1_811901240,1_8026390,1775072451,1775072451,default
1775072366,1_280,40_100240,554,40_560097450,40_9670,1775071073,1775072413,default
1775072366,1_280,40_100240,554,40_560096560,40_7976708,1775072273,1775072455,default
1775072366,1_72494,1_100160,269,1_806916840,1_8024683,1775072460,1775072460,default
1775072366,1_84810,1_102752,223,1_833610740,1_8024749,1775072454,1775072454,default
1775072366,1_52306,1_102619,F Line,1_656236980,1_7976017,1775073300,1775073300,default
1775072366,1_57804,1_100072,181,1_721481670,1_7976015,1775072956,1775072956,default
1775072366,1_59282,1_100072,181,1_721481500,1_7976082,1775073480,1775073480,default
1775072366,1_71678,1_102552,226,1_816296040,1_8024715,1775072542,1775072542,default
1775072366,1_620,40_100239,550,40_597756620,40_7976614,1775072700,1775072700,default
1775072366,1_10912,1_100447,49,1_801200100,1_8023497,1775072490,1775072542,default
1775072366,1_10912,1_100162,271,1_569496960,1_7976364,1775073360,1775073360,default
1775072366,1_10912,40_100511,542,40_569565590,40_7976608,1775074080,1775074080,default
1775072366,1_10912,1_100162,271,1_569496310,1_7976351,1775074260,1775074260,default
1775072666,1_481,1_102576,C Line,1_800868330,1_8024966,1775072700,1775072700,default
1775072666,1_8541,1_100039,14,1_562519390,1_7974991,1775072760,1775072760,default
1775072666,1_12770,1_100219,4,1_675345310,1_4367,1775072708,1775072708,default
1775072666,1_2850,1_100089,2,1_788758160,1_7115,1775073180,1775072425,default
1775072666,1_2850,1_100089,2,1_788758160,1_8023473,1775073180,1775073180,default
1775072666,1_46505,1_102619,F Line,1_656237120,1_7976074,1775073480,1775073480,default
1775072666,1_280,40_100240,554,40_560096560,40_7976708,1775072273,1775072756,default
1775072666,1_25140,1_100254,65,1_778693800,1_7975711,1775072787,1775072678,default
1775072666,1_11200,1_100447,49,1_801200090,1_8023490,1775072760,1775072760,default
1775072666,1_73112,1_102704,250,1_806915110,1_8024762,1775072807,1775072807,default
1775072666,1_52306,1_102619,F Line,1_656236980,1_7976017,1775073300,1775073300,default
1775072666,1_31990,1_100026,128,1_806634230,1_1044,1775072757,1775072757,default
1775072666,1_57804,1_100072,181,1_721481670,1_7976015,1775072956,1775072956,default
1775072666,1_39983,1_102736,H Line,1_694056800,1_7974887,1775072820,1775072820,default
1775072666,1_59282,1_100072,181,1_721481500,1_7451,1775073480,1775072465,default
1775072666,1_60710,1_100512,A Line,1_800643420,1_8023720,1775072817,1775072817,default
1775072666,1_81684,1_100160,269,1_806916940,1_8024686,1775072820,1775072820,default
1775072666,1_10912,1_100264,70,1_801594200,1_8026417,1775072866,1775072866,default
1775072666,1_10912,1_100162,271,1_569496960,1_7976364,1775073360,1775073360,default
1775072666,1_10912,40_100511,542,40_569565590,40_7976608,1775074080,1775074080,default
1775072666,1_10912,1_100162,271,1_569496310,1_7976351,1775074260,1775074260,default
1775072666,1_71960,40_100511,542,40_721031380,40_7976685,1775073660,1775073660,default
1775072666,1_8403,1_100039,14,1_562519350,1_7974988,1775072820,1775072820,default
1775072966,1_5830,1_100229,5,1_809328960,1_8025842,1775072777,1775073000,default
1775072966,1_12770,1_100228,48,1_721358950,1_7974613,1775073040,1775073040,default
1775072966,1_30790,1_100249,60,1_801585380,1_8025818,1775073037,1775073037,default
1775072966,1_2850,1_100089,2,1_788758160,1_7115,1775073180,1775072425,default
1775072966,1_77910,1_102746,333,1_778704040,1_7975726,1775073001,1775073001,default
1775072966,1_46505,1_102619,F Line,1_656237120,1_7976074,1775073480,1775073480,default
1775072966,1_46505,1_102619,F Line,1_656236400,1_7976083,1775074380,1775074380,default
1775072966,1_280,40_100240,554,40_560096560,40_7976708,1775072273,1775073074,default
1775072966,1_77460,1_102746,333,1_778704780,1_7975727,1775073057,1775073057,default
1775072966,1_58342,1_100072,181,1_721481960,1_7976104,1775073120,1775073120,default
1775072966,1_73366,1_102548,B Line,1_721018760,1_7976631,1775073040,1775073040,default
1775072966,1_79610,1_100006,107,1_635437300,1_7976071,1775073052,1775073052,default
1775072966,1_52306,1_102619,F Line,1_656236980,1_7976017,1775073300,1775073300,default
1775072966,1_52306,1_102619,F Line,1_656237220,1_7976229,1775074200,1775074200,default
1775072966,1_2200,1_100001,1,1_562519420,1_7974994,1775073086,1775073086,default
1775072966,1_59282,1_100072,181,1_721481500,1_7451,1775073480,1775072465,default
1775072966,1_59282,1_102717,165,1_800649750,1_8023877,1775074020,1775074020,default
1775072966,1_31890,1_100230,50,1_770997670,1_7976174,1775073177,1775073177,default
1775072966,1_75580,1_100205,348,1_771626330,1_7975658,1775073127,1775073127,default
1775072966,1_620,40_100236,545,40_560087850,40_7976558,1775073060,1775073228,default
1775072966,1_620,40_100236,545,40_560087850,40_9810,1775073060,1775073248,default
1775072966,1_620,40_100239,550,40_597754130,40_7976644,1775073600,1775073600,default
1775072966,1_10912,1_100162,271,1_569496960,1_7976364,1775073360,1775073360,default
1775072966,1_10912,40_100511,542,40_569565590,40_7976608,1775074080,1775074080,default
1775072966,1_10912,1_100162,271,1_569496310,1_7976351,1775074260,1775074260,default
1775072966,1_71960,40_100511,542,40_721031380,40_7976685,1775073660,1775073660,default
1775072966,1_8403,1_100039,14,1_562519350,1_7974988,1775072820,1775072820,default
1775073266,1_12170,1_100039,14,1_562519350,1_7974988,1775073399,1775073399,default
1775073266,1_481,1_102576,C Line,1_800869570,1_8024970,1775073300,1775073300,default
1775073266,1_26560,1_102574,40,1_811901480,1_8026435,1775073329,1775073329,default
1775073266,1_60161,1_100042,148,1_762077430,1_7976051,1775074440,1775074440,default
1775073266,1_320,40_100239,550,40_597752090,40_9676,1775073300,1775073396,default
1775073266,1_46505,1_102619,F Line,1_656237120,1_7976074,1775073480,1775073480,default
1775073266,1_46505,1_102619,F Line,1_656236400,1_7976083,1775074380,1775074380,default
1775073266,1_11590,1_100002,10,1_675385330,1_7974882,1775073356,1775073356,default
1775073266,1_52306,1_102619,F Line,1_656237220,1_7976229,1775074200,1775074200,default
1775073266,1_11060,1_100249,60,1_801585390,1_8025822,1775073397,1775073397,default
1775073266,1_39983,1_102736,H Line,1_694056810,1_7974966,1775073420,1775073420,default
1775073266,1_22184,1_100249,60,1_801585270,1_8025825,1775073425,1775073425,default
1775073266,1_59282,1_100072,181,1_721481500,1_7451,1775073480,1775072465,default
1775073266,1_59282,1_102717,165,1_800649750,1_7189,1775074020,1775073206,default
1775073266,1_59282,1_102717,165,1_800649750,1_8023877,1775074020,1775074020,default
1775073266,1_59872,1_102619,F Line,1_656237370,1_7976003,1775073532,1775073532,default
1775073266,1_45230,1_100133,240,1_806928130,1_8024707,1775073447,1775073447,default
1775073266,1_60710,1_100512,A Line,1_800652890,1_8023834,1775073417,1775073417,default
1775073266,1_620,40_100239,550,40_597754130,40_7976644,1775073600,1775073600,default
1775073266,1_620,40_100240,554,40_774870560,40_7976695,1775073600,1775073600,default
1775073266,1_10912,40_100511,542,40_569565590,40_7976608,1775074080,1775074080,default
1775073266,1_10912,1_100162,271,1_569496310,1_7976351,1775074260,1775074260,default
1775073266,1_10912,1_100162,271,1_569497130,1_7976667,1775075160,1775075160,default
1775073266,1_71960,1_102752,223,1_816297590,1_8024750,1775073480,1775073480,default
1775073266,1_71960,40_100511,542,40_721031380,40_7976685,1775073660,1775073660,default
1775073566,1_6650,1_100229,5,1_809330330,1_8026439,1775073592,1775073592,default
1775073566,1_60161,1_100042,148,1_762077430,1_7976051,1775074440,1775074440,default
1775073566,1_8541,1_100039,14,1_562519360,1_7974989,1775073660,1775073660,default
1775073566,1_575,1_100173,3,1_761126600,1_7974917,1775073600,1775073600,default
1775073566,1_2850,1_100089,2,1_788757790,1_8023467,1775074020,1775074020,default
1775073566,1_46505,1_102619,F Line,1_656236400,1_7976083,1775074380,1775074380,default
1775073566,1_280,40_100240,554,40_560096840,40_7976690,1775073473,1775073624,default
1775073566,1_27420,1_100249,60,1_801585330,1_8025819,1775073728,1775073728,default
1775073566,1_3470,1_100249,60,1_801585320,1_8025884,1775073660,1775073660,default
1775073566,1_68130,1_102548,B Line,1_721018530,1_6023,1775073652,1775073652,default
1775073566,1_81254,1_100202,345,1_724954420,1_7975635,1775073640,1775073640,default
1775073566,1_84810,1_102752,223,1_833613780,1_8024727,1775073654,1775073654,default
1775073566,1_52306,1_100031,132,1_800858590,1_8024998,1775073660,1775073660,default
1775073566,1_52306,1_102619,F Line,1_656237220,1_7976229,1775074200,1775074200,default
1775073566,1_71970,1_102753,222,1_774817850,1_7976416,1775073713,1775073713,default
1775073566,1_59282,1_102717,165,1_800649750,1_7189,1775074020,1775073206,default
1775073566,1_59936,1_102720,160,1_762082520,1_7454,1775073571,1775073727,default
1775073566,1_620,40_510,510,40_16133735__MCOB-DO:121:0:Weekday:2:26MAR:86018:12345,40_MCOB-DO:121:0:Weekday:2:26MAR:86018:12345,1775077200,1775077200,default
1775073566,1_10912,40_100511,542,40_569565590,40_7976608,1775074080,1775074080,default
1775073566,1_10912,1_100162,271,1_569496310,1_7976351,1775074260,1775074260,default
1775073566,1_10912,1_100162,271,1_569497130,1_7976667,1775075160,1775075160,default
1775073566,1_10912,40_100511,542,40_569569640,40_7976607,1775075880,1775075880,default
1775073566,1_8403,1_100039,14,1_562519390,1_7974991,1775073780,1775073780,default
1775073566,1_58144,1_102719,161,1_800651800,1_8023783,1775073544,1775073741,default
1775073866,1_103,1_102745,G Line,1_736437540,1_7974684,1775073886,1775073886,default
1775073866,1_481,1_102576,C Line,1_800869430,1_8025089,1775073900,1775073900,default
1775073866,1_60161,1_100042,148,1_762077430,1_7471,1775074440,1775073573,default
1775073866,1_12770,1_100228,48,1_721360840,1_7974620,1775074000,1775074000,default
1775073866,1_30510,1_100006,107,1_635437210,1_7976061,1775073899,1775073899,default
1775073866,1_575,1_100264,70,1_816207940,1_8214,1775073900,1775073900,default
1775073866,1_575,1_100219,4,1_675345310,1_7974865,1775073960,1775073960,default
1775073866,1_13830,1_100193,32,1_651765560,1_7974546,1775073904,1775073904,default
1775073866,1_2850,1_100089,2,1_788757790,1_7152,1775074020,1775073534,default
1775073866,1_46505,1_102619,F Line,1_656236400,1_7976083,1775074380,1775074380,default
1775073866,1_46505,1_102619,F Line,1_656236660,1_7976226,1775075280,1775075280,default
1775073866,1_57453,1_102719,161,1_800651800,1_8023783,1775073600,1775073935,default
1775073866,1_77460,1_102746,333,1_778704700,1_7975729,1775073957,1775073957,default
1775073866,1_74743,1_102702,239,1_736529680,1_7976431,1775074003,1775074003,default
1775073866,1_73366,1_102548,B Line,1_721018850,1_7976639,1775073940,1775073940,default
1775073866,1_73366,1_102752,223,1_816305100,1_8024748,1775073981,1775073981,default
1775073866,1_79610,1_100006,107,1_732196730,1_7976107,1775073956,1775073956,default
1775073866,1_73953,1_102704,250,1_806915150,1_8024728,1775073957,1775073957,default
1775073866,1_52306,1_102619,F Line,1_656237220,1_7976229,1775074200,1775074200,default
1775073866,1_52306,1_102619,F Line,1_656236560,1_7976085,1775075100,1775075100,default
1775073866,1_41850,1_100006,107,1_635437210,1_7976061,1775073984,1775073984,default
1775073866,1_41940,1_100249,60,1_801585330,1_8025819,1775073997,1775073997,default
1775073866,1_39983,1_102736,H Line,1_694056830,1_7974888,1775074020,1775074020,default
1775073866,1_39983,1_100111,22,1_635462270,1_7976056,1775073840,1775074052,default
1775073866,1_59282,1_102717,165,1_800649750,1_7189,1775074020,1775073206,default
1775073866,1_60710,1_100512,A Line,1_800643430,1_8023825,1775074017,1775074017,default
1775073866,1_620,40_510,510,40_16133735__MCOB-DO:121:0:Weekday:2:26MAR:86018:12345,40_MCOB-DO:121:0:Weekday:2:26MAR:86018:12345,1775077200,1775077200,default
1775073866,1_10912,40_100511,542,40_569565590,40_9653,1775074080,1775073926,default
1775073866,1_10912,40_100511,542,40_569565590,40_7976608,1775074080,1775074080,default
1775073866,1_10912,1_100162,271,1_569496310,1_7976351,1775074260,1775074260,default
1775073866,1_10912,1_100162,271,1_569497130,1_7976667,1775075160,1775075160,default
1775073866,1_10912,40_100511,542,40_569569640,40_7976607,1775075880,1775075880,default
1775073866,1_25210,1_100225,45,1_803350720,1_8103,1775073881,1775074050,default
1775073866,1_8403,1_100039,14,1_562519390,1_7974991,1775073780,1775073780,default
1775074166,1_103,1_102745,G Line,1_736435660,1_7974687,1775074246,1775074246,default
1775074166,1_12170,1_100039,14,1_562519390,1_7974991,1775074359,1775074359,default
1775074166,1_26560,1_102574,40,1_811900690,1_8025885,1775074229,1775074229,default
1775074166,1_60161,1_100042,148,1_762077430,1_7471,1775074440,1775073573,default
1775074166,1_320,40_100239,550,40_597756680,40_9672,1775074200,1775074206,default
1775074166,1_2850,1_100089,2,1_788758170,1_8023468,1775074980,1775074980,default
1775074166,1_46505,1_102619,F Line,1_656236400,1_7976083,1775074380,1775074380,default
1775074166,1_46505,1_102619,F Line,1_656236660,1_7976226,1775075280,1775075280,default
1775074166,1_29423,1_102732,79,1_816446370,1_8022069,1775075400,1775075400,default
1775074166,1_72494,1_100160,269,1_806917830,1_8024688,1775074320,1775074320,default
1775074166,1_52306,1_102619,F Line,1_656236560,1_7976085,1775075100,1775075100,default
1775074166,1_71970,1_102704,250,1_806915140,1_8024718,1775074317,1775074317,default
1775074166,1_57804,1_100072,181,1_721481970,1_7976033,1775074756,1775074756,default
1775074166,1_71678,1_102552,226,1_816296050,1_8024714,1775074342,1775074342,default
1775074166,1_620,40_100239,550,40_597756350,40_7976709,1775074500,1775074798,default
1775074166,1_620,40_510,510,40_16133735__MCOB-DO:121:0:Weekday:2:26MAR:86018:12345,40_MCOB-DO:121:0:Weekday:2:26MAR:86018:12345,1775077200,1775077200,default
1775074166,1_10912,1_100162,271,1_569497130,1_7976667,1775075160,1775075160,default
1775074166,1_10912,40_100511,542,40_569569640,40_7976607,1775075880,1775075880,default
1775074166,1_10912,1_100162,271,1_569496450,1_7976349,1775076000,1775076000,default
1775074467,1_481,1_102576,C Line,1_800868310,1_8024965,1775074500,1775074500,default
1775074467,1_70694,1_102628,895,1_791784130,1_7976739,1775076000,1775075820,default
1775074467,1_62212,1_102720,160,1_762081880,1_7976143,1775074497,1775074497,default
1775074467,1_8541,1_100039,14,1_562519410,1_7974994,1775074560,1775074560,default
1775074467,1_2850,1_100089,2,1_788758170,1_8023468,1775074980,1775074980,default
1775074467,1_46505,1_102619,F Line,1_656236660,1_6287,1775075280,1775074397,default
1775074467,1_46505,1_102619,F Line,1_656236660,1_7976226,1775075280,1775075280,default
1775074467,1_29423,1_102732,79,1_816446370,1_8022069,1775075400,1775075400,default
1775074467,1_11590,1_100002,10,1_675382930,1_7974876,1775074556,1775074556,default
1775074467,1_73112,1_102704,250,1_806915140,1_8024718,1775074607,1775074607,default
1775074467,1_52306,1_102619,F Line,1_656236560,1_7976085,1775075100,1775075100,default
1775074467,1_76312,1_102705,230,1_664298510,1_7976384,1775074605,1775074605,default
1775074467,1_9605,1_100259,67,1_657908430,1_7975677,1775074620,1775074620,default
1775074467,1_57804,1_100072,181,1_721481970,1_7976033,1775074756,1775074756,default
1775074467,1_39983,1_102736,H Line,1_694057130,1_7974900,1775074620,1775074620,default
1775074467,1_21080,1_100249,60,1_801585510,1_7133,1775074560,1775074600,default
1775074467,1_59282,1_100072,181,1_721481830,1_7351,1775075340,1775074388,default
1775074467,1_79872,1_100133,240,1_811764910,1_8024700,1775074627,1775074627,default
1775074467,1_60710,1_100512,A Line,1_800643440,1_8023807,1775074617,1775074617,default
1775074467,1_81684,1_100160,269,1_806917750,1_8024684,1775074620,1775074620,default
1775074467,1_620,40_100239,550,40_597756350,40_7976709,1775074500,1775074639,default
1775074467,1_620,40_100240,554,40_774869420,40_7976705,1775074920,1775074920,default
1775074467,1_620,40_510,510,40_16133735__MCOB-DO:121:0:Weekday:2:26MAR:86018:12345,40_MCOB-DO:121:0:Weekday:2:26MAR:86018:12345,1775077200,1775077200,default
1775074467,1_10912,1_100264,70,1_801593930,1_8026411,1775074666,1775074666,default
1775074467,1_10912,1_100264,70,1_801593930,1_8229,1775074666,1775074679,default
1775074467,1_10912,1_100162,271,1_569497130,1_7976667,1775075160,1775075160,default
1775074467,1_10912,40_100511,542,40_569569640,40_7976607,1775075880,1775075880,default
1775074467,1_10912,1_100162,271,1_569496450,1_7976349,1775076000,1775076000,default
1775074467,1_71960,1_102752,223,1_816305100,1_8024748,1775074680,1775074680,default
1775074467,1_71960,40_100511,542,40_721030840,40_7976686,1775075460,1775075460,default
1775074467,1_8403,1_100039,14,1_562519360,1_7974989,1775074680,1775074680,default
1775074767,1_70694,1_102628,895,1_791784130,1_7976739,1775076000,1775075820,default
1775074767,1_77930,1_102746,333,1_778704060,1_7975728,1775074859,1775074859,default
1775074767,1_52638,1_102719,161,1_800652170,1_8023789,1775074789,1775074789,default
1775074767,1_76009,29_121,121,29_16132501__MCOB-DO:121:0:Weekday:2:26MAR:41046:12345,29_17105,1775074800,1775074718,default
1775074767,1_10020,1_100254,65,1_778692930,1_7975670,1775074801,1775074801,default
1775074767,1_30510,1_100006,107,1_732058950,1_7976110,1775074799,1775074799,default
1775074767,1_30510,1_100249,60,1_801585770,1_8026428,1775074826,1775074826,default
1775074767,1_320,40_100240,554,40_560097880,40_9686,1775074800,1775074828,default
1775074767,1_575,1_100264,70,1_801593200,1_8213,1775074860,1775074860,default
1775074767,1_575,1_100219,4,1_675345320,1_7974885,1775074860,1775074860,default
1775074767,1_2850,1_100089,2,1_788758170,1_8023468,1775074980,1775074980,default
1775074767,1_46505,1_102619,F Line,1_656236660,1_6287,1775075280,1775074397,default
1775074767,1_46505,1_102619,F Line,1_694521830,1_7976003,1775076180,1775076180,default
1775074767,1_29423,1_102732,79,1_816446370,1_8022069,1775075400,1775075400,default
1775074767,1_77460,1_102746,333,1_778704760,1_7975726,1775074857,1775074857,default
1775074767,1_58342,1_100072,181,1_721481500,1_7976082,1775074920,1775074920,default
1775074767,1_73366,1_102548,B Line,1_721018530,1_7976622,1775074840,1775074840,default
1775074767,1_81254,1_102746,333,1_778704780,1_7975727,1775074855,1775074855,default
1775074767,1_84810,1_102752,223,1_833610750,1_8024726,1775074841,1775074841,default
1775074767,1_73953,1_102704,250,1_806915140,1_8024718,1775074857,1775074857,default
1775074767,1_52306,1_102619,F Line,1_656236560,1_7976085,1775075100,1775075100,default
1775074767,1_52306,1_102619,F Line,1_656236260,1_7976225,1775076000,1775076000,default
1775074767,1_41850,1_100006,107,1_732058950,1_7976110,1775074884,1775074884,default
1775074767,1_41850,1_100249,60,1_801585770,1_8026428,1775074917,1775074917,default
1775074767,1_59282,1_100072,181,1_721481830,1_7351,1775075340,1775074388,default
1775074767,1_59282,1_102717,165,1_800649760,1_8023881,1775075820,1775075820,default
1775074767,1_620,40_100236,545,40_560090180,40_7976572,1775075760,1775075832,default
1775074767,1_620,40_510,510,40_16133735__MCOB-DO:121:0:Weekday:2:26MAR:86018:12345,40_MCOB-DO:121:0:Weekday:2:26MAR:86018:12345,1775077200,1775077200,default
1775074767,1_620,40_510,510,40_16133736__MCOB-DO:121:0:Weekday:2:26MAR:86019:12345,40_MCOB-DO:121:0:Weekday:2:26MAR:86019:12345,1775079000,1775079000,default
1775074767,1_60680,1_100512,A Line,1_800643450,1_8023792,1775075692,1775075692,default
1775074767,1_10912,40_100511,542,40_569569640,40_7976607,1775075880,1775075880,default
1775074767,1_10912,1_100162,271,1_569496450,1_7976349,1775076000,1775076000,default
1775074767,1_10912,1_100162,271,1_569496740,1_7976670,1775076900,1775076900,default
1775074767,1_10912,40_100511,542,40_569570750,40_7976685,1775077680,1775077680,default
1775074767,1_8403,1_100039,14,1_562519410,1_7974994,1775075580,1775075580,default
1775075690,1_481,1_102576,C Line,1_800869320,1_8024967,1775075700,1775075700,default
1775075690,1_70694,1_102628,895,1_791784130,1_7976739,1775076000,1775075820,default
1775075690,1_5830,1_100229,5,1_809330770,1_8025799,1775075477,1775075717,default
1775075690,1_55711,1_100005,106,1_727785380,1_7975005,1775075710,1775075710,default
1775075690,1_60161,1_100042,148,1_762077440,1_7976071,1775076240,1775076240,default
1775075690,1_12770,1_100228,48,1_721359680,1_7974616,1775075800,1775075800,default
1775075690,1_575,1_100264,70,1_801593290,1_8245,1775075760,1775075760,default
1775075690,1_575,1_100219,4,1_675345330,1_7974870,1775075760,1775075760,default
1775075690,1_46505,1_102619,F Line,1_694521830,1_7976003,1775076180,1775076180,default
1775075690,1_31680,1_100249,60,1_801585540,1_8025817,1775075510,1775075747,default
1775075690,1_11590,1_100002,10,1_675385160,1_7974875,1775075756,1775075756,default
1775075690,1_57453,1_102719,161,1_800651810,1_8023891,1775075400,1775075753,default
1775075690,1_77460,1_102746,333,1_778704440,1_7975682,1775075757,1775075757,default
1775075690,1_40012,1_100026,128,1_806634310,1_8023661,1775075775,1775075775,default
1775075690,1_52306,1_102619,F Line,1_656236260,1_7976225,1775076000,1775076000,default
1775075690,1_52306,1_102619,F Line,1_800653590,1_8023728,1775078700,1775078700,default
1775075690,1_10370,1_102732,79,1_816446370,1_7213,1775075779,1775075779,default
1775075690,1_72050,1_100136,245,1_761787790,1_7976346,1775075796,1775075796,default
1775075690,1_2200,1_100001,1,1_562519510,1_7974978,1775075786,1775075827,default
1775075690,1_39983,1_102736,H Line,1_694056820,1_7974895,1775075820,1775075820,default
1775075690,1_59282,1_102717,165,1_800649760,1_7145,1775075820,1775075233,default
1775075690,1_57791,1_102718,184,1_635442840,1_7975994,1775075723,1775075915,default
1775075690,1_620,40_100236,545,40_560090180,40_7976572,1775075760,1775076002,default
1775075690,1_620,40_100239,550,40_597756270,40_7976613,1775076300,1775076300,default
1775075690,1_620,40_510,510,40_16133735__MCOB-DO:121:0:Weekday:2:26MAR:86018:12345,40_MCOB-DO:121:0:Weekday:2:26MAR:86018:12345,1775077200,1775077200,default
1775075690,1_620,40_510,510,40_16133736__MCOB-DO:121:0:Weekday:2:26MAR:86019:12345,40_MCOB-DO:121:0:Weekday:2:26MAR:86019:12345,1775079000,1775079000,default
1775075690,1_10912,1_100224,44,1_664047430,1_7974933,1775075869,1775075869,default
1775075690,1_10912,40_100511,542,40_569569640,40_7976607,1775075880,1775075880,default
1775075690,1_10912,1_100162,271,1_569496450,1_7976349,1775076000,1775076000,default
1775075690,1_10912,1_100162,271,1_569496740,1_7976670,1775076900,1775076900,default
1775075690,1_10912,40_100511,542,40_569570750,40_7976685,1775077680,1775077680,default
1775075690,1_71960,1_102752,223,1_816297600,1_8024723,1775075940,1775075940,default
1775075690,1_8403,1_100039,14,1_562519410,1_7974994,1775075580,1775075580,default
1775075990,1_103,1_102745,G Line,1_736435490,1_7974685,1775076046,1775076046,default
1775075990,1_12170,1_100039,14,1_562519410,1_7974994,1775076159,1775076159,default
1775075990,1_70694,1_102628,895,1_791784130,1_6943,1775076000,1775075526,default
1775075990,1_70694,1_102628,895,1_791784130,1_7976739,1775076000,1775075820,default
1775075990,1_26560,1_102574,40,1_811900720,1_8026393,1775076029,1775076029,default
1775075990,1_60161,1_100042,148,1_762077440,1_7976071,1775076240,1775076240,default
1775075990,1_30790,1_100249,60,1_801585740,1_8025816,1775076037,1775076037,default
1775075990,1_13830,1_102581,D Line,1_803817500,1_8022078,1775076071,1775076071,default
1775075990,1_2850,1_100089,2,1_788758180,1_8023470,1775076660,1775076660,default
1775075990,1_46505,1_102619,F Line,1_694521830,1_7976003,1775076180,1775076180,default
1775075990,1_52306,1_102619,F Line,1_656236870,1_7976142,1775076900,1775076994,default
1775075990,1_52306,1_102619,F Line,1_800653590,1_8023728,1775078700,1775078700,default
1775075990,1_52306,1_102619,F Line,1_800653850,1_8023729,1775079600,1775079600,default
1775075990,1_41940,1_100249,60,1_801585770,1_8026428,1775076157,1775076157,default
1775075990,1_71970,1_102704,250,1_806915190,1_8024720,1775076117,1775076117,default
1775075990,1_49730,1_100031,132,1_800858650,1_8024998,1775076117,1775076117,default
1775075990,1_57804,1_100072,181,1_721481510,1_7976037,1775076556,1775076556,default
1775075990,1_45230,1_100133,240,1_811765000,1_8024704,1775076147,1775076147,default
1775075990,1_620,40_100240,554,40_774870350,40_7976696,1775076240,1775076240,default
1775075990,1_620,40_100239,550,40_597756270,40_7976613,1775076300,1775076300,default
1775075990,1_620,40_510,510,40_16133735__MCOB-DO:121:0:Weekday:2:26MAR:86018:12345,40_MCOB-DO:121:0:Weekday:2:26MAR:86018:12345,1775077200,1775077200,default
1775075990,1_620,40_510,510,40_16133736__MCOB-DO:121:0:Weekday:2:26MAR:86019:12345,40_MCOB-DO:121:0:Weekday:2:26MAR:86019:12345,1775079000,1775079000,default
1775075990,1_10912,1_100162,271,1_569496740,1_7976670,1775076900,1775076900,default
1775075990,1_10912,40_100511,542,40_569570750,40_7976685,1775077680,1775077680,default
1775075990,1_10912,1_100162,271,1_569496190,1_7976348,1775077800,1775077800,default
1775075990,1_3000,1_100089,2,1_788757800,1_8023446,1775076192,1775076192,default
1775076290,1_103,1_102745,G Line,1_736435560,1_7974690,1775076406,1775076406,default
1775076290,1_481,1_102576,C Line,1_800868110,1_8024971,1775076300,1775076300,default
1775076290,1_6650,1_100229,5,1_809329040,1_8025800,1775076301,1775076301,default
1775076290,1_60161,1_100042,148,1_800646350,1_8023771,1775079720,1775079720,default
1775076290,1_8541,1_100039,14,1_562519530,1_7974992,1775076360,1775076360,default
1775076290,1_575,1_100001,1,1_800580430,1_4403,1775076300,1775076383,default
1775076290,1_2850,1_100089,2,1_788758180,1_8023470,1775076660,1775076660,default
1775076290,1_46505,1_102619,F Line,1_694521230,1_7975997,1775077080,1775077485,default
1775076290,1_25140,1_100254,65,1_778694980,1_7975673,1775076387,1775076322,default
1775076290,1_68130,1_102548,B Line,1_721019100,1_6033,1775076412,1775076412,default
1775076290,1_11200,1_100447,49,1_801200040,1_8023497,1775076360,1775076360,default
1775076290,1_73112,1_102704,250,1_806915190,1_8024720,1775076407,1775076407,default
1775076290,1_52306,40_560,560,40_1422020,40_10106,1775076600,1775076600,default
1775076290,1_52306,1_102619,F Line,1_656236870,1_7976142,1775076900,1775076900,default
1775076290,1_52306,1_102619,F Line,1_800653590,1_8023728,1775078700,1775078700,default
1775076290,1_52306,1_102619,F Line,1_800653850,1_8023729,1775079600,1775079600,default
1775076290,1_45670,1_100210,36,1_800584200,1_8023382,1775075812,1775076420,default
1775076290,1_49350,1_100026,128,1_806634230,1_8023676,1775076497,1775076497,default
1775076290,1_2200,1_100089,2,1_788758560,1_7155,1775076446,1775076446,default
1775076290,1_57804,1_100072,181,1_721481510,1_7976037,1775076556,1775076556,default
1775076290,1_39983,1_102736,H Line,1_694056860,1_7974897,1775076420,1775076420,default
1775076290,1_59282,1_100072,181,1_721481680,1_7323,1775077080,1775076305,default
1775076290,1_59282,1_100072,181,1_721481680,1_7976033,1775077080,1775077080,default
1775076290,1_620,40_510,510,40_16133735__MCOB-DO:121:0:Weekday:2:26MAR:86018:12345,40_MCOB-DO:121:0:Weekday:2:26MAR:86018:12345,1775077200,1775077200,default
1775076290,1_620,40_510,510,40_16133736__MCOB-DO:121:0:Weekday:2:26MAR:86019:12345,40_MCOB-DO:121:0:Weekday:2:26MAR:86019:12345,1775079000,1775079000,default
1775076290,1_10912,1_100264,70,1_801593450,1_8026409,1775076466,1775076487,default
1775076290,1_10912,1_100162,271,1_569496740,1_7976670,1775076900,1775076900,default
1775076290,1_10912,40_100511,542,40_569570750,40_7976685,1775077680,1775077680,default
1775076290,1_10912,1_100162,271,1_569496190,1_7976348,1775077800,1775077800,default
1775076290,1_71960,40_100511,542,40_721031310,40_7976608,1775077260,1775077260,default
1775076290,1_8403,1_100039,14,1_562519480,1_7974990,1775076480,1775076480,default
1775076590,1_51551,1_102736,H Line,1_694056820,1_7974895,1775076627,1775076627,default
1775076590,1_29217,1_100224,44,1_664047100,1_4531,1775076602,1775076602,default
1775076590,1_55711,1_100005,106,1_727785250,1_7975017,1775076610,1775076610,default
1775076590,1_60161,1_100042,148,1_800646350,1_8023771,1775079720,1775079720,default
1775076590,1_970,1_100045,150,1_800670210,1_8175,1775076414,1775076633,default
1775076590,1_12770,1_100228,48,1_721359130,1_7974621,1775076700,1775076700,default
1775076590,1_575,1_102581,D Line,1_803817140,1_6109,1775076540,1775076640,default
1775076590,1_575,1_100264,70,1_801594250,1_8202,1775076660,1775076660,default
1775076590,1_575,1_100219,4,1_675345340,1_7974886,1775076660,1775076660,default
1775076590,1_13830,1_102581,D Line,1_803817450,1_8023438,1775076671,1775076671,default
1775076590,1_2850,1_100089,2,1_788758180,1_7099,1775076660,1775076296,default
1775076590,1_46505,1_102619,F Line,1_694521230,1_7975997,1775077080,1775077427,default
1775076590,1_46505,1_102619,F Line,1_721496530,1_7976017,1775077980,1775077980,default
1775076590,1_77460,1_102746,333,1_778704890,1_7975728,1775076657,1775076657,default
1775076590,1_52306,1_102619,F Line,1_656236870,1_7976142,1775076900,1775076900,default
1775076590,1_52306,1_102619,F Line,1_656237130,1_7976074,1775077800,1775077800,default
1775076590,1_52306,1_102619,F Line,1_800653590,1_8023728,1775078700,1775078700,default
1775076590,1_52306,1_102619,F Line,1_800653850,1_8023729,1775079600,1775079600,default
1775076590,1_21945,1_102717,165,1_800649750,1_8023877,1775076720,1775076720,default
1775076590,1_99254,1_100003,101,1_762101080,1_7976159,1775076682,1775076682,default
1775076590,1_45670,1_100210,36,1_800584200,1_8023382,1775075812,1775076709,default
1775076590,1_40030,1_102574,40,1_811900650,1_8215,1775076555,1775076720,default
1775076590,1_72050,1_100136,245,1_761787290,1_7976393,1775076696,1775076696,default
1775076590,1_59282,1_100072,181,1_721481680,1_7323,1775077080,1775076305,default
1775076590,1_59282,1_102717,165,1_800649770,1_8023732,1775077560,1775077560,default
1775076590,1_21320,1_100249,60,1_801585540,1_8025817,1775076360,1775076740,default
1775076590,1_620,40_100239,550,40_597752700,40_7976616,1775077200,1775077200,default
1775076590,1_620,40_510,510,40_16133735__MCOB-DO:121:0:Weekday:2:26MAR:86018:12345,40_MCOB-DO:121:0:Weekday:2:26MAR:86018:12345,1775077200,1775077200,default
1775076590,1_620,40_510,510,40_16133736__MCOB-DO:121:0:Weekday:2:26MAR:86019:12345,40_MCOB-DO:121:0:Weekday:2:26MAR:86019:12345,1775079000,1775079000,default
1775076590,1_10912,1_100162,271,1_569496740,1_7976670,1775076900,1775076900,default
1775076590,1_10912,40_100511,542,40_569570750,40_7976685,1775077680,1775077680,default
1775076590,1_10912,1_100162,271,1_569496190,1_7976348,1775077800,1775077800,default
1775076590,1_71960,40_100511,542,40_721031310,40_7976608,1775077260,1775077260,default
1775076590,1_8403,1_100039,14,1_562519480,1_7974990,1775076480,1775076480,default
1775076590,1_76310,1_100214,372,1_694306850,1_6984,1775076761,1775076771,default
1775076590,1_76310,1_102705,230,1_664298520,1_7976384,1775076785,1775076785,default
1775076590,1_76310,40_100232,522,40_635897570,40_7976771,1775076807,1775076807,default
1775076891,1_12170,1_100039,14,1_562519480,1_7974990,1775077059,1775077059,default
1775076891,1_76317,1_102702,239,1_736529690,1_7976432,1775076909,1775076909,default
1775076891,1_481,1_102576,C Line,1_800869030,1_8025004,1775076900,1775076900,default
1775076891,1_26560,1_102574,40,1_811901630,1_8026388,1775076989,1775076989,default
1775076891,1_60161,1_100042,148,1_762077560,1_7976052,1775077920,1775077920,default
1775076891,1_60161,1_100042,148,1_800646350,1_8023771,1775079720,1775079720,default
1775076891,1_10100,1_102732,79,1_816446470,1_8022070,1775076943,1775076943,default
1775076891,1_6800,1_100229,5,1_809329040,1_8025800,1775076922,1775076922,default
1775076891,1_575,1_100263,7,1_800587450,1_8023406,1775076780,1775076984,default
1775076891,1_2850,1_100089,2,1_788757810,1_8023471,1775077380,1775077380,default
1775076891,1_46505,1_102619,F Line,1_694521230,1_7975997,1775077080,1775077368,default
1775076891,1_46505,1_102619,F Line,1_721496530,1_7976017,1775077980,1775077980,default
1775076891,1_31680,1_100249,60,1_801585740,1_8025816,1775076950,1775076950,default
1775076891,1_70832,1_100136,245,1_761788180,1_7976345,1775076989,1775076989,default
1775076891,1_11590,1_100002,10,1_675385290,1_7974882,1775076956,1775076956,default
1775076891,1_35110,1_100230,50,1_785559320,1_7976172,1775076960,1775076960,default
1775076891,1_42120,1_100249,60,1_801585440,1_8025821,1775076980,1775076980,default
1775076891,1_52306,1_102619,F Line,1_656237130,1_7976074,1775077800,1775077800,default
1775076891,1_52306,1_102619,F Line,1_800653590,1_8023728,1775078700,1775078700,default
1775076891,1_52306,1_102619,F Line,1_800653850,1_8023729,1775079600,1775079600,default
1775076891,1_52306,1_102619,F Line,1_800654560,1_8023711,1775080500,1775080500,default
1775076891,1_45670,1_100210,36,1_800584200,1_8023382,1775075812,1775077017,default
1775076891,1_30800,1_100230,50,1_785559450,1_7976174,1775076987,1775076987,default
1775076891,1_71970,1_102704,250,1_806915250,1_8024761,1775077017,1775077017,default
1775076891,1_39983,1_102736,H Line,1_694056850,1_7974890,1775077020,1775077020,default
1775076891,1_54971,1_100004,105,1_635436360,1_7976223,1775075779,1775077073,default
1775076891,1_22184,1_102736,H Line,1_694057100,1_7974966,1775077046,1775077046,default
1775076891,1_59282,1_100072,181,1_721481680,1_7323,1775077080,1775076305,default
1775076891,1_59282,1_102717,165,1_800649770,1_7404,1775077560,1775076739,default
1775076891,1_59282,1_102717,165,1_800649770,1_8023732,1775077560,1775077560,default
1775076891,1_45230,1_100133,240,1_806928140,1_8024758,1775077047,1775077047,default
1775076891,1_620,40_100239,550,40_597752700,40_7976616,1775077200,1775077200,default
1775076891,1_620,40_510,510,40_16133735__MCOB-DO:121:0:Weekday:2:26MAR:86018:12345,40_MCOB-DO:121:0:Weekday:2:26MAR:86018:12345,1775077200,1775077200,default
1775076891,1_620,40_510,510,40_16133736__MCOB-DO:121:0:Weekday:2:26MAR:86019:12345,40_MCOB-DO:121:0:Weekday:2:26MAR:86019:12345,1775079000,1775079000,default
1775076891,1_10912,40_100511,542,40_569570750,40_7976685,1775077680,1775077680,default
1775076891,1_10912,1_100162,271,1_569496190,1_7976348,1775077800,1775077800,default
1775076891,1_10912,1_100162,271,1_569495940,1_7976350,1775078700,1775078700,default
1775076891,1_71960,40_100511,542,40_721031310,40_7976608,1775077260,1775077260,default
1775077191,1_51551,1_102736,H Line,1_694056860,1_7974897,1775077227,1775077227,default
1775077191,1_62212,1_102720,160,1_770989330,1_7976076,1775077212,1775077212,default
1775077191,1_60161,1_100042,148,1_762077560,1_7976052,1775077920,1775077920,default
1775077191,1_60161,1_100042,148,1_800646350,1_8023771,1775079720,1775079720,default
1775077191,1_970,1_100045,150,1_800670240,1_8164,1775077134,1775077208,default
1775077191,1_8541,1_100039,14,1_562519560,1_7974978,1775077260,1775077260,default
1775077191,1_320,40_100239,550,40_597757040,40_7976709,1775076000,1775077262,default
1775077191,1_320,40_100240,554,40_560098550,40_9819,1775077200,1775077263,default
1775077191,1_575,1_100028,13,1_788758970,1_7157,1775077140,1775077260,default
1775077191,1_13830,1_102581,D Line,1_803817180,1_8022122,1775077271,1775077271,default
1775077191,1_2850,1_100089,2,1_788757810,1_7166,1775077380,1775077057,default
1775077191,1_2850,1_100089,2,1_788757810,1_8023471,1775077380,1775077380,default
1775077191,1_46505,1_102619,F Line,1_694521230,1_7975997,1775077080,1775077346,default
1775077191,1_46505,1_102619,F Line,1_721496530,1_7976017,1775077980,1775077980,default
1775077191,1_27420,1_100249,60,1_801585510,1_8025825,1775077328,1775077328,default
1775077191,1_3470,1_100249,60,1_801585490,1_8025824,1775077260,1775077260,default
1775077191,1_73112,1_102704,250,1_806915250,1_8024761,1775077307,1775077307,default
1775077191,1_52306,1_102619,F Line,1_656237130,1_7976074,1775077800,1775077800,default
1775077191,1_52306,1_102619,F Line,1_800653590,1_8023728,1775078700,1775078700,default
1775077191,1_52306,1_102619,F Line,1_800653850,1_8023729,1775079600,1775079600,default
1775077191,1_52306,1_102619,F Line,1_800654560,1_8023711,1775080500,1775080500,default
1775077191,1_71970,1_102753,222,1_774817870,1_7976418,1775077381,1775077381,default
1775077191,1_9605,1_100259,67,1_657909740,1_7975669,1775077320,1775077320,default
1775077191,1_80124,1_102719,161,1_800652180,1_8023733,1775077317,1775077317,default
1775077191,1_59282,1_102717,165,1_800649770,1_7404,1775077560,1775076739,default
1775077191,1_620,40_510,510,40_16133735__MCOB-DO:121:0:Weekday:2:26MAR:86018:12345,40_MCOB-DO:121:0:Weekday:2:26MAR:86018:12345,1775077200,1775077385,default
1775077191,1_620,40_100240,554,40_774869180,40_7976693,1775077560,1775077560,default
1775077191,1_620,40_510,510,40_16133736__MCOB-DO:121:0:Weekday:2:26MAR:86019:12345,40_MCOB-DO:121:0:Weekday:2:26MAR:86019:12345,1775079000,1775079000,default
1775077191,1_620,40_515,515,40_16133696__MCOB-DO:121:0:Weekday:2:26MAR:86022:12345,40_MCOB-DO:121:0:Weekday:2:26MAR:86022:12345,1775080800,1775080800,default
1775077191,1_10912,1_100447,49,1_801200010,1_8023491,1775077290,1775077350,default
1775077191,1_10912,1_100264,70,1_801593150,1_8026408,1775077366,1775077366,default
1775077191,1_10912,1_100264,70,1_801593150,1_8214,1775077366,1775077382,default
1775077191,1_10912,40_100511,542,40_569570750,40_7976685,1775077680,1775077680,default
1775077191,1_10912,1_100162,271,1_569496190,1_7976348,1775077800,1775077800,default
1775077191,1_10912,1_100162,271,1_569495940,1_7976350,1775078700,1775078700,default
1775077191,1_8403,1_100039,14,1_562519530,1_7974992,1775077380,1775077380,default
1775077191,1_18220,1_100219,4,1_675345330,1_7974870,1775077380,1775077380,default
1775077491,1_481,1_102576,C Line,1_800869180,1_8024982,1775077500,1775077500,default
1775077491,1_55711,1_100005,106,1_727785400,1_7975011,1775077510,1775077510,default
1775077491,1_60161,1_100042,148,1_762077560,1_7976052,1775077920,1775077242,default
1775077491,1_60161,1_100042,148,1_762077560,1_7466,1775077920,1775077242,default
1775077491,1_60161,1_100042,148,1_800646350,1_8023771,1775079720,1775079720,default
1775077491,1_12770,1_100228,48,1_721359040,1_7974619,1775077600,1775077600,default
1775077491,1_9750,1_100269,75,1_803351870,1_8022104,1775077189,1775077526,default
1775077491,1_575,1_100264,70,1_801593180,1_8228,1775077560,1775077560,default
1775077491,1_575,1_100219,4,1_675345350,1_7974871,1775077620,1775077620,default
1775077491,1_46505,1_102619,F Line,1_721496530,1_7976017,1775077980,1775077980,default
1775077491,1_77460,1_102746,333,1_778704830,1_7975730,1775077557,1775077557,default
1775077491,1_11200,1_100447,49,1_801200020,1_8023492,1775077560,1775077560,default
1775077491,1_73366,1_102548,B Line,1_721019100,1_7976636,1775077600,1775077600,default
1775077491,1_52306,1_102619,F Line,1_656237130,1_7976074,1775077800,1775077800,default
1775077491,1_52306,1_102619,F Line,1_800653590,1_8023728,1775078700,1775078700,default
1775077491,1_52306,1_102619,F Line,1_800653850,1_8023729,1775079600,1775079600,default
1775077491,1_52306,1_102619,F Line,1_800654560,1_8023711,1775080500,1775080500,default
1775077491,1_99254,1_100003,101,1_762101060,1_7976163,1775077582,1775077582,default
1775077491,1_21680,1_100023,124,1_690551900,1_7974561,1775077299,1775077595,default
1775077491,1_59210,1_100072,181,1_721481510,1_7976037,1775077591,1775077591,default
1775077491,1_72050,1_100136,245,1_761789650,1_7976397,1775077596,1775077596,default
1775077491,1_49350,1_100026,128,1_806634730,1_8023662,1775077697,1775077697,default
1775077491,1_2200,1_100001,1,1_562520780,1_7974993,1775077586,1775077632,default
1775077491,1_39983,1_102736,H Line,1_694056900,1_7974899,1775077620,1775077620,default
1775077491,1_22184,1_102736,H Line,1_694057120,1_7974888,1775077646,1775077646,default
1775077491,1_31970,1_100026,128,1_806634590,1_1000,1775077478,1775077651,default
1775077491,1_60710,1_100512,A Line,1_800643470,1_8023719,1775077628,1775077628,default
1775077491,1_620,40_100236,545,40_560088710,40_9585,1775077560,1775077705,default
1775077491,1_620,40_100239,550,40_597757390,40_7976612,1775078100,1775078100,default
1775077491,1_620,40_510,510,40_16133736__MCOB-DO:121:0:Weekday:2:26MAR:86019:12345,40_MCOB-DO:121:0:Weekday:2:26MAR:86019:12345,1775079000,1775079000,default
1775077491,1_620,40_515,515,40_16133696__MCOB-DO:121:0:Weekday:2:26MAR:86022:12345,40_MCOB-DO:121:0:Weekday:2:26MAR:86022:12345,1775080800,1775080800,default
1775077491,1_10912,1_100214,372,1_694306330,1_6908,1775077653,1775077647,default
1775077491,1_10912,40_100511,542,40_569570750,40_7976685,1775077680,1775077680,default
1775077491,1_10912,1_100162,271,1_569496190,1_7976348,1775077800,1775077800,default
1775077491,1_10912,1_100162,271,1_569495940,1_7976350,1775078700,1775078700,default
1775077491,1_10912,40_100511,542,40_569570770,40_7976686,1775079480,1775079480,default
1775077491,1_8403,1_100039,14,1_562519530,1_7974992,1775077380,1775077380,default
1775077491,1_76310,40_100232,522,40_635896580,40_7976740,1775077695,1775077695,default
1775077791,1_103,1_102745,G Line,1_736435530,1_7974691,1775077846,1775077846,default
1775077791,1_12170,1_100039,14,1_562519530,1_7974992,1775077959,1775077959,default
1775077791,1_51551,1_102736,H Line,1_694056850,1_7974890,1775077827,1775077827,default
1775077791,1_60161,1_100042,148,1_762077560,1_7466,1775077920,1775077242,default
1775077791,1_60161,1_100042,148,1_800646350,1_8023771,1775079720,1775079720,default
1775077791,1_970,40_577,577,40_1582020,40_9122,1775077862,1775077862,default
1775077791,1_13830,1_102581,D Line,1_800600540,1_8023441,1775077871,1775077871,default
1775077791,1_2850,1_100089,2,1_788758190,1_8023453,1775078460,1775078460,default
1775077791,1_46505,1_102619,F Line,1_721496530,1_7976017,1775077980,1775077980,default
1775077791,1_46505,1_102619,F Line,1_721496770,1_7976229,1775078880,1775078880,default
1775077791,1_52306,1_102619,F Line,1_800653590,1_8023728,1775078700,1775078700,default
1775077791,1_52306,1_102619,F Line,1_800653850,1_8023729,1775079600,1775079600,default
1775077791,1_52306,1_102619,F Line,1_800654560,1_8023711,1775080500,1775080500,default
1775077791,1_52306,1_102619,F Line,1_800653960,1_8023763,1775081400,1775081400,default
1775077791,1_61580,1_102757,187,1_762095080,1_7976065,1775077891,1775077891,default
1775077791,1_71970,1_102704,250,1_806915230,1_8024763,1775077917,1775077917,default
1775077791,1_49730,1_100031,132,1_800858090,1_8024984,1775077917,1775077917,default
1775077791,1_2200,1_100275,8,1_800890780,1_8028,1775077833,1775077925,default
1775077791,1_57804,1_100072,181,1_721481840,1_7976104,1775078296,1775078296,default
1775077791,1_70330,1_102705,230,1_664298520,1_7976384,1775077923,1775077923,default
1775077791,1_50787,1_100074,183,1_800656830,1_8023731,1775077980,1775077980,default
1775077791,1_620,40_100239,550,40_597757390,40_7976612,1775078100,1775078100,default
1775077791,1_620,40_510,510,40_16133736__MCOB-DO:121:0:Weekday:2:26MAR:86019:12345,40_MCOB-DO:121:0:Weekday:2:26MAR:86019:12345,1775079000,1775079000,default
1775077791,1_620,40_515,515,40_16133696__MCOB-DO:121:0:Weekday:2:26MAR:86022:12345,40_MCOB-DO:121:0:Weekday:2:26MAR:86022:12345,1775080800,1775080800,default
1775077791,1_620,40_510,510,40_16133738__MCOB-DO:121:0:Weekday:2:26MAR:86021:12345,40_MCOB-DO:121:0:Weekday:2:26MAR:86021:12345,1775081400,1775081400,default
1775077791,1_10912,1_100224,44,1_664047100,1_7974983,1775078029,1775078029,default
1775077791,1_10912,1_100162,271,1_569495940,1_7976350,1775078700,1775078700,default
1775077791,1_10912,40_100511,542,40_569570770,40_7976686,1775079480,1775079480,default
1775077791,1_10912,1_100162,271,1_569495860,1_7976674,1775079660,1775079660,default
1775078091,1_103,1_102745,G Line,1_736435730,1_7974686,1775078206,1775078206,default
1775078091,1_481,1_102576,C Line,1_800867930,1_8024977,1775078100,1775078100,default
1775078091,1_60161,1_100042,148,1_800646350,1_8023771,1775079720,1775079720,default
1775078091,1_60161,1_100042,148,1_800646420,1_8023887,1775081520,1775081520,default
1775078091,1_8541,1_100039,14,1_562519720,1_7974986,1775078160,1775078160,default
1775078091,1_12770,1_100219,4,1_675345370,1_4372,1775078108,1775078108,default
1775078091,1_575,1_100089,2,1_788758180,1_8023470,1775078220,1775078220,default
1775078091,1_2850,1_100089,2,1_788758190,1_8023453,1775078460,1775078460,default
1775078091,1_46505,1_102619,F Line,1_721496770,1_7976229,1775078880,1775078880,default
1775078091,1_29423,1_102732,79,1_816446410,1_8022070,1775079000,1775079000,default
1775078091,1_11590,1_100002,10,1_675382950,1_7974876,1775078156,1775078156,default
1775078091,1_79877,1_100162,271,1_569497130,1_7976667,1775078192,1775078192,default
1775078091,1_72494,1_100160,269,1_806916960,1_8024686,1775078220,1775078220,default
1775078091,1_52306,1_102619,F Line,1_800653590,1_8023728,1775078700,1775078700,default
1775078091,1_52306,1_102619,F Line,1_800653850,1_8023729,1775079600,1775079600,default
1775078091,1_52306,1_102619,F Line,1_800654560,1_8023711,1775080500,1775080500,default
1775078091,1_52306,1_102619,F Line,1_800653960,1_8023763,1775081400,1775081400,default
1775078091,1_45670,1_100210,36,1_800583220,1_8023416,1775078212,1775078225,default
1775078091,1_76312,1_102705,230,1_664298530,1_7976336,1775078353,1775078353,default
1775078091,1_57804,1_100072,181,1_721481840,1_7976104,1775078296,1775078296,default
1775078091,1_39983,1_100111,22,1_635462290,1_7976056,1775078040,1775078215,default
1775078091,1_39983,1_102736,H Line,1_694056490,1_7974891,1775078220,1775078220,default
1775078091,1_21080,1_100249,60,1_801585670,1_7128,1775078220,1775078220,default
1775078091,1_22184,1_102736,H Line,1_694056500,1_7974900,1775078246,1775078246,default
1775078091,1_59282,1_100072,181,1_721481980,1_7976037,1775078880,1775078880,default
1775078091,1_19921,1_100101,21,1_809331590,1_8025797,1775078161,1775078262,default
1775078091,1_81684,1_100160,269,1_806916860,1_8024688,1775078280,1775078280,default
1775078091,1_620,40_510,510,40_16133736__MCOB-DO:121:0:Weekday:2:26MAR:86019:12345,40_MCOB-DO:121:0:Weekday:2:26MAR:86019:12345,1775079000,1775079000,default
1775078091,1_620,40_515,515,40_16133696__MCOB-DO:121:0:Weekday:2:26MAR:86022:12345,40_MCOB-DO:121:0:Weekday:2:26MAR:86022:12345,1775080800,1775080800,default
1775078091,1_620,40_510,510,40_16133738__MCOB-DO:121:0:Weekday:2:26MAR:86021:12345,40_MCOB-DO:121:0:Weekday:2:26MAR:86021:12345,1775081400,1775081400,default
1775078091,1_10912,1_100264,70,1_801593140,1_8213,1775078266,1775078266,default
1775078091,1_10912,1_100162,271,1_569495940,1_7976350,1775078700,1775078700,default
1775078091,1_10912,40_100511,542,40_569570770,40_7976686,1775079480,1775079480,default
1775078091,1_10912,1_100162,271,1_569495860,1_7976674,1775079660,1775079660,default
1775078091,1_71960,40_100511,542,40_721030790,40_7976607,1775079060,1775079060,default
1775078091,1_8403,1_100039,14,1_562519560,1_7974978,1775078280,1775078280,default
1775078091,1_18220,1_100219,4,1_675345340,1_7974886,1775078280,1775078280,default
1775078391,1_46791,1_100016,118,1_669631410,1_7976012,1775078460,1775078460,default
1775078391,1_77930,1_102746,333,1_778704100,1_7975681,1775078477,1775078477,default
1775078391,1_51551,1_102736,H Line,1_694056900,1_7974899,1775078427,1775078427,default
1775078391,1_60161,1_100042,148,1_800646350,1_8023771,1775079720,1775079720,default
1775078391,1_60161,1_100042,148,1_800646420,1_8023887,1775081520,1775081520,default
1775078391,1_12770,1_100228,48,1_721359490,1_7974618,1775078500,1775078500,default
1775078391,1_320,40_100240,554,40_560097120,40_9652,1775078400,1775078486,default
1775078391,1_13830,1_102581,D Line,1_803817300,1_8022075,1775078471,1775078471,default
1775078391,1_2850,1_100089,2,1_788758190,1_7091,1775078460,1775078104,default
1775078391,1_46505,1_102619,F Line,1_721496770,1_7976229,1775078880,1775078880,default
1775078391,1_29423,1_102732,79,1_816446410,1_8022070,1775079000,1775079000,default
1775078391,1_77460,1_102746,333,1_778704580,1_7975683,1775078457,1775078457,default
1775078391,1_73366,1_102548,B Line,1_721018560,1_7976649,1775078560,1775078560,default
1775078391,1_52306,1_102619,F Line,1_800653590,1_8023728,1775078700,1775078700,default
1775078391,1_52306,1_102619,F Line,1_800653850,1_8023729,1775079600,1775079600,default
1775078391,1_52306,1_102619,F Line,1_800654560,1_8023711,1775080500,1775080500,default
1775078391,1_52306,1_102619,F Line,1_800653960,1_8023763,1775081400,1775081400,default
1775078391,1_59282,1_100072,181,1_721481980,1_7182,1775078880,1775078190,default
1775078391,1_59282,1_102717,165,1_800649780,1_7177,1775079300,1775078354,default
1775078391,1_59282,1_102717,165,1_800649780,1_8023878,1775079300,1775079300,default
1775078391,1_82810,1_100133,240,1_806916120,1_8024706,1775078541,1775078541,default
1775078391,1_42540,1_100072,181,1_721481830,1_7976015,1775078602,1775078602,default
1775078391,1_620,40_510,510,40_16133736__MCOB-DO:121:0:Weekday:2:26MAR:86019:12345,40_MCOB-DO:121:0:Weekday:2:26MAR:86019:12345,1775079000,1775079000,default
1775078391,1_620,40_100239,550,40_597757360,40_7976614,1775079060,1775079060,default
1775078391,1_620,40_515,515,40_16133696__MCOB-DO:121:0:Weekday:2:26MAR:86022:12345,40_MCOB-DO:121:0:Weekday:2:26MAR:86022:12345,1775080800,1775080800,default
1775078391,1_620,40_510,510,40_16133738__MCOB-DO:121:0:Weekday:2:26MAR:86021:12345,40_MCOB-DO:121:0:Weekday:2:26MAR:86021:12345,1775081400,1775081400,default
1775078391,1_10912,1_100447,49,1_801199970,1_4321,1775078490,1775078564,default
1775078391,1_10912,1_100162,271,1_569495940,1_7976350,1775078700,1775078700,default
1775078391,1_10912,40_100511,542,40_569570770,40_7976686,1775079480,1775079480,default
1775078391,1_10912,1_100162,271,1_569495860,1_7976674,1775079660,1775079660,default
1775078391,1_10912,40_100451,556,40_635882640,40_7976563,1775080800,1775080800,default
1775078391,1_71960,40_100511,542,40_721030790,40_7976607,1775079060,1775079060,default
1775078391,1_58230,1_102720,160,1_770988380,1_7976075,1775078582,1775078582,default
1775078391,1_8403,1_100039,14,1_562519560,1_7974978,1775078280,1775078280,default
1775078691,1_12170,1_100039,14,1_562519560,1_7974978,1775078859,1775078859,default
1775078691,1_60161,1_100042,148,1_800646350,1_8023771,1775079720,1775079720,default
1775078691,1_60161,1_100042,148,1_800646420,1_8023887,1775081520,1775081520,default
1775078691,1_970,40_578,578,40_979020,40_267,1775078762,1775078762,default
1775078691,1_320,40_100239,550,40_597757350,40_9654,1775078700,1775078826,default
1775078691,1_68784,1_100136,245,1_761787740,1_7976379,1775078758,1775078758,default
1775078691,1_46505,1_102619,F Line,1_721496770,1_7976229,1775078880,1775078880,default
1775078691,1_46505,1_102619,F Line,1_721496120,1_7976085,1775079780,1775079780,default
1775078691,1_29423,1_102732,79,1_816446410,1_8022070,1775079000,1775079000,default
1775078691,1_27420,1_100249,60,1_801585300,1_8025818,1775078888,1775078888,default
1775078691,1_3470,1_100249,60,1_801585470,1_8025823,1775078760,1775078760,default
1775078691,1_52306,1_102619,F Line,1_800653850,1_8023729,1775079600,1775079600,default
1775078691,1_52306,1_102619,F Line,1_800654560,1_8023711,1775080500,1775080500,default
1775078691,1_52306,1_102619,F Line,1_800653960,1_8023763,1775081400,1775081400,default
1775078691,1_52306,1_102619,F Line,1_800654170,1_8023765,1775082300,1775082300,default
1775078691,1_71970,1_102704,250,1_806915240,1_8024724,1775078817,1775078817,default
1775078691,1_49350,1_100026,128,1_806634380,1_8023683,1775078917,1775078917,default
1775078691,1_2200,1_100275,8,1_800891220,1_8066,1775078733,1775078826,default
1775078691,1_39983,1_102736,H Line,1_694056480,1_7974898,1775078820,1775078820,default
1775078691,1_54971,1_100004,105,1_664457940,1_7976219,1775077613,1775078876,default
1775078691,1_22184,1_102736,H Line,1_694056620,1_7974967,1775078846,1775078846,default
1775078691,1_59282,1_100072,181,1_721481980,1_7182,1775078880,1775078190,default
1775078691,1_59282,1_102717,165,1_800649780,1_7177,1775079300,1775078354,default
1775078691,1_60710,1_100512,A Line,1_800643930,1_8023849,1775078839,1775078839,default
1775078691,1_620,40_100240,554,40_774871420,40_7976708,1775078880,1775078880,default
1775078691,1_620,40_510,510,40_16133736__MCOB-DO:121:0:Weekday:2:26MAR:86019:12345,40_MCOB-DO:121:0:Weekday:2:26MAR:86019:12345,1775079000,1775079000,default
1775078691,1_620,40_100239,550,40_597757360,40_7976614,1775079060,1775079060,default
1775078691,1_620,40_515,515,40_16133696__MCOB-DO:121:0:Weekday:2:26MAR:86022:12345,40_MCOB-DO:121:0:Weekday:2:26MAR:86022:12345,1775080800,1775080800,default
1775078691,1_620,40_510,510,40_16133738__MCOB-DO:121:0:Weekday:2:26MAR:86021:12345,40_MCOB-DO:121:0:Weekday:2:26MAR:86021:12345,1775081400,1775081400,default
1775078691,1_10912,40_100511,542,40_569570770,40_7976686,1775079480,1775079480,default
1775078691,1_10912,1_100162,271,1_569495860,1_7976674,1775079660,1775079660,default
1775078691,1_10912,40_100451,556,40_635882640,40_7976563,1775080800,1775080800,default
1775078691,1_10912,1_100162,271,1_581704380,1_7976671,1775080980,1775080980,default
1775078691,1_71960,40_100511,542,40_721030790,40_7976607,1775079060,1775079060,default
1775078991,1_6650,1_100229,5,1_809330460,1_8025840,1775079001,1775079001,default
1775078991,1_51551,1_102736,H Line,1_694056490,1_7974891,1775079027,1775079027,default
1775078991,1_67200,1_102552,226,1_833608390,1_8024714,1775079002,1775079002,default
1775078991,1_60161,1_100042,148,1_800646350,1_8023771,1775079720,1775079720,default
1775078991,1_60161,1_100042,148,1_800646420,1_8023887,1775081520,1775081520,default
1775078991,1_8541,1_100039,14,1_562520760,1_7974993,1775079060,1775079060,default
1775078991,1_8541,1_100263,7,1_650172830,1_7974958,1775078700,1775079091,default
1775078991,1_12770,1_100219,4,1_675345380,1_4314,1775079008,1775079008,default
1775078991,1_77752,1_102746,333,1_778704110,1_7975729,1775079033,1775079033,default
1775078991,1_13830,1_102581,D Line,1_800601130,1_8023437,1775079071,1775079071,default
1775078991,1_2850,1_100089,2,1_788757820,1_7155,1775079360,1775078658,default
1775078991,1_46505,1_102619,F Line,1_721496120,1_7976085,1775079780,1775079780,default
1775078991,1_27420,1_100161,27,1_759818890,1_7974705,1775079094,1775079094,default
1775078991,1_73112,1_102704,250,1_806915240,1_8024724,1775079107,1775079107,default
1775078991,1_52306,1_102619,F Line,1_800653850,1_8023729,1775079600,1775079600,default
1775078991,1_52306,1_102619,F Line,1_800654560,1_8023711,1775080500,1775080500,default
1775078991,1_52306,1_102619,F Line,1_800653960,1_8023763,1775081400,1775081400,default
1775078991,1_52306,1_102619,F Line,1_800654170,1_8023765,1775082300,1775082300,default
1775078991,1_8530,1_100039,14,1_562519710,1_7974994,1775079112,1775079112,default
1775078991,1_41940,1_100249,60,1_801585300,1_8025818,1775079157,1775079157,default
1775078991,1_80124,1_102719,161,1_800652190,1_8023880,1775079139,1775079139,default
1775078991,1_59282,1_102717,165,1_800649780,1_7177,1775079300,1775078354,default
1775078991,1_59282,1_102717,165,1_800649790,1_8023768,1775081340,1775081340,default
1775078991,1_82810,1_100133,240,1_811764750,1_8024707,1775079441,1775079145,default
1775078991,1_19921,1_100101,21,1_809328990,1_8025842,1775079001,1775079130,default
1775078991,1_620,40_515,515,40_16133696__MCOB-DO:121:0:Weekday:2:26MAR:86022:12345,40_MCOB-DO:121:0:Weekday:2:26MAR:86022:12345,1775080800,1775080800,default
1775078991,1_620,40_510,510,40_16133738__MCOB-DO:121:0:Weekday:2:26MAR:86021:12345,40_MCOB-DO:121:0:Weekday:2:26MAR:86021:12345,1775081400,1775081400,default
1775078991,1_620,1_102754,256,1_816378460,1_8005261,1775081640,1775081640,default
1775078991,1_10912,1_100264,70,1_801593310,1_8025882,1775079166,1775079166,default
1775078991,1_10912,1_100264,70,1_801593310,1_8245,1775079166,1775079199,default
1775078991,1_10912,40_100511,542,40_569570770,40_7976686,1775079480,1775079480,default
1775078991,1_10912,1_100162,271,1_569495860,1_7976674,1775079660,1775079660,default
1775078991,1_10912,1_100162,271,1_581747180,1_7976720,1775080320,1775080320,default
1775078991,1_10912,40_100451,556,40_635882640,40_7976563,1775080800,1775080800,default
1775078991,1_10912,1_100162,271,1_581704380,1_7976671,1775080980,1775080980,default
1775078991,1_8403,1_100039,14,1_562519720,1_7974986,1775079180,1775079180,default
1775079291,1_77930,1_102746,333,1_778704110,1_7975729,1775079317,1775079317,default
1775079291,1_60161,1_100042,148,1_800646350,1_8023771,1775079720,1775079720,default
1775079291,1_60161,1_100042,148,1_800646420,1_8023887,1775081520,1775081520,default
1775079291,1_23030,1_100101,21,1_809330720,1_8025799,1775079315,1775079315,default
1775079291,1_30510,1_100006,107,1_635437430,1_7976051,1775079359,1775079359,default
1775079291,1_575,1_100264,70,1_801593580,1_8250,1775079360,1775079360,default
1775079291,1_575,1_100028,13,1_788758980,1_7166,1775078940,1775079414,default
1775079291,1_2850,1_100089,2,1_788757820,1_7155,1775079360,1775078658,default
1775079291,1_46505,1_102619,F Line,1_721496120,1_7976085,1775079780,1775079780,default
1775079291,1_11590,1_100002,10,1_675385150,1_7974875,1775079356,1775079356,default
1775079291,1_77460,1_102746,333,1_778704790,1_7975727,1775079357,1775079357,default
1775079291,1_77460,1_102746,333,1_778704790,1_7255,1775079357,1775079357,default
1775079291,1_74743,1_102702,239,1_736529420,1_7976433,1775079439,1775079439,default
1775079291,1_52306,1_102619,F Line,1_800653850,1_8023729,1775079600,1775079600,default
1775079291,1_52306,1_102619,F Line,1_800654560,1_8023711,1775080500,1775080500,default
1775079291,1_52306,1_102619,F Line,1_800653960,1_8023763,1775081400,1775081400,default
1775079291,1_52306,1_102619,F Line,1_800654170,1_8023765,1775082300,1775082300,default
1775079291,1_22184,1_102736,H Line,1_694056470,1_7974895,1775079446,1775079446,default
1775079291,1_59282,1_102717,165,1_800649790,1_8023768,1775081340,1775081340,default
1775079291,1_60710,1_100512,A Line,1_800643490,1_8023744,1775079439,1775079439,default
1775079291,1_620,40_100239,550,40_597757370,40_7976644,1775079960,1775079960,default
1775079291,1_620,40_515,515,40_16133696__MCOB-DO:121:0:Weekday:2:26MAR:86022:12345,40_MCOB-DO:121:0:Weekday:2:26MAR:86022:12345,1775080800,1775080800,default
1775079291,1_620,40_510,510,40_16133738__MCOB-DO:121:0:Weekday:2:26MAR:86021:12345,40_MCOB-DO:121:0:Weekday:2:26MAR:86021:12345,1775081400,1775081400,default
1775079291,1_620,1_102754,256,1_816378460,1_8005261,1775081640,1775081640,default
1775079291,1_620,40_515,515,40_16133714__MCOB-DO:121:0:Weekday:2:26MAR:86025:12345,40_MCOB-DO:121:0:Weekday:2:26MAR:86025:12345,1775082780,1775082780,default
1775079291,1_620,29_424,424,29_16132035__MCOB-DO:121:0:Weekday:2:26MAR:61049:12345,29_MCOB-DO:121:0:Weekday:2:26MAR:61049:12345,1775082900,1775082900,default
1775079291,1_10912,40_100511,542,40_569570770,40_7976686,1775079480,1775079480,default
1775079291,1_10912,1_100162,271,1_569495860,1_7976674,1775079660,1775079660,default
1775079291,1_10912,1_100162,271,1_581747180,1_7976720,1775080320,1775080320,default
1775079291,1_10912,40_100511,542,40_608343980,40_7976608,1775080740,1775080740,default
1775079291,1_10912,40_100451,556,40_635882640,40_7976563,1775080800,1775080800,default
1775079291,1_10912,1_100162,271,1_581704380,1_7976671,1775080980,1775080980,default
1775079291,1_8403,1_100039,14,1_562519720,1_7974986,1775079180,1775079180,default
1775079291,1_58144,1_100048,153,1_833412090,1_8023721,1775078943,1775079484,default
1775079291,1_76310,1_100214,372,1_694306610,1_6885,1775079475,1775079476,default
1775079591,1_103,1_102745,G Line,1_736437580,1_7974684,1775079646,1775079646,default
1775079591,1_12170,1_100039,14,1_562519720,1_7974986,1775079759,1775079759,default
1775079591,1_51551,1_102736,H Line,1_694056480,1_7974898,1775079627,1775079627,default
1775079591,1_60161,1_100042,148,1_800646350,1_8023771,1775079720,1775079720,default
1775079591,1_60161,1_100042,148,1_800646420,1_8023887,1775081520,1775081520,default
1775079591,1_30790,1_100249,60,1_801585570,1_7072,1775079637,1775079637,default
1775079591,1_68784,1_100136,245,1_761787350,1_7976371,1775079658,1775079658,default
1775079591,1_13830,1_102581,D Line,1_803817120,1_8022079,1775079671,1775079671,default
1775079591,1_2850,1_100089,2,1_788758200,1_7098,1775080260,1775079376,default
1775079591,1_46505,1_102619,F Line,1_721496120,1_7976085,1775079780,1775079780,default
1775079591,1_46505,1_102619,F Line,1_694520730,1_7976225,1775080560,1775080560,default
1775079591,1_3470,1_100210,36,1_800584190,1_8023380,1775079720,1775079720,default
1775079591,1_57453,1_102719,161,1_800651830,1_8023847,1775079000,1775079678,default
1775079591,1_84810,1_102752,223,1_833610790,1_8024749,1775079667,1775079667,default
1775079591,1_52306,1_100030,131,1_800858100,1_8024996,1775079720,1775079720,default
1775079591,1_52306,1_102619,F Line,1_800654560,1_8023711,1775080500,1775080500,default
1775079591,1_52306,1_102619,F Line,1_800653960,1_8023763,1775081400,1775081400,default
1775079591,1_52306,1_102619,F Line,1_800654170,1_8023765,1775082300,1775082300,default
1775079591,1_11060,1_100447,49,1_801199970,1_8023497,1775079690,1775079727,default
1775079591,1_2200,1_100001,1,1_562519680,1_7974977,1775079386,1775079731,default
1775079591,1_57804,1_100072,181,1_721482050,1_7976082,1775080033,1775080033,default
1775079591,1_21080,1_100249,60,1_801585650,1_7038,1775079660,1775079752,default
1775079591,1_59282,1_102717,165,1_800649790,1_8023768,1775081340,1775081340,default
1775079591,1_70330,1_102703,231,1_633061930,1_7976383,1775079723,1775079723,default
1775079591,1_620,40_100239,550,40_597757370,40_7976644,1775079960,1775079960,default
1775079591,1_620,40_515,515,40_16133696__MCOB-DO:121:0:Weekday:2:26MAR:86022:12345,40_MCOB-DO:121:0:Weekday:2:26MAR:86022:12345,1775080800,1775080800,default
1775079591,1_620,40_510,510,40_16133738__MCOB-DO:121:0:Weekday:2:26MAR:86021:12345,40_MCOB-DO:121:0:Weekday:2:26MAR:86021:12345,1775081400,1775081400,default
1775079591,1_620,1_102754,256,1_816378460,1_8005261,1775081640,1775081640,default
1775079591,1_620,40_515,515,40_16133714__MCOB-DO:121:0:Weekday:2:26MAR:86025:12345,40_MCOB-DO:121:0:Weekday:2:26MAR:86025:12345,1775082780,1775082780,default
1775079591,1_620,29_424,424,29_16132035__MCOB-DO:121:0:Weekday:2:26MAR:61049:12345,29_MCOB-DO:121:0:Weekday:2:26MAR:61049:12345,1775082900,1775082900,default
1775079591,1_10912,1_100162,271,1_581747180,1_6882,1775080320,1775079661,default
1775079591,1_10912,1_100162,271,1_581747180,1_7976720,1775080320,1775080320,default
1775079591,1_10912,40_100511,542,40_608343980,40_7976608,1775080740,1775080740,default
1775079591,1_10912,40_100451,556,40_635882640,40_7976563,1775080800,1775080800,default
1775079591,1_10912,1_100162,271,1_581704380,1_7976671,1775080980,1775080980,default
1775079591,1_10912,1_100162,271,1_664291350,1_7976352,1775081400,1775081400,default
1775079891,1_481,1_100024,125,1_721357800,1_7974702,1775079960,1775079960,default
1775079891,1_55812,1_100005,106,1_727785190,1_7975006,1775079908,1775079908,default
1775079891,1_60161,1_100042,148,1_800646420,1_8023887,1775081520,1775081520,default
1775079891,1_8541,1_100039,14,1_562519730,1_4336,1775079960,1775079960,default
1775079891,1_12770,1_100219,4,1_675345390,1_4335,1775079908,1775079908,default
1775079891,1_77752,1_102746,333,1_778704120,1_7975726,1775079933,1775079933,default
1775079891,1_575,1_102615,E Line,1_768603610,1_6081,1775079360,1775079962,default
1775079891,1_2850,1_100089,2,1_788758200,1_7098,1775080260,1775079376,default
1775079891,1_46505,1_102619,F Line,1_694520730,1_7976225,1775080560,1775080560,default
1775079891,1_46505,1_102619,F Line,1_694520880,1_7976083,1775083260,1775083260,default
1775079891,1_72560,1_102704,250,1_816288290,1_8024728,1775079963,1775079963,default
1775079891,1_73112,1_102704,250,1_806915280,1_8024722,1775080007,1775080007,default
1775079891,1_52306,1_102619,F Line,1_800654560,1_8023711,1775080500,1775080500,default
1775079891,1_52306,1_102619,F Line,1_800653960,1_8023763,1775081400,1775081400,default
1775079891,1_52306,1_102619,F Line,1_800654170,1_8023765,1775082300,1775082300,default
1775079891,1_52306,1_102619,F Line,1_800654410,1_8023883,1775083500,1775083500,default
1775079891,1_8530,1_100039,14,1_562519690,1_7974990,1775080012,1775080012,default
1775079891,1_45670,1_100210,36,1_800584090,1_8023432,1775080041,1775080041,default
1775079891,1_36510,1_100026,128,1_806634690,1_8023674,1775080010,1775080010,default
1775079891,1_71970,1_102752,223,1_833610800,1_7236,1775080037,1775080037,default
1775079891,1_57804,1_100072,181,1_721482050,1_7976082,1775080033,1775080033,default
1775079891,1_22184,1_100249,60,1_801585290,1_8025819,1775080025,1775080025,default
1775079891,1_59282,1_100072,181,1_721481520,1_7319,1775080680,1775079737,default
1775079891,1_59282,1_102717,165,1_800649790,1_8023768,1775081340,1775081340,default
1775079891,1_41370,1_100219,4,1_675345360,1_7974869,1775080026,1775080026,default
1775079891,1_60710,1_100512,A Line,1_800643500,1_8023805,1775080039,1775080039,default
1775079891,1_81684,1_100160,269,1_806917820,1_8024685,1775080080,1775080080,default
1775079891,1_620,40_100240,554,40_774871430,40_7976690,1775080260,1775080260,default
1775079891,1_620,40_515,515,40_16133696__MCOB-DO:121:0:Weekday:2:26MAR:86022:12345,40_MCOB-DO:121:0:Weekday:2:26MAR:86022:12345,1775080800,1775080800,default
1775079891,1_620,40_510,510,40_16133738__MCOB-DO:121:0:Weekday:2:26MAR:86021:12345,40_MCOB-DO:121:0:Weekday:2:26MAR:86021:12345,1775081400,1775081400,default
1775079891,1_620,1_102754,256,1_816378460,1_8005261,1775081640,1775081640,default
1775079891,1_620,40_515,515,40_16133714__MCOB-DO:121:0:Weekday:2:26MAR:86025:12345,40_MCOB-DO:121:0:Weekday:2:26MAR:86025:12345,1775082780,1775082780,default
1775079891,1_620,29_424,424,29_16132035__MCOB-DO:121:0:Weekday:2:26MAR:61049:12345,29_MCOB-DO:121:0:Weekday:2:26MAR:61049:12345,1775082900,1775082900,default
1775079891,1_620,1_102754,256,1_816378470,1_8005281,1775083380,1775083380,default
1775079891,1_620,40_515,515,40_16133690__MCOB-DO:121:0:Weekday:2:26MAR:86026:12345,40_MCOB-DO:121:0:Weekday:2:26MAR:86026:12345,1775083500,1775083500,default
1775079891,1_10912,1_100264,70,1_801594260,1_8026417,1775080066,1775080090,default
1775079891,1_10912,40_100511,542,40_608343980,40_7976608,1775080740,1775080740,default
1775079891,1_10912,40_100451,556,40_635882640,40_7976563,1775080800,1775080800,default
1775079891,1_10912,1_100162,271,1_581704380,1_7976671,1775080980,1775080980,default
1775079891,1_10912,1_100162,271,1_664291350,1_7976352,1775081400,1775081400,default
1775079891,1_10912,40_100511,542,40_608344590,40_7976604,1775082060,1775082060,default
1775079891,1_71960,40_100511,542,40_721031450,40_9682,1775080680,1775079588,default
1775079891,1_8403,1_100039,14,1_562520760,1_7974993,1775080080,1775080080,default
1775080191,1_46791,1_100016,118,1_635461360,1_7976005,1775080440,1775080440,default
1775080191,1_77930,1_102746,333,1_778704120,1_7975726,1775080217,1775080217,default
1775080191,1_60161,1_100042,148,1_800646420,1_8023887,1775081520,1775081520,default
1775080191,1_970,40_578,578,40_1923020,40_10177,1775080262,1775080262,default
1775080191,1_2850,1_100089,2,1_788758200,1_7098,1775080260,1775079376,default
1775080191,1_2850,1_100089,2,1_788757830,1_8023486,1775081160,1775081160,default
1775080191,1_2850,1_100089,2,1_788757830,1_7119,1775081160,1775081160,default
1775080191,1_46505,1_102619,F Line,1_694520730,1_7976225,1775080560,1775080560,default
1775080191,1_46505,1_102619,F Line,1_694520880,1_7976083,1775083260,1775083260,default
1775080191,1_3470,1_100249,60,1_801585670,1_8025822,1775080260,1775080260,default
1775080191,1_77460,1_102746,333,1_778704550,1_7975681,1775080257,1775080257,default
1775080191,1_68130,1_102548,B Line,1_721019250,1_6023,1775080136,1775080254,default
1775080191,1_81199,1_100072,181,1_721482050,1_7976082,1775080380,1775080380,default
1775080191,1_52306,1_102619,F Line,1_800654560,1_8023711,1775080500,1775080500,default
1775080191,1_52306,1_102619,F Line,1_800653960,1_8023763,1775081400,1775081400,default
1775080191,1_52306,1_102619,F Line,1_800654170,1_8023765,1775082300,1775082300,default
1775080191,1_52306,1_102619,F Line,1_800654410,1_8023883,1775083500,1775083500,default
1775080191,1_7750,1_102615,E Line,1_761418450,1_7975626,1775080332,1775080332,default
1775080191,1_45670,1_100210,36,1_800584090,1_4563,1775080041,1775080319,default
1775080191,1_2200,1_100001,1,1_562519640,1_7974988,1775080286,1775080332,default
1775080191,1_54971,1_100004,105,1_635436410,1_7976124,1775080313,1775080333,default
1775080191,1_59282,1_100072,181,1_721481520,1_7319,1775080680,1775079737,default
1775080191,1_59282,1_102717,165,1_800649790,1_8023768,1775081340,1775081340,default
1775080191,1_42540,1_100072,181,1_721481680,1_7976033,1775080342,1775080342,default
1775080191,1_10210,1_100264,70,1_801593310,1_8025882,1775080362,1775080362,default
1775080191,1_620,40_100236,545,40_563501220,40_7976552,1775080560,1775080560,default
1775080191,1_620,40_515,515,40_16133696__MCOB-DO:121:0:Weekday:2:26MAR:86022:12345,40_MCOB-DO:121:0:Weekday:2:26MAR:86022:12345,1775080800,1775080800,default
1775080191,1_620,40_100239,550,40_597757340,40_7976643,1775080920,1775080920,default
1775080191,1_620,40_510,510,40_16133738__MCOB-DO:121:0:Weekday:2:26MAR:86021:12345,40_MCOB-DO:121:0:Weekday:2:26MAR:86021:12345,1775081400,1775081400,default
1775080191,1_620,1_102754,256,1_816378460,1_8005261,1775081640,1775081640,default
1775080191,1_620,40_515,515,40_16133714__MCOB-DO:121:0:Weekday:2:26MAR:86025:12345,40_MCOB-DO:121:0:Weekday:2:26MAR:86025:12345,1775082780,1775082780,default
1775080191,1_620,29_424,424,29_16132035__MCOB-DO:121:0:Weekday:2:26MAR:61049:12345,29_MCOB-DO:121:0:Weekday:2:26MAR:61049:12345,1775082900,1775082900,default
1775080191,1_620,1_102754,256,1_816378470,1_8005281,1775083380,1775083380,default
1775080191,1_620,40_515,515,40_16133690__MCOB-DO:121:0:Weekday:2:26MAR:86026:12345,40_MCOB-DO:121:0:Weekday:2:26MAR:86026:12345,1775083500,1775083500,default
1775080191,1_620,40_510,510,40_16133740__MCOB-DO:121:0:Weekday:2:26MAR:86027:12345,40_MCOB-DO:121:0:Weekday:2:26MAR:86027:12345,1775083800,1775083800,default
1775080191,1_10912,40_100511,542,40_608343980,40_7976608,1775080740,1775080740,default
1775080191,1_10912,40_100451,556,40_635882640,40_7976563,1775080800,1775080800,default
1775080191,1_10912,1_100162,271,1_581704380,1_7976671,1775080980,1775080980,default
1775080191,1_10912,1_100162,271,1_664291350,1_7976352,1775081400,1775081400,default
1775080191,1_10912,40_100511,542,40_608344590,40_7976604,1775082060,1775082060,default
1775080191,1_10912,40_100451,556,40_635882050,40_7976710,1775082300,1775082300,default
1775080191,1_71960,40_100511,542,40_721031450,40_9682,1775080680,1775079588,default
1775080191,1_8403,1_100039,14,1_562520760,1_7974993,1775080080,1775080080,default
1775080191,1_76310,1_102705,230,1_664298650,1_7349,1775080423,1775080423,default
1775080491,1_12170,1_100039,14,1_562520760,1_7974993,1775080659,1775080659,default
1775080491,1_60161,1_100042,148,1_800646420,1_8023887,1775081520,1775081520,default
1775080491,1_575,1_102615,E Line,1_761417470,1_6094,1775080740,1775080568,default
1775080491,1_2850,1_100089,2,1_788757830,1_7119,1775081160,1775080260,default
1775080491,1_2850,1_100089,2,1_788757830,1_8023486,1775081160,1775081160,default
1775080491,1_46505,1_102619,F Line,1_694520730,1_7976225,1775080560,1775080560,default
1775080491,1_46505,1_102619,F Line,1_694521340,1_7976142,1775081340,1775081502,default
1775080491,1_46505,1_102619,F Line,1_694520880,1_7976083,1775083260,1775083260,default
1775080491,1_46505,1_102619,F Line,1_694521140,1_7976226,1775083860,1775083860,default
1775080491,1_31680,1_100249,60,1_801585570,1_8025883,1775080550,1775080550,default
1775080491,1_1190,1_100447,49,1_798196030,1_4370,1775081008,1775081053,default
1775080491,1_27420,1_100249,60,1_801585670,1_8025822,1775081108,1775081108,default
1775080491,1_68130,1_102548,B Line,1_721018420,1_6028,1775081096,1775081096,default
1775080491,1_81254,1_100202,345,1_724954580,1_7975635,1775081065,1775081065,default
1775080491,1_84810,1_102752,223,1_833610800,1_8024727,1775081119,1775081119,default
1775080491,1_5489,1_102746,333,1_778704550,1_7975681,1775081135,1775081135,default
1775080491,1_52306,1_102619,F Line,1_800653960,1_8023763,1775081400,1775081400,default
1775080491,1_52306,1_102619,F Line,1_800654170,1_8023765,1775082300,1775082300,default
1775080491,1_52306,1_102619,F Line,1_800654410,1_8023883,1775083500,1775083500,default
1775080491,1_52306,1_102619,F Line,1_800653760,1_8023779,1775084100,1775084100,default
1775080491,1_48390,1_100030,131,1_800857910,1_8024990,1775081093,1775081093,default
1775080491,1_40030,1_102574,40,1_811901770,1_8256,1775081051,1775081132,default
1775080491,1_17800,1_100202,345,1_761389550,1_7975637,1775081166,1775081166,default
1775080491,1_9605,1_100259,67,1_534488840,1_7975675,1775080980,1775081160,default
1775080491,1_2200,1_100028,13,1_788759340,1_8023446,1775080946,1775081158,default
1775080491,1_59282,1_102717,165,1_800649800,1_7129,1775082540,1775080824,default
1775080491,1_59282,1_102717,165,1_800649790,1_8023768,1775081340,1775081340,default
1775080491,1_59282,1_102717,165,1_800649800,1_8023767,1775082540,1775082540,default
1775080491,1_57791,1_102718,184,1_635442870,1_7976222,1775081169,1775081169,default
1775080491,1_620,40_100236,545,40_563501300,40_7976560,1775081160,1775081160,default
1775080491,1_620,40_100236,545,40_563501300,40_9636,1775081160,1775081201,default
1775080491,1_620,40_510,510,40_16133738__MCOB-DO:121:0:Weekday:2:26MAR:86021:12345,40_MCOB-DO:121:0:Weekday:2:26MAR:86021:12345,1775081400,1775081400,default
1775080491,1_620,1_102754,256,1_816378460,1_8005261,1775081640,1775081640,default
1775080491,1_620,40_515,515,40_16133714__MCOB-DO:121:0:Weekday:2:26MAR:86025:12345,40_MCOB-DO:121:0:Weekday:2:26MAR:86025:12345,1775082780,1775082780,default
1775080491,1_620,29_424,424,29_16132035__MCOB-DO:121:0:Weekday:2:26MAR:61049:12345,29_MCOB-DO:121:0:Weekday:2:26MAR:61049:12345,1775082900,1775082900,default
1775080491,1_620,1_102754,256,1_816378470,1_8005281,1775083380,1775083380,default
1775080491,1_620,40_515,515,40_16133690__MCOB-DO:121:0:Weekday:2:26MAR:86026:12345,40_MCOB-DO:121:0:Weekday:2:26MAR:86026:12345,1775083500,1775083500,default
1775080491,1_620,40_510,510,40_16133740__MCOB-DO:121:0:Weekday:2:26MAR:86027:12345,40_MCOB-DO:121:0:Weekday:2:26MAR:86027:12345,1775083800,1775083800,default
1775080491,1_620,40_515,515,40_16133718__MCOB-DO:121:0:Weekday:2:26MAR:86029:12345,40_MCOB-DO:121:0:Weekday:2:26MAR:86029:12345,1775084400,1775084400,default
1775080491,1_10912,1_100162,271,1_664291350,1_7976352,1775081400,1775081400,default
1775080491,1_10912,40_100511,542,40_608344590,40_7976604,1775082060,1775082060,default
1775080491,1_10912,1_100162,271,1_581745970,1_7976388,1775082240,1775082240,default
1775080491,1_10912,40_100451,556,40_635882050,40_7976710,1775082300,1775082300,default
1775080491,1_10912,1_100162,271,1_569496080,1_7976382,1775083560,1775083560,default
1775080491,1_8403,1_100039,14,1_562519730,1_7974987,1775080980,1775080980,default
1775081168,1_481,1_102736,H Line,1_694056200,1_6076,1775081160,1775081184,default
1775081168,1_60161,1_100042,148,1_800646420,1_3733,1775081520,1775081026,default
1775081168,1_60161,1_100042,148,1_800646420,1_8023887,1775081520,1775081520,default
1775081168,1_575,1_100219,4,1_675345390,1_7974867,1775081280,1775081280,default
1775081168,1_2850,1_100089,2,1_788758210,1_7115,1775082120,1775080409,default
1775081168,1_46505,1_102619,F Line,1_694521340,1_7976142,1775081340,1775081725,default
1775081168,1_46505,1_102619,F Line,1_694521590,1_7976074,1775082060,1775082060,default
1775081168,1_46505,1_102619,F Line,1_694521870,1_7976004,1775082660,1775082660,default
1775081168,1_46505,1_102619,F Line,1_694520880,1_7976083,1775083260,1775083260,default
1775081168,1_46505,1_102619,F Line,1_694521140,1_7976226,1775083860,1775083860,default
1775081168,1_1510,1_100210,36,1_800584150,1_8023485,1775081258,1775081258,default
1775081168,1_74743,1_102702,239,1_736529410,1_7976431,1775081239,1775081239,default
1775081168,1_11200,1_100447,49,1_801199960,1_8023491,1775081280,1775081280,default
1775081168,1_52306,1_102619,F Line,1_800653960,1_8023763,1775081400,1775081400,default
1775081168,1_52306,1_102619,F Line,1_800654170,1_8023765,1775082300,1775082300,default
1775081168,1_52306,1_102619,F Line,1_800654410,1_8023883,1775083500,1775083500,default
1775081168,1_52306,1_102619,F Line,1_800653760,1_8023779,1775084100,1775084100,default
1775081168,1_8530,1_100263,7,1_800587800,1_8023413,1775081289,1775081289,default
1775081168,1_45670,1_100210,36,1_800582360,1_8023381,1775081241,1775081343,default
1775081168,1_70665,1_102704,250,1_806915290,1_8024764,1775081318,1775081318,default
1775081168,1_71970,1_102704,250,1_806915310,1_8024719,1775081288,1775081288,default
1775081168,1_57804,1_100072,181,1_721481690,1_7976015,1775081893,1775081893,default
1775081168,1_22184,1_102736,H Line,1_694056310,1_7974899,1775081381,1775081381,default
1775081168,1_59282,1_102717,165,1_800649800,1_7129,1775082540,1775080824,default
1775081168,1_59282,1_102717,165,1_800649790,1_8023768,1775081340,1775081340,default
1775081168,1_620,40_510,510,40_16133738__MCOB-DO:121:0:Weekday:2:26MAR:86021:12345,40_17854,1775081400,1775081119,default
1775081168,1_620,40_100240,554,40_774871400,40_7976694,1775081520,1775081520,default
1775081168,1_620,1_102754,256,1_816378460,1_8005261,1775081640,1775081640,default
1775081168,1_620,40_100239,550,40_597757800,40_7976642,1775081880,1775081880,default
1775081168,1_620,40_515,515,40_16133714__MCOB-DO:121:0:Weekday:2:26MAR:86025:12345,40_MCOB-DO:121:0:Weekday:2:26MAR:86025:12345,1775082780,1775082780,default
1775081168,1_620,29_424,424,29_16132035__MCOB-DO:121:0:Weekday:2:26MAR:61049:12345,29_MCOB-DO:121:0:Weekday:2:26MAR:61049:12345,1775082900,1775082900,default
1775081168,1_620,1_102754,256,1_816378470,1_8005281,1775083380,1775083380,default
1775081168,1_620,40_515,515,40_16133690__MCOB-DO:121:0:Weekday:2:26MAR:86026:12345,40_MCOB-DO:121:0:Weekday:2:26MAR:86026:12345,1775083500,1775083500,default
1775081168,1_620,40_510,510,40_16133740__MCOB-DO:121:0:Weekday:2:26MAR:86027:12345,40_MCOB-DO:121:0:Weekday:2:26MAR:86027:12345,1775083800,1775083800,default
1775081168,1_620,40_515,515,40_16133718__MCOB-DO:121:0:Weekday:2:26MAR:86029:12345,40_MCOB-DO:121:0:Weekday:2:26MAR:86029:12345,1775084400,1775084400,default
1775081168,1_10912,1_100162,271,1_664291350,1_7976352,1775081400,1775081400,default
1775081168,1_10912,40_100511,542,40_608344590,40_7976604,1775082060,1775082060,default
1775081168,1_10912,1_100162,271,1_581745970,1_7976388,1775082240,1775082240,default
1775081168,1_10912,40_100451,556,40_635882050,40_7976710,1775082300,1775082300,default
1775081168,1_10912,1_100162,271,1_569496330,1_7976351,1775082960,1775082960,default
1775081168,1_10912,40_100511,542,40_569571200,40_7976607,1775083440,1775083440,default
1775081168,1_10912,1_100162,271,1_569496080,1_7976382,1775083560,1775083560,default
1775081168,1_8403,1_100039,14,1_562519730,1_7974987,1775080980,1775080980,default
1775081468,1_103,1_102745,G Line,1_736435840,1_7974689,1775081478,1775081478,default
1775081468,1_12170,1_100039,14,1_562519730,1_7974987,1775081559,1775081559,default
1775081468,1_46791,1_100016,118,1_669631320,1_7976012,1775081700,1775081700,default
1775081468,1_26560,1_102574,40,1_811900640,1_8026401,1775081636,1775081636,default
1775081468,1_60161,1_100042,148,1_800646420,1_3733,1775081520,1775081026,default
1775081468,1_320,40_100239,550,40_597758980,40_9688,1775081520,1775081499,default
1775081468,1_68784,1_100136,245,1_761788300,1_7976373,1775081518,1775081518,default
1775081468,1_2850,1_100089,2,1_788758210,1_7115,1775082120,1775080409,default
1775081468,1_2850,1_100089,2,1_788757840,1_8023467,1775082900,1775082900,default
1775081468,1_46505,1_102619,F Line,1_694521340,1_7976142,1775081340,1775081644,default
1775081468,1_46505,1_102619,F Line,1_694521590,1_7976074,1775082060,1775082060,default
1775081468,1_46505,1_102619,F Line,1_694521870,1_7976004,1775082660,1775082660,default
1775081468,1_46505,1_102619,F Line,1_694520880,1_7976083,1775083260,1775083260,default
1775081468,1_46505,1_102619,F Line,1_694521140,1_7976226,1775083860,1775083860,default
1775081468,1_29423,1_102732,79,1_817872870,1_8022128,1775083500,1775083500,default
1775081468,1_3470,1_100210,36,1_800582610,1_8023415,1775081580,1775081580,default
1775081468,1_1510,1_100263,7,1_800587800,1_8023413,1775081558,1775081558,default
1775081468,1_52306,40_560,560,40_2664020,40_10179,1775081700,1775081700,default
1775081468,1_52306,1_102619,F Line,1_800654170,1_8023765,1775082300,1775082300,default
1775081468,1_52306,1_102619,F Line,1_800654670,1_8023764,1775082900,1775082900,default
1775081468,1_52306,1_102619,F Line,1_800654410,1_8023883,1775083500,1775083500,default
1775081468,1_52306,1_102619,F Line,1_800653760,1_8023779,1775084100,1775084100,default
1775081468,1_41850,1_100249,60,1_801585650,1_8025821,1775081577,1775081577,default
1775081468,1_76312,1_102705,230,1_664298590,1_7976384,1775081653,1775081653,default
1775081468,1_57804,1_100072,181,1_721481690,1_7976015,1775081893,1775081893,default
1775081468,1_59282,1_102717,165,1_800649800,1_7129,1775082540,1775080824,default
1775081468,1_31890,1_100230,50,1_770997350,1_7976170,1775081621,1775081621,default
1775081468,1_31890,1_100026,128,1_806634690,1_8023674,1775081628,1775081628,default
1775081468,1_620,1_102754,256,1_816378460,1_8005261,1775081640,1775081640,default
1775081468,1_620,40_100236,545,40_563501270,40_9667,1775081760,1775081763,default
1775081468,1_620,40_100239,550,40_597757800,40_7976642,1775081880,1775081880,default
1775081468,1_620,40_515,515,40_16133714__MCOB-DO:121:0:Weekday:2:26MAR:86025:12345,40_MCOB-DO:121:0:Weekday:2:26MAR:86025:12345,1775082780,1775082780,default
1775081468,1_620,29_424,424,29_16132035__MCOB-DO:121:0:Weekday:2:26MAR:61049:12345,29_MCOB-DO:121:0:Weekday:2:26MAR:61049:12345,1775082900,1775082900,default
1775081468,1_620,1_102754,256,1_816378470,1_8005281,1775083380,1775083380,default
1775081468,1_620,40_515,515,40_16133690__MCOB-DO:121:0:Weekday:2:26MAR:86026:12345,40_MCOB-DO:121:0:Weekday:2:26MAR:86026:12345,1775083500,1775083500,default
1775081468,1_620,40_510,510,40_16133740__MCOB-DO:121:0:Weekday:2:26MAR:86027:12345,40_MCOB-DO:121:0:Weekday:2:26MAR:86027:12345,1775083800,1775083800,default
1775081468,1_620,40_515,515,40_16133718__MCOB-DO:121:0:Weekday:2:26MAR:86029:12345,40_MCOB-DO:121:0:Weekday:2:26MAR:86029:12345,1775084400,1775084400,default
1775081468,1_620,40_510,510,40_16133724__MCOB-DO:121:0:Weekday:2:26MAR:86030:12345,40_MCOB-DO:121:0:Weekday:2:26MAR:86030:12345,1775085000,1775085000,default
1775081468,1_10912,40_100511,542,40_608344590,40_7976604,1775082060,1775082060,default
1775081468,1_10912,1_100162,271,1_581745970,1_7976388,1775082240,1775082240,default
1775081468,1_10912,40_100451,556,40_635882050,40_7976710,1775082300,1775082300,default
1775081468,1_10912,1_100162,271,1_569496330,1_7976351,1775082960,1775082960,default
1775081468,1_10912,40_100511,542,40_569571200,40_7976607,1775083440,1775083440,default
1775081468,1_10912,1_100162,271,1_569496080,1_7976382,1775083560,1775083560,default
1775081468,1_71960,40_100511,542,40_721031150,40_7976686,1775082720,1775082720,default
1775081468,1_41900,1_100249,60,1_801585780,1_8025816,1775081640,1775081640,default
1775081768,1_103,1_102745,G Line,1_736435750,1_7974685,1775081838,1775081838,default
1775081768,1_481,1_100024,125,1_721357810,1_7974703,1775081820,1775081820,default
1775081768,1_5830,1_100229,5,1_809331200,1_8025838,1775081777,1775081777,default
1775081768,1_30790,1_100230,50,1_785559240,1_7976171,1775081817,1775081817,default
1775081768,1_320,40_592,592,40_3659020,40_10106,1775081880,1775081880,default
1775081768,1_68784,1_102548,B Line,1_721018420,1_7976638,1775081839,1775081839,default
1775081768,1_575,1_100210,36,1_800584150,1_8023485,1775081820,1775081820,default
1775081768,1_2850,1_100089,2,1_788758210,1_7115,1775082120,1775080409,default
1775081768,1_2850,1_100089,2,1_788757840,1_8023467,1775082900,1775082900,default
1775081768,1_77910,1_102746,333,1_778704140,1_7975728,1775081833,1775081833,default
1775081768,1_46505,1_102619,F Line,1_694521590,1_7976074,1775082060,1775082060,default
1775081768,1_46505,1_102619,F Line,1_694521870,1_7976004,1775082660,1775082660,default
1775081768,1_46505,1_102619,F Line,1_694520880,1_7976083,1775083260,1775083260,default
1775081768,1_46505,1_102619,F Line,1_694521140,1_7976226,1775083860,1775083860,default
1775081768,1_46505,1_102619,F Line,1_694521850,1_7976003,1775085060,1775085060,default
1775081768,1_29423,1_102732,79,1_816446300,1_8022069,1775082600,1775082600,default
1775081768,1_29423,1_102732,79,1_817872870,1_8022128,1775083500,1775083500,default
1775081768,1_27420,1_100249,60,1_801585780,1_8025816,1775081828,1775081828,default
1775081768,1_11590,1_100002,10,1_675382970,1_7974876,1775081833,1775081833,default
1775081768,1_1510,1_100210,36,1_800584090,1_8023432,1775081858,1775081858,default
1775081768,1_52306,1_102619,F Line,1_800654170,1_8023765,1775082300,1775082300,default
1775081768,1_52306,1_102619,F Line,1_800654670,1_8023764,1775082900,1775082900,default
1775081768,1_52306,1_102619,F Line,1_800654410,1_8023883,1775083500,1775083500,default
1775081768,1_52306,1_102619,F Line,1_800653760,1_8023779,1775084100,1775084100,default
1775081768,1_52306,1_102619,F Line,1_800653460,1_8023726,1775085300,1775085300,default
1775081768,1_8530,1_100263,7,1_800589120,1_8023428,1775081889,1775081889,default
1775081768,1_57804,1_100072,181,1_721481690,1_7976015,1775081893,1775081893,default
1775081768,1_21080,1_100249,60,1_801585590,1_7169,1775081820,1775081947,default
1775081768,1_59282,1_102717,165,1_800649800,1_7129,1775082540,1775080824,default
1775081768,1_59282,1_100072,181,1_721481850,1_7451,1775082480,1775081709,default
1775081768,1_59282,1_100072,181,1_721481850,1_7976082,1775082480,1775082480,default
1775081768,1_71678,1_102552,226,1_816296090,1_8024715,1775081931,1775081931,default
1775081768,1_81684,1_100160,269,1_806917240,1_8024686,1775081940,1775081940,default
1775081768,1_620,40_515,515,40_16133714__MCOB-DO:121:0:Weekday:2:26MAR:86025:12345,40_MCOB-DO:121:0:Weekday:2:26MAR:86025:12345,1775082780,1775082780,default
1775081768,1_620,29_424,424,29_16132035__MCOB-DO:121:0:Weekday:2:26MAR:61049:12345,29_MCOB-DO:121:0:Weekday:2:26MAR:61049:12345,1775082900,1775082900,default
1775081768,1_620,1_102754,256,1_816378470,1_8005281,1775083380,1775083380,default
1775081768,1_620,40_515,515,40_16133690__MCOB-DO:121:0:Weekday:2:26MAR:86026:12345,40_MCOB-DO:121:0:Weekday:2:26MAR:86026:12345,1775083500,1775083500,default
1775081768,1_620,40_510,510,40_16133740__MCOB-DO:121:0:Weekday:2:26MAR:86027:12345,40_MCOB-DO:121:0:Weekday:2:26MAR:86027:12345,1775083800,1775083800,default
1775081768,1_620,40_515,515,40_16133718__MCOB-DO:121:0:Weekday:2:26MAR:86029:12345,40_MCOB-DO:121:0:Weekday:2:26MAR:86029:12345,1775084400,1775084400,default
1775081768,1_620,40_510,510,40_16133724__MCOB-DO:121:0:Weekday:2:26MAR:86030:12345,40_MCOB-DO:121:0:Weekday:2:26MAR:86030:12345,1775085000,1775085000,default
1775081768,1_620,1_102754,256,1_816378480,1_8005264,1775085180,1775085180,default
1775081768,1_620,40_515,515,40_16133755__MCOB-DO:121:0:Weekday:2:26MAR:86031:12345,40_MCOB-DO:121:0:Weekday:2:26MAR:86031:12345,1775085300,1775085300,default
1775081768,1_49930,1_100031,132,1_800858880,1_8024986,1775081940,1775081940,default
1775081768,1_10912,1_100264,70,1_801593900,1_8026411,1775081866,1775081983,default
1775081768,1_10912,40_100511,542,40_608344590,40_7976604,1775082060,1775082060,default
1775081768,1_10912,1_100162,271,1_581745970,1_7976388,1775082240,1775082240,default
1775081768,1_10912,40_100451,556,40_635882050,40_7976710,1775082300,1775082300,default
1775081768,1_10912,1_100162,271,1_569496330,1_7976351,1775082960,1775082960,default
1775081768,1_10912,40_100511,542,40_569571200,40_7976607,1775083440,1775083440,default
1775081768,1_10912,1_100162,271,1_569496080,1_7976382,1775083560,1775083560,default
1775081768,1_10912,40_100451,556,40_635882320,40_7976550,1775084220,1775084220,default
1775081768,1_71960,40_100511,542,40_721031150,40_7976686,1775082720,1775082720,default
1775081768,1_8403,1_100039,14,1_562519610,1_7974977,1775081880,1775081880,default
1775082068,1_103,1_102745,G Line,1_736435810,1_7974690,1775082198,1775082198,default
1775082068,1_52638,1_102719,161,1_800652210,1_8023783,1775082109,1775082109,default
1775082068,1_320,40_100240,554,40_560096860,40_9655,1775082000,1775082130,default
1775082068,1_575,1_100219,4,1_675345400,1_7974865,1775082180,1775082180,default
1775082068,1_2850,1_100089,2,1_788758210,1_7115,1775082120,1775080409,default
1775082068,1_2850,1_100089,2,1_788757840,1_8023467,1775082900,1775082900,default
1775082068,1_46505,1_102619,F Line,1_694521870,1_7976004,1775082660,1775082660,default
1775082068,1_46505,1_102619,F Line,1_694520880,1_7976083,1775083260,1775083260,default
1775082068,1_46505,1_102619,F Line,1_694521140,1_7976226,1775083860,1775083860,default
1775082068,1_46505,1_102619,F Line,1_694521850,1_7976003,1775085060,1775085060,default
1775082068,1_29423,1_102732,79,1_816446300,1_8022069,1775082600,1775082600,default
1775082068,1_29423,1_102732,79,1_817872870,1_8022128,1775083500,1775083500,default
1775082068,1_47660,1_102736,H Line,1_694056240,1_7974896,1775082167,1775082167,default
1775082068,1_27420,23_102638,First Hill Streetcar,23_55295711,block_7769569_schedBasedVehicle,1775082180,1775082258,default
1775082068,1_1510,1_100001,1,1_800580690,1_4405,1775082054,1775082124,default
1775082068,1_1510,1_100263,7,1_800589120,1_8023428,1775082158,1775082158,default
1775082068,1_81199,1_100072,181,1_721481690,1_7976015,1775082240,1775082240,default
1775082068,1_72494,1_100160,269,1_806918420,1_8024683,1775082180,1775082180,default
1775082068,1_52306,1_102619,F Line,1_800654170,1_8023765,1775082300,1775082300,default
1775082068,1_52306,1_102619,F Line,1_800654670,1_8023764,1775082900,1775082900,default
1775082068,1_52306,1_102619,F Line,1_800654410,1_8023883,1775083500,1775083500,default
1775082068,1_52306,1_102619,F Line,1_800653760,1_8023779,1775084100,1775084100,default
1775082068,1_52306,1_102619,F Line,1_800653460,1_8023726,1775085300,1775085300,default
1775082068,1_70665,1_102704,250,1_806915310,1_8024719,1775082218,1775082218,default
1775082068,1_11060,1_100447,49,1_801199940,1_8023490,1775082188,1775082188,default
1775082068,1_71970,1_102704,250,1_806915350,1_8024762,1775082188,1775082188,default
1775082068,1_9605,1_100259,67,1_534488680,1_7975673,1775081940,1775082232,default
1775082068,1_2200,1_100001,1,1_562519770,1_7974989,1775082171,1775082187,default
1775082068,1_59282,1_102717,165,1_800649800,1_7129,1775082540,1775080824,default
1775082068,1_59282,1_100072,181,1_721481850,1_7451,1775082480,1775081709,default
1775082068,1_620,40_100236,545,40_563501200,40_7976558,1775082360,1775082380,default
1775082068,1_620,40_100239,550,40_597758480,40_7976613,1775082780,1775082780,default
1775082068,1_620,40_515,515,40_16133714__MCOB-DO:121:0:Weekday:2:26MAR:86025:12345,40_MCOB-DO:121:0:Weekday:2:26MAR:86025:12345,1775082780,1775082780,default
1775082068,1_620,29_424,424,29_16132035__MCOB-DO:121:0:Weekday:2:26MAR:61049:12345,29_MCOB-DO:121:0:Weekday:2:26MAR:61049:12345,1775082900,1775082900,default
1775082068,1_620,1_102754,256,1_816378470,1_8005281,1775083380,1775083380,default
1775082068,1_620,40_515,515,40_16133690__MCOB-DO:121:0:Weekday:2:26MAR:86026:12345,40_MCOB-DO:121:0:Weekday:2:26MAR:86026:12345,1775083500,1775083500,default
1775082068,1_620,40_510,510,40_16133740__MCOB-DO:121:0:Weekday:2:26MAR:86027:12345,40_MCOB-DO:121:0:Weekday:2:26MAR:86027:12345,1775083800,1775083800,default
1775082068,1_620,40_515,515,40_16133718__MCOB-DO:121:0:Weekday:2:26MAR:86029:12345,40_MCOB-DO:121:0:Weekday:2:26MAR:86029:12345,1775084400,1775084400,default
1775082068,1_620,40_510,510,40_16133724__MCOB-DO:121:0:Weekday:2:26MAR:86030:12345,40_MCOB-DO:121:0:Weekday:2:26MAR:86030:12345,1775085000,1775085000,default
1775082068,1_620,1_102754,256,1_816378480,1_8005264,1775085180,1775085180,default
1775082068,1_620,40_515,515,40_16133755__MCOB-DO:121:0:Weekday:2:26MAR:86031:12345,40_MCOB-DO:121:0:Weekday:2:26MAR:86031:12345,1775085300,1775085300,default
1775082068,1_10912,1_100162,271,1_581745970,1_7976388,1775082240,1775082240,default
1775082068,1_10912,40_100451,556,40_635882050,40_7976710,1775082300,1775082300,default
1775082068,1_10912,1_100162,271,1_569496330,1_7976351,1775082960,1775082960,default
1775082068,1_10912,40_100511,542,40_569571200,40_7976607,1775083440,1775083440,default
1775082068,1_10912,1_100162,271,1_569496080,1_7976382,1775083560,1775083560,default
1775082068,1_10912,40_100451,556,40_635882320,40_7976550,1775084220,1775084220,default
1775082068,1_71960,40_100511,542,40_721031150,40_7976686,1775082720,1775082720,default
1775082068,1_8403,1_100039,14,1_562519610,1_7974977,1775081880,1775081880,default
1775082368,1_12170,1_100039,14,1_562519610,1_7974977,1775082459,1775082459,default
1775082368,1_6650,1_102747,61,1_803357070,1_8022039,1775082243,1775082377,default
1775082368,1_6650,1_102747,61,1_803357070,1_3710,1775082243,1775082377,default
1775082368,1_26560,1_102574,40,1_811900630,1_8026398,1775082536,1775082536,default
1775082368,1_12770,1_100228,48,1_721359220,1_7974614,1775082389,1775082389,default
1775082368,1_320,1_100104,212,1_806323770,1_6960,1775082420,1775082420,default
1775082368,1_575,1_100210,36,1_800584090,1_8023432,1775082420,1775082420,default
1775082368,1_575,1_102581,D Line,1_800601010,1_6112,1775082240,1775082430,default
1775082368,1_2850,1_100089,2,1_788757840,1_7152,1775082900,1775082295,default
1775082368,1_2850,1_100089,2,1_788757840,1_8023467,1775082900,1775082900,default
1775082368,1_46505,1_102619,F Line,1_694521870,1_7976004,1775082660,1775082660,default
1775082368,1_46505,1_102619,F Line,1_694520880,1_7976083,1775083260,1775083260,default
1775082368,1_46505,1_102619,F Line,1_694521140,1_7976226,1775083860,1775083860,default
1775082368,1_46505,1_102619,F Line,1_694522030,1_7975998,1775084460,1775084460,default
1775082368,1_46505,1_102619,F Line,1_694521850,1_7976003,1775085060,1775085060,default
1775082368,1_29423,1_102732,79,1_816446300,1_8022069,1775082600,1775082600,default
1775082368,1_29423,1_102732,79,1_817872870,1_8022128,1775083500,1775083500,default
1775082368,1_1510,1_100210,36,1_800582610,1_8023415,1775082458,1775082458,default
1775082368,1_81254,1_102744,365,1_761395740,1_7975723,1775082462,1775082462,default
1775082368,1_52306,1_102619,F Line,1_800654670,1_8023764,1775082900,1775082900,default
1775082368,1_52306,1_102619,F Line,1_800654410,1_8023883,1775083500,1775083500,default
1775082368,1_52306,1_102619,F Line,1_800653760,1_8023779,1775084100,1775084100,default
1775082368,1_52306,1_102619,F Line,1_800653460,1_8023726,1775085300,1775085300,default
1775082368,1_52306,1_102619,F Line,1_800654070,1_8023882,1775085900,1775085900,default
1775082368,1_8530,1_100263,7,1_800587790,1_8023401,1775082489,1775082489,default
1775082368,1_9605,1_100259,67,1_534488680,1_7975673,1775081940,1775082504,default
1775082368,1_22184,1_102736,H Line,1_694056410,1_7974891,1775082581,1775082581,default
1775082368,1_59282,1_102717,165,1_800649800,1_7129,1775082540,1775080824,default
1775082368,1_59282,1_102717,165,1_800649810,1_8023740,1775083740,1775083740,default
1775082368,1_620,40_100239,550,40_597758480,40_7976613,1775082780,1775082780,default
1775082368,1_620,40_515,515,40_16133714__MCOB-DO:121:0:Weekday:2:26MAR:86025:12345,40_MCOB-DO:121:0:Weekday:2:26MAR:86025:12345,1775082780,1775082802,default
1775082368,1_620,29_424,424,29_16132035__MCOB-DO:121:0:Weekday:2:26MAR:61049:12345,29_MCOB-DO:121:0:Weekday:2:26MAR:61049:12345,1775082900,1775082900,default
1775082368,1_620,1_102754,256,1_816378470,1_8005281,1775083380,1775083380,default
1775082368,1_620,40_515,515,40_16133690__MCOB-DO:121:0:Weekday:2:26MAR:86026:12345,40_MCOB-DO:121:0:Weekday:2:26MAR:86026:12345,1775083500,1775083500,default
1775082368,1_620,40_510,510,40_16133740__MCOB-DO:121:0:Weekday:2:26MAR:86027:12345,40_MCOB-DO:121:0:Weekday:2:26MAR:86027:12345,1775083800,1775083800,default
1775082368,1_620,40_515,515,40_16133718__MCOB-DO:121:0:Weekday:2:26MAR:86029:12345,40_MCOB-DO:121:0:Weekday:2:26MAR:86029:12345,1775084400,1775084400,default
1775082368,1_620,40_510,510,40_16133724__MCOB-DO:121:0:Weekday:2:26MAR:86030:12345,40_MCOB-DO:121:0:Weekday:2:26MAR:86030:12345,1775085000,1775085000,default
1775082368,1_620,1_102754,256,1_816378480,1_8005264,1775085180,1775085180,default
1775082368,1_620,40_515,515,40_16133755__MCOB-DO:121:0:Weekday:2:26MAR:86031:12345,40_MCOB-DO:121:0:Weekday:2:26MAR:86031:12345,1775085300,1775085300,default
1775082368,1_10912,1_100162,271,1_569496330,1_7976351,1775082960,1775082960,default
1775082368,1_10912,40_100511,542,40_569571200,40_7976607,1775083440,1775083440,default
1775082368,1_10912,1_100162,271,1_569496080,1_7976382,1775083560,1775083560,default
1775082368,1_10912,1_100162,271,1_587120120,1_7976354,1775084160,1775084160,default
1775082368,1_10912,40_100451,556,40_635882320,40_7976550,1775084220,1775084220,default
1775082368,1_71960,40_100511,542,40_721031150,40_7976686,1775082720,1775082720,default
1775082368,1_81982,1_102746,333,1_778704860,1_7975682,1775082579,1775082579,default
1775082368,1_58144,1_102719,161,1_800651850,1_8023733,1775082175,1775082543,default
1775082668,1_60161,1_100042,148,1_762077660,1_7976055,1775083320,1775083320,default
1775082668,1_8541,1_100039,14,1_562519780,1_7974991,1775082720,1775082720,default
1775082668,1_30790,1_100006,107,1_762077950,1_3728,1775082693,1775082693,default
1775082668,1_74327,1_102702,239,1_736529220,1_7976434,1775082730,1775082730,default
1775082668,1_2850,1_100089,2,1_788757840,1_7152,1775082900,1775082295,default
1775082668,1_2850,1_100089,2,1_788757850,1_7139,1775083740,1775082307,default
1775082668,1_46505,1_102619,F Line,1_694520880,1_7976083,1775083260,1775083260,default
1775082668,1_46505,1_102619,F Line,1_694521140,1_7976226,1775083860,1775083860,default
1775082668,1_46505,1_102619,F Line,1_694522030,1_7975998,1775084460,1775084460,default
1775082668,1_46505,1_102619,F Line,1_694521850,1_7976003,1775085060,1775085060,default
1775082668,1_29423,1_102732,79,1_817872870,1_8022128,1775083500,1775083500,default
1775082668,1_29423,1_102732,79,1_816446570,1_8022099,1775084700,1775084700,default
1775082668,1_47660,1_102736,H Line,1_694056660,1_7974887,1775082767,1775082767,default
1775082668,1_1190,1_100173,3,1_761126490,1_7974915,1775082723,1775082723,default
1775082668,1_57453,1_102719,161,1_800651850,1_8023733,1775082240,1775082739,default
1775082668,1_1510,1_100263,7,1_800587790,1_8023401,1775082758,1775082758,default
1775082668,1_52306,1_100031,132,1_800858880,1_8024986,1775082780,1775082780,default
1775082668,1_52306,1_102619,F Line,1_800654670,1_8023764,1775082900,1775082900,default
1775082668,1_52306,1_102619,F Line,1_800654410,1_8023883,1775083500,1775083500,default
1775082668,1_52306,1_102619,F Line,1_800653760,1_8023779,1775084100,1775084100,default
1775082668,1_52306,1_102619,F Line,1_800653460,1_8023726,1775085300,1775085300,default
1775082668,1_52306,1_102619,F Line,1_800654070,1_8023882,1775085900,1775085900,default
1775082668,1_40065,1_102574,40,1_811900740,1_8026393,1775082805,1775082805,default
1775082668,1_71970,1_102753,222,1_774817900,1_7976415,1775082848,1775082848,default
1775082668,1_59282,1_102717,165,1_800649810,1_8023740,1775083740,1775083740,default
1775082668,1_85531,1_102757,187,1_762095100,1_7976065,1775082420,1775082959,default
1775082668,1_31890,1_100230,50,1_770997560,1_7976172,1775082821,1775082821,default
1775082668,1_620,29_424,424,29_16132035__MCOB-DO:121:0:Weekday:2:26MAR:61049:12345,29_21807,1775082900,1775082900,default
1775082668,1_620,40_100240,554,40_774872070,40_7976695,1775082900,1775082900,default
1775082668,1_620,40_100236,545,40_563501230,40_7976557,1775082960,1775082960,default
1775082668,1_620,40_100236,545,40_563501230,40_9665,1775082960,1775082985,default
1775082668,1_620,1_102754,256,1_816378470,1_8005281,1775083380,1775083380,default
1775082668,1_620,40_515,515,40_16133690__MCOB-DO:121:0:Weekday:2:26MAR:86026:12345,40_MCOB-DO:121:0:Weekday:2:26MAR:86026:12345,1775083500,1775083500,default
1775082668,1_620,40_510,510,40_16133740__MCOB-DO:121:0:Weekday:2:26MAR:86027:12345,40_MCOB-DO:121:0:Weekday:2:26MAR:86027:12345,1775083800,1775083800,default
1775082668,1_620,40_515,515,40_16133718__MCOB-DO:121:0:Weekday:2:26MAR:86029:12345,40_MCOB-DO:121:0:Weekday:2:26MAR:86029:12345,1775084400,1775084400,default
1775082668,1_620,40_510,510,40_16133724__MCOB-DO:121:0:Weekday:2:26MAR:86030:12345,40_MCOB-DO:121:0:Weekday:2:26MAR:86030:12345,1775085000,1775085000,default
1775082668,1_620,1_102754,256,1_816378480,1_8005264,1775085180,1775085180,default
1775082668,1_620,40_515,515,40_16133755__MCOB-DO:121:0:Weekday:2:26MAR:86031:12345,40_MCOB-DO:121:0:Weekday:2:26MAR:86031:12345,1775085300,1775085300,default
1775082668,1_10912,1_100162,271,1_569496330,1_7976351,1775082960,1775082960,default
1775082668,1_10912,40_100511,542,40_569571200,40_7976607,1775083440,1775083440,default
1775082668,1_10912,1_100162,271,1_569496080,1_7976382,1775083560,1775083560,default
1775082668,1_10912,1_100162,271,1_587120120,1_7976354,1775084160,1775084160,default
1775082668,1_10912,40_100451,556,40_635882320,40_7976550,1775084220,1775084220,default
1775082668,1_10912,40_100511,542,40_569572690,40_7976685,1775084640,1775084640,default
1775082668,1_10912,1_100162,271,1_569554060,1_7976675,1775085540,1775085540,default
1775082668,1_8403,1_100039,14,1_562519740,1_7974988,1775082780,1775082780,default
1775082968,1_60161,1_100042,148,1_762077660,1_7191,1775083320,1775082738,default
1775082968,1_60161,1_100042,148,1_762077660,1_7976055,1775083320,1775083320,default
1775082968,1_970,1_100003,101,1_800669190,1_8160,1775082756,1775083017,default
1775082968,1_320,1_100011,111,1_664454870,1_7401,1775083020,1775083042,default
1775082968,1_575,1_100210,36,1_800582610,1_8023415,1775083020,1775083020,default
1775082968,1_575,1_100219,4,1_675345410,1_7974885,1775083080,1775083080,default
1775082968,1_2850,1_100089,2,1_788757850,1_7139,1775083740,1775082307,default
1775082968,1_46505,1_102619,F Line,1_694520880,1_7976083,1775083260,1775083260,default
1775082968,1_46505,1_102619,F Line,1_694521140,1_7976226,1775083860,1775083860,default
1775082968,1_46505,1_102619,F Line,1_694522030,1_7975998,1775084460,1775084460,default
1775082968,1_46505,1_102619,F Line,1_694521850,1_7976003,1775085060,1775085060,default
1775082968,1_46505,1_102619,F Line,1_694521250,1_7975997,1775086260,1775086260,default
1775082968,1_29423,1_102732,79,1_817872870,1_8022128,1775083500,1775083500,default
1775082968,1_29423,1_102732,79,1_816446570,1_8022099,1775084700,1775084700,default
1775082968,1_89990,29_130,130,29_16131848__MCOB-DO:121:0:Weekday:2:26MAR:41004:12345,29_15114,1775083020,1775082957,default
1775082968,1_280,40_100240,554,40_560097900,40_7976694,1775083073,1775083073,default
1775082968,1_1190,1_100447,49,1_801199880,1_8023495,1775082808,1775083017,default
1775082968,1_11590,1_100002,10,1_675385580,1_7974875,1775083033,1775083033,default
1775082968,1_1510,1_100210,36,1_800582360,1_8023381,1775083058,1775083058,default
1775082968,1_52306,1_102619,F Line,1_800654410,1_8023883,1775083500,1775083500,default
1775082968,1_52306,1_102619,F Line,1_800653760,1_8023779,1775084100,1775084100,default
1775082968,1_52306,1_102619,F Line,1_800653460,1_8023726,1775085300,1775085300,default
1775082968,1_52306,1_102619,F Line,1_800654070,1_8023882,1775085900,1775085928,default
1775082968,1_52306,1_102619,F Line,1_800654320,1_8023724,1775086500,1775086500,default
1775082968,1_8530,1_100263,7,1_800588000,1_8023408,1775083089,1775083089,default
1775082968,1_99254,1_100045,150,1_694513820,1_7976058,1775083138,1775083138,default
1775082968,1_70665,1_102704,250,1_806915350,1_8024762,1775083118,1775083118,default
1775082968,1_70665,1_102702,239,1_736529220,1_7976434,1775083140,1775083140,default
1775082968,1_71970,1_102704,250,1_806915340,1_8024728,1775083088,1775083088,default
1775082968,1_2200,1_100001,1,1_562519820,1_7974994,1775083071,1775083141,default
1775082968,1_57804,1_100072,181,1_721481990,1_7976033,1775083693,1775083693,default
1775082968,1_59282,1_102717,165,1_800649810,1_7077,1775083740,1775082783,default
1775082968,1_59282,1_102717,165,1_800649810,1_8023740,1775083740,1775083740,default
1775082968,1_59282,1_102717,165,1_800649830,1_8023844,1775086140,1775086140,default
1775082968,1_68160,1_102548,B Line,1_721019060,1_7976626,1775083117,1775083117,default
1775082968,1_45230,1_100133,240,1_806916440,1_8024759,1775083117,1775083117,default
1775082968,1_60640,1_100072,181,1_721481520,1_7976104,1775083129,1775083129,default
1775082968,1_620,1_102754,256,1_816378470,1_8005281,1775083380,1775083380,default
1775082968,1_620,40_515,515,40_16133690__MCOB-DO:121:0:Weekday:2:26MAR:86026:12345,40_MCOB-DO:121:0:Weekday:2:26MAR:86026:12345,1775083500,1775083500,default
1775082968,1_620,40_100239,550,40_597758420,40_7976616,1775083740,1775083740,default
1775082968,1_620,40_510,510,40_16133740__MCOB-DO:121:0:Weekday:2:26MAR:86027:12345,40_MCOB-DO:121:0:Weekday:2:26MAR:86027:12345,1775083800,1775083800,default
1775082968,1_620,40_515,515,40_16133718__MCOB-DO:121:0:Weekday:2:26MAR:86029:12345,40_MCOB-DO:121:0:Weekday:2:26MAR:86029:12345,1775084400,1775084400,default
1775082968,1_620,40_510,510,40_16133724__MCOB-DO:121:0:Weekday:2:26MAR:86030:12345,40_MCOB-DO:121:0:Weekday:2:26MAR:86030:12345,1775085000,1775085000,default
1775082968,1_620,1_102754,256,1_816378480,1_8005264,1775085180,1775085180,default
1775082968,1_620,40_515,515,40_16133755__MCOB-DO:121:0:Weekday:2:26MAR:86031:12345,40_MCOB-DO:121:0:Weekday:2:26MAR:86031:12345,1775085300,1775085300,default
1775082968,1_620,40_515,515,40_16133692__MCOB-DO:121:0:Weekday:2:26MAR:86034:12345,40_MCOB-DO:121:0:Weekday:2:26MAR:86034:12345,1775086380,1775086380,default
1775082968,1_10912,40_100511,542,40_569571200,40_7976607,1775083440,1775083440,default
1775082968,1_10912,1_100162,271,1_569496080,1_7976382,1775083560,1775083560,default
1775082968,1_10912,1_100162,271,1_587120120,1_7976354,1775084160,1775084160,default
1775082968,1_10912,40_100451,556,40_635882320,40_7976550,1775084220,1775084220,default
1775082968,1_10912,40_100511,542,40_569572690,40_7976685,1775084640,1775084640,default
1775082968,1_10912,1_100162,271,1_569554060,1_7976675,1775085540,1775085540,default
1775082968,1_71960,40_100511,542,40_721030970,40_7976608,1775083440,1775083440,default
1775082968,1_8403,1_100039,14,1_562519740,1_7974988,1775082780,1775082780,default
1775082968,1_41900,1_100249,60,1_801585660,1_8025820,1775083140,1775083140,default
1775083268,1_103,1_102745,G Line,1_736437300,1_7974688,1775083278,1775083278,default
1775083268,1_12170,1_100039,14,1_562519740,1_7974988,1775083359,1775083359,default
1775083268,1_26560,1_102574,40,1_811901770,1_8025887,1775083436,1775083436,default
1775083268,1_60161,1_100042,148,1_762077660,1_7191,1775083320,1775082738,default
1775083268,1_12770,1_100228,48,1_721359670,1_7974616,1775083289,1775083289,default
1775083268,1_320,40_100239,550,40_597758990,40_9816,1775083260,1775083347,default
1775083268,1_2850,1_100089,2,1_788757850,1_7139,1775083740,1775082307,default
1775083268,1_46505,1_102619,F Line,1_694521140,1_7976226,1775083860,1775083860,default
1775083268,1_46505,1_102619,F Line,1_694522030,1_7975998,1775084460,1775084460,default
1775083268,1_46505,1_102619,F Line,1_694521850,1_7976003,1775085060,1775085060,default
1775083268,1_46505,1_102619,F Line,1_694521250,1_7975997,1775086260,1775086260,default
1775083268,1_29423,1_102732,79,1_817872870,1_8022128,1775083500,1775083500,default
1775083268,1_29423,1_102732,79,1_816446570,1_8022099,1775084700,1775084700,default
1775083268,1_47660,1_102736,H Line,1_694056230,1_7974966,1775083367,1775083367,default
1775083268,1_1190,1_100447,49,1_801199880,1_8023495,1775082808,1775083317,default
1775083268,1_27420,1_100249,60,1_801585660,1_8025820,1775083328,1775083328,default
1775083268,1_1510,1_100263,7,1_800588000,1_8023408,1775083358,1775083358,default
1775083268,1_73366,1_102548,B Line,1_721018260,1_7976632,1775083360,1775083360,default
1775083268,1_52306,1_102619,F Line,1_800654410,1_8023883,1775083500,1775083500,default
1775083268,1_52306,1_102619,F Line,1_800653760,1_8023779,1775084100,1775084100,default
1775083268,1_52306,1_102619,F Line,1_800654830,1_8023710,1775084700,1775084700,default
1775083268,1_52306,1_102619,F Line,1_800653460,1_8023726,1775085300,1775085300,default
1775083268,1_52306,1_102619,F Line,1_800654070,1_8023882,1775085900,1775085900,default
1775083268,1_52306,1_102619,F Line,1_800654320,1_8023724,1775086500,1775086500,default
1775083268,1_57804,1_100072,181,1_721481990,1_7976033,1775083693,1775083693,default
1775083268,1_22184,1_100024,125,1_721357810,1_7974703,1775083406,1775083406,default
1775083268,1_59282,1_102717,165,1_800649810,1_7077,1775083740,1775082783,default
1775083268,1_59282,1_102717,165,1_800649830,1_8023844,1775086140,1775086140,default
1775083268,1_620,40_515,515,40_16133690__MCOB-DO:121:0:Weekday:2:26MAR:86026:12345,40_17852,1775083500,1775083500,default
1775083268,1_620,40_515,515,40_16133690__MCOB-DO:121:0:Weekday:2:26MAR:86026:12345,40_MCOB-DO:121:0:Weekday:2:26MAR:86026:12345,1775083500,1775083523,default
1775083268,1_620,40_100236,545,40_563501280,40_7976551,1775083560,1775083560,default
1775083268,1_620,40_100236,545,40_563501280,40_9649,1775083560,1775083578,default
1775083268,1_620,40_100239,550,40_597758420,40_7976616,1775083740,1775083740,default
1775083268,1_620,40_510,510,40_16133740__MCOB-DO:121:0:Weekday:2:26MAR:86027:12345,40_MCOB-DO:121:0:Weekday:2:26MAR:86027:12345,1775083800,1775083800,default
1775083268,1_620,40_515,515,40_16133718__MCOB-DO:121:0:Weekday:2:26MAR:86029:12345,40_MCOB-DO:121:0:Weekday:2:26MAR:86029:12345,1775084400,1775084400,default
1775083268,1_620,40_510,510,40_16133724__MCOB-DO:121:0:Weekday:2:26MAR:86030:12345,40_MCOB-DO:121:0:Weekday:2:26MAR:86030:12345,1775085000,1775085000,default
1775083268,1_620,1_102754,256,1_816378480,1_8005264,1775085180,1775085180,default
1775083268,1_620,40_515,515,40_16133755__MCOB-DO:121:0:Weekday:2:26MAR:86031:12345,40_MCOB-DO:121:0:Weekday:2:26MAR:86031:12345,1775085300,1775085300,default
1775083268,1_620,40_515,515,40_16133692__MCOB-DO:121:0:Weekday:2:26MAR:86034:12345,40_MCOB-DO:121:0:Weekday:2:26MAR:86034:12345,1775086380,1775086380,default
1775083268,1_10912,40_100511,542,40_569571200,40_9584,1775083440,1775083313,default
1775083268,1_10912,40_100511,542,40_569571200,40_7976607,1775083440,1775083440,default
1775083268,1_10912,1_100162,271,1_569496080,1_7976382,1775083560,1775083560,default
1775083268,1_10912,1_100162,271,1_587120120,1_7976354,1775084160,1775084160,default
1775083268,1_10912,40_100451,556,40_635882320,40_7976550,1775084220,1775084220,default
1775083268,1_10912,40_100511,542,40_569572690,40_7976685,1775084640,1775084640,default
1775083268,1_10912,1_100162,271,1_569496430,1_7976349,1775084880,1775084880,default
1775083268,1_10912,1_100162,271,1_569554060,1_7976675,1775085540,1775085540,default
1775083268,1_71960,40_100511,542,40_721030970,40_7976608,1775083440,1775083440,default
1775083268,1_71960,40_100511,542,40_721031460,40_7976606,1775084700,1775084700,default
1775083268,1_68400,1_100136,245,1_761787730,1_7976371,1775083471,1775083471,default
1775083568,1_103,1_102745,G Line,1_736435780,1_7974691,1775083638,1775083638,default
1775083568,1_481,1_102736,H Line,1_694056130,1_6045,1775083560,1775083585,default
1775083568,1_481,1_100024,125,1_721357820,1_7974704,1775083620,1775083620,default
1775083568,1_12770,1_100219,4,1_675345430,1_7974886,1775083508,1775083592,default
1775083568,1_575,1_100210,36,1_800582360,1_8023381,1775083620,1775083620,default
1775083568,1_575,1_102581,D Line,1_803817030,1_6095,1775083740,1775083655,default
1775083568,1_2850,1_100089,2,1_788757850,1_7139,1775083740,1775082307,default
1775083568,1_2850,1_100089,2,1_788757860,1_7157,1775084520,1775083484,default
1775083568,1_2850,1_100089,2,1_788757860,1_8023446,1775084520,1775084520,default
1775083568,1_77910,1_102746,333,1_778704160,1_7975683,1775083633,1775083633,default
1775083568,1_46505,1_102619,F Line,1_694521140,1_7976226,1775083860,1775083860,default
1775083568,1_46505,1_102619,F Line,1_694522030,1_7975998,1775084460,1775084460,default
1775083568,1_46505,1_102619,F Line,1_694521850,1_7976003,1775085060,1775085060,default
1775083568,1_46505,1_102619,F Line,1_694521250,1_7975997,1775086260,1775086260,default
1775083568,1_46505,1_102619,F Line,1_694521460,1_7976017,1775086860,1775086860,default
1775083568,1_29423,1_102732,79,1_817872870,1_8022128,1775083500,1775083617,default
1775083568,1_29423,1_102732,79,1_816446570,1_8022099,1775084700,1775084700,default
1775083568,1_1510,1_100210,36,1_800582320,1_8023483,1775083658,1775083658,default
1775083568,1_52306,1_102619,F Line,1_800653760,1_8023779,1775084100,1775084100,default
1775083568,1_52306,1_102619,F Line,1_800654830,1_8023710,1775084700,1775084700,default
1775083568,1_52306,1_102619,F Line,1_800653460,1_8023726,1775085300,1775085300,default
1775083568,1_52306,1_102619,F Line,1_800654070,1_8023882,1775085900,1775085900,default
1775083568,1_52306,1_102619,F Line,1_800654320,1_8023724,1775086500,1775086500,default
1775083568,1_52306,1_102619,F Line,1_800654600,1_8023712,1775087100,1775087100,default
1775083568,1_40065,1_102574,40,1_811901640,1_8026388,1775083705,1775083705,default
1775083568,1_71970,1_102752,223,1_833610830,1_7359,1775083637,1775083713,default
1775083568,1_57804,1_100072,181,1_721481990,1_7976033,1775083693,1775083693,default
1775083568,1_59282,1_102717,165,1_800649810,1_7077,1775083740,1775082783,default
1775083568,1_59282,1_100072,181,1_721482060,1_7351,1775084280,1775083507,default
1775083568,1_59282,1_100072,181,1_721482060,1_7976015,1775084280,1775084280,default
1775083568,1_59282,1_102717,165,1_800649820,1_8023716,1775084940,1775084940,default
1775083568,1_59282,1_102717,165,1_800649830,1_8023844,1775086140,1775086140,default
1775083568,1_41370,1_100219,4,1_675345400,1_7974865,1775083717,1775083717,default
1775083568,1_71678,1_102552,226,1_816296100,1_8024714,1775083731,1775083731,default
1775083568,1_57791,1_102718,184,1_635442880,1_7975994,1775083689,1775083879,default
1775083568,1_620,40_100239,550,40_597758420,40_7976616,1775083740,1775083740,default
1775083568,1_620,40_510,510,40_16133740__MCOB-DO:121:0:Weekday:2:26MAR:86027:12345,40_MCOB-DO:121:0:Weekday:2:26MAR:86027:12345,1775083800,1775083824,default
1775083568,1_620,40_515,515,40_16133718__MCOB-DO:121:0:Weekday:2:26MAR:86029:12345,40_MCOB-DO:121:0:Weekday:2:26MAR:86029:12345,1775084400,1775084400,default
1775083568,1_620,40_510,510,40_16133724__MCOB-DO:121:0:Weekday:2:26MAR:86030:12345,40_MCOB-DO:121:0:Weekday:2:26MAR:86030:12345,1775085000,1775085000,default
1775083568,1_620,1_102754,256,1_816378480,1_8005264,1775085180,1775085180,default
1775083568,1_620,40_515,515,40_16133755__MCOB-DO:121:0:Weekday:2:26MAR:86031:12345,40_MCOB-DO:121:0:Weekday:2:26MAR:86031:12345,1775085300,1775085300,default
1775083568,1_620,40_515,515,40_16133692__MCOB-DO:121:0:Weekday:2:26MAR:86034:12345,40_MCOB-DO:121:0:Weekday:2:26MAR:86034:12345,1775086380,1775086380,default
1775083568,1_620,1_102754,256,1_816378490,1_8005262,1775087040,1775087040,default
1775083568,1_620,40_515,515,40_16133734__MCOB-DO:121:0:Weekday:2:26MAR:86035:12345,40_MCOB-DO:121:0:Weekday:2:26MAR:86035:12345,1775087100,1775087100,default
1775083568,1_10912,1_100214,372,1_694306980,1_7421,1775083664,1775083758,default
1775083568,1_10912,1_100264,70,1_801593480,1_8026409,1775083687,1775083784,default
1775083568,1_10912,1_100162,271,1_587120120,1_7976354,1775084160,1775084160,default
1775083568,1_10912,40_100451,556,40_635882320,40_7976550,1775084220,1775084220,default
1775083568,1_10912,40_100511,542,40_569572690,40_7976685,1775084640,1775084640,default
1775083568,1_10912,1_100162,271,1_569496430,1_7976349,1775084880,1775084880,default
1775083568,1_10912,1_100162,271,1_569554060,1_7976675,1775085540,1775085540,default
1775083568,1_71960,40_100511,542,40_721031460,40_7976606,1775084700,1775084700,default
1775083568,1_8403,1_100039,14,1_562519780,1_7974991,1775083740,1775083740,default
1775083568,1_3000,1_100089,2,1_788757840,1_8023467,1775083463,1775083784,default
1775083568,1_58144,1_102719,161,1_800652420,1_8023784,1775083315,1775083784,default
1775083868,1_75890,1_102615,E Line,1_813081650,1_8022058,1775083902,1775083902,default
1775083868,1_320,40_100239,550,40_597758450,40_9666,1775083860,1775083944,default
1775083868,1_64569,1_100099,208,1_736527470,1_7976338,1775084010,1775084010,default
1775083868,1_575,1_100219,4,1_675345420,1_4378,1775083980,1775083980,default
1775083868,1_2850,1_100089,2,1_788757860,1_7157,1775084520,1775083484,default
1775083868,1_46505,1_102619,F Line,1_694521140,1_7976226,1775083860,1775083930,default
1775083868,1_46505,1_102619,F Line,1_694522030,1_7975998,1775084460,1775084460,default
1775083868,1_46505,1_102619,F Line,1_694521850,1_7976003,1775085060,1775085060,default
1775083868,1_46505,1_102619,F Line,1_694521250,1_7975997,1775086260,1775086260,default
1775083868,1_46505,1_102619,F Line,1_694521460,1_7976017,1775086860,1775086860,default
1775083868,1_29423,1_102732,79,1_816446570,1_8022099,1775084700,1775084700,default
1775083868,1_47660,1_102736,H Line,1_694056200,1_7974888,1775083967,1775083967,default
1775083868,1_280,1_100104,212,1_806323780,1_8005283,1775084001,1775084001,default
1775083868,1_27420,1_100249,60,1_801585990,1_8025827,1775084048,1775084048,default
1775083868,1_57453,1_102719,161,1_800652420,1_8023784,1775083380,1775083953,default
1775083868,1_81199,1_100072,181,1_721481990,1_7976033,1775084040,1775084040,default
1775083868,1_11569,1_100002,10,1_675385590,1_7974882,1775083941,1775083941,default
1775083868,1_72494,1_100160,269,1_806916870,1_8024688,1775084100,1775084100,default
1775083868,1_52306,1_102619,F Line,1_800653760,1_8023779,1775084100,1775084100,default
1775083868,1_52306,1_102619,F Line,1_800654830,1_8023710,1775084700,1775084700,default
1775083868,1_52306,1_102619,F Line,1_800653460,1_8023726,1775085300,1775085300,default
1775083868,1_52306,1_102619,F Line,1_800654070,1_8023882,1775085900,1775085900,default
1775083868,1_52306,1_102619,F Line,1_800654320,1_8023724,1775086500,1775086500,default
1775083868,1_52306,1_102619,F Line,1_800654600,1_8023712,1775087100,1775087100,default
1775083868,1_7750,1_102615,E Line,1_761418570,1_7975622,1775083992,1775083992,default
1775083868,1_45670,1_100210,36,1_800583180,1_4322,1775083641,1775083961,default
1775083868,1_70665,1_102704,250,1_806915340,1_8024728,1775084018,1775084018,default
1775083868,1_59282,1_100072,181,1_721482060,1_7351,1775084280,1775083507,default
1775083868,1_59282,1_102717,165,1_800649820,1_7310,1775084940,1775083920,default
1775083868,1_59282,1_102717,165,1_800649820,1_8023716,1775084940,1775084940,default
1775083868,1_59282,1_102717,165,1_800649830,1_8023844,1775086140,1775086140,default
1775083868,1_45230,1_100133,240,1_811765020,1_8024706,1775084077,1775084077,default
1775083868,1_42540,1_100072,181,1_721481520,1_7976104,1775084087,1775084087,default
1775083868,1_31890,1_100230,50,1_770997690,1_7976174,1775084021,1775084021,default
1775083868,1_620,40_100236,545,40_563501320,40_9685,1775084160,1775084069,default
1775083868,1_620,40_515,515,40_16133718__MCOB-DO:121:0:Weekday:2:26MAR:86029:12345,40_MCOB-DO:121:0:Weekday:2:26MAR:86029:12345,1775084400,1775084400,default
1775083868,1_620,40_100239,550,40_597758490,40_7976612,1775084700,1775084700,default
1775083868,1_620,40_510,510,40_16133724__MCOB-DO:121:0:Weekday:2:26MAR:86030:12345,40_MCOB-DO:121:0:Weekday:2:26MAR:86030:12345,1775085000,1775085000,default
1775083868,1_620,1_102754,256,1_816378480,1_8005264,1775085180,1775085180,default
1775083868,1_620,40_515,515,40_16133755__MCOB-DO:121:0:Weekday:2:26MAR:86031:12345,40_MCOB-DO:121:0:Weekday:2:26MAR:86031:12345,1775085300,1775085300,default
1775083868,1_620,40_515,515,40_16133692__MCOB-DO:121:0:Weekday:2:26MAR:86034:12345,40_MCOB-DO:121:0:Weekday:2:26MAR:86034:12345,1775086380,1775086380,default
1775083868,1_620,1_102754,256,1_816378490,1_8005262,1775087040,1775087040,default
1775083868,1_620,40_515,515,40_16133734__MCOB-DO:121:0:Weekday:2:26MAR:86035:12345,40_MCOB-DO:121:0:Weekday:2:26MAR:86035:12345,1775087100,1775087100,default
1775083868,1_620,40_510,510,40_16133701__MCOB-DO:121:0:Weekday:2:26MAR:86018:12345,40_MCOB-DO:121:0:Weekday:2:26MAR:86018:12345,1775087400,1775087400,default
1775083868,1_10912,1_100264,70,1_801593480,1_8295,1775083687,1775084080,default
1775083868,1_10912,1_100162,271,1_587120120,1_7976354,1775084160,1775084160,default
1775083868,1_10912,40_100451,556,40_635882320,40_7976550,1775084220,1775084220,default
1775083868,1_10912,40_100511,542,40_569572690,40_7976685,1775084640,1775084640,default
1775083868,1_10912,1_100162,271,1_569496430,1_7976349,1775084880,1775084880,default
1775083868,1_10912,1_100162,271,1_569554060,1_7976675,1775085540,1775085540,default
1775083868,1_10912,40_100451,556,40_635882820,40_7976589,1775085900,1775085900,default
1775083868,1_71960,40_100511,542,40_721031460,40_7976606,1775084700,1775084700,default
1775083868,1_8403,1_100039,14,1_562519780,1_7974991,1775083740,1775083740,default
1775084168,1_12170,1_100039,14,1_562519780,1_7974991,1775084319,1775084319,default
1775084168,1_6650,1_102747,61,1_803357090,1_8022041,1775084043,1775084182,default
1775084168,1_26560,1_102574,40,1_811900550,1_8026400,1775084336,1775084336,default
1775084168,1_12770,1_100228,48,1_721359950,1_7974621,1775084189,1775084189,default
1775084168,1_74268,1_102702,239,1_736529230,1_7976433,1775084231,1775084231,default
1775084168,1_575,1_100210,36,1_800582320,1_8023483,1775084220,1775084220,default
1775084168,1_2850,1_100089,2,1_788757860,1_7157,1775084520,1775083484,default
1775084168,1_46505,1_102619,F Line,1_694522030,1_7975998,1775084460,1775084460,default
1775084168,1_46505,1_102619,F Line,1_694521850,1_7976003,1775085060,1775085060,default
1775084168,1_46505,1_102619,F Line,1_694522190,1_7976035,1775085660,1775085660,default
1775084168,1_46505,1_102619,F Line,1_694521250,1_7975997,1775086260,1775086260,default
1775084168,1_46505,1_102619,F Line,1_694521460,1_7976017,1775086860,1775086860,default
1775084168,1_46505,1_102619,F Line,1_694521960,1_7976016,1775087460,1775087460,default
1775084168,1_29423,1_102732,79,1_816446570,1_8022099,1775084700,1775084700,default
1775084168,1_280,40_100240,554,40_560098140,40_7976648,1775084301,1775084301,default
1775084168,1_36800,1_100228,48,1_759804450,1_7974620,1775084228,1775084228,default
1775084168,1_76024,1_102702,239,1_736529480,1_7976432,1775084306,1775084306,default
1775084168,1_79877,1_100162,271,1_581704380,1_7976671,1775084275,1775084275,default
1775084168,3_31002,40_560,560,40_3535020,40_10117,1775084545,1775084545,default
1775084168,1_73366,1_102548,B Line,1_721019060,1_7976626,1775084260,1775084260,default
1775084168,1_81254,1_100203,346,1_724962640,1_7975605,1775084205,1775084241,default
1775084168,1_73112,1_102704,250,1_806915400,1_8024718,1775084276,1775084276,default
1775084168,1_52306,1_102619,F Line,1_800654830,1_8023710,1775084700,1775084700,default
1775084168,1_52306,1_102619,F Line,1_800653460,1_8023726,1775085300,1775085300,default
1775084168,1_52306,1_102619,F Line,1_800654070,1_8023882,1775085900,1775085900,default
1775084168,1_52306,1_102619,F Line,1_800654320,1_8023724,1775086500,1775086500,default
1775084168,1_52306,1_102619,F Line,1_800654600,1_8023712,1775087100,1775087100,default
1775084168,1_52306,1_102619,F Line,1_800653610,1_8023728,1775087700,1775087700,default
1775084168,1_80121,1_102719,161,1_800652220,1_8023891,1775084348,1775084348,default
1775084168,1_21945,1_102717,165,1_800649790,1_8023768,1775084280,1775084280,default
1775084168,1_41940,1_100249,60,1_801585990,1_8025827,1775084317,1775084317,default
1775084168,1_2200,1_100001,1,1_562519850,1_7974990,1775083971,1775084291,default
1775084168,1_59282,1_102717,165,1_800649820,1_7310,1775084940,1775083920,default
1775084168,1_59282,1_102717,165,1_800649830,1_8023844,1775086140,1775086140,default
1775084168,1_620,40_515,515,40_16133718__MCOB-DO:121:0:Weekday:2:26MAR:86029:12345,40_16808,1775084400,1775084281,default
1775084168,1_620,40_100240,554,40_774872080,40_7976705,1775084400,1775084400,default
1775084168,1_620,40_515,515,40_16133718__MCOB-DO:121:0:Weekday:2:26MAR:86029:12345,40_MCOB-DO:121:0:Weekday:2:26MAR:86029:12345,1775084400,1775084424,default
1775084168,1_620,40_100239,550,40_597758490,40_7976612,1775084700,1775084700,default
1775084168,1_620,40_510,510,40_16133724__MCOB-DO:121:0:Weekday:2:26MAR:86030:12345,40_MCOB-DO:121:0:Weekday:2:26MAR:86030:12345,1775085000,1775085000,default
1775084168,1_620,1_102754,256,1_816378480,1_8005264,1775085180,1775085180,default
1775084168,1_620,40_515,515,40_16133755__MCOB-DO:121:0:Weekday:2:26MAR:86031:12345,40_MCOB-DO:121:0:Weekday:2:26MAR:86031:12345,1775085300,1775085300,default
1775084168,1_620,40_515,515,40_16133692__MCOB-DO:121:0:Weekday:2:26MAR:86034:12345,40_MCOB-DO:121:0:Weekday:2:26MAR:86034:12345,1775086380,1775086380,default
1775084168,1_620,1_102754,256,1_816378490,1_8005262,1775087040,1775087040,default
1775084168,1_620,40_515,515,40_16133734__MCOB-DO:121:0:Weekday:2:26MAR:86035:12345,40_MCOB-DO:121:0:Weekday:2:26MAR:86035:12345,1775087100,1775087100,default
1775084168,1_620,40_510,510,40_16133701__MCOB-DO:121:0:Weekday:2:26MAR:86018:12345,40_MCOB-DO:121:0:Weekday:2:26MAR:86018:12345,1775087400,1775087400,default
1775084168,1_10912,1_100228,48,1_721360280,1_8012,1775084340,1775084340,default
1775084168,1_10912,40_100511,542,40_569572690,40_7976685,1775084640,1775084640,default
1775084168,1_10912,1_100162,271,1_569496430,1_7976349,1775084880,1775084880,default
1775084168,1_10912,1_100162,271,1_569554060,1_7976675,1775085540,1775085540,default
1775084168,1_10912,40_100451,556,40_635882820,40_7976589,1775085900,1775085900,default
1775084168,1_10912,1_100162,271,1_569496280,1_7976387,1775086080,1775086080,default
1775084168,1_71960,40_100511,542,40_721031460,40_7976606,1775084700,1775084700,default
1775084168,1_71960,40_100511,542,40_721031210,40_7976604,1775086020,1775086020,default
1775084168,1_68400,1_100136,245,1_761787440,1_7976365,1775084371,1775084371,default
1775084168,1_76310,40_100232,522,40_635897200,40_7976743,1775084367,1775084367,default
1775084468,1_970,1_100045,150,1_800670870,1_6979,1775084436,1775084537,default
1775084468,1_8541,1_100039,14,1_562519870,1_7974994,1775084580,1775084580,default
1775084468,1_320,1_100011,111,1_664454880,1_7479,1775084520,1775084536,default
1775084468,1_320,40_100239,550,40_597759000,40_6973,1775084460,1775084579,default
1775084468,1_68784,1_102548,B Line,1_721019090,1_7976636,1775084539,1775084539,default
1775084468,1_74327,1_102702,239,1_736529230,1_7976433,1775084530,1775084530,default
1775084468,1_575,1_100263,7,1_800588430,1_8023429,1775084520,1775084520,default
1775084468,1_2850,1_100089,2,1_788757860,1_7157,1775084520,1775083484,default
1775084468,1_2850,1_100089,2,1_788758220,1_8023470,1775085300,1775085300,default
1775084468,1_77910,1_102746,333,1_778704170,1_7975727,1775084533,1775084533,default
1775084468,1_46505,1_102619,F Line,1_694521850,1_7976003,1775085060,1775085060,default
1775084468,1_46505,1_102619,F Line,1_694522190,1_7976035,1775085660,1775085660,default
1775084468,1_46505,1_102619,F Line,1_694521250,1_7975997,1775086260,1775086260,default
1775084468,1_46505,1_102619,F Line,1_694521460,1_7976017,1775086860,1775086860,default
1775084468,1_46505,1_102619,F Line,1_694521960,1_7976016,1775087460,1775087460,default
1775084468,1_29423,1_102732,79,1_816446570,1_8022099,1775084700,1775084700,default
1775084468,1_40060,1_102574,40,1_811900590,1_8026437,1775084553,1775084553,default
1775084468,1_47660,1_102736,H Line,1_694056190,1_7974900,1775084567,1775084567,default
1775084468,1_280,40_100240,554,40_560098140,40_7976648,1775084301,1775084531,default
1775084468,1_1190,1_100173,3,1_761126940,1_7974914,1775084538,1775084538,default
1775084468,1_68130,1_102548,B Line,1_721019290,1_6035,1775084428,1775084533,default
1775084468,3_31002,40_560,560,40_3535020,40_10117,1775084545,1775084545,default
1775084468,1_40012,1_100026,128,1_806634810,1_8023683,1775084555,1775084555,default
1775084468,1_52306,1_100031,132,1_800858280,1_8024989,1775084580,1775084580,default
1775084468,1_52306,1_102619,F Line,1_800654830,1_8023710,1775084700,1775084700,default
1775084468,1_52306,1_102619,F Line,1_800653460,1_8023726,1775085300,1775085300,default
1775084468,1_52306,1_102619,F Line,1_800654070,1_8023882,1775085900,1775085900,default
1775084468,1_52306,1_102619,F Line,1_800654320,1_8023724,1775086500,1775086500,default
1775084468,1_52306,1_102619,F Line,1_800654600,1_8023712,1775087100,1775087100,default
1775084468,1_52306,1_102619,F Line,1_800653610,1_8023728,1775087700,1775087700,default
1775084468,1_40065,1_102574,40,1_811900590,1_8026437,1775084665,1775084665,default
1775084468,1_80763,1_100048,153,1_833411650,1_8023851,1775084610,1775084610,default
1775084468,1_59282,1_102717,165,1_800649820,1_7310,1775084940,1775083920,default
1775084468,1_59282,1_102717,165,1_800649830,1_8023844,1775086140,1775086140,default
1775084468,1_57791,1_102718,184,1_816484510,1_8023665,1775084769,1775084769,default
1775084468,1_620,40_100239,550,40_597758490,40_7976612,1775084700,1775084700,default
1775084468,1_620,40_100236,545,40_563501050,40_7976559,1775084760,1775084779,default
1775084468,1_620,40_510,510,40_16133724__MCOB-DO:121:0:Weekday:2:26MAR:86030:12345,40_MCOB-DO:121:0:Weekday:2:26MAR:86030:12345,1775085000,1775085000,default
1775084468,1_620,1_102754,256,1_816378480,1_8005264,1775085180,1775085180,default
1775084468,1_620,40_515,515,40_16133755__MCOB-DO:121:0:Weekday:2:26MAR:86031:12345,40_MCOB-DO:121:0:Weekday:2:26MAR:86031:12345,1775085300,1775085300,default
1775084468,1_620,40_100239,550,40_597758510,40_7976712,1775085300,1775085300,default
1775084468,1_620,40_515,515,40_16133692__MCOB-DO:121:0:Weekday:2:26MAR:86034:12345,40_MCOB-DO:121:0:Weekday:2:26MAR:86034:12345,1775086380,1775086380,default
1775084468,1_620,1_102754,256,1_816378490,1_8005262,1775087040,1775087040,default
1775084468,1_620,40_515,515,40_16133734__MCOB-DO:121:0:Weekday:2:26MAR:86035:12345,40_MCOB-DO:121:0:Weekday:2:26MAR:86035:12345,1775087100,1775087100,default
1775084468,1_620,40_510,510,40_16133701__MCOB-DO:121:0:Weekday:2:26MAR:86018:12345,40_MCOB-DO:121:0:Weekday:2:26MAR:86018:12345,1775087400,1775087400,default
1775084468,1_10912,40_100511,542,40_569572690,40_7976685,1775084640,1775084640,default
1775084468,1_10912,1_100162,271,1_569496430,1_7976349,1775084880,1775084880,default
1775084468,1_10912,1_100162,271,1_569554060,1_7976675,1775085540,1775085540,default
1775084468,1_10912,40_100451,556,40_635882820,40_7976589,1775085900,1775085900,default
1775084468,1_10912,1_100162,271,1_569496280,1_7976387,1775086080,1775086080,default
1775084468,1_71960,40_100511,542,40_721031460,40_9663,1775084700,1775084700,default
1775084468,1_71960,40_100511,542,40_721031460,40_7976606,1775084700,1775084700,default
1775084468,1_71960,40_100511,542,40_721031210,40_7976604,1775086020,1775086020,default
1775084468,1_8403,1_100039,14,1_562519810,1_7974989,1775084700,1775084700,default
1775084468,1_41900,1_100249,60,1_801585590,1_8025819,1775084640,1775084640,default
1775084768,1_481,1_102736,H Line,1_694056050,1_6113,1775084760,1775084816,default
1775084768,1_60161,1_100042,148,1_762077710,1_7976053,1775085120,1775085358,default
1775084768,1_970,1_100003,101,1_800669220,1_6975,1775084556,1775084794,default
1775084768,1_970,1_100487,102,1_771006970,1_8173,1775084256,1775084837,default
1775084768,1_575,1_100210,36,1_800582340,1_8023384,1775084880,1775084880,default
1775084768,1_575,1_100028,13,1_788759010,1_7152,1775084640,1775084906,default
1775084768,1_2850,1_100089,2,1_788758220,1_7099,1775085300,1775084484,default
1775084768,1_2850,1_100089,2,1_788758220,1_8023470,1775085300,1775085300,default
1775084768,1_46505,1_102619,F Line,1_694521850,1_7976003,1775085060,1775085060,default
1775084768,1_46505,1_102619,F Line,1_694522190,1_7976035,1775085660,1775085660,default
1775084768,1_46505,1_102619,F Line,1_694521250,1_7975997,1775086260,1775086260,default
1775084768,1_46505,1_102619,F Line,1_694521460,1_7976017,1775086860,1775086860,default
1775084768,1_46505,1_102619,F Line,1_694521960,1_7976016,1775087460,1775087460,default
1775084768,1_46505,1_102619,F Line,1_694521700,1_7976229,1775088060,1775088060,default
1775084768,1_27420,1_100249,60,1_801585590,1_8025819,1775084828,1775084828,default
1775084768,1_74743,1_102702,239,1_736529470,1_7976434,1775084899,1775084899,default
1775084768,1_81254,1_102744,365,1_761395760,1_7975725,1775084862,1775084862,default
1775084768,1_52306,1_102619,F Line,1_800653460,1_8023726,1775085300,1775085300,default
1775084768,1_52306,1_102619,F Line,1_800654070,1_8023882,1775085900,1775085900,default
1775084768,1_52306,1_102619,F Line,1_800654320,1_8023724,1775086500,1775086500,default
1775084768,1_52306,1_102619,F Line,1_800654600,1_8023712,1775087100,1775087100,default
1775084768,1_52306,1_102619,F Line,1_800653610,1_8023728,1775087700,1775087700,default
1775084768,1_52306,1_102619,F Line,1_800653870,1_8023729,1775088300,1775088300,default
1775084768,1_7750,1_102615,E Line,1_768603630,1_7975045,1775084892,1775084892,default
1775084768,1_70665,1_102702,239,1_736529230,1_7976433,1775084940,1775084940,default
1775084768,1_59282,1_102717,165,1_800649820,1_7310,1775084940,1775083920,default
1775084768,1_59282,1_102717,165,1_800649830,1_8023844,1775086140,1775086140,default
1775084768,1_35440,1_100269,75,1_803350050,1_8022018,1775084644,1775084948,default
1775084768,1_75850,1_102615,E Line,1_761418570,1_7975622,1775084953,1775084953,default
1775084768,1_620,40_510,510,40_16133724__MCOB-DO:121:0:Weekday:2:26MAR:86030:12345,40_MCOB-DO:121:0:Weekday:2:26MAR:86030:12345,1775085000,1775085026,default
1775084768,1_620,40_100236,545,40_563501050,40_7976559,1775084760,1775085110,default
1775084768,1_620,1_102754,256,1_816378480,1_8005264,1775085180,1775085180,default
1775084768,1_620,40_515,515,40_16133755__MCOB-DO:121:0:Weekday:2:26MAR:86031:12345,40_MCOB-DO:121:0:Weekday:2:26MAR:86031:12345,1775085300,1775085300,default
1775084768,1_620,40_100239,550,40_597758510,40_7976712,1775085300,1775085300,default
1775084768,1_620,40_515,515,40_16133692__MCOB-DO:121:0:Weekday:2:26MAR:86034:12345,40_MCOB-DO:121:0:Weekday:2:26MAR:86034:12345,1775086380,1775086380,default
1775084768,1_620,1_102754,256,1_816378490,1_8005262,1775087040,1775087040,default
1775084768,1_620,40_515,515,40_16133734__MCOB-DO:121:0:Weekday:2:26MAR:86035:12345,40_MCOB-DO:121:0:Weekday:2:26MAR:86035:12345,1775087100,1775087100,default
1775084768,1_620,40_510,510,40_16133701__MCOB-DO:121:0:Weekday:2:26MAR:86018:12345,40_MCOB-DO:121:0:Weekday:2:26MAR:86018:12345,1775087400,1775087400,default
1775084768,1_10912,1_100162,271,1_569554060,1_7976675,1775085540,1775085540,default
1775084768,1_10912,40_100451,556,40_635882820,40_7976589,1775085900,1775085900,default
1775084768,1_10912,40_100511,542,40_608344410,40_7976686,1775085960,1775085960,default
1775084768,1_10912,1_100162,271,1_569496280,1_7976387,1775086080,1775086080,default
1775084768,1_10912,1_100162,271,1_569497120,1_7976667,1775086740,1775086740,default
1775084768,1_10912,40_100451,556,40_635882830,40_7976563,1775088000,1775088096,default
1775084768,1_71960,40_100511,542,40_721031210,40_7976604,1775086020,1775086020,default
1775084768,1_8403,1_100039,14,1_562519810,1_7974989,1775084700,1775084700,default
1775085068,1_103,1_102745,G Line,1_736435930,1_7974685,1775085078,1775085078,default
1775085068,1_12170,1_100039,14,1_562519810,1_7974989,1775085279,1775085279,default
1775085068,1_60161,1_100042,148,1_762077710,1_7976053,1775085120,1775085201,default
1775085068,1_12770,1_100228,48,1_721361730,1_7974619,1775085089,1775085089,default
1775085068,1_575,1_102576,C Line,1_800867890,1_8024975,1775085120,1775085120,default
1775085068,1_575,1_102615,E Line,1_761417770,1_6209,1775085180,1775085184,default
1775085068,1_575,1_100219,4,1_675345680,1_7974872,1775085240,1775085240,default
1775085068,1_2850,1_100089,2,1_788758220,1_7099,1775085300,1775084484,default
1775085068,1_46505,1_102619,F Line,1_694522190,1_7976035,1775085660,1775085660,default
1775085068,1_46505,1_102619,F Line,1_694521250,1_7975997,1775086260,1775086260,default
1775085068,1_46505,1_102619,F Line,1_694521460,1_7976017,1775086860,1775086860,default
1775085068,1_46505,1_102619,F Line,1_694521960,1_7976016,1775087460,1775087460,default
1775085068,1_46505,1_102619,F Line,1_694521700,1_7976229,1775088060,1775088060,default
1775085068,1_40060,1_102574,40,1_811901280,1_8026390,1775085153,1775085153,default
1775085068,1_47660,1_102736,H Line,1_694056580,1_7974967,1775085167,1775085167,default
1775085068,1_280,1_100104,212,1_806323790,1_8005197,1775085170,1775085230,default
1775085068,1_1190,40_100239,550,40_597758490,40_7976612,1775085160,1775085160,default
1775085068,1_3470,1_100210,36,1_800582230,1_8023418,1775085120,1775085120,default
1775085068,1_50774,1_100045,150,1_694513310,1_8189,1775084799,1775085133,default
1775085068,1_68130,1_102548,B Line,1_721018600,1_6029,1775085088,1775085180,default
1775085068,1_56440,1_100005,106,1_727785000,1_7975016,1775085158,1775085116,default
1775085068,1_52306,40_560,560,40_3535020,40_10117,1775085240,1775085240,default
1775085068,1_52306,1_102619,F Line,1_800653460,1_8023726,1775085300,1775085300,default
1775085068,1_52306,1_102619,F Line,1_800654070,1_8023882,1775085900,1775085900,default
1775085068,1_52306,1_102619,F Line,1_800654320,1_8023724,1775086500,1775086500,default
1775085068,1_52306,1_102619,F Line,1_800654600,1_8023712,1775087100,1775087100,default
1775085068,1_52306,1_102619,F Line,1_800653610,1_8023728,1775087700,1775087700,default
1775085068,1_52306,1_102619,F Line,1_800653870,1_8023729,1775088300,1775088300,default
1775085068,1_80121,1_102719,161,1_800652230,1_8023904,1775085237,1775085237,default
1775085068,1_57804,1_100072,181,1_721481530,1_7976037,1775085613,1775085613,default
1775085068,1_59282,1_102717,165,1_800649830,1_8023844,1775086140,1775086140,default
1775085068,1_31890,1_100230,50,1_770998020,1_7976175,1775085221,1775085221,default
1775085068,1_57940,1_102720,160,1_694517650,1_7315,1775085052,1775085226,default
1775085068,1_620,40_100239,550,40_597758510,40_7976712,1775085300,1775085300,default
1775085068,1_620,40_515,515,40_16133755__MCOB-DO:121:0:Weekday:2:26MAR:86031:12345,40_MCOB-DO:121:0:Weekday:2:26MAR:86031:12345,1775085300,1775085326,default
1775085068,1_620,40_100236,545,40_563501050,40_7976559,1775084760,1775085381,default
1775085068,1_620,40_100236,545,40_563502510,40_7976572,1775085360,1775085391,default
1775085068,1_620,40_100239,550,40_597758440,40_7976614,1775085900,1775085900,default
1775085068,1_620,40_515,515,40_16133692__MCOB-DO:121:0:Weekday:2:26MAR:86034:12345,40_MCOB-DO:121:0:Weekday:2:26MAR:86034:12345,1775086380,1775086380,default
1775085068,1_620,1_102754,256,1_816378490,1_8005262,1775087040,1775087040,default
1775085068,1_620,40_515,515,40_16133734__MCOB-DO:121:0:Weekday:2:26MAR:86035:12345,40_MCOB-DO:121:0:Weekday:2:26MAR:86035:12345,1775087100,1775087100,default
1775085068,1_620,40_510,510,40_16133701__MCOB-DO:121:0:Weekday:2:26MAR:86018:12345,40_MCOB-DO:121:0:Weekday:2:26MAR:86018:12345,1775087400,1775087400,default
1775085068,1_620,29_424,424,29_16132036__MCOB-DO:121:0:Weekday:2:26MAR:61057:12345,29_MCOB-DO:121:0:Weekday:2:26MAR:61057:12345,1775088600,1775088600,default
1775085068,1_620,40_510,510,40_16133731__MCOB-DO:121:0:Weekday:2:26MAR:86019:12345,40_MCOB-DO:121:0:Weekday:2:26MAR:86019:12345,1775088600,1775088600,default
1775085068,1_10912,1_100162,271,1_569554060,1_7976675,1775085540,1775085540,default
1775085068,1_10912,40_100451,556,40_635882820,40_7976589,1775085900,1775085900,default
1775085068,1_10912,40_100511,542,40_608344410,40_7976686,1775085960,1775085960,default
1775085068,1_10912,1_100162,271,1_569496280,1_7976387,1775086080,1775086080,default
1775085068,1_10912,1_100162,271,1_569497120,1_7976667,1775086740,1775086740,default
1775085068,1_10912,40_100451,556,40_635882830,40_7976563,1775088000,1775088000,default
1775085068,1_71960,40_100511,542,40_721031210,40_7976604,1775086020,1775086020,default
1775085068,1_81982,1_102746,333,1_778704530,1_7975683,1775085279,1775085279,default
1775085068,1_3000,1_100089,2,1_788757860,1_8023446,1775085083,1775085260,default
1775085068,1_68400,1_100136,245,1_761787840,1_7976372,1775085271,1775085271,default
1775085368,1_103,1_102745,G Line,1_736435970,1_7974690,1775085438,1775085438,default
1775085368,1_481,1_100024,125,1_770790130,1_7974702,1775085420,1775085420,default
1775085368,1_7790,1_102615,E Line,1_768603970,1_7975037,1775085443,1775085443,default
1775085368,1_575,1_100028,13,1_788759020,1_7139,1775085480,1775085480,default
1775085368,1_2850,1_100089,2,1_788757870,1_7140,1775086020,1775084985,default
1775085368,1_2850,1_100089,2,1_788758230,1_8023471,1775086740,1775086740,default
1775085368,1_77910,1_102746,333,1_778704180,1_7975681,1775085439,1775085439,default
1775085368,1_46505,1_102619,F Line,1_694522190,1_7976035,1775085660,1775085660,default
1775085368,1_46505,1_102619,F Line,1_694521250,1_7975997,1775086260,1775086260,default
1775085368,1_46505,1_102619,F Line,1_694521460,1_7976017,1775086860,1775086860,default
1775085368,1_46505,1_102619,F Line,1_694521960,1_7976016,1775087460,1775087460,default
1775085368,1_46505,1_102619,F Line,1_694521700,1_7976229,1775088060,1775088060,default
1775085368,1_46505,1_102619,F Line,1_694522120,1_7976085,1775088660,1775088660,default
1775085368,1_29423,1_102732,79,1_816446400,1_8022070,1775086500,1775086500,default
1775085368,1_280,40_100240,554,40_581722190,40_7976695,1775085501,1775085501,default
1775085368,1_27420,1_100249,60,1_801585820,1_8025884,1775085548,1775085548,default
1775085368,1_25140,1_100254,65,1_778694810,1_7975671,1775085471,1775085403,default
1775085368,1_57453,1_100060,168,1_800660380,1_8023782,1775085300,1775085300,default
1775085368,1_52306,1_102619,F Line,1_800654070,1_8023882,1775085900,1775085900,default
1775085368,1_52306,1_102619,F Line,1_800654320,1_8023724,1775086500,1775086500,default
1775085368,1_52306,1_102619,F Line,1_800654600,1_8023712,1775087100,1775087100,default
1775085368,1_52306,1_102619,F Line,1_800653610,1_8023728,1775087700,1775087700,default
1775085368,1_52306,1_102619,F Line,1_800653870,1_8023729,1775088300,1775088300,default
1775085368,1_52306,1_102619,F Line,1_800654760,1_8023709,1775088900,1775088900,default
1775085368,1_45670,1_100210,36,1_800583950,1_8023386,1775085441,1775085525,default
1775085368,1_45670,1_100210,36,1_800583210,1_8023382,1775083041,1775085530,default
1775085368,1_41940,1_102729,322,1_803353360,1_8148,1775085433,1775085493,default
1775085368,1_57804,1_100072,181,1_721481530,1_7976037,1775085613,1775085613,default
1775085368,1_59282,1_100072,181,1_721481700,1_7976033,1775086080,1775086080,default
1775085368,1_59282,1_102717,165,1_800649830,1_8023844,1775086140,1775086140,default
1775085368,1_620,40_100236,545,40_563502510,40_9687,1775085360,1775085567,default
1775085368,1_620,40_100236,545,40_563501050,40_7976559,1775084760,1775085681,default
1775085368,1_620,40_100239,550,40_597758440,40_7976614,1775085900,1775085900,default
1775085368,1_620,40_100240,554,40_774872160,40_7976696,1775085960,1775085960,default
1775085368,1_620,40_515,515,40_16133692__MCOB-DO:121:0:Weekday:2:26MAR:86034:12345,40_MCOB-DO:121:0:Weekday:2:26MAR:86034:12345,1775086380,1775086380,default
1775085368,1_620,1_102754,256,1_816378490,1_8005262,1775087040,1775087040,default
1775085368,1_620,40_515,515,40_16133734__MCOB-DO:121:0:Weekday:2:26MAR:86035:12345,40_MCOB-DO:121:0:Weekday:2:26MAR:86035:12345,1775087100,1775087100,default
1775085368,1_620,40_510,510,40_16133701__MCOB-DO:121:0:Weekday:2:26MAR:86018:12345,40_MCOB-DO:121:0:Weekday:2:26MAR:86018:12345,1775087400,1775087400,default
1775085368,1_620,29_424,424,29_16132036__MCOB-DO:121:0:Weekday:2:26MAR:61057:12345,29_MCOB-DO:121:0:Weekday:2:26MAR:61057:12345,1775088600,1775088600,default
1775085368,1_620,40_510,510,40_16133731__MCOB-DO:121:0:Weekday:2:26MAR:86019:12345,40_MCOB-DO:121:0:Weekday:2:26MAR:86019:12345,1775088600,1775088600,default
1775085368,1_620,40_515,515,40_16133717__MCOB-DO:121:0:Weekday:2:26MAR:86037:12345,40_MCOB-DO:121:0:Weekday:2:26MAR:86037:12345,1775088900,1775088900,default
1775085368,1_620,1_102754,256,1_816378500,1_8005267,1775088900,1775089089,default
1775085368,1_10912,1_100162,271,1_569554060,1_7976675,1775085540,1775085540,default
1775085368,1_10912,40_100451,556,40_635882820,40_7976589,1775085900,1775085900,default
1775085368,1_10912,40_100511,542,40_608344410,40_7976686,1775085960,1775085960,default
1775085368,1_10912,1_100162,271,1_569496280,1_7976387,1775086080,1775086080,default
1775085368,1_10912,1_100162,271,1_569497120,1_7976667,1775086740,1775086740,default
1775085368,1_10912,1_100162,271,1_569495930,1_7976350,1775087400,1775087400,default
1775085368,1_10912,40_100451,556,40_635882830,40_7976563,1775088000,1775088000,default
1775085368,1_71960,40_100511,542,40_721031210,40_7976604,1775086020,1775086020,default
1775085368,1_52081,1_102736,H Line,1_694056130,1_7974897,1775085596,1775085596,default
1775085668,1_5830,1_100229,5,1_809331650,1_8025797,1775085390,1775085689,default
1775085668,1_970,1_100003,101,1_800669260,1_8138,1775085456,1775085718,default
1775085668,1_320,40_100239,550,40_597759250,40_9654,1775085660,1775085789,default
1775085668,1_575,1_102576,C Line,1_800868800,1_8025005,1775085720,1775085720,default
1775085668,1_575,1_102615,E Line,1_761417870,1_6082,1775085600,1775085722,default
1775085668,1_2850,1_100089,2,1_788757870,1_7140,1775086020,1775084985,default
1775085668,1_2850,1_100089,2,1_788758230,1_7166,1775086740,1775085399,default
1775085668,1_2850,1_100089,2,1_788758230,1_8023471,1775086740,1775086740,default
1775085668,1_46505,1_102619,F Line,1_694521250,1_7975997,1775086260,1775086260,default
1775085668,1_46505,1_102619,F Line,1_694521460,1_7976017,1775086860,1775086860,default
1775085668,1_46505,1_102619,F Line,1_694521960,1_7976016,1775087460,1775087460,default
1775085668,1_46505,1_102619,F Line,1_694521700,1_7976229,1775088060,1775088060,default
1775085668,1_46505,1_102619,F Line,1_694522120,1_7976085,1775088660,1775088660,default
1775085668,1_29423,1_102732,79,1_816446400,1_8022070,1775086500,1775086500,default
1775085668,1_40060,1_102574,40,1_811900520,1_8026397,1775085753,1775085753,default
1775085668,1_280,1_100011,111,1_664454890,1_7976601,1775085801,1775085801,default
1775085668,1_1190,40_100239,550,40_597758510,40_7976712,1775085760,1775085760,default
1775085668,1_73366,1_102548,B Line,1_721019290,1_7976625,1775085760,1775085760,default
1775085668,1_40012,1_100026,128,1_806634490,1_8023667,1775085755,1775085755,default
1775085668,1_79610,1_100006,107,1_762077950,1_7976072,1775085772,1775085772,default
1775085668,1_42120,1_100249,60,1_801585810,1_8025817,1775085140,1775085745,default
1775085668,1_52306,1_102619,F Line,1_800654070,1_8023882,1775085900,1775085900,default
1775085668,1_52306,1_102619,F Line,1_800654320,1_8023724,1775086500,1775086500,default
1775085668,1_52306,1_102619,F Line,1_800654600,1_8023712,1775087100,1775087100,default
1775085668,1_52306,1_102619,F Line,1_800653610,1_8023728,1775087700,1775087700,default
1775085668,1_52306,1_102619,F Line,1_800653870,1_8023729,1775088300,1775088300,default
1775085668,1_52306,1_102619,F Line,1_800654760,1_8023709,1775088900,1775088900,default
1775085668,1_7750,1_102615,E Line,1_768604290,1_7975035,1775085792,1775085792,default
1775085668,1_45670,1_100210,36,1_800583950,1_4397,1775085441,1775085785,default
1775085668,1_41940,1_100249,60,1_801585820,1_8025884,1775085817,1775085817,default
1775085668,1_2200,1_100001,1,1_562519990,1_7974978,1775085771,1775085803,default
1775085668,1_59282,1_102717,165,1_800649840,1_7189,1775087340,1775085391,default
1775085668,1_59282,1_100072,181,1_721481700,1_7323,1775086080,1775085528,default
1775085668,1_59282,1_100072,181,1_721481700,1_7976033,1775086080,1775086080,default
1775085668,1_59282,1_102717,165,1_800649830,1_8023844,1775086140,1775086140,default
1775085668,1_23905,1_100214,372,1_694306110,1_7976752,1775085832,1775085832,default
1775085668,1_10210,1_100264,70,1_801593010,1_8026408,1775085873,1775085873,default
1775085668,1_620,40_100239,550,40_597758440,40_7976614,1775085900,1775085900,default
1775085668,1_620,40_100236,545,40_563502980,40_9656,1775085960,1775085918,default
1775085668,1_620,40_100240,554,40_774872160,40_7976696,1775085960,1775085960,default
1775085668,1_620,40_100236,545,40_563501050,40_7976559,1775084760,1775085972,default
1775085668,1_620,40_515,515,40_16133692__MCOB-DO:121:0:Weekday:2:26MAR:86034:12345,40_MCOB-DO:121:0:Weekday:2:26MAR:86034:12345,1775086380,1775086380,default
1775085668,1_620,40_100239,550,40_597758970,40_7976615,1775086500,1775086500,default
1775085668,1_620,1_102754,256,1_816378490,1_8005262,1775087040,1775087040,default
1775085668,1_620,40_515,515,40_16133734__MCOB-DO:121:0:Weekday:2:26MAR:86035:12345,40_MCOB-DO:121:0:Weekday:2:26MAR:86035:12345,1775087100,1775087100,default
1775085668,1_620,40_510,510,40_16133701__MCOB-DO:121:0:Weekday:2:26MAR:86018:12345,40_MCOB-DO:121:0:Weekday:2:26MAR:86018:12345,1775087400,1775087400,default
1775085668,1_620,29_424,424,29_16132036__MCOB-DO:121:0:Weekday:2:26MAR:61057:12345,29_MCOB-DO:121:0:Weekday:2:26MAR:61057:12345,1775088600,1775088600,default
1775085668,1_620,40_510,510,40_16133731__MCOB-DO:121:0:Weekday:2:26MAR:86019:12345,40_MCOB-DO:121:0:Weekday:2:26MAR:86019:12345,1775088600,1775088600,default
1775085668,1_620,40_515,515,40_16133717__MCOB-DO:121:0:Weekday:2:26MAR:86037:12345,40_MCOB-DO:121:0:Weekday:2:26MAR:86037:12345,1775088900,1775088900,default
1775085668,1_620,1_102754,256,1_816378500,1_8005267,1775088900,1775089072,default
1775085668,1_10912,40_100451,556,40_635882820,40_7976589,1775085900,1775085900,default
1775085668,1_10912,40_100511,542,40_608344410,40_7976686,1775085960,1775085960,default
1775085668,1_10912,1_100162,271,1_569496280,1_7976387,1775086080,1775086080,default
1775085668,1_10912,1_100162,271,1_569497120,1_7976667,1775086740,1775086740,default
1775085668,1_10912,40_100511,542,40_608343950,40_7976608,1775087160,1775087160,default
1775085668,1_10912,1_100162,271,1_569495930,1_7976350,1775087400,1775087400,default
1775085668,1_10912,40_100451,556,40_635882830,40_7976563,1775088000,1775088000,default
1775085668,1_71960,40_100511,542,40_721031210,40_7976604,1775086020,1775086020,default
1775085668,1_71960,40_100511,542,40_721030740,40_7976607,1775086680,1775086680,default
1775085668,1_8403,1_100039,14,1_562519870,1_7974994,1775085600,1775085600,default
1775085668,1_3000,1_100089,2,1_788758220,1_8023470,1775085863,1775085863,default
1775085668,1_58144,1_100048,153,1_833411650,1_8023851,1775085881,1775085881,default
1775085668,1_18220,1_100219,4,1_675345420,1_7974870,1775085840,1775085840,default
1775085968,1_12770,1_100228,48,1_721360280,1_7974618,1775085989,1775085989,default
1775085968,1_575,1_100210,36,1_800583180,1_8023383,1775086080,1775086080,default
1775085968,1_2850,1_100089,2,1_788757870,1_7140,1775086020,1775084985,default
1775085968,1_2850,1_100089,2,1_788758230,1_7166,1775086740,1775085399,default
1775085968,1_46505,1_102619,F Line,1_694521250,1_7975997,1775086260,1775086260,default
1775085968,1_46505,1_102619,F Line,1_694521460,1_7976017,1775086860,1775086860,default
1775085968,1_46505,1_102619,F Line,1_694521960,1_7976016,1775087460,1775087460,default
1775085968,1_46505,1_102619,F Line,1_694521700,1_7976229,1775088060,1775088060,default
1775085968,1_46505,1_102619,F Line,1_694522120,1_7976085,1775088660,1775088660,default
1775085968,1_29423,1_102732,79,1_816446400,1_8022070,1775086500,1775086500,default
1775085968,1_280,1_100011,111,1_664454890,1_7484,1775085801,1775086047,default
1775085968,1_3470,1_100210,36,1_800583850,1_8023436,1775086020,1775086020,default
1775085968,1_76024,1_102702,239,1_736529470,1_7976434,1775086046,1775086046,default
1775085968,1_81254,1_102744,365,1_761395770,1_7975720,1775086062,1775086062,default
1775085968,1_72494,1_100160,269,1_806917870,1_8024685,1775086080,1775086080,default
1775085968,1_52306,1_102619,F Line,1_800654320,1_8023724,1775086500,1775086500,default
1775085968,1_52306,1_102619,F Line,1_800654600,1_8023712,1775087100,1775087100,default
1775085968,1_52306,1_102619,F Line,1_800653610,1_8023728,1775087700,1775087700,default
1775085968,1_52306,1_102619,F Line,1_800653870,1_8023729,1775088300,1775088300,default
1775085968,1_52306,1_102619,F Line,1_800654760,1_8023709,1775088900,1775088900,default
1775085968,1_52306,1_102619,F Line,1_800654580,1_8023711,1775089500,1775089500,default
1775085968,1_80121,1_102719,161,1_800652500,1_8023879,1775086197,1775086197,default
1775085968,1_21080,1_100249,60,1_801585880,1_7134,1775086140,1775086140,default
1775085968,1_59282,1_102717,165,1_800649840,1_7189,1775087340,1775085391,default
1775085968,1_59282,1_102717,165,1_800649830,1_8023844,1775086140,1775086140,default
1775085968,1_71678,1_102552,226,1_816299220,1_8024713,1775086131,1775086131,default
1775085968,1_620,40_100239,550,40_597758970,40_7976615,1775086500,1775086500,default
1775085968,1_620,1_102754,256,1_816378490,1_8005262,1775087040,1775087040,default
1775085968,1_620,40_515,515,40_16133734__MCOB-DO:121:0:Weekday:2:26MAR:86035:12345,40_MCOB-DO:121:0:Weekday:2:26MAR:86035:12345,1775087100,1775087100,default
1775085968,1_620,40_510,510,40_16133701__MCOB-DO:121:0:Weekday:2:26MAR:86018:12345,40_MCOB-DO:121:0:Weekday:2:26MAR:86018:12345,1775087400,1775087400,default
1775085968,1_620,29_424,424,29_16132036__MCOB-DO:121:0:Weekday:2:26MAR:61057:12345,29_MCOB-DO:121:0:Weekday:2:26MAR:61057:12345,1775088600,1775088600,default
1775085968,1_620,40_510,510,40_16133731__MCOB-DO:121:0:Weekday:2:26MAR:86019:12345,40_MCOB-DO:121:0:Weekday:2:26MAR:86019:12345,1775088600,1775088600,default
1775085968,1_620,40_515,515,40_16133717__MCOB-DO:121:0:Weekday:2:26MAR:86037:12345,40_MCOB-DO:121:0:Weekday:2:26MAR:86037:12345,1775088900,1775088900,default
1775085968,1_620,1_102754,256,1_816378500,1_8005267,1775088900,1775088995,default
1775085968,1_10912,1_100214,372,1_694307020,1_6923,1775086064,1775086156,default
1775085968,1_10912,1_100162,271,1_569497120,1_7976667,1775086740,1775086740,default
1775085968,1_10912,40_100511,542,40_608343950,40_7976608,1775087160,1775087160,default
1775085968,1_10912,1_100162,271,1_569495930,1_7976350,1775087400,1775087400,default
1775085968,1_10912,40_100451,556,40_635882830,40_7976563,1775088000,1775088000,default
1775085968,1_10912,1_100162,271,1_569496790,1_7976668,1775089380,1775089380,default
1775085968,1_71960,40_100511,542,40_721030740,40_7976607,1775086680,1775086680,default
1775085968,1_81982,1_102746,333,1_778704490,1_7975727,1775086179,1775086179,default
1775085968,1_68400,1_100136,245,1_761788280,1_7976373,1775086171,1775086171,default
1775085968,1_76310,40_100232,522,40_635897680,40_7976771,1775086167,1775086167,default
1775086268,1_46791,1_100016,118,1_669631440,1_7976012,1775086500,1775086500,default
1775086268,1_62212,1_102720,160,1_694517460,1_7976102,1775086317,1775086317,default
1775086268,1_26560,1_102574,40,1_811900530,1_8025885,1775086283,1775086283,default
1775086268,1_60161,1_100042,148,1_762077770,1_7976051,1775086980,1775086980,default
1775086268,1_30790,1_100249,60,1_801585930,1_8025816,1775086343,1775086343,default
1775086268,1_320,40_100239,550,40_597759740,40_7976619,1775086260,1775086379,default
1775086268,1_575,1_100028,13,1_788759030,1_7157,1775086260,1775086376,default
1775086268,1_575,1_102576,C Line,1_800867820,1_8024969,1775086380,1775086380,default
1775086268,1_2850,1_100089,2,1_788758230,1_7166,1775086740,1775085399,default
1775086268,1_77910,1_102746,333,1_778704190,1_7975729,1775086339,1775086339,default
1775086268,1_46505,1_102619,F Line,1_694521460,1_6286,1775086860,1775086860,default
1775086268,1_46505,1_102619,F Line,1_694521460,1_7976017,1775086860,1775086860,default
1775086268,1_46505,1_102619,F Line,1_694521960,1_7976016,1775087460,1775087460,default
1775086268,1_46505,1_102619,F Line,1_694521700,1_7976229,1775088060,1775088060,default
1775086268,1_46505,1_102619,F Line,1_694522120,1_7976085,1775088660,1775088660,default
1775086268,1_46505,1_102619,F Line,1_656236290,1_7975999,1775089560,1775089560,default
1775086268,1_29423,1_102732,79,1_816446400,1_8022070,1775086500,1775086500,default
1775086268,1_1190,1_100173,3,1_761126200,1_7974916,1775086338,1775086338,default
1775086268,1_1190,40_100239,550,40_597758440,40_7976614,1775086360,1775086360,default
1775086268,1_23530,1_100259,67,1_724949410,1_7975711,1775086372,1775086372,default
1775086268,1_68130,1_102548,B Line,1_721018740,1_6046,1775086288,1775086340,default
1775086268,1_73366,1_102548,B Line,1_721018600,1_7976649,1775086420,1775086420,default
1775086268,1_42120,1_100006,107,1_800646850,1_8023890,1775086343,1775086344,default
1775086268,1_52306,1_102619,F Line,1_800654320,1_6282,1775086500,1775086187,default
1775086268,1_52306,1_102619,F Line,1_800654320,1_8023724,1775086500,1775086500,default
1775086268,1_52306,1_102619,F Line,1_800654600,1_8023712,1775087100,1775087100,default
1775086268,1_52306,1_102619,F Line,1_800653610,1_8023728,1775087700,1775087700,default
1775086268,1_52306,1_102619,F Line,1_800653870,1_8023729,1775088300,1775088300,default
1775086268,1_52306,1_102619,F Line,1_800654760,1_8023709,1775088900,1775088900,default
1775086268,1_52306,1_102619,F Line,1_800654580,1_8023711,1775089500,1775089500,default
1775086268,1_45670,1_100210,36,1_800584210,1_4394,1775086341,1775086378,default
1775086268,1_30800,1_100249,60,1_801585930,1_8025816,1775086391,1775086391,default
1775086268,1_29650,1_100224,44,1_664046980,1_7974934,1775086475,1775086334,default
1775086268,1_71970,1_102753,222,1_774817920,1_7976416,1775086508,1775086388,default
1775086268,1_59282,1_102717,165,1_800649840,1_7189,1775087340,1775085391,default
1775086268,1_31890,1_100230,50,1_770997910,1_7976178,1775086421,1775086421,default
1775086268,1_620,40_100239,550,40_597758970,40_7976615,1775086500,1775086500,default
1775086268,1_620,40_100236,545,40_563502930,40_7976569,1775086560,1775086586,default
1775086268,1_620,1_102754,256,1_816378490,1_8005262,1775087040,1775087040,default
1775086268,1_620,40_515,515,40_16133734__MCOB-DO:121:0:Weekday:2:26MAR:86035:12345,40_MCOB-DO:121:0:Weekday:2:26MAR:86035:12345,1775087100,1775087100,default
1775086268,1_620,40_100239,550,40_597759270,40_7976644,1775087100,1775087100,default
1775086268,1_620,40_510,510,40_16133701__MCOB-DO:121:0:Weekday:2:26MAR:86018:12345,40_MCOB-DO:121:0:Weekday:2:26MAR:86018:12345,1775087400,1775087400,default
1775086268,1_620,29_424,424,29_16132036__MCOB-DO:121:0:Weekday:2:26MAR:61057:12345,29_MCOB-DO:121:0:Weekday:2:26MAR:61057:12345,1775088600,1775088600,default
1775086268,1_620,40_510,510,40_16133731__MCOB-DO:121:0:Weekday:2:26MAR:86019:12345,40_MCOB-DO:121:0:Weekday:2:26MAR:86019:12345,1775088600,1775088600,default
1775086268,1_620,40_515,515,40_16133717__MCOB-DO:121:0:Weekday:2:26MAR:86037:12345,40_MCOB-DO:121:0:Weekday:2:26MAR:86037:12345,1775088900,1775088900,default
1775086268,1_620,1_102754,256,1_816378500,1_8005267,1775088900,1775089068,default
1775086268,1_620,40_510,510,40_16133716__MCOB-DO:121:0:Weekday:2:26MAR:86028:12345,40_MCOB-DO:121:0:Weekday:2:26MAR:86028:12345,1775089800,1775089800,default
1775086268,1_10912,1_100162,271,1_569497120,1_7976667,1775086740,1775086740,default
1775086268,1_10912,40_100511,542,40_608343950,40_7976608,1775087160,1775087160,default
1775086268,1_10912,1_100162,271,1_569495930,1_7976350,1775087400,1775087400,default
1775086268,1_10912,1_100162,271,1_569497230,1_7976676,1775087940,1775087940,default
1775086268,1_10912,40_100451,556,40_635882830,40_7976563,1775088000,1775088000,default
1775086268,1_10912,1_100162,271,1_569496790,1_7976668,1775089380,1775089380,default
1775086268,1_71960,40_100511,542,40_721030740,40_7976607,1775086680,1775086680,default
1775086268,1_76310,1_100214,372,1_694306830,1_6984,1775086435,1775086500,default
1775086568,1_60161,1_100042,148,1_762077770,1_7976051,1775086980,1775086980,default
1775086568,1_31270,1_100184,31,1_800850830,1_8025011,1775086597,1775086597,default
1775086568,1_17651,1_102747,61,1_803357110,1_3749,1775086648,1775086648,default
1775086568,1_2850,1_100089,2,1_788758230,1_7166,1775086740,1775085399,default
1775086568,1_2850,1_100089,2,1_788757880,1_8023453,1775087220,1775087220,default
1775086568,1_46505,1_102619,F Line,1_694521960,1_7976016,1775087460,1775087460,default
1775086568,1_46505,1_102619,F Line,1_694521700,1_7976229,1775088060,1775088060,default
1775086568,1_46505,1_102619,F Line,1_694522120,1_7976085,1775088660,1775088660,default
1775086568,1_46505,1_102619,F Line,1_656236290,1_7975999,1775089560,1775089560,default
1775086568,1_280,1_100011,111,1_664455010,1_7976579,1775086701,1775086701,default
1775086568,1_74743,1_102702,239,1_736529460,1_7976433,1775086734,1775086734,default
1775086568,1_35070,1_100230,50,1_785559130,1_7976170,1775086647,1775086647,default
1775086568,1_52306,1_102619,F Line,1_800654600,1_8023712,1775087100,1775087100,default
1775086568,1_52306,1_102619,F Line,1_800653610,1_8023728,1775087700,1775087700,default
1775086568,1_52306,1_102619,F Line,1_800653870,1_8023729,1775088300,1775088300,default
1775086568,1_52306,1_102619,F Line,1_800654760,1_8023709,1775088900,1775088900,default
1775086568,1_52306,1_102619,F Line,1_800654580,1_8023711,1775089500,1775089500,default
1775086568,1_52306,1_102619,F Line,1_800654920,1_8023715,1775090100,1775090100,default
1775086568,1_2200,1_100028,13,1_788759380,1_8023486,1775086611,1775086692,default
1775086568,1_59282,1_102717,165,1_800649840,1_7189,1775087340,1775085391,default
1775086568,1_10210,1_100264,70,1_801592950,1_8026407,1775086773,1775086773,default
1775086568,1_75850,1_102615,E Line,1_768604290,1_7975035,1775086753,1775086753,default
1775086568,1_620,40_100236,545,40_563502930,40_7976569,1775086560,1775086917,default
1775086568,1_620,1_102754,256,1_816378490,1_8005262,1775087040,1775087040,default
1775086568,1_620,40_515,515,40_16133734__MCOB-DO:121:0:Weekday:2:26MAR:86035:12345,40_MCOB-DO:121:0:Weekday:2:26MAR:86035:12345,1775087100,1775087100,default
1775086568,1_620,1_100104,212,1_806323800,1_8005196,1775087100,1775087100,default
1775086568,1_620,40_100239,550,40_597759270,40_7976644,1775087100,1775087100,default
1775086568,1_620,40_510,510,40_16133701__MCOB-DO:121:0:Weekday:2:26MAR:86018:12345,40_MCOB-DO:121:0:Weekday:2:26MAR:86018:12345,1775087400,1775087400,default
1775086568,1_620,29_424,424,29_16132036__MCOB-DO:121:0:Weekday:2:26MAR:61057:12345,29_MCOB-DO:121:0:Weekday:2:26MAR:61057:12345,1775088600,1775088600,default
1775086568,1_620,40_510,510,40_16133731__MCOB-DO:121:0:Weekday:2:26MAR:86019:12345,40_MCOB-DO:121:0:Weekday:2:26MAR:86019:12345,1775088600,1775088600,default
1775086568,1_620,40_515,515,40_16133717__MCOB-DO:121:0:Weekday:2:26MAR:86037:12345,40_MCOB-DO:121:0:Weekday:2:26MAR:86037:12345,1775088900,1775088900,default
1775086568,1_620,1_102754,256,1_816378500,1_8005267,1775088900,1775088900,default
1775086568,1_620,40_510,510,40_16133716__MCOB-DO:121:0:Weekday:2:26MAR:86028:12345,40_MCOB-DO:121:0:Weekday:2:26MAR:86028:12345,1775089800,1775089800,default
1775086568,1_620,40_515,515,40_16133703__MCOB-DO:121:0:Weekday:2:26MAR:86025:12345,40_MCOB-DO:121:0:Weekday:2:26MAR:86025:12345,1775089980,1775089980,default
1775086568,1_10912,1_100162,271,1_569497120,1_7976667,1775086740,1775086740,default
1775086568,1_10912,40_100511,542,40_608343950,40_7976608,1775087160,1775087160,default
1775086568,1_10912,1_100162,271,1_569495930,1_7976350,1775087400,1775087400,default
1775086568,1_10912,1_100162,271,1_569497230,1_7976676,1775087940,1775087940,default
1775086568,1_10912,40_100451,556,40_635882830,40_7976563,1775088000,1775088000,default
1775086568,1_10912,1_100162,271,1_569496790,1_7976668,1775089380,1775089380,default
1775086568,1_10912,40_100451,556,40_635883200,40_7976710,1775089800,1775089800,default
1775086568,1_52081,1_102736,H Line,1_694056050,1_7974899,1775086736,1775086736,default
1775086568,1_8403,1_100039,14,1_562519900,1_7974990,1775086500,1775086500,default
1775086868,1_103,1_102745,G Line,1_736435910,1_7974691,1775086878,1775086878,default
1775086868,1_481,1_102736,H Line,1_694056370,1_6062,1775086560,1775086912,default
1775086868,1_60161,1_100042,148,1_762077770,1_7471,1775086980,1775086572,default
1775086868,1_12770,1_100228,48,1_721361700,1_7974615,1775086889,1775086889,default
1775086868,1_320,40_100239,550,40_597759580,40_9676,1775086860,1775086952,default
1775086868,1_575,1_102576,C Line,1_800868040,1_8024973,1775086980,1775086980,default
1775086868,1_575,1_100210,36,1_800582630,1_8023417,1775086980,1775086980,default
1775086868,1_2850,1_100089,2,1_788757880,1_8023453,1775087220,1775087220,default
1775086868,1_46505,1_102619,F Line,1_694521960,1_7976016,1775087460,1775087460,default
1775086868,1_46505,1_102619,F Line,1_694521700,1_7976229,1775088060,1775088060,default
1775086868,1_46505,1_102619,F Line,1_694522120,1_7976085,1775088660,1775088660,default
1775086868,1_46505,1_102619,F Line,1_656236290,1_7975999,1775089560,1775089560,default
1775086868,1_280,1_100104,212,1_806323830,1_6925,1775086910,1775086910,default
1775086868,1_280,40_100240,554,40_581722710,40_9819,1775086761,1775086911,default
1775086868,1_1190,40_100239,550,40_597758970,40_7976615,1775086960,1775086960,default
1775086868,1_27420,1_100249,60,1_801585970,1_8026428,1775086988,1775086988,default
1775086868,1_11590,1_100002,10,1_675385230,1_7974875,1775086951,1775086951,default
1775086868,1_3470,1_100210,36,1_800584040,1_8023416,1775086920,1775086920,default
1775086868,1_73366,1_102548,B Line,1_721019380,1_7976637,1775087020,1775087020,default
1775086868,1_40012,1_100026,128,1_806634600,1_8023680,1775086955,1775086955,default
1775086868,1_59773,1_100074,183,1_800656690,1_7164,1775086878,1775086946,default
1775086868,1_52306,1_102619,F Line,1_800654600,1_8023712,1775087100,1775087100,default
1775086868,1_52306,1_102619,F Line,1_800653610,1_8023728,1775087700,1775087700,default
1775086868,1_52306,1_102619,F Line,1_800653870,1_8023729,1775088300,1775088300,default
1775086868,1_52306,1_102619,F Line,1_800654760,1_8023709,1775088900,1775088900,default
1775086868,1_52306,1_102619,F Line,1_800654580,1_8023711,1775089500,1775089500,default
1775086868,1_52306,1_102619,F Line,1_800654920,1_8023715,1775090100,1775090100,default
1775086868,1_80121,1_102719,161,1_800652240,1_8023905,1775086977,1775086977,default
1775086868,1_80763,1_100048,153,1_833411830,1_8023810,1775087010,1775087010,default
1775086868,1_57804,1_100072,181,1_721481860,1_7976104,1775087353,1775087353,default
1775086868,1_59282,1_102717,165,1_800649840,1_7189,1775087340,1775085391,default
1775086868,1_59282,1_102717,165,1_800649850,1_8023880,1775088780,1775088780,default
1775086868,1_620,1_102754,256,1_816378490,1_8005262,1775087040,1775087040,default
1775086868,1_620,40_100236,545,40_563502930,40_7976569,1775086560,1775087065,default
1775086868,1_620,1_100104,212,1_806323800,1_8005196,1775087100,1775087100,default
1775086868,1_620,40_100239,550,40_597759270,40_7976644,1775087100,1775087100,default
1775086868,1_620,40_515,515,40_16133734__MCOB-DO:121:0:Weekday:2:26MAR:86035:12345,40_MCOB-DO:121:0:Weekday:2:26MAR:86035:12345,1775087100,1775087162,default
1775086868,1_620,40_100240,554,40_774872170,40_7976693,1775087280,1775087280,default
1775086868,1_620,40_510,510,40_16133701__MCOB-DO:121:0:Weekday:2:26MAR:86018:12345,40_MCOB-DO:121:0:Weekday:2:26MAR:86018:12345,1775087400,1775087400,default
1775086868,1_620,40_100239,550,40_597759260,40_7976643,1775087700,1775087700,default
1775086868,1_620,29_424,424,29_16132036__MCOB-DO:121:0:Weekday:2:26MAR:61057:12345,29_MCOB-DO:121:0:Weekday:2:26MAR:61057:12345,1775088600,1775088600,default
1775086868,1_620,40_510,510,40_16133731__MCOB-DO:121:0:Weekday:2:26MAR:86019:12345,40_MCOB-DO:121:0:Weekday:2:26MAR:86019:12345,1775088600,1775088600,default
1775086868,1_620,40_515,515,40_16133717__MCOB-DO:121:0:Weekday:2:26MAR:86037:12345,40_MCOB-DO:121:0:Weekday:2:26MAR:86037:12345,1775088900,1775088900,default
1775086868,1_620,1_102754,256,1_816378500,1_8005267,1775088900,1775088900,default
1775086868,1_620,40_510,510,40_16133716__MCOB-DO:121:0:Weekday:2:26MAR:86028:12345,40_MCOB-DO:121:0:Weekday:2:26MAR:86028:12345,1775089800,1775089800,default
1775086868,1_620,40_515,515,40_16133703__MCOB-DO:121:0:Weekday:2:26MAR:86025:12345,40_MCOB-DO:121:0:Weekday:2:26MAR:86025:12345,1775089980,1775089980,default
1775086868,1_10912,1_100228,48,1_721358480,1_8011,1775087040,1775087040,default
1775086868,1_10912,1_100264,70,1_801594180,1_8202,1775086927,1775087101,default
1775086868,1_10912,40_100511,542,40_608343950,40_7976608,1775087160,1775087160,default
1775086868,1_10912,1_100162,271,1_569495930,1_7976350,1775087400,1775087400,default
1775086868,1_10912,1_100162,271,1_569497230,1_7976676,1775087940,1775087940,default
1775086868,1_10912,40_100451,556,40_635882830,40_7976563,1775088000,1775088000,default
1775086868,1_10912,40_100511,542,40_581722900,40_7976606,1775088360,1775088360,default
1775086868,1_10912,1_100162,271,1_569496920,1_7976670,1775088720,1775088720,default
1775086868,1_10912,1_100162,271,1_569496790,1_7976668,1775089380,1775089380,default
1775086868,1_10912,40_100451,556,40_635883200,40_7976710,1775089800,1775089800,default
1775086868,1_71960,40_100511,542,40_721031410,40_7976685,1775088000,1775088000,default
1775086868,1_81982,1_102746,333,1_778704940,1_7258,1775087079,1775087024,default
1775086868,1_58230,1_102720,160,1_694517460,1_7976102,1775087046,1775087046,default
1775086868,1_68400,1_100136,245,1_761787620,1_7976344,1775087071,1775087071,default
1775087168,1_103,1_102745,G Line,1_736435960,1_7974692,1775087238,1775087238,default
1775087168,1_481,1_102736,H Line,1_694056250,1_6077,1775087160,1775087224,default
1775087168,1_5830,1_100229,5,1_809328480,1_8026422,1775087190,1775087190,default
1775087168,1_62212,1_102720,160,1_694518330,1_7976143,1775087217,1775087217,default
1775087168,1_26560,1_102574,40,1_811901410,1_8026389,1775087183,1775087183,default
1775087168,1_970,1_100045,150,1_800671020,1_8168,1775086236,1775087214,default
1775087168,1_575,1_100264,70,1_801592980,1_8205,1775087280,1775087280,default
1775087168,1_575,1_100028,13,1_788759720,1_4368,1775087160,1775087295,default
1775087168,1_2850,1_100089,2,1_788757880,1_7091,1775087220,1775086985,default
1775087168,1_2850,1_100089,2,1_788757880,1_8023453,1775087220,1775087220,default
1775087168,1_77910,1_102746,333,1_778704200,1_7975726,1775087239,1775087239,default
1775087168,1_46505,1_102619,F Line,1_694521960,1_7976016,1775087460,1775087460,default
1775087168,1_46505,1_102619,F Line,1_694521700,1_7976229,1775088060,1775088060,default
1775087168,1_46505,1_102619,F Line,1_694522120,1_7976085,1775088660,1775088660,default
1775087168,1_46505,1_102619,F Line,1_656236290,1_7975999,1775089560,1775089560,default
1775087168,1_46505,1_102619,F Line,1_635449070,1_7976142,1775090460,1775090460,default
1775087168,1_23530,1_100259,67,1_724949840,1_7975671,1775087272,1775087272,default
1775087168,1_57453,1_100060,168,1_693747160,1_7976218,1775090700,1775090700,default
1775087168,1_52306,1_102619,F Line,1_800653610,1_8023728,1775087700,1775087700,default
1775087168,1_52306,1_102619,F Line,1_800653870,1_8023729,1775088300,1775088300,default
1775087168,1_52306,1_102619,F Line,1_800654760,1_8023709,1775088900,1775088900,default
1775087168,1_52306,1_102619,F Line,1_800654580,1_8023711,1775089500,1775089500,default
1775087168,1_52306,1_102619,F Line,1_800654920,1_8023715,1775090100,1775090100,default
1775087168,1_57804,1_100072,181,1_721481860,1_7976104,1775087353,1775087353,default
1775087168,1_59282,1_102717,165,1_800649840,1_7189,1775087340,1775085391,default
1775087168,1_59282,1_102717,165,1_800649850,1_7400,1775088780,1775087048,default
1775087168,1_59282,1_100072,181,1_721481540,1_7976037,1775088000,1775088000,default
1775087168,1_59282,1_100072,181,1_721481540,1_7182,1775088000,1775088000,default
1775087168,1_59282,1_102717,165,1_800649850,1_8023880,1775088780,1775088780,default
1775087168,1_57791,1_102718,184,1_664464440,1_7975994,1775087349,1775087349,default
1775087168,1_620,40_100239,550,40_597759260,40_7976643,1775087700,1775087700,default
1775087168,1_620,29_424,424,29_16132036__MCOB-DO:121:0:Weekday:2:26MAR:61057:12345,29_MCOB-DO:121:0:Weekday:2:26MAR:61057:12345,1775088600,1775088600,default
1775087168,1_620,40_510,510,40_16133731__MCOB-DO:121:0:Weekday:2:26MAR:86019:12345,40_MCOB-DO:121:0:Weekday:2:26MAR:86019:12345,1775088600,1775088600,default
1775087168,1_620,40_515,515,40_16133717__MCOB-DO:121:0:Weekday:2:26MAR:86037:12345,40_MCOB-DO:121:0:Weekday:2:26MAR:86037:12345,1775088900,1775088900,default
1775087168,1_620,1_102754,256,1_816378500,1_8005267,1775088900,1775088900,default
1775087168,1_620,40_510,510,40_16133716__MCOB-DO:121:0:Weekday:2:26MAR:86028:12345,40_MCOB-DO:121:0:Weekday:2:26MAR:86028:12345,1775089800,1775089800,default
1775087168,1_620,40_515,515,40_16133703__MCOB-DO:121:0:Weekday:2:26MAR:86025:12345,40_MCOB-DO:121:0:Weekday:2:26MAR:86025:12345,1775089980,1775089980,default
1775087168,1_620,40_515,515,40_16133710__MCOB-DO:121:0:Weekday:2:26MAR:86023:12345,40_MCOB-DO:121:0:Weekday:2:26MAR:86023:12345,1775090700,1775090700,default
1775087168,1_620,1_102754,256,1_816378510,1_8005288,1775090700,1775090700,default
1775087168,1_10912,1_100162,271,1_569495930,1_7976350,1775087400,1775087400,default
1775087168,1_10912,1_100162,271,1_569497230,1_7976676,1775087940,1775087940,default
1775087168,1_10912,40_100451,556,40_635882830,40_7976563,1775088000,1775088000,default
1775087168,1_10912,40_100511,542,40_581722900,40_7976606,1775088360,1775088360,default
1775087168,1_10912,1_100162,271,1_569496920,1_7976670,1775088720,1775088720,default
1775087168,1_10912,1_100162,271,1_569496790,1_7976668,1775089380,1775089380,default
1775087168,1_10912,40_100451,556,40_635883200,40_7976710,1775089800,1775089800,default
1775087168,1_71960,40_100511,542,40_721031410,40_7976685,1775088000,1775088000,default
1775087168,1_52081,1_102736,H Line,1_694055970,1_7974894,1775087336,1775087336,default
1775087168,1_8403,1_100039,14,1_562519940,1_7974992,1775087400,1775087400,default
1775087168,1_76310,1_100214,372,1_694306910,1_6918,1775087335,1775087385,default
1775087470,1_103,1_102745,G Line,1_736436040,1_7974686,1775087598,1775087598,default
1775087470,1_970,1_100487,102,1_762102010,1_8171,1775086776,1775087509,default
1775087470,1_75890,1_102615,E Line,1_768604230,1_7975036,1775087502,1775087502,default
1775087470,1_17651,1_102747,61,1_803357120,1_3732,1775087548,1775087548,default
1775087470,1_575,1_102576,C Line,1_800868400,1_8024966,1775087580,1775087580,default
1775087470,1_46505,1_102619,F Line,1_694521700,1_7976229,1775088060,1775088060,default
1775087470,1_46505,1_102619,F Line,1_694522120,1_7976085,1775088660,1775088660,default
1775087470,1_46505,1_102619,F Line,1_656236290,1_7975999,1775089560,1775089560,default
1775087470,1_46505,1_102619,F Line,1_635449070,1_7976142,1775090460,1775090460,default
1775087470,1_27420,1_100249,60,1_801585910,1_8025826,1775087588,1775087588,default
1775087470,1_57453,1_100060,168,1_693747160,1_7976218,1775090700,1775090700,default
1775087470,1_73366,1_102548,B Line,1_721018740,1_7976631,1775087620,1775087620,default
1775087470,1_52306,1_102619,F Line,1_800653610,1_8023728,1775087700,1775087700,default
1775087470,1_52306,1_102619,F Line,1_800653870,1_8023729,1775088300,1775088300,default
1775087470,1_52306,1_102619,F Line,1_800654760,1_8023709,1775088900,1775088900,default
1775087470,1_52306,1_102619,F Line,1_800654580,1_8023711,1775089500,1775089500,default
1775087470,1_52306,1_102619,F Line,1_800654920,1_8023715,1775090100,1775090100,default
1775087470,1_52306,1_102619,F Line,1_800654190,1_8023763,1775091000,1775091000,default
1775087470,1_99254,1_100003,101,1_800669340,1_8023859,1775087560,1775087560,default
1775087470,1_70665,1_100136,245,1_761787250,1_7976345,1775087616,1775087616,default
1775087470,1_9605,1_100259,67,1_761384530,1_7975714,1775087520,1775087618,default
1775087470,1_59282,1_102717,165,1_800649850,1_7400,1775088780,1775087048,default
1775087470,1_59282,1_100072,181,1_721481540,1_7182,1775088000,1775087237,default
1775087470,1_23905,1_100214,372,1_694306650,1_7976754,1775087692,1775087692,default
1775087470,1_31890,1_100230,50,1_770997230,1_7976177,1775087621,1775087621,default
1775087470,1_10210,1_100264,70,1_801593300,1_8025882,1775087673,1775087673,default
1775087470,1_620,40_100239,550,40_597759260,40_7976643,1775087700,1775087700,default
1775087470,1_620,40_100236,545,40_563503510,40_7976553,1775087760,1775087806,default
1775087470,1_620,29_424,424,29_16132036__MCOB-DO:121:0:Weekday:2:26MAR:61057:12345,29_MCOB-DO:121:0:Weekday:2:26MAR:61057:12345,1775088600,1775088600,default
1775087470,1_620,40_510,510,40_16133731__MCOB-DO:121:0:Weekday:2:26MAR:86019:12345,40_MCOB-DO:121:0:Weekday:2:26MAR:86019:12345,1775088600,1775088600,default
1775087470,1_620,40_515,515,40_16133717__MCOB-DO:121:0:Weekday:2:26MAR:86037:12345,40_MCOB-DO:121:0:Weekday:2:26MAR:86037:12345,1775088900,1775088900,default
1775087470,1_620,1_102754,256,1_816378500,1_8005267,1775088900,1775088900,default
1775087470,1_620,40_510,510,40_16133716__MCOB-DO:121:0:Weekday:2:26MAR:86028:12345,40_MCOB-DO:121:0:Weekday:2:26MAR:86028:12345,1775089800,1775089800,default
1775087470,1_620,40_515,515,40_16133703__MCOB-DO:121:0:Weekday:2:26MAR:86025:12345,40_MCOB-DO:121:0:Weekday:2:26MAR:86025:12345,1775089980,1775089980,default
1775087470,1_620,40_515,515,40_16133710__MCOB-DO:121:0:Weekday:2:26MAR:86023:12345,40_MCOB-DO:121:0:Weekday:2:26MAR:86023:12345,1775090700,1775090700,default
1775087470,1_620,1_102754,256,1_816378510,1_8005288,1775090700,1775090700,default
1775087470,1_620,40_510,510,40_16133723__MCOB-DO:121:0:Weekday:2:26MAR:86020:12345,40_MCOB-DO:121:0:Weekday:2:26MAR:86020:12345,1775091000,1775091000,default
1775087470,1_10912,1_100264,70,1_816207650,1_8237,1775087527,1775087678,default
1775087470,1_10912,1_100162,271,1_569497230,1_7976676,1775087940,1775087940,default
1775087470,1_10912,40_100451,556,40_635882830,40_7976563,1775088000,1775088000,default
1775087470,1_10912,40_100511,542,40_581722900,40_7976606,1775088360,1775088360,default
1775087470,1_10912,1_100162,271,1_569496920,1_7976670,1775088720,1775088720,default
1775087470,1_10912,1_100162,271,1_569496790,1_7976668,1775089380,1775089380,default
1775087470,1_10912,40_100451,556,40_635883200,40_7976710,1775089800,1775089800,default
1775087470,1_71960,40_100511,542,40_721031410,40_7976685,1775088000,1775088000,default
1775087470,1_8403,1_100039,14,1_562519940,1_7974992,1775087400,1775087400,default
1775087470,1_58144,1_102719,161,1_800652350,1_8023732,1775087027,1775087678,default
1775087770,1_481,1_102736,H Line,1_694056210,1_6071,1775087640,1775087773,default
1775087770,1_970,1_100045,150,1_800670440,1_8121,1775087196,1775087799,default
1775087770,1_12770,1_100228,48,1_721358380,1_7974613,1775087789,1775087789,default
1775087770,1_30510,1_100249,60,1_801585880,1_8025824,1775087801,1775087801,default
1775087770,1_575,1_102581,D Line,1_803817430,1_6069,1775087640,1775087839,default
1775087770,1_575,1_100210,36,1_800583950,1_8023386,1775087880,1775087880,default
1775087770,1_575,1_100028,13,1_788759040,1_7140,1775087760,1775087904,default
1775087770,1_2850,1_100089,2,1_788758240,1_7095,1775088060,1775087306,default
1775087770,1_46505,1_102619,F Line,1_694521700,1_7976229,1775088060,1775088060,default
1775087770,1_46505,1_102619,F Line,1_694522120,1_7976085,1775088660,1775088660,default
1775087770,1_46505,1_102619,F Line,1_656236290,1_7975999,1775089560,1775089560,default
1775087770,1_46505,1_102619,F Line,1_635449070,1_7976142,1775090460,1775090460,default
1775087770,1_280,40_100240,554,40_560096530,40_7976689,1775087721,1775087834,default
1775087770,1_280,1_100011,111,1_664454900,1_7976635,1775087661,1775087881,default
1775087770,1_280,40_100240,554,40_560096530,40_9820,1775087721,1775087882,default
1775087770,1_1190,1_100447,49,1_801199840,1_4307,1775087608,1775087818,default
1775087770,1_3470,1_100210,36,1_800584220,1_8023433,1775087820,1775087820,default
1775087770,1_57453,1_100060,168,1_693747160,1_7976218,1775090700,1775090700,default
1775087770,3_31002,40_560,560,40_3037020,40_9204,1775088145,1775088145,default
1775087770,1_72494,1_100160,269,1_806917230,1_8024686,1775087940,1775087940,default
1775087770,1_52306,1_102619,F Line,1_800653870,1_8023729,1775088300,1775088300,default
1775087770,1_52306,1_102619,F Line,1_800654760,1_8023709,1775088900,1775088900,default
1775087770,1_52306,1_102619,F Line,1_800654580,1_8023711,1775089500,1775089500,default
1775087770,1_52306,1_102619,F Line,1_800654920,1_8023715,1775090100,1775090100,default
1775087770,1_52306,1_102619,F Line,1_800654190,1_8023763,1775091000,1775091000,default
1775087770,1_80121,1_102719,161,1_800652510,1_8023847,1775087937,1775087937,default
1775087770,1_21945,1_102717,165,1_800649820,1_8023716,1775087880,1775087880,default
1775087770,1_41850,1_100249,60,1_801585880,1_8025824,1775087906,1775087906,default
1775087770,1_2200,1_100001,1,1_562520820,1_7974993,1775087571,1775087890,default
1775087770,1_2200,1_100028,13,1_788759390,1_8023474,1775087931,1775087931,default
1775087770,1_59282,1_102717,165,1_800649850,1_7400,1775088780,1775087048,default
1775087770,1_59282,1_100072,181,1_721481540,1_7182,1775088000,1775087237,default
1775087770,1_85531,1_102757,187,1_762095590,1_7976068,1775087940,1775087940,default
1775087770,1_620,40_515,515,40_16133756__MCOB-DO:121:0:Weekday:2:26MAR:86036:12345,40_19820,1775088000,1775087619,default
1775087770,1_620,1_100003,101,1_800669340,1_8023859,1775087940,1775087940,default
1775087770,1_620,40_100236,545,40_563503510,40_9648,1775087760,1775088062,default
1775087770,1_620,40_100239,550,40_597759710,40_7976704,1775088360,1775088360,default
1775087770,1_620,29_424,424,29_16132036__MCOB-DO:121:0:Weekday:2:26MAR:61057:12345,29_MCOB-DO:121:0:Weekday:2:26MAR:61057:12345,1775088600,1775088600,default
1775087770,1_620,40_510,510,40_16133731__MCOB-DO:121:0:Weekday:2:26MAR:86019:12345,40_MCOB-DO:121:0:Weekday:2:26MAR:86019:12345,1775088600,1775088600,default
1775087770,1_620,40_515,515,40_16133717__MCOB-DO:121:0:Weekday:2:26MAR:86037:12345,40_MCOB-DO:121:0:Weekday:2:26MAR:86037:12345,1775088900,1775088900,default
1775087770,1_620,1_102754,256,1_816378500,1_8005267,1775088900,1775088900,default
1775087770,1_620,40_510,510,40_16133716__MCOB-DO:121:0:Weekday:2:26MAR:86028:12345,40_MCOB-DO:121:0:Weekday:2:26MAR:86028:12345,1775089800,1775089800,default
1775087770,1_620,40_515,515,40_16133703__MCOB-DO:121:0:Weekday:2:26MAR:86025:12345,40_MCOB-DO:121:0:Weekday:2:26MAR:86025:12345,1775089980,1775089980,default
1775087770,1_620,40_515,515,40_16133710__MCOB-DO:121:0:Weekday:2:26MAR:86023:12345,40_MCOB-DO:121:0:Weekday:2:26MAR:86023:12345,1775090700,1775090700,default
1775087770,1_620,1_102754,256,1_816378510,1_8005288,1775090700,1775090700,default
1775087770,1_620,40_510,510,40_16133723__MCOB-DO:121:0:Weekday:2:26MAR:86020:12345,40_MCOB-DO:121:0:Weekday:2:26MAR:86020:12345,1775091000,1775091000,default
1775087770,1_10912,1_100162,271,1_569497230,1_7976676,1775087940,1775087940,default
1775087770,1_10912,40_100451,556,40_635882830,40_7976563,1775088000,1775088000,default
1775087770,1_10912,40_100511,542,40_581722900,40_7976606,1775088360,1775088360,default
1775087770,1_10912,1_100162,271,1_569496920,1_7976670,1775088720,1775088720,default
1775087770,1_10912,1_100162,271,1_569496790,1_7976668,1775089380,1775089380,default
1775087770,1_10912,40_100451,556,40_635883200,40_7976710,1775089800,1775089800,default
1775087770,1_71960,40_100511,542,40_721031410,40_7976685,1775088000,1775088000,default
1775087770,1_81982,1_102746,333,1_778704600,1_7975729,1775087979,1775087979,default
1775087770,1_52081,1_102736,H Line,1_694056510,1_7974891,1775087936,1775087936,default
