snapshot_ts,stop_id,route_id,route_short_name,trip_id,vehicle_id,scheduled_arrival_ts,predicted_arrival_ts,status
1774656010,1_103,1_102745,G Line,1_736435999,1_6400,1774655958,1774656016,default
1774656010,1_60161,1_100042,148,1_762077779,1_7976051,1774654980,1774656281,default
1774656010,1_575,1_100263,7,1_694070779,1_4560,1774656120,1774655993,default
1774656010,1_2850,1_100089,2,1_491928949,1_7975119,1774656060,1774656060,default
1774656010,1_46505,1_102619,F Line,1_694521709,1_7976229,1774656060,1774656060,default
1774656010,1_46505,1_102619,F Line,1_694522129,1_7976085,1774656660,1774656660,default
1774656010,1_280,40_100240,554,40_560096539,40_7976689,1774655721,1774656095,default
1774656010,1_280,1_100011,111,1_664454909,1_7976635,1774655661,1774656098,default
1774656010,3_31002,1_102736,H Line,1_694056519,1_6060,1774656117,1774656002,default
1774656010,3_31002,40_560,560,40_3037020,40_9122,1774656145,1774656136,default
1774656010,1_72494,1_100160,269,1_720964939,1_7976380,1774657440,1774657440,default
1774656010,1_84810,1_102752,223,1_825197249,1_7309,1774656199,1774656027,default
1774656010,1_52306,1_102619,F Line,1_656236699,1_7976226,1774656300,1774656300,default
1774656010,1_52306,1_102719,161,1_693753589,1_7976230,1774656900,1774656900,default
1774656010,1_52306,1_102619,F Line,1_694522049,1_7975998,1774656900,1774656900,default
1774656010,1_52306,1_102719,161,1_693754319,1_7976220,1774657620,1774657620,default
1774656010,1_59282,1_102717,165,1_664465499,1_7313,1774656780,1774655307,default
1774656010,1_25791,1_100214,372,1_694307129,1_6898,1774656081,1774656198,default
1774656010,1_620,40_515,515,40_15046848__KPOB-CS:253:2:Thu-Fri:1:25SEP:85043:45,40_91902,1774657200,1774655706,default
1774656010,1_620,40_515,515,40_15047353__KPOB-CS:253:2:Thu-Fri:1:25SEP:85081:45,40_KPOB-CS:253:2:Thu-Fri:1:25SEP:85081:45,1774656000,1774656299,default
1774656010,1_620,40_515,515,40_15047216__KPOB-CS:253:2:Thu-Fri:1:25SEP:85083:45,40_KPOB-CS:253:2:Thu-Fri:1:25SEP:85083:45,1774656600,1774656545,default
1774656010,1_620,40_510,510,40_15047266__KPOB-CS:253:2:Thu-Fri:1:25SEP:85057:45,40_KPOB-CS:253:2:Thu-Fri:1:25SEP:85057:45,1774656600,1774656600,default
1774656010,1_620,29_424,424,29_14876206__MCOB-DO:123:0:Weekday:1:25SEP:61049:12345,29_MCOB-DO:123:0:Weekday:1:25SEP:61049:12345,1774656600,1774656600,default
1774656010,1_620,40_100239,550,40_597759719,40_9814,1774656360,1774656726,default
1774656010,1_620,1_102754,256,1_778603729,1_7976735,1774656900,1774656900,default
1774656010,1_620,40_515,515,40_15047093__KPOB-CS:253:2:Thu-Fri:1:25SEP:85052:45,40_KPOB-CS:253:2:Thu-Fri:1:25SEP:85052:45,1774658400,1774658400,default
1774656010,1_620,1_102754,256,1_778603739,1_7976728,1774658700,1774658700,default
1774656010,1_620,40_515,515,40_15047283__KPOB-CS:253:2:Thu-Fri:1:25SEP:85062:45,40_KPOB-CS:253:2:Thu-Fri:1:25SEP:85062:45,1774659600,1774659600,default
1774656010,1_10912,40_100511,542,40_581722909,40_7976606,1774656360,1774656360,default
1774656010,1_10912,1_100162,271,1_569496929,1_7976670,1774656720,1774656720,default
1774656010,1_10912,1_100162,271,1_569496799,1_7976668,1774657380,1774657380,default
1774656010,1_10912,40_100451,556,40_635883209,40_7976710,1774657800,1774657800,default
1774656010,1_71960,1_102752,223,1_766488319,1_7334,1774656360,1774656144,default
1774656010,1_8403,1_100039,14,1_562519939,1_4353,1774656300,1774656148,default
1774656010,1_58144,1_100048,153,1_825129409,1_7191,1774656281,1774656133,default
1774656310,1_60161,1_100042,148,1_762077939,1_3735,1774657680,1774656144,default
1774656310,1_60161,1_100042,148,1_762077939,1_7976072,1774657680,1774657680,default
1774656310,1_320,40_100239,550,40_597759969,40_9656,1774656060,1774656352,default
1774656310,1_575,1_102576,C Line,1_774682269,1_6258,1774656120,1774656344,default
1774656310,1_2850,1_100089,2,1_491928959,1_7975111,1774656720,1774656720,default
1774656310,1_46505,1_102619,F Line,1_656236299,1_6244,1774657560,1774656208,default
1774656310,1_46505,1_102619,F Line,1_694522129,1_7976085,1774656660,1774656660,default
1774656310,1_46505,1_102619,F Line,1_656236299,1_7975999,1774657560,1774657560,default
1774656310,1_280,40_100240,554,40_560096539,40_7976689,1774655721,1774656381,default
1774656310,1_280,1_100011,111,1_664454909,1_7976635,1774655661,1774656383,default
1774656310,1_60477,1_102715,162,1_721494669,1_7132,1774657069,1774656406,default
1774656310,1_73366,1_102548,B Line,1_721018929,1_6027,1774656220,1774656381,default
1774656310,1_72494,1_100160,269,1_720964939,1_7976380,1774657440,1774657440,default
1774656310,1_52306,1_102719,161,1_693753589,1_7976230,1774656900,1774656900,default
1774656310,1_52306,1_102619,F Line,1_694522049,1_7975998,1774656900,1774656900,default
1774656310,1_52306,1_102719,161,1_693754319,1_7976220,1774657620,1774657620,default
1774656310,1_70665,1_102702,239,1_736529259,1_3706,1774656540,1774656347,default
1774656310,1_70665,1_100136,245,1_761788319,1_7457,1774656516,1774656348,default
1774656310,1_57804,1_100072,181,1_721482079,1_7130,1774656973,1774656942,default
1774656310,1_59282,1_102717,165,1_664465499,1_7313,1774656780,1774655307,default
1774656310,1_620,40_515,515,40_15046848__KPOB-CS:253:2:Thu-Fri:1:25SEP:85043:45,40_91902,1774657200,1774655706,default
1774656310,1_620,40_100236,545,40_585569839,40_9812,1774656480,1774656588,default
1774656310,1_620,29_424,424,29_14876206__MCOB-DO:123:0:Weekday:1:25SEP:61049:12345,29_MCOB-DO:123:0:Weekday:1:25SEP:61049:12345,1774656600,1774656648,default
1774656310,1_620,40_100239,550,40_597759719,40_9814,1774656360,1774656648,default
1774656310,1_620,40_100240,554,40_774872449,40_9672,1774656900,1774656829,default
1774656310,1_620,40_515,515,40_15047216__KPOB-CS:253:2:Thu-Fri:1:25SEP:85083:45,40_KPOB-CS:253:2:Thu-Fri:1:25SEP:85083:45,1774656600,1774656844,default
1774656310,1_620,40_510,510,40_15047266__KPOB-CS:253:2:Thu-Fri:1:25SEP:85057:45,40_KPOB-CS:253:2:Thu-Fri:1:25SEP:85057:45,1774656600,1774656879,default
1774656310,1_620,1_102754,256,1_778603729,1_7976735,1774656900,1774656900,default
1774656310,1_620,40_100239,550,40_597759729,40_7976642,1774656960,1774657079,default
1774656310,1_620,40_515,515,40_15047093__KPOB-CS:253:2:Thu-Fri:1:25SEP:85052:45,40_KPOB-CS:253:2:Thu-Fri:1:25SEP:85052:45,1774658400,1774658400,default
1774656310,1_620,1_102754,256,1_778603739,1_7976728,1774658700,1774658700,default
1774656310,1_620,40_510,510,40_15047320__KPOB-CS:253:2:Thu-Fri:1:25SEP:85085:45,40_KPOB-CS:253:2:Thu-Fri:1:25SEP:85085:45,1774659900,1774659126,default
1774656310,1_620,40_515,515,40_15047283__KPOB-CS:253:2:Thu-Fri:1:25SEP:85062:45,40_KPOB-CS:253:2:Thu-Fri:1:25SEP:85062:45,1774659600,1774659600,default
1774656310,1_10912,1_100162,271,1_569496929,1_7976670,1774656720,1774656720,default
1774656310,1_10912,1_100162,271,1_569496799,1_7976668,1774657380,1774657380,default
1774656310,1_10912,40_100511,542,40_581723459,40_7976604,1774657620,1774657620,default
1774656310,1_10912,40_100451,556,40_635883209,40_7976710,1774657800,1774657800,default
1774656310,1_10912,1_100162,271,1_569496949,1_7976352,1774657980,1774657980,default
1774656310,1_71960,40_100511,542,40_721030809,40_7976686,1774657260,1774657260,default
1774656310,1_8403,1_100039,14,1_562519939,1_4353,1774656300,1774656192,default
1774656610,1_60161,1_100042,148,1_762077939,1_3735,1774657680,1774656144,default
1774656610,1_320,40_100239,550,40_597760069,40_9678,1774656660,1774656660,default
1774656610,1_320,1_100459,218,1_694279329,1_6967,1774656120,1774656718,default
1774656610,1_575,1_100219,4,1_675344989,1_4322,1774656540,1774656673,default
1774656610,1_575,1_100263,7,1_694071319,1_4523,1774656540,1774656677,default
1774656610,1_2850,1_100089,2,1_491928959,1_7159,1774656720,1774656334,default
1774656610,1_46505,1_102619,F Line,1_656236299,1_6244,1774657560,1774656208,default
1774656610,1_46505,1_102619,F Line,1_694522129,1_7976085,1774656660,1774656660,default
1774656610,1_280,1_100011,111,1_664454909,1_7976635,1774655661,1774656669,default
1774656610,1_280,40_100240,554,40_581723289,40_7976696,1774656681,1774656681,default
1774656610,1_280,1_100104,212,1_694279239,1_7976581,1774656681,1774656681,default
1774656610,1_75770,1_102615,E Line,1_761418689,1_7975627,1774657706,1774656210,default
1774656610,1_72494,1_100160,269,1_720964939,1_7976380,1774657440,1774657440,default
1774656610,1_52306,40_560,560,40_3037020,40_9122,1774656840,1774656812,default
1774656610,1_52306,1_102719,161,1_693753589,1_7976230,1774656900,1774656900,default
1774656610,1_52306,1_102619,F Line,1_694522049,1_7975998,1774656900,1774656900,default
1774656610,1_52306,1_102619,F Line,1_694521869,1_7976003,1774657500,1774657500,default
1774656610,1_52306,1_102719,161,1_693754319,1_7976220,1774657620,1774657620,default
1774656610,1_80121,1_102719,161,1_635446679,1_7404,1774656836,1774656756,default
1774656610,1_40030,1_102574,40,1_761403289,1_8257,1774656551,1774656727,default
1774656610,1_57804,1_100072,181,1_721482079,1_7130,1774656973,1774656895,default
1774656610,1_59282,1_102717,165,1_664465499,1_7313,1774656780,1774655307,default
1774656610,1_620,40_515,515,40_15046848__KPOB-CS:253:2:Thu-Fri:1:25SEP:85043:45,40_91902,1774657200,1774655706,default
1774656610,1_620,40_100240,554,40_774872449,40_9672,1774656900,1774656714,default
1774656610,1_620,1_102754,256,1_778603729,1_7976735,1774656900,1774656900,default
1774656610,1_620,40_510,510,40_15047266__KPOB-CS:253:2:Thu-Fri:1:25SEP:85057:45,40_KPOB-CS:253:2:Thu-Fri:1:25SEP:85057:45,1774656600,1774657057,default
1774656610,1_620,40_515,515,40_15047216__KPOB-CS:253:2:Thu-Fri:1:25SEP:85083:45,40_KPOB-CS:253:2:Thu-Fri:1:25SEP:85083:45,1774656600,1774657075,default
1774656610,1_620,40_100239,550,40_597759729,40_7976642,1774656960,1774657174,default
1774656610,1_620,40_515,515,40_15047093__KPOB-CS:253:2:Thu-Fri:1:25SEP:85052:45,40_KPOB-CS:253:2:Thu-Fri:1:25SEP:85052:45,1774658400,1774658400,default
1774656610,1_620,1_102754,256,1_778603739,1_7976728,1774658700,1774658700,default
1774656610,1_620,40_510,510,40_15047320__KPOB-CS:253:2:Thu-Fri:1:25SEP:85085:45,40_KPOB-CS:253:2:Thu-Fri:1:25SEP:85085:45,1774659900,1774658709,default
1774656610,1_620,40_515,515,40_15047283__KPOB-CS:253:2:Thu-Fri:1:25SEP:85062:45,40_KPOB-CS:253:2:Thu-Fri:1:25SEP:85062:45,1774659600,1774659600,default
1774656610,1_10912,1_100162,271,1_569496799,1_7976668,1774657380,1774657380,default
1774656610,1_10912,40_100511,542,40_581723459,40_7976604,1774657620,1774657620,default
1774656610,1_10912,40_100451,556,40_635883209,40_7976710,1774657800,1774657800,default
1774656610,1_10912,1_100162,271,1_569496949,1_7976352,1774657980,1774657980,default
1774656610,1_10912,40_100451,556,40_635883199,40_7976550,1774659720,1774659720,default
1774656610,1_71960,40_100511,542,40_721030809,40_7976686,1774657260,1774657260,default
1774656610,1_58144,1_102719,161,1_664468339,1_7471,1774656822,1774656771,default
1774656910,1_12170,1_100039,14,1_562519939,1_4353,1774656879,1774657017,default
1774656910,1_46791,1_100016,118,1_694538349,1_7976005,1774657080,1774657090,default
1774656910,1_26560,1_102574,40,1_761402959,1_8101,1774656683,1774657035,default
1774656910,1_60161,1_100042,148,1_762077939,1_3735,1774657680,1774656144,default
1774656910,1_8541,1_100263,7,1_770868789,1_4524,1774656960,1774656922,default
1774656910,1_60453,1_102715,162,1_721494669,1_7132,1774657320,1774656658,default
1774656910,1_320,40_100239,550,40_597760069,40_9678,1774656660,1774656979,default
1774656910,1_320,40_592,592,40_923020,40_9302,1774657080,1774657080,default
1774656910,1_575,1_100263,7,1_694071769,1_4517,1774657440,1774656923,default
1774656910,1_575,1_102615,E Line,1_768604429,1_6218,1774656600,1774656947,default
1774656910,1_46505,1_102619,F Line,1_656236299,1_6244,1774657560,1774656208,default
1774656910,1_29423,1_102732,79,1_629939789,1_7975558,1774657800,1774657800,default
1774656910,1_2320,1_100001,1,1_562520019,1_4364,1774656565,1774656977,default
1774656910,1_72494,1_100160,269,1_720964939,1_7976380,1774657440,1774657440,default
1774656910,1_79610,1_100487,102,1_762102019,1_6975,1774657202,1774656978,default
1774656910,1_11940,1_100039,14,1_562520049,1_4407,1774656859,1774657016,default
1774656910,1_52306,1_102619,F Line,1_694521869,1_7976003,1774657500,1774657500,default
1774656910,1_52306,1_102719,161,1_693754319,1_7976220,1774657620,1774657620,default
1774656910,1_52306,1_102719,161,1_664467879,1_7976132,1774658460,1774658460,default
1774656910,1_8530,1_100005,106,1_727785149,1_7134,1774657026,1774656937,default
1774656910,1_8530,1_100263,7,1_650130219,1_4544,1774656737,1774657002,default
1774656910,1_620,1_100104,212,1_694279229,1_6929,1774657320,1774657385,default
1774656910,1_620,40_100239,550,40_597759959,40_9587,1774657560,1774657651,default
1774656910,1_620,40_515,515,40_15047093__KPOB-CS:253:2:Thu-Fri:1:25SEP:85052:45,40_KPOB-CS:253:2:Thu-Fri:1:25SEP:85052:45,1774658400,1774658400,default
1774656910,1_620,40_510,510,40_15047320__KPOB-CS:253:2:Thu-Fri:1:25SEP:85085:45,40_KPOB-CS:253:2:Thu-Fri:1:25SEP:85085:45,1774659900,1774658516,default
1774656910,1_620,1_102754,256,1_778603739,1_7976728,1774658700,1774658700,default
1774656910,1_620,40_515,515,40_15047283__KPOB-CS:253:2:Thu-Fri:1:25SEP:85062:45,40_KPOB-CS:253:2:Thu-Fri:1:25SEP:85062:45,1774659600,1774659600,default
1774656910,1_10912,1_100162,271,1_569496799,1_7976668,1774657380,1774657380,default
1774656910,1_10912,40_100511,542,40_581723459,40_7976604,1774657620,1774657620,default
1774656910,1_10912,40_100451,556,40_635883209,40_7976710,1774657800,1774657800,default
1774656910,1_10912,1_100162,271,1_569496949,1_7976352,1774657980,1774657980,default
1774656910,1_10912,40_100451,556,40_635883199,40_7976550,1774659720,1774659720,default
1774656910,1_71960,40_100511,542,40_721030809,40_7976686,1774657260,1774657260,default
1774657210,1_77930,1_102746,333,1_778704229,1_7251,1774657193,1774657249,default
1774657210,1_60161,1_100042,148,1_762077939,1_3735,1774657680,1774656144,default
1774657210,1_970,40_590,590,40_493020,40_41507,1774657307,1774657307,default
1774657210,1_575,1_100219,4,1_675344979,1_4304,1774657440,1774657288,default
1774657210,1_575,1_100264,70,1_724577239,1_8236,1774657080,1774657289,default
1774657210,1_2850,1_100089,2,1_491947819,1_7975117,1774657500,1774657500,default
1774657210,1_61467,1_100073,182,1_721509399,1_7433,1774657260,1774657200,default
1774657210,1_46505,1_102619,F Line,1_656236299,1_6244,1774657560,1774656208,default
1774657210,1_29423,1_102732,79,1_629939789,1_7975558,1774657800,1774657800,default
1774657210,1_68130,1_102548,B Line,1_721018329,1_6042,1774657288,1774657217,default
1774657210,1_81199,1_100072,181,1_721482079,1_7130,1774657320,1774657294,default
1774657210,1_72494,1_100160,269,1_720964939,1_7976380,1774657440,1774657440,default
1774657210,1_52306,1_102719,161,1_664467879,1_7135,1774658460,1774657139,default
1774657210,1_52306,1_102619,F Line,1_694521869,1_7976003,1774657500,1774657500,default
1774657210,1_52306,1_102719,161,1_693754319,1_7976220,1774657620,1774657620,default
1774657210,1_52306,1_102619,F Line,1_694522209,1_7976035,1774658100,1774658100,default
1774657210,1_52306,1_102719,161,1_664467879,1_7976132,1774658460,1774658460,default
1774657210,1_46720,1_100011,111,1_664455019,1_7405,1774657786,1774657241,default
1774657210,1_99254,1_100045,150,1_694513309,1_8179,1774656580,1774657332,default
1774657210,1_70665,1_102704,250,1_720962549,1_7463,1774657344,1774657237,default
1774657210,1_22184,1_100024,125,1_770790159,1_7019,1774657518,1774657246,default
1774657210,1_59282,1_100072,181,1_721490259,1_7482,1774657740,1774656614,default
1774657210,1_23905,1_100214,372,1_694306919,1_6851,1774657432,1774657355,default
1774657210,1_620,40_100239,550,40_597759959,40_9587,1774657560,1774657702,default
1774657210,1_620,40_515,515,40_15047093__KPOB-CS:253:2:Thu-Fri:1:25SEP:85052:45,40_KPOB-CS:253:2:Thu-Fri:1:25SEP:85052:45,1774658400,1774658400,default
1774657210,1_620,40_510,510,40_15047320__KPOB-CS:253:2:Thu-Fri:1:25SEP:85085:45,40_KPOB-CS:253:2:Thu-Fri:1:25SEP:85085:45,1774659900,1774658579,default
1774657210,1_620,1_102754,256,1_778603739,1_7976728,1774658700,1774658700,default
1774657210,1_620,40_515,515,40_15047283__KPOB-CS:253:2:Thu-Fri:1:25SEP:85062:45,40_KPOB-CS:253:2:Thu-Fri:1:25SEP:85062:45,1774659600,1774659600,default
1774657210,1_620,1_102754,256,1_778603749,1_7976700,1774660560,1774660560,default
1774657210,1_620,40_515,515,40_15047271__KPOB-CS:253:2:Thu-Fri:1:25SEP:85060:45,40_KPOB-CS:253:2:Thu-Fri:1:25SEP:85060:45,1774660800,1774660800,default
1774657210,1_10912,1_100162,271,1_569496799,1_7976668,1774657380,1774657380,default
1774657210,1_10912,40_100511,542,40_581723459,40_7976604,1774657620,1774657620,default
1774657210,1_10912,40_100451,556,40_635883209,40_7976710,1774657800,1774657800,default
1774657210,1_10912,1_100162,271,1_569496949,1_7976352,1774657980,1774657980,default
1774657210,1_10912,1_100162,271,1_569497189,1_7976663,1774658820,1774658820,default
1774657210,1_10912,40_100511,542,40_581723489,40_7976607,1774658820,1774658820,default
1774657210,1_10912,40_100451,556,40_635883199,40_7976550,1774659720,1774659720,default
1774657210,1_8403,1_100039,14,1_562520059,1_4395,1774657200,1774657329,default
1774657510,1_85800,1_100196,331,1_778699369,1_7253,1774657371,1774657568,default
1774657510,1_60161,1_100042,148,1_762077939,1_3735,1774657680,1774656144,default
1774657510,1_320,40_590,590,40_493020,40_41507,1774657620,1774657620,default
1774657510,1_46505,1_102619,F Line,1_656236299,1_6244,1774657560,1774656208,default
1774657510,1_46505,1_102619,F Line,1_635449079,1_7976142,1774658460,1774658460,default
1774657510,1_29423,1_102732,79,1_629939789,1_7975558,1774657800,1774657800,default
1774657510,1_52306,1_102719,161,1_664467879,1_7135,1774658460,1774657139,default
1774657510,1_52306,1_102719,161,1_693754319,1_7314,1774657620,1774657410,default
1774657510,1_52306,1_102719,161,1_693754319,1_7976220,1774657620,1774657620,default
1774657510,1_52306,1_102619,F Line,1_694522209,1_7976035,1774658100,1774658100,default
1774657510,1_99254,40_594,594,40_891020,40_9124,1774657173,1774657613,default
1774657510,1_2200,1_100275,8,1_759808859,1_7974695,1774657713,1774657598,default
1774657510,1_59282,1_100072,181,1_721490259,1_7482,1774657740,1774656614,default
1774657510,1_59282,1_102717,165,1_664465509,1_7310,1774658460,1774657144,default
1774657510,1_620,40_100239,550,40_597760059,40_9589,1774658220,1774658335,default
1774657510,1_620,40_515,515,40_15047093__KPOB-CS:253:2:Thu-Fri:1:25SEP:85052:45,40_KPOB-CS:253:2:Thu-Fri:1:25SEP:85052:45,1774658400,1774658400,default
1774657510,1_620,40_510,510,40_15047320__KPOB-CS:253:2:Thu-Fri:1:25SEP:85085:45,40_KPOB-CS:253:2:Thu-Fri:1:25SEP:85085:45,1774659900,1774658629,default
1774657510,1_620,1_102754,256,1_778603739,1_7976728,1774658700,1774658700,default
1774657510,1_620,40_515,515,40_15047283__KPOB-CS:253:2:Thu-Fri:1:25SEP:85062:45,40_KPOB-CS:253:2:Thu-Fri:1:25SEP:85062:45,1774659600,1774659600,default
1774657510,1_620,1_102754,256,1_778603749,1_7976700,1774660560,1774660560,default
1774657510,1_620,40_515,515,40_15047271__KPOB-CS:253:2:Thu-Fri:1:25SEP:85060:45,40_KPOB-CS:253:2:Thu-Fri:1:25SEP:85060:45,1774660800,1774660800,default
1774657510,1_68888,1_102552,226,1_778457459,1_7373,1774658157,1774657569,default
1774657510,1_10912,40_100451,556,40_635883209,40_7976710,1774657800,1774657800,default
1774657510,1_10912,1_100162,271,1_569496949,1_7976352,1774657980,1774657980,default
1774657510,1_10912,1_100162,271,1_569497189,1_7976663,1774658820,1774658820,default
1774657510,1_10912,40_100511,542,40_581723489,40_7976607,1774658820,1774658820,default
1774657510,1_10912,40_100451,556,40_635883199,40_7976550,1774659720,1774659720,default
1774657510,1_71960,40_100511,542,40_721031019,40_7976608,1774659060,1774659060,default
1774657810,1_12170,1_100039,14,1_562520059,1_4395,1774657779,1774657831,default
1774657810,1_62212,1_102720,160,1_694518299,1_7464,1774657977,1774657706,default
1774657810,1_2850,1_100089,2,1_491928979,1_7157,1774658460,1774657206,default
1774657810,1_46505,1_102619,F Line,1_635449079,1_7976142,1774658460,1774658460,default
1774657810,1_280,40_100240,554,40_581724369,40_7976693,1774657641,1774657860,default
1774657810,1_27420,23_102638,First Hill Streetcar,23_55295722,23_404,1774658100,1774657907,default
1774657810,3_31002,40_560,560,40_3763020,40_9213,1774658125,1774658077,default
1774657810,1_72494,1_100160,269,1_720964299,1_7976342,1774659360,1774659360,default
1774657810,1_73953,1_102704,250,1_720962559,1_7387,1774657976,1774657798,default
1774657810,1_52306,1_102719,161,1_664467879,1_7135,1774658460,1774657139,default
1774657810,1_52306,1_102619,F Line,1_694522209,1_7976035,1774658100,1774658100,default
1774657810,1_52306,1_102619,F Line,1_694521479,1_7975997,1774659000,1774659000,default
1774657810,1_58112,1_102619,F Line,1_694521969,1_6239,1774657536,1774657958,default
1774657810,1_49350,1_100026,128,1_651742909,1_7101,1774657957,1774657840,default
1774657810,1_59282,1_102717,165,1_664465509,1_7310,1774658460,1774657144,default
1774657810,1_85531,1_102757,187,1_762095149,1_7976065,1774657980,1774657980,default
1774657810,1_620,40_594,594,40_891020,40_9124,1774657560,1774658028,default
1774657810,1_620,40_100236,545,40_585570399,40_7976571,1774657920,1774658048,default
1774657810,1_620,40_100236,545,40_585570399,40_9658,1774657920,1774658092,default
1774657810,1_620,40_100239,550,40_597760059,40_9589,1774658220,1774658397,default
1774657810,1_620,40_515,515,40_15047093__KPOB-CS:253:2:Thu-Fri:1:25SEP:85052:45,40_KPOB-CS:253:2:Thu-Fri:1:25SEP:85052:45,1774658400,1774658571,default
1774657810,1_620,40_510,510,40_15047320__KPOB-CS:253:2:Thu-Fri:1:25SEP:85085:45,40_KPOB-CS:253:2:Thu-Fri:1:25SEP:85085:45,1774659900,1774658656,default
1774657810,1_620,1_102754,256,1_778603739,1_7976728,1774658700,1774658700,default
1774657810,1_620,40_515,515,40_15047283__KPOB-CS:253:2:Thu-Fri:1:25SEP:85062:45,40_KPOB-CS:253:2:Thu-Fri:1:25SEP:85062:45,1774659600,1774659600,default
1774657810,1_620,1_102754,256,1_778603749,1_7976700,1774660560,1774660560,default
1774657810,1_620,40_515,515,40_15047271__KPOB-CS:253:2:Thu-Fri:1:25SEP:85060:45,40_KPOB-CS:253:2:Thu-Fri:1:25SEP:85060:45,1774660800,1774660800,default
1774657810,1_620,40_510,510,40_15047257__KPOB-CS:253:2:Thu-Fri:1:25SEP:85073:45,40_KPOB-CS:253:2:Thu-Fri:1:25SEP:85073:45,1774661400,1774661400,default
1774657810,1_10912,1_100162,271,1_569496949,1_7976352,1774657980,1774657980,default
1774657810,1_10912,1_100162,271,1_569497189,1_7976663,1774658820,1774658820,default
1774657810,1_10912,40_100511,542,40_581723489,40_7976607,1774658820,1774658820,default
1774657810,1_10912,40_100451,556,40_635883199,40_7976550,1774659720,1774659720,default
1774657810,1_10912,1_100162,271,1_569554149,1_7976662,1774659780,1774659780,default
1774657810,1_71960,40_100511,542,40_721031019,40_7976608,1774659060,1774659060,default
1774658110,1_60161,1_100042,148,1_762077989,1_7976052,1774659480,1774659480,default
1774658110,1_2850,1_100089,2,1_491928979,1_7157,1774658460,1774657206,default
1774658110,1_46505,1_102619,F Line,1_635449079,1_7976142,1774658460,1774658460,default
1774658110,1_59510,1_100487,102,1_762102019,1_6975,1774658430,1774658098,default
1774658110,1_72494,1_100160,269,1_720964299,1_7976342,1774659360,1774659360,default
1774658110,1_11940,1_100039,14,1_562520079,1_7974990,1774657730,1774658189,default
1774658110,1_52306,1_102719,161,1_664467879,1_7135,1774658460,1774657139,default
1774658110,1_52306,1_102619,F Line,1_694521479,1_7975997,1774659000,1774659000,default
1774658110,1_80121,1_102719,161,1_635446909,1_7146,1774657736,1774658244,default
1774658110,1_70665,1_100136,245,1_761788129,1_7244,1774658308,1774658129,default
1774658110,1_70665,1_102704,250,1_720962559,1_7387,1774658304,1774658241,default
1774658110,1_39983,1_102736,H Line,1_694055879,1_6059,1774658280,1774658133,default
1774658110,1_59282,1_102717,165,1_664465509,1_7310,1774658460,1774657144,default
1774658110,1_41370,1_100219,4,1_675344989,1_4322,1774658382,1774658209,default
1774658110,1_620,40_515,515,40_15047093__KPOB-CS:253:2:Thu-Fri:1:25SEP:85052:45,40_KPOB-CS:253:2:Thu-Fri:1:25SEP:85052:45,1774658400,1774658627,default
1774658110,1_620,40_100240,554,40_774872599,40_9662,1774658640,1774658668,default
1774658110,1_620,40_510,510,40_15047320__KPOB-CS:253:2:Thu-Fri:1:25SEP:85085:45,40_KPOB-CS:253:2:Thu-Fri:1:25SEP:85085:45,1774659900,1774658680,default
1774658110,1_620,40_515,515,40_15047093__KPOB-CS:253:2:Thu-Fri:1:25SEP:85052:45,40_91701,1774658400,1774658687,default
1774658110,1_620,1_102754,256,1_778603739,1_7976728,1774658700,1774658700,default
1774658110,1_620,40_515,515,40_15047283__KPOB-CS:253:2:Thu-Fri:1:25SEP:85062:45,40_KPOB-CS:253:2:Thu-Fri:1:25SEP:85062:45,1774659600,1774659600,default
1774658110,1_620,1_102754,256,1_778603749,1_7976700,1774660560,1774660560,default
1774658110,1_620,40_515,515,40_15047271__KPOB-CS:253:2:Thu-Fri:1:25SEP:85060:45,40_KPOB-CS:253:2:Thu-Fri:1:25SEP:85060:45,1774660800,1774660800,default
1774658110,1_620,40_510,510,40_15047257__KPOB-CS:253:2:Thu-Fri:1:25SEP:85073:45,40_KPOB-CS:253:2:Thu-Fri:1:25SEP:85073:45,1774661400,1774661400,default
1774658110,1_620,1_102754,256,1_778603759,1_7976732,1774662420,1774661869,default
1774658110,1_10912,1_100162,271,1_569497189,1_7976663,1774658820,1774658820,default
1774658110,1_10912,40_100511,542,40_581723489,40_7976607,1774658820,1774658820,default
1774658110,1_10912,40_100451,556,40_635883199,40_7976550,1774659720,1774659720,default
1774658110,1_10912,1_100162,271,1_569554149,1_7976662,1774659780,1774659780,default
1774658110,1_71960,40_100511,542,40_721031019,40_7976608,1774659060,1774659060,default
1774658110,1_8403,1_100039,14,1_562520819,1_4320,1774658100,1774658057,default
1774658410,1_60161,1_100042,148,1_762077989,1_3702,1774659480,1774658093,default
1774658410,1_2850,1_100089,2,1_491928979,1_7157,1774658460,1774657206,default
1774658410,1_46505,1_102619,F Line,1_635449079,1_7976142,1774658460,1774658460,default
1774658410,1_72494,1_100160,269,1_720964299,1_7976342,1774659360,1774659360,default
1774658410,1_52306,1_102619,F Line,1_694521479,1_7975997,1774659000,1774659000,default
1774658410,1_99254,1_100003,101,1_694513059,1_8174,1774658140,1774658503,default
1774658410,1_2200,1_102581,D Line,1_732748599,1_6092,1774658245,1774658546,default
1774658410,1_57804,1_100072,181,1_721481719,1_7454,1774658833,1774658633,default
1774658410,1_620,40_100240,554,40_774872599,40_9662,1774658640,1774658579,default
1774658410,1_620,40_100236,545,40_563504059,40_7976552,1774658640,1774658640,default
1774658410,1_620,40_100236,545,40_563504059,40_9632,1774658640,1774658650,default
1774658410,1_620,1_102754,256,1_778603739,1_7976728,1774658700,1774658700,default
1774658410,1_620,40_510,510,40_15047320__KPOB-CS:253:2:Thu-Fri:1:25SEP:85085:45,40_KPOB-CS:253:2:Thu-Fri:1:25SEP:85085:45,1774659900,1774658943,default
1774658410,1_620,40_100239,550,40_597760469,40_9690,1774658820,1774659119,default
1774658410,1_620,40_100239,550,40_597760789,40_9815,1774659420,1774659123,default
1774658410,1_620,40_515,515,40_15047283__KPOB-CS:253:2:Thu-Fri:1:25SEP:85062:45,40_KPOB-CS:253:2:Thu-Fri:1:25SEP:85062:45,1774659600,1774659600,default
1774658410,1_620,1_102754,256,1_778603749,1_7976700,1774660560,1774660560,default
1774658410,1_620,40_515,515,40_15047271__KPOB-CS:253:2:Thu-Fri:1:25SEP:85060:45,40_KPOB-CS:253:2:Thu-Fri:1:25SEP:85060:45,1774660800,1774660800,default
1774658410,1_620,40_510,510,40_15047257__KPOB-CS:253:2:Thu-Fri:1:25SEP:85073:45,40_KPOB-CS:253:2:Thu-Fri:1:25SEP:85073:45,1774661400,1774661400,default
1774658410,1_620,40_515,515,40_15047296__KPOB-CS:253:2:Thu-Fri:1:25SEP:85054:45,40_KPOB-CS:253:2:Thu-Fri:1:25SEP:85054:45,1774662000,1774662000,default
1774658410,1_10912,1_100162,271,1_569497189,1_7976663,1774658820,1774658820,default
1774658410,1_10912,40_100511,542,40_581723489,40_7976607,1774658820,1774658820,default
1774658410,1_10912,40_100451,556,40_635883199,40_7976550,1774659720,1774659720,default
1774658410,1_10912,1_100162,271,1_569554149,1_7976662,1774659780,1774659780,default
1774658410,1_10912,40_100511,542,40_581724879,40_7976685,1774660080,1774660080,default
1774658410,1_10912,40_100451,556,40_635883589,40_7976589,1774661400,1774661400,default
1774658410,1_71960,40_100511,542,40_721031019,40_7976608,1774659060,1774659060,default
1774658410,1_58144,1_102719,161,1_664468349,1_7323,1774658640,1774658477,default
1774658710,1_103,1_102745,G Line,1_736436139,1_6406,1774658478,1774658720,default
1774658710,1_60161,1_100042,148,1_762077989,1_3702,1774659480,1774658093,default
1774658710,1_320,40_100240,554,40_581724259,40_7976690,1774658820,1774658820,default
1774658710,1_13830,1_100193,32,1_651766079,1_7974549,1774658750,-1,default
1774658710,1_46505,1_102619,F Line,1_656237449,1_7976004,1774659360,1774659360,default
1774658710,1_36711,1_100230,50,1_785559699,1_3712,1774658801,1774658688,default
1774658710,1_72494,1_100160,269,1_720964299,1_7976342,1774659360,1774659360,default
1774658710,1_52306,1_102619,F Line,1_694521479,1_7975997,1774659000,1774659000,default
1774658710,1_8530,1_100005,106,1_727784889,1_7140,1774658826,1774658751,default
1774658710,1_99254,40_594,594,40_878020,40_61402,1774658913,1774658843,default
1774658710,1_59282,1_100072,181,1_721481879,1_7130,1774659420,1774658359,default
1774658710,1_59282,1_102717,165,1_664465519,1_7426,1774660140,1774658679,default
1774658710,1_59282,1_102717,165,1_664465519,1_7976227,1774660140,1774660140,default
1774658710,1_620,40_100239,550,40_597760789,40_9815,1774659420,1774659195,default
1774658710,1_620,40_510,510,40_15047320__KPOB-CS:253:2:Thu-Fri:1:25SEP:85085:45,40_KPOB-CS:253:2:Thu-Fri:1:25SEP:85085:45,1774659900,1774659243,default
1774658710,1_620,40_100239,550,40_597760469,40_9690,1774658820,1774659263,default
1774658710,1_620,40_515,515,40_15047283__KPOB-CS:253:2:Thu-Fri:1:25SEP:85062:45,40_KPOB-CS:253:2:Thu-Fri:1:25SEP:85062:45,1774659600,1774659600,default
1774658710,1_620,1_102754,256,1_778603749,1_7976700,1774660560,1774660560,default
1774658710,1_620,40_515,515,40_15047271__KPOB-CS:253:2:Thu-Fri:1:25SEP:85060:45,40_KPOB-CS:253:2:Thu-Fri:1:25SEP:85060:45,1774660800,1774660800,default
1774658710,1_620,40_510,510,40_15047257__KPOB-CS:253:2:Thu-Fri:1:25SEP:85073:45,40_KPOB-CS:253:2:Thu-Fri:1:25SEP:85073:45,1774661400,1774661400,default
1774658710,1_620,40_515,515,40_15047296__KPOB-CS:253:2:Thu-Fri:1:25SEP:85054:45,40_KPOB-CS:253:2:Thu-Fri:1:25SEP:85054:45,1774662000,1774662000,default
1774658710,1_10912,40_100451,556,40_635883199,40_7976550,1774659720,1774659720,default
1774658710,1_10912,1_100162,271,1_569554149,1_7976662,1774659780,1774659780,default
1774658710,1_10912,40_100511,542,40_581724879,40_7976685,1774660080,1774660080,default
1774658710,1_10912,40_100451,556,40_635883589,40_7976589,1774661400,1774661400,default
1774658710,1_71960,1_102752,223,1_766488339,1_7369,1774658700,1774658890,default
1774658710,1_71960,40_100511,542,40_721031019,40_7976608,1774659060,1774659060,default
1774659010,1_60161,1_100042,148,1_762077989,1_3702,1774659480,1774658093,default
1774659010,1_2850,1_100089,2,1_491928999,1_7975118,1774659900,1774659900,default
1774659010,1_46505,1_102619,F Line,1_656237449,1_7976004,1774659360,1774659360,default
1774659010,1_280,40_100240,554,40_581724259,40_9672,1774658661,1774659061,default
1774659010,1_81199,1_100072,181,1_721481719,1_7454,1774659180,1774659111,default
1774659010,1_72494,1_100160,269,1_720964299,1_7976342,1774659360,1774659360,default
1774659010,1_52306,1_102619,F Line,1_694521979,1_7976016,1774659900,1774659900,default
1774659010,1_40030,1_102574,40,1_761403799,1_8295,1774659011,1774659122,default
1774659010,1_59282,1_100072,181,1_721481879,1_7130,1774659420,1774658359,default
1774659010,1_59282,1_102717,165,1_664465519,1_7426,1774660140,1774658679,default
1774659010,1_57791,1_102718,184,1_635442919,1_7353,1774659143,1774659232,default
1774659010,1_25791,1_100214,372,1_694305849,1_6947,1774658541,1774659183,default
1774659010,1_620,40_100236,545,40_563504219,40_7976560,1774659240,1774659271,default
1774659010,1_620,40_100236,545,40_563504219,40_9647,1774659240,1774659284,default
1774659010,1_620,40_594,594,40_878020,40_61402,1774659300,1774659300,default
1774659010,1_620,40_515,515,40_15047283__KPOB-CS:253:2:Thu-Fri:1:25SEP:85062:45,40_KPOB-CS:253:2:Thu-Fri:1:25SEP:85062:45,1774659600,1774659600,default
1774659010,1_620,40_510,510,40_15047320__KPOB-CS:253:2:Thu-Fri:1:25SEP:85085:45,40_KPOB-CS:253:2:Thu-Fri:1:25SEP:85085:45,1774659900,1774659603,default
1774659010,1_620,1_102754,256,1_778603749,1_7976700,1774660560,1774660560,default
1774659010,1_620,40_515,515,40_15047271__KPOB-CS:253:2:Thu-Fri:1:25SEP:85060:45,40_KPOB-CS:253:2:Thu-Fri:1:25SEP:85060:45,1774660800,1774660800,default
1774659010,1_620,40_510,510,40_15047257__KPOB-CS:253:2:Thu-Fri:1:25SEP:85073:45,40_KPOB-CS:253:2:Thu-Fri:1:25SEP:85073:45,1774661400,1774661400,default
1774659010,1_620,40_515,515,40_15047296__KPOB-CS:253:2:Thu-Fri:1:25SEP:85054:45,40_KPOB-CS:253:2:Thu-Fri:1:25SEP:85054:45,1774662000,1774662000,default
1774659010,1_620,1_102754,256,1_778603759,1_7976732,1774662420,1774662420,default
1774659010,1_10912,40_100451,556,40_635883199,40_7976550,1774659720,1774659720,default
1774659010,1_10912,1_100162,271,1_569554149,1_7976662,1774659780,1774659780,default
1774659010,1_10912,40_100511,542,40_581724879,40_7976685,1774660080,1774660080,default
1774659010,1_10912,1_100162,271,1_569496359,1_7976351,1774660740,1774660740,default
1774659010,1_10912,40_100451,556,40_635883589,40_7976589,1774661400,1774661400,default
1774659010,1_8403,1_100039,14,1_562520109,1_4343,1774659000,1774659169,default
1774659310,1_60161,1_100042,148,1_762077989,1_3702,1774659480,1774658093,default
1774659310,1_60453,1_102715,162,1_721494689,1_7113,1774660260,1774659259,default
1774659310,1_575,1_102615,E Line,1_768604519,1_6222,1774659000,1774659359,default
1774659310,1_575,1_100089,2,1_491947819,1_7105,1774659000,1774659413,default
1774659310,1_2850,1_100089,2,1_491928999,1_7104,1774659900,1774659012,default
1774659310,1_46505,1_102619,F Line,1_656237449,1_7976004,1774659360,1774659360,default
1774659310,1_46505,1_102619,F Line,1_656236449,1_7976083,1774660320,1774660320,default
1774659310,1_52306,1_102619,F Line,1_694521979,1_7976016,1774659900,1774659900,default
1774659310,1_2200,1_102581,D Line,1_732748619,1_6051,1774659685,1774659468,default
1774659310,1_59282,1_102717,165,1_664465519,1_7426,1774660140,1774658679,default
1774659310,1_58079,1_102719,161,1_693754319,1_7314,1774659480,1774659380,default
1774659310,1_72391,1_100136,245,1_761789559,1_7349,1774659507,1774659441,default
1774659310,1_620,40_515,515,40_15047283__KPOB-CS:253:2:Thu-Fri:1:25SEP:85062:45,40_KPOB-CS:253:2:Thu-Fri:1:25SEP:85062:45,1774659600,1774659741,default
1774659310,1_620,40_510,510,40_15047320__KPOB-CS:253:2:Thu-Fri:1:25SEP:85085:45,40_KPOB-CS:253:2:Thu-Fri:1:25SEP:85085:45,1774659900,1774659902,default
1774659310,1_620,1_102754,256,1_778603749,1_7976700,1774660560,1774660560,default
1774659310,1_620,40_515,515,40_15047271__KPOB-CS:253:2:Thu-Fri:1:25SEP:85060:45,40_KPOB-CS:253:2:Thu-Fri:1:25SEP:85060:45,1774660800,1774660800,default
1774659310,1_620,40_510,510,40_15047257__KPOB-CS:253:2:Thu-Fri:1:25SEP:85073:45,40_KPOB-CS:253:2:Thu-Fri:1:25SEP:85073:45,1774661400,1774661400,default
1774659310,1_620,40_515,515,40_15047296__KPOB-CS:253:2:Thu-Fri:1:25SEP:85054:45,40_KPOB-CS:253:2:Thu-Fri:1:25SEP:85054:45,1774662000,1774662000,default
1774659310,1_620,1_102754,256,1_778603759,1_7976732,1774662420,1774662420,default
1774659310,1_10912,40_100451,556,40_635883199,40_7976550,1774659720,1774659720,default
1774659310,1_10912,1_100162,271,1_569554149,1_7976662,1774659780,1774659780,default
1774659310,1_10912,40_100511,542,40_581724879,40_7976685,1774660080,1774660080,default
1774659310,1_10912,1_100162,271,1_569496359,1_7976351,1774660740,1774660740,default
1774659310,1_10912,40_100451,556,40_635883589,40_7976589,1774661400,1774661400,default
1774659610,1_103,1_102745,G Line,1_736436099,1_6412,1774659558,1774659652,default
1774659610,1_12170,1_100039,14,1_562520109,1_4343,1774659579,1774659703,default
1774659610,1_46570,1_100011,111,1_664454919,1_7418,1774659692,1774659506,default
1774659610,1_22196,1_102736,H Line,1_694056559,1_6060,1774659639,1774659579,default
1774659610,1_8541,1_100005,106,1_727784769,1_7099,1774659840,1774659577,default
1774659610,1_8541,1_100263,7,1_770870869,1_4509,1774659660,1774659628,default
1774659610,1_320,40_590,590,40_1910020,40_9202,1774660200,1774659634,default
1774659610,1_575,1_100173,3,1_761127029,1_4358,1774659600,1774659650,default
1774659610,1_2850,1_100089,2,1_491928999,1_7104,1774659900,1774659012,default
1774659610,1_46505,1_102619,F Line,1_656236449,1_7976083,1774660320,1774660320,default
1774659610,1_280,40_100240,554,40_581724179,40_7976648,1774659681,1774659681,default
1774659610,1_27420,1_100249,60,1_689961619,1_7087,1774659128,1774659696,default
1774659610,1_79877,1_100162,271,1_569497239,1_6999,1774659715,1774659670,default
1774659610,3_31002,40_560,560,40_3609020,40_9222,1774659900,1774659955,default
1774659610,1_72494,1_100160,269,1_720964049,1_7976341,1774660920,1774660920,default
1774659610,1_52306,1_102619,F Line,1_694521979,1_7976016,1774659900,1774659900,default
1774659610,1_52306,1_102719,161,1_635446339,1_7976090,1774660560,1774660560,default
1774659610,1_52306,1_102619,F Line,1_694521719,1_7976229,1774660800,1774660800,default
1774659610,1_80121,1_102719,161,1_721494419,1_7064,1774659356,1774659712,default
1774659610,1_21945,1_102717,165,1_664465099,1_7473,1774659480,1774659758,default
1774659610,1_2200,1_100028,13,1_605111629,1_7070,1774659891,1774659636,default
1774659610,1_59282,1_102717,165,1_664465519,1_7426,1774660140,1774658679,default
1774659610,1_620,1_100104,212,1_694279279,1_6943,1774659780,1774659771,default
1774659610,1_620,40_100236,545,40_563504169,40_7976554,1774659840,1774659840,default
1774659610,1_620,40_100236,545,40_563504169,40_9816,1774659840,1774659856,default
1774659610,1_620,40_510,510,40_15047320__KPOB-CS:253:2:Thu-Fri:1:25SEP:85085:45,40_KPOB-CS:253:2:Thu-Fri:1:25SEP:85085:45,1774659900,1774660167,default
1774659610,1_620,1_102754,256,1_778603749,1_7976700,1774660560,1774660560,default
1774659610,1_620,40_515,515,40_15047271__KPOB-CS:253:2:Thu-Fri:1:25SEP:85060:45,40_KPOB-CS:253:2:Thu-Fri:1:25SEP:85060:45,1774660800,1774660800,default
1774659610,1_620,40_510,510,40_15047257__KPOB-CS:253:2:Thu-Fri:1:25SEP:85073:45,40_KPOB-CS:253:2:Thu-Fri:1:25SEP:85073:45,1774661400,1774661400,default
1774659610,1_620,40_515,515,40_15047296__KPOB-CS:253:2:Thu-Fri:1:25SEP:85054:45,40_KPOB-CS:253:2:Thu-Fri:1:25SEP:85054:45,1774662000,1774662000,default
1774659610,1_620,1_102754,256,1_778603759,1_7976732,1774662420,1774662420,default
1774659610,1_10912,1_100162,271,1_569554149,1_7976662,1774659780,1774659780,default
1774659610,1_10912,40_100511,542,40_581724879,40_7976685,1774660080,1774660080,default
1774659610,1_10912,1_100162,271,1_569496359,1_7976351,1774660740,1774660740,default
1774659610,1_10912,40_100451,556,40_635883589,40_7976589,1774661400,1774661400,default
1774659610,1_10912,1_100162,271,1_569496519,1_7976382,1774661640,1774661640,default
1774659610,1_10912,40_100511,542,40_581725449,40_7976686,1774661880,1774661880,default
1774659910,1_85800,1_100196,331,1_778705869,1_7214,1774659771,1774659955,default
1774659910,1_51551,1_102736,H Line,1_694055899,1_6068,1774660047,1774659908,default
1774659910,1_60161,1_100042,148,1_762078049,1_7976054,1774661280,1774661280,default
1774659910,1_8541,1_100263,7,1_770869779,1_4517,1774660020,1774659877,default
1774659910,1_575,1_102615,E Line,1_768604529,1_6210,1774659300,1774659951,default
1774659910,1_2850,1_100089,2,1_692105949,1_7080,1774660440,1774659208,default
1774659910,1_46505,1_102619,F Line,1_656236449,1_7976083,1774660320,1774660320,default
1774659910,1_280,40_100240,554,40_581724179,40_9802,1774659681,1774659965,default
1774659910,1_27420,1_100249,60,1_689961499,1_7030,1774659788,1774660007,default
1774659910,1_60477,1_102715,162,1_721494699,1_7110,1774660969,1774659996,default
1774659910,1_72494,1_100160,269,1_720964049,1_7976341,1774660920,1774660920,default
1774659910,1_52306,1_102719,161,1_635446339,1_7976090,1774660560,1774660560,default
1774659910,1_52306,1_102619,F Line,1_694521719,1_7976229,1774660800,1774660800,default
1774659910,1_57804,1_100072,181,1_721482019,1_7453,1774660576,1774660487,default
1774659910,1_59282,1_102717,165,1_664465519,1_7426,1774660140,1774658679,default
1774659910,1_41370,1_100219,4,1_675344829,1_4309,1774660182,1774660012,default
1774659910,1_620,40_510,510,40_15047320__KPOB-CS:253:2:Thu-Fri:1:25SEP:85085:45,40_KPOB-CS:253:2:Thu-Fri:1:25SEP:85085:45,1774659900,1774660344,default
1774659910,1_620,40_100239,550,40_597760519,40_9660,1774659840,1774660487,default
1774659910,1_620,1_102754,256,1_778603749,1_7976700,1774660560,1774660560,default
1774659910,1_620,40_515,515,40_15047271__KPOB-CS:253:2:Thu-Fri:1:25SEP:85060:45,40_KPOB-CS:253:2:Thu-Fri:1:25SEP:85060:45,1774660800,1774660800,default
1774659910,1_620,40_510,510,40_15047257__KPOB-CS:253:2:Thu-Fri:1:25SEP:85073:45,40_KPOB-CS:253:2:Thu-Fri:1:25SEP:85073:45,1774661400,1774661400,default
1774659910,1_620,40_515,515,40_15047296__KPOB-CS:253:2:Thu-Fri:1:25SEP:85054:45,40_KPOB-CS:253:2:Thu-Fri:1:25SEP:85054:45,1774662000,1774662000,default
1774659910,1_620,1_102754,256,1_778603759,1_7976732,1774662420,1774662420,default
1774659910,1_10912,40_100511,542,40_581724879,40_7976685,1774660080,1774660080,default
1774659910,1_10912,1_100162,271,1_569496359,1_7976351,1774660740,1774660740,default
1774659910,1_10912,40_100451,556,40_635883589,40_7976589,1774661400,1774661400,default
1774659910,1_10912,1_100162,271,1_569496519,1_7976382,1774661640,1774661640,default
1774659910,1_10912,40_100511,542,40_581725449,40_7976686,1774661880,1774661880,default
1774659910,1_71960,40_100511,542,40_721031199,40_7976604,1774660980,1774660980,default
1774660210,1_60161,1_100042,148,1_762078049,1_3715,1774661280,1774659856,default
1774660210,1_60453,1_102715,162,1_721494699,1_7110,1774661220,1774660156,default
1774660210,1_575,1_100219,4,1_675344749,1_4311,1774660140,1774660259,default
1774660210,1_575,1_102576,C Line,1_774680469,1_6262,1774659660,1774660283,default
1774660210,1_2850,1_100089,2,1_692105949,1_7080,1774660440,1774659208,default
1774660210,1_46505,1_102619,F Line,1_656236449,1_7976083,1774660320,1774660320,default
1774660210,1_47660,1_102736,H Line,1_694055839,1_7974966,1774660255,1774659985,default
1774660210,1_3470,1_100249,60,1_689961679,1_7076,1774660260,1774660211,default
1774660210,1_1510,1_100210,36,1_629345319,1_4355,1774660293,1774660247,default
1774660210,1_73366,1_102548,B Line,1_721019059,1_6035,1774659820,1774660337,default
1774660210,1_72494,1_100160,269,1_720964049,1_7976341,1774660920,1774660920,default
1774660210,1_84810,1_102752,223,1_825197279,1_7334,1774659847,1774660302,default
1774660210,1_52306,1_102719,161,1_635446339,1_7976090,1774660560,1774660560,default
1774660210,1_52306,1_102619,F Line,1_694521719,1_7976229,1774660800,1774660800,default
1774660210,1_52306,1_102619,F Line,1_694522139,1_7976085,1774661700,1774661700,default
1774660210,1_99254,1_100045,150,1_694513809,1_8192,1774660060,1774660360,default
1774660210,1_65092,1_100162,271,1_720967969,1_7329,1774661280,1774659379,default
1774660210,1_40065,1_102574,40,1_778707529,1_8155,1774659565,1774660331,default
1774660210,1_2200,1_102581,D Line,1_732748639,1_6109,1774660645,1774660371,default
1774660210,1_57804,1_100072,181,1_721482019,1_7453,1774660576,1774660329,default
1774660210,1_23905,1_100214,372,1_694307009,1_6829,1774660105,1774660375,default
1774660210,1_620,1_102754,256,1_778603749,1_7976700,1774660560,1774660560,default
1774660210,1_620,40_100239,550,40_597760519,40_9660,1774659840,1774660657,default
1774660210,1_620,40_515,515,40_15047271__KPOB-CS:253:2:Thu-Fri:1:25SEP:85060:45,40_KPOB-CS:253:2:Thu-Fri:1:25SEP:85060:45,1774660800,1774660956,default
1774660210,1_620,40_510,510,40_15047257__KPOB-CS:253:2:Thu-Fri:1:25SEP:85073:45,40_KPOB-CS:253:2:Thu-Fri:1:25SEP:85073:45,1774661400,1774661400,default
1774660210,1_620,40_515,515,40_15047296__KPOB-CS:253:2:Thu-Fri:1:25SEP:85054:45,40_KPOB-CS:253:2:Thu-Fri:1:25SEP:85054:45,1774662000,1774662000,default
1774660210,1_620,1_102754,256,1_778603759,1_7976732,1774662420,1774662420,default
1774660210,1_10912,1_100162,271,1_569496359,1_7976351,1774660740,1774660740,default
1774660210,1_10912,40_100451,556,40_635883589,40_7976589,1774661400,1774661400,default
1774660210,1_10912,1_100162,271,1_569496519,1_7976382,1774661640,1774661640,default
1774660210,1_10912,40_100511,542,40_581725449,40_7976686,1774661880,1774661880,default
1774660210,1_71960,40_100511,542,40_721031199,40_7976604,1774660980,1774660980,default
1774660210,1_74124,1_102753,222,1_774817969,1_7337,1774660431,1774660316,default
1774660510,1_103,1_102745,G Line,1_736437639,1_6402,1774660278,1774660535,default
1774660510,1_12170,1_100039,14,1_562520119,1_4329,1774660359,1774660594,default
1774660510,1_51551,1_102736,H Line,1_694055829,1_6050,1774660527,1774660515,default
1774660510,1_60161,1_100042,148,1_762078049,1_3715,1774661280,1774659856,default
1774660510,1_60453,1_102715,162,1_721494699,1_7110,1774661220,1774660462,default
1774660510,1_46505,1_102619,F Line,1_656237609,1_7975998,1774661220,1774661220,default
1774660510,1_29423,1_102732,79,1_561369689,1_7975557,1774661400,1774661400,default
1774660510,1_72494,1_100160,269,1_720964049,1_7976341,1774660920,1774660920,default
1774660510,1_52306,1_102619,F Line,1_694521719,1_7976229,1774660800,1774660800,default
1774660510,1_52306,1_102619,F Line,1_694522139,1_7976085,1774661700,1774661700,default
1774660510,1_65092,1_100162,271,1_720967969,1_7329,1774661280,1774659379,default
1774660510,1_59282,1_100072,181,1_721482089,1_7454,1774661220,1774660354,default
1774660510,1_620,40_100236,545,40_563505159,40_7976558,1774660680,1774660680,default
1774660510,1_620,40_100236,545,40_563505159,40_9807,1774660680,1774660762,default
1774660510,1_620,40_100240,554,40_774872949,40_9811,1774660680,1774661074,default
1774660510,1_620,40_100239,550,40_597760779,40_9801,1774660680,1774661078,default
1774660510,1_620,40_515,515,40_15047271__KPOB-CS:253:2:Thu-Fri:1:25SEP:85060:45,40_KPOB-CS:253:2:Thu-Fri:1:25SEP:85060:45,1774660800,1774661266,default
1774660510,1_620,40_510,510,40_15047257__KPOB-CS:253:2:Thu-Fri:1:25SEP:85073:45,40_KPOB-CS:253:2:Thu-Fri:1:25SEP:85073:45,1774661400,1774661400,default
1774660510,1_620,40_515,515,40_15047296__KPOB-CS:253:2:Thu-Fri:1:25SEP:85054:45,40_KPOB-CS:253:2:Thu-Fri:1:25SEP:85054:45,1774662000,1774662000,default
1774660510,1_620,1_102754,256,1_778603759,1_7976732,1774662420,1774662420,default
1774660510,1_10912,1_100162,271,1_569496359,1_7976351,1774660740,1774660740,default
1774660510,1_10912,40_100451,556,40_635883589,40_7976589,1774661400,1774661400,default
1774660510,1_10912,1_100162,271,1_569496519,1_7976382,1774661640,1774661640,default
1774660510,1_10912,40_100511,542,40_581725449,40_7976686,1774661880,1774661880,default
1774660510,1_71960,40_100511,542,40_721031199,40_7976604,1774660980,1774660980,default
1774660810,1_60161,1_100042,148,1_762078049,1_3715,1774661280,1774659856,default
1774660810,1_30790,1_100249,60,1_689961699,1_7192,1774660583,1774660835,default
1774660810,1_60453,1_102715,162,1_721494699,1_7110,1774661220,1774660733,default
1774660810,1_320,40_590,590,40_3685020,40_9723,1774661640,1774661054,default
1774660810,1_2850,1_100089,2,1_491929019,1_7150,1774661700,1774660567,default
1774660810,1_46505,1_102619,F Line,1_656237609,1_7975998,1774661220,1774661220,default
1774660810,1_29423,1_102732,79,1_561369689,1_7975557,1774661400,1774661400,default
1774660810,1_81199,1_100072,181,1_721482019,1_7453,1774660920,1774660903,default
1774660810,1_72494,1_100160,269,1_720964049,1_7976341,1774660920,1774660920,default
1774660810,1_52306,1_102619,F Line,1_694522139,1_7976085,1774661700,1774661700,default
1774660810,1_65092,1_100162,271,1_720967969,1_7329,1774661280,1774659379,default
1774660810,1_59282,1_100072,181,1_721482089,1_7454,1774661220,1774660354,default
1774660810,1_81749,1_100160,269,1_761787119,1_7461,1774660878,1774660990,default
1774660810,1_82107,1_100196,331,1_724955259,1_7228,1774661073,1774660912,default
1774660810,1_25791,1_100214,372,1_694306009,1_6942,1774660920,1774661015,default
1774660810,1_620,40_100240,554,40_774872949,40_9811,1774660680,1774661000,default
1774660810,1_620,40_100239,550,40_597760779,40_9801,1774660680,1774661185,default
1774660810,1_620,40_510,510,40_15047257__KPOB-CS:253:2:Thu-Fri:1:25SEP:85073:45,40_KPOB-CS:253:2:Thu-Fri:1:25SEP:85073:45,1774661400,1774661400,default
1774660810,1_620,40_515,515,40_15047271__KPOB-CS:253:2:Thu-Fri:1:25SEP:85060:45,40_KPOB-CS:253:2:Thu-Fri:1:25SEP:85060:45,1774660800,1774661491,default
1774660810,1_620,40_515,515,40_15047296__KPOB-CS:253:2:Thu-Fri:1:25SEP:85054:45,40_KPOB-CS:253:2:Thu-Fri:1:25SEP:85054:45,1774662000,1774662000,default
1774660810,1_620,1_102754,256,1_778603759,1_7976732,1774662420,1774662420,default
1774660810,1_10912,40_100451,556,40_635883589,40_7976589,1774661400,1774661400,default
1774660810,1_10912,1_100162,271,1_569496519,1_7976382,1774661640,1774661640,default
1774660810,1_10912,40_100511,542,40_581725449,40_7976686,1774661880,1774661880,default
1774660810,1_10912,1_100162,271,1_585519429,1_7976349,1774662720,1774662720,default
1774660810,1_71960,40_100511,542,40_721031199,40_7976604,1774660980,1774660980,default
1774660810,1_8403,1_100039,14,1_562520159,1_4386,1774660680,1774660952,default
1774660810,1_18220,1_100219,4,1_675344729,1_4397,1774661340,1774660928,default
1774661110,1_12170,1_100039,14,1_562520159,1_4386,1774661199,1774661205,default
1774661110,1_46791,1_100016,118,1_669631319,1_3709,1774661160,1774661146,default
1774661110,1_481,1_102576,C Line,1_774680919,1_6248,1774661160,1774661060,default
1774661110,1_85800,1_100196,331,1_778699869,1_7233,1774660971,1774661185,default
1774661110,1_60161,1_100042,148,1_762078049,1_3715,1774661280,1774659856,default
1774661110,1_60453,1_102715,162,1_721494699,1_7110,1774661220,1774661015,default
1774661110,1_320,40_100239,550,40_597761049,40_9690,1774661100,1774661166,default
1774661110,1_81205,1_100072,181,1_721482019,1_7453,1774661191,1774661103,default
1774661110,1_2850,1_100089,2,1_491929019,1_7150,1774661700,1774660567,default
1774661110,1_46505,1_102619,F Line,1_656237609,1_7975998,1774661220,1774661220,default
1774661110,1_29423,1_102732,79,1_561369689,1_7975557,1774661400,1774661400,default
1774661110,1_72494,1_100160,269,1_720964859,1_7976395,1774662720,1774662720,default
1774661110,1_52306,1_102619,F Line,1_694522139,1_7976085,1774661700,1774661700,default
1774661110,1_52306,1_102619,F Line,1_694520769,1_7975999,1774662600,1774662600,default
1774661110,1_65092,1_100162,271,1_720967969,1_7329,1774661280,1774659379,default
1774661110,1_25791,1_100214,372,1_694307149,1_7480,1774659741,1774661285,default
1774661110,1_620,40_510,510,40_15047257__KPOB-CS:253:2:Thu-Fri:1:25SEP:85073:45,40_KPOB-CS:253:2:Thu-Fri:1:25SEP:85073:45,1774661400,1774661400,default
1774661110,1_620,40_515,515,40_15047271__KPOB-CS:253:2:Thu-Fri:1:25SEP:85060:45,40_KPOB-CS:253:2:Thu-Fri:1:25SEP:85060:45,1774660800,1774661579,default
1774661110,1_620,40_515,515,40_15047296__KPOB-CS:253:2:Thu-Fri:1:25SEP:85054:45,40_91732,1774662000,1774662000,default
1774661110,1_620,1_102754,256,1_778603759,1_7976732,1774662420,1774662420,default
1774661110,1_10912,40_100451,556,40_635883589,40_7976589,1774661400,1774661400,default
1774661110,1_10912,1_100162,271,1_569496519,1_7976382,1774661640,1774661640,default
1774661110,1_10912,40_100511,542,40_581725449,40_7976686,1774661880,1774661880,default
1774661110,1_10912,1_100162,271,1_585519429,1_7976349,1774662720,1774662720,default
1774661110,1_71960,40_100511,542,40_721031239,40_7976607,1774662720,1774662720,default
1774661410,1_12170,1_100039,14,1_562520159,1_4386,1774661199,1774661484,default
1774661410,1_23220,1_100269,75,1_657913609,1_8267,1774661661,-1,default
1774661410,1_575,1_100210,36,1_630543619,1_4314,1774661460,1774661443,default
1774661410,1_575,1_102576,C Line,1_774680409,1_6259,1774661400,1774661519,default
1774661410,1_2850,1_100089,2,1_491929019,1_7150,1774661700,1774660567,default
1774661410,1_46505,1_102619,F Line,1_656237769,1_7976035,1774662120,1774662120,default
1774661410,1_72494,1_100160,269,1_720964859,1_7976395,1774662720,1774662720,default
1774661410,1_52306,1_102619,F Line,1_694522139,1_7976085,1774661700,1774661700,default
1774661410,1_52306,1_102619,F Line,1_694520769,1_7975999,1774662600,1774662600,default
1774661410,1_52306,1_102719,161,1_635446349,1_7976094,1774662720,1774662720,default
1774661410,1_71970,1_102753,222,1_774817969,1_7337,1774661535,1774661514,default
1774661410,1_59282,1_102717,165,1_664465529,1_7478,1774662240,1774661271,default
1774661410,1_620,40_100236,545,40_560091729,40_7976551,1774661580,1774661710,default
1774661410,1_620,40_515,515,40_15047296__KPOB-CS:253:2:Thu-Fri:1:25SEP:85054:45,40_91732,1774662000,1774662000,default
1774661410,1_620,40_100239,550,40_597760489,40_9656,1774661580,1774662102,default
1774661410,1_620,1_102754,256,1_778603759,1_7976732,1774662420,1774662420,default
1774661410,1_10912,1_100264,70,1_724577579,1_7975070,1774661506,1774661590,default
1774661410,1_10912,1_100162,271,1_569496519,1_7976382,1774661640,1774661640,default
1774661410,1_10912,40_100511,542,40_581725449,40_7976686,1774661880,1774661880,default
1774661410,1_10912,1_100162,271,1_585519429,1_7976349,1774662720,1774662720,default
1774661410,1_10912,40_100511,542,40_569576349,40_7976608,1774663860,1774663860,default
1774661410,1_71960,40_100511,542,40_721031239,40_7976607,1774662720,1774662720,default
1774661410,1_10640,1_100252,62,1_736431279,1_7974599,1774661820,1774661965,default
1774661710,1_481,1_102576,C Line,1_774680459,1_6263,1774661760,1774661715,default
1774661710,1_60161,1_100042,148,1_762078129,1_7976061,1774663080,1774663080,default
1774661710,1_320,40_594,594,40_1300020,40_61402,1774662360,1774661838,default
1774661710,1_46505,1_102619,F Line,1_656237769,1_7976035,1774662120,1774662120,default
1774661710,1_27420,23_102638,First Hill Streetcar,23_55295727,23_404,1774661700,1774661846,default
1774661710,1_40012,1_100026,128,1_771004259,1_7428,1774661835,1774661700,default
1774661710,1_52306,1_102619,F Line,1_694520769,1_7975999,1774662600,1774662600,default
1774661710,1_52306,1_102719,161,1_635446349,1_7976094,1774662720,1774662720,default
1774661710,1_70665,1_100136,245,1_761788299,1_7456,1774661908,1774661786,default
1774661710,1_65092,1_100162,271,1_569497239,1_6999,1774661880,1774661866,default
1774661710,1_57804,1_100072,181,1_721481559,1_7163,1774661836,1774661885,default
1774661710,1_59282,1_102717,165,1_664465529,1_7478,1774662240,1774661271,default
1774661710,1_12760,1_100173,3,1_761126619,1_4307,1774661916,1774661821,default
1774661710,1_620,40_515,515,40_15047296__KPOB-CS:253:2:Thu-Fri:1:25SEP:85054:45,40_KPOB-CS:253:2:Thu-Fri:1:25SEP:85054:45,1774662000,1774662000,default
1774661710,1_620,40_515,515,40_15047296__KPOB-CS:253:2:Thu-Fri:1:25SEP:85054:45,40_91732,1774662000,1774662000,default
1774661710,1_620,40_100239,550,40_597760489,40_9656,1774661580,1774662311,default
1774661710,1_620,1_102754,256,1_778603759,1_7976732,1774662420,1774662420,default
1774661710,1_10912,40_100511,542,40_581725449,40_7976686,1774661880,1774661880,default
1774661710,1_10912,1_100162,271,1_585519429,1_7976349,1774662720,1774662720,default
1774661710,1_10912,40_100511,542,40_569576349,40_7976608,1774663860,1774663860,default
1774661710,1_71960,40_100511,542,40_721031239,40_7976607,1774662720,1774662720,default
1774661710,1_10640,1_100252,62,1_736431279,1_7974599,1774661820,1774661919,default
1774662010,1_12170,1_100039,14,1_562520169,1_4323,1774662099,1774662030,default
1774662010,1_60161,1_100042,148,1_762078129,1_7976061,1774663080,1774663080,default
1774662010,1_575,1_100028,13,1_692105919,1_7080,1774661940,1774662092,default
1774662010,1_2850,1_100089,2,1_491929029,1_7029,1774662480,1774661481,default
1774662010,1_46505,1_102619,F Line,1_656237769,1_6010,1774662120,1774661806,default
1774662010,1_46505,1_102619,F Line,1_656237769,1_7976035,1774662120,1774662120,default
1774662010,1_280,1_100104,212,1_694279299,1_7976581,1774661785,1774662054,default
1774662010,1_27420,1_100249,60,1_689961669,1_7067,1774661768,1774662157,default
1774662010,1_68130,1_102548,B Line,1_721018729,1_6020,1774662056,1774662148,default
1774662010,1_73366,1_102548,B Line,1_721018579,1_6040,1774662100,1774662105,default
1774662010,1_52306,1_102619,F Line,1_694520769,1_7975999,1774662600,1774662600,default
1774662010,1_52306,1_102719,161,1_635446349,1_7976094,1774662720,1774662720,default
1774662010,1_7750,1_102615,E Line,1_768603729,1_6211,1774662186,1774662034,default
1774662010,1_59282,1_102717,165,1_664465529,1_7478,1774662240,1774661271,default
1774662010,1_23905,1_100214,372,1_694307069,1_6951,1774661952,1774662147,default
1774662010,1_60710,1_100512,A Line,1_785554619,1_6273,1774662196,1774662133,default
1774662010,1_14280,1_102581,D Line,1_628190149,1_6090,1774661842,1774662164,default
1774662010,1_620,40_100239,550,40_597760489,40_9656,1774661580,1774662330,default
1774662010,1_620,1_102754,256,1_778603759,1_7976732,1774662420,1774662420,default
1774662010,1_620,40_100239,550,40_597761059,40_9574,1774662360,1774662696,default
1774662010,1_10912,1_100162,271,1_585519429,1_7976349,1774662720,1774662720,default
1774662010,1_10912,40_100511,542,40_569576349,40_7976608,1774663860,1774663860,default
1774662010,1_71960,40_100511,542,40_721031239,40_7976607,1774662720,1774662720,default
1774662010,1_10640,1_100252,62,1_736431289,1_7974594,1774662720,1774663020,default
1774662310,1_60161,1_100042,148,1_762078129,1_7976061,1774663080,1774663080,default
1774662310,1_970,40_578,578,40_2545020,40_9737,1774662447,1774662409,default
1774662310,1_575,1_100210,36,1_630543879,1_7974960,1774662000,1774662409,default
1774662310,1_2850,1_100089,2,1_491929029,1_7029,1774662480,1774661481,default
1774662310,1_2850,1_100089,2,1_491929039,1_7090,1774663500,1774662024,default
1774662310,1_46505,1_102619,F Line,1_656237039,1_7975997,1774663020,1774663020,default
1774662310,1_52306,1_102619,F Line,1_694520769,1_7975999,1774662600,1774662600,default
1774662310,1_52306,1_102719,161,1_635446349,1_7976094,1774662720,1774662720,default
1774662310,1_59282,1_100072,181,1_721490249,1_7453,1774663020,1774661844,default
1774662310,1_620,40_100236,545,40_563505779,40_9650,1774662420,1774662508,default
1774662310,1_620,40_100240,554,40_774872959,40_9652,1774662480,1774662528,default
1774662310,1_620,40_100239,550,40_597761059,40_9574,1774662360,1774662818,default
1774662310,1_10912,1_100162,271,1_585519429,1_7976349,1774662720,1774662720,default
1774662310,1_10912,1_100162,271,1_569554059,1_7976354,1774663500,1774663500,default
1774662310,1_10912,40_100511,542,40_569576349,40_7976608,1774663860,1774663860,default
1774662310,1_71960,40_100511,542,40_721031239,40_7976607,1774662720,1774662720,default
1774662310,1_71960,40_100511,542,40_721031449,40_7976685,1774664460,1774664460,default
1774662310,1_10640,1_100252,62,1_736431289,1_7974594,1774662720,1774662887,default
1774662610,1_60161,1_100042,148,1_762078129,1_3727,1774663080,1774662271,default
1774662610,1_10020,1_102732,79,1_636025739,1_7218,1774662694,1774662558,default
1774662610,1_320,40_100239,550,40_597761459,40_9801,1774662600,1774662655,default
1774662610,1_575,1_102576,C Line,1_774680379,1_6246,1774662480,1774662683,default
1774662610,1_2850,1_100089,2,1_491929039,1_7090,1774663500,1774662024,default
1774662610,1_46505,1_102619,F Line,1_656237039,1_7975997,1774663020,1774663020,default
1774662610,1_280,40_594,594,40_2207020,40_41504,1774662938,1774662648,default
1774662610,1_27420,1_100249,60,1_689961739,1_7120,1774662488,1774662747,default
1774662610,1_68130,1_102548,B Line,1_721018949,1_6027,1774662656,1774662712,default
1774662610,1_73366,1_102548,B Line,1_721019409,1_6044,1774662700,1774662641,default
1774662610,1_52306,1_102719,161,1_635446349,1_7976094,1774662720,1774662720,default
1774662610,1_52306,1_102619,F Line,1_656237459,1_7976004,1774663500,1774663500,default
1774662610,1_99254,1_100045,150,1_694514419,1_8137,1774662760,1774662733,default
1774662610,1_7750,1_102615,E Line,1_761418669,1_7975627,1774663986,1774661398,default
1774662610,1_60359,1_102720,160,1_694518119,1_7431,1774662775,1774662686,default
1774662610,1_2200,1_100001,1,1_562520369,1_4319,1774662771,1774662653,default
1774662610,1_59282,1_100072,181,1_721490249,1_7453,1774663020,1774661844,default
1774662610,1_60640,1_102757,187,1_762095179,1_7488,1774662764,1774662698,default
1774662610,1_620,40_594,594,40_2468020,40_41511,1774662840,1774662772,default
1774662610,1_620,40_100239,550,40_597761059,40_9574,1774662360,1774662897,default
1774662610,1_10912,1_100224,44,1_664047389,1_4551,1774662289,1774662783,default
1774662610,1_10912,1_100162,271,1_569554059,1_7976354,1774663500,1774663500,default
1774662610,1_10912,40_100511,542,40_569576349,40_7976608,1774663860,1774663860,default
1774662610,1_71960,40_100511,542,40_721031449,40_7976685,1774664460,1774664460,default
1774662610,1_10640,1_100252,62,1_736431289,1_7974594,1774662720,1774662815,default
1774662610,1_76310,1_102705,230,1_664298909,1_7447,1774662785,1774662804,default
1774662910,1_85800,1_100196,331,1_778699879,1_7232,1774662633,1774663032,default
1774662910,1_52638,40_574,574,40_3375020,40_41512,1774662918,1774662941,default
1774662910,1_60161,1_100042,148,1_762078129,1_3727,1774663080,1774662271,default
1774662910,1_12770,1_100228,48,1_721359739,1_8000,1774662700,1774662975,default
1774662910,1_30790,1_100249,60,1_689961709,1_7156,1774662577,1774662929,default
1774662910,1_320,40_594,594,40_2207020,40_41504,1774663140,1774662997,default
1774662910,1_2850,1_100089,2,1_491929039,1_7090,1774663500,1774662024,default
1774662910,1_46505,1_102619,F Line,1_656237039,1_7975997,1774663020,1774663020,default
1774662910,1_280,1_100104,212,1_694279309,1_7976674,1774662985,1774662985,default
1774662910,1_52306,1_102619,F Line,1_656237459,1_7976004,1774663500,1774663500,default
1774662910,1_52306,1_102719,161,1_635446359,1_7976091,1774664160,1774664160,default
1774662910,1_8530,1_100005,106,1_727785089,1_7142,1774662977,1774663007,default
1774662910,1_41940,1_100249,60,1_689961739,1_7120,1774662757,1774663035,default
1774662910,1_2200,1_102581,D Line,1_732748959,1_6066,1774662985,1774663039,default
1774662910,1_59282,1_102717,165,1_664465539,1_7976038,1774664040,1774664040,default
1774662910,1_620,1_100045,150,1_694514419,1_8137,1774663140,1774663034,default
1774662910,1_620,40_100239,550,40_597761149,40_9659,1774663260,1774663567,default
1774662910,1_10912,1_100162,271,1_569554059,1_7976354,1774663500,1774663500,default
1774662910,1_10912,40_100511,542,40_569576349,40_7976608,1774663860,1774663860,default
1774662910,1_10912,1_100162,271,1_569495959,1_7976350,1774664520,1774664520,default
1774662910,1_71960,40_100511,542,40_721031449,40_7976685,1774664460,1774664460,default
1774662910,1_10640,1_100252,62,1_736431299,1_7974596,1774663620,1774663620,default
1774663211,1_481,1_100024,125,1_721357919,1_7047,1774662840,1774663231,default
1774663211,1_970,40_594,594,40_2702020,40_9726,1774663530,1774663288,default
1774663211,1_320,40_100240,554,40_581725389,40_9811,1774662780,1774663249,default
1774663211,1_575,1_102581,D Line,1_585677729,1_6109,1774662960,1774663255,default
1774663211,1_575,1_102615,E Line,1_768604189,1_6203,1774663020,1774663272,default
1774663211,1_2850,1_100089,2,1_491929039,1_7090,1774663500,1774662024,default
1774663211,1_2850,1_100089,2,1_491929049,1_7975110,1774664400,1774664400,default
1774663211,1_46505,1_102619,F Line,1_656237539,1_7976016,1774663980,1774663980,default
1774663211,1_47660,1_102736,H Line,1_694055739,1_6071,1774663255,1774663210,default
1774663211,1_72494,1_100160,269,1_720966159,1_7976343,1774664280,1774664280,default
1774663211,1_52306,1_102619,F Line,1_656237459,1_7976004,1774663500,1774663500,default
1774663211,1_52306,1_102719,161,1_635446359,1_7976091,1774664160,1774664160,default
1774663211,1_41940,1_100249,60,1_689961729,1_7088,1774663357,1774663275,default
1774663211,1_71970,1_102753,222,1_774817979,1_7348,1774663306,1774663341,default
1774663211,1_2200,1_102581,D Line,1_732749209,1_6113,1774663645,1774663386,default
1774663211,1_57804,1_100072,181,1_721481889,1_7196,1774663636,1774663837,default
1774663211,1_59282,1_102717,165,1_664465539,1_7976038,1774664040,1774664040,default
1774663211,1_57791,1_102718,184,1_635462139,1_7340,1774663403,1774663438,default
1774663211,1_57448,1_102717,165,1_664465529,1_7478,1774663430,1774663325,default
1774663211,1_2260,1_100275,8,1_759808919,1_8067,1774663130,1774663380,default
1774663211,1_620,40_100236,545,40_563505739,40_7976559,1774663320,1774663380,default
1774663211,1_620,40_100236,545,40_563505739,40_9666,1774663320,1774663436,default
1774663211,1_620,40_100239,550,40_597761149,40_9659,1774663260,1774663596,default
1774663211,1_10912,1_100162,271,1_569554059,1_7976354,1774663500,1774663500,default
1774663211,1_10912,40_100511,542,40_569576349,40_7976608,1774663860,1774663860,default
1774663211,1_10912,1_100162,271,1_569495959,1_7976350,1774664520,1774664520,default
1774663211,1_10912,40_100511,542,40_569576369,40_7976604,1774665660,1774665660,default
1774663211,1_71960,40_100511,542,40_721031449,40_7976685,1774664460,1774664460,default
1774663211,1_10640,1_100252,62,1_736431299,1_8015,1774663620,1774663083,default
1774663211,1_10640,1_100252,62,1_736431299,1_7974596,1774663620,1774663620,default
1774663211,1_8403,1_100039,14,1_562520289,1_4312,1774663380,1774663329,default
1774663511,1_12170,1_100039,14,1_562520289,1_4312,1774663899,1774663555,default
1774663511,1_55711,1_100005,106,1_727784749,1_7155,1774663542,1774663420,default
1774663511,1_12770,1_100228,48,1_721358409,1_8040,1774663600,1774663462,default
1774663511,1_320,40_594,594,40_2702020,40_9726,1774663800,1774663580,default
1774663511,1_2850,1_100089,2,1_491929049,1_7193,1774664400,1774663261,default
1774663511,1_2850,1_100089,2,1_491929049,1_7975110,1774664400,1774664400,default
1774663511,1_46505,1_102619,F Line,1_656237539,1_7976016,1774663980,1774663980,default
1774663511,3_31002,40_560,560,40_1857020,40_41516,1774663774,1774663751,default
1774663511,1_72494,1_100160,269,1_720966159,1_7976343,1774664280,1774664280,default
1774663511,1_52306,1_102719,161,1_635446359,1_7976091,1774664160,1774664160,default
1774663511,1_52306,1_102619,F Line,1_656236459,1_7976083,1774664400,1774664400,default
1774663511,1_65092,1_100162,271,1_720966799,1_7376,1774664700,1774663309,default
1774663511,1_65092,1_100162,271,1_720966799,1_7976352,1774664700,1774664700,default
1774663511,1_57804,1_100072,181,1_721481889,1_7196,1774663636,1774663673,default
1774663511,1_59282,1_100072,181,1_721482029,1_7163,1774664100,1774663180,default
1774663511,1_59282,1_102717,165,1_664465539,1_7473,1774664040,1774663353,default
1774663511,1_59282,1_102717,165,1_664465539,1_7976038,1774664040,1774664040,default
1774663511,1_10912,40_100511,542,40_569576349,40_7976608,1774663860,1774663860,default
1774663511,1_10912,1_100162,271,1_569495959,1_7976350,1774664520,1774664520,default
1774663511,1_10912,40_100511,542,40_569576369,40_7976604,1774665660,1774665660,default
1774663511,1_71960,40_100511,542,40_721031449,40_7976685,1774664460,1774664460,default
1774663511,1_16140,29_130,130,29_14876901__MCOB-DO:123:0:Weekday:1:25SEP:41027:12345,29_17112,1774663705,1774663610,default
1774663511,1_10640,1_100252,62,1_736431309,1_8044,1774664520,1774661192,default
1774663511,1_68400,1_100136,245,1_761787919,1_7357,1774663753,1774663604,default
1774663511,1_18220,1_100028,13,1_692105919,1_7080,1774663744,1774663489,default
1774663811,1_103,1_102745,G Line,1_736436469,1_6402,1774663486,1774663823,default
1774663811,1_12170,1_100039,14,1_562520289,1_7974989,1774663899,1774663473,default
1774663811,1_575,1_100210,36,1_630543529,1_4316,1774663800,1774663855,default
1774663811,1_2850,1_100089,2,1_491929049,1_7193,1774664400,1774663261,default
1774663811,1_2850,1_100089,2,1_548774899,1_7066,1774665420,1774663564,default
1774663811,1_46505,1_102619,F Line,1_656237539,1_7976016,1774663980,1774663980,default
1774663811,1_29423,1_102732,79,1_561369669,1_7975558,1774665000,1774665000,default
1774663811,1_72494,1_100160,269,1_720966159,1_7976343,1774664280,1774664280,default
1774663811,1_52306,1_102719,161,1_635446359,1_7976091,1774664160,1774664160,default
1774663811,1_52306,1_102619,F Line,1_656236459,1_7976083,1774664400,1774664400,default
1774663811,1_99254,1_100003,101,1_694513359,1_6965,1774664002,1774663842,default
1774663811,1_99254,40_594,594,40_1206020,40_9735,1774664253,1774663906,default
1774663811,1_65092,1_100162,271,1_720966799,1_7376,1774664700,1774663309,default
1774663811,1_59282,1_100072,181,1_721482029,1_7163,1774664100,1774663180,default
1774663811,1_59282,1_102717,165,1_664465539,1_7473,1774664040,1774663353,default
1774663811,1_10912,1_100228,48,1_721360719,1_8042,1774664040,1774663949,default
1774663811,1_10912,1_100162,271,1_569495959,1_7976350,1774664520,1774664520,default
1774663811,1_10912,40_100511,542,40_569576369,40_7976604,1774665660,1774665660,default
1774663811,1_71960,40_100511,542,40_721031449,40_7976685,1774664460,1774664460,default
1774663811,1_71960,40_100511,542,40_721031129,40_7976686,1774666440,1774666440,default
1774664111,1_481,1_102576,C Line,1_774681889,1_6259,1774664100,1774664115,default
1774664111,1_320,40_100240,554,40_694286999,40_9652,1774663980,1774664173,default
1774664111,1_64569,1_100162,271,1_569554149,1_6980,1774664136,1774664122,default
1774664111,1_575,1_100028,13,1_605110859,1_7029,1774663920,1774664181,default
1774664111,1_2850,1_100089,2,1_491929049,1_7193,1774664400,1774663261,default
1774664111,1_2850,1_100089,2,1_548774899,1_7066,1774665420,1774663564,default
1774664111,1_46505,1_102619,F Line,1_656237279,1_7976229,1774664880,1774664880,default
1774664111,1_29423,1_102732,79,1_561369669,1_7975558,1774665000,1774665000,default
1774664111,1_60477,1_100060,168,1_693747229,1_7487,1774663750,1774664210,default
1774664111,1_1510,1_100263,7,1_694070579,1_4560,1774664094,1774664173,default
1774664111,1_74743,1_102701,225,1_736529919,1_7358,1774663697,1774664189,default
1774664111,1_72494,1_100160,269,1_720966159,1_7976343,1774664280,1774664280,default
1774664111,1_52306,1_102619,F Line,1_656236459,1_7976083,1774664400,1774664400,default
1774664111,1_52306,40_560,560,40_1857020,40_41516,1774664400,1774664402,default
1774664111,1_65092,1_100162,271,1_720966799,1_7376,1774664700,1774663309,default
1774664111,1_59282,1_102717,165,1_635443559,1_7162,1774664520,1774664196,default
1774664111,1_60983,1_100023,124,1_690553149,1_8066,1774664729,1774664194,default
1774664111,1_620,1_100003,101,1_694513359,1_6965,1774664340,1774664206,default
1774664111,1_620,40_594,594,40_1206020,40_9735,1774664640,1774664244,default
1774664111,1_620,40_100236,545,40_563506209,40_9685,1774664220,1774664339,default
1774664111,1_620,40_100239,550,40_597761449,40_7976642,1774664160,1774664782,default
1774664111,1_10912,1_100162,271,1_569495959,1_7976350,1774664520,1774664520,default
1774664111,1_10912,40_100511,542,40_569576369,40_7976604,1774665660,1774665660,default
1774664111,1_71960,1_102752,223,1_766488389,1_7423,1774664460,1774664264,default
1774664111,1_71960,40_100511,542,40_721031449,40_7976685,1774664460,1774664460,default
1774664111,1_71960,40_100511,542,40_721031129,40_7976686,1774666440,1774666440,default
1774664411,1_970,1_100003,101,1_762101749,1_8176,1774664274,1774664427,default
1774664411,1_320,40_594,594,40_2047020,40_9125,1774665000,1774664493,default
1774664411,1_320,40_100239,550,40_597761939,40_9574,1774664460,1774664496,default
1774664411,1_2850,1_100089,2,1_548774899,1_7066,1774665420,1774663564,default
1774664411,1_46505,1_102619,F Line,1_656237279,1_7976229,1774664880,1774664880,default
1774664411,1_29423,1_102732,79,1_561369669,1_7975558,1774665000,1774665000,default
1774664411,1_27420,1_100249,60,1_581464139,1_7144,1774664468,1774664368,default
1774664411,1_65092,1_100162,271,1_720966799,1_7376,1774664700,1774663309,default
1774664411,1_60710,1_100512,A Line,1_785543369,1_6234,1774664335,1774664554,default
1774664411,1_10912,1_100447,49,1_650118669,1_7975090,1774664490,1774664574,default
1774664411,1_10912,40_100511,542,40_569576369,40_7976604,1774665660,1774665660,default
1774664411,1_71960,40_100511,542,40_721031129,40_7976686,1774666440,1774666440,default
1774664411,1_10640,1_100252,62,1_736431319,1_7028,1774665420,1774664146,default
1774664411,1_8403,1_100039,14,1_562520309,1_4334,1774664340,1774664558,default
1774664711,1_575,1_102615,E Line,1_761418419,1_6101,1774663500,1774664765,default
1774664711,1_575,1_102576,C Line,1_774681159,1_6253,1774664820,1774664832,default
1774664711,1_2850,1_100089,2,1_548774899,1_7066,1774665420,1774663564,default
1774664711,1_46505,1_102619,F Line,1_656237279,1_7976229,1774664880,1774664880,default
1774664711,1_29423,1_102732,79,1_561369669,1_7975558,1774665000,1774665000,default
1774664711,1_27420,1_100249,60,1_692332699,1_7111,1774665128,1774664832,default
1774664711,1_68130,1_102548,B Line,1_721018459,1_6029,1774664512,1774664768,default
1774664711,1_52306,1_102619,F Line,1_656237619,1_7975998,1774665300,1774665637,default
1774664711,1_52306,1_102719,161,1_635446369,1_7976089,1774666380,1774666380,default
1774664711,1_58112,1_102619,F Line,1_656237039,1_6008,1774664796,1774664831,default
1774664711,1_9030,1_100263,7,1_650129169,1_4503,1774664702,1774664824,default
1774664711,1_59282,1_102717,165,1_664465549,1_7162,1774665900,1774664191,default
1774664711,1_59872,1_102619,F Line,1_694520769,1_6244,1774664512,1774664853,default
1774664711,1_57791,1_102718,184,1_635442929,1_7353,1774664783,1774664887,default
1774664711,1_620,40_100239,550,40_597761689,40_9587,1774665060,1774665318,default
1774664711,1_10912,40_100511,542,40_569576369,40_7976604,1774665660,1774665660,default
1774664711,1_71960,40_100511,542,40_721031129,40_7976686,1774666440,1774666440,default
1774664711,1_10640,1_100252,62,1_736431319,1_7028,1774665420,1774664146,default
1774665011,1_60161,1_100042,148,1_762077909,1_7976053,1774666860,1774666860,default
1774665011,1_575,1_100089,2,1_491929039,1_7090,1774664880,1774665077,default
1774665011,1_2850,1_100089,2,1_548774899,1_7066,1774665420,1774663564,default
1774665011,1_2850,1_100089,2,1_548774909,1_7975117,1774666620,1774666620,default
1774665011,1_46505,1_102619,F Line,1_656237699,1_7976085,1774665780,1774665780,default
1774665011,1_27420,1_100249,60,1_692332699,1_7111,1774665128,1774664793,default
1774665011,1_52306,1_102619,F Line,1_656237619,1_7975998,1774665300,1774665832,default
1774665011,1_52306,1_102719,161,1_635446369,1_7976089,1774666380,1774666380,default
1774665011,1_57804,1_100072,181,1_721482099,1_7482,1774665319,1774665268,default
1774665011,1_59282,1_102717,165,1_664465549,1_7162,1774665900,1774664191,default
1774665011,1_59282,1_100072,181,1_721481569,1_7976037,1774665900,1774665900,default
1774665011,1_10210,1_100264,70,1_724577919,1_8232,1774665059,1774665162,default
1774665011,1_10912,40_100511,542,40_569576369,40_7976604,1774665660,1774665660,default
1774665011,1_10912,1_100162,271,1_569496769,1_7976668,1774666320,1774666320,default
1774665011,1_71960,40_100511,542,40_721031129,40_7976686,1774666440,1774666440,default
1774665011,1_10640,1_100252,62,1_736431319,1_7028,1774665420,1774664146,default
1774665011,1_8403,1_100039,14,1_562520349,1_7974992,1774665060,1774664666,default
1774665011,1_8403,1_100039,14,1_562520349,1_4319,1774665060,1774664666,default
1774665311,1_26560,1_102574,40,1_666070359,1_8155,1774664849,1774665402,default
1774665311,1_60161,1_100042,148,1_762077909,1_3738,1774666860,1774665191,default
1774665311,1_60161,1_100042,148,1_762077909,1_7976053,1774666860,1774666860,default
1774665311,1_2850,1_100089,2,1_548774899,1_7066,1774665420,1774663564,default
1774665311,1_2850,1_100089,2,1_548774909,1_7975117,1774666620,1774666620,default
1774665311,1_46505,1_102619,F Line,1_656237699,1_7976085,1774665780,1774665780,default
1774665311,1_52306,1_102619,F Line,1_656237619,1_7975998,1774665300,1774665704,default
1774665311,1_52306,1_102619,F Line,1_656237779,1_7976035,1774666200,1774666200,default
1774665311,1_52306,1_102719,161,1_635446369,1_7976089,1774666380,1774666380,default
1774665311,1_2200,1_100275,8,1_759808959,1_8041,1774666153,1774665403,default
1774665311,1_59282,1_102717,165,1_664465549,1_7162,1774665900,1774664191,default
1774665311,1_59282,1_100072,181,1_721481569,1_7196,1774665900,1774665085,default
1774665311,1_18580,1_100252,62,1_721368529,1_8064,1774665452,1774665430,default
1774665311,1_620,40_100239,550,40_597761959,40_9690,1774665960,1774665978,default
1774665311,1_10912,1_100264,70,1_724577849,1_8209,1774665445,1774665495,default
1774665311,1_10912,40_100511,542,40_569576369,40_7976604,1774665660,1774665660,default
1774665311,1_10912,1_100162,271,1_569496769,1_7976668,1774666320,1774666320,default
1774665311,1_71960,40_100511,542,40_721031129,40_7976686,1774666440,1774666440,default
1774665311,1_10640,1_100252,62,1_736431329,1_7974593,1774666320,1774666320,default
1774665611,1_62212,1_100060,168,1_770990409,1_7323,1774665631,1774665583,default
1774665611,1_60161,1_100042,148,1_762077909,1_3738,1774666860,1774665191,default
1774665611,1_320,40_594,594,40_681020,40_41511,1774666200,1774665749,default
1774665611,1_2850,1_100089,2,1_548774909,1_7105,1774666620,1774665275,default
1774665611,1_46505,1_102619,F Line,1_656237699,1_7976085,1774665780,1774665780,default
1774665611,1_52306,1_102619,F Line,1_656237619,1_7975998,1774665300,1774665797,default
1774665611,1_52306,1_102619,F Line,1_656237779,1_7976035,1774666200,1774666200,default
1774665611,1_52306,1_102719,161,1_635446369,1_7976089,1774666380,1774666380,default
1774665611,1_99254,40_594,594,40_2811020,40_9301,1774666053,1774665772,default
1774665611,1_59282,1_102717,165,1_664465549,1_7162,1774665900,1774664191,default
1774665611,1_59282,1_100072,181,1_721481569,1_7196,1774665900,1774665085,default
1774665611,1_620,40_100239,550,40_597761959,40_9690,1774665960,1774665747,default
1774665611,1_620,40_100240,554,40_774873559,40_9672,1774665840,1774665974,default
1774665611,1_10912,1_100162,271,1_569496769,1_7976668,1774666320,1774666320,default
1774665611,1_71960,40_100511,542,40_721031129,40_7976686,1774666440,1774666440,default
1774665611,1_71960,40_100511,542,40_721031059,40_7976608,1774667820,1774667820,default
1774665611,1_10640,1_100252,62,1_736431329,1_8002,1774666320,1774665500,default
1774665611,1_10640,1_100252,62,1_736431329,1_7974593,1774666320,1774666320,default
1774665911,1_60161,1_100042,148,1_762077909,1_3738,1774666860,1774665191,default
1774665911,1_320,40_594,594,40_681020,40_41511,1774666200,1774666010,default
1774665911,1_575,1_100001,1,1_562520429,1_4323,1774665480,1774665964,default
1774665911,1_2850,1_100089,2,1_548774909,1_7105,1774666620,1774665275,default
1774665911,1_46505,1_102619,F Line,1_656236319,1_7975999,1774666680,1774666680,default
1774665911,1_52306,1_102619,F Line,1_656237779,1_7976035,1774666200,1774666200,default
1774665911,1_52306,1_102719,161,1_635446369,1_7976089,1774666380,1774666380,default
1774665911,1_2260,1_100275,8,1_759808949,1_8050,1774665728,1774666085,default
1774665911,1_620,40_100236,545,40_563506229,40_7976564,1774666080,1774666177,default
1774665911,1_10912,1_100162,271,1_569496769,1_7976668,1774666320,1774666320,default
1774665911,1_71960,40_100511,542,40_721031129,40_7976686,1774666440,1774666440,default
1774665911,1_71960,40_100511,542,40_721031059,40_7976608,1774667820,1774667820,default
1774665911,1_10640,1_100252,62,1_736431329,1_8002,1774666320,1774665500,default
1774666211,1_60161,1_100042,148,1_762077909,1_3738,1774666860,1774665191,default
1774666211,1_8541,1_100263,7,1_770868689,1_8229,1774666140,1774666229,default
1774666211,1_320,40_100239,550,40_597762539,40_7976642,1774666260,1774666326,default
1774666211,1_575,1_100264,70,1_724577299,1_8247,1774666200,1774666249,default
1774666211,1_575,1_102576,C Line,1_774682129,1_6267,1774666020,1774666250,default
1774666211,1_2850,1_100089,2,1_548774909,1_7105,1774666620,1774665275,default
1774666211,1_46505,1_102619,F Line,1_656236319,1_6244,1774666680,1774666040,default
1774666211,1_46505,1_102619,F Line,1_656236319,1_7975999,1774666680,1774666680,default
1774666211,1_47660,1_102736,H Line,1_694056389,1_6073,1774666315,1774666189,default
1774666211,1_1190,40_100239,550,40_597761959,40_9690,1774666369,1774666220,default
1774666211,1_84810,1_102752,223,1_825197329,1_7459,1774666241,1774666286,default
1774666211,1_52306,1_102719,161,1_635446369,1_7976089,1774666380,1774666380,default
1774666211,1_52306,1_102619,F Line,1_656237049,1_7975997,1774667100,1774667100,default
1774666211,1_8530,1_100263,7,1_694070589,1_4533,1774665981,1774666321,default
1774666211,1_59872,1_102619,F Line,1_656236459,1_6227,1774666225,1774666380,default
1774666211,1_10912,40_100511,542,40_569577089,40_7976685,1774667580,1774667580,default
1774666211,1_10912,1_100162,271,1_569495969,1_7976387,1774668120,1774668120,default
1774666211,1_71960,40_100511,542,40_721031129,40_7976686,1774666440,1774666440,default
1774666211,1_71960,40_100511,542,40_721031059,40_7976608,1774667820,1774667820,default
1774666211,1_58144,1_102719,161,1_635446359,1_7466,1774666453,1774666310,default
1774666511,1_60161,1_100042,148,1_762077909,1_3738,1774666860,1774665191,default
1774666511,1_970,40_578,578,40_2489020,40_9215,1774666647,1774666537,default
1774666511,1_2850,1_100089,2,1_548774909,1_7105,1774666620,1774665275,default
1774666511,1_46505,1_102619,F Line,1_656236319,1_6244,1774666680,1774666040,default
1774666511,1_46505,1_102619,F Line,1_656237469,1_7976004,1774667580,1774667580,default
1774666511,1_52306,1_102619,F Line,1_656237049,1_7975997,1774667100,1774667100,default
1774666511,1_52306,1_102719,161,1_635446379,1_7976088,1774668180,1774668180,default
1774666511,1_16400,1_100252,62,1_721368529,1_8064,1774666667,1774666574,default
1774666511,1_41850,1_100249,60,1_689961799,1_7095,1774666197,1774666628,default
1774666511,1_620,40_100239,550,40_597761949,40_9660,1774666920,1774667248,default
1774666511,1_10912,40_100511,542,40_569577089,40_7976685,1774667580,1774667580,default
1774666511,1_10912,1_100162,271,1_569495969,1_7976387,1774668120,1774668120,default
1774666511,1_71960,40_100511,542,40_721031059,40_7976608,1774667820,1774667820,default
1774666511,1_10640,1_100252,62,1_736431339,1_7974597,1774667220,1774667551,default
1774666811,1_60161,1_100042,148,1_762077909,1_3738,1774666860,1774665191,default
1774666811,1_970,40_594,594,40_2436020,40_9735,1774667104,1774666851,default
1774666811,1_13830,1_100193,32,1_651767039,1_7974541,1774666144,1774666855,default
1774666811,1_2850,1_100089,2,1_548782529,1_7104,1774667940,1774666444,default
1774666811,1_46505,1_102619,F Line,1_656237469,1_7976004,1774667580,1774667580,default
1774666811,1_27420,1_100161,27,1_759819869,1_7059,1774666695,1774666895,default
1774666811,1_52306,1_102619,F Line,1_656237049,1_7975997,1774667100,1774667100,default
1774666811,1_52306,1_102719,161,1_635446379,1_7976088,1774668180,1774668180,default
1774666811,1_58112,1_102619,F Line,1_656237279,1_6277,1774666656,1774666939,default
1774666811,1_57804,1_100072,181,1_721481739,1_7130,1774667119,1774667226,default
1774666811,1_620,40_100239,550,40_597761949,40_9660,1774666920,1774667060,default
1774666811,1_10912,40_100511,542,40_569577089,40_7976685,1774667580,1774667580,default
1774666811,1_10912,1_100162,271,1_569495969,1_7976387,1774668120,1774668120,default
1774666811,1_71960,40_100511,542,40_721031059,40_7976608,1774667820,1774667820,default
1774666811,1_10640,1_100252,62,1_736431339,1_7974597,1774667220,1774667636,default
1774666811,1_10640,1_100252,62,1_736431349,1_7974610,1774668120,1774668120,default
1774667111,1_75890,1_102615,E Line,1_768604049,1_6208,1774667245,1774667055,default
1774667111,1_2850,1_100089,2,1_548782529,1_7104,1774667940,1774666444,default
1774667111,1_46505,1_102619,F Line,1_656237469,1_6288,1774667580,1774666789,default
1774667111,1_60477,1_100060,168,1_664468609,1_7466,1774667170,1774667126,default
1774667111,1_52306,1_102619,F Line,1_656237549,1_7976016,1774668000,1774668000,default
1774667111,1_52306,1_102719,161,1_635446379,1_7976088,1774668180,1774668180,default
1774667111,1_99254,40_594,594,40_2925020,40_41514,1774667673,1774667330,default
1774667111,1_45670,1_100210,36,1_625319389,1_7974960,1774667184,1774667208,default
1774667111,1_59282,1_100072,181,1_770980539,1_7402,1774667700,1774667700,default
1774667111,1_59282,1_102717,165,1_664465559,1_7976041,1774667880,1774667880,default
1774667111,1_59936,1_102720,160,1_664466969,1_7302,1774667251,1774667271,default
1774667111,1_620,40_100236,545,40_560092059,40_9658,1774667160,1774667314,default
1774667111,1_10912,40_100511,542,40_569577089,40_7976685,1774667580,1774667580,default
1774667111,1_10912,1_100162,271,1_569495969,1_7976387,1774668120,1774668120,default
1774667111,1_71960,40_100511,542,40_721031059,40_7976608,1774667820,1774667820,default
1774667111,1_10640,1_100252,62,1_736431339,1_7974597,1774667220,1774667575,default
1774667111,1_10640,1_100252,62,1_736431349,1_7974610,1774668120,1774668120,default
1774667411,1_2850,1_100089,2,1_548782529,1_7104,1774667940,1774666444,default
1774667411,1_46505,1_102619,F Line,1_656237469,1_6288,1774667580,1774666789,default
1774667411,1_46505,1_102619,F Line,1_656236469,1_7976083,1774668480,1774668480,default
1774667411,1_29423,1_102732,79,1_561369679,1_7975557,1774668600,1774668600,default
1774667411,1_58342,1_100072,181,1_721481569,1_7196,1774667160,1774667517,default
1774667411,3_31002,40_560,560,40_2742020,40_9203,1774667289,1774667528,default
1774667411,1_81199,1_100072,181,1_721481739,1_7130,1774667385,1774667477,default
1774667411,1_52306,1_102619,F Line,1_656237549,1_7976016,1774668000,1774668000,default
1774667411,1_52306,1_102719,161,1_635446379,1_7976088,1774668180,1774668180,default
1774667411,1_80121,1_102719,161,1_693754009,1_7323,1774667385,1774667518,default
1774667411,1_45670,1_100210,36,1_625319389,1_7974960,1774667184,1774667509,default
1774667411,1_65092,1_100162,271,1_720966519,1_7976349,1774668420,1774668420,default
1774667411,1_59282,1_102717,165,1_664465559,1_7476,1774667880,1774667266,default
1774667411,1_59282,1_100072,181,1_770980539,1_7402,1774667700,1774667700,default
1774667411,1_59282,1_102717,165,1_664465559,1_7976041,1774667880,1774667880,default
1774667411,1_25791,1_100214,372,1_694306379,1_6957,1774667018,1774667601,default
1774667411,1_620,40_594,594,40_2925020,40_41514,1774668060,1774667647,default
1774667411,1_10912,40_100511,542,40_569577089,40_7976685,1774667580,1774667580,default
1774667411,1_10912,1_100162,271,1_569495969,1_7976387,1774668120,1774668120,default
1774667411,1_71960,40_100511,542,40_721031059,40_7976608,1774667820,1774667820,default
1774667411,1_71960,40_100511,542,40_721031209,40_7976604,1774669440,1774669440,default
1774667411,1_10640,1_100252,62,1_736431349,1_8031,1774668120,1774667381,default
1774667411,1_10640,1_100252,62,1_736431349,1_7974610,1774668120,1774668120,default
1774667711,1_575,1_100210,36,1_630541389,1_4318,1774667940,1774667613,default
1774667711,1_2850,1_100089,2,1_548782529,1_7104,1774667940,1774666444,default
1774667711,1_46505,1_102619,F Line,1_656236469,1_7976083,1774668480,1774668480,default
1774667711,1_29423,1_102732,79,1_561369679,1_7975557,1774668600,1774668600,default
1774667711,1_280,40_100240,554,40_560098889,40_7976690,1774667725,1774667770,default
1774667711,1_52306,1_102619,F Line,1_656237549,1_7976016,1774668000,1774668000,default
1774667711,1_52306,1_102719,161,1_635446379,1_7976088,1774668180,1774668180,default
1774667711,1_45670,1_100210,36,1_630543909,1_7974912,1774667784,1774667807,default
1774667711,1_65092,1_100162,271,1_720966519,1_7338,1774668420,1774667472,default
1774667711,1_59282,1_102717,165,1_664465559,1_7476,1774667880,1774667266,default
1774667711,1_57791,1_102718,184,1_635442939,1_7353,1774667663,1774667890,default
1774667711,1_10912,1_100162,271,1_569495969,1_7976387,1774668120,1774668120,default
1774667711,1_10912,1_100162,271,1_569496349,1_7976351,1774669920,1774669920,default
1774667711,1_71960,40_100511,542,40_721031209,40_7976604,1774669440,1774669440,default
1774667711,1_10640,1_100252,62,1_736431359,1_8064,1774669020,1774667333,default
1774667711,1_10640,1_100252,62,1_736431349,1_8031,1774668120,1774667381,default
1774667711,1_8403,1_100039,14,1_562520849,1_4320,1774667640,1774667830,default
1774668011,1_12170,1_100039,14,1_562520849,1_4320,1774668159,1774668159,default
1774668011,1_85800,1_100196,331,1_778705889,1_7206,1774667994,1774668127,default
1774668011,1_320,40_100239,550,40_597762549,40_9690,1774668000,1774668089,default
1774668011,1_2850,1_100089,2,1_548774919,1_7975120,1774669080,1774669080,default
1774668011,1_46505,1_102619,F Line,1_656236469,1_7976083,1774668480,1774668480,default
1774668011,1_29423,1_102732,79,1_561369679,1_7975557,1774668600,1774668600,default
1774668011,1_280,40_100240,554,40_560098889,40_7976690,1774667725,1774668060,default
1774668011,1_74152,1_102753,222,1_774817999,1_7361,1774667957,1774668071,default
1774668011,1_52306,1_102719,161,1_635446379,1_7976088,1774668180,1774668180,default
1774668011,1_52306,1_102619,F Line,1_656237289,1_7976229,1774668900,1774668900,default
1774668011,1_8530,1_100263,7,1_694071379,1_4504,1774667781,1774668115,default
1774668011,1_71164,1_102753,222,1_774817679,1_7494,1774668113,1774668070,default
1774668011,1_57350,1_102720,160,1_664466969,1_7302,1774668180,1774668074,default
1774668011,1_65092,1_100162,271,1_720966519,1_7338,1774668420,1774667472,default
1774668011,1_59872,1_102619,F Line,1_656237619,1_6286,1774667125,1774668152,default
1774668011,1_25791,1_100214,372,1_694306089,1_6972,1774667918,1774668194,default
1774668011,1_10912,1_100162,271,1_569496349,1_7976351,1774669920,1774669920,default
1774668011,1_71960,40_100511,542,40_721031209,40_7976604,1774669440,1774669440,default
1774668011,1_10640,1_100252,62,1_736431359,1_8064,1774669020,1774667333,default
1774668311,1_970,40_578,578,40_1211020,40_9206,1774668447,1774668408,default
1774668311,1_320,40_594,594,40_3793020,40_9301,1774668660,1774668486,default
1774668311,1_575,1_102615,E Line,1_761418589,1_6049,1774668300,1774668350,default
1774668311,1_2850,1_100089,2,1_548774919,1_7975120,1774669080,1774669080,default
1774668311,1_2850,1_100089,2,1_548774929,1_7150,1774670340,1774670310,default
1774668311,1_46505,1_102619,F Line,1_656236469,1_7976083,1774668480,1774668480,default
1774668311,1_46505,1_102619,F Line,1_656237629,1_7975998,1774669380,1774669380,default
1774668311,1_29423,1_102732,79,1_561369679,1_7975557,1774668600,1774668600,default
1774668311,1_68130,1_102548,B Line,1_721019429,1_6044,1774668141,1774668396,default
1774668311,1_52306,1_102619,F Line,1_656237289,1_7976229,1774668900,1774668900,default
1774668311,1_52306,1_102719,161,1_635446389,1_7976218,1774670040,1774670040,default
1774668311,1_8530,1_100005,106,1_727784969,1_7140,1774668197,1774668419,default
1774668311,1_58112,1_102619,F Line,1_656236319,1_6244,1774668321,1774668454,default
1774668311,1_65092,1_100162,271,1_720966519,1_7338,1774668420,1774667472,default
1774668311,1_57804,1_100072,181,1_721482039,1_7453,1774668859,1774668701,default
1774668311,1_57420,1_102720,160,1_664466969,1_7302,1774668520,1774668384,default
1774668311,1_620,40_100236,545,40_560092079,40_9816,1774668360,1774668526,default
1774668311,1_10912,1_100264,70,1_724577389,1_7975067,1774668265,1774668476,default
1774668311,1_10912,40_100511,542,40_569577119,40_7976686,1774669380,1774669380,default
1774668311,1_10912,1_100162,271,1_569496349,1_7976351,1774669920,1774669920,default
1774668311,1_71960,40_100511,542,40_721031209,40_7976604,1774669440,1774669440,default
1774668311,1_10640,1_100252,62,1_736431359,1_8064,1774669020,1774667333,default
1774668611,1_103,1_102745,G Line,1_736436399,1_6403,1774667986,1774668632,default
1774668611,1_64569,1_100162,271,1_569495959,1_7335,1774668674,1774668561,default
1774668611,1_64569,1_100162,271,1_569495959,1_7976350,1774668674,1774668674,default
1774668611,1_2850,1_100089,2,1_548774929,1_7150,1774670340,1774668282,default
1774668611,1_2850,1_100089,2,1_548774919,1_7080,1774669080,1774668285,default
1774668611,1_46505,1_102619,F Line,1_656237629,1_7975998,1774669380,1774669380,default
1774668611,1_27420,1_100249,60,1_689961769,1_7139,1774668248,1774668740,default
1774668611,1_52306,1_102619,F Line,1_656237289,1_7976229,1774668900,1774668900,default
1774668611,1_52306,1_102719,161,1_635446389,1_7976218,1774670040,1774670040,default
1774668611,1_99254,1_100045,150,1_693748679,1_8183,1774668760,1774668763,default
1774668611,1_9605,1_100259,67,1_657908859,1_7975674,1774668540,1774668735,default
1774668611,1_59282,1_100072,181,1_721481749,1_7130,1774669500,1774668494,default
1774668611,1_59282,1_100072,181,1_721481749,1_7976082,1774669500,1774669500,default
1774668611,1_85531,1_102757,187,1_762095209,1_7976065,1774668780,1774668671,default
1774668611,1_10912,40_100511,542,40_569577119,40_7976686,1774669380,1774669380,default
1774668611,1_10912,1_100162,271,1_569496349,1_7976351,1774669920,1774669920,default
1774668611,1_71960,40_100511,542,40_721031209,40_7976604,1774669440,1774669440,default
1774668611,1_10640,1_100252,62,1_736431359,1_8064,1774669020,1774667333,default
1774668611,1_10640,1_100252,62,1_736431369,1_7974590,1774669920,1774669920,default
1774668911,1_2850,1_100089,2,1_548774929,1_7150,1774670340,1774668282,default
1774668911,1_2850,1_100089,2,1_548774919,1_7080,1774669080,1774668285,default
1774668911,1_46505,1_102619,F Line,1_656237629,1_7975998,1774669380,1774669380,default
1774668911,1_52306,1_102619,F Line,1_656237709,1_7976085,1774669800,1774669800,default
1774668911,1_52306,1_102719,161,1_635446389,1_7976218,1774670040,1774670040,default
1774668911,1_99254,40_594,594,40_2467020,40_9719,1774669216,1774669018,default
1774668911,1_58112,1_100045,150,1_762102469,1_8114,1774669068,1774669022,default
1774668911,1_2200,1_102581,D Line,1_732749439,1_6096,1774668925,1774669061,default
1774668911,1_59282,1_100072,181,1_721481749,1_7130,1774669500,1774668494,default
1774668911,1_59282,1_102717,165,1_664465569,1_7976043,1774669680,1774669680,default
1774668911,1_620,1_100045,150,1_693748679,1_8183,1774669140,1774669012,default
1774668911,1_620,40_100239,550,40_597762299,40_9656,1774668840,1774669307,default
1774668911,1_10912,1_100264,70,1_724578089,1_7975074,1774668985,1774669094,default
1774668911,1_10912,40_100511,542,40_569577119,40_7976686,1774669380,1774669380,default
1774668911,1_10912,1_100162,271,1_569496349,1_7976351,1774669920,1774669920,default
1774668911,1_71960,40_100511,542,40_721031209,40_7976604,1774669440,1774669440,default
1774668911,1_10640,1_100252,62,1_736431369,1_7974590,1774669920,1774669920,default
1774669211,1_60161,1_100042,148,1_762078249,1_3735,1774670700,1774668915,default
1774669211,1_2850,1_100089,2,1_548774929,1_7150,1774670340,1774668282,default
1774669211,1_46505,1_102619,F Line,1_656237629,1_7975998,1774669380,1774669380,default
1774669211,1_46505,1_102619,F Line,1_656237789,1_7976035,1774670280,1774670280,default
1774669211,1_52306,1_102619,F Line,1_656237709,1_7976085,1774669800,1774669800,default
1774669211,1_52306,1_102719,161,1_635446389,1_7976218,1774670040,1774670040,default
1774669211,1_70665,1_100136,245,1_761787899,1_7456,1774669381,1774669273,default
1774669211,1_59282,1_100072,181,1_721481749,1_7130,1774669500,1774668494,default
1774669211,1_59282,1_102717,165,1_664465569,1_7976043,1774669680,1774669680,default
1774669211,1_7690,1_102615,E Line,1_761418589,1_6049,1774669459,1774669330,default
1774669211,1_57791,1_102718,184,1_664480869,1_7340,1774669477,1774669416,default
1774669211,1_620,40_594,594,40_2467020,40_9719,1774669560,1774669355,default
1774669211,1_620,40_100240,554,40_774873819,40_9811,1774669560,1774669577,default
1774669211,1_10912,40_100511,542,40_569577119,40_9671,1774669380,1774669222,default
1774669211,1_10912,40_100511,542,40_569577119,40_7976686,1774669380,1774669380,default
1774669211,1_10912,1_100162,271,1_569496349,1_7976351,1774669920,1774669920,default
1774669211,1_71960,40_100511,542,40_721031209,40_7976604,1774669440,1774669440,default
1774669211,1_71960,40_100511,542,40_721031379,40_7976685,1774671240,1774671240,default
1774669211,1_10640,1_100252,62,1_736431369,1_8028,1774669920,1774669116,default
1774669211,1_10640,1_100252,62,1_736431369,1_7974590,1774669920,1774669920,default
1774669511,1_60161,1_100042,148,1_762078249,1_3735,1774670700,1774668915,default
1774669511,1_2850,1_100089,2,1_548774929,1_7150,1774670340,1774668282,default
1774669511,1_2850,1_100089,2,1_548774939,1_7029,1774671600,1774669148,default
1774669511,1_46505,1_102619,F Line,1_656237789,1_7976035,1774670280,1774670280,default
1774669511,1_1510,1_100210,36,1_630543909,1_4373,1774669194,1774669589,default
1774669511,1_52306,1_102619,F Line,1_656237709,1_7976085,1774669800,1774669800,default
1774669511,1_52306,1_102719,161,1_635446389,1_7976218,1774670040,1774670040,default
1774669511,1_99254,1_100003,101,1_693748069,1_8176,1774669702,1774669649,default
1774669511,1_7750,1_102615,E Line,1_761418589,1_6049,1774669626,1774669586,default
1774669511,1_2200,1_102581,D Line,1_732748439,1_6095,1774669825,1774669708,default
1774669511,1_59282,1_102717,165,1_664465569,1_7310,1774669680,1774669430,default
1774669511,1_59282,1_102717,165,1_664465569,1_7976043,1774669680,1774669680,default
1774669511,1_81749,40_100240,554,40_560097169,40_9688,1774668522,1774669655,default
1774669511,1_10912,1_100162,271,1_569496349,1_7976351,1774669920,1774669920,default
1774669511,1_10912,40_100511,542,40_569578019,40_7976608,1774671300,1774671300,default
1774669511,1_10912,1_100162,271,1_569497039,1_7976352,1774671720,1774671720,default
1774669511,1_71960,40_100511,542,40_721031379,40_7976685,1774671240,1774671240,default
1774669511,1_10640,1_100252,62,1_736431369,1_8028,1774669920,1774669116,default
1774669811,1_22196,1_102736,H Line,1_694056309,1_6047,1774669599,1774669826,default
1774669811,1_10950,1_100447,49,1_650118709,1_7040,1774669840,1774669788,default
1774669811,1_60161,1_100042,148,1_762078249,1_3735,1774670700,1774668915,default
1774669811,1_12770,1_100228,48,1_721360099,1_8000,1774669647,1774669842,default
1774669811,1_320,40_100239,550,40_597762529,40_9660,1774669800,1774669889,default
1774669811,1_320,40_594,594,40_285020,40_41602,1774670040,1774669933,default
1774669811,1_2850,1_100089,2,1_548774929,1_7150,1774670340,1774668282,default
1774669811,1_2850,1_100089,2,1_548774939,1_7029,1774671600,1774669148,default
1774669811,1_46505,1_102619,F Line,1_656237789,1_7976035,1774670280,1774670280,default
1774669811,1_52306,1_102719,161,1_635446389,1_7976218,1774670040,1774670040,default
1774669811,1_52306,1_102619,F Line,1_656236329,1_7975999,1774670700,1774670700,default
1774669811,1_21945,1_102717,165,1_635443609,1_7478,1774669740,1774669903,default
1774669811,1_60710,1_100512,A Line,1_721482989,1_6229,1774670015,1774670002,default
1774669811,1_10912,40_100511,542,40_569578019,40_7976608,1774671300,1774671300,default
1774669811,1_10912,1_100162,271,1_569497039,1_7976352,1774671720,1774671720,default
1774669811,1_71960,40_100511,542,40_721031379,40_7976685,1774671240,1774671240,default
1774669811,1_8403,1_100039,14,1_562520889,1_4320,1774670040,1774670003,default
1774670111,1_12170,1_100039,14,1_562520469,1_4329,1774669779,1774670117,default
1774670111,1_60161,1_100042,148,1_762078249,1_3735,1774670700,1774668915,default
1774670111,1_2850,1_100089,2,1_548774929,1_7150,1774670340,1774668282,default
1774670111,1_2850,1_100089,2,1_548774939,1_7029,1774671600,1774669148,default
1774670111,1_46505,1_102619,F Line,1_656237789,1_6010,1774670280,1774669859,default
1774670111,1_46505,1_102619,F Line,1_656237789,1_7976035,1774670280,1774670280,default
1774670111,1_46505,1_102619,F Line,1_656237059,1_7975997,1774671180,1774671180,default
1774670111,1_52306,1_102619,F Line,1_656236329,1_7975999,1774670700,1774670700,default
1774670111,1_52306,1_102719,161,1_635446399,1_7976220,1774671900,1774671900,default
1774670111,1_10912,40_100511,542,40_569578019,40_7976608,1774671300,1774671300,default
1774670111,1_10912,1_100162,271,1_569497039,1_7976352,1774671720,1774671720,default
1774670111,1_71960,40_100511,542,40_721031379,40_7976685,1774671240,1774671240,default
1774670111,1_10640,1_100252,62,1_736431379,1_7974599,1774671780,1774671780,default
1774670411,1_60161,1_100042,148,1_762078249,1_3735,1774670700,1774668915,default
1774670411,1_2850,1_100089,2,1_548774939,1_7029,1774671600,1774669148,default
1774670411,1_2850,1_100089,2,1_548774949,1_7090,1774672740,1774670292,default
1774670411,1_2850,1_100089,2,1_548774949,1_7975114,1774672740,1774672740,default
1774670411,1_46505,1_102619,F Line,1_656237059,1_7975997,1774671180,1774671180,default
1774670411,1_52306,1_102619,F Line,1_656236329,1_7975999,1774670700,1774670700,default
1774670411,1_52306,1_102719,161,1_635446399,1_7976220,1774671900,1774671900,default
1774670411,1_57804,1_100072,181,1_721481579,1_7163,1774670659,1774670610,default
1774670411,1_620,40_100239,550,40_597762289,40_9659,1774670640,1774671090,default
1774670411,1_10912,40_100511,542,40_569578019,40_7976608,1774671300,1774671300,default
1774670411,1_10912,1_100162,271,1_569497039,1_7976352,1774671720,1774671720,default
1774670411,1_71960,40_100511,542,40_721031379,40_7976685,1774671240,1774671240,default
1774670411,1_10640,1_100252,62,1_736431379,1_7974599,1774671780,1774671780,default
1774670711,1_2850,1_100089,2,1_548774939,1_7029,1774671600,1774669148,default
1774670711,1_2850,1_100089,2,1_548774949,1_7090,1774672740,1774670292,default
1774670711,1_8080,1_100263,7,1_770870859,1_8205,1774670807,1774670664,default
1774670711,1_46505,1_102619,F Line,1_656237059,1_6008,1774671180,1774670530,default
1774670711,1_46505,1_102619,F Line,1_656237059,1_7975997,1774671180,1774670530,default
1774670711,1_29423,1_102732,79,1_561369649,1_7975558,1774672200,1774672200,default
1774670711,3_31002,40_560,560,40_370020,40_9213,1774670829,1774670858,default
1774670711,1_52306,1_102619,F Line,1_656237479,1_7976004,1774671600,1774671600,default
1774670711,1_52306,1_102719,161,1_635446399,1_7976220,1774671900,1774671900,default
1774670711,1_99254,40_594,594,40_2195020,40_9205,1774671016,1774670872,default
1774670711,1_49350,1_100026,128,1_651742919,1_7315,1774670517,1774670867,default
1774670711,1_620,40_100240,554,40_774873879,40_9652,1774671480,1774671134,default
1774670711,1_10912,40_100511,542,40_569578019,40_7976608,1774671300,1774671300,default
1774670711,1_10912,1_100162,271,1_569497039,1_7976352,1774671720,1774671720,default
1774670711,1_71960,40_100511,542,40_721031379,40_7976685,1774671240,1774671240,default
1774670711,1_10640,1_100252,62,1_736431379,1_8084,1774671780,1774670551,default
1774671011,1_62212,1_100060,168,1_770990399,1_7351,1774671045,1774670974,default
1774671011,1_2850,1_100089,2,1_548774939,1_7029,1774671600,1774669148,default
1774671011,1_2850,1_100089,2,1_548774949,1_7090,1774672740,1774670292,default
1774671011,1_46505,1_102619,F Line,1_656237059,1_6008,1774671180,1774670530,default
1774671011,1_46505,1_102619,F Line,1_656237559,1_7976016,1774672140,1774672140,default
1774671011,1_29423,1_102732,79,1_561369649,1_7975558,1774672200,1774672200,default
1774671011,1_79877,1_100162,271,1_569495969,1_7329,1774671092,1774671069,default
1774671011,1_52306,40_560,560,40_370020,40_9213,1774671420,1774671147,default
1774671011,1_52306,1_102619,F Line,1_656237479,1_7976004,1774671600,1774671600,default
1774671011,1_52306,1_102719,161,1_635446399,1_7976220,1774671900,1774671900,default
1774671011,1_65092,1_100162,271,1_720966689,1_6976,1774672080,1774670905,default
1774671011,1_620,40_100240,554,40_774873879,40_9652,1774671480,1774671150,default
1774671011,1_620,40_594,594,40_2195020,40_9205,1774671360,1774671216,default
1774671011,1_10912,40_100511,542,40_569578019,40_7976608,1774671300,1774671300,default
1774671011,1_10912,1_100162,271,1_569497039,1_7976352,1774671720,1774671720,default
1774671011,1_71960,40_100511,542,40_721031379,40_7976685,1774671240,1774671240,default
1774671011,1_10640,1_100252,62,1_736431379,1_8084,1774671780,1774670551,default
1774671311,1_26560,1_102574,40,1_628200309,1_8252,1774670822,1774671393,default
1774671311,1_970,40_594,594,40_2021020,40_9719,1774671604,1774671314,default
1774671311,1_575,1_102615,E Line,1_768604219,1_6203,1774671360,1774671355,default
1774671311,1_2850,1_100089,2,1_548774939,1_7029,1774671600,1774669148,default
1774671311,1_2850,1_100089,2,1_548774949,1_7090,1774672740,1774670292,default
1774671311,1_46505,1_102619,F Line,1_656237559,1_7976016,1774672140,1774672140,default
1774671311,1_29423,1_102732,79,1_561369649,1_7975558,1774672200,1774672200,default
1774671311,1_280,40_594,594,40_2021020,40_9719,1774671663,1774671373,default
1774671311,1_52306,1_102619,F Line,1_656237479,1_7976004,1774671600,1774671600,default
1774671311,1_52306,1_102719,161,1_635446399,1_7976220,1774671900,1774671900,default
1774671311,1_52306,1_102619,F Line,1_656236479,1_7976083,1774672500,1774672500,default
1774671311,1_58112,1_102619,F Line,1_656237629,1_6286,1774670961,1774671442,default
1774671311,1_40030,1_102574,40,1_761403959,1_8104,1774671500,1774671441,default
1774671311,1_65092,1_100162,271,1_720966689,1_6976,1774672080,1774670905,default
1774671311,1_49630,1_100031,132,1_721369669,1_7044,1774671003,1774671421,default
1774671311,1_60710,1_100512,A Line,1_721483009,1_6234,1774671455,1774671491,default
1774671311,1_10912,1_100162,271,1_569497039,1_7976352,1774671720,1774671720,default
1774671311,1_10912,40_100511,542,40_569577989,40_7976604,1774673100,1774673100,default
1774671311,1_10912,1_100162,271,1_569495709,1_7976354,1774673520,1774673520,default
1774671311,1_10640,1_100252,62,1_736431379,1_8084,1774671780,1774670551,default
1774671611,1_77930,1_102746,333,1_778704349,1_7256,1774671539,1774671625,default
1774671611,1_320,40_100239,550,40_597762909,40_9656,1774671540,1774671666,default
1774671611,1_320,40_594,594,40_2021020,40_9719,1774671840,1774671676,default
1774671611,1_2850,1_100089,2,1_548774949,1_7090,1774672740,1774670292,default
1774671611,1_46505,1_102619,F Line,1_656237559,1_7976016,1774672140,1774672140,default
1774671611,1_29423,1_102732,79,1_561369649,1_7975558,1774672200,1774672200,default
1774671611,1_68130,1_102548,B Line,1_721019669,1_6028,1774671469,1774671679,default
1774671611,1_52306,1_102719,161,1_635446399,1_7976220,1774671900,1774671900,default
1774671611,1_52306,1_102619,F Line,1_656236479,1_7976083,1774672500,1774672500,default
1774671611,1_52306,1_102719,161,1_635446409,1_7976090,1774673760,1774673760,default
1774671611,1_65092,1_100162,271,1_720966689,1_6976,1774672080,1774670905,default
1774671611,1_9030,1_100263,7,1_770868619,1_4533,1774671782,1774671710,default
1774671611,1_10912,1_100264,70,1_724577129,1_7975077,1774671385,1774671774,default
1774671611,1_10912,40_100511,542,40_569577989,40_7976604,1774673100,1774673100,default
1774671611,1_10912,1_100162,271,1_569495709,1_7976354,1774673520,1774673520,default
1774671611,1_10640,1_100252,62,1_736431379,1_8084,1774671780,1774670551,default
1774671611,1_8403,1_100039,14,1_562520569,1_4329,1774671780,1774671763,default
1774671611,1_76310,40_100232,522,40_635897069,40_9657,1774671687,1774671795,default
1774671911,1_12170,1_100039,14,1_562520539,1_4323,1774671579,1774672037,default
1774671911,1_970,40_578,578,40_2633020,40_9722,1774672047,1774671969,default
1774671911,1_575,1_100001,1,1_562520879,1_4320,1774671360,1774671964,default
1774671911,1_2850,1_100089,2,1_548774949,1_7090,1774672740,1774670292,default
1774671911,1_2850,1_100089,2,1_662785319,1_7193,1774673520,1774671851,default
1774671911,1_2850,1_100089,2,1_662785319,1_7975110,1774673520,1774673520,default
1774671911,1_46505,1_102619,F Line,1_656237559,1_7976016,1774672140,1774672140,default
1774671911,1_46505,1_102619,F Line,1_656237299,1_7976229,1774673040,1774673040,default
1774671911,1_29423,1_102732,79,1_561369649,1_7975558,1774672200,1774672200,default
1774671911,1_27420,1_100249,60,1_689961759,1_7067,1774671756,1774671994,default
1774671911,1_52306,1_102619,F Line,1_656236479,1_7976083,1774672500,1774672500,default
1774671911,1_52306,1_102719,161,1_635446409,1_7976090,1774673760,1774673760,default
1774671911,1_21945,1_102717,165,1_664465569,1_7310,1774672020,1774671979,default
1774671911,1_65092,1_100162,271,1_720966689,1_6976,1774672080,1774670905,default
1774671911,1_59282,1_100072,181,1_721481589,1_7163,1774672860,1774671851,default
1774671911,1_50787,1_100074,183,1_770995319,1_7063,1774672020,1774672074,default
1774671911,1_620,40_100236,545,40_560092309,40_7976567,1774672080,1774672080,default
1774671911,1_620,40_100236,545,40_560092309,40_9685,1774672080,1774672141,default
1774671911,1_10912,1_100224,44,1_664046729,1_8227,1774671997,1774672086,default
1774671911,1_10912,40_100511,542,40_569577989,40_7976604,1774673100,1774673100,default
1774671911,1_10912,1_100162,271,1_569495709,1_7976354,1774673520,1774673520,default
1774671911,1_10640,1_100252,62,1_736431389,1_7974596,1774673580,1774673580,default
1774672211,1_26560,1_102574,40,1_761403819,1_8295,1774671662,1774672289,default
1774672211,1_2850,1_100089,2,1_548774949,1_7090,1774672740,1774670292,default
1774672211,1_2850,1_100089,2,1_662785319,1_7193,1774673520,1774671851,default
1774672211,1_46505,1_102619,F Line,1_656237299,1_7976229,1774673040,1774673040,default
1774672211,1_52306,1_102619,F Line,1_656236479,1_7976083,1774672500,1774672500,default
1774672211,1_52306,1_102619,F Line,1_656237639,1_7975998,1774673400,1774673400,default
1774672211,1_52306,1_102719,161,1_635446409,1_7976090,1774673760,1774673760,default
1774672211,1_65092,1_100162,271,1_569495969,1_7976387,1774672680,1774672287,default
1774672211,1_59282,1_100072,181,1_721481589,1_7163,1774672860,1774671851,default
1774672211,1_59872,1_102619,F Line,1_656236329,1_6244,1774672345,1774672287,default
1774672211,1_620,40_100239,550,40_597762559,40_9690,1774672440,1774672682,default
1774672211,1_10912,1_100264,70,1_724577819,1_7975072,1774672165,1774672378,default
1774672211,1_10912,40_100511,542,40_569577989,40_7976604,1774673100,1774673100,default
1774672211,1_10912,1_100162,271,1_569495709,1_7976354,1774673520,1774673520,default
1774672211,1_10640,1_100252,62,1_736431389,1_8015,1774673580,1774672194,default
1774672211,1_10640,1_100252,62,1_736431389,1_7974596,1774673580,1774673580,default
1774672512,1_575,1_102576,C Line,1_774680539,1_6256,1774672200,1774672582,default
1774672512,1_2850,1_100089,2,1_548774949,1_7090,1774672740,1774670292,default
1774672512,1_2850,1_100089,2,1_662785319,1_7193,1774673520,1774671851,default
1774672512,1_46505,1_102619,F Line,1_656237299,1_7976229,1774673040,1774673040,default
1774672512,1_52306,1_102619,F Line,1_656237639,1_7975998,1774673400,1774673400,default
1774672512,1_52306,1_102719,161,1_635446409,1_7976090,1774673760,1774673760,default
1774672512,1_59282,1_100072,181,1_721481589,1_7163,1774672860,1774671851,default
1774672512,1_59282,1_102717,165,1_664465579,1_7976040,1774673280,1774673280,default
1774672512,1_10912,40_100511,542,40_569577989,40_7976604,1774673100,1774673100,default
1774672512,1_10912,1_100162,271,1_569495709,1_7976354,1774673520,1774673520,default
1774672512,1_10640,1_100252,62,1_736431389,1_8015,1774673580,1774672194,default
1774672812,1_51551,1_102736,H Line,1_694056539,1_6060,1774672897,1774672865,default
1774672812,1_60161,1_100042,148,1_762078079,1_7976054,1774674480,1774674480,default
1774672812,1_575,1_100028,13,1_548773999,1_7029,1774672800,1774672882,default
1774672812,1_2850,1_100089,2,1_662785319,1_7193,1774673520,1774671851,default
1774672812,1_2850,1_100089,2,1_491948619,1_7975119,1774674600,1774674600,default
1774672812,1_46505,1_102619,F Line,1_656237299,1_7976229,1774673040,1774673040,default
1774672812,1_46505,1_102619,F Line,1_656237719,1_7976085,1774673940,1774673940,default
1774672812,1_70832,1_100136,245,1_765953369,1_7469,1774672869,1774672803,default
1774672812,1_52306,1_102619,F Line,1_656237639,1_7975998,1774673400,1774673400,default
1774672812,1_52306,1_102719,161,1_635446409,1_7976090,1774673760,1774673760,default
1774672812,1_80121,1_102719,161,1_635446769,1_7351,1774672594,1774672915,default
1774672812,1_99254,40_594,594,40_1107020,40_9713,1774672816,1774672914,default
1774672812,1_58112,1_102619,F Line,1_656237059,1_6008,1774672761,1774672961,default
1774672812,1_59282,1_102717,165,1_664465579,1_7976040,1774673280,1774673280,default
1774672812,1_10912,40_100511,542,40_569577989,40_7976604,1774673100,1774673100,default
1774672812,1_10912,1_100162,271,1_569495709,1_7976354,1774673520,1774673520,default
1774672812,1_10912,40_100511,542,40_569578009,40_7976685,1774674900,1774674900,default
1774672812,1_10640,1_100252,62,1_736431389,1_8015,1774673580,1774672194,default
1774673112,1_60161,1_100042,148,1_762078079,1_3715,1774674480,1774672932,default
1774673112,1_60161,1_100042,148,1_762078079,1_7976054,1774674480,1774674480,default
1774673112,1_320,40_594,594,40_2727020,40_9205,1774673640,1774673221,default
1774673112,1_575,1_102615,E Line,1_761418509,1_7975626,1774673160,1774673160,default
1774673112,1_2850,1_100089,2,1_662785319,1_7193,1774673520,1774671851,default
1774673112,1_2850,1_100089,2,1_491948619,1_7066,1774674600,1774672881,default
1774673112,1_2850,1_100089,2,1_491948619,1_7975119,1774674600,1774674600,default
1774673112,1_46505,1_102619,F Line,1_656237719,1_7976085,1774673940,1774673940,default
1774673112,1_27420,1_100249,60,1_689961859,1_7088,1774672896,1774673200,default
1774673112,1_52306,1_102619,F Line,1_656237639,1_7975998,1774673400,1774673400,default
1774673112,1_52306,1_102719,161,1_635446409,1_7976090,1774673760,1774673760,default
1774673112,1_52306,1_102619,F Line,1_656236499,1_7976035,1774674300,1774674300,default
1774673112,1_59282,1_102717,165,1_664465579,1_7478,1774673280,1774672883,default
1774673112,1_10912,1_100162,271,1_569495709,1_7976354,1774673520,1774673520,default
1774673112,1_10912,40_100511,542,40_569578009,40_7976685,1774674900,1774674900,default
1774673112,1_10912,1_100162,271,1_569496389,1_7976349,1774675320,1774675320,default
1774673112,1_71960,40_100511,542,40_721031109,40_7976608,1774673940,1774673940,default
1774673112,1_10640,1_100252,62,1_736431389,1_8015,1774673580,1774672194,default
1774673412,1_77930,1_102746,333,1_778704359,1_7222,1774673339,1774673474,default
1774673412,1_60161,1_100042,148,1_762078079,1_3715,1774674480,1774672932,default
1774673412,1_320,40_100239,550,40_597762929,40_9659,1774673340,1774673451,default
1774673412,1_575,1_102576,C Line,1_774680169,1_6254,1774673100,1774673490,default
1774673412,1_2850,1_100089,2,1_662785319,1_7193,1774673520,1774671851,default
1774673412,1_2850,1_100089,2,1_491948619,1_7066,1774674600,1774672881,default
1774673412,1_46505,1_102619,F Line,1_656237719,1_7976085,1774673940,1774673940,default
1774673412,1_46505,1_102619,F Line,1_656237489,1_7975999,1774675740,1774675740,default
1774673412,1_23530,1_100259,67,1_724949189,1_8126,1774673344,1774673459,default
1774673412,1_73366,1_102548,B Line,1_721019229,1_6953,1774673340,1774673489,default
1774673412,1_84810,1_102752,223,1_825197369,1_7459,1774673176,1774673487,default
1774673412,1_52306,1_102719,161,1_635446409,1_7976090,1774673760,1774673760,default
1774673412,1_52306,1_102619,F Line,1_656236499,1_7976035,1774674300,1774674300,default
1774673412,1_52306,1_102719,161,1_635446419,1_7976094,1774675560,1774675560,default
1774673412,1_9030,1_100263,7,1_770869319,1_4504,1774673582,1774673527,default
1774673412,1_10912,40_100511,542,40_569578009,40_7976685,1774674900,1774674900,default
1774673412,1_10912,1_100162,271,1_569496389,1_7976349,1774675320,1774675320,default
1774673412,1_71960,40_100511,542,40_721031109,40_7976608,1774673940,1774673940,default
1774673412,1_10640,1_100252,62,1_736431389,1_8015,1774673580,1774672194,default
1774673712,1_60161,1_100042,148,1_762078079,1_3715,1774674480,1774672932,default
1774673712,1_970,1_100003,101,1_762102059,1_8176,1774673412,1774673733,default
1774673712,1_970,40_578,578,40_326020,40_9715,1774673847,1774673759,default
1774673712,1_75890,1_102615,E Line,1_768604219,1_6203,1774673747,1774673710,default
1774673712,1_2850,1_100089,2,1_491948619,1_7066,1774674600,1774672881,default
1774673712,1_46505,1_102619,F Line,1_656237719,1_7976085,1774673940,1774673940,default
1774673712,1_46505,1_102619,F Line,1_656237489,1_7975999,1774675740,1774675740,default
1774673712,1_76024,1_102702,239,1_736529389,1_3706,1774673574,1774673776,default
1774673712,1_52306,1_102619,F Line,1_656236499,1_7976035,1774674300,1774674300,default
1774673712,1_52306,1_102719,161,1_635446419,1_7976094,1774675560,1774675560,default
1774673712,1_58112,1_102619,F Line,1_656237559,1_6239,1774673721,1774673841,default
1774673712,1_620,40_100236,545,40_560092319,40_7976564,1774673880,1774673880,default
1774673712,1_10912,40_100511,542,40_569578009,40_7976685,1774674900,1774674900,default
1774673712,1_10912,1_100162,271,1_569496389,1_7976349,1774675320,1774675320,default
1774673712,1_71960,40_100511,542,40_721031109,40_7976608,1774673940,1774673940,default
1774673712,1_10640,1_100252,62,1_736431399,1_7028,1774675380,1774673714,default
1774673712,1_10640,1_100252,62,1_736431399,1_7974603,1774675380,1774675380,default
1774674012,1_60161,1_100042,148,1_762078079,1_3715,1774674480,1774672932,default
1774674012,1_2850,1_100089,2,1_491948619,1_7066,1774674600,1774672881,default
1774674012,1_2850,1_100089,2,1_491929149,1_7975117,1774675500,1774675500,default
1774674012,1_46505,1_102619,F Line,1_656237489,1_7975999,1774675740,1774675740,default
1774674012,1_2320,1_100001,1,1_562520559,1_4329,1774673504,1774674108,default
1774674012,1_52306,1_102619,F Line,1_656236499,1_7976035,1774674300,1774674300,default
1774674012,1_52306,1_102719,161,1_635446419,1_7976094,1774675560,1774675560,default
1774674012,1_9605,1_100259,67,1_657908589,1_7975673,1774673940,1774674147,default
1774674012,1_2200,1_102581,D Line,1_769850589,1_6105,1774674132,1774674188,default
1774674012,1_59872,1_102619,F Line,1_656236479,1_6227,1774674145,1774674108,default
1774674012,1_14280,1_102581,D Line,1_585677969,1_6095,1774674218,1774674096,default
1774674012,1_620,40_100236,545,40_560092319,40_9812,1774673880,1774674237,default
1774674012,1_10912,40_100511,542,40_569578009,40_7976685,1774674900,1774674900,default
1774674012,1_10912,1_100162,271,1_569496389,1_7976349,1774675320,1774675320,default
1774674012,1_10640,1_100252,62,1_736431399,1_7028,1774675380,1774673714,default
1774674312,1_60161,1_100042,148,1_762078079,1_3715,1774674480,1774672932,default
1774674312,1_2850,1_100089,2,1_491948619,1_7066,1774674600,1774672881,default
1774674312,1_2850,1_100089,2,1_491929149,1_7105,1774675500,1774674229,default
1774674312,1_2850,1_100089,2,1_491929149,1_7975117,1774675500,1774675500,default
1774674312,1_46505,1_102619,F Line,1_656237489,1_6244,1774675740,1774674034,default
1774674312,1_52306,1_102719,161,1_635446419,1_7976094,1774675560,1774675560,default
1774674312,1_29650,1_100224,44,1_664046579,1_8227,1774674483,1774674345,default
1774674312,1_76312,1_102705,230,1_664299009,1_7447,1774674557,1774674436,default
1774674312,1_57804,1_100072,181,1_762073779,1_7402,1774674259,1774674479,default
1774674312,1_21080,1_100249,60,1_649509429,1_7095,1774674240,1774674458,default
1774674312,1_25791,1_100214,372,1_694307059,1_6951,1774674196,1774674488,default
1774674312,1_620,1_100045,150,1_693749439,1_8173,1774674420,1774674514,default
1774674312,1_620,40_100239,550,40_597763079,40_9660,1774674180,1774674692,default
1774674312,1_10912,40_100511,542,40_569578009,40_7976685,1774674900,1774674900,default
1774674312,1_10912,1_100162,271,1_569496389,1_7976349,1774675320,1774675320,default
1774674312,1_10640,1_100252,62,1_736431399,1_7028,1774675380,1774673714,default
1774674612,1_103,1_102745,G Line,1_736436539,1_6402,1774674255,1774674658,default
1774674612,1_970,1_100045,150,1_762103049,1_8137,1774674252,1774674638,default
1774674612,1_575,1_102581,D Line,1_585678019,1_6113,1774674600,1774674647,default
1774674612,1_575,1_102576,C Line,1_774682149,1_6267,1774674000,1774674698,default
1774674612,1_2850,1_100089,2,1_491929149,1_7105,1774675500,1774674229,default
1774674612,1_46505,1_102619,F Line,1_656237489,1_6244,1774675740,1774674034,default
1774674612,1_58110,1_100045,150,1_762102049,1_8183,1774674210,1774674674,default
1774674612,1_68130,1_102548,B Line,1_721019439,1_6044,1774674317,1774674692,default
1774674612,3_31002,40_560,560,40_2629020,40_41503,1774674644,1774674723,default
1774674612,1_52306,1_102719,161,1_635446419,1_7976094,1774675560,1774675560,default
1774674612,1_58112,1_102619,F Line,1_656237299,1_6277,1774674621,1774674738,default
1774674612,1_54201,1_102619,F Line,1_656237639,1_6286,1774674079,1774674734,default
1774674612,1_55831,1_100005,106,1_727784669,1_7133,1774674626,1774674771,default
1774674612,1_620,40_594,594,40_1229020,40_9726,1774674960,1774674892,default
1774674612,1_10912,40_100511,542,40_569578009,40_7976685,1774674900,1774674900,default
1774674612,1_10912,1_100162,271,1_569496389,1_7976349,1774675320,1774675320,default
1774674612,1_10640,1_100252,62,1_736431399,1_7028,1774675380,1774673714,default
1774674912,1_970,40_594,594,40_356020,40_9713,1774675204,1774674963,default
1774674912,1_575,1_100219,4,1_675344939,1_4384,1774674900,1774674975,default
1774674912,1_2850,1_100089,2,1_491929149,1_7105,1774675500,1774674229,default
1774674912,1_46505,1_102619,F Line,1_656237489,1_6244,1774675740,1774674034,default
1774674912,1_52306,40_560,560,40_2629020,40_41503,1774675200,1774675046,default
1774674912,1_52306,1_102719,161,1_635446419,1_7976094,1774675560,1774675560,default
1774674912,1_52306,1_102619,F Line,1_721497109,1_7976016,1774676100,1774676100,default
1774674912,1_10210,1_100264,70,1_724577139,1_8236,1774674844,1774675059,default
1774674912,1_620,40_100240,554,40_774873979,40_9662,1774675380,1774675322,default
1774674912,1_10912,1_100162,271,1_569496389,1_7976349,1774675320,1774675320,default
1774674912,1_10640,1_100252,62,1_736431399,1_7028,1774675380,1774673714,default
1774675212,1_320,40_100239,550,40_597763089,40_9690,1774675200,1774675253,default
1774675212,1_320,40_594,594,40_356020,40_9713,1774675440,1774675335,default
1774675212,1_2850,1_100089,2,1_491929149,1_7105,1774675500,1774674229,default
1774675212,1_2850,1_100089,2,1_491929159,1_7975118,1774676400,1774676400,default
1774675212,1_46505,1_102619,F Line,1_656237489,1_6244,1774675740,1774674034,default
1774675212,1_27420,23_102638,First Hill Streetcar,23_55295827,23_403,1774675560,1774675395,default
1774675212,1_52306,1_102719,161,1_635446419,1_7976094,1774675560,1774675560,default
1774675212,1_52306,1_102619,F Line,1_721497109,1_7976016,1774676100,1774676100,default
1774675212,1_52306,1_102719,161,1_635446429,1_7976091,1774677480,1774677480,default
1774675212,1_9605,1_100259,67,1_657911809,1_7975678,1774674840,1774675336,default
1774675212,1_82810,1_100133,240,1_761786759,1_7344,1774675364,1774675276,default
1774675212,1_620,40_100240,554,40_774873979,40_9662,1774675380,1774675318,default
1774678235,1_103,1_102745,G Line,1_736436999,1_6402,1774677855,1774678281,default
1774678235,1_17651,1_102747,61,1_724960069,1_3720,1774677898,1774678290,default
1774678235,1_40060,1_102574,40,1_778707279,1_8259,1774678285,1774678223,default
1774678235,1_52306,1_102719,161,1_635446439,1_7976220,1774679280,1774679280,default
1774678235,1_8530,1_100263,7,1_694070509,1_4560,1774678521,1774678356,default
1774678235,1_40065,1_102574,40,1_778707279,1_8259,1774678369,1774678348,default
1774678235,1_59936,1_102720,160,1_770988449,1_7440,1774678306,1774678388,default
1774678235,1_10640,1_100252,62,1_736431419,1_8064,1774678980,1774677722,default
1774678535,1_47660,1_102736,H Line,1_694056099,1_6063,1774678683,1774678560,default
1774678535,1_52306,1_102719,161,1_635446439,1_7976220,1774679280,1774679280,default
1774678535,1_52306,1_102619,F Line,1_694521949,1_7975999,1774679700,1774679700,default
1774678535,1_80121,1_102719,161,1_635446069,1_7471,1774678223,1774678657,default
1774678535,1_21680,1_100023,124,1_690553549,1_8072,1774678654,1774678627,default
1774678535,1_10640,1_100252,62,1_736431419,1_8064,1774678980,1774677722,default
1774678535,1_68400,1_100136,245,1_761787879,1_7456,1774678734,1774678646,default
1774678835,1_30510,1_100249,60,1_689962089,1_7091,1774679052,1774678868,default
1774678835,1_575,1_100028,13,1_692106469,1_7029,1774678620,1774678869,default
1774678835,1_46505,1_102619,F Line,1_694522029,1_7976016,1774679460,1774679460,default
1774678835,1_13810,1_102581,D Line,1_761139089,1_7974921,1774678881,1774678881,default
1774678835,3_31002,40_560,560,40_1863020,40_9203,1774678724,1774679069,default
1774678835,1_52306,1_102719,161,1_635446439,1_7976220,1774679280,1774679280,default
1774678835,1_52306,1_102619,F Line,1_694521949,1_7975999,1774679700,1774679700,default
1774678835,1_52306,1_102719,161,1_635446449,1_7976088,1774681200,1774681200,default
1774678835,1_41850,1_100249,60,1_689962089,1_7091,1774679127,1774678932,default
1774679135,1_30790,1_100230,50,1_785559739,1_3712,1774679172,1774679104,default
1774679135,1_575,1_100263,7,1_694070509,1_4560,1774679340,1774679101,default
1774679135,1_2850,1_100089,2,1_491929179,1_7090,1774680000,1774678960,default
1774679135,1_2850,1_100089,2,1_491929179,1_7975114,1774680000,1774680000,default
1774679135,1_46505,1_102619,F Line,1_694522029,1_7976016,1774679460,1774679460,default
1774679135,1_27420,1_100249,60,1_649509419,1_7087,1774678716,1774679204,default
1774679135,1_52306,40_560,560,40_1863020,40_9203,1774679280,1774679270,default
1774679135,1_52306,1_102719,161,1_635446439,1_7976220,1774679280,1774679280,default
1774679135,1_52306,1_102619,F Line,1_694521949,1_7975999,1774679700,1774679700,default
1774679135,1_52306,1_102719,161,1_635446449,1_7976088,1774681200,1774681200,default
1774679135,1_10640,1_100252,62,1_736431429,1_8084,1774680780,1774678740,default
1774679435,1_22196,1_102736,H Line,1_713099999,1_6077,1774679473,1774679441,default
1774679435,1_2850,1_100089,2,1_491929179,1_7090,1774680000,1774678960,default
1774679435,1_36711,1_100230,50,1_785559739,1_3712,1774679526,1774679435,default
1774679435,1_52306,1_102619,F Line,1_694521949,1_6244,1774679700,1774679415,default
1774679435,1_52306,1_102619,F Line,1_694521949,1_7975999,1774679700,1774679700,default
1774679435,1_52306,1_102719,161,1_635446449,1_7976088,1774681200,1774681200,default
1774679435,1_58112,1_102619,F Line,1_656237649,1_6286,1774679045,1774679569,default
1774679435,1_17800,1_100202,345,1_774124109,1_3710,1774679586,1774679551,default
1774679435,1_82107,1_100196,331,1_724969519,1_7206,1774679622,1774679570,default
1774679435,1_10640,1_100252,62,1_736431429,1_8084,1774680780,1774678740,default
1774679735,1_62212,1_102720,160,1_770988449,1_7440,1774679788,1774679729,default
1774679735,1_2850,1_100089,2,1_491929179,1_7090,1774680000,1774678960,default
1774679735,1_52306,1_102719,161,1_635446449,1_7976088,1774681200,1774681200,default
1774679735,1_23905,1_100214,372,1_694307019,1_6951,1774679806,1774679902,default
1774679735,1_620,40_100239,550,40_597763449,40_9690,1774680240,1774680411,default
1774679735,1_68888,1_102552,226,1_778457559,1_7241,1774679904,1774679904,default
1774679735,1_10640,1_100252,62,1_736431429,1_8084,1774680780,1774678740,default
1774680035,1_575,1_100263,7,1_694070439,1_8229,1774680240,1774680133,default
1774680035,1_77460,1_100205,348,1_771627479,1_7234,1774680105,1774680088,default
1774680035,1_52306,1_102719,161,1_635446449,1_7976088,1774681200,1774681200,default
1774680035,1_45670,1_100210,36,1_630542379,1_7094,1774680084,1774680131,default
1774680035,1_40065,1_102574,40,1_778707809,1_8104,1774679509,1774680170,default
1774680035,1_41940,1_100249,60,1_689962089,1_7091,1774680078,1774680147,default
1774680035,1_620,40_100239,550,40_597763449,40_9690,1774680240,1774680250,default
1774680035,1_620,40_100240,554,40_774874159,40_9652,1774679820,1774680341,default
1774680035,1_10640,1_100252,62,1_736431429,1_8084,1774680780,1774678740,default
1774680335,1_30790,1_100249,60,1_649509519,1_7095,1774679931,1774680359,default
1774680335,1_320,40_594,594,40_3260020,40_9306,1774680840,1774680386,default
1774680335,1_575,1_102615,E Line,1_768604679,1_6200,1774680240,1774680391,default
1774680335,1_52306,1_102719,161,1_635446449,1_7976088,1774681200,1774681200,default
1774680335,1_52306,1_102619,F Line,1_694522109,1_7975998,1774681500,1774681500,default
1774680335,1_10640,1_100252,62,1_736431429,1_8084,1774680780,1774678740,default
1774680636,1_8541,1_100039,14,1_562520709,1_4312,1774680780,1774680635,default
1774680636,1_2850,1_100089,2,1_491929189,1_7066,1774681260,1774680394,default
1774680636,1_2850,1_100089,2,1_491929189,1_7975119,1774681260,1774681260,default
1774680636,1_46505,1_102619,F Line,1_694522189,1_7976085,1774681260,1774681260,default
1774680636,3_31002,1_102736,H Line,1_713099969,1_6060,1774680826,1774680686,default
1774680636,1_42120,1_100006,107,1_732058909,1_3715,1774680783,1774680652,default
1774680636,1_52306,1_102719,161,1_635446449,1_7976088,1774681200,1774681200,default
1774680636,1_52306,1_102619,F Line,1_694522109,1_7975998,1774681500,1774681500,default
1774680636,1_71970,1_102753,222,1_774818029,1_7465,1774680706,1774680752,default
1774680636,1_25791,1_100214,372,1_694307099,1_6898,1774680774,1774680834,default
1774680636,1_10640,1_100252,62,1_736431439,1_7974596,1774682580,1774682580,default
1774680936,1_2850,1_100089,2,1_491929189,1_7066,1774681260,1774680394,default
1774680936,1_46505,1_102619,F Line,1_694522189,1_7976085,1774681260,1774681260,default
1774680936,1_2320,1_100001,1,1_562520929,1_4320,1774680584,1774681008,default
1774680936,1_52306,1_102719,161,1_635446449,1_7976088,1774681200,1774681200,default
1774680936,1_52306,1_102619,F Line,1_694522109,1_7975998,1774681500,1774681500,default
1774680936,1_58112,1_102619,F Line,1_694522029,1_6239,1774680965,1774681041,default
1774680936,1_10640,1_100252,62,1_736431439,1_7974596,1774682580,1774682580,default
1774681236,1_103,1_102745,G Line,1_736437049,1_6412,1774680523,1774681250,default
1774681236,1_320,40_100239,550,40_597763319,40_7976643,1774681260,1774681310,default
1774681236,1_575,1_100089,2,1_491929179,1_7090,1774681200,1774681286,default
1774681236,1_47660,1_102736,H Line,1_713099969,1_6060,1774681383,1774681023,default
1774681236,1_1510,1_100263,7,1_694072829,1_8205,1774681434,1774681265,default
1774681236,1_79610,1_100006,107,1_694510869,1_3727,1774681336,1774681258,default
1774681236,1_52306,1_102619,F Line,1_694522109,1_7975998,1774681500,1774681500,default
1774681236,1_10640,1_100252,62,1_736431439,1_8015,1774682580,1774681326,default
1774681236,1_10640,1_100252,62,1_736431439,1_7974596,1774682580,1774682580,default
1774681236,1_8403,1_100039,14,1_562520709,1_4312,1774681560,1774681382,default
1774681536,1_13830,1_102581,D Line,1_769850639,1_6105,1774681261,1774681573,default
1774681536,1_3470,1_100210,36,1_625370349,1_4316,1774681620,1774681555,default
1774681536,1_9605,1_100193,32,1_651767729,1_7017,1774681623,1774681667,default
1774681536,1_22184,1_100024,125,1_721381339,1_7046,1774681903,1774681663,default
1774681536,1_31970,1_100230,50,1_785558929,1_3733,1774681569,1774681668,default
1774681536,1_620,40_100239,550,40_651524639,40_9660,1774681860,1774682195,default
1774681536,1_10640,1_100252,62,1_736431439,1_8015,1774682580,1774681326,default
1774681836,1_77752,1_102746,333,1_778704409,1_7237,1774681917,1774681838,default
1774681836,1_575,1_100024,125,1_721381269,1_7019,1774681920,1774681844,default
1774681836,1_575,1_102581,D Line,1_628190449,1_6113,1774681800,1774681873,default
1774681836,1_2850,1_100089,2,1_491929199,1_7104,1774683600,1774683199,default
1774681836,1_2200,1_102581,D Line,1_769850639,1_6105,1774681752,1774682032,default
1774681836,1_30180,1_100006,107,1_732196659,1_3735,1774681992,1774681955,default
1774681836,1_620,40_100239,550,40_651524639,40_9660,1774681860,1774682082,default
1774681836,1_10640,1_100252,62,1_736431439,1_8015,1774682580,1774681326,default
1774682136,1_2850,1_100089,2,1_491929199,1_7104,1774683600,1774683502,default
1774682136,1_1510,1_100210,36,1_625370349,1_4316,1774682253,1774682115,default
1774682136,1_49730,1_100031,132,1_687246599,1_8059,1774682290,1774682245,default
1774682136,1_22184,1_102736,H Line,1_713100019,1_6043,1774682112,1774682266,default
1774682136,1_10640,1_100252,62,1_736431439,1_8015,1774682580,1774681326,default
1774682436,1_74871,1_100205,348,1_771626519,1_7212,1774682531,1774682420,default
1774682436,1_2850,1_100089,2,1_491929199,1_7104,1774683600,1774683577,default
1774682436,1_2850,1_100089,2,1_491929199,1_7975118,1774683600,1774683600,default
1774682436,1_8403,1_100039,14,1_562520739,1_4319,1774683360,1774683179,default
1774683169,1_2850,1_100089,2,1_491929199,1_7975118,1774683600,1774683600,default
1774683169,1_14280,1_102581,D Line,1_628190449,1_6113,1774683315,1774683301,default
1774683469,1_103,1_102745,G Line,1_736437019,1_6412,1774683223,1774683480,default
1774683469,1_2850,1_100089,2,1_491929199,1_7975118,1774683600,1774683600,default
1774683469,1_57453,1_102719,161,1_635446449,1_7976088,1774683180,1774683523,default
1774683469,1_52306,1_102719,161,1_635446459,1_7976090,1774684500,1774684500,default
1774683469,1_22184,1_100024,125,1_721381269,1_7019,1774683643,1774683542,default
1774683469,1_620,40_100239,550,40_597763529,40_9656,1774683780,1774683818,default
1774683469,1_8403,1_100039,14,1_562520749,1_7974992,1774684020,1774684020,default
1774683769,1_52306,1_102719,161,1_635446459,1_7976090,1774684500,1774684500,default
1774683769,1_81749,40_100240,554,40_560096209,40_9652,1774684242,1774683918,default
1774683769,1_8403,1_100039,14,1_562520749,1_7974992,1774684020,1774684020,default
1774684070,1_575,1_102615,E Line,1_768604589,1_6271,1774684140,1774684112,default
1774684070,1_1190,40_100239,550,40_597763529,40_9656,1774684189,1774684109,default
1774684070,1_52306,1_102719,161,1_635446459,1_7976090,1774684500,1774684500,default
1774684070,1_81684,40_100240,554,40_560096209,40_9652,1774684560,1774684248,default
1774684070,1_8403,1_100039,14,1_562520749,1_7974992,1774684020,1774684286,default
1774684370,1_76024,1_102702,239,1_736529439,1_3717,1774684074,1774684432,default
1774684370,1_52306,1_102719,161,1_635446459,1_7976090,1774684500,1774684500,default
1774684370,1_10912,1_100224,44,1_664046679,1_8227,1774684177,1774684535,default
1774684670,1_8530,1_100263,7,1_694071349,1_8244,1774684821,1774684737,default
1774684970,1_41850,1_100006,107,1_721486209,1_3727,1774685090,1774685073,default
1774684970,1_8403,1_100039,14,1_562520909,1_4320,1774685160,1774685049,default
1774685270,1_575,1_100264,70,1_724577049,1_8236,1774685100,1774685312,default
1774685270,1_575,1_100263,7,1_694071349,1_8244,1774685640,1774685356,default
1774685270,1_7750,1_102615,E Line,1_768604589,1_6271,1774685396,1774685333,default
1774685570,1_575,1_100263,7,1_694071349,1_8244,1774685640,1774685277,default
1774685570,1_575,1_100263,7,1_694071349,1_7974939,1774685640,1774685277,default
1774685570,1_575,1_102581,D Line,1_628190479,1_6109,1774685340,1774685619,default
1774685870,1_575,1_102615,E Line,1_761418649,1_6084,1774685880,1774685916,default
1774685870,1_75850,1_102615,E Line,1_768604589,1_6271,1774686129,1774685990,default
1774686170,1_75890,1_102615,E Line,1_768604589,1_6271,1774686308,1774686139,default
1774687370,1_575,1_100263,7,1_694070399,1_8229,1774687440,1774687431,default
1774687370,1_10912,1_100264,70,1_724577009,1_7975077,1774691343,1774691381,default
1774691388,1_80121,1_102719,161,1_635445999,1_8137,1774691532,1774691540,default
1774691388,1_58112,1_100045,150,1_762102909,1_8173,1774691067,1774691505,default
1774691388,1_7690,1_102615,E Line,1_768604549,1_6271,1774692799,1774691483,default
1774693188,1_481,1_102736,H Line,1_732458609,1_7974901,1774693200,1774693200,default
1774694989,1_29217,1_100224,44,1_664046509,1_8227,1774694869,1774695010,default
1774696189,1_575,1_102581,D Line,1_800538600,1_6073,1774696200,1774696232,default
1774696189,1_76310,40_100232,522,40_561770080,40_7976491,1774696382,1774696382,default
1774696489,1_575,1_100219,4,1_761069020,1_7072,1774696320,1774696536,default
1774696489,1_575,1_102615,E Line,1_811961190,1_6211,1774695840,1774696542,default
1774696789,1_12770,1_100219,4,1_675347169,1_7166,1774696808,1774696819,default
1774696789,1_12770,1_100219,4,1_675347169,1_7974873,1774696808,1774696819,default
1774698589,1_22196,1_102736,H Line,1_636326630,1_6063,1774698639,1774698612,default
1774698589,1_575,1_100210,36,1_610910910,1_7137,1774698600,1774698637,default
1774699490,1_51551,1_102736,H Line,1_636327410,1_6060,1774699438,1774699526,default
1774699490,1_8541,1_100005,106,1_768469150,1_7340,1774699320,1774699513,default
1774699490,1_57453,1_100060,168,1_693791830,1_7975805,1774702980,1774702980,default
1774699790,1_47660,1_102736,H Line,1_636327410,1_6060,1774699863,1774699806,default
1774699790,1_57453,1_100060,168,1_693791830,1_7975805,1774702980,1774702980,default
1774700090,1_57453,1_100060,168,1_693791830,1_7975805,1774702980,1774702980,default
1774700090,1_10640,1_100252,62,1_800782000,1_8025215,1774701960,1774701960,default
1774700390,1_22196,1_102736,H Line,1_636326640,1_6077,1774700439,1774700348,default
1774700390,1_57453,1_100060,168,1_693791830,1_7975805,1774702980,1774702980,default
1774700390,1_77460,1_102746,333,1_778642670,1_7253,1774700457,1774700488,default
1774700390,3_31002,40_560,560,40_1122070,40_41514,1774700504,1774700486,default
1774700390,1_59282,1_102717,165,1_800689660,1_8024072,1774703160,1774703160,default
1774700390,1_60710,1_100512,A Line,1_800692090,1_6285,1774700402,1774700539,default
1774700390,1_10640,1_100252,62,1_800782000,1_8025215,1774701960,1774701960,default
1774700690,1_7790,1_102615,E Line,1_811961210,1_6203,1774700754,1774700700,default
1774700690,1_57453,1_100060,168,1_693791830,1_7975805,1774702980,1774702980,default
1774700690,1_59282,1_100072,181,1_810697280,1_8024112,1774703160,1774703160,default
1774700690,1_59282,1_102717,165,1_800689660,1_8024072,1774703160,1774703160,default
1774700690,1_10640,1_100252,62,1_800782000,1_8025215,1774701960,1774701960,default
1774700990,1_46505,1_102619,F Line,1_656274630,1_7975733,1774702740,1774702740,default
1774700990,1_57453,1_100060,168,1_693791830,1_7975805,1774702980,1774703029,default
1774700990,1_5489,1_102746,333,1_778642670,1_7253,1774701117,1774701036,default
1774700990,1_59282,1_100072,181,1_810697280,1_8024112,1774703160,1774703160,default
1774700990,1_59282,1_102717,165,1_800689660,1_8024072,1774703160,1774703160,default
1774700990,1_71960,40_100511,542,40_547584030,40_7976449,1774702140,1774702140,default
1774700990,1_10640,1_100252,62,1_800782000,1_8025215,1774701960,1774701960,default
1774701290,1_55370,1_100006,107,1_715945440,1_7487,1774701310,1774701256,default
1774701290,1_575,1_100264,70,1_809239550,1_8242,1774701300,1774701334,default
1774701290,1_575,1_100028,13,1_788829980,1_7075,1774701180,1774701339,default
1774701290,1_46505,1_102619,F Line,1_656274630,1_7975733,1774702740,1774702740,default
1774701290,1_57453,1_100060,168,1_693791830,1_7975805,1774702980,1774703013,default
1774701290,1_59282,1_100072,181,1_810697280,1_8024112,1774703160,1774703160,default
1774701290,1_59282,1_102717,165,1_800689660,1_8024072,1774703160,1774703160,default
1774701290,1_2260,1_100275,8,1_800780750,1_8060,1774701485,1774701406,default
1774701290,1_71960,40_100511,542,40_547584030,40_7976449,1774702140,1774702140,default
1774701290,1_10640,1_100252,62,1_800782000,1_8025215,1774701960,1774701960,default
1774701590,1_103,1_102745,G Line,1_736402220,1_6410,1774701191,1774701592,default
1774701590,1_46505,1_102619,F Line,1_656274630,1_7975733,1774702740,1774702740,default
1774701590,1_47660,1_102736,H Line,1_636327420,1_6071,1774701663,1774701577,default
1774701590,1_57453,1_100060,168,1_693791830,1_7975805,1774702980,1774703081,default
1774701590,1_52306,1_102619,F Line,1_635422800,1_7975734,1774703100,1774703100,default
1774701590,1_59282,1_100072,181,1_810697280,1_8024112,1774703160,1774703160,default
1774701590,1_59282,1_102717,165,1_800689660,1_8024072,1774703160,1774703160,default
1774701590,1_71960,40_100511,542,40_547584030,40_7976449,1774702140,1774702140,default
1774701590,1_10640,1_100252,62,1_800782000,1_8025215,1774701960,1774701960,default
1774701590,1_10640,1_100252,62,1_800782010,1_8025213,1774703760,1774703760,default
1774701890,1_46505,1_102619,F Line,1_656274630,1_7975733,1774702740,1774702740,default
1774701890,1_1190,1_100447,49,1_800639430,1_8023223,1774701953,1774701953,default
1774701890,1_57453,1_100060,168,1_693791830,1_7975805,1774702980,1774703204,default
1774701890,1_52306,1_102619,F Line,1_635422800,1_7975734,1774703100,1774703100,default
1774701890,1_99254,1_100045,150,1_694453450,1_8184,1774701965,1774702020,default
1774701890,1_59282,1_100072,181,1_810697280,1_8024112,1774703160,1774703160,default
1774701890,1_59282,1_102717,165,1_800689660,1_8024072,1774703160,1774703160,default
1774701890,1_71960,40_100511,542,40_547584030,40_7976449,1774702140,1774702140,default
1774701890,1_10640,1_100252,62,1_800782010,1_8025213,1774703760,1774703760,default
1774702190,1_575,1_102581,D Line,1_800538550,1_6073,1774702200,1774702229,default
1774702190,1_46505,1_102619,F Line,1_656274630,1_7975733,1774702740,1774702740,default
1774702190,1_57453,1_100060,168,1_693791830,1_7975805,1774702980,1774703310,default
1774702190,1_77460,1_102746,333,1_778642680,1_7230,1774702257,1774702269,default
1774702190,1_52306,1_102619,F Line,1_635422800,1_7975734,1774703100,1774703100,default
1774702190,1_59282,1_100072,181,1_810697280,1_8024112,1774703160,1774703160,default
1774702190,1_59282,1_102717,165,1_800689660,1_8024072,1774703160,1774703160,default
1774702190,1_19921,1_100101,21,1_801554170,1_8247,1774702381,1774702304,default
1774702190,1_45360,1_100006,107,1_635408160,1_7487,1774703919,1774702302,default
1774702190,1_620,1_100045,150,1_694453450,1_8184,1774702260,1774702350,default
1774702190,1_10640,1_100252,62,1_800782010,1_8025213,1774703760,1774703760,default
1774702490,1_575,1_102576,C Line,1_800796970,1_6247,1774702320,1774702545,default
1774702490,1_46505,1_102619,F Line,1_656274630,1_7975733,1774702740,1774702740,default
1774702490,1_46505,1_102619,F Line,1_656275040,1_7975735,1774704540,1774704540,default
1774702490,1_57453,1_100060,168,1_693791830,1_7975805,1774702980,1774703171,default
1774702490,1_11200,1_100447,49,1_800639430,1_7091,1774702500,1774702563,default
1774702490,1_52306,1_102619,F Line,1_635422800,1_7975734,1774703100,1774703100,default
1774702490,1_59282,1_100072,181,1_810697280,1_8024112,1774703160,1774703160,default
1774702490,1_59282,1_100072,181,1_810697280,1_7171,1774703160,1774703160,default
1774702490,1_59282,1_102717,165,1_800689660,1_8024072,1774703160,1774703160,default
1774702490,1_10640,1_100252,62,1_800782010,1_8025213,1774703760,1774703760,default
1774702790,1_575,1_100219,4,1_761068720,1_7072,1774702740,1774702827,default
1774702790,1_2850,1_100089,2,1_788828590,1_8023245,1774704540,1774704540,default
1774702790,1_46505,1_102619,F Line,1_656275040,1_7975735,1774704540,1774704540,default
1774702790,1_57453,1_100060,168,1_693791830,1_7975805,1774702980,1774703164,default
1774702790,1_57453,1_100060,168,1_693791480,1_7975810,1774704720,1774704758,default
1774702790,1_52306,1_102619,F Line,1_635422800,1_7975734,1774703100,1774703100,default
1774702790,1_59282,1_100072,181,1_810697280,1_7171,1774703160,1774703160,default
1774702790,1_59282,1_102717,165,1_800689660,1_8024072,1774703160,1774703160,default
1774702790,1_59282,1_100072,181,1_810697290,1_8024113,1774704960,1774704960,default
1774702790,1_59282,1_102717,165,1_800689670,1_8024071,1774705140,1774705140,default
1774702790,1_10640,1_100252,62,1_800782010,1_8025213,1774703760,1774703760,default
1774703090,1_12170,1_100039,14,1_662838510,1_7099,1774702958,1774703105,default
1774703090,1_55812,1_100005,106,1_768469090,1_7176,1774703114,1774703052,default
1774703090,1_2850,1_100089,2,1_788828260,1_8023225,1774703580,1774703580,default
1774703090,1_2850,1_100089,2,1_788828590,1_8023245,1774704540,1774704540,default
1774703090,1_46505,1_102619,F Line,1_656275040,1_7975735,1774704540,1774704540,default
1774703090,1_57453,1_100060,168,1_693791480,1_7975810,1774704720,1774704723,default
1774703090,1_65092,1_100162,271,1_720941430,1_7327,1774704720,1774704720,default
1774703090,1_9030,1_100263,7,1_736814800,1_8241,1774703367,1774703178,default
1774703090,1_2200,1_102581,D Line,1_800538540,1_6069,1774703112,1774703276,default
1774703090,1_59282,1_100072,181,1_810697290,1_8024113,1774704960,1774704960,default
1774703090,1_59282,1_102717,165,1_800689670,1_8024071,1774705140,1774705140,default
1774703090,1_10912,40_100511,542,40_569520930,40_7976449,1774704960,1774704960,default
1774703090,1_10640,1_100252,62,1_800782020,1_8025217,1774705560,1774705560,default
1774703843,1_80692,1_100045,150,1_694453460,1_8172,1774703866,1774703801,default
1774703843,1_2850,1_100089,2,1_788828590,1_8023245,1774704540,1774704540,default
1774703843,1_46505,1_102619,F Line,1_656275040,1_7975735,1774704540,1774704540,default
1774703843,1_57453,1_100060,168,1_693791480,1_7975810,1774704720,1774704763,default
1774703843,1_57453,1_100060,168,1_693791650,1_7975868,1774706820,1774706820,default
1774703843,1_1510,1_100005,106,1_768469090,1_7176,1774704033,1774703871,default
1774703843,1_52306,1_102619,F Line,1_694461220,1_7975736,1774704900,1774704900,default
1774703843,1_60958,1_100023,124,1_556206140,1_8072,1774704148,1774703857,default
1774703843,1_65092,1_100162,271,1_720941430,1_7327,1774704720,1774704720,default
1774703843,1_59282,1_100072,181,1_810697290,1_8024113,1774704960,1774704960,default
1774703843,1_59282,1_102717,165,1_800689670,1_8024071,1774705140,1774705140,default
1774703843,1_31890,1_100230,50,1_664511340,1_3700,1774704148,1774703955,default
1774703843,1_620,40_100236,545,40_353312280,40_7976437,1774704120,1774704120,default
1774703843,1_10912,40_100511,542,40_569520930,40_7976449,1774704960,1774704960,default
1774703843,1_71960,40_100511,542,40_597714730,40_7976450,1774705560,1774705560,default
1774703843,1_10640,1_100252,62,1_800782020,1_8025217,1774705560,1774705560,default
1774704144,1_103,1_102745,G Line,1_736401780,1_6404,1774704103,1774704191,default
1774704144,1_55290,1_100006,107,1_714177820,1_3734,1774704154,1774704121,default
1774704144,1_2850,1_100089,2,1_788828590,1_7152,1774704540,1774703964,default
1774704144,1_2850,1_100089,2,1_788828590,1_8023245,1774704540,1774704540,default
1774704144,1_46505,1_102619,F Line,1_656275040,1_7975735,1774704540,1774704540,default
1774704144,1_1190,1_100447,49,1_650252690,1_7070,1774704233,1774704182,default
1774704144,1_57453,1_100060,168,1_693791480,1_7975810,1774704720,1774704720,default
1774704144,1_57453,1_100060,168,1_693791650,1_7975868,1774706820,1774706820,default
1774704144,3_31002,40_560,560,40_2212070,40_41506,1774704104,1774704332,default
1774704144,1_52306,1_102619,F Line,1_694461220,1_7975736,1774704900,1774704900,default
1774704144,1_36510,1_100024,125,1_770733800,1_7041,1774704168,1774704272,default
1774704144,1_57804,1_100072,181,1_810697260,1_7197,1774704389,1774704373,default
1774704144,1_21080,1_100249,60,1_800794220,1_7027,1774704240,1774704277,default
1774704144,1_59282,1_100072,181,1_810697290,1_8024113,1774704960,1774704960,default
1774704144,1_59282,1_102717,165,1_800689670,1_8024071,1774705140,1774705140,default
1774704144,1_59282,1_102717,165,1_800689680,1_8024142,1774707000,1774707000,default
1774704144,1_2260,1_100275,8,1_800800020,1_8039,1774704206,1774704305,default
1774704144,1_620,40_100236,545,40_353312280,40_7976437,1774704120,1774704399,default
1774704144,1_10912,40_100511,542,40_569520930,40_7976449,1774704960,1774704960,default
1774704144,1_71960,40_100511,542,40_597714730,40_7976450,1774705560,1774705560,default
1774704144,1_10640,1_100252,62,1_800782020,1_8025217,1774705560,1774705560,default
1774704144,1_76310,40_100232,522,40_651493590,40_9666,1774704315,1774704323,default
1774704444,1_103,1_102745,G Line,1_736401800,1_6402,1774704463,1774704429,default
1774704444,1_55711,1_100005,106,1_768469100,1_7340,1774704554,1774704421,default
1774704444,1_2850,1_100089,2,1_788828590,1_7152,1774704540,1774703964,default
1774704444,1_46505,1_102619,F Line,1_656275040,1_7975735,1774704540,1774704540,default
1774704444,1_57453,1_100060,168,1_693791480,1_7975810,1774704720,1774704720,default
1774704444,1_57453,1_100060,168,1_693791650,1_7975868,1774706820,1774706820,default
1774704444,1_52306,40_560,560,40_2212070,40_41506,1774704660,1774704754,default
1774704444,1_52306,1_102619,F Line,1_694461220,1_7975736,1774704900,1774704900,default
1774704444,1_8530,1_100263,7,1_736814710,1_8231,1774704561,1774704457,default
1774704444,1_65092,1_100162,271,1_720941430,1_7327,1774704720,1774704720,default
1774704444,1_59282,1_100072,181,1_810697290,1_8024113,1774704960,1774704960,default
1774704444,1_59282,1_102717,165,1_800689670,1_8024071,1774705140,1774705140,default
1774704444,1_59282,1_102717,165,1_800689680,1_8024142,1774707000,1774707000,default
1774704444,1_55150,1_100005,106,1_762143600,1_7322,1774704594,1774704518,default
1774704444,1_14280,1_102581,D Line,1_800538520,1_6108,1774704615,1774704515,default
1774704444,1_10912,40_100511,542,40_569520930,40_7976449,1774704960,1774704960,default
1774704444,1_71960,40_100511,542,40_597714730,40_7976450,1774705560,1774705560,default
1774704444,1_10640,1_100252,62,1_800782020,1_8025217,1774705560,1774705560,default
1774704444,1_10640,1_100252,62,1_800782030,1_8025216,1774706460,1774706460,default
1774704444,1_58144,1_102719,161,1_800694780,1_7077,1774704677,1774704608,default
1774704444,1_11600,1_100002,10,1_675377520,1_7156,1774704647,1774704574,default
1774704744,1_103,1_102745,G Line,1_736402300,1_6407,1774704823,1774704783,default
1774704744,1_575,1_100028,13,1_788829300,1_7169,1774704720,1774704777,default
1774704744,1_35334,1_102747,61,1_803295630,1_3710,1774704787,1774704756,default
1774704744,1_57453,1_100060,168,1_693791650,1_7975868,1774706820,1774706820,default
1774704744,1_59282,1_102717,165,1_800689670,1_7311,1774705140,1774704776,default
1774704744,1_59282,1_100072,181,1_810697290,1_8024113,1774704960,1774704960,default
1774704744,1_59282,1_102717,165,1_800689670,1_8024071,1774705140,1774705140,default
1774704744,1_59282,1_102717,165,1_800689680,1_8024142,1774707000,1774707000,default
1774704744,1_10912,40_100511,542,40_569520930,40_7976449,1774704960,1774704960,default
1774704744,1_71960,40_100511,542,40_597714730,40_7976450,1774705560,1774705560,default
1774704744,1_10640,1_100252,62,1_800782020,1_8025217,1774705560,1774705560,default
1774704744,1_10640,1_100252,62,1_800782030,1_8025216,1774706460,1774706460,default
1774705044,1_575,1_100263,7,1_736814710,1_8231,1774705320,1774705140,default
1774705044,1_2850,1_100089,2,1_788828270,1_8023242,1774705440,1774705440,default
1774705044,1_8080,1_100006,107,1_635408160,1_7487,1774705107,1774705051,default
1774705044,1_57453,1_100060,168,1_693791650,1_7975868,1774706820,1774706972,default
1774705044,1_7750,1_102615,E Line,1_811961310,1_6215,1774705201,1774705113,default
1774705044,1_59282,1_102717,165,1_800689680,1_8024142,1774707000,1774707000,default
1774705044,1_620,40_100239,550,40_561762050,40_9661,1774705260,1774705554,default
1774705044,1_71960,40_100511,542,40_597714730,40_7976450,1774705560,1774705560,default
1774705044,1_10640,1_100252,62,1_800782020,1_8025217,1774705560,1774705560,default
1774705044,1_10640,1_100252,62,1_800782030,1_8025216,1774706460,1774706460,default
1774705044,1_10640,1_100252,62,1_800782040,1_8025281,1774707360,1774707360,default
1774705344,1_970,40_594,594,40_3648070,block_16007_schedBasedVehicle,1774705710,1774705367,default
1774705344,1_30510,1_100006,107,1_714177800,1_3753,1774705479,1774705349,default
1774705344,1_2850,1_100089,2,1_788828270,1_7066,1774705440,1774705126,default
1774705344,1_2850,1_100089,2,1_788828270,1_8023242,1774705440,1774705440,default
1774705344,1_57453,1_100060,168,1_693791650,1_7975868,1774706820,1774706866,default
1774705344,1_57453,1_100060,168,1_635420990,1_7975809,1774708560,1774708560,default
1774705344,1_8190,1_100263,7,1_727430350,1_8228,1774707849,1774705391,default
1774705344,1_52306,1_102619,F Line,1_694460630,1_7975733,1774706700,1774706700,default
1774705344,1_80121,1_102719,161,1_800694370,1_7108,1774705403,1774705487,default
1774705344,1_59282,1_102717,165,1_800689680,1_8024142,1774707000,1774707000,default
1774705344,1_14280,1_102581,D Line,1_800538470,1_6113,1774705515,1774705420,default
1774705344,1_71960,40_100511,542,40_597714730,40_7976450,1774705560,1774705560,default
1774705344,1_10640,1_100252,62,1_800782020,1_8025217,1774705560,1774705560,default
1774705344,1_10640,1_100252,62,1_800782030,1_8025216,1774706460,1774706460,default
1774705344,1_10640,1_100252,62,1_800782040,1_8025281,1774707360,1774707360,default
1774705644,1_320,40_594,594,40_3648070,block_16007_schedBasedVehicle,1774705980,1774705637,default
1774705644,1_320,40_594,594,40_3648070,40_9718,1774705980,1774705700,default
1774705644,1_575,1_100089,2,1_788828590,1_7152,1774705680,1774705673,default
1774705644,1_31680,1_100031,132,1_800788240,1_8042,1774705690,1774705676,default
1774705644,1_27420,1_100249,60,1_649668190,1_7048,1774705536,1774705697,default
1774705644,1_51471,1_102736,H Line,1_661153010,1_6078,1774705801,1774705640,default
1774705644,1_57453,1_100060,168,1_693791650,1_7975868,1774706820,1774706867,default
1774705644,1_57453,1_100060,168,1_635420990,1_7975809,1774708560,1774708560,default
1774705644,1_52306,1_102619,F Line,1_694460630,1_7975733,1774706700,1774706700,default
1774705644,1_45670,1_100210,36,1_713418580,1_7974751,1774705644,1774705759,default
1774705644,1_59282,1_102717,165,1_800689680,1_8024142,1774707000,1774707000,default
1774705644,1_59282,1_100072,181,1_800685420,1_8024123,1774707000,1774707000,default
1774705644,1_620,40_100236,545,40_353312340,40_7976439,1774705860,1774705870,default
1774705644,1_10912,1_100264,70,1_809239420,1_8026466,1774705563,1774705808,default
1774705644,1_10640,1_100252,62,1_800782030,1_8025216,1774706460,1774706460,default
1774705644,1_10640,1_100252,62,1_800782040,1_8025281,1774707360,1774707360,default
1774705944,1_55290,1_100006,107,1_714138570,1_3715,1774705954,1774705907,default
1774705944,1_8310,1_100263,7,1_727430350,1_8228,1774708201,1774705910,default
1774705944,1_575,1_102576,C Line,1_800796690,1_6253,1774705920,1774706044,default
1774705944,1_2850,1_100089,2,1_788828600,1_8023239,1774706340,1774706340,default
1774705944,1_46505,1_102619,F Line,1_656274860,1_7975734,1774706340,1774706340,default
1774705944,1_57453,1_100060,168,1_693791650,1_7975868,1774706820,1774706899,default
1774705944,1_57453,1_100060,168,1_635420990,1_7975809,1774708560,1774708560,default
1774705944,1_52306,1_102619,F Line,1_694460630,1_7975733,1774706700,1774706700,default
1774705944,1_40030,1_102574,40,1_811078540,1_8224,1774706060,1774706070,default
1774705944,1_57804,1_100072,181,1_810697270,1_7467,1774706189,1774706390,default
1774705944,1_39983,1_102736,H Line,1_654965090,1_6060,1774706040,1774706071,default
1774705944,1_21080,1_100026,128,1_800700350,1_7071,1774706220,1774706080,default
1774705944,1_59282,1_102717,165,1_800689680,1_8024142,1774707000,1774707000,default
1774705944,1_59282,1_100072,181,1_800685420,1_8024123,1774707000,1774707000,default
1774705944,1_68888,1_102552,226,1_778425350,1_7343,1774706211,1774706083,default
1774705944,1_10912,1_100162,271,1_694317280,1_7976241,1774707720,1774707720,default
1774705944,1_10640,1_100252,62,1_800782030,1_8025216,1774706460,1774706460,default
1774705944,1_10640,1_100252,62,1_800782040,1_8025281,1774707360,1774707360,default
1774706244,1_51651,1_102736,H Line,1_661153010,1_6078,1774706318,1774706200,default
1774706244,1_575,1_100263,7,1_727430340,1_8201,1774706280,1774706334,default
1774706244,1_13830,1_102581,D Line,1_800538450,1_6073,1774706401,1774706281,default
1774706244,1_2850,1_100089,2,1_788828600,1_7075,1774706340,1774705964,default
1774706244,1_2850,1_100089,2,1_788828600,1_8023239,1774706340,1774706340,default
1774706244,1_46505,1_102619,F Line,1_656274860,1_7975734,1774706340,1774706340,default
1774706244,1_57453,1_100060,168,1_693791650,1_7975868,1774706820,1774706866,default
1774706244,1_57453,1_100060,168,1_635420990,1_7975809,1774708560,1774708560,default
1774706244,1_42120,1_100249,60,1_800794150,1_7054,1774706397,1774706286,default
1774706244,1_52306,1_102619,F Line,1_694460630,1_7975733,1774706700,1774706700,default
1774706244,1_8530,1_100005,106,1_762143600,1_7322,1774706601,1774706288,default
1774706244,1_59282,1_102717,165,1_800689680,1_8024142,1774707000,1774707000,default
1774706244,1_59282,1_100072,181,1_800685420,1_8024123,1774707000,1774707000,default
1774706244,1_14280,1_102581,D Line,1_800538500,1_6051,1774706415,1774706381,default
1774706244,1_10912,1_100162,271,1_694317280,1_7976241,1774707720,1774707720,default
1774706244,1_10640,1_100252,62,1_800782030,1_8000,1774706460,1774706172,default
1774706244,1_10640,1_100252,62,1_800782030,1_8025216,1774706460,1774706460,default
1774706244,1_10640,1_100252,62,1_800782040,1_8025281,1774707360,1774707360,default
1774706544,1_57453,1_100060,168,1_693791650,1_7975868,1774706820,1774706914,default
1774706544,1_57453,1_100060,168,1_635420990,1_7975809,1774708560,1774708642,default
1774706544,1_52306,1_102619,F Line,1_694460630,1_7975733,1774706700,1774706700,default
1774706544,1_65092,1_100162,271,1_720941490,1_7976242,1774708140,1774708140,default
1774706544,1_22184,1_102736,H Line,1_661153010,1_6078,1774706726,1774706682,default
1774706544,1_59282,1_102717,165,1_800689680,1_8024142,1774707000,1774707000,default
1774706544,1_59282,1_100072,181,1_800685420,1_8024123,1774707000,1774707000,default
1774706544,1_59872,1_102619,F Line,1_694461220,1_6227,1774706519,1774706720,default
1774706544,1_620,40_100240,554,40_774827930,40_9669,1774706400,1774706724,default
1774706544,1_10912,1_100162,271,1_694317280,1_7976241,1774707720,1774707720,default
1774706544,1_71960,40_100511,542,40_597714580,40_7976449,1774709160,1774709160,default
1774706544,1_10640,1_100252,62,1_800782040,1_8025281,1774707360,1774707360,default
1774706844,1_2850,1_100089,2,1_788828280,1_8023224,1774707180,1774707180,default
1774706844,1_31680,1_100249,60,1_800794150,1_7054,1774706922,1774706825,default
1774706844,1_57453,1_100060,168,1_693791650,1_7975868,1774706820,1774706897,default
1774706844,1_57453,1_100060,168,1_635420990,1_7975809,1774708560,1774708687,default
1774706844,1_11940,1_100039,14,1_727425860,1_7974790,1774706662,1774706965,default
1774706844,1_55340,1_100006,107,1_721580690,1_3729,1774706950,1774706868,default
1774706844,1_65092,1_100162,271,1_720941490,1_7976242,1774708140,1774708140,default
1774706844,1_59282,1_102717,165,1_800689680,1_8024142,1774707000,1774707000,default
1774706844,1_59282,1_100072,181,1_800685420,1_8024123,1774707000,1774707000,default
1774706844,1_620,40_100239,550,40_561763300,40_9672,1774707060,1774707356,default
1774706844,1_10912,1_100162,271,1_694317280,1_7976241,1774707720,1774707720,default
1774706844,1_71960,40_100511,542,40_597714580,40_7976449,1774709160,1774709160,default
1774706844,1_10640,1_100252,62,1_800782040,1_8025281,1774707360,1774707360,default
1774707144,1_2850,1_100089,2,1_788828610,1_7082,1774708020,1774706811,default
1774707144,1_2850,1_100089,2,1_788828280,1_8023224,1774707180,1774707180,default
1774707144,1_57453,1_100060,168,1_635420990,1_7975809,1774708560,1774708633,default
1774707144,1_57453,1_100060,168,1_693791850,1_7975808,1774710480,1774710480,default
1774707144,1_52306,1_102619,F Line,1_694461050,1_7975735,1774708500,1774708500,default
1774707144,1_80121,1_102719,161,1_800694380,1_7182,1774707203,1774707263,default
1774707144,1_65092,1_100162,271,1_720941490,1_7976242,1774708140,1774708140,default
1774707144,1_620,1_100045,150,1_694452130,1_8120,1774706880,1774707314,default
1774707144,1_10912,1_100162,271,1_694317280,1_7976241,1774707720,1774707720,default
1774707144,1_10912,40_100511,542,40_569520810,40_7976450,1774708500,1774708500,default
1774707144,1_71960,40_100511,542,40_597714580,40_7976449,1774709160,1774709160,default
1774707144,1_10640,1_100252,62,1_800782040,1_8025281,1774707360,1774707360,default
1774707144,1_10640,1_100252,62,1_800782050,1_8025282,1774708260,1774708260,default
1774707444,1_2850,1_100089,2,1_788828610,1_7082,1774708020,1774706811,default
1774707444,1_8080,1_100005,106,1_768469120,1_7190,1774707622,1774707452,default
1774707444,1_23530,1_100259,67,1_534538680,1_8134,1774707626,1774707431,default
1774707444,1_57453,1_100060,168,1_635420990,1_7975809,1774708560,1774708692,default
1774707444,1_57453,1_100060,168,1_693791850,1_7975808,1774710480,1774710480,default
1774707444,3_31002,40_560,560,40_486070,40_9125,1774707609,1774707592,default
1774707444,1_52306,1_102619,F Line,1_694461050,1_7975735,1774708500,1774708500,default
1774707444,1_45670,1_100210,36,1_713418700,1_7974753,1774707444,1774707556,default
1774707444,1_65092,1_100162,271,1_720941490,1_7976242,1774708140,1774708140,default
1774707444,1_49350,1_100026,128,1_800700350,1_7071,1774707777,1774707547,default
1774707444,1_22184,1_100249,60,1_800794150,1_7054,1774707688,1774707480,default
1774707444,1_59282,1_102717,165,1_800689690,1_7333,1774708860,1774707307,default
1774707444,1_59282,1_100072,181,1_800685450,1_7467,1774708800,1774707335,default
1774707444,1_55430,1_100006,107,1_714138840,1_3734,1774707617,1774707545,default
1774707444,1_25791,1_100214,372,1_609382300,1_7401,1774707534,1774707646,default
1774707444,1_620,40_100236,545,40_353312350,40_7976438,1774707660,1774707685,default
1774707444,1_10912,1_100162,271,1_694317280,1_7976241,1774707720,1774707720,default
1774707444,1_10912,40_100511,542,40_569520810,40_7976450,1774708500,1774708500,default
1774707444,1_71960,40_100511,542,40_597714580,40_7976449,1774709160,1774709160,default
1774707444,1_10640,1_100252,62,1_800782050,1_8067,1774708260,1774707350,default
1774707444,1_10640,1_100252,62,1_800782050,1_8025282,1774708260,1774708260,default
1774707444,1_10640,1_100252,62,1_800782060,1_8025280,1774709160,1774709160,default
1774707744,1_60161,1_100042,148,1_762115160,1_7975792,1774709220,1774709220,default
1774707744,1_2850,1_100089,2,1_788828610,1_7082,1774708020,1774706811,default
1774707744,1_46505,1_102619,F Line,1_656275250,1_7975736,1774708200,1774708200,default
1774707744,1_1190,1_100447,49,1_650252720,1_7159,1774707833,1774707732,default
1774707744,1_27290,1_100161,27,1_759739200,1_8069,1774707807,1774707774,default
1774707744,1_57453,1_100060,168,1_635420990,1_7975809,1774708560,1774708564,default
1774707744,1_57453,1_100060,168,1_693791850,1_7975808,1774710480,1774710480,default
1774707744,1_52306,1_102619,F Line,1_694461050,1_7975735,1774708500,1774708500,default
1774707744,1_65092,1_100162,271,1_720941490,1_7976242,1774708140,1774708140,default
1774707744,1_57804,1_100072,181,1_800685430,1_7171,1774708049,1774707950,default
1774707744,1_59282,1_102717,165,1_800689690,1_7333,1774708860,1774707307,default
1774707744,1_59282,1_100072,181,1_800685450,1_7467,1774708800,1774707335,default
1774707744,1_10912,40_100511,542,40_569520810,40_7976450,1774708500,1774708500,default
1774707744,1_71960,40_100511,542,40_597714580,40_9688,1774709160,1774707808,default
1774707744,1_71960,40_100511,542,40_597714580,40_7976449,1774709160,1774709160,default
1774707744,1_10640,1_100252,62,1_800782050,1_8067,1774708260,1774707350,default
1774707744,1_10640,1_100252,62,1_800782060,1_8025280,1774709160,1774709160,default
1774708044,1_60161,1_100042,148,1_762115160,1_7975792,1774709220,1774709220,default
1774708044,1_320,40_100240,554,40_561761510,40_9661,1774707900,1774708142,default
1774708044,1_2850,1_100089,2,1_788828290,1_7192,1774708920,1774707757,default
1774708044,1_46505,1_102619,F Line,1_656275250,1_7975736,1774708200,1774708200,default
1774708044,1_46505,1_102619,F Line,1_656275430,1_7975757,1774709940,1774709940,default
1774708044,1_57453,1_100060,168,1_635420990,1_7975809,1774708560,1774708592,default
1774708044,1_57453,1_100060,168,1_693791850,1_7975808,1774710480,1774710480,default
1774708044,1_2320,1_100001,1,1_727425720,1_7080,1774707824,1774708129,default
1774708044,1_42120,1_100249,60,1_800793940,1_7052,1774708197,1774708070,default
1774708044,1_52306,40_560,560,40_486070,40_9125,1774708200,1774708212,default
1774708044,1_52306,1_102619,F Line,1_694461050,1_7975735,1774708500,1774708500,default
1774708044,1_59282,1_102717,165,1_800689690,1_7333,1774708860,1774707307,default
1774708044,1_59282,1_100072,181,1_800685450,1_7467,1774708800,1774707335,default
1774708044,1_75850,1_102615,E Line,1_811961830,1_6084,1774708481,1774708187,default
1774708044,1_10912,40_100511,542,40_569520810,40_7976450,1774708500,1774708500,default
1774708044,1_71960,40_100511,542,40_597714580,40_9688,1774709160,1774707808,default
1774708044,1_10640,1_100252,62,1_800782050,1_8067,1774708260,1774707350,default
1774708044,1_10640,1_100252,62,1_800782060,1_8025280,1774709160,1774709160,default
1774708344,1_60161,1_100042,148,1_762115160,1_7975792,1774709220,1774709220,default
1774708344,1_49588,1_100026,128,1_800700530,1_7392,1774708402,1774708331,default
1774708344,1_75890,1_102615,E Line,1_811961830,1_6084,1774708705,1774708300,default
1774708344,1_2850,1_100089,2,1_788828290,1_7192,1774708920,1774707757,default
1774708344,1_46505,1_102619,F Line,1_656275430,1_7975757,1774709940,1774709940,default
1774708344,1_57453,1_100060,168,1_635420990,1_7975809,1774708560,1774708560,default
1774708344,1_57453,1_100060,168,1_693791850,1_7975808,1774710480,1774710480,default
1774708344,1_52306,1_102619,F Line,1_694461050,1_7975735,1774708500,1774708500,default
1774708344,1_59282,1_102717,165,1_800689690,1_7333,1774708860,1774707307,default
1774708344,1_59282,1_100072,181,1_800685450,1_7467,1774708800,1774707335,default
1774708344,1_620,40_100239,550,40_561760930,40_9690,1774709100,1774709032,default
1774708344,1_71960,40_100511,542,40_597714580,40_9688,1774709160,1774707808,default
1774708344,1_10640,1_100252,62,1_800782060,1_8025280,1774709160,1774709160,default
1774708344,1_10640,1_100252,62,1_800782090,1_8025213,1774711800,1774711800,default
1774708344,1_58144,1_102719,161,1_800694800,1_7430,1774708517,1774708486,default
1774708644,1_60161,1_100042,148,1_762115160,1_7975792,1774709220,1774709220,default
1774708644,1_575,1_102576,C Line,1_800797280,1_6255,1774708620,1774708726,default
1774708644,1_2850,1_100089,2,1_788828290,1_7192,1774708920,1774707757,default
1774708644,1_46505,1_102619,F Line,1_656275430,1_7975757,1774709940,1774709940,default
1774708644,1_1190,1_100002,10,1_675377510,1_7140,1774708743,1774708649,default
1774708644,1_57453,1_100060,168,1_693791850,1_7975808,1774710480,1774710572,default
1774708644,1_59282,1_102717,165,1_800689690,1_7333,1774708860,1774707307,default
1774708644,1_59282,1_100072,181,1_800685450,1_7467,1774708800,1774707335,default
1774708644,1_85531,1_102757,187,1_811068660,1_7399,1774708920,1774708840,default
1774708644,1_60710,1_100512,A Line,1_800691990,1_6280,1774708884,1774708823,default
1774708644,1_620,40_594,594,40_792070,40_9729,1774708980,1774708914,default
1774708644,1_620,40_100239,550,40_561760930,40_9690,1774709100,1774708918,default
1774708644,1_71960,40_100511,542,40_597714580,40_9688,1774709160,1774707808,default
1774708644,1_10640,1_100252,62,1_800782060,1_8025280,1774709160,1774709160,default
1774708644,1_10640,1_100252,62,1_800782090,1_8025213,1774711800,1774711800,default
1774708944,1_60161,1_100042,148,1_762115160,1_7975792,1774709220,1774709220,default
1774708944,1_970,40_594,594,40_3729070,40_9727,1774709310,1774708950,default
1774708944,1_2850,1_100089,2,1_788828620,1_8023240,1774709760,1774709760,default
1774708944,1_46505,1_102619,F Line,1_656275430,1_7975757,1774709940,1774709940,default
1774708944,1_280,40_594,594,40_3729070,40_9727,1774709378,1774709032,default
1774708944,1_13810,1_102581,D Line,1_800538410,1_6051,1774709033,1774708961,default
1774708944,1_57453,1_100060,168,1_693791850,1_7975808,1774710480,1774710480,default
1774708944,1_57453,1_100060,168,1_635420460,1_7975811,1774712280,1774712280,default
1774708944,1_52306,1_102619,F Line,1_635422820,1_7975734,1774710300,1774710300,default
1774708944,1_41370,1_100219,4,1_800540940,1_7117,1774709255,1774709010,default
1774708944,1_57791,1_102718,184,1_635414720,1_7173,1774709137,1774709084,default
1774708944,1_10912,1_100162,271,1_694317270,1_7327,1774711260,1774711260,default
1774708944,1_10912,1_100162,271,1_694317270,1_7976239,1774711260,1774711260,default
1774708944,1_71960,40_100511,542,40_597714580,40_9688,1774709160,1774707808,default
1774708944,1_10640,1_100252,62,1_800782070,1_8076,1774710000,1774708837,default
1774708944,1_10640,1_100252,62,1_800782060,1_8025280,1774709160,1774709160,default
1774708944,1_10640,1_100252,62,1_800782090,1_8025213,1774711800,1774711800,default
1774709244,1_575,1_100089,2,1_788828610,1_7082,1774709220,1774709293,default
1774709244,1_2850,1_100089,2,1_788828620,1_8023240,1774709760,1774709760,default
1774709244,1_46505,1_102619,F Line,1_656275430,1_7975757,1774709940,1774709940,default
1774709244,1_31680,1_100031,132,1_800788280,1_8022,1774709290,1774709213,default
1774709244,1_1190,40_100239,550,40_561760930,40_9690,1774709458,1774709257,default
1774709244,1_57453,1_100060,168,1_693791850,1_7975808,1774710480,1774710553,default
1774709244,1_57453,1_100060,168,1_635420460,1_7975811,1774712280,1774712280,default
1774709244,1_52306,1_102619,F Line,1_635422820,1_7975734,1774710300,1774710300,default
1774709244,1_65092,1_100162,271,1_720941470,1_7976240,1774711740,1774711740,default
1774709244,1_54201,1_102619,F Line,1_694461050,1_6231,1774709239,1774709362,default
1774709244,1_59282,1_102717,165,1_800689700,1_7404,1774710600,1774709165,default
1774709244,1_59282,1_102717,165,1_800689700,1_8024085,1774710600,1774709165,default
1774709244,1_620,40_100236,545,40_353312430,40_7976440,1774709460,1774709486,default
1774709244,1_10912,1_100162,271,1_694317270,1_7327,1774711260,1774711260,default
1774709244,1_10640,1_100252,62,1_800782070,1_8076,1774710000,1774708837,default
1774709244,1_10640,1_100252,62,1_800782090,1_8025213,1774711800,1774711800,default
1774709244,1_8403,1_100039,14,1_727425690,1_7134,1774709520,1774709463,default
1774709544,1_575,1_102576,C Line,1_800797080,1_6262,1774709580,1774709593,default
1774709544,1_2850,1_100089,2,1_788828620,1_8023240,1774709760,1774709760,default
1774709544,1_2850,1_100089,2,1_788828300,1_8023225,1774710720,1774710720,default
1774709544,1_46505,1_102619,F Line,1_656275430,1_7975757,1774709940,1774709940,default
1774709544,1_46505,1_102619,F Line,1_656274660,1_7975733,1774710840,1774710840,default
1774709544,1_57453,1_100060,168,1_693791850,1_7975808,1774710480,1774710533,default
1774709544,1_57453,1_100060,168,1_635420460,1_7975811,1774712280,1774712280,default
1774709544,1_3380,1_100210,36,1_713418620,1_7142,1774709700,1774709595,default
1774709544,1_52306,1_100030,131,1_800787010,1_8078,1774709640,1774709619,default
1774709544,1_52306,1_102619,F Line,1_635422820,1_7975734,1774710300,1774710300,default
1774709544,1_55340,1_100006,107,1_714138590,1_7487,1774709678,1774709577,default
1774709544,1_65092,1_100162,271,1_720941470,1_7976240,1774711740,1774711740,default
1774709544,1_49350,1_100026,128,1_800700470,1_7186,1774709697,1774709673,default
1774709544,1_59282,1_102717,165,1_800689700,1_7404,1774710600,1774709165,default
1774709544,1_59282,1_100072,181,1_800685460,1_8024112,1774710660,1774710660,default
1774709544,1_10912,1_100162,271,1_694317270,1_7327,1774711260,1774711260,default
1774709544,1_10640,1_100252,62,1_800782070,1_8076,1774710000,1774708837,default
1774709544,1_10640,1_100252,62,1_800782090,1_8025213,1774711800,1774711800,default
1774709844,1_103,1_102745,G Line,1_736401190,1_6402,1774709863,1774709805,default
1774709844,1_2850,1_100089,2,1_788828300,1_8023225,1774710720,1774710720,default
1774709844,1_46505,1_102619,F Line,1_656275430,1_6229,1774709940,1774709940,default
1774709844,1_46505,1_102619,F Line,1_656275430,1_7975757,1774709940,1774709940,default
1774709844,1_46505,1_102619,F Line,1_656274660,1_7975733,1774710840,1774710840,default
1774709844,1_3470,1_100210,36,1_713418620,1_7142,1774710060,1774709837,default
1774709844,1_57453,1_100060,168,1_693791850,1_7975808,1774710480,1774710484,default
1774709844,1_57453,1_100060,168,1_635420460,1_7975811,1774712280,1774712280,default
1774709844,1_52306,1_102619,F Line,1_635422820,1_7975734,1774710300,1774710300,default
1774709844,1_52306,1_102619,F Line,1_635423640,1_7975737,1774711200,1774711200,default
1774709844,1_8530,1_100263,7,1_727430160,1_8237,1774710077,1774709938,default
1774709844,1_65092,1_100162,271,1_720941470,1_7976240,1774711740,1774711740,default
1774709844,1_57804,1_100072,181,1_800685440,1_7064,1774709849,1774710111,default
1774709844,1_59282,1_102717,165,1_800689700,1_7404,1774710600,1774709165,default
1774709844,1_59282,1_100072,181,1_800685460,1_8024112,1774710660,1774710660,default
1774709844,1_620,40_100240,554,40_774827940,40_9576,1774710120,1774710271,default
1774709844,1_10912,1_100162,271,1_694317270,1_7327,1774711260,1774711260,default
1774709844,1_10640,1_100252,62,1_800782090,1_8025213,1774711800,1774711800,default
1774710144,1_2850,1_100089,2,1_788828300,1_7169,1774710720,1774709874,default
1774710144,1_2850,1_100089,2,1_788828300,1_8023225,1774710720,1774710720,default
1774710144,1_46505,1_102619,F Line,1_656274660,1_6000,1774710840,1774710087,default
1774710144,1_46505,1_102619,F Line,1_656274660,1_7975733,1774710840,1774710840,default
1774710144,1_27420,1_100249,60,1_800794340,1_7020,1774710156,1774710244,default
1774710144,1_57453,1_100060,168,1_693791850,1_7975808,1774710480,1774710480,default
1774710144,1_57453,1_100060,168,1_635420460,1_7975811,1774712280,1774712280,default
1774710144,1_73366,1_102548,B Line,1_806283810,1_6042,1774710250,1774710201,default
1774710144,1_52306,1_102619,F Line,1_635422820,1_7975734,1774710300,1774710300,default
1774710144,1_52306,1_102619,F Line,1_635423640,1_7975737,1774711200,1774711200,default
1774710144,1_65092,1_100162,271,1_720941470,1_7976240,1774711740,1774711740,default
1774710144,1_59282,1_102717,165,1_800689700,1_7404,1774710600,1774709165,default
1774710144,1_59282,1_100072,181,1_800685460,1_8024112,1774710660,1774710660,default
1774710144,1_10912,1_100162,271,1_694317270,1_7327,1774711260,1774711260,default
1774710144,1_71960,40_100511,542,40_547583880,40_7976450,1774712760,1774712760,default
1774710144,1_10640,1_100252,62,1_800782080,1_8025279,1774710900,1774710900,default
1774710144,1_10640,1_100252,62,1_800782090,1_8025213,1774711800,1774711800,default
1774710444,1_103,1_102745,G Line,1_736401110,1_6407,1774710223,1774710448,default
1774710444,1_2850,1_100089,2,1_788828300,1_7169,1774710720,1774709874,default
1774710444,1_8080,1_100006,107,1_694449280,1_3722,1774710565,1774710452,default
1774710444,1_46505,1_102619,F Line,1_656274660,1_6000,1774710840,1774710087,default
1774710444,1_46505,1_102619,F Line,1_656275790,1_7975738,1774711740,1774711740,default
1774710444,1_57453,1_100060,168,1_635420460,1_7975811,1774712280,1774712437,default
1774710444,1_52306,1_102619,F Line,1_635423640,1_7975737,1774711200,1774711200,default
1774710444,1_65092,1_100162,271,1_720941470,1_7976240,1774711740,1774711740,default
1774710444,1_59282,1_102717,165,1_800689700,1_7404,1774710600,1774709165,default
1774710444,1_59282,1_100072,181,1_800685460,1_8024112,1774710660,1774710660,default
1774710444,1_620,40_100239,550,40_561762040,40_9683,1774710900,1774711093,default
1774710444,1_10912,1_100162,271,1_694317270,1_7327,1774711260,1774711260,default
1774710444,1_71960,40_100511,542,40_547583880,40_7976450,1774712760,1774712760,default
1774710444,1_10640,1_100252,62,1_800782080,1_8052,1774710900,1774710302,default
1774710444,1_10640,1_100252,62,1_800782080,1_8025279,1774710900,1774710900,default
1774710444,1_10640,1_100252,62,1_800782090,1_8025213,1774711800,1774711800,default
1774710744,1_970,40_594,594,40_1079070,40_9735,1774711110,1774710808,default
1774710744,1_2850,1_100089,2,1_788828630,1_7152,1774711620,1774710510,default
1774710744,1_2850,1_100089,2,1_788828630,1_8023245,1774711620,1774711620,default
1774710744,1_46505,1_102619,F Line,1_656274660,1_6000,1774710840,1774710087,default
1774710744,1_46505,1_102619,F Line,1_656275790,1_7975738,1774711740,1774711740,default
1774710744,1_47660,1_102736,H Line,1_654965080,1_7974721,1774710835,1774710357,default
1774710744,1_57453,1_100060,168,1_635420460,1_7975811,1774712280,1774712432,default
1774710744,1_52306,1_102619,F Line,1_635423640,1_7975737,1774711200,1774711200,default
1774710744,1_65092,1_100162,271,1_720941470,1_7976240,1774711740,1774711740,default
1774710744,1_74714,1_102701,225,1_806888250,1_7371,1774711025,1774710889,default
1774710744,1_620,40_594,594,40_1061070,40_61407,1774710780,1774710930,default
1774710744,1_10912,1_100228,48,1_770724290,1_8035,1774710780,1774710934,default
1774710744,1_10912,1_100162,271,1_694317270,1_7327,1774711260,1774711260,default
1774710744,1_10912,40_100511,542,40_569520670,40_7976449,1774712040,1774712040,default
1774710744,1_71960,40_100511,542,40_547583880,40_7976450,1774712760,1774712760,default
1774710744,1_81982,1_102746,333,1_778642770,1_7228,1774710879,1774710929,default
1774710744,1_58230,1_102720,160,1_800690700,1_7145,1774711015,1774710851,default
1774710744,1_10640,1_100252,62,1_800782090,1_8025213,1774711800,1774711800,default
1774711044,1_320,40_594,594,40_1079070,40_9735,1774711380,1774711090,default
1774711044,1_64569,1_100162,271,1_694317280,1_7380,1774711387,1774711039,default
1774711044,1_575,1_100210,36,1_713418620,1_7142,1774711200,1774710972,default
1774711044,1_2850,1_100089,2,1_788828630,1_7152,1774711620,1774710510,default
1774711044,1_46505,1_102619,F Line,1_656275790,1_7975738,1774711740,1774711740,default
1774711044,1_1190,1_100173,3,1_675352190,1_7095,1774710843,1774711091,default
1774711044,1_57453,1_100060,168,1_635420460,1_7975811,1774712280,1774712479,default
1774711044,1_60477,1_100060,168,1_693791850,1_7108,1774711046,1774711108,default
1774711044,3_31002,40_560,560,40_3183070,40_41514,1774711149,1774711173,default
1774711044,1_52306,1_102619,F Line,1_635423640,1_7975737,1774711200,1774711200,default
1774711044,1_52306,1_102619,F Line,1_635423240,1_7975736,1774712100,1774712100,default
1774711044,1_99254,1_100003,101,1_800687820,1_8163,1774710905,1774711204,default
1774711044,1_70665,1_102704,250,1_720938260,1_7306,1774710910,1774711156,default
1774711044,1_65092,1_100162,271,1_720941470,1_7976240,1774711740,1774711740,default
1774711044,1_59282,1_102717,165,1_800689710,1_8024163,1774712400,1774712400,default
1774711044,1_620,40_100236,545,40_353312250,40_7976437,1774711260,1774711275,default
1774711044,1_10912,1_100162,271,1_694317270,1_7327,1774711260,1774711260,default
1774711044,1_10912,40_100511,542,40_569520670,40_7976449,1774712040,1774712040,default
1774711044,1_71960,40_100511,542,40_547583880,40_7976450,1774712760,1774712760,default
1774711044,1_10640,1_100252,62,1_800782090,1_8025213,1774711800,1774711800,default
1774711044,1_10640,1_100252,62,1_800782120,1_8025216,1774714500,1774714500,default
1774711044,1_8403,1_100039,14,1_727426220,1_7111,1774711260,1774711192,default
1774711344,1_77930,1_102746,333,1_778643400,1_7253,1774711319,1774711364,default
1774711344,1_2850,1_100089,2,1_788828630,1_7152,1774711620,1774710510,default
1774711344,1_46505,1_102619,F Line,1_656275790,1_7975738,1774711740,1774711740,default
1774711344,1_46505,1_102619,F Line,1_656275080,1_7975735,1774712640,1774712640,default
1774711344,1_31680,1_100249,60,1_800793960,1_7027,1774711422,1774711370,default
1774711344,1_51471,1_102736,H Line,1_636326730,1_6043,1774711201,1774711410,default
1774711344,1_57453,1_100060,168,1_635420460,1_7975811,1774712280,1774712532,default
1774711344,1_71842,1_102753,222,1_774785760,1_7243,1774711451,1774711404,default
1774711344,1_52306,1_100030,131,1_800787020,1_8025285,1774711440,1774711292,default
1774711344,1_52306,1_102619,F Line,1_635423240,1_7975736,1774712100,1774712100,default
1774711344,1_52306,1_102619,F Line,1_635424010,1_7975739,1774713000,1774713000,default
1774711344,1_65092,1_100162,271,1_720941470,1_7976240,1774711740,1774711740,default
1774711344,1_41940,1_100249,60,1_800794180,1_7019,1774711347,1774711463,default
1774711344,1_57804,1_100072,181,1_800685500,1_7466,1774711709,1774711709,default
1774711344,1_59282,1_100072,181,1_800685490,1_7064,1774712460,1774711309,default
1774711344,1_59282,1_102717,165,1_800689710,1_8024163,1774712400,1774712400,default
1774711344,1_59282,1_100072,181,1_800685490,1_8024113,1774712460,1774712460,default
1774711344,1_10912,40_100511,542,40_569520670,40_7976449,1774712040,1774712040,default
1774711344,1_10640,1_100252,62,1_800782090,1_8026,1774711800,1774711291,default
1774711344,1_10640,1_100252,62,1_800782090,1_8025213,1774711800,1774711800,default
1774711344,1_10640,1_100252,62,1_800782120,1_8025216,1774714500,1774714500,default
1774711344,1_71838,1_102753,222,1_774785760,1_7243,1774711569,1774711509,default
1774711644,1_60161,1_100042,148,1_762115080,1_7975853,1774712700,1774712700,default
1774711644,1_2850,1_100089,2,1_788828310,1_7066,1774712460,1774711400,default
1774711644,1_2850,1_100089,2,1_788828310,1_8023242,1774712460,1774712460,default
1774711644,1_46505,1_102619,F Line,1_656275790,1_7975738,1774711740,1774711740,default
1774711644,1_46505,1_102619,F Line,1_656275080,1_7975735,1774712640,1774712640,default
1774711644,1_57453,1_100060,168,1_635420460,1_7975811,1774712280,1774712485,default
1774711644,1_52306,40_560,560,40_3183070,40_41514,1774711740,1774711770,default
1774711644,1_52306,1_102619,F Line,1_635423240,1_7975736,1774712100,1774712100,default
1774711644,1_52306,1_102619,F Line,1_635424010,1_7975739,1774713000,1774713000,default
1774711644,1_59282,1_100072,181,1_800685490,1_7064,1774712460,1774711309,default
1774711644,1_59282,1_102717,165,1_800689710,1_8024163,1774712400,1774712400,default
1774711644,1_10912,40_100511,542,40_569520670,40_7976449,1774712040,1774712040,default
1774711644,1_10640,1_100252,62,1_800782120,1_8025216,1774714500,1774714500,default
1774711944,1_60161,1_100042,148,1_762115080,1_3753,1774712700,1774711631,default
1774711944,1_320,40_100239,550,40_561762840,40_7976486,1774711980,1774711980,default
1774711944,1_2850,1_100089,2,1_788828310,1_7066,1774712460,1774711400,default
1774711944,1_46505,1_102619,F Line,1_656275080,1_6231,1774712640,1774711750,default
1774711944,1_46505,1_102619,F Line,1_656275080,1_7975735,1774712640,1774712640,default
1774711944,1_46505,1_102619,F Line,1_656276120,1_7975740,1774713540,1774713540,default
1774711944,1_27420,1_100249,60,1_800793850,1_7054,1774712016,1774711994,default
1774711944,1_57453,1_100060,168,1_635420460,1_7975811,1774712280,1774712471,default
1774711944,1_58342,1_100072,181,1_800685460,1_7171,1774711980,1774712027,default
1774711944,1_52306,1_102619,F Line,1_635423240,1_7975736,1774712100,1774712100,default
1774711944,1_52306,1_102619,F Line,1_635424010,1_7975739,1774713000,1774713000,default
1774711944,1_99254,40_594,594,40_2160070,40_51401,1774712236,1774712031,default
1774711944,1_65092,1_100162,271,1_720941500,1_7380,1774713540,1774711361,default
1774711944,1_59282,1_100072,181,1_800685490,1_7064,1774712460,1774711309,default
1774711944,1_59282,1_102717,165,1_800689710,1_8024163,1774712400,1774712400,default
1774711944,1_10640,1_100252,62,1_800782100,1_8025214,1774712700,1774712700,default
1774711944,1_10640,1_100252,62,1_800782120,1_8025216,1774714500,1774714500,default
1774712245,1_481,1_102576,C Line,1_800797100,1_6262,1774712100,1774712272,default
1774712245,1_60161,1_100042,148,1_762115080,1_3753,1774712700,1774711631,default
1774712245,1_2850,1_100089,2,1_788828310,1_7066,1774712460,1774711400,default
1774712245,1_46505,1_102619,F Line,1_656275080,1_6231,1774712640,1774711750,default
1774712245,1_46505,1_102619,F Line,1_656276120,1_7975740,1774713540,1774713540,default
1774712245,1_57453,1_100060,168,1_635420460,1_7975811,1774712280,1774712499,default
1774712245,1_52306,1_102619,F Line,1_635424010,1_7975739,1774713000,1774713000,default
1774712245,1_70665,1_102702,239,1_581647010,1_3705,1774712355,1774712373,default
1774712245,1_65092,1_100162,271,1_720941500,1_7380,1774713540,1774711361,default
1774712245,1_2200,1_102581,D Line,1_800538370,1_6079,1774712232,1774712441,default
1774712245,1_59282,1_100072,181,1_800685490,1_7064,1774712460,1774711309,default
1774712245,1_59282,1_102717,165,1_800689710,1_8024163,1774712400,1774712400,default
1774712245,1_25791,1_100214,372,1_609382370,1_7401,1774712056,1774712414,default
1774712245,1_620,40_594,594,40_2160070,40_51401,1774712580,1774712369,default
1774712245,1_10640,1_100252,62,1_800782100,1_8040,1774712700,1774712153,default
1774712245,1_10640,1_100252,62,1_800782100,1_8025214,1774712700,1774712700,default
1774712245,1_10640,1_100252,62,1_800782120,1_8025216,1774714500,1774714500,default
1774712545,1_60161,1_100042,148,1_762115080,1_3753,1774712700,1774711631,default
1774712545,1_970,40_594,594,40_2291070,40_9729,1774712910,1774712599,default
1774712545,1_2850,1_100089,2,1_788828640,1_8023239,1774713360,1774713360,default
1774712545,1_8080,1_100263,7,1_727429990,1_8228,1774715856,1774712494,default
1774712545,1_46505,1_102619,F Line,1_656275080,1_6231,1774712640,1774711750,default
1774712545,1_46505,1_102619,F Line,1_656276120,1_7975740,1774713540,1774713540,default
1774712545,1_47660,1_102736,H Line,1_636327500,1_6076,1774712695,1774712582,default
1774712545,1_52306,1_102619,F Line,1_635424010,1_7975739,1774713000,1774713000,default
1774712545,1_80121,1_102719,161,1_800694410,1_7077,1774712663,1774712609,default
1774712545,1_99254,1_100003,101,1_800686740,1_8172,1774712705,1774712655,default
1774712545,1_7750,1_102615,E Line,1_811961390,1_6221,1774712706,1774712600,default
1774712545,1_40030,1_102574,40,1_811078380,1_8264,1774712360,1774712655,default
1774712545,1_65092,1_100162,271,1_720941500,1_7380,1774713540,1774711361,default
1774712545,1_620,40_100239,550,40_561762830,40_9669,1774712700,1774713131,default
1774712545,1_10912,40_100511,542,40_569520790,40_7976448,1774713840,1774713840,default
1774712545,1_10912,1_100162,271,1_694317330,1_7976242,1774714800,1774714800,default
1774712545,1_71960,40_100511,542,40_547583880,40_9668,1774712760,1774711085,default
1774712545,1_10640,1_100252,62,1_800782120,1_8025216,1774714500,1774714500,default
1774712845,1_85800,1_100196,331,1_816391810,1_7258,1774712874,1774712929,default
1774712845,1_26560,1_102574,40,1_811078490,1_8236,1774712342,1774712890,default
1774712845,1_8541,1_100005,106,1_762143760,1_7168,1774712880,1774712874,default
1774712845,1_320,40_594,594,40_2291070,40_9729,1774713180,1774712868,default
1774712845,1_575,1_100210,36,1_713418610,1_7193,1774713000,1774712887,default
1774712845,1_2850,1_100089,2,1_788828640,1_7075,1774713360,1774712588,default
1774712845,1_2850,1_100089,2,1_788828640,1_8023239,1774713360,1774713360,default
1774712845,1_46505,1_102619,F Line,1_656276120,1_7975740,1774713540,1774713540,default
1774712845,1_27420,1_100249,60,1_800794790,1_7062,1774712916,1774712980,default
1774712845,1_52306,1_102619,F Line,1_635424010,1_7975739,1774713000,1774713000,default
1774712845,1_52306,1_102619,F Line,1_635423450,1_7975757,1774713900,1774713900,default
1774712845,1_41128,1_100026,128,1_800700420,1_7468,1774713003,1774712884,default
1774712845,1_65092,1_100162,271,1_720941500,1_7380,1774713540,1774711361,default
1774712845,1_41850,1_100249,60,1_800793820,1_7052,1774712967,1774712955,default
1774712845,1_2200,1_102581,D Line,1_800538350,1_6061,1774713012,1774712964,default
1774712845,1_59282,1_102717,165,1_800689720,1_7478,1774714320,1774712893,default
1774712845,1_55430,1_100006,107,1_714138870,1_7487,1774713017,1774712929,default
1774712845,1_49755,1_100031,132,1_800787740,1_8033,1774713040,1774712955,default
1774712845,1_620,40_100236,545,40_353312320,40_7976439,1774713060,1774713103,default
1774712845,1_10912,40_100511,542,40_569520790,40_7976448,1774713840,1774713840,default
1774712845,1_10912,1_100162,271,1_694317330,1_7976242,1774714800,1774714800,default
1774712845,1_10640,1_100252,62,1_800782110,1_8002,1774713600,1774712850,default
1774712845,1_10640,1_100252,62,1_800782110,1_8025217,1774713600,1774713600,default
1774712845,1_10640,1_100252,62,1_800782120,1_8025216,1774714500,1774714500,default
1774713145,1_575,1_102576,C Line,1_800796520,1_6259,1774713240,1774713145,default
1774713145,1_2850,1_100089,2,1_788828640,1_7075,1774713360,1774712588,default
1774713145,1_46505,1_102619,F Line,1_656276120,1_7975740,1774713540,1774713540,default
1774713145,1_46505,1_102619,F Line,1_656274880,1_7975734,1774714440,1774714440,default
1774713145,1_52306,1_102619,F Line,1_635423450,1_7975757,1774713900,1774713900,default
1774713145,1_99254,1_100003,101,1_694453740,1_8141,1774716460,1774713207,default
1774713145,1_65092,1_100162,271,1_720941500,1_7380,1774713540,1774711361,default
1774713145,1_79229,1_100045,150,1_800687840,1_8122,1774713367,1774713168,default
1774713145,1_59282,1_100072,181,1_800685510,1_7466,1774714260,1774712878,default
1774713145,1_59282,1_102717,165,1_800689720,1_7478,1774714320,1774712893,default
1774713145,1_60710,1_100512,A Line,1_800692450,1_6285,1774713215,1774713331,default
1774713145,1_68888,1_102552,226,1_778425370,1_7343,1774713656,1774713301,default
1774713145,1_10912,1_100228,48,1_770725010,1_8034,1774713480,1774713323,default
1774713145,1_10912,40_100511,542,40_569520790,40_7976448,1774713840,1774713840,default
1774713145,1_10912,1_100162,271,1_694317330,1_7976242,1774714800,1774714800,default
1774713145,1_10640,1_100252,62,1_800782110,1_8002,1774713600,1774712850,default
1774713145,1_10640,1_100252,62,1_800782120,1_8025216,1774714500,1774714500,default
1774713445,1_575,1_100210,36,1_732388580,1_7104,1774713600,1774713443,default
1774713445,1_46505,1_102619,F Line,1_656276120,1_7975740,1774713540,1774713540,default
1774713445,1_46505,1_102619,F Line,1_656274880,1_7975734,1774714440,1774714440,default
1774713445,1_52306,1_102619,F Line,1_635423450,1_7975757,1774713900,1774713900,default
1774713445,1_76312,1_102705,230,1_694314480,1_7370,1774713573,1774713492,default
1774713445,1_57804,1_100072,181,1_800685470,1_7197,1774713509,1774713598,default
1774713445,1_59282,1_100072,181,1_800685510,1_7466,1774714260,1774712878,default
1774713445,1_59282,1_102717,165,1_800689720,1_7478,1774714320,1774712893,default
1774713445,1_10912,40_100511,542,40_569520790,40_7976448,1774713840,1774713840,default
1774713445,1_10912,1_100162,271,1_694317330,1_7976242,1774714800,1774714800,default
1774713445,1_10640,1_100252,62,1_800782120,1_8025216,1774714500,1774714489,default
1774713745,1_103,1_102745,G Line,1_736402350,1_6401,1774713495,1774713761,default
1774713745,1_51551,1_102736,H Line,1_636327520,1_6077,1774713997,1774713686,default
1774713745,1_75890,1_102615,E Line,1_811961390,1_6221,1774713844,1774713708,default
1774713745,1_30510,1_100249,60,1_800794510,1_7024,1774713792,1774713702,default
1774713745,1_46505,1_102619,F Line,1_656274880,1_7975734,1774714440,1774714440,default
1774713745,1_27420,1_100249,60,1_800793820,1_7052,1774713816,1774713806,default
1774713745,1_52306,1_102619,F Line,1_635423450,1_6229,1774713900,1774713715,default
1774713745,1_52306,1_102619,F Line,1_635423450,1_7975757,1774713900,1774713900,default
1774713745,1_52306,1_102619,F Line,1_635422640,1_7975733,1774714800,1774714800,default
1774713745,1_7750,1_102615,E Line,1_811961320,1_6215,1774713906,1774713792,default
1774713745,1_22184,1_102736,H Line,1_636326750,1_6078,1774713941,1774713825,default
1774713745,1_59282,1_100072,181,1_800685510,1_7466,1774714260,1774712878,default
1774713745,1_59282,1_102717,165,1_800689720,1_7478,1774714320,1774712893,default
1774713745,1_10912,1_100162,271,1_694317330,1_7976242,1774714800,1774714800,default
1774713745,1_71960,40_100511,542,40_547583590,40_7976449,1774714560,1774714560,default
1774713745,1_10640,1_100252,62,1_800782120,1_8000,1774714500,1774713692,default
1774713745,1_10640,1_100252,62,1_800782120,1_8025216,1774714500,1774714478,default
1774713745,1_10640,1_100252,62,1_800782140,1_8025247,1774716300,1774716300,default
1774714045,1_575,1_102615,E Line,1_811961510,1_6205,1774713840,1774714094,default
1774714045,1_2850,1_100089,2,1_788828320,1_8023224,1774714260,1774715075,default
1774714045,1_46505,1_102619,F Line,1_656275630,1_6277,1774715340,1774713857,default
1774714045,1_46505,1_102619,F Line,1_656274880,1_7975734,1774714440,1774714440,default
1774714045,1_47660,1_102736,H Line,1_636327520,1_6077,1774714495,1774714082,default
1774714045,1_52306,1_102619,F Line,1_635422640,1_7975733,1774714800,1774714800,default
1774714045,1_9605,1_100259,67,1_534533270,1_7975451,1774714080,1774714172,default
1774714045,1_2200,1_100089,2,1_788828980,1_7098,1774713926,1774714171,default
1774714045,1_59282,1_100072,181,1_800685510,1_7466,1774714260,1774712878,default
1774714045,1_59282,1_102717,165,1_800689720,1_7478,1774714320,1774712893,default
1774714045,1_57791,1_102718,184,1_664500450,1_7445,1774714177,1774714290,default
1774714045,1_620,40_594,594,40_536070,40_9714,1774714380,1774714284,default
1774714045,1_10912,1_100162,271,1_694317330,1_7976242,1774714800,1774714800,default
1774714045,1_71960,40_100511,542,40_547583590,40_7976449,1774714560,1774714560,default
1774714045,1_10640,1_100252,62,1_800782120,1_8000,1774714500,1774713692,default
1774714045,1_10640,1_100252,62,1_800782140,1_8025247,1774716300,1774716300,default
1774714345,1_970,40_594,594,40_3740070,40_9721,1774714710,1774714439,default
1774714345,1_8541,1_100039,14,1_800532460,1_7178,1774714260,1774714389,default
1774714345,1_320,40_100239,550,40_561762070,40_9669,1774714260,1774714391,default
1774714345,1_2850,1_100089,2,1_788828650,1_7082,1774715160,1774714022,default
1774714345,1_2850,1_100089,2,1_788828320,1_8023224,1774714260,1774715091,default
1774714345,1_46505,1_102619,F Line,1_656275630,1_6277,1774715340,1774713857,default
1774714345,1_46505,1_102619,F Line,1_656274880,1_7975734,1774714440,1774714440,default
1774714345,1_57453,1_100074,183,1_800689090,1_7113,1774714560,1774714403,default
1774714345,3_31002,40_560,560,40_385070,40_41506,1774714629,1774714659,default
1774714345,1_52306,1_102619,F Line,1_635422640,1_7975733,1774714800,1774714800,default
1774714345,1_80121,1_102719,161,1_800694420,1_7440,1774714535,1774714434,default
1774714345,1_65092,1_100162,271,1_720941520,1_7976243,1774715340,1774715340,default
1774714345,1_55150,1_100005,106,1_762143820,1_7393,1774714554,1774714424,default
1774714345,1_620,40_100239,550,40_561763290,40_9672,1774714440,1774715022,default
1774714345,1_10912,1_100162,271,1_694317330,1_7976242,1774714800,1774714800,default
1774714345,1_10912,40_100511,542,40_569520980,40_7976450,1774715640,1774715640,default
1774714345,1_71960,40_100511,542,40_547583590,40_7976449,1774714560,1774714560,default
1774714345,1_81982,1_102746,333,1_778642810,1_7230,1774714479,1774714519,default
1774714345,1_10640,1_100252,62,1_800782140,1_8025247,1774716300,1774716300,default
1774714645,1_85800,1_100196,331,1_816391650,1_7225,1774714674,1774714767,default
1774714645,1_320,40_594,594,40_3740070,40_9721,1774714980,1774714692,default
1774714645,1_575,1_100264,70,1_809239710,1_8213,1774714500,1774714710,default
1774714645,1_2850,1_100089,2,1_788828650,1_7082,1774715160,1774714022,default
1774714645,1_2850,1_100089,2,1_788828320,1_8023224,1774714260,1774715101,default
1774714645,1_46505,1_102619,F Line,1_656275630,1_6277,1774715340,1774713857,default
1774714645,1_60477,1_100060,168,1_800693510,1_7135,1774714646,1774714701,default
1774714645,1_52306,1_102619,F Line,1_635422640,1_6000,1774714800,1774714659,default
1774714645,1_52306,1_102619,F Line,1_635422640,1_7975733,1774714800,1774714800,default
1774714645,1_52306,1_102619,F Line,1_635423830,1_7975738,1774715700,1774715700,default
1774714645,1_41128,1_100026,128,1_800700540,1_7392,1774714803,1774714712,default
1774714645,1_8530,1_100263,7,1_727430150,1_8241,1774714457,1774714736,default
1774714645,1_65092,1_100162,271,1_720941520,1_7976243,1774715340,1774715340,default
1774714645,1_40065,1_102574,40,1_811078430,1_8234,1774714789,1774714764,default
1774714645,1_59282,1_102717,165,1_800689730,1_8024071,1774716180,1774716180,default
1774714645,1_59872,1_102619,F Line,1_635424010,1_6008,1774714705,1774714787,default
1774714645,1_25791,1_100214,372,1_609382600,1_7435,1774713856,1774714807,default
1774714645,1_620,40_100236,545,40_353312370,40_7976438,1774714860,1774714860,default
1774714645,1_620,40_100239,550,40_561763290,40_9672,1774714440,1774714871,default
1774714645,1_620,40_100236,545,40_353312370,40_9810,1774714860,1774714889,default
1774714645,1_10912,40_100511,542,40_569520980,40_7976450,1774715640,1774715640,default
1774714645,1_10640,1_100252,62,1_800782130,1_8025281,1774715400,1774715400,default
1774714645,1_10640,1_100252,62,1_800782140,1_8025247,1774716300,1774716300,default
1774714945,1_75890,1_102615,E Line,1_811961320,1_6215,1774715044,1774714889,default
1774714945,1_2850,1_100089,2,1_788828650,1_7082,1774715160,1774714022,default
1774714945,1_2850,1_100089,2,1_788828320,1_8023224,1774714260,1774715091,default
1774714945,1_46505,1_102619,F Line,1_656275630,1_6277,1774715340,1774713857,default
1774714945,1_46505,1_102619,F Line,1_656275270,1_7975736,1774716240,1774716240,default
1774714945,1_52306,40_560,560,40_385070,40_41506,1774715220,1774715192,default
1774714945,1_52306,1_102619,F Line,1_635423830,1_7975738,1774715700,1774715700,default
1774714945,1_82187,1_100259,67,1_534532820,1_8132,1774715060,1774714967,default
1774714945,1_65092,1_100162,271,1_720941520,1_7976243,1774715340,1774715340,default
1774714945,1_49350,1_100026,128,1_800700540,1_7392,1774715217,1774715108,default
1774714945,1_57804,1_100072,181,1_800685480,1_7467,1774715309,1774715424,default
1774714945,1_22184,1_102736,H Line,1_636326760,1_6076,1774714841,1774715078,default
1774714945,1_59282,1_100072,181,1_800685540,1_7197,1774716060,1774714818,default
1774714945,1_59282,1_102717,165,1_800689730,1_7311,1774716180,1774714911,default
1774714945,1_59282,1_100072,181,1_800685540,1_8024123,1774716060,1774716060,default
1774714945,1_59282,1_102717,165,1_800689730,1_8024071,1774716180,1774716180,default
1774714945,1_10912,40_100511,542,40_569520980,40_7976450,1774715640,1774715640,default
1774714945,1_10640,1_100252,62,1_800782130,1_8025281,1774715400,1774715400,default
1774714945,1_10640,1_100252,62,1_800782140,1_8025247,1774716300,1774716300,default
1774715245,1_51651,1_102736,H Line,1_636326770,1_6067,1774715318,1774715226,default
1774715245,1_575,1_102615,E Line,1_811962310,1_6049,1774715040,1774715291,default
1774715245,1_2850,1_100089,2,1_788828330,1_7192,1774716000,1774715013,default
1774715245,1_2850,1_100089,2,1_788828330,1_8023244,1774716000,1774716000,default
1774715245,1_46505,1_102619,F Line,1_656275630,1_6277,1774715340,1774713857,default
1774715245,1_46505,1_102619,F Line,1_656275270,1_7975736,1774716240,1774716240,default
1774715245,1_52306,1_102619,F Line,1_635423830,1_7975738,1774715700,1774715700,default
1774715245,1_65092,1_100162,271,1_694317270,1_7327,1774715580,1774715303,default
1774715245,1_57804,1_100072,181,1_800685480,1_7467,1774715309,1774715374,default
1774715245,1_59282,1_100072,181,1_800685540,1_7197,1774716060,1774714818,default
1774715245,1_59282,1_102717,165,1_800689730,1_7311,1774716180,1774714911,default
1774715245,1_60710,1_100512,A Line,1_800699630,1_6280,1774715435,1774715296,default
1774715245,1_620,40_100239,550,40_561761420,40_9653,1774716420,1774716693,default
1774715245,1_10912,1_100162,271,1_694317350,1_7976244,1774716600,1774716600,default
1774715245,1_71960,40_100511,542,40_547583740,40_7976448,1774716420,1774716420,default
1774715245,1_10640,1_100252,62,1_800782150,1_8067,1774717200,1774715583,default
1774715245,1_10640,1_100252,62,1_800782140,1_8025247,1774716300,1774716300,default
1774715245,1_18550,1_100252,62,1_800782790,1_8290,1774716296,1774716186,default
1774716220,1_26560,1_102574,40,1_811078420,1_8206,1774716122,1774716328,default
1774716220,1_60161,1_100042,148,1_762115130,1_7975855,1774716240,1774716240,default
1774716220,1_970,40_594,594,40_3109070,40_51401,1774716510,1774716207,default
1774716220,1_75890,1_102615,E Line,1_811961510,1_6205,1774716244,1774716155,default
1774716220,1_2850,1_100089,2,1_788828660,1_8023240,1774716840,1774716840,default
1774716220,1_46505,1_102619,F Line,1_656275990,1_7975739,1774717140,1774717140,default
1774716220,1_280,40_594,594,40_3109070,40_51401,1774716578,1774716275,default
1774716220,1_52306,1_102619,F Line,1_656275090,1_7975735,1774716600,1774716600,default
1774716220,1_58112,1_102619,F Line,1_656274880,1_6279,1774716036,1774716362,default
1774716220,1_70665,1_102704,250,1_720938290,1_7360,1774716291,1774716338,default
1774716220,1_65092,1_100162,271,1_720941540,1_7976239,1774717080,1774717080,default
1774716220,1_620,40_100236,545,40_353312550,40_7976441,1774716360,1774716486,default
1774716220,1_620,40_100239,550,40_561761420,40_9653,1774716420,1774716649,default
1774716220,1_10912,1_100264,70,1_809239470,1_8242,1774716385,1774716416,default
1774716220,1_10912,1_100162,271,1_694317350,1_7976244,1774716600,1774716600,default
1774716220,1_10912,40_100511,542,40_569520680,40_7976449,1774717500,1774717500,default
1774716220,1_10912,1_100162,271,1_694317370,1_7976240,1774718400,1774718400,default
1774716220,1_71960,40_100511,542,40_547583740,40_9807,1774716420,1774716331,default
1774716220,1_71960,40_100511,542,40_547583740,40_7976448,1774716420,1774716420,default
1774716220,1_10640,1_100252,62,1_800782150,1_8067,1774717200,1774715583,default
1774716520,1_481,1_102736,H Line,1_636327570,1_6063,1774716600,1774716501,default
1774716520,1_85800,1_100196,331,1_816391960,1_7218,1774716513,1774716545,default
1774716520,1_575,1_100210,36,1_562555580,1_7137,1774716720,1774716558,default
1774716520,1_2850,1_100089,2,1_788828660,1_8023240,1774716840,1774716840,default
1774716520,1_8080,1_100005,106,1_762143810,1_7190,1774716626,1774716493,default
1774716520,1_46505,1_102619,F Line,1_656275990,1_7975739,1774717140,1774717140,default
1774716520,1_1190,1_100009,11,1_736408290,1_8003,1774716498,1774716567,default
1774716520,1_27420,1_100249,60,1_800794040,1_7027,1774716636,1774716612,default
1774716520,1_52306,1_102619,F Line,1_656276130,1_7975740,1774717500,1774717500,default
1774716520,1_65092,1_100162,271,1_720941540,1_7976239,1774717080,1774717080,default
1774716520,1_57804,1_100072,181,1_800685520,1_7171,1774717166,1774717031,default
1774716520,1_59282,1_102717,165,1_800689740,1_7431,1774717980,1774716424,default
1774716520,1_58111,1_102619,F Line,1_656275630,1_6277,1774716736,1774716603,default
1774716520,1_10912,40_100511,542,40_569520680,40_7976449,1774717500,1774717500,default
1774716520,1_10912,1_100162,271,1_694317370,1_7976240,1774718400,1774718400,default
1774716520,1_10640,1_100252,62,1_800782150,1_8067,1774717200,1774715583,default
1774716820,1_970,1_100045,150,1_800687280,1_8135,1774716870,1774716770,default
1774716820,1_2850,1_100089,2,1_788828340,1_8023225,1774717800,1774717800,default
1774716820,1_46505,1_102619,F Line,1_656275990,1_7975739,1774717140,1774717140,default
1774716820,1_46505,1_102619,F Line,1_656275450,1_7975757,1774718040,1774718040,default
1774716820,1_52306,1_102619,F Line,1_656276130,1_7975740,1774717500,1774717500,default
1774716820,1_58112,1_102619,F Line,1_656275630,1_6277,1774716996,1774716887,default
1774716820,1_65092,1_100162,271,1_720941540,1_7976239,1774717080,1774717080,default
1774716820,1_65092,1_100162,271,1_720941570,1_7976245,1774718820,1774718820,default
1774716820,1_2200,1_102581,D Line,1_800538140,1_6112,1774716852,1774716980,default
1774716820,1_57804,1_100072,181,1_800685520,1_7171,1774717166,1774716928,default
1774716820,1_59282,1_102717,165,1_800689740,1_7431,1774717980,1774716424,default
1774716820,1_59282,1_100072,181,1_800685550,1_7467,1774717860,1774716543,default
1774716820,1_10912,1_100228,48,1_770725260,1_8035,1774717080,1774717011,default
1774716820,1_10912,40_100511,542,40_569520680,40_7976449,1774717500,1774717500,default
1774716820,1_10912,1_100162,271,1_694317370,1_7976240,1774718400,1774718400,default
1774716820,1_10640,1_100252,62,1_800782150,1_8067,1774717200,1774715583,default
1774716820,1_10640,1_100252,62,1_800782160,1_8041,1774718100,1774716573,default
1774717120,1_46791,1_100016,118,1_656261170,1_3702,1774717080,1774717193,default
1774717120,1_2850,1_100089,2,1_788828340,1_7169,1774717800,1774716877,default
1774717120,1_2850,1_100089,2,1_788828340,1_8023225,1774717800,1774717800,default
1774717120,1_46505,1_102619,F Line,1_656275450,1_7975757,1774718040,1774718040,default
1774717120,1_81199,1_100072,181,1_800685520,1_7171,1774717425,1774717156,default
1774717120,1_52306,1_102619,F Line,1_656276130,1_7975740,1774717500,1774717500,default
1774717120,1_99254,40_594,594,40_1704070,40_41515,1774717516,1774717266,default
1774717120,1_65092,1_100162,271,1_720941570,1_7976245,1774718820,1774718820,default
1774717120,1_59282,1_102717,165,1_800689740,1_7431,1774717980,1774716424,default
1774717120,1_59282,1_100072,181,1_800685550,1_7467,1774717860,1774716543,default
1774717120,1_45360,1_100006,107,1_714138900,1_3722,1774717456,1774717171,default
1774717120,1_10912,1_100224,44,1_634037240,1_8256,1774717285,1774717275,default
1774717120,1_10912,1_100264,70,1_809239730,1_8026467,1774717285,1774717300,default
1774717120,1_10912,40_100511,542,40_569520680,40_7976449,1774717500,1774717500,default
1774717120,1_10912,1_100162,271,1_694317370,1_7976240,1774718400,1774718400,default
1774717120,1_10640,1_100252,62,1_800782160,1_8041,1774718100,1774716573,default
1774717420,1_81205,1_100072,181,1_800685520,1_7171,1774717640,1774717393,default
1774717420,1_2850,1_100089,2,1_788828340,1_7169,1774717800,1774716877,default
1774717420,1_46505,1_102619,F Line,1_656275450,1_7975757,1774718040,1774718040,default
1774717420,1_52306,1_102619,F Line,1_656274890,1_7975734,1774718400,1774718400,default
1774717420,1_65092,1_100162,271,1_720941570,1_7976245,1774718820,1774718820,default
1774717420,1_59282,1_102717,165,1_800689740,1_7431,1774717980,1774716424,default
1774717420,1_59282,1_100072,181,1_800685550,1_7467,1774717860,1774716543,default
1774717420,1_55430,1_100006,107,1_635408260,1_3715,1774717577,1774717487,default
1774717420,1_620,40_100240,554,40_774827120,40_9690,1774717620,1774717887,default
1774717420,1_620,40_100239,550,40_561762850,40_9576,1774717320,1774717903,default
1774717420,1_10912,1_100162,271,1_694317370,1_7976240,1774718400,1774718400,default
1774717420,1_71960,40_100511,542,40_597714890,40_7976450,1774718220,1774718220,default
1774717420,1_10640,1_100252,62,1_800782160,1_8041,1774718100,1774716573,default
1774717720,1_2850,1_100089,2,1_788828340,1_7169,1774717800,1774716877,default
1774717720,1_46505,1_102619,F Line,1_656275450,1_7975757,1774718040,1774718040,default
1774717720,1_46505,1_102619,F Line,1_656274700,1_7975733,1774718940,1774718940,default
1774717720,3_31002,40_560,560,40_1041070,40_9125,1774718049,1774718053,default
1774717720,1_52306,1_102619,F Line,1_656274890,1_7975734,1774718400,1774718400,default
1774717720,1_8530,1_100263,7,1_727430240,1_8237,1774717153,1774717819,default
1774717720,1_65092,1_100162,271,1_720941570,1_7976245,1774718820,1774718820,default
1774717720,1_2200,1_102581,D Line,1_800538080,1_6051,1774717752,1774717912,default
1774717720,1_39983,1_102736,H Line,1_636327570,1_6063,1774717860,1774717724,default
1774717720,1_59282,1_102717,165,1_800689740,1_7431,1774717980,1774716424,default
1774717720,1_59282,1_100072,181,1_800685550,1_7467,1774717860,1774716543,default
1774717720,1_10912,1_100162,271,1_694317370,1_7976240,1774718400,1774718400,default
1774717720,1_71960,40_100511,542,40_597714890,40_7976450,1774718220,1774718220,default
1774717720,1_10640,1_100252,62,1_800782160,1_8041,1774718100,1774716573,default
1774717720,1_10640,1_100252,62,1_800782170,1_8025215,1774719000,1774719000,default
1774718020,1_103,1_102745,G Line,1_736402000,1_6400,1774717455,1774718052,default
1774718020,1_26560,1_102574,40,1_811078360,1_8224,1774718102,1774718109,default
1774718020,1_30790,1_100249,60,1_800794520,1_7052,1774718031,1774718049,default
1774718020,1_320,40_100239,550,40_561761310,40_9632,1774717860,1774718066,default
1774718020,1_2850,1_100089,2,1_788828670,1_8023245,1774718640,1774718640,default
1774718020,1_46505,1_102619,F Line,1_656274700,1_7975733,1774718940,1774718940,default
1774718020,1_280,40_594,594,40_1912070,40_9714,1774718378,1774718034,default
1774718020,1_280,40_100240,554,40_561759920,40_7976482,1774718093,1774718093,default
1774718020,3_31002,40_560,560,40_1041070,40_9125,1774718049,1774718086,default
1774718020,1_52306,1_102619,F Line,1_656274890,1_7975734,1774718400,1774718400,default
1774718020,1_58112,1_102619,F Line,1_656275270,1_6227,1774717896,1774718157,default
1774718020,1_65092,1_100162,271,1_720941570,1_7976245,1774718820,1774718820,default
1774718020,1_620,40_100239,550,40_561762080,40_9683,1774718220,1774718283,default
1774718020,1_10912,1_100264,70,1_809239490,1_8026466,1774718185,1774718185,default
1774718020,1_10912,1_100162,271,1_694317370,1_7976240,1774718400,1774718400,default
1774718020,1_10912,40_100511,542,40_569520840,40_7976448,1774719360,1774719360,default
1774718020,1_10912,1_100162,271,1_694317380,1_7976241,1774720200,1774720200,default
1774718020,1_71960,40_100511,542,40_597714890,40_9668,1774718220,1774718099,default
1774718020,1_71960,40_100511,542,40_597714890,40_7976450,1774718220,1774718220,default
1774718020,1_10640,1_100252,62,1_800782170,1_8076,1774719000,1774717937,default
1774718020,1_10640,1_100252,62,1_800782170,1_8025215,1774719000,1774719000,default
1774718320,1_481,1_102576,C Line,1_800797360,1_6267,1774718460,1774718338,default
1774718320,1_85800,1_100196,331,1_816391570,1_7222,1774718313,1774718331,default
1774718320,1_970,40_577,577,40_3681070,40_9734,1774718427,1774718427,default
1774718320,1_575,1_102581,D Line,1_800537940,1_6113,1774718400,1774718290,default
1774718320,1_2850,1_100089,2,1_788828670,1_7152,1774718640,1774718225,default
1774718320,1_2850,1_100089,2,1_788828670,1_8023245,1774718640,1774718640,default
1774718320,1_46505,1_102619,F Line,1_656274700,1_7975733,1774718940,1774718940,default
1774718320,1_280,40_100240,554,40_561759920,40_9648,1774718093,1774718394,default
1774718320,1_280,40_100240,554,40_561759920,40_7976482,1774718093,1774718394,default
1774718320,1_5489,1_102746,333,1_778642840,1_7228,1774718272,1774718401,default
1774718320,1_52306,40_560,560,40_1041070,40_9125,1774718640,1774718622,default
1774718320,1_52306,1_102619,F Line,1_635423660,1_7975737,1774719300,1774719300,default
1774718320,1_65092,1_100162,271,1_720941570,1_7976245,1774718820,1774718820,default
1774718320,1_54201,1_102619,F Line,1_656276130,1_6010,1774718249,1774718454,default
1774718320,1_59282,1_102717,165,1_800689750,1_8024070,1774719840,1774719840,default
1774718320,1_55430,1_100006,107,1_714138900,1_3722,1774718477,1774718395,default
1774718320,1_49755,1_100031,132,1_800787070,1_8016,1774718550,1774718420,default
1774718320,1_10912,40_100511,542,40_569520840,40_7976448,1774719360,1774719360,default
1774718320,1_10912,1_100162,271,1_694317380,1_7976241,1774720200,1774720200,default
1774718320,1_10640,1_100252,62,1_800782170,1_8076,1774719000,1774717937,default
1774718620,1_320,40_100240,554,40_561759920,40_9648,1774718220,1774718649,default
1774718620,1_46505,1_102619,F Line,1_656274700,1_7975733,1774718940,1774718940,default
1774718620,1_46505,1_102619,F Line,1_656275810,1_7975738,1774719840,1774719840,default
1774718620,1_2320,1_100001,1,1_727425770,1_7178,1774718675,1774718625,default
1774718620,1_52306,1_100030,131,1_800787060,1_8078,1774718880,1774718507,default
1774718620,1_52306,1_102619,F Line,1_635423660,1_7975737,1774719300,1774719300,default
1774718620,1_80121,1_102719,161,1_800694440,1_7108,1774718135,1774718796,default
1774718620,1_58112,1_102619,F Line,1_656275990,1_6008,1774718796,1774718723,default
1774718620,1_65092,1_100162,271,1_720941570,1_7463,1774718820,1774718561,default
1774718620,1_65092,1_100162,271,1_720941570,1_7976245,1774718820,1774718820,default
1774718620,1_57804,1_100072,181,1_800685530,1_7064,1774719026,1774719124,default
1774718620,1_59282,1_100072,181,1_800685560,1_7171,1774719660,1774717960,default
1774718620,1_59282,1_102717,165,1_800689750,1_8024070,1774719840,1774719840,default
1774718620,1_620,40_100239,550,40_561762030,40_9669,1774719180,1774719284,default
1774718620,1_10912,40_100511,542,40_569520840,40_7976448,1774719360,1774719360,default
1774718620,1_10912,1_100162,271,1_694317380,1_7976241,1774720200,1774720200,default
1774718620,1_10640,1_100252,62,1_800782170,1_8076,1774719000,1774717937,default
1774718620,1_10640,1_100252,62,1_800782180,1_8290,1774719900,1774718571,default
1774718920,1_103,1_102745,G Line,1_736400650,1_6407,1774718895,1774718956,default
1774718920,1_2850,1_100089,2,1_788828350,1_7066,1774719600,1774718794,default
1774718920,1_2850,1_100089,2,1_788828350,1_8023242,1774719600,1774719600,default
1774718920,1_46505,1_102619,F Line,1_656275810,1_7975738,1774719840,1774719840,default
1774718920,1_27420,1_100249,60,1_800793790,1_7195,1774718496,1774718999,default
1774718920,1_52306,1_102619,F Line,1_635423660,1_7975737,1774719300,1774719300,default
1774718920,1_8530,1_100263,7,1_727430010,1_8263,1774718953,1774719031,default
1774718920,1_57804,1_100072,181,1_800685530,1_7064,1774719026,1774719056,default
1774718920,1_59282,1_100072,181,1_800685560,1_7171,1774719660,1774717960,default
1774718920,1_59282,1_102717,165,1_800689750,1_7333,1774719840,1774718675,default
1774718920,1_60710,1_100512,A Line,1_800691890,1_6284,1774719046,1774719071,default
1774718920,1_620,40_100239,550,40_561762030,40_9669,1774719180,1774719299,default
1774718920,1_10912,1_100264,70,1_809239840,1_8026464,1774719085,1774719085,default
1774718920,1_10912,40_100511,542,40_569520840,40_7976448,1774719360,1774719360,default
1774718920,1_10912,1_100162,271,1_694317380,1_7976241,1774720200,1774720200,default
1774718920,1_10640,1_100252,62,1_800782180,1_8290,1774719900,1774718571,default
1774719221,1_51551,1_102736,H Line,1_636327580,1_6078,1774719507,1774719243,default
1774719221,1_26560,1_102574,40,1_811078280,1_8222,1774719062,1774719322,default
1774719221,1_60161,1_100042,148,1_762115210,1_7975829,1774719840,1774719840,default
1774719221,1_12770,1_100228,48,1_770725370,1_8296,1774719087,1774719263,default
1774719221,1_30510,1_100006,107,1_635408260,1_3715,1774719259,1774719158,default
1774719221,1_2850,1_100089,2,1_788828350,1_7066,1774719600,1774718794,default
1774719221,1_46505,1_102619,F Line,1_656275810,1_6288,1774719840,1774719042,default
1774719221,1_46505,1_102619,F Line,1_656275810,1_7975738,1774719840,1774719840,default
1774719221,1_40060,1_102574,40,1_811078300,1_8255,1774719488,1774719188,default
1774719221,1_58342,1_100072,181,1_800685550,1_7467,1774719240,1774719320,default
1774719221,1_52306,1_102619,F Line,1_635423260,1_7975736,1774720200,1774720200,default
1774719221,1_99254,1_100045,150,1_694453400,1_8168,1774719382,1774719188,default
1774719221,1_65092,1_100162,271,1_720941580,1_7976242,1774720560,1774720560,default
1774719221,1_41850,1_100006,107,1_635408260,1_3715,1774719337,1774719258,default
1774719221,1_59282,1_100072,181,1_800685560,1_7171,1774719660,1774717960,default
1774719221,1_59282,1_102717,165,1_800689750,1_7333,1774719840,1774718675,default
1774719221,1_45360,1_100006,107,1_635408350,1_7487,1774720156,1774719311,default
1774719221,1_58111,1_102619,F Line,1_656275450,1_6229,1774719496,1774719300,default
1774719221,1_10912,1_100162,271,1_694317380,1_7976241,1774720200,1774720200,default
1774719221,1_10912,40_100511,542,40_569520400,40_7976436,1774721040,1774721040,default
1774719221,1_10640,1_100252,62,1_800782180,1_8290,1774719900,1774718571,default
1774719521,1_60161,1_100042,148,1_762115210,1_7975829,1774719840,1774719840,default
1774719521,1_2850,1_100089,2,1_788828350,1_7066,1774719600,1774718794,default
1774719521,1_46505,1_102619,F Line,1_656275810,1_6288,1774719840,1774719042,default
1774719521,1_47660,1_102736,H Line,1_636327580,1_6078,1774720015,1774719549,default
1774719521,1_27420,1_100249,60,1_800794350,1_7059,1774719396,1774719634,default
1774719521,1_52306,1_102619,F Line,1_635423260,1_7975736,1774720200,1774720200,default
1774719521,1_58112,1_102619,F Line,1_656275450,1_6229,1774719756,1774719598,default
1774719521,1_57350,1_102720,160,1_694456190,1_7145,1774719660,1774719585,default
1774719521,1_65092,1_100162,271,1_720941580,1_7976242,1774720560,1774720560,default
1774719521,1_21080,1_100249,60,1_800794770,1_7054,1774719600,1774719652,default
1774719521,1_59282,1_100072,181,1_800685560,1_7171,1774719660,1774717960,default
1774719521,1_59282,1_102717,165,1_800689750,1_7333,1774719840,1774718675,default
1774719521,1_57791,1_102718,184,1_771028290,1_7173,1774719683,1774719759,default
1774719521,1_620,40_100239,550,40_561762870,40_9584,1774720020,1774720203,default
1774719521,1_10912,1_100162,271,1_694317380,1_7976241,1774720200,1774720200,default
1774719521,1_10912,40_100511,542,40_569520400,40_7976436,1774721040,1774721040,default
1774719521,1_71960,40_100511,542,40_597714600,40_7976449,1774720020,1774720020,default
1774719521,1_10640,1_100252,62,1_800782180,1_8290,1774719900,1774718571,default
1774719521,1_10640,1_100252,62,1_800782190,1_8025279,1774720800,1774720800,default
1774719821,1_60161,1_100042,148,1_762115210,1_7975829,1774719840,1774719840,default
1774719821,1_320,40_594,594,40_1087070,40_9719,1774720380,1774719968,default
1774719821,1_2850,1_100089,2,1_788828680,1_7075,1774720500,1774719299,default
1774719821,1_46505,1_102619,F Line,1_694461080,1_7975735,1774720740,1774720740,default
1774719821,1_280,40_100240,554,40_561760630,40_9690,1774719893,1774719873,default
1774719821,1_52306,1_102619,F Line,1_635423260,1_7975736,1774720200,1774720200,default
1774719821,1_80121,1_102719,161,1_800694450,1_7182,1774719946,1774719963,default
1774719821,1_2970,1_100089,2,1_788828350,1_7066,1774719978,1774719895,default
1774719821,1_65092,1_100162,271,1_720941580,1_7976242,1774720560,1774720560,default
1774719821,1_620,40_594,594,40_338070,40_9727,1774719660,1774720010,default
1774719821,1_620,40_100239,550,40_561762870,40_9584,1774720020,1774720073,default
1774719821,1_10912,1_100264,70,1_809240040,1_8026463,1774719985,1774720001,default
1774719821,1_10912,1_100162,271,1_694317380,1_7976241,1774720200,1774720200,default
1774719821,1_10912,40_100511,542,40_569520400,40_7976436,1774721040,1774721040,default
1774719821,1_10912,1_100162,271,1_694317410,1_7976243,1774722000,1774722000,default
1774719821,1_71960,40_100511,542,40_597714600,40_9688,1774720020,1774719904,default
1774719821,1_71960,40_100511,542,40_597714600,40_7976449,1774720020,1774720020,default
1774719821,1_10640,1_100252,62,1_800782190,1_8052,1774720800,1774719645,default
1774720121,1_481,1_102736,H Line,1_636327610,1_6077,1774720200,1774720103,default
1774720121,1_85800,1_100196,331,1_816392100,1_7258,1774720113,1774720213,default
1774720121,1_2850,1_100089,2,1_788828680,1_7075,1774720500,1774719299,default
1774720121,1_46505,1_102619,F Line,1_694461080,1_6231,1774720740,1774719811,default
1774720121,1_52306,1_102619,F Line,1_635424030,1_7975739,1774721100,1774721100,default
1774720121,1_65092,1_100162,271,1_720941580,1_7379,1774720560,1774719870,default
1774720121,1_59282,1_102717,165,1_800689760,1_8024171,1774721640,1774721640,default
1774720121,1_59872,1_102619,F Line,1_656274890,1_6279,1774720285,1774720188,default
1774720121,1_60710,1_100512,A Line,1_800692630,1_6234,1774719766,1774720290,default
1774720121,1_55430,1_100006,107,1_714138910,1_7147,1774720277,1774720217,default
1774720121,1_10912,1_100224,44,1_634038140,1_8223,1774720297,1774720280,default
1774720121,1_10912,40_100511,542,40_569520400,40_7976436,1774721040,1774721040,default
1774720121,1_10912,1_100162,271,1_694317410,1_7976243,1774722000,1774722000,default
1774720121,1_10912,40_100511,542,40_569520940,40_7976450,1774722780,1774722780,default
1774720121,1_10640,1_100252,62,1_800782190,1_8052,1774720800,1774719645,default
1774720421,1_103,1_102745,G Line,1_736402020,1_6400,1774720335,1774720425,default
1774720421,1_2850,1_100089,2,1_788828680,1_7075,1774720500,1774719299,default
1774720421,1_8080,1_100006,107,1_714138910,1_7147,1774720525,1774720412,default
1774720421,1_46505,1_102619,F Line,1_694461080,1_6231,1774720740,1774719811,default
1774720421,1_46505,1_102619,F Line,1_694462120,1_7975740,1774721640,1774721640,default
1774720421,1_79610,1_100006,107,1_635408300,1_3708,1774720552,1774720454,default
1774720421,1_52306,1_102619,F Line,1_635424030,1_7975739,1774721100,1774721100,default
1774720421,1_65092,1_100162,271,1_720941580,1_7379,1774720560,1774719870,default
1774720421,1_57804,1_100072,181,1_800685570,1_7466,1774720942,1774720943,default
1774720421,1_59282,1_102717,165,1_800689760,1_7433,1774721640,1774720442,default
1774720421,1_59282,1_100072,181,1_800685580,1_8024113,1774721460,1774721460,default
1774720421,1_59282,1_102717,165,1_800689760,1_8024171,1774721640,1774721640,default
1774720421,1_10912,40_100511,542,40_569520400,40_7976436,1774721040,1774721040,default
1774720421,1_10912,1_100162,271,1_694317410,1_7976243,1774722000,1774722000,default
1774720421,1_10912,40_100511,542,40_569520940,40_7976450,1774722780,1774722780,default
1774720421,1_10640,1_100252,62,1_800782190,1_8052,1774720800,1774719645,default
1774720421,1_10640,1_100252,62,1_800782200,1_8026,1774721700,1774720159,default
1774720721,1_51651,1_102736,H Line,1_636326830,1_6063,1774720827,1774720735,default
1774720721,1_13830,1_102581,D Line,1_800538230,1_6061,1774720778,1774720701,default
1774720721,1_2850,1_100089,2,1_788828360,1_7183,1774721400,1774719727,default
1774720721,1_46505,1_102619,F Line,1_694462120,1_7975740,1774721640,1774721640,default
1774720721,1_78002,1_102703,231,1_694314650,1_7370,1774720791,1774720739,default
1774720721,1_52306,1_102619,F Line,1_635424030,1_7975739,1774721100,1774721100,default
1774720721,1_99254,40_594,594,40_2550070,40_9735,1774721116,1774720818,default
1774720721,1_57804,1_100072,181,1_800685570,1_7466,1774720942,1774720845,default
1774720721,1_59282,1_102717,165,1_800689760,1_7433,1774721640,1774720442,default
1774720721,1_59282,1_100072,181,1_800685580,1_8024113,1774721460,1774721460,default
1774720721,1_620,40_100239,550,40_561762010,40_9661,1774720920,1774721398,default
1774720721,1_10912,1_100264,70,1_809240350,1_8026482,1774720885,1774720885,default
1774720721,1_10912,40_100511,542,40_569520400,40_7976436,1774721040,1774721040,default
1774720721,1_10912,1_100162,271,1_694317410,1_7976243,1774722000,1774722000,default
1774720721,1_10912,40_100511,542,40_569520940,40_7976450,1774722780,1774722780,default
1774720721,1_10640,1_100252,62,1_800782200,1_8026,1774721700,1774720159,default
1774721021,1_320,40_100239,550,40_561762860,40_9683,1774720560,1774721096,default
1774721021,1_64569,1_100099,208,1_694311980,1_7976233,1774721035,1774721097,default
1774721021,1_2850,1_100089,2,1_788828360,1_7183,1774721400,1774719727,default
1774721021,1_46505,1_102619,F Line,1_694462120,1_7975740,1774721640,1774721640,default
1774721021,1_52306,1_102619,F Line,1_635423470,1_7975757,1774722000,1774722000,default
1774721021,1_65092,1_100162,271,1_694317350,1_7386,1774721160,1774721128,default
1774721021,1_22184,1_102736,H Line,1_636326830,1_6063,1774721261,1774721160,default
1774721021,1_59282,1_102717,165,1_800689760,1_7433,1774721640,1774720442,default
1774721021,1_59282,1_100072,181,1_800685580,1_8024113,1774721460,1774721460,default
1774721021,1_60640,1_102757,187,1_762117380,1_7399,1774721119,1774721166,default
1774721021,1_620,40_594,594,40_2550070,40_9735,1774721460,1774721179,default
1774721021,1_620,40_100239,550,40_561762010,40_9661,1774720920,1774721272,default
1774721021,1_620,40_100240,554,40_774827020,40_9806,1774721160,1774721486,default
1774721021,1_10912,1_100162,271,1_694317410,1_7976243,1774722000,1774722000,default
1774721021,1_10912,40_100511,542,40_569520940,40_7976450,1774722780,1774722780,default
1774721021,1_71960,1_102752,223,1_766502650,1_7305,1774721100,1774721241,default
1774721021,1_10640,1_100252,62,1_800782200,1_8026,1774721700,1774720159,default
1774721321,1_103,1_102745,G Line,1_736401340,1_6404,1774721055,1774721328,default
1774721321,1_22196,1_102736,H Line,1_636326830,1_6063,1774721346,1774721212,default
1774721321,1_29217,1_100224,44,1_634037260,1_8256,1774721198,1774721333,default
1774721321,1_2850,1_100089,2,1_788828360,1_7183,1774721400,1774719727,default
1774721321,1_46505,1_102619,F Line,1_694462120,1_7975740,1774721640,1774721640,default
1774721321,1_52306,1_102619,F Line,1_635423470,1_7975757,1774722000,1774722000,default
1774721321,1_58112,1_102619,F Line,1_656275810,1_6288,1774721556,1774721486,default
1774721321,1_40030,1_102574,40,1_811078240,1_8236,1774721355,1774721434,default
1774721321,1_65092,1_100162,271,1_720941600,1_7976244,1774722360,1774722360,default
1774721321,1_59282,1_102717,165,1_800689760,1_7433,1774721640,1774720442,default
1774721321,1_59282,1_100072,181,1_800685580,1_8024113,1774721460,1774721460,default
1774721321,1_620,40_100236,545,40_353312610,40_9658,1774721520,1774721577,default
1774721321,1_620,40_100239,550,40_561763320,40_9672,1774721820,1774721888,default
1774721321,1_10912,1_100162,271,1_694317410,1_7976243,1774722000,1774722000,default
1774721321,1_10912,40_100511,542,40_569520940,40_7976450,1774722780,1774722780,default
1774721321,1_71960,40_100511,542,40_597714750,40_7976448,1774721820,1774721820,default
1774721321,1_10640,1_100252,62,1_800782200,1_8026,1774721700,1774720159,default
1774721321,1_10640,1_100252,62,1_800782210,1_8025214,1774722600,1774722600,default
1774721621,1_28370,1_102574,40,1_811078260,1_8216,1774721513,1774721659,default
1774721621,1_52638,40_574,574,40_969070,40_9206,1774721166,1774721635,default
1774721621,1_320,40_594,594,40_2129070,40_41515,1774722180,1774721766,default
1774721621,1_575,1_100173,3,1_675352990,1_7120,1774721640,1774721658,default
1774721621,1_2850,1_100089,2,1_788828690,1_7082,1774722300,1774721332,default
1774721621,1_46505,1_102619,F Line,1_656274900,1_7975734,1774722540,1774722540,default
1774721621,3_31002,40_560,560,40_373070,40_41503,1774721529,1774721782,default
1774721621,1_52306,1_102619,F Line,1_635423470,1_7975757,1774722000,1774722000,default
1774721621,1_99254,1_100003,101,1_694452530,1_8172,1774721920,1774721800,default
1774721621,1_65092,1_100162,271,1_720941600,1_7976244,1774722360,1774722360,default
1774721621,1_18580,1_100252,62,1_800782850,1_8005,1774721809,1774721752,default
1774721621,1_620,40_100239,550,40_561763320,40_9672,1774721820,1774721747,default
1774721621,1_10912,1_100264,70,1_809239610,1_8026489,1774721785,1774721785,default
1774721621,1_10912,1_100162,271,1_694317410,1_7976243,1774722000,1774722000,default
1774721621,1_10912,40_100511,542,40_569520940,40_7976450,1774722780,1774722780,default
1774721621,1_10912,1_100162,271,1_694317430,1_7976239,1774723800,1774723800,default
1774721621,1_71960,40_100511,542,40_597714750,40_7976448,1774721820,1774721820,default
1774721621,1_10640,1_100252,62,1_800782210,1_8040,1774722600,1774721601,default
1774721621,1_10640,1_100252,62,1_800782210,1_8025214,1774722600,1774722600,default
1774721921,1_970,40_577,577,40_624070,40_9717,1774722027,1774722027,default
1774721921,1_30510,1_100006,107,1_714138910,1_7147,1774721959,1774721940,default
1774721921,1_575,1_100001,1,1_727426310,1_7111,1774721820,1774721974,default
1774721921,1_2850,1_100089,2,1_788828690,1_7082,1774722300,1774721332,default
1774721921,1_46505,1_102619,F Line,1_656274900,1_7975734,1774722540,1774722540,default
1774721921,1_75770,1_102615,E Line,1_811961470,1_6202,1774722386,1774721915,default
1774721921,1_52306,1_102619,F Line,1_635422680,1_7975733,1774722900,1774722900,default
1774721921,1_99254,1_100045,150,1_694453730,1_8160,1774722220,1774721919,default
1774721921,1_65092,1_100162,271,1_720941600,1_7386,1774722360,1774721779,default
1774721921,1_65092,1_100162,271,1_720941600,1_7976244,1774722360,1774722360,default
1774721921,1_41850,1_100006,107,1_714138910,1_7147,1774722037,1774722025,default
1774721921,1_2200,1_102581,D Line,1_800537920,1_6073,1774722205,1774722088,default
1774721921,1_59282,1_102717,165,1_800689770,1_8024085,1774723440,1774723440,default
1774721921,1_59872,1_102619,F Line,1_635423260,1_6227,1774722085,1774722126,default
1774721921,1_27270,1_100161,27,1_759740030,1_8012,1774722084,1774721982,default
1774721921,1_10912,40_100511,542,40_569520940,40_7976450,1774722780,1774722780,default
1774721921,1_10912,1_100162,271,1_694317430,1_7976239,1774723800,1774723800,default
1774721921,1_10912,40_100511,542,40_569520690,40_7976449,1774724580,1774724580,default
1774721921,1_10640,1_100252,62,1_800782210,1_8040,1774722600,1774721601,default
1774722221,1_46791,1_100016,118,1_656261190,1_3702,1774722360,1774722440,default
1774722221,1_26560,1_102574,40,1_811078310,1_8243,1774721702,1774722316,default
1774722221,1_12770,1_100228,48,1_770725200,1_8249,1774721847,1774722286,default
1774722221,1_30790,1_100006,107,1_714138670,1_3722,1774722252,1774722243,default
1774722221,1_2850,1_100089,2,1_788828690,1_7082,1774722300,1774721332,default
1774722221,1_46505,1_102619,F Line,1_656274900,1_7975734,1774722540,1774722540,default
1774722221,1_52306,40_560,560,40_373070,40_41503,1774722120,1774722360,default
1774722221,1_52306,1_102619,F Line,1_635422680,1_7975733,1774722900,1774722900,default
1774722221,1_58112,1_100045,150,1_800687790,1_8143,1774722509,1774722311,default
1774722221,1_65092,1_100162,271,1_720941600,1_7386,1774722360,1774721779,default
1774722221,1_40065,1_102574,40,1_811078330,1_8206,1774722461,1774722326,default
1774722221,1_2200,1_100001,1,1_727425840,1_7974789,1774721931,1774722347,default
1774722221,1_22184,1_100249,60,1_690045840,1_7027,1774722425,1774722291,default
1774722221,1_59282,1_102717,165,1_800689770,1_7404,1774723440,1774721991,default
1774722221,1_23905,1_100214,372,1_761834380,1_7412,1774722145,1774722388,default
1774722221,1_25791,1_100214,372,1_609382840,1_7484,1774721978,1774722382,default
1774722221,1_10912,40_100511,542,40_569520940,40_7976450,1774722780,1774722780,default
1774722221,1_10912,1_100162,271,1_694317430,1_7976239,1774723800,1774723800,default
1774722221,1_10912,40_100511,542,40_569520690,40_7976449,1774724580,1774724580,default
1774722221,1_10640,1_100252,62,1_800782210,1_8040,1774722600,1774721601,default
1774722221,1_10640,1_100252,62,1_800782220,1_8002,1774723500,1774722177,default
1774722522,1_103,1_102745,G Line,1_736400600,1_6409,1774722495,1774722579,default
1774722522,1_51651,1_102736,H Line,1_636326850,1_6076,1774722627,1774722547,default
1774722522,1_2850,1_100089,2,1_788828370,1_8023244,1774723200,1774723200,default
1774722522,1_46505,1_102619,F Line,1_656275650,1_6277,1774723440,1774722491,default
1774722522,1_46505,1_102619,F Line,1_656275650,1_7975737,1774723440,1774723440,default
1774722522,1_52306,1_102619,F Line,1_635422680,1_7975733,1774722900,1774722900,default
1774722522,1_54201,1_102619,F Line,1_635423470,1_6229,1774722809,1774722654,default
1774722522,1_57804,1_100072,181,1_800685590,1_7197,1774722742,1774722846,default
1774722522,1_59282,1_102717,165,1_800689770,1_7404,1774723440,1774721991,default
1774722522,1_59282,1_100072,181,1_800685600,1_7466,1774723260,1774722084,default
1774722522,1_620,40_100239,550,40_561761300,40_9632,1774722720,1774723134,default
1774722522,1_10912,1_100264,70,1_809240570,1_8026481,1774722685,1774722725,default
1774722522,1_10912,40_100511,542,40_569520940,40_7976450,1774722780,1774722780,default
1774722522,1_10912,1_100162,271,1_694317430,1_7976239,1774723800,1774723800,default
1774722522,1_10912,40_100511,542,40_569520690,40_7976449,1774724580,1774724580,default
1774722522,1_49810,1_100031,132,1_800787100,1_8033,1774722756,1774722634,default
1774722522,1_10640,1_100252,62,1_800782220,1_8002,1774723500,1774722177,default
1774722522,1_59947,1_102720,160,1_635415310,1_7109,1774722726,1774722667,default
1774722822,1_26560,1_102574,40,1_811078210,1_8214,1774722629,1774722938,default
1774722822,1_60161,1_100042,148,1_762115260,1_3708,1774723440,1774722617,default
1774722822,1_60161,1_100042,148,1_762115260,1_7975828,1774723440,1774723440,default
1774722822,1_2850,1_100089,2,1_788828370,1_8023244,1774723200,1774723200,default
1774722822,1_77910,1_102746,333,1_778643530,1_7212,1774722787,1774722863,default
1774722822,1_8080,1_100263,7,1_727429770,1_8237,1774723056,1774722777,default
1774722822,1_46505,1_102619,F Line,1_656275650,1_6277,1774723440,1774722491,default
1774722822,1_60477,1_100060,168,1_800693910,1_7108,1774723030,1774722890,default
1774722822,1_81254,1_100202,345,1_694582030,1_3749,1774722947,1774722854,default
1774722822,1_11940,1_100039,14,1_727425430,1_7099,1774722830,1774722911,default
1774722822,1_52306,1_102619,F Line,1_635423850,1_7975738,1774723800,1774723800,default
1774722822,1_41850,1_100006,107,1_635408350,1_7487,1774722937,1774722693,default
1774722822,1_59282,1_102717,165,1_800689770,1_7404,1774723440,1774721991,default
1774722822,1_59282,1_100072,181,1_800685600,1_7466,1774723260,1774722084,default
1774722822,1_23905,1_100214,372,1_761834890,1_7976464,1774721245,1774723031,default
1774722822,1_59872,1_102619,F Line,1_635424030,1_6008,1774723012,1774723007,default
1774722822,1_49930,1_100031,132,1_800787100,1_8033,1774723140,1774722965,default
1774722822,1_10912,1_100162,271,1_694317430,1_7976239,1774723800,1774723800,default
1774722822,1_10912,40_100511,542,40_569520690,40_7976449,1774724580,1774724580,default
1774722822,1_10640,1_100252,62,1_800782220,1_8002,1774723500,1774722177,default
1774723122,1_55812,1_100005,106,1_762143940,1_7322,1774723241,1774723076,default
1774723122,1_60161,1_100042,148,1_762115260,1_3708,1774723440,1774722617,default
1774723122,1_12770,1_100228,48,1_770724990,1_8043,1774722807,1774723159,default
1774723122,1_320,40_100239,550,40_561762890,40_9661,1774723260,1774723234,default
1774723122,1_2850,1_100089,2,1_788828370,1_7192,1774723200,1774722886,default
1774723122,1_2850,1_100089,2,1_788828370,1_8023244,1774723200,1774723200,default
1774723122,1_46505,1_102619,F Line,1_656275650,1_6277,1774723440,1774722491,default
1774723122,1_1190,1_100447,49,1_650252850,1_7975157,1774723150,1774723167,default
1774723122,1_57453,1_100074,183,1_800685370,1_7300,1774723560,1774723163,default
1774723122,1_81199,1_100072,181,1_800685590,1_7197,1774723005,1774723205,default
1774723122,1_52306,1_102619,F Line,1_635423850,1_7975738,1774723800,1774723800,default
1774723122,1_65092,1_100162,271,1_720941620,1_7976240,1774724160,1774724160,default
1774723122,1_59282,1_102717,165,1_800689770,1_7404,1774723440,1774721991,default
1774723122,1_59282,1_100072,181,1_800685600,1_7466,1774723260,1774722084,default
1774723122,1_75850,1_102615,E Line,1_811961480,1_6215,1774723350,1774723270,default
1774723122,1_57791,1_102718,184,1_635414800,1_7173,1774723343,1774723337,default
1774723122,1_620,40_100236,545,40_353312590,40_7976438,1774723320,1774723389,default
1774723122,1_620,40_100240,554,40_774826850,40_9663,1774722900,1774723392,default
1774723122,1_620,40_100239,550,40_561761080,40_9653,1774723620,1774723767,default
1774723122,1_10912,1_100162,271,1_694317430,1_7976239,1774723800,1774723800,default
1774723122,1_10912,40_100511,542,40_569520690,40_7976449,1774724580,1774724580,default
1774723122,1_71960,40_100511,542,40_597714350,40_7976436,1774723620,1774723620,default
1774723122,1_10640,1_100252,62,1_800782220,1_8002,1774723500,1774722177,default
1774723122,1_10640,1_100252,62,1_800782230,1_8025216,1774724400,1774724400,default
1774723422,1_60161,1_100042,148,1_762115260,1_3708,1774723440,1774722617,default
1774723422,1_970,40_594,594,40_3458070,40_9716,1774723710,1774723526,default
1774723422,1_81205,1_100072,181,1_800685590,1_7197,1774723220,1774723456,default
1774723422,1_2850,1_100089,2,1_788828700,1_7098,1774724040,1774723222,default
1774723422,1_2850,1_100089,2,1_788828700,1_8023240,1774724040,1774724040,default
1774723422,1_46505,1_102619,F Line,1_656275290,1_7975736,1774724340,1774724340,default
1774723422,1_27420,1_100249,60,1_800793620,1_7062,1774723056,1774723524,default
1774723422,1_57453,1_100074,183,1_800685370,1_7300,1774723560,1774723433,default
1774723422,1_52306,1_100031,132,1_800787100,1_8033,1774723860,1774723506,default
1774723422,1_52306,1_102619,F Line,1_635423850,1_7975738,1774723800,1774723800,default
1774723422,1_80121,1_102719,161,1_800694470,1_7313,1774723606,1774723523,default
1774723422,1_58112,1_100045,150,1_800686950,1_8162,1774723409,1774723549,default
1774723422,1_65092,1_100162,271,1_720941620,1_7976240,1774724160,1774724160,default
1774723422,1_9605,1_100259,67,1_534531690,1_7975449,1774723260,1774723586,default
1774723422,1_82675,1_102705,230,1_694314370,1_7424,1774723379,1774723598,default
1774723422,1_620,40_100239,550,40_561761080,40_9653,1774723620,1774723564,default
1774723422,1_10912,1_100264,70,1_809239600,1_8242,1774723585,1774723549,default
1774723422,1_10912,1_100162,271,1_694317430,1_7976239,1774723800,1774723800,default
1774723422,1_10912,40_100511,542,40_569520690,40_7976449,1774724580,1774724580,default
1774723422,1_10912,1_100162,271,1_694317450,1_7976245,1774725540,1774725540,default
1774723422,1_71960,40_100511,542,40_597714350,40_9687,1774723620,1774723466,default
1774723422,1_71960,40_100511,542,40_597714350,40_7976436,1774723620,1774723620,default
1774723422,1_10640,1_100252,62,1_800782230,1_8025216,1774724400,1774724400,default
1774723722,1_28370,1_102574,40,1_811078250,1_8259,1774723313,1774723728,default
1774723722,1_320,40_100240,554,40_561760200,40_9806,1774723680,1774723755,default
1774723722,1_320,40_594,594,40_3458070,40_9716,1774723980,1774723845,default
1774723722,1_2850,1_100089,2,1_788828700,1_7098,1774724040,1774723222,default
1774723722,1_46505,1_102619,F Line,1_656275290,1_7975736,1774724340,1774724340,default
1774723722,1_99254,1_100003,101,1_694453790,1_8120,1774723780,1774723866,default
1774723722,1_99254,40_594,594,40_859070,40_9303,1774722916,1774723885,default
1774723722,1_65092,1_100162,271,1_720941620,1_7357,1774724160,1774723522,default
1774723722,1_65092,1_100162,271,1_720941620,1_7976240,1774724160,1774724160,default
1774723722,1_2200,1_102581,D Line,1_800537860,1_6113,1774724065,1774723728,default
1774723722,1_59872,1_102619,F Line,1_635423470,1_6229,1774723912,1774723890,default
1774723722,1_55430,1_100006,107,1_714138930,1_3753,1774723877,1774723807,default
1774723722,1_10912,40_100511,542,40_569520690,40_7976449,1774724580,1774724580,default
1774723722,1_10912,1_100162,271,1_694317450,1_7976245,1774725540,1774725540,default
1774723722,1_10912,40_100511,542,40_569520820,40_7976448,1774726380,1774726380,default
1774723722,1_10640,1_100252,62,1_800782230,1_8000,1774724400,1774723670,default
1774723722,1_10640,1_100252,62,1_800782230,1_8025216,1774724400,1774724400,default
1774724022,1_55812,1_100005,106,1_768469130,1_7179,1774724141,1774723984,default
1774724022,1_51551,1_102736,H Line,1_636327630,1_6066,1774724127,1774724023,default
1774724022,1_320,40_100239,550,40_561762140,40_9672,1774724160,1774724119,default
1774724022,1_575,1_100089,2,1_788828690,1_7082,1774723800,1774724085,default
1774724022,1_46505,1_102619,F Line,1_656275290,1_7975736,1774724340,1774724340,default
1774724022,1_1190,40_100239,550,40_561761080,40_9653,1774724080,1774724055,default
1774724022,1_27420,1_100249,60,1_800794490,1_7052,1774723956,1774724160,default
1774724022,1_52306,1_102619,F Line,1_635423070,1_7975735,1774724700,1774724700,default
1774724022,1_99254,1_100045,150,1_694452270,1_6954,1774724020,1774724169,default
1774724022,1_99254,40_594,594,40_859070,40_9303,1774722916,1774724175,default
1774724022,1_65092,1_100162,271,1_720941620,1_7357,1774724160,1774723522,default
1774724022,1_57804,1_100072,181,1_800685610,1_7467,1774724542,1774724545,default
1774724022,1_10912,40_100511,542,40_569520690,40_7976449,1774724580,1774724580,default
1774724022,1_10912,1_100162,271,1_694317450,1_7976245,1774725540,1774725540,default
1774724022,1_10912,40_100511,542,40_569520820,40_7976448,1774726380,1774726380,default
1774724022,1_10640,1_100252,62,1_800782230,1_8000,1774724400,1774723670,default
1774724022,1_10640,1_100252,62,1_800782240,1_8025281,1774725300,1774725300,default
1774724322,1_26560,1_102574,40,1_811078240,1_8236,1774723529,1774724480,default
1774724322,1_575,1_102576,C Line,1_800797320,1_6267,1774724280,1774724388,default
1774724322,1_2850,1_100089,2,1_788828380,1_8023225,1774725000,1774725000,default
1774724322,1_46505,1_102619,F Line,1_656276010,1_7975739,1774725240,1774725240,default
1774724322,1_78002,1_102703,231,1_694314660,1_7976235,1774724391,1774724391,default
1774724322,1_52306,1_102619,F Line,1_635423070,1_7975735,1774724700,1774724700,default
1774724322,1_58112,1_102619,F Line,1_656274900,1_6279,1774724376,1774724424,default
1774724322,1_76312,1_102705,230,1_694314510,1_7370,1774724477,1774724393,default
1774724322,1_71970,1_102753,222,1_774785950,1_7447,1774724326,1774724450,default
1774724322,1_9605,1_100259,67,1_534533200,1_7975447,1774724220,1774724449,default
1774724322,1_57804,1_100072,181,1_800685610,1_7467,1774724542,1774724431,default
1774724322,1_59282,1_100072,181,1_800685630,1_7197,1774725060,1774724089,default
1774724322,1_55150,1_100005,106,1_762144040,1_7393,1774724483,1774724399,default
1774724322,1_35440,1_100269,75,1_803289240,1_8102,1774724233,1774724470,default
1774724322,1_620,1_100045,150,1_694452270,1_6954,1774724400,1774724512,default
1774724322,1_10912,1_100264,70,1_809239700,1_8213,1774724485,1774724485,default
1774724322,1_10912,40_100511,542,40_569520690,40_7976449,1774724580,1774724580,default
1774724322,1_10912,1_100162,271,1_694317450,1_7976245,1774725540,1774725540,default
1774724322,1_10912,40_100511,542,40_569520820,40_7976448,1774726380,1774726380,default
1774724322,1_10640,1_100252,62,1_800782240,1_8025281,1774725300,1774725300,default
1774724622,1_103,1_102745,G Line,1_736400540,1_6402,1774724295,1774724624,default
1774724622,1_2850,1_100089,2,1_788828380,1_7169,1774725000,1774724380,default
1774724622,1_2850,1_100089,2,1_788828380,1_8023225,1774725000,1774725000,default
1774724622,1_46505,1_102619,F Line,1_656276010,1_7975739,1774725240,1774725240,default
1774724622,1_52306,1_102619,F Line,1_635424210,1_7975740,1774725600,1774725600,default
1774724622,1_99254,40_594,594,40_2558070,40_9721,1774724716,1774724763,default
1774724622,1_59282,1_100072,181,1_800685630,1_7197,1774725060,1774724089,default
1774724622,1_23905,1_100214,372,1_761834580,1_7401,1774723945,1774724798,default
1774724622,1_10912,1_100162,271,1_694317450,1_7976245,1774725540,1774725540,default
1774724622,1_10912,40_100511,542,40_569520820,40_7976448,1774726380,1774726380,default
1774724622,1_71960,1_102752,223,1_766502670,1_7249,1774724700,1774724793,default
1774724622,1_71960,40_100511,542,40_597714910,40_7976450,1774725420,1774725420,default
1774724622,1_10640,1_100252,62,1_800782240,1_8005,1774725300,1774724577,default
1774724622,1_10640,1_100252,62,1_800782240,1_8025281,1774725300,1774725300,default
1774724922,1_103,1_102745,G Line,1_736400440,1_6407,1774724655,1774724927,default
1774724922,1_8541,1_100263,7,1_727429520,1_8201,1774724820,1774724947,default
1774724922,1_30790,1_100249,60,1_690045330,1_7020,1774724497,1774724950,default
1774724922,1_2850,1_100089,2,1_788828380,1_7169,1774725000,1774724380,default
1774724922,1_46505,1_102619,F Line,1_656276010,1_7975739,1774725240,1774725240,default
1774724922,3_31002,40_560,560,40_1003070,40_9206,1774725034,1774725204,default
1774724922,1_52306,1_102619,F Line,1_635424210,1_7975740,1774725600,1774725600,default
1774724922,1_65092,1_100162,271,1_720941650,1_7380,1774725960,1774724748,default
1774724922,1_59282,1_100072,181,1_800685630,1_7197,1774725060,1774724089,default
1774724922,1_57791,1_102718,184,1_635414810,1_7445,1774725143,1774725117,default
1774724922,1_620,40_100236,545,40_353312650,40_7976441,1774725120,1774725161,default
1774724922,1_620,40_100240,554,40_774826910,40_9648,1774724820,1774725164,default
1774724922,1_620,40_100239,550,40_561761430,40_9576,1774724520,1774725226,default
1774724922,1_10912,1_100228,48,1_770724860,1_8001,1774725180,1774725105,default
1774724922,1_10912,1_100162,271,1_694317450,1_7976245,1774725540,1774725540,default
1774724922,1_10912,40_100511,542,40_569520820,40_7976448,1774726380,1774726380,default
1774724922,1_71960,40_100511,542,40_597714910,40_7976450,1774725420,1774725420,default
1774724922,1_10640,1_100252,62,1_800782240,1_8005,1774725300,1774724577,default
1774724922,1_10640,1_100252,62,1_800782250,1_8025247,1774726200,1774726200,default
1774725222,1_6650,1_102747,61,1_803295870,1_8022237,1774724994,1774725232,default
1774725222,1_320,40_100239,550,40_561763390,40_9632,1774725060,1774725271,default
1774725222,1_575,1_100028,13,1_788829410,1_7192,1774724700,1774725306,default
1774725222,1_2850,1_100089,2,1_788828710,1_8023245,1774725900,1774725900,default
1774725222,1_46505,1_102619,F Line,1_656275470,1_7975757,1774726140,1774726140,default
1774725222,1_280,40_100240,554,40_561759670,40_9663,1774725293,1774725293,default
1774725222,1_280,40_100240,554,40_561759670,40_7976483,1774725293,1774725293,default
1774725222,3_31002,40_560,560,40_1003070,40_9206,1774725034,1774725312,default
1774725222,1_52306,1_102619,F Line,1_635424210,1_7975740,1774725600,1774725600,default
1774725222,1_65092,1_100162,271,1_720941650,1_7380,1774725960,1774724748,default
1774725222,1_620,40_100236,545,40_353312650,40_9650,1774725120,1774725413,default
1774725222,1_10912,1_100162,271,1_694317450,1_7976245,1774725540,1774725540,default
1774725222,1_10912,40_100511,542,40_569520820,40_7976448,1774726380,1774726380,default
1774725222,1_10912,1_100162,271,1_694317460,1_7976242,1774727280,1774727280,default
1774725222,1_71960,40_100511,542,40_597714910,40_7976450,1774725420,1774725420,default
1774725222,1_10640,1_100252,62,1_800782250,1_8025247,1774726200,1774726200,default
1774725522,1_85800,1_100196,331,1_816391660,1_7222,1774725513,1774725649,default
1774725522,1_970,40_577,577,40_490070,40_9205,1774725627,1774725627,default
1774725522,1_30510,1_100006,107,1_714138930,1_3753,1774725559,1774725545,default
1774725522,1_2850,1_100089,2,1_788828710,1_7152,1774725900,1774725267,default
1774725522,1_46505,1_102619,F Line,1_656275470,1_7975757,1774726140,1774726140,default
1774725522,1_81254,1_102746,333,1_778642910,1_7228,1774725595,1774725525,default
1774725522,1_99254,1_100003,101,1_694452500,1_8141,1774725580,1774725665,default
1774725522,1_65092,1_100162,271,1_720941650,1_7380,1774725960,1774724748,default
1774725522,1_41850,1_100006,107,1_714138930,1_3753,1774725637,1774725594,default
1774725522,1_59282,1_102717,165,1_800689790,1_7478,1774727220,1774725471,default
1774725522,1_55430,1_100006,107,1_714138940,1_3725,1774725677,1774725607,default
1774725522,1_620,40_100239,550,40_561762900,40_9683,1774725420,1774726069,default
1774725522,1_10912,40_100511,542,40_569520820,40_7976448,1774726380,1774726380,default
1774725522,1_10912,1_100162,271,1_694317460,1_7976242,1774727280,1774727280,default
1774725522,1_10912,40_100511,542,40_569520420,40_7976436,1774728180,1774728180,default
1774725522,1_10640,1_100252,62,1_800782250,1_8050,1774726200,1774725451,default
1774725522,1_10640,1_100252,62,1_800782250,1_8025247,1774726200,1774726200,default
1774725822,1_22196,1_102736,H Line,1_636326880,1_6077,1774725846,1774725830,default
1774725822,1_26560,1_102574,40,1_811078230,1_8255,1774724489,1774725942,default
1774725822,1_30790,1_100249,60,1_649668300,1_7019,1774725397,1774725840,default
1774725822,1_2850,1_100089,2,1_788828710,1_7152,1774725900,1774725267,default
1774725822,1_46505,1_102619,F Line,1_656275470,1_7975757,1774726140,1774726140,default
1774725822,1_52306,40_560,560,40_1003070,40_9206,1774725660,1774725956,default
1774725822,1_52306,1_102619,F Line,1_635422860,1_7975734,1774726500,1774726500,default
1774725822,1_65092,1_100162,271,1_720941650,1_7380,1774725960,1774724748,default
1774725822,1_2200,1_100028,13,1_788829750,1_8023242,1774725566,1774725969,default
1774725822,1_59282,1_102717,165,1_800689790,1_7478,1774727220,1774725471,default
1774725822,1_620,40_100239,550,40_561762100,40_9669,1774726320,1774726462,default
1774725822,1_10912,1_100228,48,1_770724850,1_8034,1774726080,1774725991,default
1774725822,1_10912,40_100511,542,40_569520820,40_7976448,1774726380,1774726380,default
1774725822,1_10912,1_100162,271,1_694317460,1_7976242,1774727280,1774727280,default
1774725822,1_10912,40_100511,542,40_569520420,40_7976436,1774728180,1774728180,default
1774725822,1_10640,1_100252,62,1_800782250,1_8050,1774726200,1774725451,default
1774726122,1_575,1_100264,70,1_809239570,1_8215,1774725300,1774726158,default
1774726122,1_2850,1_100089,2,1_788828390,1_8023241,1774726800,1774726800,default
1774726122,1_46505,1_102619,F Line,1_656274740,1_7975733,1774727040,1774727040,default
1774726122,1_40060,1_102574,40,1_811078180,1_8222,1774726113,1774726167,default
1774726122,1_52306,1_102619,F Line,1_635422860,1_7975734,1774726500,1774726500,default
1774726122,1_8530,1_100263,7,1_727429590,1_8228,1774726326,1774726265,default
1774726122,1_40065,1_102574,40,1_811078180,1_8222,1774726225,1774726271,default
1774726122,1_54971,1_100004,105,1_635407620,1_7439,1774726159,1774726251,default
1774726122,1_59282,1_102717,165,1_800689790,1_7478,1774727220,1774725471,default
1774726122,1_59282,1_100072,181,1_800685650,1_7467,1774726860,1774725705,default
1774726122,1_60710,1_100512,A Line,1_800692730,1_6283,1774726268,1774726267,default
1774726122,1_620,40_100239,550,40_561762100,40_9669,1774726320,1774726272,default
1774726122,1_10912,1_100224,44,1_634038190,1_8223,1774726177,1774726288,default
1774726122,1_10912,40_100511,542,40_569520820,40_7976448,1774726380,1774726380,default
1774726122,1_10912,1_100162,271,1_694317460,1_7976242,1774727280,1774727280,default
1774726122,1_10912,40_100511,542,40_569520420,40_7976436,1774728180,1774728180,default
1774726122,1_10640,1_100252,62,1_800782260,1_8067,1774727100,1774726142,default
1774726122,1_10640,1_100252,62,1_800782260,1_8025282,1774727100,1774727100,default
1774726422,1_60161,1_100042,148,1_762115330,1_3715,1774727040,1774726012,default
1774726422,1_575,1_102581,D Line,1_800537730,1_6113,1774726500,1774726417,default
1774726422,1_2850,1_100089,2,1_788828390,1_7157,1774726800,1774726358,default
1774726422,1_2850,1_100089,2,1_788828390,1_8023241,1774726800,1774726800,default
1774726422,1_46505,1_102619,F Line,1_656274740,1_7975733,1774727040,1774727040,default
1774726422,1_47660,1_102736,H Line,1_636327650,1_6043,1774726435,1774726471,default
1774726422,1_77460,1_102746,333,1_778642940,1_7217,1774726557,1774726481,default
1774726422,1_58112,1_102619,F Line,1_656275290,1_6227,1774726176,1774726524,default
1774726422,1_49350,1_100026,128,1_800700560,1_7392,1774726317,1774726545,default
1774726422,1_59282,1_102717,165,1_800689790,1_7478,1774727220,1774725471,default
1774726422,1_59282,1_100072,181,1_800685650,1_7467,1774726860,1774725705,default
1774726422,1_82107,1_100196,331,1_701367720,1_7225,1774726598,1774726472,default
1774726422,1_620,40_100240,554,40_774827130,40_9690,1774726620,1774726536,default
1774726422,1_10912,1_100162,271,1_694317460,1_7976242,1774727280,1774727280,default
1774726422,1_10912,40_100511,542,40_569520420,40_7976436,1774728180,1774728180,default
1774726422,1_71960,1_102752,223,1_766502680,1_7341,1774726500,1774726614,default
1774726422,1_71960,40_100511,542,40_597714610,40_7976449,1774727220,1774727220,default
1774726422,1_10640,1_100252,62,1_800782260,1_8067,1774727100,1774726142,default
1774726422,1_76310,1_102705,230,1_694314380,1_7370,1774726546,1774726602,default
1774726722,1_60161,1_100042,148,1_762115330,1_3715,1774727040,1774726012,default
1774726722,1_2850,1_100089,2,1_788828390,1_7157,1774726800,1774726358,default
1774726722,1_46505,1_102619,F Line,1_656274740,1_7975733,1774727040,1774727040,default
1774726722,1_2320,1_100001,1,1_800531970,1_7080,1774725935,1774726783,default
1774726722,1_1510,1_100001,1,1_800532540,1_7178,1774726794,1774726728,default
1774726722,1_58110,1_100045,150,1_800686600,1_8160,1774726951,1774726700,default
1774726722,1_58342,1_100072,181,1_800685630,1_7197,1774726440,1774726821,default
1774726722,1_52306,1_102619,F Line,1_635423680,1_7975737,1774727400,1774727400,default
1774726722,1_8530,1_100005,106,1_762144040,1_7393,1774726813,1774726780,default
1774726722,1_65092,1_100162,271,1_720941670,1_7976243,1774727760,1774727760,default
1774726722,1_57804,1_100072,181,1_800685620,1_7171,1774726342,1774727125,default
1774726722,1_59282,1_102717,165,1_800689790,1_7478,1774727220,1774725471,default
1774726722,1_59282,1_100072,181,1_800685650,1_7467,1774726860,1774725705,default
1774726722,1_2260,1_100275,8,1_800780970,1_8079,1774726889,1774726881,default
1774726722,1_620,40_100236,545,40_353312700,40_7976440,1774726920,1774726920,default
1774726722,1_620,40_100236,545,40_353312700,40_9678,1774726920,1774726945,default
1774726722,1_10912,1_100162,271,1_694317460,1_7976242,1774727280,1774727280,default
1774726722,1_10912,40_100511,542,40_569520420,40_7976436,1774728180,1774728180,default
1774726722,1_71960,40_100511,542,40_597714610,40_7976449,1774727220,1774727220,default
1774726722,1_10640,1_100252,62,1_800782260,1_8067,1774727100,1774726142,default
1774727022,1_26560,1_102574,40,1_811078090,1_8225,1774726289,1774727182,default
1774727022,1_60161,1_100042,148,1_762115330,1_3715,1774727040,1774726012,default
1774727022,1_320,40_100239,550,40_561761060,40_9576,1774726860,1774727056,default
1774727022,1_2850,1_100089,2,1_788828720,1_7075,1774727580,1774726451,default
1774727022,1_46505,1_102619,F Line,1_694461810,1_7975738,1774727940,1774727940,default
1774727022,1_280,40_100240,554,40_561759870,40_7976482,1774727121,1774727121,default
1774727022,1_1190,1_100447,49,1_800639070,1_7085,1774727050,1774727072,default
1774727022,1_52306,1_102619,F Line,1_635423680,1_7975737,1774727400,1774727400,default
1774727022,1_65092,1_100162,271,1_720941670,1_7976243,1774727760,1774727760,default
1774727022,1_59282,1_102717,165,1_800689790,1_7478,1774727220,1774725471,default
1774727022,1_620,40_100239,550,40_561762110,40_9584,1774727280,1774727692,default
1774727022,1_16990,1_102574,40,1_811077970,1_8234,1774727616,1774727135,default
1774727022,1_10912,1_100264,70,1_809240060,1_8026463,1774727185,1774727185,default
1774727022,1_10912,1_100162,271,1_694317460,1_7976242,1774727280,1774727280,default
1774727022,1_10912,40_100511,542,40_569520420,40_7976436,1774728180,1774728180,default
1774727022,1_10912,1_100162,271,1_694317510,1_7976244,1774729080,1774729080,default
1774727022,1_71960,40_100511,542,40_597714610,40_7976449,1774727220,1774727220,default
1774727022,1_10640,1_100252,62,1_800782270,1_8041,1774728000,1774726908,default
1774727322,1_103,1_102745,G Line,1_736400970,1_6410,1774726455,1774727352,default
1774727322,1_8541,1_100263,7,1_727429300,1_8241,1774727220,1774727418,default
1774727322,1_12770,1_100228,48,1_770724850,1_8034,1774727343,1774727277,default
1774727322,1_30510,1_100006,107,1_714138940,1_7975852,1774727359,1774727123,default
1774727322,1_575,1_100028,13,1_788829420,1_7169,1774726500,1774727368,default
1774727322,1_2850,1_100089,2,1_788828720,1_7075,1774727580,1774726451,default
1774727322,1_46505,1_102619,F Line,1_694461810,1_7975738,1774727940,1774727940,default
1774727322,1_280,40_100240,554,40_561759870,40_7976482,1774727121,1774727393,default
1774727322,1_280,40_100240,554,40_561759870,40_9648,1774727121,1774727408,default
1774727322,1_81199,1_100072,181,1_800685620,1_7171,1774726643,1774727396,default
1774727322,1_81254,1_102746,333,1_778642930,1_7253,1774727455,1774727342,default
1774727322,1_52306,1_100031,132,1_800787130,1_8080,1774727520,1774727358,default
1774727322,1_65092,1_100162,271,1_720941670,1_7976243,1774727760,1774727760,default
1774727322,1_41850,1_100006,107,1_714138940,1_7975852,1774727437,1774727174,default
1774727322,1_54201,1_102619,F Line,1_635422860,1_6279,1774727319,1774727449,default
1774727322,1_59282,1_102717,165,1_800689800,1_8024071,1774729140,1774729140,default
1774727322,1_25791,1_100214,372,1_609382920,1_7484,1774726581,1774727573,default
1774727322,1_620,40_100239,550,40_561762110,40_9584,1774727280,1774727546,default
1774727322,1_10912,1_100264,70,1_809239660,1_8026466,1774725385,1774727485,default
1774727322,1_10912,40_100511,542,40_569520420,40_7976436,1774728180,1774728180,default
1774727322,1_10912,1_100162,271,1_694317510,1_7976244,1774729080,1774729080,default
1774727322,1_10912,40_100511,542,40_569521010,40_7976450,1774729980,1774729980,default
1774727322,1_10640,1_100252,62,1_800782270,1_8041,1774728000,1774726908,default
1774727322,1_76310,40_100232,522,40_605989050,40_9819,1774727380,1774727508,default
1774727622,1_46505,1_102619,F Line,1_694461810,1_7975738,1774727940,1774727940,default
1774727622,1_68130,1_102548,B Line,1_806284090,1_6029,1774727512,1774727689,default
1774727622,1_52306,1_100030,131,1_800787140,1_8078,1774728060,1774727662,default
1774727622,1_52306,1_102619,F Line,1_635423280,1_7975736,1774728300,1774728300,default
1774727622,1_65092,1_100162,271,1_720941670,1_7389,1774727760,1774727404,default
1774727622,1_48948,1_100512,A Line,1_800692800,1_6280,1774727803,1774727687,default
1774727622,1_2200,1_102581,D Line,1_800537770,1_6111,1774727665,1774727765,default
1774727622,1_59282,1_102717,165,1_800689800,1_8024071,1774729140,1774729140,default
1774727622,1_59872,1_102619,F Line,1_635424210,1_6010,1774727572,1774727820,default
1774727622,1_60983,1_100023,124,1_800780130,1_8013,1774727532,1774727772,default
1774727622,1_10912,40_100511,542,40_569520420,40_7976436,1774728180,1774728180,default
1774727622,1_10912,1_100162,271,1_694317510,1_7976244,1774729080,1774729080,default
1774727622,1_10912,40_100511,542,40_569521010,40_7976450,1774729980,1774729980,default
1774727622,1_10640,1_100252,62,1_800782270,1_8041,1774728000,1774726908,default
1774727922,1_320,40_100239,550,40_561761450,40_9683,1774727760,1774728001,default
1774727922,1_2850,1_100089,2,1_788828400,1_8023242,1774728600,1774728600,default
1774727922,1_46505,1_102619,F Line,1_694461100,1_7975735,1774728840,1774728840,default
1774727922,1_78002,1_102703,231,1_694314670,1_7976234,1774727991,1774727991,default
1774727922,1_52306,1_100030,131,1_800787140,1_8025219,1774728060,1774727740,default
1774727922,1_52306,1_102619,F Line,1_635423280,1_7975736,1774728300,1774728300,default
1774727922,1_8530,1_100005,106,1_762144070,1_7110,1774727713,1774728031,default
1774727922,1_8530,1_100263,7,1_727429600,1_8266,1774728186,1774728077,default
1774727922,1_7750,1_102615,E Line,1_811961560,1_6202,1774727826,1774728014,default
1774727922,1_2200,1_100275,8,1_800781000,1_8060,1774729053,1774727958,default
1774727922,1_57804,1_100072,181,1_800685640,1_7064,1774728142,1774728205,default
1774727922,1_59282,1_100072,181,1_800685670,1_8024112,1774728660,1774728660,default
1774727922,1_59282,1_102717,165,1_800689800,1_8024071,1774729140,1774729140,default
1774727922,1_620,40_100239,550,40_561762880,40_9661,1774728180,1774728595,default
1774727922,1_10912,40_100511,542,40_569520420,40_7976436,1774728180,1774728180,default
1774727922,1_10912,1_100162,271,1_694317510,1_7976244,1774729080,1774729080,default
1774727922,1_10912,40_100511,542,40_569521010,40_7976450,1774729980,1774729980,default
1774727922,1_81982,1_102746,333,1_778642960,1_7207,1774727979,1774728113,default
1774727922,1_10640,1_100252,62,1_800782280,1_8025215,1774728900,1774728900,default
1774728222,1_46791,1_100016,118,1_656261210,1_3702,1774728360,1774728440,default
1774728222,1_8541,1_100263,7,1_727429310,1_8237,1774728420,1774728264,default
1774728222,1_8541,1_100005,106,1_800708950,1_8024172,1774728180,1774728265,default
1774728222,1_575,1_100264,70,1_809239620,1_8213,1774728000,1774728273,default
1774728222,1_575,1_100089,2,1_788828710,1_7152,1774727400,1774728304,default
1774728222,1_2850,1_100089,2,1_788828400,1_7066,1774728600,1774728064,default
1774728222,1_2850,1_100089,2,1_788828400,1_8023242,1774728600,1774728600,default
1774728222,1_46505,1_102619,F Line,1_694461100,1_7975735,1774728840,1774728840,default
1774728222,1_58342,1_100072,181,1_800685650,1_7467,1774728240,1774728332,default
1774728222,1_54201,1_102619,F Line,1_635423680,1_6277,1774728219,1774728353,default
1774728222,1_59282,1_102717,165,1_800689800,1_8024071,1774729140,1774729140,default
1774728222,1_74714,1_102701,225,1_806888300,1_7361,1774729112,1774729148,default
1774728222,1_10912,40_100511,542,40_569521010,40_7976450,1774729980,1774729980,default
1774728222,1_10912,1_100162,271,1_694317540,1_7976240,1774730880,1774730880,default
1774728222,1_10912,40_100511,542,40_569520700,40_7976449,1774731780,1774731780,default
1774728222,1_10640,1_100252,62,1_800782290,1_8290,1774729800,1774728652,default
1774729146,1_85800,1_100196,331,1_816392110,1_7225,1774729152,1774729138,default
1774729146,1_970,40_577,577,40_3429070,40_9736,1774729227,1774729227,default
1774729146,1_320,40_594,594,40_842070,40_9721,1774729380,1774729164,default
1774729146,1_2850,1_100089,2,1_788828730,1_8023243,1774729500,1774729500,default
1774729146,1_46505,1_102619,F Line,1_694462140,1_7975740,1774729740,1774729740,default
1774729146,1_52306,40_560,560,40_1222070,40_41501,1774729200,1774729229,default
1774729146,1_65092,1_100162,271,1_720941700,1_7327,1774729560,1774728487,default
1774729146,1_59282,1_102717,165,1_800689810,1_8024142,1774730940,1774730940,default
1774729146,1_620,40_100239,550,40_561762150,40_9672,1774729080,1774729615,default
1774729146,1_10912,40_100511,542,40_569521010,40_7976450,1774729980,1774729980,default
1774729146,1_10912,1_100162,271,1_694317540,1_7976240,1774730880,1774730880,default
1774729146,1_10912,40_100511,542,40_569520700,40_7976449,1774731780,1774731780,default
1774729146,1_10640,1_100252,62,1_800782290,1_8290,1774729800,1774728652,default
1774729146,1_8403,1_100039,14,1_727426340,1_7111,1774729320,1774729291,default
1774729446,1_6650,1_102747,61,1_803295910,1_8022239,1774728663,1774729456,default
1774729446,1_320,40_100239,550,40_561762160,40_9584,1774729560,1774729579,default
1774729446,1_2850,1_100089,2,1_788828730,1_8023243,1774729500,1774729500,default
1774729446,1_2850,1_100089,2,1_788828410,1_8023224,1774730460,1774730460,default
1774729446,1_46505,1_102619,F Line,1_694462140,1_7975740,1774729740,1774729740,default
1774729446,1_52306,1_102619,F Line,1_635423490,1_7975757,1774730100,1774730100,default
1774729446,1_58112,1_100045,150,1_800687040,1_6954,1774729769,1774729550,default
1774729446,1_40030,1_102574,40,1_811077900,1_8222,1774729455,1774729564,default
1774729446,1_65092,1_100162,271,1_720941700,1_7327,1774729560,1774728487,default
1774729446,1_59282,1_102717,165,1_800689810,1_8024142,1774730940,1774730940,default
1774729446,1_10912,40_100511,542,40_569521010,40_7976450,1774729980,1774729980,default
1774729446,1_10912,1_100162,271,1_694317540,1_7976240,1774730880,1774730880,default
1774729446,1_10912,40_100511,542,40_569520700,40_7976449,1774731780,1774731780,default
1774729446,1_10640,1_100252,62,1_800782290,1_8290,1774729800,1774728652,default
1774729746,1_2850,1_100089,2,1_788828410,1_8023224,1774730460,1774730460,default
1774729746,1_46505,1_102619,F Line,1_656274920,1_7975734,1774730640,1774730640,default
1774729746,1_27420,1_100161,27,1_759739150,1_7050,1774729815,1774729815,default
1774729746,1_11590,1_100002,10,1_675376270,1_7974740,1774729118,1774729800,default
1774729746,1_52306,1_100030,131,1_800787150,1_8025285,1774729860,1774729762,default
1774729746,1_52306,1_100030,131,1_800787150,1_8042,1774729860,1774729781,default
1774729746,1_52306,1_102619,F Line,1_635423490,1_7975757,1774730100,1774730100,default
1774729746,1_8530,1_100263,7,1_727429410,1_8254,1774729986,1774729825,default
1774729746,1_57804,1_100072,181,1_800685660,1_7466,1774729942,1774730239,default
1774729746,1_59282,1_100072,181,1_800685710,1_7064,1774730460,1774729498,default
1774729746,1_59282,1_102717,165,1_800689810,1_7431,1774730940,1774729752,default
1774729746,1_59282,1_102717,165,1_800689810,1_8024142,1774730940,1774730940,default
1774729746,1_55831,1_100005,106,1_762144090,1_7164,1774729628,1774729903,default
1774729746,1_620,1_100003,101,1_694453370,1_8187,1774729560,1774729907,default
1774729746,1_620,40_100239,550,40_561763380,40_9632,1774729980,1774730220,default
1774729746,1_10912,40_100511,542,40_569521010,40_7976450,1774729980,1774729980,default
1774729746,1_10912,1_100162,271,1_694317540,1_7976240,1774730880,1774730880,default
1774729746,1_10912,40_100511,542,40_569520700,40_7976449,1774731780,1774731780,default
1774729746,1_10640,1_100252,62,1_800782300,1_8025279,1774730700,1774730700,default
1774730046,1_2850,1_100089,2,1_788828410,1_8023224,1774730460,1774730460,default
1774730046,1_46505,1_102619,F Line,1_656274920,1_7975734,1774730640,1774730640,default
1774730046,1_11940,1_100039,14,1_727426340,1_7111,1774730090,1774730133,default
1774730046,1_49350,1_100026,128,1_800700390,1_7071,1774729917,1774730176,default
1774730046,1_59282,1_100072,181,1_800685710,1_7064,1774730460,1774729498,default
1774730046,1_59282,1_102717,165,1_800689810,1_7431,1774730940,1774729752,default
1774730046,1_82107,1_100196,331,1_701367440,1_7222,1774730198,1774730150,default
1774730046,1_25791,1_100214,372,1_609381870,1_7412,1774729281,1774730259,default
1774730046,1_620,40_100240,554,40_774827030,40_9806,1774730220,1774730497,default
1774730046,1_10912,1_100162,271,1_694317540,1_7976240,1774730880,1774730880,default
1774730046,1_10912,40_100511,542,40_569520700,40_7976449,1774731780,1774731780,default
1774730046,1_71960,40_100511,542,40_597714360,40_7976436,1774730820,1774730820,default
1774730046,1_10640,1_100252,62,1_800782300,1_8052,1774730700,1774729881,default
1774730347,1_103,1_102745,G Line,1_736401310,1_6404,1774729726,1774730385,default
1774730347,1_60161,1_100042,148,1_762115380,1_7975854,1774730640,1774731086,default
1774730347,1_970,40_594,594,40_2420070,40_51401,1774730910,1774730476,default
1774730347,1_12770,1_100228,48,1_770725210,1_8014,1774730043,1774730368,default
1774730347,1_320,40_100239,550,40_561762170,40_9661,1774730460,1774730446,default
1774730347,1_2850,1_100089,2,1_788828410,1_7183,1774730460,1774730083,default
1774730347,1_46505,1_102619,F Line,1_656274920,1_7975734,1774730640,1774730640,default
1774730347,1_31680,1_100031,132,1_800788520,1_8078,1774730581,1774730325,default
1774730347,1_57453,1_100074,183,1_800685290,1_7300,1774730760,1774730395,default
1774730347,1_81199,1_100072,181,1_800685660,1_7466,1774730280,1774730453,default
1774730347,1_79610,1_100006,107,1_714138700,1_3753,1774730516,1774730372,default
1774730347,1_99254,40_594,594,40_2516070,40_9719,1774730116,1774730528,default
1774730347,1_65092,1_100162,271,1_720941750,1_7976245,1774731360,1774731360,default
1774730347,1_9030,1_100263,7,1_727429310,1_8237,1774730504,1774730402,default
1774730347,1_49730,1_100031,132,1_800788520,1_8078,1774730637,1774730381,default
1774730347,1_2200,1_102581,D Line,1_800537750,1_6073,1774730365,1774730479,default
1774730347,1_59282,1_102717,165,1_800689810,1_7431,1774730940,1774729752,default
1774730347,1_620,40_100236,545,40_353312830,40_7976439,1774730520,1774730520,default
1774730347,1_620,40_100236,545,40_353312830,40_9658,1774730520,1774730581,default
1774730347,1_10912,1_100162,271,1_694317540,1_7976240,1774730880,1774730880,default
1774730347,1_10912,40_100511,542,40_569520700,40_7976449,1774731780,1774731780,default
1774730347,1_71960,40_100511,542,40_597714360,40_7976436,1774730820,1774730820,default
1774730347,1_10640,1_100252,62,1_800782300,1_8052,1774730700,1774729881,default
1774730647,1_60161,1_100042,148,1_762115380,1_7975854,1774730640,1774731052,default
1774730647,1_320,40_594,594,40_2420070,40_51401,1774731180,1774730745,default
1774730647,1_2850,1_100089,2,1_788828740,1_7098,1774731300,1774730466,default
1774730647,1_2850,1_100089,2,1_788828740,1_8023240,1774731300,1774731300,default
1774730647,1_46505,1_102619,F Line,1_656275670,1_7975737,1774731540,1774731540,default
1774730647,1_280,40_100240,554,40_561759500,40_7976484,1774730721,1774730747,default
1774730647,1_57453,1_100074,183,1_800685290,1_7300,1774730760,1774730676,default
1774730647,1_52306,1_102619,F Line,1_635422700,1_7975733,1774731000,1774731564,default
1774730647,1_58112,1_100045,150,1_800687560,1_8141,1774730669,1774730769,default
1774730647,1_65092,1_100162,271,1_720941750,1_7463,1774731360,1774730452,default
1774730647,1_65092,1_100162,271,1_720941750,1_7976245,1774731360,1774731360,default
1774730647,1_59282,1_102717,165,1_800689810,1_7431,1774730940,1774729752,default
1774730647,1_35440,1_100269,75,1_803289030,1_8124,1774730533,1774730808,default
1774730647,1_620,40_100239,550,40_561761260,40_9653,1774730880,1774731195,default
1774730647,1_10912,1_100264,70,1_809239690,1_8026465,1774730785,1774730817,default
1774730647,1_10912,1_100162,271,1_694317540,1_7976240,1774730880,1774730880,default
1774730647,1_10912,40_100511,542,40_569520700,40_7976449,1774731780,1774731780,default
1774730647,1_71960,40_100511,542,40_597714360,40_9687,1774730820,1774730671,default
1774730647,1_71960,40_100511,542,40_597714360,40_7976436,1774730820,1774730820,default
1774730647,1_10640,1_100252,62,1_800782310,1_8026,1774731600,1774730544,default
1774730947,1_60161,1_100042,148,1_762115380,1_7975854,1774730640,1774731076,default
1774730947,1_320,40_100240,554,40_561759500,40_9812,1774730880,1774731023,default
1774730947,1_575,1_102581,D Line,1_800537480,1_6079,1774731000,1774730996,default
1774730947,1_2850,1_100089,2,1_788828740,1_7098,1774731300,1774730466,default
1774730947,1_46505,1_102619,F Line,1_656275670,1_7975737,1774731540,1774731540,default
1774730947,1_52306,1_102619,F Line,1_635422700,1_7975733,1774731000,1774731490,default
1774730947,1_65092,1_100162,271,1_720941750,1_7463,1774731360,1774730452,default
1774730947,1_2200,1_100001,1,1_727426000,1_7178,1774730871,1774731079,default
1774730947,1_59282,1_102717,165,1_800689820,1_8024070,1774732680,1774732680,default
1774730947,1_620,40_100239,550,40_561761260,40_9653,1774730880,1774731133,default
1774730947,1_10912,40_100511,542,40_569520700,40_7976449,1774731780,1774731780,default
1774730947,1_10912,1_100162,271,1_694317550,1_7976241,1774732680,1774732680,default
1774730947,1_10912,40_100511,542,40_569520870,40_7976448,1774733580,1774733580,default
1774730947,1_10640,1_100252,62,1_800782310,1_8026,1774731600,1774730544,default
1774731247,1_575,1_100263,7,1_727429390,1_8231,1774731420,1774731319,default
1774731247,1_2850,1_100089,2,1_788828740,1_7098,1774731300,1774730466,default
1774731247,1_2850,1_100089,2,1_788828420,1_8023244,1774732200,1774732200,default
1774731247,1_46505,1_102619,F Line,1_656275670,1_7975737,1774731540,1774731540,default
1774731247,1_3470,1_100249,60,1_800794760,1_7054,1774731300,1774731264,default
1774731247,1_52306,1_102619,F Line,1_635422700,1_7975733,1774731000,1774731483,default
1774731247,1_52306,1_102619,F Line,1_635423870,1_7975738,1774731900,1774731900,default
1774731247,1_65092,1_100162,271,1_720941750,1_7463,1774731360,1774730452,default
1774731247,1_59282,1_102717,165,1_800689820,1_8024070,1774732680,1774732680,default
1774731247,1_620,40_100239,550,40_561761090,40_9576,1774731780,1774731932,default
1774731247,1_10912,40_100511,542,40_569520700,40_7976449,1774731780,1774731780,default
1774731247,1_10912,1_100162,271,1_694317550,1_7976241,1774732680,1774732680,default
1774731247,1_10912,40_100511,542,40_569520870,40_7976448,1774733580,1774733580,default
1774731247,1_10640,1_100252,62,1_800782310,1_8026,1774731600,1774730544,default
1774731247,1_76310,40_100232,522,40_605989090,40_7976490,1774730980,1774731453,default
1774731547,1_13830,1_102581,D Line,1_800537630,1_6113,1774731523,1774731602,default
1774731547,1_2850,1_100089,2,1_788828420,1_8023244,1774732200,1774732200,default
1774731547,1_46505,1_102619,F Line,1_635423290,1_7975736,1774732440,1774732440,default
1774731547,1_27420,1_100161,27,1_759740420,1_8012,1774731615,1774731575,default
1774731547,1_81254,1_102746,333,1_778642980,1_7228,1774731955,1774731581,default
1774731547,1_52306,1_100030,131,1_800787170,1_8073,1774731660,1774731591,default
1774731547,1_52306,1_102619,F Line,1_635423870,1_7975738,1774731900,1774731900,default
1774731547,1_57804,1_100072,181,1_800685690,1_7197,1774731742,1774732065,default
1774731547,1_59282,1_100072,181,1_800685680,1_8024104,1774732260,1774732260,default
1774731547,1_59282,1_102717,165,1_800689820,1_8024070,1774732680,1774732680,default
1774731547,1_71678,1_102552,226,1_778425450,1_7241,1774731839,1774731652,default
1774731547,1_620,40_100239,550,40_561761090,40_9576,1774731780,1774731795,default
1774731547,1_10912,40_100511,542,40_569520700,40_7976449,1774731780,1774731780,default
1774731547,1_10912,1_100162,271,1_694317550,1_7976241,1774732680,1774732680,default
1774731547,1_10912,40_100511,542,40_569520870,40_7976448,1774733580,1774733580,default
1774731547,1_10640,1_100252,62,1_800782320,1_8040,1774732500,1774731510,default
1774731547,1_10640,1_100252,62,1_800782320,1_8025214,1774732500,1774732500,default
1774731847,1_2850,1_100089,2,1_788828420,1_8023244,1774732200,1774732200,default
1774731847,1_46505,1_102619,F Line,1_635423290,1_7975736,1774732440,1774732440,default
1774731847,1_8530,1_100039,14,1_727425370,1_7099,1774731962,1774731981,default
1774731847,1_59282,1_102717,165,1_800689820,1_7333,1774732680,1774731688,default
1774731847,1_59282,1_100072,181,1_800685680,1_8024104,1774732260,1774732260,default
1774731847,1_59872,1_102619,F Line,1_635423490,1_6229,1774732098,1774732018,default
1774731847,1_620,40_100240,554,40_774826830,40_9663,1774732020,1774732316,default
1774731847,1_10912,1_100162,271,1_694317550,1_7976241,1774732680,1774732680,default
1774731847,1_10912,40_100511,542,40_569520870,40_7976448,1774733580,1774733580,default
1774731847,1_71960,40_100511,542,40_597714900,40_7976450,1774732620,1774732620,default
1774731847,1_10640,1_100252,62,1_800782320,1_8040,1774732500,1774731510,default
1774732147,1_970,40_594,594,40_1691070,40_9714,1774732710,1774732142,default
1774732147,1_2850,1_100089,2,1_788828420,1_7192,1774732200,1774731922,default
1774732147,1_2850,1_100089,2,1_788828420,1_8023244,1774732200,1774732200,default
1774732147,1_46505,1_102619,F Line,1_635423290,1_7975736,1774732440,1774732440,default
1774732147,1_280,40_594,594,40_1691070,40_9714,1774732778,1774732210,default
1774732147,1_27420,1_100249,60,1_800794760,1_7054,1774732056,1774732208,default
1774732147,1_58342,1_100072,181,1_800685710,1_7064,1774731840,1774732243,default
1774732147,3_31002,40_560,560,40_1771070,40_41502,1774732054,1774732399,default
1774732147,1_81199,1_100072,181,1_800685690,1_7197,1774732080,1774732235,default
1774732147,1_79610,1_100006,107,1_714138710,1_3725,1774732316,1774732165,default
1774732147,1_52306,1_102619,F Line,1_635423090,1_7975735,1774732800,1774732800,default
1774732147,1_65092,1_100162,271,1_720941740,1_7976242,1774733160,1774733160,default
1774732147,1_49350,1_100026,128,1_800700510,1_7186,1774731777,1774732267,default
1774732147,1_59282,1_102717,165,1_800689820,1_7333,1774732680,1774731688,default
1774732147,1_55831,1_100005,106,1_762144140,1_7340,1774732328,1774732258,default
1774732147,1_620,40_100236,545,40_353312820,40_7976438,1774732320,1774732393,default
1774732147,1_10912,1_100162,271,1_694317550,1_7976241,1774732680,1774732680,default
1774732147,1_10912,40_100511,542,40_569520870,40_7976448,1774733580,1774733580,default
1774732147,1_71960,40_100511,542,40_597714900,40_7976450,1774732620,1774732620,default
1774732147,1_10640,1_100252,62,1_800782320,1_8040,1774732500,1774731510,default
1774732147,1_76310,40_100232,522,40_605989100,40_9689,1774731880,1774732326,default
1774732447,1_103,1_102745,G Line,1_736402030,1_6400,1774731886,1774732514,default
1774732447,1_320,40_100239,550,40_561762370,40_9632,1774732260,1774732563,default
1774732447,1_46505,1_102619,F Line,1_635424060,1_7975739,1774733340,1774733340,default
1774732447,1_280,40_100240,554,40_561760210,40_7976481,1774732521,1774732521,default
1774732447,1_52306,40_560,560,40_1771070,40_41502,1774732680,1774732719,default
1774732447,1_52306,1_102619,F Line,1_635423090,1_7975735,1774732800,1774732800,default
1774732447,1_8530,1_100263,7,1_727429260,1_8241,1774732386,1774732596,default
1774732447,1_58112,1_102619,F Line,1_694462140,1_6010,1774731576,1774732558,default
1774732447,1_65092,1_100162,271,1_720941740,1_7379,1774733160,1774732218,default
1774732447,1_2200,1_100275,8,1_800781040,1_8292,1774732653,1774732530,default
1774732447,1_59282,1_102717,165,1_800689820,1_7333,1774732680,1774731688,default
1774732447,1_620,40_594,594,40_3087070,40_41515,1774732260,1774732659,default
1774732447,1_10912,1_100162,271,1_694317550,1_7976241,1774732680,1774732680,default
1774732447,1_10912,40_100511,542,40_569520870,40_7976448,1774733580,1774733580,default
1774732447,1_71960,40_100511,542,40_597714900,40_7976450,1774732620,1774732620,default
1774732447,1_10640,1_100252,62,1_800782330,1_8002,1774733400,1774732435,default
1774732447,1_10640,1_100252,62,1_800782330,1_8025217,1774733400,1774733400,default
1774732747,1_85800,1_100196,331,1_816391410,1_7222,1774732752,1774732835,default
1774732747,1_970,40_577,577,40_3526070,40_9726,1774732827,1774732827,default
1774732747,1_13830,1_102581,D Line,1_800538040,1_6112,1774732423,1774732790,default
1774732747,1_2850,1_100089,2,1_788828750,1_8023245,1774733100,1774733634,default
1774732747,1_46505,1_102619,F Line,1_635424060,1_7975739,1774733340,1774733340,default
1774732747,1_75770,1_102615,E Line,1_811961660,1_6211,1774732646,1774732808,default
1774732747,1_52306,40_560,560,40_1771070,40_41502,1774732680,1774732840,default
1774732747,1_99254,1_100045,150,1_694452490,1_8160,1774733260,1774732875,default
1774732747,1_99254,1_100003,101,1_694453020,1_8140,1774732840,1774732928,default
1774732747,1_65092,1_100162,271,1_720941740,1_7379,1774733160,1774732218,default
1774732747,1_59282,1_102717,165,1_800689830,1_8024171,1774734480,1774734480,default
1774732747,1_60710,1_100512,A Line,1_800691740,1_6244,1774732748,1774732911,default
1774732747,1_58111,1_102619,F Line,1_656275670,1_6277,1774733095,1774732824,default
1774732747,1_620,40_100239,550,40_561761460,40_9683,1774732680,1774733130,default
1774732747,1_10912,1_100228,48,1_770724490,1_8034,1774732380,1774732929,default
1774732747,1_10912,40_100511,542,40_569520870,40_7976448,1774733580,1774733580,default
1774732747,1_10912,1_100162,271,1_694317590,1_7976243,1774734480,1774734480,default
1774732747,1_10912,40_100511,542,40_569520410,40_7976436,1774735380,1774735380,default
1774732747,1_10640,1_100252,62,1_800782330,1_8002,1774733400,1774732435,default
1774733047,1_320,40_100239,550,40_561763330,40_9653,1774733160,1774733160,default
1774733047,1_2850,1_100089,2,1_788828750,1_8023245,1774733100,1774733797,default
1774733047,1_2850,1_100089,2,1_788828430,1_8023225,1774734000,1774734000,default
1774733047,1_46505,1_102619,F Line,1_635424060,1_7975739,1774733340,1774733340,default
1774733047,1_58110,1_100045,150,1_800686690,1_8175,1774733251,1774733038,default
1774733047,1_58112,1_102619,F Line,1_656275670,1_6277,1774733376,1774733114,default
1774733047,1_58112,1_100045,150,1_800686690,1_8175,1774733369,1774733156,default
1774733047,1_65092,1_100162,271,1_720941740,1_7379,1774733160,1774732218,default
1774733047,1_41850,1_100249,60,1_800794460,1_7052,1774732947,1774733156,default
1774733047,1_21080,1_100249,60,1_800794020,1_7048,1774733100,1774733187,default
1774733047,1_59282,1_102717,165,1_800689830,1_8024171,1774734480,1774734480,default
1774733047,1_10912,40_100511,542,40_569520870,40_7976448,1774733580,1774733580,default
1774733047,1_10912,1_100162,271,1_694317590,1_7976243,1774734480,1774734480,default
1774733047,1_10912,40_100511,542,40_569520410,40_7976436,1774735380,1774735380,default
1774733047,1_10640,1_100252,62,1_800782330,1_8002,1774733400,1774732435,default
1774733347,1_320,40_100239,550,40_561763330,40_9653,1774733160,1774733431,default
1774733347,1_2850,1_100089,2,1_788828750,1_8023245,1774733100,1774733777,default
1774733347,1_2850,1_100089,2,1_788828430,1_8023225,1774734000,1774734000,default
1774733347,1_13810,1_102581,D Line,1_800537640,1_6051,1774733229,1774733399,default
1774733347,1_52306,1_102619,F Line,1_635424230,1_7975740,1774733700,1774734057,default
1774733347,1_9605,1_100259,67,1_534533090,1_7975450,1774733160,1774733474,default
1774733347,1_57804,1_100072,181,1_800685700,1_7467,1774733542,1774733637,default
1774733347,1_59282,1_102717,165,1_800689830,1_7433,1774734480,1774733142,default
1774733347,1_59282,1_100072,181,1_800685720,1_7197,1774734060,1774733192,default
1774733347,1_620,40_100239,550,40_561762910,40_9669,1774733580,1774733986,default
1774733347,1_68888,1_102552,226,1_778425460,1_7329,1774733756,1774733491,default
1774733347,1_10912,40_100511,542,40_569520870,40_7976448,1774733580,1774733580,default
1774733347,1_10912,1_100162,271,1_694317590,1_7976243,1774734480,1774734480,default
1774733347,1_10912,40_100511,542,40_569520410,40_7976436,1774735380,1774735380,default
1774733347,1_10640,1_100252,62,1_800782340,1_8000,1774734300,1774733205,default
1774733647,1_60161,1_100042,148,1_762115450,1_7975857,1774734240,1774734240,default
1774733647,1_2850,1_100089,2,1_788828750,1_8023245,1774733100,1774733856,default
1774733647,1_2850,1_100089,2,1_788828430,1_8023225,1774734000,1774734000,default
1774733647,1_46505,1_102619,F Line,1_635423500,1_7975757,1774734240,1774734240,default
1774733647,1_280,40_100240,554,40_561760210,40_9806,1774732521,1774733717,default
1774733647,1_77460,1_102746,333,1_778643020,1_7230,1774733757,1774733667,default
1774733647,1_1510,1_100210,36,1_562555870,1_7139,1774733634,1774733705,default
1774733647,1_52306,1_102619,F Line,1_635424230,1_7975740,1774733700,1774733902,default
1774733647,1_21945,1_102717,165,1_800689500,1_7346,1774733460,1774733767,default
1774733647,1_59282,1_102717,165,1_800689830,1_7433,1774734480,1774733142,default
1774733647,1_59282,1_100072,181,1_800685720,1_7197,1774734060,1774733192,default
1774733647,1_82107,1_100196,331,1_701367580,1_7225,1774733798,1774733763,default
1774733647,1_620,40_100239,550,40_561762910,40_9669,1774733580,1774733811,default
1774733647,1_10912,1_100162,271,1_694317590,1_7976243,1774734480,1774734480,default
1774733647,1_10912,40_100511,542,40_569520410,40_7976436,1774735380,1774735380,default
1774733647,1_71960,1_102752,223,1_766502720,1_7341,1774733820,1774733847,default
1774733647,1_71960,40_100511,542,40_597714620,40_7976449,1774734420,1774734420,default
1774733647,1_10640,1_100252,62,1_800782340,1_8000,1774734300,1774733205,default
1774733947,1_103,1_102745,G Line,1_736399910,1_6407,1774733326,1774733975,default
1774733947,1_60161,1_100042,148,1_762115450,1_7453,1774734240,1774733812,default
1774733947,1_60161,1_100042,148,1_762115450,1_7975857,1774734240,1774734240,default
1774733947,1_970,1_100003,101,1_762118180,1_8168,1774733472,1774733963,default
1774733947,1_970,40_594,594,40_61070,40_9719,1774734510,1774734048,default
1774733947,1_2850,1_100089,2,1_788828430,1_7169,1774734000,1774733702,default
1774733947,1_2850,1_100089,2,1_788828760,1_7075,1774734840,1774733777,default
1774733947,1_2850,1_100089,2,1_788828430,1_8023225,1774734000,1774734000,default
1774733947,1_2850,1_100089,2,1_788828750,1_8023245,1774733100,1774734107,default
1774733947,1_46505,1_102619,F Line,1_635423500,1_7975757,1774734240,1774734240,default
1774733947,1_280,40_100240,554,40_561760210,40_9806,1774732521,1774734047,default
1774733947,1_36800,1_100228,48,1_770724710,1_8296,1774734043,1774733913,default
1774733947,1_79610,1_100006,107,1_714138720,1_3722,1774734116,1774733963,default
1774733947,1_52306,1_102619,F Line,1_635422880,1_7975734,1774734600,1774734600,default
1774733947,1_65092,1_100162,271,1_720941820,1_7976244,1774734960,1774734960,default
1774733947,1_59282,1_102717,165,1_800689830,1_7433,1774734480,1774733142,default
1774733947,1_59872,1_102619,F Line,1_635422700,1_6000,1774732998,1774734113,default
1774733947,1_620,40_100236,545,40_353312780,40_7976441,1774734120,1774734120,default
1774733947,1_620,40_100240,554,40_774826880,40_9648,1774733820,1774734355,default
1774733947,1_620,40_100239,550,40_561762200,40_9584,1774734480,1774734598,default
1774733947,1_10912,1_100447,49,1_650253610,1_7975158,1774733970,1774734155,default
1774733947,1_10912,1_100162,271,1_694317590,1_7976243,1774734480,1774734480,default
1774733947,1_10912,40_100511,542,40_569520410,40_7976436,1774735380,1774735380,default
1774733947,1_71960,40_100511,542,40_597714620,40_7976449,1774734420,1774734420,default
1774733947,1_10640,1_100252,62,1_800782340,1_8000,1774734300,1774733205,default
1774734247,1_320,40_594,594,40_61070,40_9719,1774734780,1774734353,default
1774734247,1_2850,1_100089,2,1_788828760,1_7075,1774734840,1774733777,default
1774734247,1_280,40_100240,554,40_561760210,40_9806,1774732521,1774734318,default
1774734247,1_280,40_100240,554,40_561759640,40_7976483,1774734321,1774734321,default
1774734247,1_52306,1_102619,F Line,1_635422880,1_7975734,1774734600,1774734600,default
1774734247,1_70665,1_100136,245,1_761760580,1_7976248,1774734173,1774734374,default
1774734247,1_65092,1_100162,271,1_720941820,1_7976244,1774734960,1774734960,default
1774734247,1_59282,1_102717,165,1_800689830,1_7433,1774734480,1774733142,default
1774734247,1_620,40_100239,550,40_561762200,40_9584,1774734480,1774734486,default
1774734247,1_10912,1_100264,70,1_809240270,1_8026463,1774734385,1774734411,default
1774734247,1_10912,1_100162,271,1_694317590,1_7976243,1774734480,1774734480,default
1774734247,1_10912,40_100511,542,40_569520410,40_7976436,1774735380,1774735380,default
1774734247,1_71960,40_100511,542,40_597714620,40_7976449,1774734420,1774734420,default
1774734247,1_81982,1_102746,333,1_778643030,1_7975458,1774734279,1774734425,default
1774734247,1_10640,1_100252,62,1_800782350,1_8025281,1774735200,1774735200,default
1774734547,1_970,1_100003,101,1_762118180,1_8168,1774733472,1774734562,default
1774734547,1_2850,1_100089,2,1_788828760,1_7075,1774734840,1774733777,default
1774734547,1_46505,1_102619,F Line,1_694460740,1_7975733,1774735140,1774735412,default
1774734547,1_280,40_100240,554,40_561760210,40_9806,1774732521,1774734619,default
1774734547,1_1190,1_100002,10,1_675377500,1_7974736,1774734274,1774734637,default
1774734547,1_81254,1_102746,333,1_778643010,1_7217,1774734655,1774734555,default
1774734547,1_65092,1_100162,271,1_720941820,1_7976244,1774734960,1774734960,default
1774734547,1_76527,1_102701,225,1_806888310,1_7371,1774734736,1774734681,default
1774734547,1_10912,40_100511,542,40_569520410,40_7976436,1774735380,1774735380,default
1774734547,1_10912,1_100162,271,1_694317620,1_7976239,1774736280,1774736280,default
1774734547,1_10912,40_100511,542,40_569520990,40_7976450,1774737180,1774737180,default
1774734547,1_81982,1_100196,331,1_816391830,1_7258,1774734241,1774734732,default
1774734547,1_10640,1_100252,62,1_800782360,1_8050,1774736100,1774735683,default
1774736095,1_320,40_100239,550,40_561761470,40_9669,1774735860,1774736199,default
1774736095,1_320,40_594,594,40_1927070,40_41515,1774736580,1774736255,default
1774736095,1_81205,1_100072,181,1_800685730,1_7171,1774735963,1774736160,default
1774736095,1_46505,1_102619,F Line,1_694461120,1_7975735,1774736940,1774736940,default
1774736095,1_1190,1_100447,49,1_800638890,1_8023233,1774735459,1774736141,default
1774736095,1_60477,1_100060,168,1_800693570,1_7108,1774736034,1774736185,default
1774736095,1_52306,40_560,560,40_1563070,40_41503,1774736280,1774736304,default
1774736095,1_52306,1_102619,F Line,1_635423300,1_7975741,1774736400,1774736400,default
1774736095,1_58112,1_102619,F Line,1_635423500,1_6229,1774736076,1774736233,default
1774736095,1_65092,1_100162,271,1_720941810,1_7357,1774736820,1774735909,default
1774736095,1_65092,1_100162,271,1_720941810,1_7976240,1774736820,1774736820,default
1774736095,1_54201,1_102619,F Line,1_635423700,1_6277,1774736319,1774736222,default
1774736095,1_9605,1_100259,67,1_534531630,1_7975455,1774735860,1774736217,default
1774736095,1_59282,1_102717,165,1_800689840,1_7404,1774736280,1774736010,default
1774736095,1_59282,1_102717,165,1_800689840,1_8024085,1774736280,1774736280,default
1774736095,1_620,40_100239,550,40_561762960,40_9672,1774736280,1774736170,default
1774736095,1_620,40_100236,545,40_353312930,40_9682,1774737720,1774736241,default
1774736095,1_10912,1_100162,271,1_694317620,1_7327,1774736280,1774736280,default
1774736095,1_10912,40_100511,542,40_569520990,40_7976450,1774737180,1774737180,default
1774736095,1_10912,1_100162,271,1_694317670,1_7976245,1774738080,1774738080,default
1774736095,1_10912,40_100511,542,40_569520720,40_7976449,1774738980,1774738980,default
1774736395,1_970,40_577,577,40_2114070,40_9728,1774736427,1774736427,default
1774736395,1_30510,1_100249,60,1_800793730,1_7026,1774736472,1774736403,default
1774736395,1_320,40_594,594,40_1927070,40_41515,1774736580,1774736467,default
1774736395,1_46505,1_102619,F Line,1_694461120,1_7975735,1774736940,1774736940,default
1774736395,1_1190,1_100447,49,1_800638890,1_8023233,1774735459,1774736441,default
1774736395,1_77460,1_102746,333,1_778643050,1_7228,1774736457,1774736345,default
1774736395,1_84810,1_102752,223,1_833154000,1_7341,1774736514,1774736421,default
1774736395,1_99254,1_100003,101,1_694452090,1_8142,1774736440,1774736543,default
1774736395,1_65092,1_100162,271,1_720941810,1_7357,1774736820,1774735909,default
1774736395,1_41850,1_100249,60,1_800793730,1_7026,1774736547,1774736454,default
1774736395,1_59282,1_102717,165,1_800689850,1_8024158,1774738080,1774738080,default
1774736395,1_620,40_594,594,40_1832070,40_9735,1774735860,1774736568,default
1774736395,1_10912,40_100511,542,40_569520990,40_7976450,1774737180,1774737180,default
1774736395,1_10912,1_100162,271,1_694317670,1_7976245,1774738080,1774738080,default
1774736395,1_10912,40_100511,542,40_569520720,40_7976449,1774738980,1774738980,default
1774736695,1_575,1_100264,70,1_809239980,1_8026467,1774735200,1774736761,default
1774736695,1_2850,1_100089,2,1_788828770,1_8023243,1774736640,1774737369,default
1774736695,1_46505,1_102619,F Line,1_694461120,1_7975735,1774736940,1774736940,default
1774736695,1_280,40_100240,554,40_561759900,40_7976482,1774736121,1774736801,default
1774736695,1_52306,1_102619,F Line,1_635424070,1_7975739,1774737300,1774737300,default
1774736695,1_40030,1_102574,40,1_811077920,1_8225,1774736655,1774736815,default
1774736695,1_65092,1_100162,271,1_720941810,1_7357,1774736820,1774735909,default
1774736695,1_59282,1_102717,165,1_800689850,1_7346,1774738080,1774736621,default
1774736695,1_59282,1_102717,165,1_800689850,1_8024158,1774738080,1774738080,default
1774736695,1_14280,1_102581,D Line,1_800537420,1_8023211,1774735642,1774736865,default
1774736695,1_620,1_100045,150,1_694452470,1_6954,1774736340,1774736858,default
1774736695,1_10912,40_100511,542,40_569520990,40_7976450,1774737180,1774737180,default
1774736695,1_10912,1_100162,271,1_694317670,1_7976245,1774738080,1774738080,default
1774736695,1_10912,40_100511,542,40_569520720,40_7976449,1774738980,1774738980,default
1774736995,1_26560,1_102574,40,1_811076700,1_8236,1774736396,1774737145,default
1774736995,1_2850,1_100089,2,1_788828770,1_8023243,1774736640,1774737396,default
1774736995,1_46505,1_102619,F Line,1_694462160,1_7975740,1774737840,1774737840,default
1774736995,1_280,40_100240,554,40_561759900,40_9648,1774736121,1774737056,default
1774736995,1_27420,1_100161,27,1_759740070,1_8030,1774737015,1774737068,default
1774736995,1_5489,1_102746,333,1_778643050,1_7228,1774737226,1774737046,default
1774736995,1_52306,1_102619,F Line,1_635424070,1_7975739,1774737300,1774737300,default
1774736995,1_8530,1_100263,7,1_727429110,1_8266,1774737186,1774737174,default
1774736995,1_57804,1_100072,181,1_800685760,1_7064,1774737142,1774737224,default
1774736995,1_54971,1_100004,105,1_721580350,1_7439,1774736933,1774737145,default
1774736995,1_59282,1_102717,165,1_800689850,1_7346,1774738080,1774736621,default
1774736995,1_59282,1_100072,181,1_800685770,1_8024112,1774737660,1774737660,default
1774736995,1_41900,1_100249,60,1_800793730,1_7026,1774737300,1774737128,default
1774737295,1_60161,1_100042,148,1_762115510,1_7975855,1774737840,1774737840,default
1774737295,1_2850,1_100089,2,1_788828770,1_8023243,1774736640,1774737507,default
1774737295,1_46505,1_102619,F Line,1_694462160,1_7975740,1774737840,1774737840,default
1774737295,1_1190,1_100447,49,1_800638910,1_8023234,1774736659,1774737346,default
1774737295,1_27420,1_100249,60,1_800793730,1_7026,1774737456,1774737261,default
1774737295,1_69882,1_102701,225,1_806888320,1_7247,1774737535,1774737349,default
1774737295,1_54201,1_102619,F Line,1_635423300,1_6228,1774737219,1774737438,default
1774737295,1_2200,1_100001,1,1_727425460,1_7974724,1774736271,1774737421,default
1774737295,1_59282,1_102717,165,1_800689850,1_7346,1774738080,1774736621,default
1774737295,1_59282,1_100072,181,1_800685770,1_7171,1774737660,1774737077,default
1774737295,1_620,40_100239,550,40_561762330,40_9632,1774737180,1774737618,default
1774737295,1_620,40_100240,554,40_774826770,40_7976484,1774737420,1774737648,default
1774737295,1_10912,1_100162,271,1_694317670,1_7976245,1774738080,1774738080,default
1774737295,1_10912,40_100511,542,40_569520720,40_7976449,1774738980,1774738980,default
1774737295,1_71960,40_100511,542,40_597714370,40_7976436,1774738020,1774738020,default
1774737595,1_6650,1_102747,61,1_803296010,1_8022255,1774737603,1774737603,default
1774737595,1_60161,1_100042,148,1_762115510,1_3734,1774737840,1774737377,default
1774737595,1_60161,1_100042,148,1_762115510,1_7975855,1774737840,1774737840,default
1774737595,1_970,1_100045,150,1_800687510,1_8024107,1774737654,1774737654,default
1774737595,1_320,40_100239,550,40_561762180,40_7976488,1774737660,1774737660,default
1774737595,1_2850,1_100089,2,1_788828450,1_8023242,1774737540,1774738349,default
1774737595,1_46505,1_102619,F Line,1_694462160,1_7975740,1774737840,1774737840,default
1774737595,1_68130,1_102548,B Line,1_806284340,1_6023,1774737412,1774737703,default
1774737595,1_79610,1_100006,107,1_714138740,1_3711,1774737716,1774737591,default
1774737595,1_52306,1_102619,F Line,1_635423510,1_7975757,1774738200,1774738200,default
1774737595,1_65092,1_100162,271,1_720941860,1_7380,1774738620,1774737548,default
1774737595,1_65092,1_100162,271,1_720941860,1_7976241,1774738620,1774738620,default
1774737595,1_59282,1_102717,165,1_800689850,1_7346,1774738080,1774736621,default
1774737595,1_10912,1_100162,271,1_694317670,1_7976245,1774738080,1774738080,default
1774737595,1_10912,40_100511,542,40_569520720,40_7976449,1774738980,1774738980,default
1774737595,1_71960,40_100511,542,40_597714370,40_7976436,1774738020,1774738020,default
1774737895,1_26560,1_102574,40,1_811076710,1_8255,1774737296,1774737988,default
1774737895,1_80692,1_100045,150,1_694452100,1_8161,1774737582,1774737934,default
1774737895,1_2850,1_100089,2,1_788828450,1_8023242,1774737540,1774738465,default
1774737895,1_46505,1_102619,F Line,1_694460920,1_7975734,1774738740,1774738740,default
1774737895,1_280,40_100240,554,40_561760680,40_7976487,1774737921,1774737982,default
1774737895,1_52306,1_102619,F Line,1_635423510,1_7975757,1774738200,1774738200,default
1774737895,1_80121,1_102719,161,1_800694550,1_7313,1774738006,1774737984,default
1774737895,1_65092,1_100162,271,1_720941860,1_7380,1774738620,1774737548,default
1774737895,1_59282,1_102717,165,1_800689850,1_7346,1774738080,1774736621,default
1774737895,1_620,40_100239,550,40_561763340,40_9653,1774738080,1774738418,default
1774737895,1_10912,1_100162,271,1_694317670,1_7976245,1774738080,1774738080,default
1774737895,1_10912,40_100511,542,40_569520720,40_7976449,1774738980,1774738980,default
1774737895,1_10912,1_100162,271,1_694317700,1_7976242,1774739880,1774739880,default
1774737895,1_10912,40_100511,542,40_569520850,40_7976448,1774740780,1774740780,default
1774737895,1_81982,1_100196,331,1_816391950,1_7218,1774737841,1774738080,default
1774738195,1_46791,1_100016,118,1_635409140,1_3755,1774738020,1774738395,default
1774738195,1_2850,1_100089,2,1_788828450,1_8023242,1774737540,1774738465,default
1774738195,1_46505,1_102619,F Line,1_694460920,1_7975734,1774738740,1774738740,default
1774738195,1_280,40_100240,554,40_561760680,40_9690,1774737921,1774738262,default
1774738195,1_84810,1_102752,223,1_833154010,1_7305,1774738314,1774738177,default
1774738195,1_65092,1_100162,271,1_720941860,1_7380,1774738620,1774737548,default
1774738195,1_54201,1_102619,F Line,1_635424070,1_6008,1774738119,1774738317,default
1774738195,1_40093,1_100133,240,1_761759760,1_7362,1774738460,1774738304,default
1774738195,1_10912,1_100214,372,1_609383320,1_7414,1774737693,1774738359,default
1774738195,1_10912,40_100511,542,40_569520720,40_7976449,1774738980,1774738980,default
1774738195,1_10912,1_100162,271,1_694317700,1_7976242,1774739880,1774739880,default
1774738195,1_10912,40_100511,542,40_569520850,40_7976448,1774740780,1774740780,default
1774738195,1_76310,40_100232,522,40_605989170,40_7976490,1774738240,1774738382,default
1774738496,1_103,1_102745,G Line,1_736400790,1_6410,1774738006,1774738548,default
1774738496,1_481,1_102576,C Line,1_800797270,1_6255,1774738320,1774738519,default
1774738496,1_6650,1_102747,61,1_803296020,1_3748,1774738503,1774738503,default
1774738496,1_26560,1_102574,40,1_811076720,1_8264,1774738196,1774738517,default
1774738496,1_970,1_100045,150,1_800687500,1_8120,1774738554,1774738482,default
1774738496,1_320,40_100239,550,40_561762220,40_9672,1774738560,1774738545,default
1774738496,1_575,1_102576,C Line,1_800796630,1_6252,1774737780,1774738591,default
1774738496,1_46505,1_102619,F Line,1_694460920,1_7975734,1774738740,1774738740,default
1774738496,1_68130,1_102548,B Line,1_806283990,1_6025,1774738344,1774738607,default
1774738496,1_8530,1_100005,106,1_762144110,1_7190,1774738453,1774738630,default
1774738496,1_65092,1_100162,271,1_720941860,1_7380,1774738620,1774737548,default
1774738496,1_9605,1_100259,67,1_534533210,1_8149,1774738620,1774738649,default
1774738496,1_59282,1_102717,165,1_800689860,1_8024072,1774739880,1774739880,default
1774738496,1_55831,1_100005,106,1_762144300,1_7168,1774738568,1774738673,default
1774738496,1_75850,1_102615,E Line,1_811963100,1_8022285,1774737166,1774738672,default
1774738496,1_620,40_100239,550,40_561761270,40_9576,1774738980,1774738910,default
1774738496,1_10912,40_100511,542,40_569520720,40_7976449,1774738980,1774738980,default
1774738496,1_10912,1_100162,271,1_694317700,1_7976242,1774739880,1774739880,default
1774738496,1_10912,40_100511,542,40_569520850,40_7976448,1774740780,1774740780,default
1774738796,1_103,1_102745,G Line,1_736401460,1_6404,1774738366,1774738828,default
1774738796,1_8541,1_100263,7,1_727428870,1_8228,1774738680,1774738854,default
1774738796,1_2850,1_100089,2,1_788828460,1_8023224,1774739340,1774739340,default
1774738796,1_46505,1_102619,F Line,1_656275690,1_7975737,1774739640,1774739640,default
1774738796,1_11569,1_100002,10,1_675377410,1_7156,1774738487,1774738872,default
1774738796,1_57804,1_100072,181,1_800685740,1_7466,1774739002,1774739066,default
1774738796,1_59282,1_100072,181,1_800685790,1_7064,1774739460,1774738628,default
1774738796,1_59282,1_102717,165,1_800689860,1_8024072,1774739880,1774739880,default
1774738796,1_25791,1_100214,372,1_609383320,1_7414,1774738341,1774738964,default
1774738796,1_10912,40_100511,542,40_569520720,40_7976449,1774738980,1774738980,default
1774738796,1_10912,1_100162,271,1_694317700,1_7976242,1774739880,1774739880,default
1774738796,1_10912,40_100511,542,40_569520850,40_7976448,1774740780,1774740780,default
1774739096,1_2850,1_100089,2,1_788828460,1_7183,1774739340,1774738924,default
1774739096,1_2850,1_100089,2,1_788828460,1_8023224,1774739340,1774739340,default
1774739096,1_2850,1_100089,2,1_788828780,1_8023240,1774738440,1774739590,default
1774739096,1_46505,1_102619,F Line,1_656275690,1_7975737,1774739640,1774739640,default
1774739096,3_31002,40_560,560,40_2239070,40_9206,1774739374,1774739464,default
1774739096,1_59282,1_100072,181,1_800685790,1_7064,1774739460,1774738628,default
1774739096,1_59282,1_102717,165,1_800689860,1_8024072,1774739880,1774739880,default
1774739096,1_50140,1_102619,F Line,1_656274770,1_7975733,1774739321,-1,default
1774739096,1_10912,1_100447,49,1_650253640,1_7975162,1774737570,1774739259,default
1774739096,1_10912,1_100162,271,1_694317700,1_7976242,1774739880,1774739880,default
1774739096,1_10912,40_100511,542,40_569520850,40_7976448,1774740780,1774740780,default
1774739096,1_71960,40_100511,542,40_597714960,40_7976450,1774739820,1774739820,default
1774739396,1_26560,1_102574,40,1_811077920,1_8225,1774739096,1774739436,default
1774739396,1_2850,1_100089,2,1_788828780,1_8023240,1774738440,1774739590,default
1774739396,1_2850,1_100089,2,1_788828780,1_7098,1774738440,1774739590,default
1774739396,1_46505,1_102619,F Line,1_656275690,1_7975737,1774739640,1774739640,default
1774739396,1_50774,1_100045,150,1_694452330,1_8172,1774739526,1774739437,default
1774739396,3_31002,40_560,560,40_2239070,40_9206,1774739374,1774739471,default
1774739396,1_52306,1_102619,F Line,1_656275860,1_7975738,1774740000,1774740178,default
1774739396,1_65092,1_100162,271,1_720941920,1_7976243,1774740420,1774740420,default
1774739396,1_59282,1_102717,165,1_800689860,1_8024072,1774739880,1774739880,default
1774739396,1_620,40_100236,545,40_353312950,40_9652,1774739520,1774739625,default
1774739396,1_10912,1_100162,271,1_694317700,1_7976242,1774739880,1774739880,default
1774739396,1_10912,40_100511,542,40_569520850,40_7976448,1774740780,1774740780,default
1774739396,1_71960,40_100511,542,40_597714960,40_7976450,1774739820,1774739820,default
1774739396,1_10640,1_100252,62,1_800782370,1_8025282,1774737000,1774740366,default
1774739396,1_10640,1_100252,62,1_800782380,1_8025280,1774737900,1774740510,default
1774739696,1_320,40_100239,550,40_561763020,40_9632,1774739460,1774739734,default
1774739696,1_46505,1_102619,F Line,1_656275330,1_7975741,1774740540,1774740540,default
1774739696,1_280,40_100240,554,40_561759560,40_7976484,1774739721,1774739774,default
1774739696,1_60477,1_100060,168,1_800693770,1_7473,1774739634,1774739771,default
1774739696,1_52306,40_560,560,40_2239070,40_9206,1774740000,1774740017,default
1774739696,1_52306,1_102619,F Line,1_656275860,1_7975738,1774740000,1774740075,default
1774739696,1_58112,1_102619,F Line,1_694462160,1_6010,1774739692,1774739892,default
1774739696,1_45670,1_100210,36,1_562556000,1_7133,1774739844,1774739784,default
1774739696,1_65092,1_100162,271,1_720941920,1_7976243,1774740420,1774740420,default
1774739696,1_59282,1_102717,165,1_800689860,1_8024072,1774739880,1774739880,default
1774739696,1_2260,1_100275,8,1_800781090,1_8060,1774737710,1774739867,default
1774739696,1_2260,1_100275,8,1_800781110,1_8062,1774739510,1774739868,default
1774739696,1_10912,1_100162,271,1_694317700,1_7976242,1774739880,1774739880,default
1774739696,1_10912,40_100511,542,40_569520850,40_7976448,1774740780,1774740780,default
1774739696,1_10912,1_100162,271,1_694317730,1_7976244,1774741680,1774741680,default
1774739696,1_10912,40_100511,542,40_569520430,40_7976436,1774742580,1774742580,default
1774739696,1_10640,1_100252,62,1_800782370,1_8025282,1774737000,1774740395,default
1774739696,1_10640,1_100252,62,1_800782380,1_8025280,1774737900,1774740543,default
1774739696,1_10640,1_100252,62,1_800782390,1_8025215,1774738800,1774740722,default
1774739696,1_10640,1_100252,62,1_800782400,1_8025246,1774739700,1774740783,default
1774739996,1_26560,1_102574,40,1_811077780,1_8206,1774739996,1774740138,default
1774739996,1_970,40_577,577,40_1516070,40_9727,1774740027,1774740027,default
1774739996,1_970,40_594,594,40_2782070,40_9735,1774739910,1774740109,default
1774739996,1_75890,1_102615,E Line,1_811961710,1_8026459,1774738079,1774740023,default
1774739996,1_46505,1_102619,F Line,1_656275330,1_7975741,1774740540,1774740540,default
1774739996,1_280,40_100240,554,40_561759560,40_9812,1774739721,1774740043,default
1774739996,1_52306,1_102619,F Line,1_635424270,1_7975740,1774741800,1774741800,default
1774739996,1_99254,1_100003,101,1_694452920,1_8163,1774741780,1774741682,default
1774739996,1_65092,1_100162,271,1_720941930,1_7976239,1774742220,1774742220,default
1774739996,1_59282,1_102717,165,1_800689870,1_7311,1774741680,1774740722,default
1774739996,1_620,40_594,594,40_3873070,40_51401,1774741260,1774741706,default
1774739996,1_10912,40_100511,542,40_569520430,40_7976436,1774742580,1774742580,default
1774739996,1_10912,1_100162,271,1_694317500,1_7976240,1774743480,1774743480,default
1774739996,1_81982,1_100196,331,1_816392250,1_7258,1774741430,1774741719,default
1774739996,1_10640,1_100252,62,1_800782430,1_8045,1774742400,1774742400,default
1774741701,1_103,1_102745,G Line,1_736400770,1_6410,1774740886,1774741729,default
1774741701,1_28370,1_102574,40,1_811076600,1_8236,1774741326,1774741742,default
1774741701,1_26560,1_102574,40,1_811076670,1_8216,1774740896,1774741826,default
1774741701,1_320,40_100240,554,40_561760260,40_9806,1774741740,1774741748,default
1774741701,1_320,40_594,594,40_3751070,40_9734,1774741980,1774741834,default
1774741701,1_2850,1_100089,2,1_788828800,1_8023239,1774742100,1774742100,default
1774741701,1_2850,1_100089,2,1_788828790,1_8023245,1774740240,1774742476,default
1774741701,1_46505,1_102619,F Line,1_694461490,1_7975757,1774742340,1774742340,default
1774741701,1_52306,1_102619,F Line,1_635424270,1_7975740,1774741800,1774741800,default
1774741701,1_8530,1_100005,106,1_762144310,1_7451,1774742113,1774741774,default
1774741701,1_8530,1_100263,7,1_727428980,1_8241,1774741869,1774741784,default
1774741701,1_58112,1_102619,F Line,1_656275690,1_6277,1774741476,1774741830,default
1774741701,1_45670,1_100210,36,1_562556020,1_7974750,1774741044,1774741807,default
1774741701,1_65092,1_100162,271,1_720941930,1_7976239,1774742220,1774742220,default
1774741701,1_9605,1_100184,31,1_800790300,1_7046,1774741280,1774741827,default
1774741701,1_10912,1_100264,70,1_809240220,1_8245,1774741585,1774741868,default
1774741701,1_10912,40_100511,542,40_569520430,40_7976436,1774742580,1774742580,default
1774741701,1_10912,1_100162,271,1_694317500,1_7976240,1774743480,1774743480,default
1774741701,1_10912,40_100511,542,40_569521020,40_7976450,1774744320,1774744320,default
1774741701,1_10640,1_100252,62,1_800782430,1_8045,1774742400,1774742400,default
1774742001,1_85800,1_100196,331,1_816392250,1_7258,1774741713,1774742039,default
1774742001,1_2850,1_100089,2,1_788828800,1_7075,1774742100,1774741682,default
1774742001,1_2850,1_100089,2,1_788828790,1_8023245,1774740240,1774742368,default
1774742001,1_46505,1_102619,F Line,1_694461490,1_7975757,1774742340,1774742340,default
1774742001,1_280,40_100240,554,40_561760260,40_9806,1774741581,1774742097,default
1774742001,1_1510,1_100263,7,1_727428980,1_8241,1774742094,1774742017,default
1774742001,1_73366,1_102548,B Line,1_806283420,1_6027,1774742110,1774742061,default
1774742001,1_99254,1_100045,150,1_694452330,1_8172,1774742200,1774742134,default
1774742001,1_45670,1_100210,36,1_562556020,1_7974750,1774741044,1774742107,default
1774742001,1_65092,1_100162,271,1_720941930,1_7976239,1774742220,1774742220,default
1774742001,1_57804,1_100072,181,1_800685820,1_7467,1774742602,1774742546,default
1774742001,1_59282,1_102717,165,1_800689880,1_8024142,1774743480,1774743480,default
1774742001,1_620,40_100236,545,40_353312980,40_7976438,1774741320,1774742269,default
1774742001,1_10912,40_100511,542,40_569520430,40_7976436,1774742580,1774742580,default
1774742001,1_10912,1_100162,271,1_694317500,1_7976240,1774743480,1774743480,default
1774742001,1_10912,40_100511,542,40_569521020,40_7976450,1774744320,1774744320,default
1774742001,1_10640,1_100252,62,1_800782430,1_8045,1774742400,1774742400,default
