snapshot_ts,stop_id,route_id,route_short_name,trip_id,vehicle_id,scheduled_arrival_ts,predicted_arrival_ts,status
1774310313,1_12170,1_100039,14,1_562519949,1_4392,1774310379,1774310397,default
1774310313,1_481,1_102576,C Line,1_774681579,1_6258,1774310220,1774310337,default
1774310313,1_481,1_100024,125,1_770790159,1_7059,1774310220,1774310351,default
1774310313,1_29217,1_100224,44,1_664046929,1_4551,1774309922,1774310362,default
1774310313,1_970,1_100459,218,1_694279329,1_6851,1774310266,1774310339,default
1774310313,1_30790,1_100230,50,1_785559479,1_3712,1774310261,1774310347,default
1774310313,1_80692,1_100045,150,1_694513309,1_6965,1774309863,1774310342,default
1774310313,1_320,40_592,592,40_923020,block_15105_schedBasedVehicle,1774311480,1774310352,default
1774310313,1_81205,1_100072,181,1_721481869,1_7191,1774310371,1774310348,default
1774310313,1_575,1_100001,1,1_562520019,1_4409,1774310460,1774310400,default
1774310313,1_575,1_102576,C Line,1_774682269,1_6259,1774310520,1774310448,default
1774310313,1_2850,1_100089,2,1_491928949,1_7104,1774310460,1774309961,default
1774310313,1_2850,1_100089,2,1_491928959,1_7975111,1774311120,1774311120,default
1774310313,1_46505,1_102619,F Line,1_694522129,1_6014,1774311060,1774310222,default
1774310313,1_46505,1_102619,F Line,1_694521709,1_7976229,1774310460,1774310460,default
1774310313,1_46505,1_102619,F Line,1_694522129,1_7976085,1774311060,1774311060,default
1774310313,1_1190,40_100239,550,40_597759269,40_9690,1774310612,1774310319,default
1774310313,1_57453,1_102719,161,1_664467849,1_7438,1774310460,1774310294,default
1774310313,1_10653,1_100252,62,1_721368339,1_7974610,1774310460,1774310272,default
1774310313,1_10653,1_100252,62,1_721368339,1_8039,1774310460,1774310346,default
1774310313,3_31002,40_560,560,40_3037020,40_9125,1774310545,1774310670,default
1774310313,1_11569,1_100002,10,1_675385229,1_4404,1774310154,1774310401,default
1774310313,1_11940,1_100039,14,1_562520069,1_4405,1774310419,1774310446,default
1774310313,1_52306,1_102619,F Line,1_656236699,1_7976226,1774310700,1774310700,default
1774310313,1_52306,1_102719,161,1_693753589,1_7976230,1774311300,1774311300,default
1774310313,1_52306,1_102619,F Line,1_694522049,1_7975998,1774311300,1774311300,default
1774310313,1_52306,1_102719,161,1_693754319,1_7976220,1774312020,1774312020,default
1774310313,1_40030,1_102574,40,1_761403719,1_8252,1774310351,1774310450,default
1774310313,1_39983,1_102736,H Line,1_694056379,1_6078,1774310460,1774310354,default
1774310313,1_59282,1_102717,165,1_664465499,1_7391,1774311180,1774309415,default
1774310313,1_23905,1_100214,372,1_694306659,1_6929,1774310092,1774310490,default
1774310313,1_60710,1_100512,A Line,1_721482809,1_6235,1774310236,1774310481,default
1774310313,1_58111,1_102619,F Line,1_694521259,1_6286,1774310434,1774310486,default
1774310313,1_25791,1_100214,372,1_694307129,1_6973,1774310481,1774310480,default
1774310313,1_620,40_515,515,40_15046097__KPOB-CS:223:1:Mon-Wed:1:25SEP:85043:123,40_91728,1774311600,1774309497,default
1774310313,1_620,40_515,515,40_15046592__KPOB-CS:223:1:Mon-Wed:1:25SEP:85081:123,40_KPOB-CS:223:1:Mon-Wed:1:25SEP:85081:123,1774310400,1774310638,default
1774310313,1_620,40_100236,545,40_563503519,40_7976553,1774310160,1774310641,default
1774310313,1_620,40_510,510,40_15046507__KPOB-CS:223:1:Mon-Wed:1:25SEP:85057:123,40_KPOB-CS:223:1:Mon-Wed:1:25SEP:85057:123,1774311000,1774311000,default
1774310313,1_620,29_424,424,29_14876206__MCOB-DO:123:0:Weekday:1:25SEP:61049:12345,29_MCOB-DO:123:0:Weekday:1:25SEP:61049:12345,1774311000,1774311000,default
1774310313,1_620,40_100239,550,40_597759719,40_9577,1774310760,1774311030,default
1774310313,1_620,40_515,515,40_15046449__KPOB-CS:223:1:Mon-Wed:1:25SEP:85083:123,40_KPOB-CS:223:1:Mon-Wed:1:25SEP:85083:123,1774311000,1774311059,default
1774310313,1_620,1_102754,256,1_778603729,1_7976735,1774311300,1774311300,default
1774310313,1_620,40_515,515,40_15046338__KPOB-CS:223:1:Mon-Wed:1:25SEP:85052:123,40_KPOB-CS:223:1:Mon-Wed:1:25SEP:85052:123,1774312800,1774312800,default
1774310313,1_620,1_102754,256,1_778603739,1_7976728,1774313100,1774313100,default
1774310313,1_620,40_515,515,40_15046524__KPOB-CS:223:1:Mon-Wed:1:25SEP:85062:123,40_KPOB-CS:223:1:Mon-Wed:1:25SEP:85062:123,1774314000,1774314000,default
1774310313,1_10912,1_100447,49,1_650118599,1_7975093,1774310490,1774310490,default
1774310313,1_10912,40_100511,542,40_581722909,40_7976606,1774310760,1774310760,default
1774310313,1_10912,1_100162,271,1_569496929,1_7976670,1774311120,1774311120,default
1774310313,1_10912,1_100162,271,1_569496799,1_7976668,1774311780,1774311780,default
1774310313,1_10912,40_100451,556,40_635883209,40_7976710,1774312200,1774312200,default
1774310613,1_103,1_102745,G Line,1_736436089,1_6411,1774310718,1774310693,default
1774310613,1_85800,1_100196,331,1_778699579,1_7217,1774310571,1774310691,default
1774310613,1_60161,1_100042,148,1_762077939,1_7976072,1774312080,1774312080,default
1774310613,1_8541,1_100005,106,1_727784799,1_7975095,1774310640,1774310640,default
1774310613,1_320,1_100459,218,1_694279329,1_6851,1774310520,1774310669,default
1774310613,1_2850,1_100089,2,1_491928959,1_7069,1774311120,1774310457,default
1774310613,1_2850,1_100089,2,1_491928959,1_7975111,1774311120,1774311120,default
1774310613,1_8080,1_100263,7,1_650130179,1_4545,1774310652,1774310634,default
1774310613,1_46505,1_102619,F Line,1_694522129,1_6014,1774311060,1774310222,default
1774310613,1_11590,1_100002,10,1_675385229,1_4404,1774310551,1774310677,default
1774310613,1_72494,1_100160,269,1_720964939,1_7976380,1774311840,1774311840,default
1774310613,1_52306,1_102619,F Line,1_656236699,1_7976226,1774310700,1774310700,default
1774310613,1_52306,1_102719,161,1_693753589,1_7976230,1774311300,1774311300,default
1774310613,1_52306,1_102619,F Line,1_694522049,1_7975998,1774311300,1774311300,default
1774310613,1_52306,1_102719,161,1_693754319,1_7976220,1774312020,1774312020,default
1774310613,1_58112,1_102619,F Line,1_694521259,1_6286,1774310736,1774310777,default
1774310613,1_70665,1_100136,245,1_761788319,1_7357,1774310916,1774310676,default
1774310613,1_70665,1_102704,250,1_720962529,1_7250,1774310844,1774310689,default
1774310613,1_40065,1_102574,40,1_778707719,1_8111,1774310905,1774310696,default
1774310613,1_71970,1_102704,250,1_720962549,1_7423,1774310660,1774310733,default
1774310613,1_71970,1_102753,222,1_774817939,1_7376,1774310722,1774310750,default
1774310613,1_32165,1_100023,124,1_690552649,1_8047,1774310760,1774310704,default
1774310613,1_54971,1_100004,105,1_635436549,1_7402,1774309913,1774310763,default
1774310613,1_59282,1_102717,165,1_664465499,1_7391,1774311180,1774309415,default
1774310613,1_23905,1_100214,372,1_694306839,1_6885,1774310932,1774310835,default
1774310613,1_57791,1_102718,184,1_664464459,1_1019,1774310889,1774310857,default
1774310613,1_2260,1_100275,8,1_759808829,1_8044,1774310572,1774310801,default
1774310613,1_620,40_515,515,40_15046097__KPOB-CS:223:1:Mon-Wed:1:25SEP:85043:123,40_91728,1774311600,1774309497,default
1774310613,1_620,40_100236,545,40_585569839,40_7976564,1774310880,1774310880,default
1774310613,1_620,40_100236,545,40_585569839,40_9583,1774310880,1774310894,default
1774310613,1_620,40_510,510,40_15046507__KPOB-CS:223:1:Mon-Wed:1:25SEP:85057:123,40_KPOB-CS:223:1:Mon-Wed:1:25SEP:85057:123,1774311000,1774310992,default
1774310613,1_620,29_424,424,29_14876206__MCOB-DO:123:0:Weekday:1:25SEP:61049:12345,29_MCOB-DO:123:0:Weekday:1:25SEP:61049:12345,1774311000,1774311000,default
1774310613,1_620,40_515,515,40_15046449__KPOB-CS:223:1:Mon-Wed:1:25SEP:85083:123,40_KPOB-CS:223:1:Mon-Wed:1:25SEP:85083:123,1774311000,1774311058,default
1774310613,1_620,1_102754,256,1_778603729,1_7976735,1774311300,1774311300,default
1774310613,1_620,40_100239,550,40_597759729,40_7976642,1774311360,1774311318,default
1774310613,1_620,40_515,515,40_15046338__KPOB-CS:223:1:Mon-Wed:1:25SEP:85052:123,40_KPOB-CS:223:1:Mon-Wed:1:25SEP:85052:123,1774312800,1774312800,default
1774310613,1_620,1_102754,256,1_778603739,1_7976728,1774313100,1774313100,default
1774310613,1_620,40_515,515,40_15046524__KPOB-CS:223:1:Mon-Wed:1:25SEP:85062:123,40_KPOB-CS:223:1:Mon-Wed:1:25SEP:85062:123,1774314000,1774314000,default
1774310613,1_620,40_510,510,40_15046553__KPOB-CS:223:1:Mon-Wed:1:25SEP:85085:123,40_KPOB-CS:223:1:Mon-Wed:1:25SEP:85085:123,1774314300,1774314300,default
1774310613,1_10912,1_100162,271,1_569496929,1_7976670,1774311120,1774311120,default
1774310613,1_10912,1_100162,271,1_569496799,1_7976668,1774311780,1774311780,default
1774310613,1_10912,40_100451,556,40_635883209,40_7976710,1774312200,1774312200,default
1774310613,1_71960,40_100511,542,40_721030809,40_7976686,1774311660,1774311660,default
1774310613,1_8403,1_100039,14,1_562519939,1_4343,1774310700,1774310560,default
1774310913,1_26560,1_102574,40,1_761402959,1_8199,1774311083,1774310987,default
1774310913,1_60161,1_100042,148,1_762077939,1_7976072,1774312080,1774312080,default
1774310913,1_51651,1_102736,H Line,1_694055929,1_6071,1774311087,1774310918,default
1774310913,1_575,1_102615,E Line,1_768604429,1_6225,1774311000,1774310958,default
1774310913,1_575,1_100210,36,1_630543859,1_4376,1774311000,1774310983,default
1774310913,1_575,1_100089,2,1_491928929,1_7156,1774310880,1774311038,default
1774310913,1_2850,1_100089,2,1_491928959,1_7069,1774311120,1774310457,default
1774310913,1_35334,1_102729,322,1_761390149,1_8298,1774311000,1774310947,default
1774310913,1_46505,1_102619,F Line,1_694522129,1_6014,1774311060,1774310222,default
1774310913,1_2320,1_100001,1,1_562520019,1_4409,1774310965,1774310981,default
1774310913,1_68130,1_102548,B Line,1_721018439,1_6020,1774311088,1774311060,default
1774310913,1_10653,1_100252,62,1_721368349,1_8028,1774311060,1774311028,default
1774310913,1_11200,1_100447,49,1_650117929,1_7082,1774310820,1774311010,default
1774310913,1_73366,1_102548,B Line,1_721018929,1_6022,1774310620,1774311002,default
1774310913,1_72494,1_100160,269,1_720964939,1_7976380,1774311840,1774311840,default
1774310913,1_52306,40_560,560,40_3037020,40_9125,1774311240,1774311258,default
1774310913,1_52306,1_102719,161,1_693753589,1_7976230,1774311300,1774311300,default
1774310913,1_52306,1_102619,F Line,1_694522049,1_7975998,1774311300,1774311300,default
1774310913,1_52306,1_102619,F Line,1_694521869,1_7976003,1774311900,1774311900,default
1774310913,1_52306,1_102719,161,1_693754319,1_7976220,1774312020,1774312020,default
1774310913,1_2200,1_100001,1,1_562520039,1_4391,1774310895,1774311054,default
1774310913,1_54971,1_100004,105,1_635436549,1_7976124,1774309913,1774311052,default
1774310913,1_59282,1_102717,165,1_664465499,1_7391,1774311180,1774309415,default
1774310913,1_59872,1_102619,F Line,1_656237159,1_6243,1774310958,1774311093,default
1774310913,1_25791,1_100214,372,1_694306259,1_6931,1774311141,1774311150,default
1774310913,1_620,40_515,515,40_15046097__KPOB-CS:223:1:Mon-Wed:1:25SEP:85043:123,40_91728,1774311600,1774309497,default
1774310913,1_620,40_100239,550,40_597759729,40_7976642,1774311360,1774311050,default
1774310913,1_620,40_515,515,40_15046449__KPOB-CS:223:1:Mon-Wed:1:25SEP:85083:123,40_KPOB-CS:223:1:Mon-Wed:1:25SEP:85083:123,1774311000,1774311259,default
1774310913,1_620,1_102754,256,1_778603729,1_7976735,1774311300,1774311300,default
1774310913,1_620,40_515,515,40_15046338__KPOB-CS:223:1:Mon-Wed:1:25SEP:85052:123,40_KPOB-CS:223:1:Mon-Wed:1:25SEP:85052:123,1774312800,1774312800,default
1774310913,1_620,1_102754,256,1_778603739,1_7976728,1774313100,1774313100,default
1774310913,1_620,40_515,515,40_15046524__KPOB-CS:223:1:Mon-Wed:1:25SEP:85062:123,40_KPOB-CS:223:1:Mon-Wed:1:25SEP:85062:123,1774314000,1774314000,default
1774310913,1_620,40_510,510,40_15046553__KPOB-CS:223:1:Mon-Wed:1:25SEP:85085:123,40_KPOB-CS:223:1:Mon-Wed:1:25SEP:85085:123,1774314300,1774314344,default
1774310913,1_68888,1_102552,226,1_778457449,1_7363,1774311297,1774311033,default
1774310913,1_10912,1_100162,271,1_569496929,1_7976670,1774311120,1774311120,default
1774310913,1_10912,1_100162,271,1_569496799,1_7976668,1774311780,1774311780,default
1774310913,1_10912,40_100511,542,40_581723459,40_7976604,1774312020,1774312020,default
1774310913,1_10912,40_100451,556,40_635883209,40_7976710,1774312200,1774312200,default
1774310913,1_10912,1_100162,271,1_569496949,1_7976352,1774312380,1774312380,default
1774310913,1_10912,40_100451,556,40_635883199,40_7976550,1774314120,1774314120,default
1774310913,1_71960,40_100511,542,40_721030809,40_7976686,1774311660,1774311660,default
1774310913,1_25210,1_100259,67,1_724948459,1_8269,1774311161,1774311040,default
1774310913,1_58144,1_102719,161,1_664468339,1_7467,1774311222,1774311084,default
1774311213,1_103,1_102745,G Line,1_736436159,1_6406,1774311078,1774311246,default
1774311213,1_12170,1_100039,14,1_562519939,1_4343,1774311279,1774311349,default
1774311213,1_60161,1_100042,148,1_762077939,1_7976072,1774312080,1774312080,default
1774311213,1_60161,1_100042,148,1_762077939,1_3722,1774312080,1774312080,default
1774311213,1_68784,1_102548,B Line,1_721019529,1_6028,1774311259,1774311202,default
1774311213,1_575,1_102576,C Line,1_774680569,1_6247,1774311120,1774311341,default
1774311213,1_575,1_102576,C Line,1_774682119,1_6262,1774311720,1774311341,default
1774311213,1_8080,1_100263,7,1_650130249,1_4525,1774311288,1774311211,default
1774311213,1_29423,1_102732,79,1_629939789,1_7975558,1774312200,1774312200,default
1774311213,1_280,40_592,592,40_923020,40_9310,1774311278,1774311278,default
1774311213,1_280,40_100240,554,40_581723289,40_9815,1774311081,1774311285,default
1774311213,1_280,1_100011,111,1_664454919,1_7976599,1774311261,1774311317,default
1774311213,1_1190,40_100239,550,40_597759719,40_9577,1774311272,1774311289,default
1774311213,1_27420,1_100249,60,1_689961519,1_7134,1774311368,1774311323,default
1774311213,1_1510,1_100210,36,1_630543699,1_4303,1774311278,1774311213,default
1774311213,1_73366,1_102548,B Line,1_721019269,1_6035,1774311220,1774311357,default
1774311213,1_72494,1_100160,269,1_720964939,1_7976380,1774311840,1774311840,default
1774311213,1_52306,1_102619,F Line,1_694521869,1_7976003,1774311900,1774311900,default
1774311213,1_52306,1_102719,161,1_693754319,1_7976220,1774312020,1774312020,default
1774311213,1_52306,1_102719,161,1_664467879,1_7976132,1774312860,1774312860,default
1774311213,1_80121,1_102719,161,1_635446679,1_7433,1774311236,1774311332,default
1774311213,1_8530,1_100005,106,1_727785149,1_7128,1774311426,1774311291,default
1774311213,1_8530,1_100263,7,1_650130219,1_4540,1774311137,1774311320,default
1774311213,1_58112,1_102619,F Line,1_694521469,1_6228,1774311336,1774311275,default
1774311213,1_40065,1_102574,40,1_778707249,1_8154,1774311505,1774311349,default
1774311213,1_49350,1_100026,128,1_651742939,1_7430,1774311157,1774311399,default
1774311213,1_57804,1_100072,181,1_721482079,1_7427,1774311373,1774311502,default
1774311213,1_54971,1_100004,105,1_635436549,1_7976124,1774309913,1774311382,default
1774311213,1_620,40_515,515,40_15046097__KPOB-CS:223:1:Mon-Wed:1:25SEP:85043:123,40_91728,1774311600,1774309497,default
1774311213,1_620,1_100104,212,1_694279229,1_6021,1774311720,1774311407,default
1774311213,1_620,40_515,515,40_15046449__KPOB-CS:223:1:Mon-Wed:1:25SEP:85083:123,40_KPOB-CS:223:1:Mon-Wed:1:25SEP:85083:123,1774311000,1774311436,default
1774311213,1_620,40_100240,554,40_774872449,40_9683,1774311300,1774311580,default
1774311213,1_620,40_515,515,40_15046338__KPOB-CS:223:1:Mon-Wed:1:25SEP:85052:123,40_KPOB-CS:223:1:Mon-Wed:1:25SEP:85052:123,1774312800,1774312800,default
1774311213,1_620,1_102754,256,1_778603739,1_7976728,1774313100,1774313100,default
1774311213,1_620,40_515,515,40_15046524__KPOB-CS:223:1:Mon-Wed:1:25SEP:85062:123,40_KPOB-CS:223:1:Mon-Wed:1:25SEP:85062:123,1774314000,1774314000,default
1774311213,1_620,40_510,510,40_15046553__KPOB-CS:223:1:Mon-Wed:1:25SEP:85085:123,40_KPOB-CS:223:1:Mon-Wed:1:25SEP:85085:123,1774314300,1774314116,default
1774311213,1_10912,1_100264,70,1_724577889,1_8241,1774311307,1774311392,default
1774311213,1_10912,1_100162,271,1_569496799,1_7976668,1774311780,1774311780,default
1774311213,1_10912,40_100511,542,40_581723459,40_7976604,1774312020,1774312020,default
1774311213,1_10912,40_100451,556,40_635883209,40_7976710,1774312200,1774312200,default
1774311213,1_10912,1_100162,271,1_569496949,1_7976352,1774312380,1774312380,default
1774311213,1_10912,40_100451,556,40_635883199,40_7976550,1774314120,1774314120,default
1774311213,1_71960,40_100511,542,40_721030809,40_7976686,1774311660,1774311660,default
1774311513,1_46791,1_100016,118,1_694538349,1_3730,1774311480,1774311662,default
1774311513,1_481,1_102736,H Line,1_694056679,1_6112,1774311540,1774311550,default
1774311513,1_22196,1_102736,H Line,1_694055929,1_6071,1774311666,1774311505,default
1774311513,1_60161,1_100042,148,1_762077939,1_3722,1774312080,1774311161,default
1774311513,1_320,1_100011,111,1_664454919,1_7407,1774311420,1774311613,default
1774311513,1_575,1_100001,1,1_562520029,1_4405,1774311360,1774311563,default
1774311513,1_575,1_100263,7,1_694072789,1_4557,1774311420,1774311588,default
1774311513,1_2850,1_100089,2,1_491947819,1_7085,1774311900,1774310855,default
1774311513,1_2850,1_100089,2,1_548774229,1_7076,1774312020,1774311512,default
1774311513,1_29423,1_102732,79,1_629939789,1_7975558,1774312200,1774312200,default
1774311513,1_47660,1_102736,H Line,1_694056379,1_6078,1774311827,1774311553,default
1774311513,1_57453,1_100060,168,1_693747149,1_7467,1774311300,1774310908,default
1774311513,1_72494,1_100160,269,1_720964939,1_7976380,1774311840,1774311840,default
1774311513,1_11940,1_100039,14,1_562520049,1_7974994,1774311259,1774311607,default
1774311513,1_5489,1_102746,333,1_778704609,1_7222,1774311580,1774311609,default
1774311513,1_52306,1_102719,161,1_664467879,1_7108,1774312860,1774311199,default
1774311513,1_52306,1_102619,F Line,1_694521869,1_7976003,1774311900,1774311900,default
1774311513,1_52306,1_102719,161,1_693754319,1_7976220,1774312020,1774312020,default
1774311513,1_52306,1_102619,F Line,1_694522209,1_7976035,1774312500,1774312500,default
1774311513,1_8530,1_100039,14,1_562520049,1_7974994,1774311412,1774311716,default
1774311513,1_99254,1_100045,150,1_694513739,1_8141,1774311880,1774311732,default
1774311513,1_40030,1_102574,40,1_761403869,1_8134,1774311551,1774311673,default
1774311513,1_70665,1_102704,250,1_720962549,1_7423,1774311744,1774311744,default
1774311513,1_54971,1_100004,105,1_635436549,1_7976124,1774309913,1774311713,default
1774311513,1_59282,1_100072,181,1_721490259,1_7191,1774312140,1774311072,default
1774311513,1_60710,1_100512,A Line,1_721482829,1_6273,1774311436,1774311723,default
1774311513,1_75580,1_100205,348,1_771626429,1_7225,1774311710,1774311698,default
1774311513,1_25791,1_100214,372,1_694306419,1_6980,1774311741,1774311743,default
1774311513,1_620,1_100003,101,1_694512919,1_8171,1774312020,1774311746,default
1774311513,1_620,40_100239,550,40_597759959,40_9802,1774311960,1774312226,default
1774311513,1_620,40_515,515,40_15046338__KPOB-CS:223:1:Mon-Wed:1:25SEP:85052:123,40_KPOB-CS:223:1:Mon-Wed:1:25SEP:85052:123,1774312800,1774312800,default
1774311513,1_620,1_102754,256,1_778603739,1_7976728,1774313100,1774313100,default
1774311513,1_620,40_510,510,40_15046553__KPOB-CS:223:1:Mon-Wed:1:25SEP:85085:123,40_KPOB-CS:223:1:Mon-Wed:1:25SEP:85085:123,1774314300,1774313809,default
1774311513,1_620,40_515,515,40_15046524__KPOB-CS:223:1:Mon-Wed:1:25SEP:85062:123,40_KPOB-CS:223:1:Mon-Wed:1:25SEP:85062:123,1774314000,1774314000,default
1774311513,1_620,40_515,515,40_15046514__KPOB-CS:223:1:Mon-Wed:1:25SEP:85060:123,40_KPOB-CS:223:1:Mon-Wed:1:25SEP:85060:123,1774315200,1774315200,default
1774311513,1_10912,1_100447,49,1_650118609,1_7975090,1774311690,1774311742,default
1774311513,1_10912,1_100162,271,1_569496799,1_7976668,1774311780,1774311780,default
1774311513,1_10912,40_100511,542,40_581723459,40_7976604,1774312020,1774312020,default
1774311513,1_10912,40_100451,556,40_635883209,40_7976710,1774312200,1774312200,default
1774311513,1_10912,1_100162,271,1_569496949,1_7976352,1774312380,1774312380,default
1774311513,1_10912,1_100162,271,1_569497189,1_7976663,1774313220,1774313220,default
1774311513,1_10912,40_100511,542,40_581723489,40_7976607,1774313220,1774313220,default
1774311513,1_10912,40_100451,556,40_635883199,40_7976550,1774314120,1774314120,default
1774311813,1_103,1_102745,G Line,1_736437629,1_6402,1774311438,1774311877,default
1774311813,1_85800,1_100196,331,1_778699369,1_7239,1774311771,1774311879,default
1774311813,1_62212,1_100060,168,1_770986029,1_7404,1774311856,1774311753,default
1774311813,1_60161,1_100042,148,1_762077939,1_3722,1774312080,1774311161,default
1774311813,1_8541,1_100039,14,1_562520819,1_4365,1774311480,1774311867,default
1774311813,1_8541,1_100263,7,1_770868949,1_4549,1774311780,1774311869,default
1774311813,1_12770,1_100228,48,1_721359469,1_8296,1774311989,1774311920,default
1774311813,1_30510,1_100249,60,1_689961529,1_7038,1774311641,1774311878,default
1774311813,1_320,40_590,590,40_493020,40_41602,1774312020,1774312020,default
1774311813,1_68784,1_102548,B Line,1_721018439,1_6020,1774311859,1774311782,default
1774311813,1_2850,1_100089,2,1_491947819,1_7085,1774311900,1774310855,default
1774311813,1_46505,1_102619,F Line,1_635449079,1_7976142,1774312860,1774312860,default
1774311813,1_29423,1_102732,79,1_629939789,1_7975558,1774312200,1774312200,default
1774311813,1_1190,40_100239,550,40_597759729,40_7976642,1774311872,1774311500,default
1774311813,1_77460,1_102746,333,1_778704889,1_7203,1774311657,1774311889,default
1774311813,1_11569,1_100002,10,1_675385259,1_4339,1774311354,1774311919,default
1774311813,1_52306,1_102719,161,1_664467879,1_7108,1774312860,1774311199,default
1774311813,1_52306,1_102619,F Line,1_694521869,1_7976003,1774311900,1774311900,default
1774311813,1_52306,1_102719,161,1_693754319,1_7976220,1774312020,1774312020,default
1774311813,1_52306,1_102619,F Line,1_694522209,1_7976035,1774312500,1774312500,default
1774311813,1_48948,1_100512,A Line,1_721483739,1_6280,1774311942,1774311871,default
1774311813,1_60359,1_102720,160,1_694517129,1_7164,1774312064,1774311858,default
1774311813,1_54971,1_100004,105,1_635436549,1_7976124,1774309913,1774311969,default
1774311813,1_59282,1_100072,181,1_721490259,1_7191,1774312140,1774311072,default
1774311813,1_59282,1_102717,165,1_664465509,1_7354,1774312860,1774311617,default
1774311813,1_23905,1_100214,372,1_694306919,1_6962,1774311832,1774312013,default
1774311813,1_15540,1_100246,57,1_662804969,1_6949,1774311960,1774311898,default
1774311813,1_82107,1_100196,331,1_724954959,1_7232,1774311873,1774312004,default
1774311813,1_620,40_100239,550,40_597759959,40_9802,1774311960,1774311988,default
1774311813,1_620,40_100239,550,40_597760059,40_9574,1774312620,1774312472,default
1774311813,1_620,40_515,515,40_15046338__KPOB-CS:223:1:Mon-Wed:1:25SEP:85052:123,40_KPOB-CS:223:1:Mon-Wed:1:25SEP:85052:123,1774312800,1774312800,default
1774311813,1_620,1_102754,256,1_778603739,1_7976728,1774313100,1774313100,default
1774311813,1_620,40_510,510,40_15046553__KPOB-CS:223:1:Mon-Wed:1:25SEP:85085:123,40_KPOB-CS:223:1:Mon-Wed:1:25SEP:85085:123,1774314300,1774313597,default
1774311813,1_620,40_515,515,40_15046524__KPOB-CS:223:1:Mon-Wed:1:25SEP:85062:123,40_KPOB-CS:223:1:Mon-Wed:1:25SEP:85062:123,1774314000,1774314000,default
1774311813,1_620,1_102754,256,1_778603749,1_6943,1774314960,1774314960,default
1774311813,1_620,40_515,515,40_15046514__KPOB-CS:223:1:Mon-Wed:1:25SEP:85060:123,40_KPOB-CS:223:1:Mon-Wed:1:25SEP:85060:123,1774315200,1774315200,default
1774311813,1_10912,1_100264,70,1_724577229,1_7975098,1774311967,1774311985,default
1774311813,1_10912,1_100224,44,1_664047259,1_4532,1774312069,1774311994,default
1774311813,1_10912,40_100511,542,40_581723459,40_7976604,1774312020,1774312020,default
1774311813,1_10912,1_100264,70,1_724577229,1_6224,1774311967,1774312027,default
1774311813,1_10912,40_100451,556,40_635883209,40_7976710,1774312200,1774312200,default
1774311813,1_10912,1_100162,271,1_569496949,1_7976352,1774312380,1774312380,default
1774311813,1_10912,1_100162,271,1_569497189,1_7976663,1774313220,1774313220,default
1774311813,1_10912,40_100511,542,40_581723489,40_7976607,1774313220,1774313220,default
1774311813,1_10912,40_100451,556,40_635883199,40_7976550,1774314120,1774314120,default
1774311813,1_71960,40_100511,542,40_721031019,40_7976608,1774313460,1774313460,default
1774311813,1_25210,1_100259,67,1_724948219,1_8194,1774312061,1774311979,default
1774312113,1_103,1_102745,G Line,1_736436219,1_6407,1774311798,1774312148,default
1774312113,1_12170,1_100039,14,1_562520059,1_4305,1774312179,1774312231,default
1774312113,1_60161,1_100042,148,1_762077999,1_3729,1774312260,1774312125,default
1774312113,1_320,40_100240,554,40_581724369,40_9592,1774312200,1774312116,default
1774312113,1_17651,1_102747,61,1_724959859,1_7236,1774311748,1774312173,default
1774312113,1_575,1_102615,E Line,1_768604479,1_6215,1774312200,1774312178,default
1774312113,1_2850,1_100089,2,1_491928979,1_7076,1774312860,1774311534,default
1774312113,1_46505,1_102619,F Line,1_635449079,1_7976142,1774312860,1774312860,default
1774312113,1_29423,1_102732,79,1_629939789,1_7975558,1774312200,1774312200,default
1774312113,1_11200,1_100447,49,1_650117939,1_7158,1774312080,1774312203,default
1774312113,1_52306,1_102719,161,1_664467879,1_7108,1774312860,1774311199,default
1774312113,1_52306,1_102619,F Line,1_694522209,1_7976035,1774312500,1774312500,default
1774312113,1_52306,1_102619,F Line,1_694521479,1_7975997,1774313400,1774313400,default
1774312113,1_8530,1_100263,7,1_650130239,1_4534,1774312269,1774312156,default
1774312113,1_21680,1_100023,124,1_690552379,1_7024,1774312299,1774312213,default
1774312113,1_59282,1_102717,165,1_664465509,1_7354,1774312860,1774311617,default
1774312113,1_57791,1_102718,184,1_664480809,1_7439,1774312043,1774312292,default
1774312113,1_620,40_100239,550,40_597760059,40_9574,1774312620,1774312261,default
1774312113,1_620,40_100236,545,40_585570399,40_7976571,1774312320,1774312355,default
1774312113,1_620,40_100236,545,40_585570399,40_9659,1774312320,1774312435,default
1774312113,1_620,40_515,515,40_15046338__KPOB-CS:223:1:Mon-Wed:1:25SEP:85052:123,40_KPOB-CS:223:1:Mon-Wed:1:25SEP:85052:123,1774312800,1774312820,default
1774312113,1_620,1_102754,256,1_778603739,1_7976728,1774313100,1774313100,default
1774312113,1_620,40_510,510,40_15046553__KPOB-CS:223:1:Mon-Wed:1:25SEP:85085:123,40_KPOB-CS:223:1:Mon-Wed:1:25SEP:85085:123,1774314300,1774313327,default
1774312113,1_620,40_515,515,40_15046524__KPOB-CS:223:1:Mon-Wed:1:25SEP:85062:123,40_KPOB-CS:223:1:Mon-Wed:1:25SEP:85062:123,1774314000,1774314000,default
1774312113,1_620,1_102754,256,1_778603749,1_6943,1774314960,1774314960,default
1774312113,1_620,40_515,515,40_15046514__KPOB-CS:223:1:Mon-Wed:1:25SEP:85060:123,40_KPOB-CS:223:1:Mon-Wed:1:25SEP:85060:123,1774315200,1774315200,default
1774312113,1_620,40_510,510,40_15046502__KPOB-CS:223:1:Mon-Wed:1:25SEP:85073:123,40_KPOB-CS:223:1:Mon-Wed:1:25SEP:85073:123,1774315800,1774315800,default
1774312113,1_10912,1_100264,70,1_724577789,1_8233,1774312306,1774312306,default
1774312113,1_10912,1_100214,372,1_694305849,1_6987,1774312244,1774312309,default
1774312113,1_10912,1_100162,271,1_569496949,1_7976352,1774312380,1774312380,default
1774312113,1_10912,1_100162,271,1_569497189,1_7976663,1774313220,1774313220,default
1774312113,1_10912,40_100511,542,40_581723489,40_7976607,1774313220,1774313220,default
1774312113,1_10912,40_100451,556,40_635883199,40_7976550,1774314120,1774314120,default
1774312113,1_10912,1_100162,271,1_569554149,1_7976662,1774314180,1774314180,default
1774312113,1_71960,40_100511,542,40_721031019,40_7976608,1774313460,1774313460,default
1774312113,1_81982,1_102746,333,1_778704639,1_7201,1774312179,1774312285,default
1774312413,1_103,1_102745,G Line,1_736436139,1_6412,1774312878,1774312479,default
1774312413,1_46570,1_100011,111,1_664454909,1_7483,1774312892,1774312398,default
1774312413,1_22196,1_102736,H Line,1_694055889,1_6079,1774312266,1774312431,default
1774312413,1_73945,1_102704,250,1_720962539,1_7348,1774311832,1774312436,default
1774312413,1_60161,1_100042,148,1_762077989,1_3729,1774313880,1774312095,default
1774312413,1_30790,1_100249,60,1_689961639,1_7087,1774312283,1774312443,default
1774312413,1_30510,1_100249,60,1_689961619,1_7090,1774312361,1774312453,default
1774312413,1_60453,1_102715,162,1_721494679,1_8138,1774313460,1774312316,default
1774312413,1_7790,1_102615,E Line,1_768604429,1_6225,1774312643,1774312428,default
1774312413,1_68784,1_102548,B Line,1_721018329,1_6042,1774312459,1774312407,default
1774312413,1_575,1_102615,E Line,1_761417499,1_6107,1774312500,1774312500,default
1774312413,1_575,1_102576,C Line,1_774681099,1_6254,1774312320,1774312559,default
1774312413,1_2850,1_100089,2,1_491928979,1_7076,1774312860,1774311534,default
1774312413,1_46505,1_102619,F Line,1_635449079,1_7976142,1774312860,1774312860,default
1774312413,1_280,1_100011,111,1_664454929,1_7976577,1774312433,1774312497,default
1774312413,1_1190,1_100447,49,1_650117949,1_7975096,1774312399,1774312462,default
1774312413,1_27420,1_100161,27,1_759819399,1_7174,1774312273,1774312487,default
1774312413,1_60477,1_100060,168,1_693747149,1_7467,1774312374,1774312513,default
1774312413,1_68130,1_102548,B Line,1_721019609,1_6044,1774312288,1774312558,default
1774312413,1_8671,1_100275,8,1_693945149,1_8018,1774312491,1774312429,default
1774312413,3_31002,40_560,560,40_3763020,40_41506,1774312525,1774312653,default
1774312413,1_72494,1_100160,269,1_720964299,1_7976342,1774313760,1774313760,default
1774312413,1_52306,1_102719,161,1_664467879,1_7108,1774312860,1774311199,default
1774312413,1_52306,1_102619,F Line,1_694522209,1_7976035,1774312500,1774312500,default
1774312413,1_52306,1_102619,F Line,1_694521479,1_7975997,1774313400,1774313400,default
1774312413,1_99254,1_100045,150,1_694513749,1_8162,1774312780,1774312592,default
1774312413,1_70665,1_100136,245,1_761788129,1_7343,1774312708,1774312490,default
1774312413,1_70665,1_102702,239,1_736529269,1_3717,1774312740,1774312544,default
1774312413,1_41850,1_100249,60,1_689961619,1_7090,1774312466,1774312537,default
1774312413,1_71970,1_102753,222,1_774817949,1_7424,1774312402,1774312542,default
1774312413,1_2200,1_102581,D Line,1_732748599,1_6057,1774312645,1774312634,default
1774312413,1_39983,1_102736,H Line,1_694055879,1_6113,1774312680,1774312563,default
1774312413,1_59282,1_102717,165,1_664465509,1_7354,1774312860,1774311617,default
1774312413,1_59872,1_102619,F Line,1_656236439,1_6232,1774312158,1774312577,default
1774312413,1_19921,1_100101,21,1_775018769,1_8242,1774312081,1774312557,default
1774312413,1_60710,1_100512,A Line,1_721482849,1_6285,1774312636,1774312625,default
1774312413,1_50787,1_100074,183,1_721501509,1_7315,1774312440,1774312638,default
1774312413,1_620,40_100240,554,40_774872599,40_9663,1774313040,1774312777,default
1774312413,1_620,40_515,515,40_15046338__KPOB-CS:223:1:Mon-Wed:1:25SEP:85052:123,40_KPOB-CS:223:1:Mon-Wed:1:25SEP:85052:123,1774312800,1774313000,default
1774312413,1_620,1_102754,256,1_778603739,1_7976728,1774313100,1774313100,default
1774312413,1_620,40_510,510,40_15046553__KPOB-CS:223:1:Mon-Wed:1:25SEP:85085:123,40_KPOB-CS:223:1:Mon-Wed:1:25SEP:85085:123,1774314300,1774313468,default
1774312413,1_620,40_515,515,40_15046524__KPOB-CS:223:1:Mon-Wed:1:25SEP:85062:123,40_KPOB-CS:223:1:Mon-Wed:1:25SEP:85062:123,1774314000,1774314000,default
1774312413,1_620,1_102754,256,1_778603749,1_6943,1774314960,1774314960,default
1774312413,1_620,40_515,515,40_15046514__KPOB-CS:223:1:Mon-Wed:1:25SEP:85060:123,40_KPOB-CS:223:1:Mon-Wed:1:25SEP:85060:123,1774315200,1774315200,default
1774312413,1_620,40_510,510,40_15046502__KPOB-CS:223:1:Mon-Wed:1:25SEP:85073:123,40_KPOB-CS:223:1:Mon-Wed:1:25SEP:85073:123,1774315800,1774315800,default
1774312413,1_10912,1_100162,271,1_569497189,1_7976663,1774313220,1774313220,default
1774312413,1_10912,40_100511,542,40_581723489,40_7976607,1774313220,1774313220,default
1774312413,1_10912,40_100451,556,40_635883199,40_7976550,1774314120,1774314120,default
1774312413,1_10912,1_100162,271,1_569554149,1_7976662,1774314180,1774314180,default
1774312413,1_71960,40_100511,542,40_721031019,40_7976608,1774313460,1774313460,default
1774312713,1_481,1_102736,H Line,1_694055829,1_6051,1774312740,1774312646,default
1774312713,1_51551,1_102736,H Line,1_694055969,1_6109,1774313067,1774312778,default
1774312713,1_26560,1_102574,40,1_761403719,1_8252,1774312883,1774312787,default
1774312713,1_26560,1_102574,40,1_761403089,1_8149,1774312283,1774312842,default
1774312713,1_60161,1_100042,148,1_762077989,1_3729,1774313880,1774312095,default
1774312713,1_970,1_100003,101,1_762101509,1_8175,1774312416,1774312754,default
1774312713,1_970,1_100045,150,1_762102259,1_8165,1774312236,1774312775,default
1774312713,1_575,1_100001,1,1_562520089,1_4403,1774312200,1774312751,default
1774312713,1_575,1_100210,36,1_629345139,1_4533,1774312680,1774312779,default
1774312713,1_2850,1_100089,2,1_491928979,1_7076,1774312860,1774311534,default
1774312713,1_46505,1_102619,F Line,1_635449079,1_7976142,1774312860,1774312860,default
1774312713,1_47660,1_102736,H Line,1_694056219,1_6114,1774312847,1774312741,default
1774312713,1_280,1_100104,212,1_694279259,1_6908,1774312793,1774312688,default
1774312713,1_1190,40_100239,550,40_597760059,40_9574,1774313132,1774312651,default
1774312713,1_27420,1_100249,60,1_689961529,1_7038,1774312808,1774312815,default
1774312713,1_72494,1_100160,269,1_720964299,1_7976342,1774313760,1774313760,default
1774312713,1_52306,1_102719,161,1_664467879,1_7108,1774312860,1774311199,default
1774312713,1_52306,1_102619,F Line,1_694521479,1_7975997,1774313400,1774313400,default
1774312713,1_99254,40_594,594,40_878020,40_61404,1774313313,1774312878,default
1774312713,1_58112,1_102619,F Line,1_694521709,1_6231,1774312536,1774312808,default
1774312713,1_70665,1_102704,250,1_720962559,1_7344,1774312704,1774312875,default
1774312713,1_41850,1_100006,107,1_664459309,1_3700,1774312644,1774312827,default
1774312713,1_57804,1_100072,181,1_721481719,1_7313,1774313233,1774313183,default
1774312713,1_54971,1_100004,105,1_635444169,1_1034,1774312613,1774312852,default
1774312713,1_21080,1_100249,60,1_689961679,1_7099,1774312860,1774312861,default
1774312713,1_22184,1_100024,125,1_770790169,1_7055,1774313118,1774312770,default
1774312713,1_59282,1_102717,165,1_664465509,1_7354,1774312860,1774311617,default
1774312713,1_14280,1_102581,D Line,1_585677409,1_6081,1774312882,1774312756,default
1774312713,1_10210,1_100264,70,1_724577889,1_8241,1774312597,1774312867,default
1774312713,1_25791,1_100214,372,1_694305849,1_6987,1774312941,1774312967,default
1774312713,1_620,40_100236,545,40_563504059,40_7976552,1774313040,1774313040,default
1774312713,1_620,1_102754,256,1_778603739,1_7976728,1774313100,1774313100,default
1774312713,1_620,40_100239,550,40_597760469,40_9658,1774313220,1774313236,default
1774312713,1_620,40_510,510,40_15046553__KPOB-CS:223:1:Mon-Wed:1:25SEP:85085:123,40_KPOB-CS:223:1:Mon-Wed:1:25SEP:85085:123,1774314300,1774313697,default
1774312713,1_620,40_515,515,40_15046524__KPOB-CS:223:1:Mon-Wed:1:25SEP:85062:123,40_KPOB-CS:223:1:Mon-Wed:1:25SEP:85062:123,1774314000,1774314000,default
1774312713,1_620,1_102754,256,1_778603749,1_6943,1774314960,1774314960,default
1774312713,1_620,40_515,515,40_15046514__KPOB-CS:223:1:Mon-Wed:1:25SEP:85060:123,40_KPOB-CS:223:1:Mon-Wed:1:25SEP:85060:123,1774315200,1774315200,default
1774312713,1_620,40_510,510,40_15046502__KPOB-CS:223:1:Mon-Wed:1:25SEP:85073:123,40_KPOB-CS:223:1:Mon-Wed:1:25SEP:85073:123,1774315800,1774315800,default
1774312713,1_620,1_102754,256,1_778603759,1_7976732,1774316820,1774316229,default
1774312713,1_620,40_515,515,40_15046540__KPOB-CS:223:1:Mon-Wed:1:25SEP:85054:123,40_KPOB-CS:223:1:Mon-Wed:1:25SEP:85054:123,1774316400,1774316400,default
1774312713,1_10912,1_100447,49,1_650118619,1_7975092,1774312890,1774312890,default
1774312713,1_10912,1_100264,70,1_724577219,1_8291,1774312846,1774312892,default
1774312713,1_10912,1_100224,44,1_664046999,1_4541,1774312669,1774312893,default
1774312713,1_10912,1_100162,271,1_569497189,1_7976663,1774313220,1774313220,default
1774312713,1_10912,40_100511,542,40_581723489,40_7976607,1774313220,1774313220,default
1774312713,1_10912,40_100451,556,40_635883199,40_7976550,1774314120,1774314120,default
1774312713,1_10912,1_100162,271,1_569554149,1_7976662,1774314180,1774314180,default
1774312713,1_10912,40_100511,542,40_581724879,40_7976685,1774314480,1774314480,default
1774312713,1_10912,40_100451,556,40_635883589,40_7976589,1774315800,1774315800,default
1774312713,1_71960,40_100511,542,40_721031019,40_7976608,1774313460,1774313460,default
1774313013,1_12170,1_100039,14,1_562520819,1_4365,1774313079,1774313081,default
1774313013,1_60161,1_100042,148,1_762077989,1_3729,1774313880,1774312095,default
1774313013,1_575,1_100263,7,1_650130239,1_4534,1774313220,1774312948,default
1774313013,1_575,1_102615,E Line,1_761417629,1_6095,1774313100,1774313085,default
1774313013,1_46505,1_102619,F Line,1_656237449,1_7976004,1774313760,1774313760,default
1774313013,1_47660,1_102736,H Line,1_694056179,1_6059,1774313267,1774313049,default
1774313013,1_280,40_592,592,40_2735020,40_9738,1774313078,1774313078,default
1774313013,1_280,40_100240,554,40_581724259,40_7976690,1774313061,1774313117,default
1774313013,1_27420,23_102638,First Hill Streetcar,23_55295723,23_402,1774313220,1774313016,default
1774313013,1_72494,1_100160,269,1_720964299,1_7976342,1774313760,1774313760,default
1774313013,1_52306,40_560,560,40_3763020,40_41506,1774313220,1774313227,default
1774313013,1_52306,1_102619,F Line,1_694521479,1_7975997,1774313400,1774313400,default
1774313013,1_99254,1_100003,101,1_694513109,1_8192,1774313380,1774313072,default
1774313013,1_48948,1_100512,A Line,1_721483759,1_6006,1774313137,1774313042,default
1774313013,1_57804,1_100072,181,1_721481719,1_7313,1774313233,1774313019,default
1774313013,1_59282,1_102717,165,1_664465519,1_1028,1774314540,1774312879,default
1774313013,1_59282,1_100072,181,1_721481879,1_7976082,1774313820,1774313820,default
1774313013,1_59282,1_102717,165,1_664465519,1_7976227,1774314540,1774314540,default
1774313013,1_10210,1_100264,70,1_724577229,1_6224,1774313202,1774313195,default
1774313013,1_75850,1_102615,E Line,1_768604429,1_6225,1774313457,1774313120,default
1774313013,1_620,40_100239,550,40_597760469,40_9658,1774313220,1774313121,default
1774313013,1_620,40_594,594,40_878020,40_61404,1774313700,1774313237,default
1774313013,1_620,40_100236,545,40_563504059,40_9801,1774313040,1774313264,default
1774313013,1_620,40_510,510,40_15046553__KPOB-CS:223:1:Mon-Wed:1:25SEP:85085:123,40_KPOB-CS:223:1:Mon-Wed:1:25SEP:85085:123,1774314300,1774313765,default
1774313013,1_620,40_515,515,40_15046524__KPOB-CS:223:1:Mon-Wed:1:25SEP:85062:123,40_KPOB-CS:223:1:Mon-Wed:1:25SEP:85062:123,1774314000,1774314000,default
1774313013,1_620,1_102754,256,1_778603749,1_6943,1774314960,1774314960,default
1774313013,1_620,40_515,515,40_15046514__KPOB-CS:223:1:Mon-Wed:1:25SEP:85060:123,40_KPOB-CS:223:1:Mon-Wed:1:25SEP:85060:123,1774315200,1774315200,default
1774313013,1_620,40_510,510,40_15046502__KPOB-CS:223:1:Mon-Wed:1:25SEP:85073:123,40_KPOB-CS:223:1:Mon-Wed:1:25SEP:85073:123,1774315800,1774315800,default
1774313013,1_620,40_515,515,40_15046540__KPOB-CS:223:1:Mon-Wed:1:25SEP:85054:123,40_KPOB-CS:223:1:Mon-Wed:1:25SEP:85054:123,1774316400,1774316400,default
1774313013,1_10912,1_100162,271,1_569497189,1_7976663,1774313220,1774313220,default
1774313013,1_10912,40_100511,542,40_581723489,40_7976607,1774313220,1774313220,default
1774313013,1_10912,40_100451,556,40_635883199,40_7976550,1774314120,1774314120,default
1774313013,1_10912,1_100162,271,1_569554149,1_7976662,1774314180,1774314180,default
1774313013,1_10912,40_100511,542,40_581724879,40_7976685,1774314480,1774314480,default
1774313013,1_10912,40_100451,556,40_635883589,40_7976589,1774315800,1774315800,default
1774313013,1_71960,1_102752,223,1_766488339,1_7389,1774313100,1774313227,default
1774313013,1_71960,40_100511,542,40_721031019,40_7976608,1774313460,1774313460,default
1774313314,1_60161,1_100042,148,1_762077989,1_3729,1774313880,1774312095,default
1774313314,1_75890,1_102615,E Line,1_768604429,1_6225,1774313704,1774313299,default
1774313314,1_575,1_100089,2,1_491947819,1_7085,1774313400,1774313319,default
1774313314,1_575,1_100001,1,1_562520129,1_4389,1774313040,1774313381,default
1774313314,1_46505,1_102619,F Line,1_656237449,1_6242,1774313760,1774313278,default
1774313314,1_46505,1_102619,F Line,1_656237449,1_7976004,1774313760,1774313760,default
1774313314,1_280,40_100240,554,40_581724259,40_9683,1774313061,1774313357,default
1774313314,1_1190,1_100009,11,1_736449879,1_7131,1774313178,1774313359,default
1774313314,1_13810,1_102581,D Line,1_732748619,1_6064,1774313382,1774313349,default
1774313314,1_68130,1_102548,B Line,1_721019129,1_6029,1774313488,1774313459,default
1774313314,1_72494,1_100160,269,1_720964299,1_7976342,1774313760,1774313760,default
1774313314,1_52306,1_102619,F Line,1_694521479,1_7975997,1774313400,1774313400,default
1774313314,1_52306,1_102619,F Line,1_694521979,1_7976016,1774314300,1774314300,default
1774313314,1_8530,1_100005,106,1_727784889,1_7033,1774313226,1774313408,default
1774313314,1_70665,1_102704,250,1_720962579,1_7318,1774313664,1774313422,default
1774313314,1_41850,1_100249,60,1_689961499,1_7072,1774313186,1774313454,default
1774313314,1_2200,1_102581,D Line,1_732750459,1_6085,1774313125,1774313455,default
1774313314,1_2200,1_102581,D Line,1_732748579,1_6070,1774313605,1774313499,default
1774313314,1_59282,1_102717,165,1_664465519,1_1028,1774314540,1774312879,default
1774313314,1_59282,1_100072,181,1_721481879,1_7427,1774313820,1774313100,default
1774313314,1_23905,1_100214,372,1_694306469,1_6984,1774313452,1774313524,default
1774313314,1_71678,1_102552,226,1_778457469,1_7374,1774313600,1774313400,default
1774313314,1_10210,1_100264,70,1_724577789,1_8233,1774313502,1774313423,default
1774313314,1_50787,1_100074,183,1_721501899,1_7488,1774313520,1774313496,default
1774313314,1_620,40_100236,545,40_563504219,40_7976560,1774313640,1774313640,default
1774313314,1_620,40_510,510,40_15046553__KPOB-CS:223:1:Mon-Wed:1:25SEP:85085:123,40_KPOB-CS:223:1:Mon-Wed:1:25SEP:85085:123,1774314300,1774313764,default
1774313314,1_620,40_515,515,40_15046524__KPOB-CS:223:1:Mon-Wed:1:25SEP:85062:123,40_KPOB-CS:223:1:Mon-Wed:1:25SEP:85062:123,1774314000,1774314000,default
1774313314,1_620,40_100239,550,40_597760789,40_9645,1774313820,1774314049,default
1774313314,1_620,1_102754,256,1_778603749,1_6943,1774314960,1774314960,default
1774313314,1_620,40_515,515,40_15046514__KPOB-CS:223:1:Mon-Wed:1:25SEP:85060:123,40_KPOB-CS:223:1:Mon-Wed:1:25SEP:85060:123,1774315200,1774315200,default
1774313314,1_620,40_510,510,40_15046502__KPOB-CS:223:1:Mon-Wed:1:25SEP:85073:123,40_KPOB-CS:223:1:Mon-Wed:1:25SEP:85073:123,1774315800,1774315800,default
1774313314,1_620,40_515,515,40_15046540__KPOB-CS:223:1:Mon-Wed:1:25SEP:85054:123,40_KPOB-CS:223:1:Mon-Wed:1:25SEP:85054:123,1774316400,1774316400,default
1774313314,1_620,1_102754,256,1_778603759,1_7976732,1774316820,1774316820,default
1774313314,1_10912,40_100451,556,40_635883199,40_7976550,1774314120,1774314120,default
1774313314,1_10912,1_100162,271,1_569554149,1_7976662,1774314180,1774314180,default
1774313314,1_10912,40_100511,542,40_581724879,40_7976685,1774314480,1774314480,default
1774313314,1_10912,1_100162,271,1_569496359,1_7976351,1774315140,1774315140,default
1774313314,1_10912,40_100451,556,40_635883589,40_7976589,1774315800,1774315800,default
1774313314,1_8403,1_100039,14,1_562520109,1_4391,1774313400,1774313416,default
1774313314,1_3000,1_100089,2,1_491928979,1_7076,1774313352,1774313495,default
1774313314,1_18220,1_100219,4,1_675344979,1_4377,1774314000,1774313478,default
1774313614,1_29217,1_100224,44,1_664048619,1_4543,1774313522,1774313630,default
1774313614,1_60161,1_100042,148,1_762077989,1_3729,1774313880,1774312095,default
1774313614,1_80692,1_100045,150,1_694513809,1_8190,1774313403,1774313637,default
1774313614,1_60453,1_102715,162,1_721494689,1_8170,1774314660,1774313509,default
1774313614,1_64569,1_100162,271,1_569496289,1_7388,1774313533,1774313714,default
1774313614,1_2850,1_100089,2,1_491928999,1_7105,1774314300,1774313181,default
1774313614,1_46505,1_102619,F Line,1_656237449,1_6242,1774313760,1774313278,default
1774313614,1_46505,1_102619,F Line,1_656236449,1_7976083,1774314720,1774314720,default
1774313614,1_1190,1_100447,49,1_650117959,1_7975091,1774313599,1774313661,default
1774313614,1_1190,40_100239,550,40_597760469,40_9658,1774313732,1774313686,default
1774313614,1_57453,1_102719,161,1_693753589,1_7442,1774314000,1774313659,default
1774313614,1_75770,1_102615,E Line,1_768604079,1_6223,1774314506,1774313682,default
1774313614,1_72494,1_100160,269,1_720964299,1_7976342,1774313760,1774313760,default
1774313614,1_52306,1_102619,F Line,1_694521979,1_7976016,1774314300,1774314300,default
1774313614,1_80121,1_102719,161,1_721494419,1_7404,1774313756,1774313786,default
1774313614,1_37600,1_102732,79,1_629939789,1_7237,1774313997,1774313690,default
1774313614,1_40030,1_102574,40,1_761403799,1_8132,1774313411,1774313758,default
1774313614,1_66730,1_102552,226,1_778457479,1_7411,1774313570,1774313742,default
1774313614,1_41940,1_100249,60,1_689961619,1_7090,1774313797,1774313728,default
1774313614,1_49350,1_100026,128,1_694540319,1_7190,1774313557,1774313819,default
1774313614,1_59282,1_102717,165,1_664465519,1_1028,1774314540,1774312879,default
1774313614,1_59282,1_100072,181,1_721481879,1_7427,1774313820,1774313100,default
1774313614,1_620,1_100104,212,1_694279279,1_6951,1774314180,1774313789,default
1774313614,1_620,40_100239,550,40_597760789,40_9645,1774313820,1774313822,default
1774313614,1_620,40_510,510,40_15046553__KPOB-CS:223:1:Mon-Wed:1:25SEP:85085:123,40_KPOB-CS:223:1:Mon-Wed:1:25SEP:85085:123,1774314300,1774313966,default
1774313614,1_620,40_515,515,40_15046524__KPOB-CS:223:1:Mon-Wed:1:25SEP:85062:123,40_KPOB-CS:223:1:Mon-Wed:1:25SEP:85062:123,1774314000,1774314212,default
1774313614,1_620,1_102754,256,1_778603749,1_6943,1774314960,1774314960,default
1774313614,1_620,40_515,515,40_15046514__KPOB-CS:223:1:Mon-Wed:1:25SEP:85060:123,40_KPOB-CS:223:1:Mon-Wed:1:25SEP:85060:123,1774315200,1774315200,default
1774313614,1_620,40_510,510,40_15046502__KPOB-CS:223:1:Mon-Wed:1:25SEP:85073:123,40_KPOB-CS:223:1:Mon-Wed:1:25SEP:85073:123,1774315800,1774315800,default
1774313614,1_620,40_515,515,40_15046540__KPOB-CS:223:1:Mon-Wed:1:25SEP:85054:123,40_KPOB-CS:223:1:Mon-Wed:1:25SEP:85054:123,1774316400,1774316400,default
1774313614,1_620,1_102754,256,1_778603759,1_7976732,1774316820,1774316820,default
1774313614,1_10912,40_100451,556,40_635883199,40_7976550,1774314120,1774314120,default
1774313614,1_10912,1_100162,271,1_569554149,1_7976662,1774314180,1774314180,default
1774313614,1_10912,40_100511,542,40_581724879,40_7976685,1774314480,1774314480,default
1774313614,1_10912,1_100162,271,1_569496359,1_7976351,1774315140,1774315140,default
1774313614,1_10912,40_100451,556,40_635883589,40_7976589,1774315800,1774315800,default
1774313614,1_52081,1_102736,H Line,1_694055839,1_6077,1774313859,1774313777,default
1774313914,1_103,1_102745,G Line,1_736436099,1_6411,1774313958,1774313945,default
1774313914,1_12170,1_100039,14,1_562520109,1_4391,1774313979,1774314035,default
1774313914,1_46570,1_100011,111,1_664454919,1_7407,1774314092,1774313866,default
1774313914,1_481,1_102736,H Line,1_694056599,1_6047,1774313820,1774313949,default
1774313914,1_481,1_102576,C Line,1_774682279,1_6259,1774313820,1774313959,default
1774313914,1_481,1_100024,125,1_770790189,1_7043,1774313760,1774313975,default
1774313914,1_8541,1_100263,7,1_770870869,1_4557,1774314060,1774313914,default
1774313914,1_320,40_590,590,40_1910020,40_9212,1774314600,1774313926,default
1774313914,1_13830,1_102581,D Line,1_732748509,1_6104,1774313951,1774313964,default
1774313914,1_2850,1_100089,2,1_491928999,1_7105,1774314300,1774313181,default
1774313914,1_46505,1_102619,F Line,1_656236449,1_7976083,1774314720,1774314720,default
1774313914,1_280,40_100240,554,40_581724179,40_9579,1774314081,1774314000,default
1774313914,1_72560,1_102704,250,1_720962539,1_7348,1774313605,1774313991,default
1774313914,1_76024,1_102702,239,1_736529509,1_3719,1774313846,1774313998,default
1774313914,1_72494,1_100160,269,1_720964049,1_7976341,1774315320,1774315320,default
1774313914,1_52306,1_102619,F Line,1_694521979,1_7976016,1774314300,1774314300,default
1774313914,1_52306,1_102719,161,1_635446339,1_7976090,1774314960,1774314960,default
1774313914,1_52306,1_102619,F Line,1_694521719,1_7976229,1774315200,1774315200,default
1774313914,1_8530,1_100005,106,1_727784859,1_7075,1774314126,1774313963,default
1774313914,1_8530,1_100039,14,1_562520219,1_4343,1774314002,1774314043,default
1774313914,1_40030,1_102574,40,1_761403399,1_8111,1774314011,1774314068,default
1774313914,1_2200,1_102581,D Line,1_732748619,1_6064,1774314085,1774314075,default
1774313914,1_59282,1_102717,165,1_664465519,1_1028,1774314540,1774312879,default
1774313914,1_620,40_100236,545,40_563504169,40_7976554,1774314240,1774314240,default
1774313914,1_620,40_510,510,40_15046553__KPOB-CS:223:1:Mon-Wed:1:25SEP:85085:123,40_KPOB-CS:223:1:Mon-Wed:1:25SEP:85085:123,1774314300,1774314266,default
1774313914,1_620,40_515,515,40_15046524__KPOB-CS:223:1:Mon-Wed:1:25SEP:85062:123,40_KPOB-CS:223:1:Mon-Wed:1:25SEP:85062:123,1774314000,1774314340,default
1774313914,1_620,1_102754,256,1_778603749,1_6943,1774314960,1774314960,default
1774313914,1_620,40_515,515,40_15046514__KPOB-CS:223:1:Mon-Wed:1:25SEP:85060:123,40_KPOB-CS:223:1:Mon-Wed:1:25SEP:85060:123,1774315200,1774315200,default
1774313914,1_620,40_510,510,40_15046502__KPOB-CS:223:1:Mon-Wed:1:25SEP:85073:123,40_KPOB-CS:223:1:Mon-Wed:1:25SEP:85073:123,1774315800,1774315800,default
1774313914,1_620,40_515,515,40_15046540__KPOB-CS:223:1:Mon-Wed:1:25SEP:85054:123,40_KPOB-CS:223:1:Mon-Wed:1:25SEP:85054:123,1774316400,1774316400,default
1774313914,1_620,1_102754,256,1_778603759,1_7976732,1774316820,1774316820,default
1774313914,1_10912,1_100447,49,1_772361749,1_7975097,1774314090,1774314090,default
1774313914,1_10912,1_100264,70,1_724577659,1_7975068,1774314106,1774314106,default
1774313914,1_10912,40_100451,556,40_635883199,40_7976550,1774314120,1774314120,default
1774313914,1_10912,1_100162,271,1_569554149,1_7976662,1774314180,1774314180,default
1774313914,1_10912,40_100511,542,40_581724879,40_7976685,1774314480,1774314480,default
1774313914,1_10912,1_100162,271,1_569496359,1_7976351,1774315140,1774315140,default
1774313914,1_10912,40_100451,556,40_635883589,40_7976589,1774315800,1774315800,default
1774313914,1_10912,1_100162,271,1_569496519,1_7976382,1774316040,1774316040,default
1774313914,1_71960,1_102752,223,1_766488349,1_7360,1774314300,1774314136,default
1774313914,1_81982,1_102746,333,1_778704599,1_7218,1774313979,1774314082,default
1774313914,1_25210,1_100225,45,1_737154139,1_7252,1774314161,1774314084,default
1774314214,1_85800,1_100196,331,1_778705869,1_7254,1774314171,1774314350,default
1774314214,1_60161,1_100042,148,1_762078049,1_3711,1774315680,1774313868,default
1774314214,1_970,1_100003,101,1_762101469,1_8174,1774313736,1774314232,default
1774314214,1_575,1_100263,7,1_650130249,1_4525,1774314060,1774314276,default
1774314214,1_575,1_100173,3,1_761127029,1_4314,1774314000,1774314283,default
1774314214,1_2850,1_100089,2,1_491928999,1_7105,1774314300,1774313181,default
1774314214,1_2850,1_100089,2,1_692105949,1_7012,1774314840,1774313384,default
1774314214,1_46505,1_102619,F Line,1_656236449,1_7976083,1774314720,1774314720,default
1774314214,1_40060,1_102574,40,1_778707849,1_8261,1774314513,1774314270,default
1774314214,1_280,1_100104,212,1_694279269,1_7976582,1774314113,1774314277,default
1774314214,1_27420,1_100161,27,1_759819569,1_7175,1774314034,1774314296,default
1774314214,1_27420,1_100249,60,1_689961499,1_7072,1774314188,1774314340,default
1774314214,1_23530,1_100259,67,1_724948189,1_8129,1774314232,1774314271,default
1774314214,1_60477,1_102715,162,1_721494699,1_8184,1774315369,1774314257,default
1774314214,3_31002,40_560,560,40_3609020,40_41513,1774314300,1774314360,default
1774314214,1_72494,1_100160,269,1_720964049,1_7976341,1774315320,1774315320,default
1774314214,1_52306,1_102619,F Line,1_694521979,1_7976016,1774314300,1774314300,default
1774314214,1_52306,1_102719,161,1_635446339,1_7976090,1774314960,1774314960,default
1774314214,1_52306,1_102619,F Line,1_694521719,1_7976229,1774315200,1774315200,default
1774314214,1_41850,1_100249,60,1_689961559,1_7139,1774313817,1774314339,default
1774314214,1_2200,1_100028,13,1_605111629,1_7080,1774314291,1774314341,default
1774314214,1_60710,1_100512,A Line,1_721482879,1_6284,1774314436,1774314327,default
1774314214,1_7690,1_102615,E Line,1_761417629,1_6095,1774314410,1774314324,default
1774314214,1_620,40_510,510,40_15046553__KPOB-CS:223:1:Mon-Wed:1:25SEP:85085:123,40_KPOB-CS:223:1:Mon-Wed:1:25SEP:85085:123,1774314300,1774314486,default
1774314214,1_620,40_100236,545,40_563504169,40_7976554,1774314240,1774314516,default
1774314214,1_620,40_100239,550,40_597760519,40_9653,1774314240,1774314936,default
1774314214,1_620,1_102754,256,1_778603749,1_6943,1774314960,1774314960,default
1774314214,1_620,40_515,515,40_15046514__KPOB-CS:223:1:Mon-Wed:1:25SEP:85060:123,40_KPOB-CS:223:1:Mon-Wed:1:25SEP:85060:123,1774315200,1774315200,default
1774314214,1_620,40_510,510,40_15046502__KPOB-CS:223:1:Mon-Wed:1:25SEP:85073:123,40_KPOB-CS:223:1:Mon-Wed:1:25SEP:85073:123,1774315800,1774315800,default
1774314214,1_620,40_515,515,40_15046540__KPOB-CS:223:1:Mon-Wed:1:25SEP:85054:123,40_KPOB-CS:223:1:Mon-Wed:1:25SEP:85054:123,1774316400,1774316400,default
1774314214,1_620,1_102754,256,1_778603759,1_7976732,1774316820,1774316820,default
1774314214,1_10912,40_100511,542,40_581724879,40_7976685,1774314480,1774314480,default
1774314214,1_10912,1_100162,271,1_569496359,1_7976351,1774315140,1774315140,default
1774314214,1_10912,40_100451,556,40_635883589,40_7976589,1774315800,1774315800,default
1774314214,1_10912,1_100162,271,1_569496519,1_7976382,1774316040,1774316040,default
1774314214,1_10912,40_100511,542,40_581725449,40_7976686,1774316280,1774316280,default
1774314214,1_71960,40_100511,542,40_721031199,40_7976604,1774315380,1774315380,default
1774314514,1_60161,1_100042,148,1_762078049,1_3711,1774315680,1774313868,default
1774314514,1_970,40_578,578,40_1354020,40_9727,1774314482,1774314584,default
1774314514,1_23220,1_100269,75,1_657914879,1_8258,1774314644,-1,default
1774314514,1_60453,1_102715,162,1_721494699,1_8184,1774315620,1774314408,default
1774314514,1_51651,1_102736,H Line,1_694056299,1_6080,1774314638,1774314484,default
1774314514,1_2850,1_100089,2,1_692105949,1_7012,1774314840,1774313384,default
1774314514,1_46505,1_102619,F Line,1_656236449,1_7976083,1774314720,1774314720,default
1774314514,1_17080,1_100225,45,1_583680729,1_8267,1774314630,1774314529,default
1774314514,1_72494,1_100160,269,1_720964049,1_7976341,1774315320,1774315320,default
1774314514,1_52306,1_102719,161,1_635446339,1_7976090,1774314960,1774314960,default
1774314514,1_52306,1_102619,F Line,1_694521719,1_7976229,1774315200,1774315200,default
1774314514,1_52306,1_102619,F Line,1_694522139,1_7976085,1774316100,1774316100,default
1774314514,1_80121,1_102719,161,1_635446699,1_7393,1774314716,1774314624,default
1774314514,1_7750,1_102615,E Line,1_761417629,1_6095,1774314612,1774314588,default
1774314514,1_45670,1_100210,36,1_630543879,1_7974960,1774314384,1774314616,default
1774314514,1_40030,1_102574,40,1_761401579,1_8154,1774314611,1774314648,default
1774314514,1_65092,1_100162,271,1_720967969,1_7388,1774315680,1774314412,default
1774314514,1_2200,1_102581,D Line,1_732748509,1_6104,1774314565,1774314661,default
1774314514,1_57804,1_100072,181,1_721482019,1_7355,1774314976,1774315084,default
1774314514,1_74714,1_102701,225,1_736529899,1_7307,1774314326,1774314655,default
1774314514,1_7690,1_102615,E Line,1_768604519,1_6211,1774314710,1774314631,default
1774314514,1_25791,1_100214,372,1_694306809,1_6885,1774314741,1774314752,default
1774314514,1_620,40_100240,554,40_774872949,40_9646,1774315080,1774314750,default
1774314514,1_620,40_100236,545,40_563504169,40_7976554,1774314240,1774314798,default
1774314514,1_620,40_100236,545,40_563504169,40_9570,1774314240,1774314808,default
1774314514,1_620,1_102754,256,1_778603749,1_6943,1774314960,1774314960,default
1774314514,1_620,40_100239,550,40_597760519,40_9653,1774314240,1774315071,default
1774314514,1_620,40_100239,550,40_597760779,40_9686,1774315080,1774315186,default
1774314514,1_620,40_515,515,40_15046514__KPOB-CS:223:1:Mon-Wed:1:25SEP:85060:123,40_KPOB-CS:223:1:Mon-Wed:1:25SEP:85060:123,1774315200,1774315223,default
1774314514,1_620,40_510,510,40_15046502__KPOB-CS:223:1:Mon-Wed:1:25SEP:85073:123,40_KPOB-CS:223:1:Mon-Wed:1:25SEP:85073:123,1774315800,1774315800,default
1774314514,1_620,40_515,515,40_15046540__KPOB-CS:223:1:Mon-Wed:1:25SEP:85054:123,40_KPOB-CS:223:1:Mon-Wed:1:25SEP:85054:123,1774316400,1774316400,default
1774314514,1_620,1_102754,256,1_778603759,1_7976732,1774316820,1774316820,default
1774314514,1_10912,1_100264,70,1_772365069,1_7975084,1774314706,1774314706,default
1774314514,1_10912,1_100162,271,1_569496359,1_7976351,1774315140,1774315140,default
1774314514,1_10912,40_100451,556,40_635883589,40_7976589,1774315800,1774315800,default
1774314514,1_10912,1_100162,271,1_569496519,1_7976382,1774316040,1774316040,default
1774314514,1_10912,40_100511,542,40_581725449,40_7976686,1774316280,1774316280,default
1774314514,1_71960,40_100511,542,40_721031199,40_7976604,1774315380,1774315380,default
1774314514,1_58144,1_102717,165,1_664465509,1_7354,1774314707,1774314616,default
1774314814,1_12170,1_100039,14,1_562520119,1_4355,1774314759,1774314886,default
1774314814,1_46791,1_100016,118,1_669631299,1_3703,1774314840,1774314803,default
1774314814,1_481,1_102576,C Line,1_774681129,1_6262,1774314960,1774314832,default
1774314814,1_60161,1_100042,148,1_762078049,1_3711,1774315680,1774313868,default
1774314814,1_575,1_102615,E Line,1_768604619,1_6206,1774314900,1774314784,default
1774314814,1_575,1_100210,36,1_630542899,1_4308,1774314900,1774314795,default
1774314814,1_575,1_100264,70,1_724577899,1_8241,1774314900,1774314855,default
1774314814,1_46505,1_102619,F Line,1_656237609,1_7975998,1774315620,1774315620,default
1774314814,1_29423,1_102732,79,1_561369689,1_7975557,1774315800,1774315800,default
1774314814,1_72494,1_100160,269,1_720964049,1_7976341,1774315320,1774315320,default
1774314814,1_11940,1_100039,14,1_562520199,1_4305,1774314770,1774314909,default
1774314814,1_52306,1_102719,161,1_635446339,1_7976090,1774314960,1774314960,default
1774314814,1_52306,40_560,560,40_3609020,40_41513,1774314960,1774315002,default
1774314814,1_52306,1_102619,F Line,1_694521719,1_7976229,1774315200,1774315200,default
1774314814,1_52306,1_102619,F Line,1_694522139,1_7976085,1774316100,1774316100,default
1774314814,1_58112,1_100045,150,1_762102259,1_8165,1774314389,1774314939,default
1774314814,1_45670,1_100210,36,1_630595389,1_7974971,1774314684,1774314916,default
1774314814,1_65092,1_100162,271,1_720967969,1_7388,1774315680,1774314412,default
1774314814,1_40065,1_102574,40,1_778706279,1_8256,1774315225,1774314968,default
1774314814,1_49350,1_100026,128,1_694540039,1_7103,1774314637,1774314950,default
1774314814,1_57804,1_100072,181,1_721482019,1_7355,1774314976,1774314851,default
1774314814,1_21080,1_100249,60,1_689961729,1_7040,1774315020,1774314946,default
1774314814,1_59282,1_100072,181,1_721482089,1_7313,1774315620,1774314710,default
1774314814,1_620,40_100239,550,40_597760779,40_9686,1774315080,1774315052,default
1774314814,1_620,40_100239,550,40_597760519,40_9653,1774314240,1774315059,default
1774314814,1_620,40_100236,545,40_563505159,40_9819,1774315080,1774315089,default
1774314814,1_620,40_515,515,40_15046514__KPOB-CS:223:1:Mon-Wed:1:25SEP:85060:123,40_KPOB-CS:223:1:Mon-Wed:1:25SEP:85060:123,1774315200,1774315523,default
1774314814,1_620,40_510,510,40_15046502__KPOB-CS:223:1:Mon-Wed:1:25SEP:85073:123,40_KPOB-CS:223:1:Mon-Wed:1:25SEP:85073:123,1774315800,1774315800,default
1774314814,1_620,40_515,515,40_15046540__KPOB-CS:223:1:Mon-Wed:1:25SEP:85054:123,40_KPOB-CS:223:1:Mon-Wed:1:25SEP:85054:123,1774316400,1774316400,default
1774314814,1_620,1_102754,256,1_778603759,1_7976732,1774316820,1774316820,default
1774314814,1_60680,1_100512,A Line,1_721482889,1_6280,1774315018,1774314940,default
1774314814,1_10912,1_100162,271,1_569496359,1_7976351,1774315140,1774315140,default
1774314814,1_10912,40_100451,556,40_635883589,40_7976589,1774315800,1774315800,default
1774314814,1_10912,1_100162,271,1_569496519,1_7976382,1774316040,1774316040,default
1774314814,1_10912,40_100511,542,40_581725449,40_7976686,1774316280,1774316280,default
1774314814,1_71960,40_100511,542,40_721031199,40_7976604,1774315380,1774315380,default
1774315114,1_103,1_102745,G Line,1_736436269,1_6407,1774315038,1774315178,default
1774315114,1_22196,1_102736,H Line,1_694056299,1_6080,1774315179,1774315112,default
1774315114,1_62212,1_102720,160,1_762082109,1_7165,1774315212,1774315045,default
1774315114,1_26560,1_102574,40,1_761401479,1_8108,1774314656,1774315179,default
1774315114,1_26560,1_102574,40,1_761401319,1_8131,1774315256,1774315182,default
1774315114,1_60161,1_100042,148,1_762078049,1_3711,1774315680,1774313868,default
1774315114,1_970,1_100003,101,1_762101519,1_6954,1774314594,1774315128,default
1774315114,1_30790,1_100249,60,1_689961699,1_7155,1774314983,1774315161,default
1774315114,1_51651,1_102736,H Line,1_694057809,1_6114,1774315238,1774315150,default
1774315114,1_575,1_102576,C Line,1_774681729,1_6250,1774315260,1774315278,default
1774315114,1_2850,1_100089,2,1_491929019,1_7097,1774316100,1774316081,default
1774315114,1_2850,1_100089,2,1_491929019,1_7975113,1774316100,1774316100,default
1774315114,1_46505,1_102619,F Line,1_656237609,1_7975998,1774315620,1774315620,default
1774315114,1_29423,1_102732,79,1_561369689,1_7975557,1774315800,1774315800,default
1774315114,1_72494,1_100160,269,1_720964049,1_7976341,1774315320,1774315320,default
1774315114,1_84810,1_102752,223,1_825197289,1_7373,1774315447,1774315206,default
1774315114,1_52306,1_102619,F Line,1_694521719,1_7976229,1774315200,1774315200,default
1774315114,1_52306,1_102619,F Line,1_694522139,1_7976085,1774316100,1774316100,default
1774315114,1_7750,1_102615,E Line,1_768604529,1_6221,1774315206,1774315206,default
1774315114,1_65092,1_100162,271,1_720967969,1_7388,1774315680,1774314412,default
1774315114,1_18840,1_100062,17,1_721362399,1_7021,1774315489,1774315195,default
1774315114,1_11060,1_100249,60,1_689961709,1_7038,1774315237,1774315228,default
1774315114,1_80763,1_100048,153,1_825129939,1_7168,1774315243,1774315177,default
1774315114,1_59282,1_100072,181,1_721482089,1_7313,1774315620,1774314710,default
1774315114,1_10210,1_100264,70,1_724577659,1_8225,1774315246,1774315293,default
1774315114,1_25791,1_100214,372,1_694306009,1_6961,1774315320,1774315368,default
1774315114,1_620,40_515,515,40_15046514__KPOB-CS:223:1:Mon-Wed:1:25SEP:85060:123,40_KPOB-CS:223:1:Mon-Wed:1:25SEP:85060:123,1774315200,1774315552,default
1774315114,1_620,40_515,515,40_15046540__KPOB-CS:223:1:Mon-Wed:1:25SEP:85054:123,40_KPOB-CS:223:1:Mon-Wed:1:25SEP:85054:123,1774316400,1774316400,default
1774315114,1_620,1_102754,256,1_778603759,1_7976732,1774316820,1774316820,default
1774315114,1_10912,1_100447,49,1_650118639,1_7975096,1774315290,1774315290,default
1774315114,1_10912,1_100214,372,1_694306939,1_6962,1774315244,1774315310,default
1774315114,1_10912,40_100451,556,40_635883589,40_7976589,1774315800,1774315800,default
1774315114,1_10912,1_100162,271,1_569496519,1_7976382,1774316040,1774316040,default
1774315114,1_10912,40_100511,542,40_581725449,40_7976686,1774316280,1774316280,default
1774315114,1_10912,1_100162,271,1_585519429,1_7976349,1774317120,1774317120,default
1774315114,1_71960,40_100511,542,40_721031199,40_7976604,1774315380,1774315380,default
1774315114,1_16140,29_130,130,29_14875633__MCOB-DO:123:0:Weekday:1:25SEP:41019:12345,29_15109,1774316305,1774315239,default
1774315114,1_8403,1_100039,14,1_562520159,1_4385,1774315080,1774315239,default
1774315414,1_60161,1_100042,148,1_762078049,1_3711,1774315680,1774313868,default
1774315414,1_69430,1_102704,250,1_771116859,1_7423,1774314975,1774315433,default
1774315414,1_12770,1_100228,48,1_721359819,1_8021,1774315456,1774315438,default
1774315414,1_30790,1_100249,60,1_689961689,1_7134,1774315703,1774315449,default
1774315414,1_320,40_590,590,40_3685020,40_9735,1774316040,1774315507,default
1774315414,1_320,40_100239,550,40_597761049,40_9658,1774315500,1774315545,default
1774315414,1_64569,1_100099,208,1_736527469,1_7447,1774315147,1774315456,default
1774315414,1_81205,1_100072,181,1_721482019,1_7355,1774315591,1774315425,default
1774315414,1_575,1_100210,36,1_630543619,1_4369,1774315860,1774315486,default
1774315414,1_2850,1_100089,2,1_491929019,1_7975113,1774316100,1774316100,default
1774315414,1_46505,1_102619,F Line,1_656237609,1_7975998,1774315620,1774315620,default
1774315414,1_29423,1_102732,79,1_561369689,1_7975557,1774315800,1774315800,default
1774315414,1_280,1_100104,212,1_694279289,1_7976573,1774315465,1774315465,default
1774315414,1_58342,1_100072,181,1_721481879,1_7427,1774315320,1774315568,default
1774315414,1_72494,1_100160,269,1_720964859,1_7976395,1774317120,1774317120,default
1774315414,1_52306,1_102619,F Line,1_694522139,1_7976085,1774316100,1774316100,default
1774315414,1_52306,1_102619,F Line,1_694520769,1_7975999,1774317000,1774317000,default
1774315414,1_99254,1_100045,150,1_694514439,1_8173,1774315360,1774315586,default
1774315414,1_65092,1_100162,271,1_720967969,1_7388,1774315680,1774314412,default
1774315414,1_2200,1_100001,1,1_562520259,1_4405,1774315371,1774315545,default
1774315414,1_59282,1_100072,181,1_721482089,1_7313,1774315620,1774314710,default
1774315414,1_60428,1_100045,150,1_694514419,1_8137,1774315604,1774315549,default
1774315414,1_59872,1_102619,F Line,1_694521479,1_6286,1774315432,1774315572,default
1774315414,1_72391,1_100136,245,1_761788119,1_7320,1774315623,1774315524,default
1774315414,1_620,40_515,515,40_15046540__KPOB-CS:223:1:Mon-Wed:1:25SEP:85054:123,40_KPOB-CS:223:1:Mon-Wed:1:25SEP:85054:123,1774316400,1774316400,default
1774315414,1_620,1_102754,256,1_778603759,1_7976732,1774316820,1774316820,default
1774315414,1_10912,1_100224,44,1_664047949,1_4504,1774315549,1774315585,default
1774315414,1_10912,40_100451,556,40_635883589,40_7976589,1774315800,1774315800,default
1774315414,1_10912,1_100162,271,1_569496519,1_7976382,1774316040,1774316040,default
1774315414,1_10912,40_100511,542,40_581725449,40_7976686,1774316280,1774316280,default
1774315414,1_10912,1_100162,271,1_585519429,1_7976349,1774317120,1774317120,default
1774315414,1_71960,40_100511,542,40_721031239,40_7976607,1774317120,1774317120,default
1774315414,1_76310,40_100232,522,40_635896679,40_9656,1774315407,1774315604,default
1774315414,1_76310,1_100214,372,1_694306249,1_6931,1774315495,1774315624,default
1774315714,1_12170,1_100039,14,1_562520159,1_4385,1774315599,1774315845,default
1774315714,1_481,1_102576,C Line,1_774680919,1_6254,1774315560,1774315754,default
1774315714,1_22196,1_102736,H Line,1_694057809,1_6114,1774315779,1774315666,default
1774315714,1_30510,1_100249,60,1_689961669,1_7115,1774315106,1774315770,default
1774315714,1_2850,1_100089,2,1_491929019,1_7097,1774316100,1774315673,default
1774315714,1_2850,1_100089,2,1_491929019,1_7975113,1774316100,1774316100,default
1774315714,1_29423,1_102732,79,1_561369689,1_7975557,1774315800,1774315800,default
1774315714,1_280,1_100104,212,1_694279289,1_6951,1774315465,1774315777,default
1774315714,1_49724,1_100031,132,1_721370309,1_8012,1774315800,1774315786,default
1774315714,1_72494,1_100160,269,1_720964859,1_7976395,1774317120,1774317120,default
1774315714,1_11940,1_100039,14,1_562520839,1_4365,1774315730,1774315794,default
1774315714,1_52306,1_102719,161,1_635446349,1_7393,1774317120,1774315477,default
1774315714,1_52306,1_102619,F Line,1_694522139,1_7976085,1774316100,1774316100,default
1774315714,1_52306,1_102619,F Line,1_694520769,1_7975999,1774317000,1774317000,default
1774315714,1_18230,1_100184,31,1_651766999,1_7974541,1774315859,1774315859,default
1774315714,1_9030,1_100263,7,1_770869279,1_4523,1774315862,1774315786,default
1774315714,1_71970,1_102753,222,1_774817969,1_7341,1774315935,1774315856,default
1774315714,1_57804,1_100072,181,1_721481559,1_7188,1774316236,1774316174,default
1774315714,1_59282,1_102717,165,1_664465529,1_7976040,1774316640,1774315767,default
1774315714,1_49572,1_100026,128,1_651742829,1_7180,1774315904,1774315769,default
1774315714,1_60710,1_100512,A Line,1_785543339,1_6278,1774315876,1774315848,default
1774315714,1_7690,1_102615,E Line,1_768604619,1_6206,1774316105,1774315821,default
1774315714,1_620,40_100236,545,40_560091729,40_9662,1774315980,1774315946,default
1774315714,1_620,40_100239,550,40_597760489,40_9632,1774315980,1774316197,default
1774315714,1_620,40_515,515,40_15046540__KPOB-CS:223:1:Mon-Wed:1:25SEP:85054:123,40_KPOB-CS:223:1:Mon-Wed:1:25SEP:85054:123,1774316400,1774316400,default
1774315714,1_620,1_102754,256,1_778603759,1_7976732,1774316820,1774316820,default
1774315714,1_10912,1_100264,70,1_724577579,1_7975070,1774315906,1774315906,default
1774315714,1_10912,1_100264,70,1_724577579,1_8238,1774315906,1774315935,default
1774315714,1_10912,1_100162,271,1_569496519,1_7976382,1774316040,1774316040,default
1774315714,1_10912,40_100511,542,40_581725449,40_7976686,1774316280,1774316280,default
1774315714,1_10912,1_100162,271,1_585519429,1_7976349,1774317120,1774317120,default
1774315714,1_10912,40_100511,542,40_569576349,40_7976608,1774318260,1774318260,default
1774315714,1_71960,40_100511,542,40_721031239,40_7976607,1774317120,1774317120,default
1774315714,1_10640,1_100252,62,1_736431279,1_7974599,1774316220,1774316325,default
1774315714,1_52081,1_102736,H Line,1_694056599,1_6047,1774315659,1774315885,default
1774315714,1_8403,1_100039,14,1_562520169,1_4354,1774315980,1774315916,default
1774315714,1_8403,1_100039,14,1_562520299,1_4391,1774315800,1774315920,default
1774315714,1_18220,1_100028,13,1_605110709,1_7076,1774316164,1774315832,default
1774316014,1_103,1_102745,G Line,1_736436889,1_6400,1774315398,1774316020,default
1774316014,1_481,1_102576,C Line,1_774680459,1_6269,1774316160,1774316046,default
1774316014,1_60161,1_100042,148,1_762078129,1_7976061,1774317480,1774315903,default
1774316014,1_60161,1_100042,148,1_762078129,1_3735,1774317480,1774315903,default
1774316014,1_970,40_594,594,40_1300020,40_61404,1774316447,1774316038,default
1774316014,1_80692,1_100045,150,1_694514419,1_8137,1774316103,1774316085,default
1774316014,1_84372,1_100048,153,1_664478769,1_7432,1774315722,1774316049,default
1774316014,1_51651,1_102736,H Line,1_694056029,1_6059,1774315838,1774316053,default
1774316014,1_17651,1_102747,61,1_724959909,1_3740,1774316210,1774315965,default
1774316014,1_575,1_100089,2,1_491928999,1_7105,1774315800,1774316151,default
1774316014,1_2850,1_100089,2,1_491929019,1_7097,1774316100,1774315673,default
1774316014,1_46505,1_102619,F Line,1_656237769,1_7976035,1774316520,1774316520,default
1774316014,1_72560,1_102704,250,1_720962609,1_7245,1774316085,-1,default
1774316014,1_72560,1_102704,250,1_720962589,1_7976337,1774315185,1774316112,default
1774316014,1_8671,1_100275,8,1_693945199,1_7974695,1774316078,1774316078,default
1774316014,1_72494,1_100160,269,1_720964859,1_7384,1774317120,1774315815,default
1774316014,1_72494,1_100160,269,1_720964859,1_7976395,1774317120,1774317120,default
1774316014,1_52306,1_102719,161,1_635446349,1_7393,1774317120,1774315477,default
1774316014,1_52306,1_102619,F Line,1_694522139,1_7976085,1774316100,1774316100,default
1774316014,1_52306,1_102619,F Line,1_694520769,1_7975999,1774317000,1774317000,default
1774316014,1_7750,1_102615,E Line,1_768604619,1_6206,1774316286,1774316107,default
1774316014,1_65092,1_100162,271,1_569497239,1_7415,1774316280,1774316098,default
1774316014,1_72050,1_100136,245,1_761788339,1_7456,1774316316,1774316071,default
1774316014,1_57804,1_100072,181,1_721481559,1_7188,1774316236,1774316055,default
1774316014,1_59282,1_102717,165,1_664465529,1_7353,1774316640,1774315767,default
1774316014,1_59282,1_102717,165,1_664465529,1_7976040,1774316640,1774315767,default
1774316014,1_85531,1_102757,187,1_762095169,1_7399,1774316100,1774316155,default
1774316014,1_620,40_515,515,40_15046540__KPOB-CS:223:1:Mon-Wed:1:25SEP:85054:123,40_KPOB-CS:223:1:Mon-Wed:1:25SEP:85054:123,1774316400,1774316597,default
1774316014,1_620,1_102754,256,1_778603759,1_7976732,1774316820,1774316820,default
1774316014,1_10912,40_100511,542,40_581725449,40_7976686,1774316280,1774316280,default
1774316014,1_10912,1_100162,271,1_585519429,1_7976349,1774317120,1774317120,default
1774316014,1_10912,40_100511,542,40_569576349,40_7976608,1774318260,1774318260,default
1774316014,1_71960,40_100511,542,40_721031239,40_7976607,1774317120,1774317120,default
1774316014,1_10640,1_100252,62,1_736431279,1_7974599,1774316220,1774316351,default
1774316014,1_52081,1_102736,H Line,1_694056079,1_6061,1774316259,1774316103,default
1774316014,1_25210,1_100225,45,1_737151779,1_8102,1774316021,1774316185,default
1774316014,1_8403,1_100039,14,1_562520169,1_4354,1774315980,1774315963,default
1774316314,1_51551,1_102736,H Line,1_694056079,1_6061,1774316547,1774316360,default
1774316314,1_60161,1_100042,148,1_762078129,1_3735,1774317480,1774315903,default
1774316314,1_51651,1_102736,H Line,1_694056699,1_6109,1774316438,1774316315,default
1774316314,1_320,40_594,594,40_1300020,40_61404,1774316760,1774316348,default
1774316314,1_320,40_100239,550,40_597761239,40_9653,1774316220,1774316415,default
1774316314,1_575,1_100028,13,1_692105919,1_7012,1774316340,1774316361,default
1774316314,1_2850,1_100089,2,1_491929029,1_7169,1774316880,1774315766,default
1774316314,1_46505,1_102619,F Line,1_656237769,1_7976035,1774316520,1774316520,default
1774316314,1_25140,1_100254,65,1_778694619,1_7975677,1774315971,1774316373,default
1774316314,1_56440,1_100005,106,1_727784769,1_8244,1774316798,1774316382,default
1774316314,1_72494,1_100160,269,1_720964859,1_7384,1774317120,1774315815,default
1774316314,1_52306,1_102719,161,1_635446349,1_7393,1774317120,1774315477,default
1774316314,1_52306,1_102619,F Line,1_694520769,1_7975999,1774317000,1774317000,default
1774316314,1_59282,1_102717,165,1_664465529,1_7353,1774316640,1774315767,default
1774316314,1_23905,1_100214,372,1_694307069,1_6915,1774316352,1774316520,default
1774316314,1_620,40_515,515,40_15046540__KPOB-CS:223:1:Mon-Wed:1:25SEP:85054:123,40_KPOB-CS:223:1:Mon-Wed:1:25SEP:85054:123,1774316400,1774316659,default
1774316314,1_620,1_102754,256,1_778603759,1_7976732,1774316820,1774316820,default
1774316314,1_10912,1_100447,49,1_650118649,1_7975091,1774316490,1774316490,default
1774316314,1_10912,1_100162,271,1_585519429,1_7976349,1774317120,1774317120,default
1774316314,1_10912,40_100511,542,40_569576349,40_7976608,1774318260,1774318260,default
1774316314,1_71960,40_100511,542,40_721031239,40_7976607,1774317120,1774317120,default
1774316314,1_10640,1_100252,62,1_736431289,1_7974594,1774317120,1774314324,default
1774316614,1_103,1_102745,G Line,1_736436379,1_6401,1774316806,1774316636,default
1774316614,1_60161,1_100042,148,1_762078129,1_3735,1774317480,1774315903,default
1774316614,1_575,1_100001,1,1_562520869,1_4365,1774316640,1774316707,default
1774316614,1_575,1_100263,7,1_650130299,1_4547,1774316640,1774316727,default
1774316614,1_2850,1_100089,2,1_491929029,1_7169,1774316880,1774315766,default
1774316614,1_2850,1_100089,2,1_491929039,1_7156,1774317900,1774316443,default
1774316614,1_280,40_100240,554,40_560097879,40_9648,1774316185,1774316658,default
1774316614,1_13810,1_102581,D Line,1_732748959,1_6069,1774316682,1774316646,default
1774316614,1_27420,1_100249,60,1_689961669,1_7115,1774316168,1774316721,default
1774316614,1_77460,1_100205,348,1_771627099,1_7221,1774316685,1774316641,default
1774316614,1_72494,1_100160,269,1_720964859,1_7384,1774317120,1774315815,default
1774316614,1_84810,1_102752,223,1_825197299,1_7389,1774316587,1774316713,default
1774316614,1_52306,1_102719,161,1_635446349,1_7393,1774317120,1774315477,default
1774316614,1_52306,1_102619,F Line,1_694520769,1_7975999,1774317000,1774317000,default
1774316614,1_58112,1_102619,F Line,1_656236449,1_6232,1774316616,1774316711,default
1774316614,1_9605,1_100259,67,1_761383299,1_8269,1774316760,1774316649,default
1774316614,1_2200,1_100001,1,1_562520279,1_7974990,1774316331,1774316763,default
1774316614,1_59282,1_100072,181,1_721490249,1_7355,1774317420,1774316473,default
1774316614,1_14280,1_102581,D Line,1_628190169,1_6055,1774316902,1774316755,default
1774316614,1_620,40_100236,545,40_563505779,40_7976562,1774316820,1774316820,default
1774316614,1_620,1_102754,256,1_778603759,1_7976732,1774316820,1774316820,default
1774316614,1_620,40_100236,545,40_563505779,40_9647,1774316820,1774316939,default
1774316614,1_620,40_100240,554,40_774872959,40_9578,1774316880,1774317132,default
1774316614,1_620,40_100239,550,40_597761059,40_9689,1774316760,1774317245,default
1774316614,1_10912,1_100447,49,1_650118649,1_7975091,1774316490,1774316789,default
1774316614,1_10912,1_100264,70,1_724578079,1_7975074,1774316566,1774316808,default
1774316614,1_10912,1_100162,271,1_585519429,1_7976349,1774317120,1774317120,default
1774316614,1_10912,1_100162,271,1_569554059,1_7976354,1774317900,1774317900,default
1774316614,1_10912,40_100511,542,40_569576349,40_7976608,1774318260,1774318260,default
1774316614,1_71960,40_100511,542,40_721031239,40_7976607,1774317120,1774317120,default
1774316614,1_71960,40_100511,542,40_721031449,40_7976685,1774318860,1774318860,default
1774316614,1_81982,1_100196,331,1_778699879,1_7234,1774316750,1774316841,default
1774316914,1_22196,1_102736,H Line,1_694056699,1_6109,1774316979,1774316859,default
1774316914,1_51551,1_102736,H Line,1_694055739,1_6071,1774317147,1774316923,default
1774316914,1_26560,1_102574,40,1_761401579,1_8154,1774317029,1774316938,default
1774316914,1_60161,1_100042,148,1_762078129,1_3735,1774317480,1774315903,default
1774316914,1_970,40_594,594,40_2207020,40_41514,1774317270,1774316932,default
1774316914,1_12770,1_100228,48,1_721359739,1_8015,1774317100,1774317005,default
1774316914,1_64569,1_100162,271,1_569496949,1_7379,1774317036,1774316941,default
1774316914,1_575,1_100264,70,1_724577469,1_8210,1774316820,1774316964,default
1774316914,1_575,1_102581,D Line,1_628190219,1_6104,1774316760,1774316966,default
1774316914,1_2850,1_100089,2,1_491929039,1_7156,1774317900,1774316443,default
1774316914,1_46505,1_102619,F Line,1_656237039,1_7975997,1774317420,1774317420,default
1774316914,1_280,40_594,594,40_2207020,40_41514,1774317338,1774317000,default
1774316914,1_3470,1_100210,36,1_630543529,1_4376,1774316880,1774316965,default
1774316914,1_81254,1_102746,333,1_778704819,1_7205,1774317001,1774316937,default
1774316914,1_72494,1_100160,269,1_720964859,1_7384,1774317120,1774315815,default
1774316914,1_52306,1_102719,161,1_635446349,1_7393,1774317120,1774315477,default
1774316914,1_52306,1_102619,F Line,1_694520769,1_6010,1774317000,1774316825,default
1774316914,1_52306,1_102619,F Line,1_694520769,1_7975999,1774317000,1774317000,default
1774316914,1_55395,1_100006,107,1_635437989,1_3729,1774317012,1774316940,default
1774316914,1_99254,1_100045,150,1_694514419,1_8137,1774317160,1774316985,default
1774316914,1_49350,1_100026,128,1_694540219,1_7406,1774316857,1774317076,default
1774316914,1_54971,1_100004,105,1_635436639,1_7976124,1774317113,1774319197,default
1774316914,1_59282,1_100072,181,1_721490249,1_7355,1774317420,1774316473,default
1774316914,1_55430,1_100006,107,1_635437989,1_3729,1774317137,1774317029,default
1774316914,1_75580,1_100205,348,1_771626459,1_3748,1774317127,1774317027,default
1774316914,1_25791,1_100214,372,1_694306539,1_6984,1774317120,1774317120,default
1774316914,1_10912,1_100224,44,1_664047629,1_4556,1774317169,1774317088,default
1774316914,1_10912,1_100264,70,1_724577279,1_7975100,1774317106,1774317106,default
1774316914,1_10912,1_100162,271,1_585519429,1_7976349,1774317120,1774317120,default
1774316914,1_10912,1_100162,271,1_569554059,1_7976354,1774317900,1774317900,default
1774316914,1_10912,40_100511,542,40_569576349,40_7976608,1774318260,1774318260,default
1774316914,1_71960,40_100511,542,40_721031239,40_7976607,1774317120,1774317120,default
1774316914,1_71960,40_100511,542,40_721031449,40_7976685,1774318860,1774318860,default
1774316914,1_10640,1_100252,62,1_736431289,1_8030,1774317120,1774314324,default
1774316914,1_8403,1_100039,14,1_562520239,1_4409,1774316880,1774316609,default
1774317214,1_103,1_102745,G Line,1_736436319,1_6411,1774317166,1774317258,default
1774317214,1_73945,1_102704,250,1_720962659,1_7344,1774316848,1774317278,default
1774317214,1_60161,1_100042,148,1_762078129,1_3735,1774317480,1774315903,default
1774317214,1_2850,1_100089,2,1_491929039,1_7156,1774317900,1774316443,default
1774317214,1_2850,1_100089,2,1_491928369,1_7192,1774317360,1774317187,default
1774317214,1_46505,1_102619,F Line,1_656237039,1_7975997,1774317420,1774317420,default
1774317214,1_47660,1_102736,H Line,1_694055739,1_6071,1774317655,1774317272,default
1774317214,1_52306,1_102619,F Line,1_656237459,1_7976004,1774317900,1774317900,default
1774317214,1_8530,1_100263,7,1_694072109,1_4537,1774317553,1774317318,default
1774317214,1_40065,1_102574,40,1_778706289,1_8299,1774317333,1774317321,default
1774317214,1_40065,1_102574,40,1_778706809,1_8295,1774317933,1774317328,default
1774317214,1_11060,1_100223,43,1_686455459,1_4530,1774317534,1774317278,default
1774317214,1_59282,1_100072,181,1_721490249,1_7355,1774317420,1774316473,default
1774317214,1_59282,1_102717,165,1_664465539,1_7436,1774318440,1774317256,default
1774317214,1_59282,1_102717,165,1_664465539,1_7976038,1774318440,1774318440,default
1774317214,1_23905,1_100214,372,1_694306249,1_6931,1774317372,1774317403,default
1774317214,1_59872,1_102619,F Line,1_694521719,1_6231,1774317172,1774317359,default
1774317214,1_2260,1_100275,8,1_759808919,1_8040,1774317530,1774317405,default
1774317214,1_620,1_100045,150,1_694514419,1_8137,1774317540,1774317304,default
1774317214,1_620,40_100239,550,40_597761149,40_9690,1774317660,1774317707,default
1774317214,1_10912,1_100162,271,1_569554059,1_7976354,1774317900,1774317900,default
1774317214,1_10912,40_100511,542,40_569576349,40_7976608,1774318260,1774318260,default
1774317214,1_71960,40_100511,542,40_721031449,40_7976685,1774318860,1774318860,default
1774317214,1_10640,1_100252,62,1_736431299,1_7974596,1774318020,1774318020,default
1774317214,1_76310,1_102705,230,1_664298909,1_7382,1774317185,1774317401,default
1774317514,1_481,1_100024,125,1_721357919,1_7055,1774317240,1774317540,default
1774317514,1_481,1_102576,C Line,1_774681739,1_6251,1774317300,1774317547,default
1774317514,1_970,1_100003,101,1_762101769,1_8192,1774317474,1774317558,default
1774317514,1_970,40_594,594,40_2702020,40_9739,1774317930,1774317619,default
1774317514,1_320,1_100104,212,1_694279309,1_7484,1774317480,1774317574,default
1774317514,1_575,1_100264,70,1_724577669,1_8225,1774317540,1774317571,default
1774317514,1_575,1_102576,C Line,1_774681589,1_6252,1774317480,1774317634,default
1774317514,1_2850,1_100089,2,1_491929039,1_7156,1774317900,1774316443,default
1774317514,1_2850,1_100089,2,1_491929049,1_7192,1774318800,1774317202,default
1774317514,1_25140,1_100254,65,1_778694289,1_8250,1774317567,1774317505,default
1774317514,1_76024,1_102702,239,1_736529549,1_3706,1774317400,1774317578,default
1774317514,1_11569,1_100002,10,1_675385249,1_4360,1774316994,1774317623,default
1774317514,1_72494,1_100160,269,1_720966159,1_7976343,1774318680,1774318680,default
1774317514,1_52306,1_102619,F Line,1_656237459,1_7976004,1774317900,1774317900,default
1774317514,1_52306,1_102719,161,1_635446359,1_7976091,1774318560,1774318560,default
1774317514,1_57804,1_100072,181,1_721481889,1_7058,1774318036,1774318183,default
1774317514,1_59282,1_102717,165,1_664465539,1_7436,1774318440,1774317256,default
1774317514,1_620,40_100236,545,40_563505739,40_9811,1774317720,1774317666,default
1774317514,1_620,40_100236,545,40_563505739,40_7976559,1774317720,1774317720,default
1774317514,1_10912,1_100264,70,1_724577549,1_7975069,1774317685,1774317685,default
1774317514,1_10912,1_100447,49,1_650118659,1_7975093,1774317690,1774317690,default
1774317514,1_10912,1_100162,271,1_569554059,1_7976354,1774317900,1774317900,default
1774317514,1_10912,40_100511,542,40_569576349,40_7976608,1774318260,1774318260,default
1774317514,1_10912,1_100162,271,1_569495959,1_7976350,1774318920,1774318920,default
1774317514,1_10912,40_100511,542,40_569576369,40_7976604,1774320060,1774320060,default
1774317514,1_71960,40_100511,542,40_721031449,40_7976685,1774318860,1774318860,default
1774317514,1_10640,1_100252,62,1_736431299,1_8058,1774318020,1774317601,default
1774317514,1_10640,1_100252,62,1_736431299,1_7974596,1774318020,1774318020,default
1774317514,1_8403,1_100039,14,1_562520289,1_4405,1774317780,1774317690,default
1774318280,1_103,1_102745,G Line,1_736436469,1_6402,1774317886,1774318321,default
1774318280,1_12170,1_100039,14,1_562520289,1_4405,1774318299,1774318373,default
1774318280,1_2850,1_100089,2,1_491929049,1_7192,1774318800,1774317202,default
1774318280,1_2850,1_100089,2,1_548774899,1_7975119,1774319820,1774319820,default
1774318280,1_46505,1_102619,F Line,1_656237539,1_7976016,1774318380,1774318380,default
1774318280,1_29423,1_102732,79,1_561369669,1_7975558,1774319400,1774319400,default
1774318280,1_1190,1_100447,49,1_650117999,1_7158,1774318390,1774318313,default
1774318280,1_27420,1_100249,60,1_652445919,1_7087,1774318208,1774318440,default
1774318280,1_60477,1_100060,168,1_693747229,1_7438,1774318150,1774318363,default
1774318280,1_72494,1_100160,269,1_720966159,1_7976343,1774318680,1774318680,default
1774318280,1_52306,1_102719,161,1_635446359,1_7976091,1774318560,1774318560,default
1774318280,1_52306,1_102619,F Line,1_656236459,1_7976083,1774318800,1774318800,default
1774318280,1_30800,1_100249,60,1_692332739,1_7072,1774318398,1774318357,default
1774318280,1_65092,1_100162,271,1_720966799,1_7976352,1774319100,1774319100,default
1774318280,1_21080,1_100026,128,1_651742869,1_7431,1774318440,1774318380,default
1774318280,1_59282,1_102717,165,1_664465539,1_7436,1774318440,1774317256,default
1774318280,1_59282,1_100072,181,1_721482029,1_7188,1774318500,1774317673,default
1774318280,1_620,40_100240,554,40_774873239,40_9815,1774318560,1774318360,default
1774318280,1_620,40_594,594,40_1206020,40_9716,1774319040,1774318555,default
1774318280,1_620,40_100236,545,40_563506209,40_9666,1774318620,1774318602,default
1774318280,1_620,40_100236,545,40_563506209,40_7976567,1774318620,1774318620,default
1774318280,1_620,40_100239,550,40_597761449,40_7976642,1774318560,1774318661,default
1774318280,1_10912,1_100162,271,1_569495959,1_7976350,1774318920,1774318920,default
1774318280,1_10912,40_100511,542,40_569576369,40_7976604,1774320060,1774320060,default
1774318280,1_71960,40_100511,542,40_721031449,40_7976685,1774318860,1774318860,default
1774318280,1_71960,40_100511,542,40_721031129,40_7976686,1774320840,1774320840,default
1774318280,1_10640,1_100252,62,1_736431309,1_8036,1774318920,1774317800,default
1774318460,1_970,40_594,594,40_2047020,40_41501,1774319130,1774318588,default
1774318460,1_64569,1_100162,271,1_569554149,1_6925,1774318536,1774318511,default
1774318460,1_575,1_100263,7,1_650130329,1_4554,1774318440,1774318507,default
1774318460,1_575,1_100028,13,1_605110859,1_7169,1774318320,1774318577,default
1774318460,1_2850,1_100089,2,1_491929049,1_7192,1774318800,1774317202,default
1774318460,1_2850,1_100089,2,1_548774899,1_7104,1774319820,1774318381,default
1774318460,1_2850,1_100089,2,1_548774899,1_7975119,1774319820,1774319820,default
1774318460,1_46505,1_102619,F Line,1_656237279,1_7976229,1774319280,1774319280,default
1774318460,1_29423,1_102732,79,1_561369669,1_7975558,1774319400,1774319400,default
1774318460,1_27420,1_100249,60,1_652445919,1_7087,1774318208,1774318513,default
1774318460,1_23530,1_100259,67,1_724950289,1_8259,1774318384,1774318511,default
1774318460,1_2320,1_100001,1,1_562520329,1_4391,1774317985,1774318577,default
1774318460,1_72494,1_100160,269,1_720966159,1_7976343,1774318680,1774318680,default
1774318460,1_42120,1_100249,60,1_692332739,1_7072,1774318557,1774318484,default
1774318460,1_52306,1_102719,161,1_635446359,1_7976091,1774318560,1774318560,default
1774318460,1_52306,1_102619,F Line,1_656236459,1_7976083,1774318800,1774318800,default
1774318460,1_52306,40_560,560,40_1857020,40_9222,1774318800,1774318802,default
1774318460,1_7750,1_102615,E Line,1_761418669,1_6115,1774318386,1774318556,default
1774318460,1_65092,1_100162,271,1_720966799,1_7976352,1774319100,1774319100,default
1774318460,1_620,40_100236,545,40_563506209,40_9666,1774318620,1774318503,default
1774318460,1_620,40_100236,545,40_563506209,40_7976567,1774318620,1774318620,default
1774318460,1_10912,1_100162,271,1_569495959,1_7976350,1774318920,1774318920,default
1774318460,1_10912,40_100511,542,40_569576369,40_7976604,1774320060,1774320060,default
1774318460,1_71960,40_100511,542,40_721031449,40_7976685,1774318860,1774318860,default
1774318460,1_71960,40_100511,542,40_721031129,40_7976686,1774320840,1774320840,default
1774318460,1_10640,1_100252,62,1_736431309,1_8036,1774318920,1774317800,default
1774318760,1_970,1_100003,101,1_762101749,1_8178,1774318674,1774318815,default
1774318760,1_320,40_594,594,40_2047020,40_41501,1774319400,1774318862,default
1774318760,1_17651,1_102747,61,1_724959939,1_3751,1774318873,1774318746,default
1774318760,1_2850,1_100089,2,1_491929049,1_7192,1774318800,1774317202,default
1774318760,1_2850,1_100089,2,1_548774899,1_7104,1774319820,1774318381,default
1774318760,1_46505,1_102619,F Line,1_656237279,1_6231,1774319280,1774319280,default
1774318760,1_46505,1_102619,F Line,1_656237279,1_7976229,1774319280,1774319280,default
1774318760,1_29423,1_102732,79,1_561369669,1_7975558,1774319400,1774319400,default
1774318760,1_58342,1_100072,181,1_721490249,1_7355,1774318740,1774318820,default
1774318760,1_52306,1_102619,F Line,1_656237619,1_7975998,1774319700,1774319700,default
1774318760,1_21945,1_102717,165,1_664465129,1_7148,1774318620,1774318849,default
1774318760,1_65092,1_100162,271,1_720966799,1_7976352,1774319100,1774319100,default
1774318760,1_9605,1_100259,67,1_657908079,1_7975678,1774318560,1774318892,default
1774318760,1_59872,1_102619,F Line,1_694520769,1_6010,1774318912,1774318966,default
1774318760,1_68888,1_102552,226,1_778463199,1_7375,1774319070,1774318916,default
1774318760,1_10912,1_100447,49,1_650118669,1_7975090,1774318890,1774318952,default
1774318760,1_10912,40_100511,542,40_569576369,40_7976604,1774320060,1774320060,default
1774318760,1_71960,40_100511,542,40_721031129,40_7976686,1774320840,1774320840,default
1774318760,1_10640,1_100252,62,1_736431319,1_7041,1774319820,1774318545,default
1774318760,1_8403,1_100039,14,1_562520309,1_4389,1774318740,1774318600,default
1774319060,1_85800,1_100196,331,1_778699859,1_7217,1774318773,1774319164,default
1774319060,1_575,1_102615,E Line,1_768604689,1_6225,1774318680,1774319130,default
1774319060,1_575,1_100263,7,1_694070579,1_4521,1774319100,1774319135,default
1774319060,1_2850,1_100089,2,1_548774899,1_7104,1774319820,1774318381,default
1774319060,1_46505,1_102619,F Line,1_656237279,1_6231,1774319280,1774318732,default
1774319060,1_29423,1_102732,79,1_561369669,1_7975558,1774319400,1774319400,default
1774319060,1_31680,1_100249,60,1_692332739,1_7072,1774319142,1774319048,default
1774319060,1_52306,1_102619,F Line,1_656237619,1_7975998,1774319700,1774319700,default
1774319060,1_52306,1_102719,161,1_635446369,1_7976089,1774320780,1774320780,default
1774319060,1_7750,1_102615,E Line,1_761418419,1_6100,1774319286,1774319163,default
1774319060,1_58112,1_102619,F Line,1_656237039,1_6286,1774319196,1774319185,default
1774319060,1_65092,1_100162,271,1_569554149,1_6925,1774319220,1774318972,default
1774319060,1_40065,1_102574,40,1_778707539,1_8149,1774319261,1774319149,default
1774319060,1_59282,1_102717,165,1_664465549,1_7146,1774320300,1774318915,default
1774319060,1_10912,1_100223,43,1_686455669,1_4541,1774319240,1774319240,default
1774319060,1_10912,40_100511,542,40_569576369,40_7976604,1774320060,1774320060,default
1774319060,1_71960,40_100511,542,40_721031129,40_7976686,1774320840,1774320840,default
1774319060,1_10640,1_100252,62,1_736431319,1_7041,1774319820,1774318545,default
1774319360,1_60161,1_100042,148,1_762077909,1_7976053,1774321260,1774321260,default
1774319360,1_970,40_578,578,40_2534020,40_9726,1774319247,1774319391,default
1774319360,1_30510,1_100230,50,1_635467499,1_3724,1774319124,1774319403,default
1774319360,1_7790,1_102615,E Line,1_761418419,1_6100,1774319409,1774319333,default
1774319360,1_575,1_100210,36,1_630543259,1_7974969,1774319400,1774319365,default
1774319360,1_575,1_100210,36,1_630543259,1_4303,1774319400,1774319378,default
1774319360,1_575,1_102576,C Line,1_774681159,1_6253,1774319220,1774319395,default
1774319360,1_2850,1_100089,2,1_548774899,1_7104,1774319820,1774318381,default
1774319360,1_2850,1_100089,2,1_548774909,1_7085,1774321020,1774319166,default
1774319360,1_46505,1_102619,F Line,1_656237699,1_7976085,1774320180,1774320180,default
1774319360,1_29423,1_102732,79,1_561369669,1_7975558,1774319400,1774319400,default
1774319360,1_1190,1_100009,11,1_736449299,1_7020,1774319103,1774319407,default
1774319360,1_27420,1_100249,60,1_692332699,1_7159,1774319528,1774319489,default
1774319360,1_52306,1_102619,F Line,1_656237619,1_7975998,1774319700,1774319700,default
1774319360,1_52306,1_102719,161,1_635446369,1_7976089,1774320780,1774320780,default
1774319360,1_48390,1_100030,131,1_721370029,1_8002,1774319161,1774319445,default
1774319360,1_57804,1_100072,181,1_721482099,1_7191,1774319719,1774319620,default
1774319360,1_59282,1_102717,165,1_664465549,1_7146,1774320300,1774318915,default
1774319360,1_59282,1_100072,181,1_721481569,1_7058,1774320300,1774319224,default
1774319360,1_620,40_100236,545,40_563506189,40_7976555,1774319460,1774319633,default
1774319360,1_620,40_100239,550,40_597761689,40_9802,1774319460,1774320113,default
1774319360,1_16990,1_102574,40,1_778707539,1_8149,1774319624,1774319511,default
1774319360,1_10912,40_100511,542,40_569576369,40_7976604,1774320060,1774320060,default
1774319360,1_10912,1_100162,271,1_569496769,1_7976668,1774320720,1774320720,default
1774319360,1_71960,40_100511,542,40_721031129,40_7976686,1774320840,1774320840,default
1774319360,1_10640,1_100252,62,1_736431319,1_7041,1774319820,1774318545,default
1774319360,1_8403,1_100039,14,1_562520349,1_4392,1774319460,1774319499,default
1774319660,1_60161,1_100042,148,1_762077909,1_7976053,1774321260,1774321260,default
1774319660,1_12770,1_100228,48,1_721360719,1_8064,1774319740,1774319748,default
1774319660,1_320,40_100239,550,40_597761709,40_7976643,1774319760,1774319790,default
1774319660,1_2850,1_100089,2,1_548774899,1_7104,1774319820,1774318381,default
1774319660,1_2850,1_100089,2,1_548774909,1_7085,1774321020,1774319166,default
1774319660,1_46505,1_102619,F Line,1_656237699,1_7976085,1774320180,1774320180,default
1774319660,1_79610,1_100006,107,1_635437859,1_7333,1774319756,1774319712,default
1774319660,1_52306,1_102619,F Line,1_656237779,1_7976035,1774320600,1774320600,default
1774319660,1_52306,1_102719,161,1_635446369,1_7976089,1774320780,1774320780,default
1774319660,1_68593,1_100136,245,1_765953419,1_7361,1774319786,1774319703,default
1774319660,1_9605,1_100259,67,1_657909109,1_7975710,1774319460,1774319785,default
1774319660,1_2200,1_100275,8,1_759808959,1_8008,1774320553,1774319706,default
1774319660,1_59282,1_102717,165,1_664465549,1_7146,1774320300,1774318915,default
1774319660,1_59282,1_100072,181,1_721481569,1_7058,1774320300,1774319224,default
1774319660,1_74714,1_102702,239,1_736529529,1_3719,1774319808,1774319761,default
1774319660,1_81749,40_100240,554,40_560097879,40_9648,1774319277,1774319831,default
1774319660,1_620,40_100239,550,40_597761689,40_9802,1774319460,1774320053,default
1774319660,1_10912,1_100264,70,1_724577849,1_8233,1774319845,1774319845,default
1774319660,1_10912,40_100511,542,40_569576369,40_7976604,1774320060,1774320060,default
1774319660,1_10912,1_100162,271,1_569496769,1_7976668,1774320720,1774320720,default
1774319660,1_71960,40_100511,542,40_721031129,40_7976686,1774320840,1774320840,default
1774319660,1_10640,1_100252,62,1_736431329,1_7974593,1774320720,1774320720,default
1774319960,1_12170,1_100039,14,1_562520349,1_4392,1774319979,1774320081,default
1774319960,1_60161,1_100042,148,1_762077909,1_3700,1774321260,1774319773,default
1774319960,1_60161,1_100042,148,1_762077909,1_7976053,1774321260,1774321260,default
1774319960,1_320,40_594,594,40_681020,40_61401,1774320600,1774320164,default
1774319960,1_2850,1_100089,2,1_548774909,1_7085,1774321020,1774319166,default
1774319960,1_46505,1_102619,F Line,1_656237699,1_7976085,1774320180,1774320180,default
1774319960,1_280,40_100240,554,40_560097169,40_7976696,1774319965,1774320061,default
1774319960,1_52306,1_102619,F Line,1_656237779,1_7976035,1774320600,1774320600,default
1774319960,1_52306,1_102719,161,1_635446369,1_7976089,1774320780,1774320780,default
1774319960,1_99254,40_594,594,40_2811020,40_9715,1774320453,1774320073,default
1774319960,1_49350,1_100026,128,1_651742869,1_7431,1774320177,1774320104,default
1774319960,1_59282,1_102717,165,1_664465549,1_7146,1774320300,1774318915,default
1774319960,1_59282,1_100072,181,1_721481569,1_7058,1774320300,1774319224,default
1774319960,1_42540,1_100072,181,1_721490249,1_7355,1774320356,1774320114,default
1774319960,1_75850,1_102615,E Line,1_761418419,1_6100,1774320161,1774320070,default
1774319960,1_25791,1_100214,372,1_694307039,1_6915,1774319580,1774320143,default
1774319960,1_620,40_100240,554,40_774873559,40_9683,1774320240,1774320377,default
1774319960,1_620,40_100239,550,40_597761959,40_9658,1774320360,1774320389,default
1774319960,1_10912,1_100447,49,1_650118679,1_7975092,1774320090,1774320126,default
1774319960,1_10912,1_100162,271,1_569496769,1_7976668,1774320720,1774320720,default
1774319960,1_71960,40_100511,542,40_721031129,40_7976686,1774320840,1774320840,default
1774319960,1_71960,40_100511,542,40_721031059,40_7976608,1774322220,1774322220,default
1774319960,1_10640,1_100252,62,1_736431329,1_7974593,1774320720,1774320720,default
1774319960,1_10640,1_100252,62,1_736431329,1_8052,1774320720,1774320720,default
1774320260,1_60161,1_100042,148,1_762077909,1_3700,1774321260,1774319773,default
1774320260,1_575,1_102576,C Line,1_774682129,1_6247,1774320420,1774320218,default
1774320260,1_2850,1_100089,2,1_548774909,1_7085,1774321020,1774319166,default
1774320260,1_46505,1_102619,F Line,1_656236319,1_7975999,1774321080,1774321080,default
1774320260,1_280,40_100240,554,40_560097169,40_7976696,1774319965,1774320338,default
1774320260,1_52306,1_102619,F Line,1_656237779,1_7976035,1774320600,1774320600,default
1774320260,1_52306,1_102719,161,1_635446369,1_7976089,1774320780,1774320780,default
1774320260,1_22184,1_100024,125,1_770790229,1_7974702,1774320395,1774320209,default
1774320260,1_620,40_100236,545,40_563506229,40_9583,1774320480,1774320476,default
1774320260,1_620,40_594,594,40_2811020,40_9715,1774320840,1774320505,default
1774320260,1_10912,1_100264,70,1_724577459,1_8210,1774320445,1774320448,default
1774320260,1_10912,1_100162,271,1_569496769,1_7976668,1774320720,1774320720,default
1774320260,1_71960,40_100511,542,40_721031129,40_9685,1774320840,1774320317,default
1774320260,1_71960,40_100511,542,40_721031129,40_7976686,1774320840,1774320840,default
1774320260,1_71960,40_100511,542,40_721031059,40_7976608,1774322220,1774322220,default
1774320260,1_10640,1_100252,62,1_736431329,1_8052,1774320720,1774320072,default
1774320260,1_10640,1_100252,62,1_721368509,1_8083,1774320480,1774320377,default
1774320561,1_85800,1_100196,331,1_778705879,1_7239,1774320633,1774320604,default
1774320561,1_60161,1_100042,148,1_762077909,1_3700,1774321260,1774319773,default
1774320561,1_320,40_100240,554,40_560097169,40_9815,1774320060,1774320598,default
1774320561,1_575,1_100210,36,1_630543329,1_7974909,1774320600,1774320462,default
1774320561,1_575,1_100210,36,1_630543329,1_4320,1774320600,1774320481,default
1774320561,1_2850,1_100089,2,1_548774909,1_7085,1774321020,1774319166,default
1774320561,1_46505,1_102619,F Line,1_656236319,1_7975999,1774321080,1774321080,default
1774320561,1_52306,1_102719,161,1_635446369,1_7976089,1774320780,1774320780,default
1774320561,1_52306,1_102619,F Line,1_656237049,1_7975997,1774321500,1774321500,default
1774320561,1_21945,1_102717,165,1_635443589,1_7354,1774320540,1774320664,default
1774320561,1_99254,1_100003,101,1_694513369,1_6954,1774320382,1774320660,default
1774320561,1_7750,1_102615,E Line,1_768604689,1_6225,1774320066,1774320685,default
1774320561,1_9030,1_100263,7,1_650129199,1_4520,1774320842,1774320634,default
1774320561,1_10210,1_100264,70,1_724577849,1_8233,1774320779,1774320689,default
1774320561,1_10912,40_100511,542,40_569577089,40_7976685,1774321980,1774321980,default
1774320561,1_10912,1_100162,271,1_569495969,1_7976387,1774322520,1774322520,default
1774320561,1_71960,40_100511,542,40_721031129,40_9685,1774320840,1774320317,default
1774320561,1_71960,40_100511,542,40_721031059,40_7976608,1774322220,1774322220,default
1774320561,1_10640,1_100252,62,1_736431339,1_7974597,1774321620,1774321620,default
1774320561,1_76310,40_100232,522,40_635897539,40_9688,1774320687,1774320739,default
1774320861,1_26560,1_102574,40,1_690033229,1_8268,1774320962,1774320984,default
1774320861,1_60161,1_100042,148,1_762077909,1_3700,1774321260,1774319773,default
1774320861,1_81841,1_100160,269,1_720966159,1_7369,1774320943,1774320854,default
1774320861,1_2850,1_100089,2,1_548774909,1_7085,1774321020,1774319166,default
1774320861,1_46505,1_102619,F Line,1_656236319,1_7975999,1774321080,1774321080,default
1774320861,1_1190,1_100447,49,1_650118019,1_7975091,1774320782,1774320920,default
1774320861,1_27420,23_102638,First Hill Streetcar,23_55295733,23_404,1774320960,1774320951,default
1774320861,1_52306,1_102619,F Line,1_656237049,1_7975997,1774321500,1774321500,default
1774320861,1_52306,1_102719,161,1_635446379,1_7976088,1774322580,1774322580,default
1774320861,1_8530,1_100005,106,1_727784739,1_7030,1774320977,1774320959,default
1774320861,1_8530,1_100263,7,1_694070569,1_4534,1774320793,1774320976,default
1774320861,1_40065,1_102574,40,1_778707629,1_8104,1774320341,1774320988,default
1774320861,1_59872,1_102619,F Line,1_656236459,1_6232,1774320625,1774321001,default
1774320861,1_620,1_100003,101,1_694513369,1_6954,1774320720,1774321030,default
1774320861,1_620,40_100239,550,40_597761949,40_9653,1774321320,1774321569,default
1774320861,1_10912,40_100511,542,40_569577089,40_7976685,1774321980,1774321980,default
1774320861,1_10912,1_100162,271,1_569495969,1_7976387,1774322520,1774322520,default
1774320861,1_71960,40_100511,542,40_721031059,40_7976608,1774322220,1774322220,default
1774320861,1_10640,1_100252,62,1_736431339,1_8083,1774321620,1774320792,default
1774320861,1_10640,1_100252,62,1_736431339,1_7974597,1774321620,1774321620,default
1774321161,1_60161,1_100042,148,1_762077909,1_3700,1774321260,1774319773,default
1774321161,1_970,40_594,594,40_2436020,40_9716,1774321504,1774321201,default
1774321161,1_575,1_102581,D Line,1_585677839,1_6066,1774320600,1774321208,default
1774321161,1_575,1_100263,7,1_694070589,1_4544,1774321200,1774321272,default
1774321161,1_2850,1_100089,2,1_548782529,1_7105,1774322340,1774321030,default
1774321161,1_2850,1_100089,2,1_548782529,1_7975118,1774322340,1774322340,default
1774321161,1_46505,1_102619,F Line,1_656237469,1_7976004,1774321980,1774321980,default
1774321161,1_40060,1_102574,40,1_778706439,1_8108,1774320848,1774321232,default
1774321161,1_52306,1_102619,F Line,1_656237049,1_7975997,1774321500,1774321500,default
1774321161,1_52306,1_102719,161,1_635446379,1_7976088,1774322580,1774322580,default
1774321161,1_40065,1_102574,40,1_778706439,1_8108,1774320941,1774321292,default
1774321161,1_49350,1_100026,128,1_651747529,1_7171,1774321377,1774321241,default
1774321161,1_59282,1_100072,181,1_770980539,1_7191,1774322100,1774320924,default
1774321161,1_620,40_100239,550,40_597761949,40_9653,1774321320,1774321353,default
1774321161,1_10912,40_100511,542,40_569577089,40_7976685,1774321980,1774321980,default
1774321161,1_10912,1_100162,271,1_569495969,1_7976387,1774322520,1774322520,default
1774321161,1_71960,40_100511,542,40_721031059,40_7976608,1774322220,1774322220,default
1774321161,1_10640,1_100252,62,1_736431339,1_8083,1774321620,1774320792,default
1774321161,1_10640,1_100252,62,1_736431349,1_7974610,1774322520,1774322520,default
1774321461,1_12170,1_100039,14,1_562520389,1_4305,1774321539,1774321539,default
1774321461,1_73945,1_102704,250,1_771119559,1_7348,1774321306,1774321478,default
1774321461,1_30790,1_100249,60,1_689961849,1_7040,1774321431,1774321484,default
1774321461,1_575,1_100089,2,1_548774899,1_7104,1774321200,1774321549,default
1774321461,1_2850,1_100089,2,1_548782529,1_7105,1774322340,1774321030,default
1774321461,1_46505,1_102619,F Line,1_656237469,1_7976004,1774321980,1774321980,default
1774321461,1_47660,1_102736,H Line,1_694056269,1_7974892,1774321555,1774321379,default
1774321461,3_31002,40_560,560,40_2742020,40_9201,1774321689,1774321782,default
1774321461,1_52306,1_102619,F Line,1_656237549,1_7976016,1774322400,1774322400,default
1774321461,1_52306,1_102719,161,1_635446379,1_7976088,1774322580,1774322580,default
1774321461,1_8530,1_100263,7,1_694070679,1_4548,1774321281,1774321562,default
1774321461,1_41940,1_100249,60,1_689961799,1_7134,1774321717,1774321538,default
1774321461,1_17800,1_100202,345,1_774123929,1_3736,1774321446,1774321608,default
1774321461,1_2200,1_102581,D Line,1_732748479,1_6070,1774321525,1774321622,default
1774321461,1_57804,1_100072,181,1_721481739,1_7427,1774321519,1774321845,default
1774321461,1_59282,1_100072,181,1_770980539,1_7191,1774322100,1774320924,default
1774321461,1_60710,1_100512,A Line,1_721482959,1_6281,1774321605,1774321621,default
1774321461,1_620,40_100236,545,40_560092059,40_9659,1774321560,1774321649,default
1774321461,1_10912,40_100511,542,40_569577089,40_7976685,1774321980,1774321980,default
1774321461,1_10912,1_100162,271,1_569495969,1_7976387,1774322520,1774322520,default
1774321461,1_71960,40_100511,542,40_721031059,40_9684,1774322220,1774321458,default
1774321461,1_71960,1_102752,223,1_766488409,1_7389,1774321500,1774321638,default
1774321461,1_71960,40_100511,542,40_721031059,40_7976608,1774322220,1774322220,default
1774321461,1_10640,1_100252,62,1_736431349,1_8039,1774322520,1774321404,default
1774321461,1_10640,1_100252,62,1_736431349,1_7974610,1774322520,1774322520,default
1774321761,1_103,1_102745,G Line,1_736436909,1_6402,1774321486,1774321823,default
1774321761,1_51930,1_100030,131,1_721369619,1_7005,1774321937,1774321709,default
1774321761,1_82760,1_100133,240,1_787241579,1_7240,1774323562,1774321724,default
1774321761,1_2850,1_100089,2,1_548782529,1_7105,1774322340,1774321030,default
1774321761,1_46505,1_102619,F Line,1_656237469,1_6242,1774321980,1774321536,default
1774321761,1_46505,1_102619,F Line,1_656237469,1_7976004,1774321980,1774321980,default
1774321761,1_29423,1_102732,79,1_561369679,1_7975557,1774323000,1774323000,default
1774321761,1_77460,1_102746,333,1_778705019,1_7218,1774321557,1774321832,default
1774321761,1_52306,40_560,560,40_2742020,40_9201,1774322280,1774321996,default
1774321761,1_52306,1_102619,F Line,1_656237549,1_7976016,1774322400,1774322400,default
1774321761,1_52306,1_102719,161,1_635446379,1_7976088,1774322580,1774322580,default
1774321761,1_45670,1_100210,36,1_625319389,1_7974960,1774321584,1774321855,default
1774321761,1_65092,1_100162,271,1_720966519,1_7383,1774322820,1774321761,default
1774321761,1_65092,1_100162,271,1_720966519,1_7976349,1774322820,1774322820,default
1774321761,1_40065,1_102574,40,1_778707619,1_8132,1774322081,1774321885,default
1774321761,1_76312,1_102705,230,1_664298939,1_7382,1774321921,1774321820,default
1774321761,1_59282,1_100072,181,1_770980539,1_7191,1774322100,1774320924,default
1774321761,1_59282,1_102717,165,1_664465559,1_7148,1774322280,1774321569,default
1774321761,1_59282,1_102717,165,1_664465559,1_7976041,1774322280,1774322280,default
1774321761,1_23905,1_100214,372,1_694306969,1_6962,1774321872,1774321954,default
1774321761,1_74714,1_102702,239,1_736529519,1_3717,1774321892,1774321826,default
1774321761,1_620,40_100240,554,40_774873469,40_9663,1774322040,1774321872,default
1774321761,1_10912,1_100264,70,1_724577179,1_7975084,1774321945,1774321962,default
1774321761,1_10912,40_100511,542,40_569577089,40_7976685,1774321980,1774321980,default
1774321761,1_10912,1_100162,271,1_569495969,1_7976387,1774322520,1774322520,default
1774321761,1_71960,40_100511,542,40_721031059,40_9684,1774322220,1774321458,default
1774321761,1_71960,40_100511,542,40_721031209,40_7976604,1774323840,1774323840,default
1774321761,1_10640,1_100252,62,1_736431349,1_8039,1774322520,1774321404,default
1774322061,1_575,1_102576,C Line,1_774680279,1_6261,1774322160,1774321975,default
1774322061,1_2850,1_100089,2,1_548782529,1_7105,1774322340,1774321030,default
1774322061,1_46505,1_102619,F Line,1_656236469,1_7976083,1774322880,1774322880,default
1774322061,1_29423,1_102732,79,1_561369679,1_7975557,1774323000,1774323000,default
1774322061,1_280,40_100240,554,40_560098889,40_7976690,1774322125,1774322125,default
1774322061,1_52306,1_102619,F Line,1_656237549,1_7976016,1774322400,1774322400,default
1774322061,1_52306,1_102719,161,1_635446379,1_7976088,1774322580,1774322580,default
1774322061,1_65092,1_100162,271,1_720966519,1_7383,1774322820,1774321761,default
1774322061,1_59282,1_102717,165,1_664465559,1_7148,1774322280,1774321569,default
1774322061,1_57791,1_102718,184,1_635442939,1_7173,1774322063,1774322299,default
1774322061,1_620,40_594,594,40_2925020,40_41503,1774322460,1774322254,default
1774322061,1_10912,1_100162,271,1_569495969,1_7976387,1774322520,1774322520,default
1774322061,1_10912,1_100162,271,1_569496349,1_7976351,1774324320,1774324320,default
1774322061,1_71960,40_100511,542,40_721031209,40_7976604,1774323840,1774323840,default
1774322061,1_81982,1_100196,331,1_778705889,1_7213,1774322139,1774322239,default
1774322061,1_10640,1_100252,62,1_736431349,1_8039,1774322520,1774321404,default
1774322061,1_10640,1_100252,62,1_736431359,1_8028,1774323420,1774322012,default
1774322061,1_8403,1_100039,14,1_562520849,1_4365,1774322040,1774322214,default
1774322361,1_12170,1_100039,14,1_562520849,1_4365,1774322559,1774322413,default
1774322361,1_80692,1_100045,150,1_693748679,1_8162,1774322163,1774322431,default
1774322361,1_320,40_100239,550,40_597762549,40_9658,1774322400,1774322399,default
1774322361,1_2850,1_100089,2,1_548774919,1_7012,1774323480,1774321628,default
1774322361,1_46505,1_102619,F Line,1_656236469,1_7976083,1774322880,1774322880,default
1774322361,1_29423,1_102732,79,1_561369679,1_7975557,1774323000,1774323000,default
1774322361,1_8671,1_100275,8,1_693945269,1_7974697,1774322438,1774322438,default
1774322361,1_52306,1_102719,161,1_635446379,1_7976088,1774322580,1774322580,default
1774322361,1_52306,1_102619,F Line,1_656237289,1_7976229,1774323300,1774323300,default
1774322361,1_29650,1_100224,44,1_694058779,1_4503,1774322486,1774322404,default
1774322361,1_65092,1_100162,271,1_720966519,1_7383,1774322820,1774321761,default
1774322361,1_60710,1_100512,A Line,1_721482969,1_6284,1774322325,1774322533,default
1774322361,1_10912,1_100162,271,1_569496349,1_7976351,1774324320,1774324320,default
1774322361,1_71960,40_100511,542,40_721031209,40_7976604,1774323840,1774323840,default
1774322361,1_10640,1_100252,62,1_736431359,1_8028,1774323420,1774322012,default
1774322661,1_320,40_594,594,40_3793020,40_9715,1774323060,1774322761,default
1774322661,1_17651,1_102747,61,1_724959979,1_3750,1774322473,1774322715,default
1774322661,1_13830,1_102581,D Line,1_732749439,1_6117,1774322738,1774322629,default
1774322661,1_2850,1_100089,2,1_548774919,1_7012,1774323480,1774321628,default
1774322661,1_2850,1_100089,2,1_772359539,1_7097,1774322700,1774322626,default
1774322661,1_46505,1_102619,F Line,1_656236469,1_7976083,1774322880,1774322880,default
1774322661,1_46505,1_102619,F Line,1_656237629,1_7975998,1774323780,1774323780,default
1774322661,1_29423,1_102732,79,1_561369679,1_7975557,1774323000,1774323000,default
1774322661,1_27420,23_102638,First Hill Streetcar,23_55295735,23_403,1774322760,1774322795,default
1774322661,1_49724,1_100031,132,1_721369959,1_8208,1774322760,1774322740,default
1774322661,1_52306,1_102619,F Line,1_656237289,1_7976229,1774323300,1774323300,default
1774322661,1_52306,1_102719,161,1_635446389,1_7976218,1774324440,1774324440,default
1774322661,1_8530,1_100005,106,1_727784969,1_7033,1774322597,1774322773,default
1774322661,1_65092,1_100162,271,1_720966519,1_7383,1774322820,1774321761,default
1774322661,1_41940,1_100249,60,1_689961769,1_7157,1774322917,1774322801,default
1774322661,1_57804,1_100072,181,1_721482039,1_7355,1774323259,1774323064,default
1774322661,1_19921,1_100101,21,1_775021019,1_8245,1774322701,1774322802,default
1774322661,1_2260,1_100275,8,1_759808979,1_8062,1774322828,1774322825,default
1774322661,1_620,40_100236,545,40_560092079,40_9570,1774322760,1774322839,default
1774322661,1_10912,40_100511,542,40_569577119,40_7976686,1774323780,1774323780,default
1774322661,1_10912,1_100162,271,1_569496349,1_7976351,1774324320,1774324320,default
1774322661,1_71960,40_100511,542,40_721031209,40_7976604,1774323840,1774323840,default
1774322661,1_10640,1_100252,62,1_736431359,1_8028,1774323420,1774322012,default
1774322961,1_575,1_100210,36,1_630543919,1_4313,1774322940,1774323001,default
1774322961,1_2850,1_100089,2,1_548774919,1_7012,1774323480,1774321628,default
1774322961,1_2850,1_100089,2,1_548774929,1_7097,1774324740,1774322664,default
1774322961,1_46505,1_102619,F Line,1_656237629,1_7975998,1774323780,1774323780,default
1774322961,1_29423,1_102732,79,1_561369679,1_7975557,1774323000,1774323000,default
1774322961,1_27420,1_100161,27,1_759819829,1_7174,1774322895,1774323045,default
1774322961,1_3470,1_100249,60,1_689961909,1_7090,1774323180,1774322977,default
1774322961,1_52306,1_102619,F Line,1_656237289,1_7976229,1774323300,1774323300,default
1774322961,1_52306,1_102719,161,1_635446389,1_7976218,1774324440,1774324440,default
1774322961,1_58112,1_102619,F Line,1_656236319,1_6010,1774322721,1774323062,default
1774322961,1_45670,1_100210,36,1_630543549,1_4376,1774323084,1774323019,default
1774322961,1_57804,1_100072,181,1_721482039,1_7355,1774323259,1774323073,default
1774322961,1_59282,1_100072,181,1_721481749,1_7976082,1774323900,1774323900,default
1774322961,1_620,40_100239,550,40_597762299,40_9632,1774323240,1774323287,default
1774322961,1_10912,40_100511,542,40_569577119,40_7976686,1774323780,1774323780,default
1774322961,1_10912,1_100162,271,1_569496349,1_7976351,1774324320,1774324320,default
1774322961,1_71960,40_100511,542,40_721031209,40_7976604,1774323840,1774323840,default
1774322961,1_10640,1_100252,62,1_736431359,1_8028,1774323420,1774322012,default
1774322961,1_10640,1_100252,62,1_736431369,1_7974590,1774324320,1774324320,default
1774323261,1_575,1_100264,70,1_724577809,1_8233,1774323300,1774323306,default
1774323261,1_2850,1_100089,2,1_548774919,1_7012,1774323480,1774321628,default
1774323261,1_2850,1_100089,2,1_548774929,1_7097,1774324740,1774322664,default
1774323261,1_46505,1_102619,F Line,1_656237629,1_7975998,1774323780,1774323780,default
1774323261,1_52306,1_102619,F Line,1_656237709,1_7976085,1774324200,1774324200,default
1774323261,1_52306,1_102719,161,1_635446389,1_7976218,1774324440,1774324440,default
1774323261,1_40030,1_102574,40,1_628200309,1_8108,1774323260,1774323401,default
1774323261,1_70010,1_102701,225,1_736529939,1_7387,1774323470,1774323309,default
1774323261,1_49350,1_100026,128,1_651743079,1_7430,1774322877,1774323387,default
1774323261,1_59282,1_102717,165,1_664465569,1_7354,1774324080,1774323289,default
1774323261,1_59282,1_100072,181,1_721481749,1_7976082,1774323900,1774323900,default
1774323261,1_59282,1_102717,165,1_664465569,1_7976043,1774324080,1774324080,default
1774323261,1_81749,40_100240,554,40_560097169,40_9815,1774322922,1774323403,default
1774323261,1_620,1_100045,150,1_693748679,1_8162,1774323540,1774323469,default
1774323261,1_620,40_100240,554,40_774873819,40_9646,1774323960,1774323710,default
1774323261,1_10912,1_100264,70,1_724578089,1_7975074,1774323385,1774323450,default
1774323261,1_10912,40_100511,542,40_569577119,40_7976686,1774323780,1774323780,default
1774323261,1_10912,1_100162,271,1_569496349,1_7976351,1774324320,1774324320,default
1774323261,1_71960,40_100511,542,40_721031209,40_7976604,1774323840,1774323840,default
1774323261,1_10640,1_100252,62,1_736431369,1_7974590,1774324320,1774324320,default
1774323261,1_58144,1_102719,161,1_635446369,1_7976089,1774323013,1774323452,default
1774323561,1_103,1_102745,G Line,1_736436309,1_6412,1774323286,1774323629,default
1774323561,1_60161,1_100042,148,1_762078249,1_7976072,1774325100,1774325100,default
1774323561,1_64569,1_100099,208,1_736533629,1_7447,1774323452,1774323597,default
1774323561,1_2850,1_100089,2,1_548774929,1_7097,1774324740,1774322664,default
1774323561,1_46505,1_102619,F Line,1_656237629,1_7975998,1774323780,1774323780,default
1774323561,1_46505,1_102619,F Line,1_656237789,1_7976035,1774324680,1774324680,default
1774323561,1_27420,23_102638,First Hill Streetcar,23_55295736,23_402,1774323660,1774323598,default
1774323561,1_27420,1_100249,60,1_689961909,1_7090,1774323848,1774323626,default
1774323561,1_52306,1_102619,F Line,1_656237709,1_7976085,1774324200,1774324200,default
1774323561,1_52306,1_102719,161,1_635446389,1_7976218,1774324440,1774324440,default
1774323561,1_80121,1_102719,161,1_635446749,1_7454,1774323574,1774323657,default
1774323561,1_11060,1_100447,49,1_650118699,1_7095,1774323570,1774323685,default
1774323561,1_59282,1_102717,165,1_664465569,1_7354,1774324080,1774323289,default
1774323561,1_59282,1_100072,181,1_721481749,1_7427,1774323900,1774323384,default
1774323561,1_59282,1_100072,181,1_721481749,1_7976082,1774323900,1774323900,default
1774323561,1_620,40_100240,554,40_774873819,40_9646,1774323960,1774323637,default
1774323561,1_10912,1_100264,70,1_724578089,1_7975074,1774323385,1774323735,default
1774323561,1_10912,1_100447,49,1_650118709,1_7975091,1774323690,1774323751,default
1774323561,1_10912,40_100511,542,40_569577119,40_7976686,1774323780,1774323780,default
1774323561,1_10912,1_100162,271,1_569496349,1_7976351,1774324320,1774324320,default
1774323561,1_71960,40_100511,542,40_721031209,40_7976604,1774323840,1774323840,default
1774323561,1_10640,1_100252,62,1_736431369,1_8063,1774324320,1774323636,default
1774323561,1_10640,1_100252,62,1_721368549,1_8048,1774323780,1774323685,default
1774323561,1_10640,1_100252,62,1_736431369,1_7974590,1774324320,1774324320,default
1774323861,1_60161,1_100042,148,1_762078249,1_7976072,1774325100,1774325100,default
1774323861,1_2850,1_100089,2,1_548774929,1_7097,1774324740,1774322664,default
1774323861,1_2850,1_100089,2,1_548774939,1_7169,1774326000,1774323609,default
1774323861,1_46505,1_102619,F Line,1_656237789,1_7976035,1774324680,1774324680,default
1774323861,1_52306,1_102619,F Line,1_656237709,1_7976085,1774324200,1774324200,default
1774323861,1_52306,1_102719,161,1_635446389,1_7976218,1774324440,1774324440,default
1774323861,1_59282,1_102717,165,1_664465569,1_7354,1774324080,1774323289,default
1774323861,1_10912,1_100162,271,1_569496349,1_7976351,1774324320,1774324320,default
1774323861,1_10912,40_100511,542,40_569578019,40_7976608,1774325700,1774325700,default
1774323861,1_10912,1_100162,271,1_569497039,1_7976352,1774326120,1774326120,default
1774323861,1_71960,40_100511,542,40_721031379,40_7976685,1774325640,1774325640,default
1774323861,1_10640,1_100252,62,1_736431369,1_8063,1774324320,1774323636,default
1774324161,1_12170,1_100039,14,1_562520469,1_4355,1774324179,1774324179,default
1774324161,1_60161,1_100042,148,1_762078249,1_7976072,1774325100,1774325100,default
1774324161,1_970,1_100003,101,1_762101779,1_6954,1774324212,1774324142,default
1774324161,1_320,40_594,594,40_285020,40_9207,1774324440,1774324179,default
1774324161,1_2850,1_100089,2,1_548774929,1_7097,1774324740,1774322664,default
1774324161,1_2850,1_100089,2,1_548774939,1_7169,1774326000,1774323609,default
1774324161,1_46505,1_102619,F Line,1_656237789,1_7976035,1774324680,1774324680,default
1774324161,1_79610,1_100003,101,1_762101789,1_8175,1774324260,1774324230,default
1774324161,1_52306,1_102719,161,1_635446389,1_7976218,1774324440,1774324440,default
1774324161,1_52306,1_102619,F Line,1_656236329,1_7975999,1774325100,1774325100,default
1774324161,1_59282,1_100072,181,1_721482039,1_7355,1774324560,1774324234,default
1774324161,1_10912,1_100264,70,1_724577289,1_8221,1774324165,1774324348,default
1774324161,1_10912,1_100224,44,1_664046709,1_4508,1774324357,1774324369,default
1774324161,1_10912,40_100511,542,40_569578019,40_7976608,1774325700,1774325700,default
1774324161,1_10912,1_100162,271,1_569497039,1_7976352,1774326120,1774326120,default
1774324161,1_71960,40_100511,542,40_721031379,40_7976685,1774325640,1774325640,default
1774324461,1_12170,1_100039,14,1_562520469,1_4355,1774324179,1774324462,default
1774324461,1_60161,1_100042,148,1_762078249,1_3722,1774325100,1774324171,default
1774324461,1_970,40_578,578,40_701020,40_9222,1774324647,1774324464,default
1774324461,1_13830,1_102581,D Line,1_732748989,1_6069,1774324538,1774324499,default
1774324461,1_2850,1_100089,2,1_548774929,1_7097,1774324740,1774322664,default
1774324461,1_2850,1_100089,2,1_548774939,1_7169,1774326000,1774323609,default
1774324461,1_46505,1_102619,F Line,1_656237789,1_7976035,1774324680,1774324680,default
1774324461,1_46505,1_102619,F Line,1_656237059,1_7975997,1774325580,1774325580,default
1774324461,1_73366,1_102548,B Line,1_721018969,1_6022,1774324440,1774324562,default
1774324461,1_52306,1_102619,F Line,1_656236329,1_7975999,1774325100,1774325100,default
1774324461,1_52306,1_102719,161,1_635446399,1_7976220,1774326300,1774326300,default
1774324461,1_620,40_100236,545,40_560092229,40_9662,1774324620,1774324626,default
1774324461,1_620,40_100239,550,40_597762289,40_9690,1774325040,1774325149,default
1774324461,1_10912,40_100511,542,40_569578019,40_7976608,1774325700,1774325700,default
1774324461,1_10912,1_100162,271,1_569497039,1_7976352,1774326120,1774326120,default
1774324461,1_71960,40_100511,542,40_721031379,40_7976685,1774325640,1774325640,default
1774324761,1_60161,1_100042,148,1_762078249,1_3722,1774325100,1774324171,default
1774324761,1_575,1_100210,36,1_630543549,1_4376,1774325040,1774324739,default
1774324761,1_2850,1_100089,2,1_548774939,1_7169,1774326000,1774323609,default
1774324761,1_2850,1_100089,2,1_548774949,1_7975114,1774327140,1774327140,default
1774324761,1_46505,1_102619,F Line,1_656237059,1_7975997,1774325580,1774325580,default
1774324761,1_11569,1_100002,10,1_675385549,1_4360,1774324581,1774324854,default
1774324761,1_52306,1_102619,F Line,1_656236329,1_7975999,1774325100,1774325100,default
1774324761,1_52306,1_102719,161,1_635446399,1_7976220,1774326300,1774326300,default
1774324761,1_45670,1_100210,36,1_630543579,1_7974959,1774324884,1774324884,default
1774324761,1_49350,1_100026,128,1_651742919,1_7190,1774324917,1774324932,default
1774324761,1_57804,1_100072,181,1_721481579,1_7188,1774325059,1774325022,default
1774324761,1_620,40_100239,550,40_597762289,40_9690,1774325040,1774324928,default
1774324761,1_10912,40_100511,542,40_569578019,40_7976608,1774325700,1774325700,default
1774324761,1_10912,1_100162,271,1_569497039,1_7976352,1774326120,1774326120,default
1774324761,1_71960,40_100511,542,40_721031379,40_7976685,1774325640,1774325640,default
1774324761,1_10640,1_100252,62,1_736431379,1_8066,1774326180,1774324802,default
1774324761,1_10640,1_100252,62,1_736431379,1_7974599,1774326180,1774326180,default
1774325061,1_60161,1_100042,148,1_762078249,1_3722,1774325100,1774324171,default
1774325061,1_2850,1_100089,2,1_548774939,1_7169,1774326000,1774323609,default
1774325061,1_2850,1_100089,2,1_548774949,1_7156,1774327140,1774324853,default
1774325061,1_2850,1_100089,2,1_548774949,1_7975114,1774327140,1774327140,default
1774325061,1_8080,1_100263,7,1_770870859,1_4535,1774325207,1774325062,default
1774325061,1_46505,1_102619,F Line,1_656237059,1_7975997,1774325580,1774325580,default
1774325061,1_11590,1_100002,10,1_675385549,1_4360,1774324916,1774325128,default
1774325061,1_68130,1_102548,B Line,1_721018559,1_6028,1774325029,1774325161,default
1774325061,3_31002,40_560,560,40_370020,40_41506,1774325229,1774325263,default
1774325061,1_52306,1_102719,161,1_635446399,1_7976220,1774326300,1774326300,default
1774325061,1_52306,1_102619,F Line,1_656236479,1_7976083,1774326900,1774326900,default
1774325061,1_52306,1_102719,161,1_635446409,1_7976090,1774328160,1774328160,default
1774325061,1_8530,1_100005,106,1_727784679,1_7007,1774326137,1774326172,default
1774325061,1_58112,1_102619,F Line,1_656237789,1_6277,1774326261,1774326191,default
1774325061,1_70665,1_102704,250,1_720962789,1_7348,1774325890,1774326170,default
1774325061,1_65092,1_100162,271,1_720966689,1_6992,1774326480,1774325699,default
1774325061,1_59872,1_102619,F Line,1_656237709,1_6014,1774325965,1774326180,default
1774325061,1_620,1_100003,101,1_694514969,1_8137,1774326240,1774326210,default
1774325061,1_10912,40_100511,542,40_569577989,40_7976604,1774327500,1774327500,default
1774325061,1_10912,1_100162,271,1_569495709,1_7976354,1774327920,1774327920,default
1774326219,1_575,1_100264,70,1_724577369,1_8239,1774326000,1774326252,default
1774326219,1_575,1_100001,1,1_562520879,1_4365,1774325760,1774326289,default
1774326219,1_2850,1_100089,2,1_548774949,1_7156,1774327140,1774324853,default
1774326219,1_2850,1_100089,2,1_662785319,1_7192,1774327920,1774326044,default
1774326219,1_2850,1_100089,2,1_662785319,1_7975110,1774327920,1774327920,default
1774326219,1_46505,1_102619,F Line,1_656237559,1_7976016,1774326540,1774326540,default
1774326219,1_46505,1_102619,F Line,1_656237299,1_7976229,1774327440,1774327440,default
1774326219,1_29423,1_102732,79,1_561369649,1_7975558,1774326600,1774326600,default
1774326219,1_52306,1_102719,161,1_635446399,1_7454,1774326300,1774326300,default
1774326219,1_52306,1_102719,161,1_635446399,1_7976220,1774326300,1774326300,default
1774326219,1_52306,1_102619,F Line,1_656236479,1_7976083,1774326900,1774326900,default
1774326219,1_52306,1_102719,161,1_635446409,1_7976090,1774328160,1774328160,default
1774326219,1_65092,1_100162,271,1_720966689,1_6992,1774326480,1774325699,default
1774326219,1_2200,1_100275,8,1_759809019,1_8008,1774326853,1774326323,default
1774326219,1_620,40_100236,545,40_560092309,40_9666,1774326480,1774326449,default
1774326219,1_620,40_100239,550,40_597762559,40_9658,1774326840,1774326917,default
1774326219,1_10912,1_100214,372,1_694307109,1_6973,1774326261,1774326399,default
1774326219,1_10912,40_100511,542,40_569577989,40_7976604,1774327500,1774327500,default
1774326219,1_10912,1_100162,271,1_569495709,1_7976354,1774327920,1774327920,default
1774326219,1_10640,1_100252,62,1_736431389,1_7974596,1774327980,1774327980,default
1774326219,1_76310,40_100232,522,40_635897069,40_7976746,1774326087,1774326432,default
1774326519,1_26560,1_102574,40,1_761403819,1_8132,1774326062,1774326620,default
1774326519,1_2850,1_100089,2,1_548774949,1_7156,1774327140,1774324853,default
1774326519,1_2850,1_100089,2,1_662785319,1_7192,1774327920,1774326044,default
1774326519,1_46505,1_102619,F Line,1_656237299,1_7976229,1774327440,1774327440,default
1774326519,1_29423,1_102732,79,1_561369649,1_7975558,1774326600,1774326600,default
1774326519,1_27420,23_102638,First Hill Streetcar,23_55295826,23_403,1774326360,1774326675,default
1774326519,1_1510,1_100263,7,1_694070529,1_4521,1774325934,1774326594,default
1774326519,1_75390,1_102746,333,1_778704359,1_7215,1774326519,1774326588,default
1774326519,1_52306,1_102619,F Line,1_656236479,1_7976083,1774326900,1774326900,default
1774326519,1_52306,1_102719,161,1_635446409,1_7976090,1774328160,1774328160,default
1774326519,1_99254,1_100045,150,1_694514519,1_8190,1774326700,1774326550,default
1774326519,1_82187,1_100259,67,1_724949839,1_8129,1774326651,1774326607,default
1774326519,1_2200,1_102581,D Line,1_761139069,1_6111,1774326865,1774326712,default
1774326519,1_59282,1_100072,181,1_721481589,1_7188,1774327260,1774326177,default
1774326519,1_620,40_100239,550,40_597762559,40_9658,1774326840,1774326666,default
1774326519,1_10912,1_100224,44,1_664046729,1_4515,1774326397,1774326715,default
1774326519,1_10912,40_100511,542,40_569577989,40_7976604,1774327500,1774327500,default
1774326519,1_10912,1_100162,271,1_569495709,1_7976354,1774327920,1774327920,default
1774326519,1_10640,1_100252,62,1_736431389,1_8058,1774327980,1774326393,default
1774326519,1_10640,1_100252,62,1_736431389,1_7974596,1774327980,1774326393,default
1774326819,1_17651,1_102747,61,1_724960029,1_3750,1774326936,1774326845,default
1774326819,1_2850,1_100089,2,1_548774949,1_7156,1774327140,1774324853,default
1774326819,1_2850,1_100089,2,1_662785319,1_7192,1774327920,1774326044,default
1774326819,1_46505,1_102619,F Line,1_656237299,1_7976229,1774327440,1774327440,default
1774326819,1_68130,1_102548,B Line,1_721019229,1_6029,1774326769,1774326877,default
1774326819,1_52306,1_102619,F Line,1_656236479,1_7976083,1774326900,1774326900,default
1774326819,1_52306,1_102619,F Line,1_656237639,1_7975998,1774327800,1774327800,default
1774326819,1_52306,1_102719,161,1_635446409,1_7976090,1774328160,1774328160,default
1774326819,1_59282,1_100072,181,1_721481589,1_7188,1774327260,1774326177,default
1774326819,1_59282,1_102717,165,1_664465579,1_7976040,1774327680,1774327680,default
1774326819,1_59872,1_102619,F Line,1_656236329,1_6010,1774326745,1774326971,default
1774326819,1_10912,40_100511,542,40_569577989,40_7976604,1774327500,1774327500,default
1774326819,1_10912,1_100162,271,1_569495709,1_7976354,1774327920,1774327920,default
1774327119,1_26560,1_102574,40,1_761403479,1_8111,1774326902,1774327178,default
1774327119,1_575,1_100264,70,1_724578069,1_8214,1774326900,1774327184,default
1774327119,1_2850,1_100089,2,1_662785319,1_7192,1774327920,1774326044,default
1774327119,1_2850,1_100089,2,1_491948619,1_7975119,1774329000,1774329000,default
1774327119,1_46505,1_102619,F Line,1_656237299,1_7976229,1774327440,1774327440,default
1774327119,1_46505,1_102619,F Line,1_656237719,1_7976085,1774328340,1774328340,default
1774327119,1_1190,40_100239,550,40_597762559,40_9658,1774327249,1774327137,default
1774327119,1_27420,23_102638,First Hill Streetcar,23_55295739,23_402,1774327260,1774327223,default
1774327119,1_52306,1_102619,F Line,1_656237639,1_7975998,1774327800,1774327800,default
1774327119,1_52306,1_102719,161,1_635446409,1_7976090,1774328160,1774328160,default
1774327119,1_22184,1_100024,125,1_770790259,1_7059,1774327475,1774327203,default
1774327119,1_59282,1_100072,181,1_721481589,1_7188,1774327260,1774326177,default
1774327119,1_59282,1_102717,165,1_664465579,1_7353,1774327680,1774326882,default
1774327119,1_23905,1_100214,372,1_694306399,1_6980,1774327259,1774327271,default
1774327119,1_10912,1_100447,49,1_650118739,1_7975092,1774327260,1774327286,default
1774327119,1_10912,40_100511,542,40_569577989,40_7976604,1774327500,1774327500,default
1774327119,1_10912,1_100162,271,1_569495709,1_7976354,1774327920,1774327920,default
1774327119,1_8403,1_100039,14,1_562520529,1_4405,1774327200,1774327201,default
1774327419,1_60161,1_100042,148,1_762078079,1_3711,1774328880,1774326952,default
1774327419,1_6800,1_100229,5,1_571899679,1_8247,1774327457,1774327365,default
1774327419,1_320,40_100240,554,40_560096179,40_9578,1774327320,1774327474,default
1774327419,1_320,40_594,594,40_2727020,40_9215,1774328040,1774327600,default
1774327419,1_575,1_100219,4,1_675344949,1_4301,1774327500,1774327485,default
1774327419,1_2850,1_100089,2,1_662785319,1_7192,1774327920,1774326044,default
1774327419,1_2850,1_100089,2,1_491948619,1_7104,1774329000,1774327289,default
1774327419,1_2850,1_100089,2,1_491948619,1_7975119,1774329000,1774329000,default
1774327419,1_46505,1_102619,F Line,1_656237719,1_7976085,1774328340,1774328340,default
1774327419,1_47660,1_102736,H Line,1_694056539,1_6067,1774327743,1774327455,default
1774327419,1_52306,1_102619,F Line,1_656237639,1_7975998,1774327800,1774327800,default
1774327419,1_52306,1_102719,161,1_635446409,1_7976090,1774328160,1774328160,default
1774327419,1_52306,1_102619,F Line,1_656236499,1_7976035,1774328700,1774328700,default
1774327419,1_71970,1_102704,250,1_720962839,1_7459,1774327182,1774327542,default
1774327419,1_39983,1_102736,H Line,1_694056369,1_6078,1774327560,1774327338,default
1774327419,1_59282,1_102717,165,1_664465579,1_7353,1774327680,1774326882,default
1774327419,1_2260,1_100275,8,1_759809019,1_8008,1774327307,1774327583,default
1774327419,1_10912,1_100224,44,1_664048789,1_4543,1774327537,1774327608,default
1774327419,1_10912,1_100162,271,1_569495709,1_7976354,1774327920,1774327920,default
1774327419,1_10912,40_100511,542,40_569578009,40_7976685,1774329300,1774329300,default
1774327419,1_10912,1_100162,271,1_569496389,1_7976349,1774329720,1774329720,default
1774327419,1_71960,40_100511,542,40_721031109,40_7976608,1774328340,1774328340,default
1774327719,1_60161,1_100042,148,1_762078079,1_3711,1774328880,1774326952,default
1774327719,1_12770,1_100228,48,1_721360869,1_8029,1774327611,1774327750,default
1774327719,1_9750,1_100269,75,1_537943569,1_8102,1774327472,1774327756,default
1774327719,1_320,40_100239,550,40_597762929,40_9690,1774327740,1774327774,default
1774327719,1_68784,1_100136,245,1_765953369,1_7320,1774327899,1774327732,default
1774327719,1_575,1_100001,1,1_562520559,1_4355,1774327500,1774327803,default
1774327719,1_2850,1_100089,2,1_662785319,1_7192,1774327920,1774326044,default
1774327719,1_2850,1_100089,2,1_491948619,1_7104,1774329000,1774327289,default
1774327719,1_46505,1_102619,F Line,1_656237719,1_7976085,1774328340,1774328340,default
1774327719,1_40060,1_102574,40,1_778707759,1_8295,1774327988,1774327790,default
1774327719,1_11200,1_100447,49,1_650118069,1_7095,1774327440,1774327794,default
1774327719,1_73366,1_102548,B Line,1_721019229,1_6029,1774327740,1774327784,default
1774327719,1_52306,1_102619,F Line,1_656237639,1_7975998,1774327800,1774327800,default
1774327719,1_52306,1_102719,161,1_635446409,1_7976090,1774328160,1774328160,default
1774327719,1_52306,1_102619,F Line,1_656236499,1_7976035,1774328700,1774328700,default
1774327719,1_52306,1_102719,161,1_635446419,1_7976094,1774329960,1774329960,default
1774327719,1_21080,1_100249,60,1_689961809,1_7008,1774327440,1774327847,default
1774327719,1_14280,1_102581,D Line,1_692576249,1_6117,1774327718,1774327872,default
1774327719,1_31890,1_100230,50,1_635468049,1_3712,1774327872,1774327859,default
1774327719,1_10912,1_100162,271,1_569495709,1_7976354,1774327920,1774327920,default
1774327719,1_10912,40_100511,542,40_569578009,40_7976685,1774329300,1774329300,default
1774327719,1_10912,1_100162,271,1_569496389,1_7976349,1774329720,1774329720,default
1774327719,1_71960,40_100511,542,40_721031109,40_7976608,1774328340,1774328340,default
1774327719,1_10640,1_100252,62,1_736431389,1_8058,1774327980,1774327980,default
1774328019,1_12170,1_100039,14,1_562520529,1_4405,1774327695,1774328134,default
1774328019,1_60161,1_100042,148,1_762078079,1_3711,1774328880,1774326952,default
1774328019,1_2850,1_100089,2,1_491948619,1_7104,1774329000,1774327289,default
1774328019,1_46505,1_102619,F Line,1_656237719,1_7976085,1774328340,1774328340,default
1774328019,1_46505,1_102619,F Line,1_656237489,1_7975999,1774330140,1774330140,default
1774328019,1_1510,1_100210,36,1_630543449,1_4319,1774327974,1774328079,default
1774328019,1_73366,1_102752,223,1_766488449,1_7389,1774327990,1774328086,default
1774328019,1_52306,1_102719,161,1_635446409,1_7976090,1774328160,1774328160,default
1774328019,1_52306,1_102619,F Line,1_656236499,1_7976035,1774328700,1774328700,default
1774328019,1_52306,1_102719,161,1_635446419,1_7976094,1774329960,1774329960,default
1774328019,1_620,40_100236,545,40_560092319,40_9583,1774328280,1774328261,default
1774328019,1_10912,40_100511,542,40_569578009,40_7976685,1774329300,1774329300,default
1774328019,1_10912,1_100162,271,1_569496389,1_7976349,1774329720,1774329720,default
1774328019,1_71960,40_100511,542,40_721031109,40_7976608,1774328340,1774328340,default
1774328019,1_10640,1_100252,62,1_736431399,1_7974603,1774329780,1774329780,default
1774328019,1_76310,1_102705,230,1_633062179,1_7305,1774327807,1774328230,default
1774328319,1_60161,1_100042,148,1_762078079,1_3711,1774328880,1774326952,default
1774328319,1_575,1_100173,3,1_675344439,1_4322,1774328400,1774328290,default
1774328319,1_2850,1_100089,2,1_491948619,1_7104,1774329000,1774327289,default
1774328319,1_2850,1_100089,2,1_491929149,1_7085,1774329900,1774328059,default
1774328319,1_46505,1_102619,F Line,1_656237489,1_7975999,1774330140,1774330140,default
1774328319,1_27420,1_100249,60,1_689961949,1_7098,1774328496,1774328442,default
1774328319,1_52306,1_102619,F Line,1_656236499,1_7976035,1774328700,1774328700,default
1774328319,1_52306,1_102719,161,1_635446419,1_7976094,1774329960,1774329960,default
1774328319,1_72050,1_100136,245,1_765953369,1_7320,1774328451,1774328385,default
1774328319,1_57804,1_100072,181,1_762073779,1_7191,1774328659,1774328551,default
1774328319,1_39983,1_102736,H Line,1_694056279,1_6080,1774328460,1774328444,default
1774328319,1_59872,1_102619,F Line,1_656236479,1_6232,1774328545,1774328502,default
1774328319,1_14280,1_102581,D Line,1_585677969,1_6081,1774328618,1774328437,default
1774328319,1_620,40_100239,550,40_597763079,40_9653,1774328580,1774328729,default
1774328319,1_10912,40_100511,542,40_569578009,40_7976685,1774329300,1774329300,default
1774328319,1_10912,1_100162,271,1_569496389,1_7976349,1774329720,1774329720,default
1774328319,1_71960,1_102752,223,1_766488449,1_7389,1774328520,1774328505,default
1774328319,1_10640,1_100252,62,1_736431399,1_7041,1774329780,1774328365,default
1774328319,1_10640,1_100252,62,1_736431399,1_7974603,1774329780,1774329780,default
1774328319,1_18220,1_100028,13,1_548773999,1_7169,1774328779,1774328467,default
1774328619,1_60161,1_100042,148,1_762078079,1_3711,1774328880,1774326952,default
1774328619,1_2850,1_100089,2,1_491948619,1_7104,1774329000,1774327289,default
1774328619,1_2850,1_100089,2,1_491929149,1_7085,1774329900,1774328059,default
1774328619,1_46505,1_102619,F Line,1_656237489,1_7975999,1774330140,1774330140,default
1774328619,1_52306,1_102619,F Line,1_656236499,1_7976035,1774328700,1774328700,default
1774328619,1_52306,1_102719,161,1_635446419,1_7976094,1774329960,1774329960,default
1774328619,1_71970,1_102752,223,1_825197379,1_7976412,1774328628,1774328753,default
1774328619,1_10912,40_100511,542,40_569578009,40_7976685,1774329300,1774329300,default
1774328619,1_10912,1_100162,271,1_569496389,1_7976349,1774329720,1774329720,default
1774328919,1_46505,1_102619,F Line,1_656237489,1_7975999,1774330140,1774330140,default
1774328919,1_1190,1_100009,11,1_736449449,1_7974708,1774328643,1774328971,default
1774328919,3_31002,40_560,560,40_2629020,40_41516,1774329044,1774329106,default
1774328919,1_52306,1_102719,161,1_635446419,1_7976094,1774329960,1774329960,default
1774328919,1_10912,40_100511,542,40_569578009,40_7976685,1774329300,1774329300,default
1774328919,1_10912,1_100162,271,1_569496389,1_7976349,1774329720,1774329720,default
1774329219,1_970,40_594,594,40_356020,40_9304,1774329604,1774329315,default
1774329219,1_575,1_100024,125,1_770803199,1_7974702,1774329120,1774329255,default
1774329219,1_575,1_100001,1,1_562520619,1_7974988,1774329180,1774329261,default
1774329219,1_46505,1_102619,F Line,1_656237489,1_7975999,1774330140,1774330140,default
1774329219,1_52306,40_560,560,40_2629020,40_41516,1774329600,1774329510,default
1774329219,1_52306,1_102719,161,1_635446419,1_7976094,1774329960,1774329960,default
1774329219,1_10912,1_100162,271,1_569496389,1_7976349,1774329720,1774329720,default
1774329219,1_81982,1_100196,331,1_778705929,1_7975667,1774329399,1774329399,default
1774329519,1_103,1_102745,G Line,1_736436989,1_7974688,1774329555,1774329583,default
1774329519,1_85800,1_100196,331,1_778705929,1_7975667,1774329654,1774329654,default
1774329519,1_320,40_594,594,40_356020,40_9304,1774329840,1774329551,default
1774329519,1_575,1_100264,70,1_724577829,1_7975072,1774329600,1774329600,default
1774329519,1_2850,1_100089,2,1_491929159,1_7975118,1774330800,1774330800,default
1774329519,1_35334,1_102747,61,1_724960049,1_7975588,1774329455,1774329559,default
1774329519,1_46505,1_102619,F Line,1_656237489,1_7975999,1774330140,1774330140,default
1774329519,1_52306,1_102719,161,1_635446419,1_7976094,1774329960,1774329960,default
1774329519,1_52306,1_102619,F Line,1_721497109,1_7976016,1774330500,1774330500,default
1774329519,1_52306,1_102719,161,1_635446429,1_7976091,1774331880,1774331880,default
1774329519,1_10912,1_100162,271,1_569496389,1_7976349,1774329720,1774329720,default
1774329519,1_8403,1_100039,14,1_562520629,1_7974989,1774329720,1774329720,default
1774329819,1_2850,1_100089,2,1_491929159,1_7975118,1774330800,1774329550,default
1774329819,1_46505,1_102619,F Line,1_656237489,1_7975999,1774330140,1774330140,default
1774329819,1_52306,1_102719,161,1_635446419,1_7976094,1774329960,1774329960,default
1774329819,1_52306,1_102619,F Line,1_721497109,1_7976016,1774330500,1774330500,default
1774329819,1_52306,1_102719,161,1_635446429,1_7976091,1774331880,1774331880,default
1774329819,1_73368,1_102752,223,1_766488459,1_7976413,1774329894,1774329955,default
1774329819,1_59282,1_100072,181,1_721482049,1_7976104,1774330920,1774329856,default
1774329819,1_50787,1_100074,183,1_770994239,1_7976217,1774330020,1774330027,default
1774329819,1_620,40_100236,545,40_560092389,40_7976571,1774330080,1774330080,default
1774329819,1_10640,1_100252,62,1_736431409,1_7974597,1774331580,1774329851,default
1774330119,1_8541,1_100039,14,1_562520939,1_7974993,1774329900,1774330163,default
1774330119,1_2850,1_100089,2,1_491929159,1_7975118,1774330800,1774329550,default
1774330119,1_75390,1_102746,333,1_778704379,1_7975728,1774330182,1774330183,default
1774330119,1_52306,1_102619,F Line,1_721497109,1_7976016,1774330500,1774330500,default
1774330119,1_52306,1_102719,161,1_635446429,1_7976091,1774331880,1774331880,default
1774330119,1_73960,1_102753,222,1_774817699,1_7976419,1774330230,1774330252,default
1774330119,1_59282,1_100072,181,1_721482049,1_7976104,1774330920,1774329856,default
1774330119,1_59872,1_102619,F Line,1_656236499,1_7976035,1774330319,1774330329,default
1774330119,1_10210,1_100264,70,1_724577399,1_7975067,1774330264,1774330287,default
1774330119,1_10912,40_100511,542,40_569578639,40_7976608,1774331100,1774331100,default
1774330119,1_10640,1_100252,62,1_736431409,1_7974597,1774331580,1774329851,default
1774330419,1_103,1_102745,G Line,1_736436609,1_7974692,1774330455,1774330458,default
1774330419,1_481,1_102576,C Line,1_774680159,1_7974651,1774330440,1774330453,default
1774330419,1_970,1_100045,150,1_762102719,1_7976155,1774330452,1774330467,default
1774330419,1_575,1_100264,70,1_724577729,1_7975068,1774330500,1774330500,default
1774330419,1_2850,1_100089,2,1_491929159,1_7975118,1774330800,1774329550,default
1774330419,1_77460,1_102746,333,1_778704469,1_7975727,1774330504,1774330505,default
1774330419,1_52306,1_102619,F Line,1_721497109,1_7976016,1774330500,1774330500,default
1774330419,1_52306,1_102719,161,1_635446429,1_7976091,1774331880,1774331880,default
1774330419,1_80121,1_102719,161,1_694518439,1_7976220,1774330534,1774330551,default
1774330419,1_11060,1_100249,60,1_649509509,1_7975050,1774330553,1774330577,default
1774330419,1_2200,1_100028,13,1_692106429,1_7975122,1774330526,1774330540,default
1774330419,1_59282,1_100072,181,1_721482049,1_7976104,1774330920,1774329856,default
1774330419,1_59282,1_102717,165,1_664465589,1_7976042,1774331340,1774331340,default
1774330419,1_60428,1_100045,150,1_693748899,1_7976152,1774330563,1774330583,default
1774330419,1_60710,1_100512,A Line,1_721483029,1_7976050,1774330595,1774330598,default
1774330419,1_14280,1_102581,D Line,1_585678019,1_7974921,1774330598,1774330606,default
1774330419,1_10912,40_100511,542,40_569578639,40_7976608,1774331100,1774331100,default
1774330419,1_10640,1_100252,62,1_736431409,1_7974597,1774331580,1774329851,default
1774330419,1_52081,1_102736,H Line,1_694055919,1_7974896,1774330581,1774330594,default
1774330719,1_51651,1_102736,H Line,1_694056439,1_7974898,1774330728,1774330752,default
1774330719,1_2850,1_100089,2,1_491929159,1_7975118,1774330800,1774329550,default
1774330719,1_46505,1_102619,F Line,1_656237649,1_7975998,1774331940,1774331940,default
1774330719,1_52306,1_102719,161,1_635446429,1_7976091,1774331880,1774331880,default
1774330719,1_16400,1_100252,62,1_721368619,1_7974595,1774330715,1774330805,default
1774330719,1_59282,1_100072,181,1_721482049,1_7976104,1774330920,1774329856,default
1774330719,1_59282,1_102717,165,1_664465589,1_7976042,1774331340,1774331340,default
1774330719,1_10912,40_100511,542,40_569578639,40_7976608,1774331100,1774331100,default
1774330719,1_10640,1_100252,62,1_736431409,1_7974597,1774331580,1774329851,default
1774330719,1_8403,1_100039,14,1_562520939,1_7974993,1774330620,1774330885,default
1774331020,1_12170,1_100039,14,1_562520939,1_7974993,1774330815,1774331102,default
1774331020,1_9750,1_100269,75,1_537943589,1_7975579,1774331038,1774331047,default
1774331020,1_73562,1_102753,222,1_774817699,1_7976419,1774331063,1774331068,default
1774331020,1_46505,1_102619,F Line,1_656237649,1_7975998,1774331940,1774331940,default
1774331020,1_84810,1_102752,223,1_825197389,1_7976411,1774331116,1774331137,default
1774331020,1_52306,1_102719,161,1_635446429,1_7976091,1774331880,1774331880,default
1774331020,1_52306,1_102619,F Line,1_721497269,1_7976085,1774332300,1774332300,default
1774331020,1_54201,1_102619,F Line,1_721497109,1_7976016,1774331179,1774331179,default
1774331020,1_22184,1_100024,125,1_770803199,1_7974702,1774331015,1774331160,default
1774331020,1_59282,1_102717,165,1_664465589,1_7976042,1774331340,1774330818,default
1774331020,1_10640,1_100252,62,1_736431409,1_7974597,1774331580,1774329851,default
1774331320,1_320,40_594,594,40_1461020,40_9739,1774331640,1774331412,default
1774331320,1_575,1_100210,36,1_630542869,1_7974908,1774331160,1774331421,default
1774331320,1_46505,1_102619,F Line,1_656237649,1_7975998,1774331940,1774331940,default
1774331320,1_280,40_100240,554,40_560099089,40_7976694,1774331305,1774331373,default
1774331320,1_27420,23_102638,First Hill Streetcar,23_55295827,23_403,1774329960,1774331462,default
1774331320,1_52306,1_102719,161,1_635446429,1_7976091,1774331880,1774331880,default
1774331320,1_52306,1_102619,F Line,1_721497269,1_7976085,1774332300,1774332300,default
1774331320,1_52306,1_102719,161,1_635446439,1_7454,1774333680,1774333603,default
1774331320,1_52306,1_102719,161,1_635446439,1_7976220,1774333680,1774333680,default
1774331320,1_70665,1_102704,250,1_720962859,1_7371,1774331350,1774331427,default
1774331320,1_2200,1_102581,D Line,1_769850419,1_6081,1774331472,1774331459,default
1774331320,1_10640,1_100252,62,1_736431409,1_7974597,1774331580,1774329851,default
1774331320,1_10640,1_100252,62,1_736431409,1_8083,1774331580,1774329851,default
1774331620,1_481,1_102576,C Line,1_774680319,1_6254,1774331640,1774331613,default
1774331620,1_320,40_100239,550,40_597763439,40_9653,1774331520,1774331699,default
1774331620,1_2850,1_100089,2,1_491929169,1_7975113,1774332600,1774332600,default
1774331620,1_46505,1_102619,F Line,1_656237649,1_7975998,1774331940,1774331940,default
1774331620,1_52306,1_102719,161,1_635446429,1_7976091,1774331880,1774331880,default
1774331620,1_52306,1_102619,F Line,1_721497269,1_7976085,1774332300,1774332300,default
1774331620,1_52306,1_102719,161,1_635446439,1_7976220,1774333680,1774333680,default
1774331620,1_30800,1_100230,50,1_785559519,1_3712,1774331859,1774331664,default
1774331620,1_620,1_100003,101,1_693750189,1_8110,1774331580,1774331784,default
1774331620,1_620,40_100236,545,40_559501089,40_9656,1774331880,1774331853,default
1774331620,1_10640,1_100252,62,1_736431419,1_8028,1774333380,1774331666,default
1774331620,1_10640,1_100252,62,1_736431419,1_7974595,1774333380,1774333380,default
1774331920,1_575,1_100173,3,1_675344349,1_4314,1774332000,1774331982,default
1774331920,1_2850,1_100089,2,1_491929169,1_7097,1774332600,1774331781,default
1774331920,1_2850,1_100089,2,1_491929169,1_7975113,1774332600,1774332600,default
1774331920,1_46505,1_102619,F Line,1_656237649,1_7975998,1774331940,1774331988,default
1774331920,1_47660,1_102736,H Line,1_694056619,1_6116,1774332183,1774331903,default
1774331920,1_73953,1_102702,239,1_609009879,1_3719,1774332040,1774331985,default
1774331920,1_52306,1_102619,F Line,1_721497269,1_7976085,1774332300,1774332300,default
1774331920,1_52306,1_102719,161,1_635446439,1_7976220,1774333680,1774333680,default
1774331920,1_57804,1_100072,181,1_721481599,1_7188,1774332499,1774332431,default
1774331920,1_620,40_100239,550,40_597762949,40_9690,1774332240,1774332175,default
1774331920,1_10640,1_100252,62,1_736431419,1_8028,1774333380,1774331666,default
1774331920,1_25210,1_100259,67,1_724949129,1_8107,1774332127,1774332049,default
1774332220,1_2850,1_100089,2,1_491929169,1_7097,1774332600,1774331781,default
1774332220,1_27420,1_100249,60,1_689961959,1_7157,1774332036,1774332292,default
1774332220,1_52306,1_102619,F Line,1_721497269,1_6014,1774332300,1774332049,default
1774332220,1_52306,1_102619,F Line,1_721497269,1_7976085,1774332300,1774332300,default
1774332220,1_52306,1_102719,161,1_635446439,1_7976220,1774333680,1774333680,default
1774332220,1_99254,40_594,594,40_1266020,40_9715,1774332616,1774332423,default
1774332220,1_45670,1_100210,36,1_625370359,1_7974909,1774332356,1774332321,default
1774332220,1_57804,1_100072,181,1_721481599,1_7188,1774332499,1774332323,default
1774332220,1_2260,1_100275,8,1_759809049,1_8040,1774332107,1774332376,default
1774332220,1_10912,1_100447,49,1_650118779,1_7975090,1774332060,1774332380,default
1774332220,1_71960,1_102752,223,1_766488469,1_7326,1774332120,1774332391,default
1774332220,1_10640,1_100252,62,1_736431419,1_8028,1774333380,1774331666,default
1774332520,1_970,1_100045,150,1_762102889,1_8173,1774332192,1774332534,default
1774332520,1_575,1_100024,125,1_689965519,1_7055,1774332720,1774332535,default
1774332520,1_2850,1_100089,2,1_491929169,1_7097,1774332600,1774331781,default
1774332520,1_1190,40_100239,550,40_597762949,40_9690,1774332649,1774332529,default
1774332520,1_52306,1_102719,161,1_635446439,1_7976220,1774333680,1774333680,default
1774332520,1_80121,1_102719,161,1_635446069,1_7467,1774332623,1774332642,default
1774332520,1_40030,1_102574,40,1_761403849,1_8252,1774332200,1774332644,default
1774332520,1_10640,1_100252,62,1_736431419,1_8028,1774333380,1774331666,default
1774332820,1_12170,1_100039,14,1_562520649,1_4355,1774332495,1774332925,default
1774332820,1_481,1_102576,C Line,1_774681189,1_6261,1774332780,1774332835,default
1774332820,1_77510,1_100205,348,1_771627149,1_3748,1774332839,1774332789,default
1774332820,3_31002,40_560,560,40_1863020,40_9201,1774333124,1774333127,default
1774332820,1_52306,1_102719,161,1_635446439,1_7976220,1774333680,1774333680,default
1774332820,1_52306,1_102619,F Line,1_694521949,1_7975999,1774334100,1774334100,default
1774332820,1_2200,1_102581,D Line,1_761138799,1_6069,1774332672,1774332997,default
1774332820,1_14280,1_102581,D Line,1_628190399,1_6055,1774332998,1774332948,default
1774332820,1_10210,1_100264,70,1_724577109,1_8237,1774332844,1774332978,default
1774332820,1_10640,1_100252,62,1_736431419,1_8028,1774333380,1774331666,default
1774332820,1_25210,1_100259,67,1_724949119,1_8269,1774332996,1774332931,default
1774333120,1_320,40_594,594,40_1143020,40_61403,1774333440,1774333171,default
1774333120,1_46505,1_102619,F Line,1_694522029,1_7976016,1774333860,1774333860,default
1774333120,1_52306,1_102719,161,1_635446439,1_7976220,1774333680,1774333680,default
1774333120,1_52306,1_102619,F Line,1_694521949,1_7975999,1774334100,1774334100,default
1774333120,1_54201,1_102619,F Line,1_721497269,1_6014,1774332969,1774333250,default
1774333120,1_22184,1_102736,H Line,1_694056039,1_6059,1774332912,1774333245,default
1774333120,1_10640,1_100252,62,1_736431419,1_8028,1774333380,1774331666,default
1774333420,1_320,40_100239,550,40_597763329,40_9632,1774333440,1774333460,default
1774333420,1_64569,1_100162,271,1_569496389,1_7383,1774333574,1774333361,default
1774333420,1_2850,1_100089,2,1_491929179,1_7975114,1774334400,1774334400,default
1774333420,1_46505,1_102619,F Line,1_694522029,1_7976016,1774333860,1774333908,default
1774333420,1_13810,1_100193,32,1_651767589,1_7026,1774333485,1774333435,default
1774333420,1_27420,1_100249,60,1_649509419,1_7090,1774333116,1774333485,default
1774333420,1_52306,40_560,560,40_1863020,40_9201,1774333680,1774333506,default
1774333420,1_52306,1_102719,161,1_635446439,1_7976220,1774333680,1774333680,default
1774333420,1_52306,1_102619,F Line,1_694521949,1_7975999,1774334100,1774334100,default
1774333420,1_52306,1_102719,161,1_635446449,1_7976088,1774335600,1774335600,default
1774333420,1_71960,1_102752,223,1_766488479,1_7425,1774333680,1774333583,default
1774333420,1_10640,1_100252,62,1_736431429,1_8066,1774335180,1774333406,default
1774333720,1_103,1_102745,G Line,1_736436639,1_6400,1774333155,1774333748,default
1774333720,1_2850,1_100089,2,1_491929179,1_7975114,1774334400,1774334400,default
1774333720,1_46505,1_102619,F Line,1_694522029,1_7976016,1774333860,1774333860,default
1774333720,1_47660,1_102736,H Line,1_694055769,1_6063,1774333983,1774333748,default
1774333720,1_52306,1_102619,F Line,1_694521949,1_7975999,1774334100,1774334100,default
1774333720,1_52306,1_102719,161,1_635446449,1_7976088,1774335600,1774335600,default
1774333720,1_8530,1_100263,7,1_694070439,1_4510,1774333821,1774333761,default
1774333720,1_65092,1_100162,271,1_569496389,1_7383,1774334100,1774333804,default
1774333720,1_49350,1_100026,128,1_694540299,1_7430,1774333317,1774333860,default
1774333720,1_2200,1_102581,D Line,1_761139089,1_6066,1774333872,1774333872,default
1774333720,1_10640,1_100252,62,1_736431429,1_8066,1774335180,1774333406,default
1774334020,1_2850,1_100089,2,1_491929179,1_7156,1774334400,1774333710,default
1774334020,1_5489,1_100196,331,1_778705939,1_7217,1774334157,1774334081,default
1774334020,1_52306,1_102619,F Line,1_694521949,1_6010,1774334100,1774333914,default
1774334020,1_52306,1_102619,F Line,1_694521949,1_7975999,1774334100,1774334100,default
1774334020,1_52306,1_102719,161,1_635446449,1_7976088,1774335600,1774335600,default
1774334020,1_8530,1_100039,14,1_562520949,1_7974993,1774334001,1774334145,default
1774334020,1_11060,1_100249,60,1_689961969,1_7157,1774334153,1774334131,default
1774334020,1_80124,1_102719,161,1_694518409,1_7393,1774334246,1774334094,default
1774334020,1_57791,1_102718,184,1_664480649,1_7439,1774334197,1774334028,default
1774334020,1_620,40_100240,554,40_774874159,40_9578,1774334220,1774334111,default
1774334020,1_620,40_100239,550,40_597763449,40_9658,1774334640,1774334725,default
1774334020,1_10640,1_100252,62,1_736431429,1_8066,1774335180,1774333406,default
1774334320,1_2850,1_100089,2,1_491929179,1_7156,1774334400,1774333710,default
1774334320,1_52306,1_102719,161,1_635446449,1_7976088,1774335600,1774335600,default
1774334320,1_81749,40_100240,554,40_560099089,40_9663,1774334142,1774334470,default
1774334320,1_35440,1_100269,75,1_537943609,1_8155,1774334483,1774334408,default
1774334320,1_620,40_100239,550,40_597763449,40_9658,1774334640,1774334586,default
1774334320,1_10640,1_100252,62,1_736431429,1_8066,1774335180,1774333406,default
1774334620,1_320,40_594,594,40_3260020,40_9715,1774335240,1774334790,default
1774334620,1_575,1_100219,4,1_675344909,1_7974869,1774334700,1774334700,default
1774334620,1_2850,1_100089,2,1_772359949,1_7104,1774334760,1774334585,default
1774334620,1_52306,1_102719,161,1_635446449,1_7976088,1774335600,1774335600,default
1774334620,1_52306,1_102619,F Line,1_694522109,1_7975998,1774335900,1774335900,default
1774334620,1_22184,1_102736,H Line,1_694057829,1_6116,1774334712,1774334746,default
1774334620,1_10912,1_100224,44,1_664046629,1_4528,1774334497,1774334795,default
1774334620,1_10640,1_100252,62,1_736431429,1_8066,1774335180,1774333406,default
1774334920,1_52638,40_574,574,40_2253020,40_9717,1774335230,1774334927,default
1774334920,1_30510,1_100249,60,1_649509459,1_7115,1774334652,1774334947,default
1774334920,1_575,1_100028,13,1_692106569,1_7192,1774334820,1774334959,default
1774334920,1_2850,1_100089,2,1_491929189,1_7104,1774335660,1774334590,default
1774334920,1_46505,1_102619,F Line,1_694522189,1_7976085,1774335660,1774335660,default
1774334920,1_52306,1_102719,161,1_635446449,1_7976088,1774335600,1774335600,default
1774334920,1_52306,1_102619,F Line,1_694522109,1_7975998,1774335900,1774335900,default
1774334920,1_48390,1_100030,131,1_721370249,1_8012,1774335025,1774334976,default
1774334920,1_620,1_100003,101,1_693750199,1_8178,1774335180,1774335014,default
1774334920,1_10640,1_100252,62,1_736431429,1_8066,1774335180,1774333406,default
1774335220,1_481,1_102736,H Line,1_713099429,1_6080,1774335300,1774335227,default
1774335220,1_51551,1_102736,H Line,1_713099969,1_6067,1774335337,1774335241,default
1774335220,1_2850,1_100089,2,1_491929189,1_7104,1774335660,1774334590,default
1774335220,1_46505,1_102619,F Line,1_694522189,1_7976085,1774335660,1774335660,default
1774335220,1_52306,1_102719,161,1_635446449,1_7976088,1774335600,1774335600,default
1774335220,1_52306,1_102619,F Line,1_694522109,1_7975998,1774335900,1774335900,default
1774335220,1_2200,1_102581,D Line,1_769850639,1_6055,1774336152,1774336099,default
1774335220,1_620,40_100239,550,40_651524639,40_9653,1774336260,1774336589,default
1774335220,1_10640,1_100252,62,1_736431439,1_8058,1774336980,1774335322,default
1774336086,1_8530,1_100263,7,1_650130549,1_4548,1774336109,1774336214,default
1774336086,1_58112,1_100045,150,1_762102489,1_8114,1774335847,1774336228,default
1774336086,1_620,40_100239,550,40_651524639,40_9653,1774336260,1774336469,default
1774336086,1_10640,1_100252,62,1_736431439,1_8058,1774336980,1774335322,default
1774336386,1_481,1_102576,C Line,1_774680219,1_6256,1774336380,1774336429,default
1774336386,1_55290,1_100006,107,1_732058909,1_3711,1774336414,1774336357,default
1774336386,1_22196,1_102736,H Line,1_713100019,1_6063,1774336573,1774336369,default
1774336386,1_575,1_102615,E Line,1_761418549,1_8214,1774336440,1774336451,default
1774336386,1_11060,1_100447,49,1_650118809,1_7095,1774336573,1774336524,default
1774336386,1_10640,1_100252,62,1_736431439,1_8058,1774336980,1774335322,default
1774336687,1_2850,1_100089,2,1_491929199,1_7975118,1774338000,1774338000,default
1774336687,1_45670,1_100210,36,1_630542069,1_7974911,1774336556,1774336798,default
1774336687,1_49350,1_100026,128,1_694540169,1_7400,1774336838,1774336827,default
1774336687,1_10640,1_100252,62,1_736431439,1_8058,1774336980,1774335322,default
1774336987,1_2850,1_100089,2,1_491929199,1_7105,1774338000,1774336906,default
1774336987,1_2850,1_100089,2,1_491929199,1_7975118,1774338000,1774338000,default
1774337287,1_2850,1_100089,2,1_491929199,1_7105,1774338000,1774336906,default
1774337287,1_2260,1_100275,8,1_759809079,1_8062,1774337366,1774337442,default
1774337287,1_10912,1_100447,49,1_650118819,1_7975093,1774337460,1774337460,default
1774337287,1_10912,1_100264,70,1_724577989,1_7975067,1774337463,1774337463,default
1774337587,1_2850,1_100089,2,1_491929199,1_7105,1774338000,1774336906,default
1774337587,1_8190,1_100263,7,1_694071349,1_4550,1774337949,1774337632,default
1774337587,1_5489,1_100196,331,1_778705949,1_7213,1774337697,1774337642,default
1774337587,1_10912,1_100264,70,1_724577989,1_8239,1774337463,1774337754,default
1774337887,1_575,1_100263,7,1_694070419,1_4544,1774338240,1774337938,default
1774337887,1_2850,1_100089,2,1_491929199,1_7105,1774338000,1774336906,default
1774337887,1_52306,1_102719,161,1_635446459,1_7976090,1774338900,1774338900,default
1774337887,1_39983,1_102736,H Line,1_732459439,1_6059,1774338000,1774338013,default
1774337887,1_620,40_100239,550,40_597763529,40_9632,1774338180,1774338154,default
1774337887,1_10912,1_100447,49,1_651546499,1_7975090,1774338060,1774338060,default
1774337887,1_8403,1_100039,14,1_562520749,1_4392,1774338420,1774337861,default
1774337887,1_8403,1_100039,14,1_562520749,1_7974992,1774338420,1774338420,default
1774338187,1_8310,1_100263,7,1_694071349,1_4550,1774338301,1774338137,default
1774338187,1_575,1_100263,7,1_694070419,1_7974952,1774338240,1774337877,default
1774338187,1_52306,1_102719,161,1_635446459,1_7976090,1774338900,1774338900,default
1774338187,1_10912,1_100447,49,1_651546499,1_7111,1774338060,1774338349,default
1774338187,1_8403,1_100039,14,1_562520749,1_4392,1774338420,1774337861,default
1774338487,1_575,1_102615,E Line,1_768604589,1_6206,1774338540,1774338553,default
1774338487,1_1190,40_100239,550,40_597763529,40_9632,1774338589,1774338536,default
1774338487,1_73366,1_102548,B Line,1_721019579,1_6029,1774338550,1774338583,default
1774338487,1_52306,1_102719,161,1_635446459,1_7976090,1774338900,1774338900,default
1774338487,1_8530,1_100005,106,1_727784629,1_7030,1774338629,1774338603,default
1774338487,1_22184,1_100249,60,1_689962079,1_7090,1774338628,1774338577,default
1774338487,1_3000,1_100089,2,1_491929199,1_7105,1774338362,1774338653,default
1774338787,1_52306,1_102719,161,1_635446459,1_7976090,1774338900,1774338900,default
1774338787,1_99254,1_100045,150,1_724421509,1_8173,1774339000,1774338978,default
1774338787,1_81749,40_100240,554,40_560096209,40_9578,1774338642,1774338919,default
1774339087,1_28370,1_102574,40,1_778706689,1_8108,1774339011,1774339094,default
1774339087,1_11060,1_100447,49,1_651546499,1_7111,1774338973,1774339208,default
1774339087,1_81684,40_100240,554,40_560096209,40_9578,1774338960,1774339292,default
1774339087,1_10912,1_100447,49,1_650118829,1_7975092,1774339260,1774339260,default
1774339087,1_10912,1_100264,70,1_724577039,1_7975077,1774339263,1774339263,default
1774339387,1_8403,1_100039,14,1_562520909,1_4365,1774339560,1774339304,default
1774339987,1_481,1_102576,C Line,1_774680149,1_6220,1774339920,1774340020,default
1774339987,1_575,1_100263,7,1_694071349,1_7974939,1774340040,1774339314,default
1774340587,1_57791,1_102718,184,1_664480909,1_7439,1774340990,1774340830,default
1774340887,1_8530,1_100263,7,1_694070399,1_4510,1774341021,1774340955,default
1774340887,1_40030,1_102574,40,1_761403759,1_8149,1774340604,1774341014,default
1774340887,1_11600,1_100002,10,1_675385329,1_4339,1774340855,1774341074,default
1774341187,1_575,1_102576,C Line,1_774680189,1_6256,1774341360,1774341275,default
1774342250,1_47660,1_102736,H Line,1_732458629,1_6063,1774342683,1774342262,default
1774342550,1_10912,1_100264,70,1_724577019,1_7975084,1774342563,1774342724,default
1774342850,1_1190,1_100447,49,1_650118189,1_7082,1774342964,1774342879,default
1774342850,1_8530,1_100263,7,1_697421759,1_4535,1774342821,1774342961,default
1774342850,1_10912,1_100223,43,1_686456059,1_4503,1774343096,1774343013,default
1774343450,1_10912,1_100264,70,1_724577959,1_7975067,1774343643,1774343643,default
1774344050,1_11060,1_100223,43,1_686456059,1_4503,1774344288,1774344101,default
1774344050,1_9605,1_100259,67,1_761390229,1_7975711,1774343760,1774344191,default
1774344350,1_12770,1_100228,48,1_721365939,1_8005,1774344458,1774344381,default
1774344350,1_22184,1_102736,H Line,1_732458619,1_6063,1774344612,1774344438,default
1774344350,1_10210,1_100264,70,1_724577959,1_8239,1774344372,1774344519,default
1774345850,1_10912,1_100264,70,1_724577009,1_7975077,1774345743,1774346045,default
1774347351,1_8541,1_100263,7,1_770868479,1_7974953,1774347420,1774347420,default
1774347351,1_2200,1_102581,D Line,1_761139119,1_7974921,1774347432,1774347546,default
1774347651,1_12770,1_100219,4,1_675347249,1_7974873,1774347668,1774347668,default
1774349733,1_80121,1_102719,161,1_635446029,1_8173,1774349532,1774349816,default
1774350033,1_45670,1_100210,36,1_625370409,1_7974911,1774350056,1774350129,default
1774350033,1_59282,1_100072,181,1_721482009,1_7976037,1774353360,1774353360,default
1774350333,1_59282,1_100072,181,1_721482009,1_7976037,1774353360,1774353360,default
1774350633,1_60453,1_102715,162,1_635447079,1_7976013,1774353120,1774353120,default
1774350633,1_59282,1_100072,181,1_721482009,1_7976037,1774353360,1774353360,default
1774350933,1_60453,1_102715,162,1_635447079,1_7976013,1774353120,1774353120,default
1774350933,1_2200,1_102581,D Line,1_761138599,1_6110,1774350972,1774351155,default
1774350933,1_59282,1_100072,181,1_721482009,1_7976037,1774353360,1774353360,default
1774351233,1_60453,1_102715,162,1_635447079,1_7976013,1774353120,1774353120,default
1774351233,1_2850,1_100089,2,1_662783179,1_7975082,1774352880,1774352880,default
1774351233,1_57453,40_102734,566,40_597750619,40_7976586,1774352640,1774352640,default
1774351233,1_59282,1_100072,181,1_721482009,1_7976037,1774353360,1774353360,default
1774351233,1_59282,1_100072,181,1_721481729,1_7976141,1774354740,1774354740,default
1774351233,1_10640,1_100252,62,1_736430679,1_7974598,1774352640,1774352640,default
1774351533,1_60453,1_102715,162,1_635447079,1_7976013,1774353120,1774353120,default
1774351533,1_60453,1_102715,162,1_635447089,1_7976026,1774354320,1774354320,default
1774351533,1_2850,1_100089,2,1_662783179,1_7975082,1774352880,1774352880,default
1774351533,1_57453,40_102734,566,40_597750619,40_7976586,1774352640,1774352640,default
1774351533,1_52306,1_102719,161,1_693753359,1_7976127,1774353120,1774353120,default
1774351533,1_59282,1_100072,181,1_721482009,1_7976037,1774353360,1774353360,default
1774351533,1_59282,1_100072,181,1_721481729,1_7976141,1774354740,1774354740,default
1774351533,1_10640,1_100252,62,1_736430679,1_7974598,1774352640,1774352640,default
1774351533,1_10640,1_100252,62,1_736430689,1_7974587,1774354440,1774354440,default
1774351833,1_60453,1_102715,162,1_635447079,1_7976013,1774353120,1774353120,default
1774351833,1_60453,1_102715,162,1_635447089,1_7976026,1774354320,1774354320,default
1774351833,1_2850,1_100089,2,1_662783179,1_7975082,1774352880,1774352880,default
1774351833,1_57453,40_102734,566,40_597750619,40_7976586,1774352640,1774352640,default
1774351833,1_52306,1_102619,F Line,1_635448319,1_7976142,1774352640,1774352640,default
1774351833,1_52306,1_102719,161,1_693753359,1_7976127,1774353120,1774353120,default
1774351833,1_59282,1_102717,165,1_664465209,1_7976038,1774353300,1774353300,default
1774351833,1_59282,1_100072,181,1_721482009,1_7976037,1774353360,1774353360,default
1774351833,1_59282,1_102717,165,1_664465219,1_7976093,1774354680,1774354680,default
1774351833,1_59282,1_100072,181,1_721481729,1_7976141,1774354740,1774354740,default
1774351833,1_10640,1_100252,62,1_736430679,1_7974598,1774352640,1774352640,default
1774351833,1_10640,1_100252,62,1_736430689,1_7974587,1774354440,1774354440,default
1774352133,1_60453,1_102715,162,1_635447079,1_8192,1774353120,1774351960,default
1774352133,1_60453,1_102715,162,1_635447079,1_7976013,1774353120,1774353120,default
1774352133,1_60453,1_102715,162,1_635447089,1_7976026,1774354320,1774354320,default
1774352133,1_575,1_100219,4,1_689911019,1_4305,1774351860,1774352207,default
1774352133,1_2850,1_100089,2,1_662783179,1_7975082,1774352880,1774352880,default
1774352133,1_57453,40_102734,566,40_597750619,40_7976586,1774352640,1774352640,default
1774352133,1_52306,1_102619,F Line,1_635448319,1_7976142,1774352640,1774352640,default
1774352133,1_52306,1_102719,161,1_693753359,1_7976127,1774353120,1774353120,default
1774352133,1_59282,1_102717,165,1_664465209,1_7976038,1774353300,1774353300,default
1774352133,1_59282,1_100072,181,1_721482009,1_7976037,1774353360,1774353360,default
1774352133,1_59282,1_102717,165,1_664465219,1_7976093,1774354680,1774354680,default
1774352133,1_59282,1_100072,181,1_721481729,1_7976141,1774354740,1774354740,default
1774352133,1_10640,1_100252,62,1_736430679,1_7974598,1774352640,1774352640,default
1774352133,1_10640,1_100252,62,1_736430689,1_7974587,1774354440,1774354440,default
1774352433,1_60453,1_102715,162,1_635447079,1_8192,1774353120,1774351960,default
1774352433,1_60453,1_102715,162,1_635447089,1_7976026,1774354320,1774354320,default
1774352433,1_2850,1_100089,2,1_662783179,1_7975082,1774352880,1774352880,default
1774352433,1_57453,40_102734,566,40_597750619,40_7976586,1774352640,1774352640,default
1774352433,3_31002,40_560,560,40_475020,40_9215,1774352744,1774352719,default
1774352433,1_52306,1_102619,F Line,1_635448319,1_7976142,1774352640,1774352640,default
1774352433,1_52306,1_102719,161,1_693753359,1_7976127,1774353120,1774353120,default
1774352433,1_59282,1_102717,165,1_664465209,1_7976038,1774353300,1774353300,default
1774352433,1_59282,1_100072,181,1_721482009,1_7976037,1774353360,1774353360,default
1774352433,1_59282,1_102717,165,1_664465219,1_7976093,1774354680,1774354680,default
1774352433,1_59282,1_100072,181,1_721481729,1_7976141,1774354740,1774354740,default
1774352433,1_10640,1_100252,62,1_736430679,1_8249,1774352640,1774352402,default
1774352433,1_10640,1_100252,62,1_736430679,1_7974598,1774352640,1774352640,default
1774352433,1_10640,1_100252,62,1_736430689,1_7974587,1774354440,1774354440,default
1774352733,1_60453,1_102715,162,1_635447079,1_8192,1774353120,1774351960,default
1774352733,1_60453,1_102715,162,1_635447089,1_7976026,1774354320,1774354320,default
1774352733,1_51651,1_102736,H Line,1_694057449,1_6061,1774352978,1774352736,default
1774352733,1_2850,1_100089,2,1_662783179,1_7975082,1774352880,1774352880,default
1774352733,1_52306,1_102719,161,1_693753359,1_7976127,1774353120,1774353120,default
1774352733,1_59282,1_102717,165,1_664465209,1_7976038,1774353300,1774353300,default
1774352733,1_59282,1_100072,181,1_721482009,1_7976037,1774353360,1774353360,default
1774352733,1_59282,1_102717,165,1_664465219,1_7976093,1774354680,1774354680,default
1774352733,1_59282,1_100072,181,1_721481729,1_7976141,1774354740,1774354740,default
1774352733,1_60710,1_100512,A Line,1_721482249,1_6284,1774352894,1774352894,default
1774352733,1_10640,1_100252,62,1_736430689,1_7974587,1774354440,1774354440,default
1774352733,1_76310,40_100232,522,40_651534779,40_9650,1774352942,1774352859,default
1774353033,1_8541,1_100263,7,1_650171939,1_4560,1774353120,1774353055,default
1774353033,1_12770,1_100219,4,1_675344999,1_7974865,1774353068,1774353068,default
1774353033,1_60453,1_102715,162,1_635447079,1_8192,1774353120,1774351960,default
1774353033,1_60453,1_102715,162,1_635447089,1_7976026,1774354320,1774354320,default
1774353033,1_60453,1_102715,162,1_664468649,1_7975993,1774355520,1774355520,default
1774353033,1_46505,1_102619,F Line,1_656236489,1_7975992,1774354980,1774354980,default
1774353033,1_57453,40_102734,566,40_597751259,40_7976588,1774355280,1774355280,default
1774353033,1_52306,1_102719,161,1_693753359,1_7190,1774353120,1774353120,default
1774353033,1_52306,1_102719,161,1_693753359,1_7976127,1774353120,1774353120,default
1774353033,1_52306,40_560,560,40_475020,40_9215,1774353300,1774353263,default
1774353033,1_59282,1_102717,165,1_664465209,1_7976038,1774353300,1774353300,default
1774353033,1_59282,1_100072,181,1_721482009,1_7976037,1774353360,1774353360,default
1774353033,1_59282,1_102717,165,1_664465219,1_7976093,1774354680,1774354680,default
1774353033,1_59282,1_100072,181,1_721481729,1_7976141,1774354740,1774354740,default
1774353033,1_59282,1_102717,165,1_635443679,1_7976073,1774355880,1774355880,default
1774353033,1_59282,1_100072,181,1_770986359,1_7976082,1774356240,1774356240,default
1774353033,1_10640,1_100252,62,1_736430689,1_7974587,1774354440,1774354440,default
1774353033,1_79234,1_100045,150,1_693748039,1_8172,1774353240,1774353230,default
1774353333,1_22196,1_102736,H Line,1_694057449,1_6061,1774353399,1774353344,default
1774353333,1_60453,1_102715,162,1_635447089,1_7976026,1774354320,1774354320,default
1774353333,1_60453,1_102715,162,1_664468649,1_7975993,1774355520,1774355520,default
1774353333,1_575,1_102576,C Line,1_774682169,1_6269,1774353420,1774353294,default
1774353333,1_46505,1_102619,F Line,1_656236489,1_7975992,1774354980,1774354980,default
1774353333,1_29423,1_102732,79,1_561368939,1_7975558,1774355100,1774355100,default
1774353333,1_27420,1_100249,60,1_689960469,1_7137,1774353396,1774353388,default
1774353333,1_57453,40_102734,566,40_597751259,40_7976588,1774355280,1774355280,default
1774353333,1_52306,1_102619,F Line,1_694520799,1_7976083,1774354800,1774354800,default
1774353333,1_59282,1_102717,165,1_664465219,1_7976093,1774354680,1774354680,default
1774353333,1_59282,1_100072,181,1_721481729,1_7976141,1774354740,1774354740,default
1774353333,1_59282,1_102717,165,1_635443679,1_7976073,1774355880,1774355880,default
1774353333,1_59282,1_100072,181,1_770986359,1_7976082,1774356240,1774356240,default
1774353333,1_10640,1_100252,62,1_736430689,1_7974587,1774354440,1774354440,default
1774356943,1_52638,40_574,574,40_1198020,40_9306,1774357543,1774357003,default
1774356943,1_60161,1_100042,148,1_762077419,1_7976051,1774358100,1774358100,default
1774356943,1_9750,1_100269,75,1_561354519,1_8193,1774357052,1774356964,default
1774356943,1_60453,1_102715,162,1_664468659,1_7976113,1774357320,1774357320,default
1774356943,1_60453,1_102715,162,1_693754389,1_7976115,1774359120,1774359120,default
1774356943,1_60453,1_102715,162,1_693754399,1_7976013,1774360500,1774360500,default
1774356943,1_2850,1_100089,2,1_491928489,1_7080,1774357620,1774356313,default
1774356943,1_46505,1_102619,F Line,1_635448979,1_7976000,1774357080,1774357080,default
1774356943,1_46505,1_102619,F Line,1_635449249,1_7976074,1774357680,1774357680,default
1774356943,1_29423,1_102732,79,1_561369259,1_7975557,1774358700,1774358700,default
1774356943,1_74980,1_100196,331,1_778705839,1_7210,1774357026,1774356967,default
1774356943,1_27420,23_102638,First Hill Streetcar,23_55295832,23_404,1774356960,1774357000,default
1774356943,1_72494,1_100160,269,1_720964079,1_7976395,1774358460,1774358460,default
1774356943,1_52306,1_102619,F Line,1_635449099,1_7976017,1774357500,1774357500,default
1774356943,1_52306,1_102719,161,1_693754099,1_7976214,1774357620,1774357620,default
1774356943,1_52306,1_102619,F Line,1_656237169,1_7976085,1774358400,1774358400,default
1774356943,1_99254,1_100487,102,1_693749569,1_8165,1774356922,1774357079,default
1774356943,1_17950,1_100062,17,1_651754479,1_7974580,1774358280,1774358280,default
1774356943,1_59282,1_102717,165,1_635443689,1_7976042,1774357200,1774357200,default
1774356943,1_59282,1_100072,181,1_721481609,1_7976015,1774357440,1774357440,default
1774356943,1_59282,1_102717,165,1_635443699,1_7976041,1774358340,1774358340,default
1774356943,1_59282,1_102717,165,1_664465259,1_7976039,1774359540,1774359540,default
1774356943,1_60983,1_100023,124,1_690491569,1_8081,1774356852,1774357104,default
1774356943,1_57791,1_102718,184,1_664464229,1_7430,1774357103,1774357142,default
1774356943,1_620,40_590,590,40_3300020,40_9304,1774357440,1774357227,default
1774356943,1_10912,1_100162,271,1_585519139,1_7976348,1774357380,1774357380,default
1774356943,1_10912,40_100511,542,40_569563239,40_7976607,1774358040,1774358040,default
1774356943,1_71960,40_100511,542,40_721030789,40_7976603,1774358220,1774358220,default
1774356943,1_10640,1_100252,62,1_736430709,1_7974589,1774357140,1774357140,default
1774356943,1_10640,1_100252,62,1_736430729,1_7974592,1774358940,1774358940,default
1774356943,1_8403,1_100039,14,1_562518479,1_4384,1774357140,1774357102,default
1774357128,1_60161,1_100042,148,1_762077419,1_7976051,1774358100,1774358100,default
1774357128,1_60453,1_102715,162,1_664468659,1_7976113,1774357320,1774357320,default
1774357128,1_60453,1_102715,162,1_693754389,1_7976115,1774359120,1774359120,default
1774357128,1_60453,1_102715,162,1_693754399,1_7976013,1774360500,1774360500,default
1774357128,1_575,1_100210,36,1_630541559,1_7974903,1774357200,1774357092,default
1774357128,1_575,1_100210,36,1_630541559,1_4376,1774357200,1774357127,default
1774357128,1_2850,1_100089,2,1_491928489,1_7080,1774357620,1774356313,default
1774357128,1_46505,1_102619,F Line,1_635449249,1_7976074,1774357680,1774357680,default
1774357128,1_46505,1_102619,F Line,1_635449519,1_7975996,1774358880,1774358880,default
1774357128,1_29423,1_102732,79,1_561369259,1_7975557,1774358700,1774358700,default
1774357128,1_9850,1_100269,75,1_561354519,1_8193,1774357275,1774357158,default
1774357128,1_11569,1_100002,10,1_675385359,1_4354,1774357067,1774357200,default
1774357128,1_72494,1_100160,269,1_720964079,1_7976395,1774358460,1774358460,default
1774357128,1_52306,1_102619,F Line,1_635449099,1_7976017,1774357500,1774357500,default
1774357128,1_52306,1_102719,161,1_693754099,1_7976214,1774357620,1774357620,default
1774357128,1_52306,1_102619,F Line,1_656237169,1_7976085,1774358400,1774358400,default
1774357128,1_17950,1_100062,17,1_651754479,1_7974580,1774358280,1774358280,default
1774357128,1_9860,1_100269,75,1_561354519,1_8193,1774357298,1774357181,default
1774357128,1_54201,1_102619,F Line,1_694521169,1_6243,1774357339,1774357273,default
1774357128,1_2200,1_102581,D Line,1_732750289,1_6095,1774357319,1774357283,default
1774357128,1_57804,1_100072,181,1_721490219,1_7328,1774357582,1774357431,default
1774357128,1_59282,1_100072,181,1_721481609,1_7427,1774357440,1774357175,default
1774357128,1_59282,1_100072,181,1_721481609,1_7976015,1774357440,1774357440,default
1774357128,1_59282,1_102717,165,1_635443699,1_7976041,1774358340,1774358340,default
1774357128,1_59282,1_102717,165,1_664465259,1_7976039,1774359540,1774359540,default
1774357128,1_42540,1_100072,181,1_721481729,1_7476,1774357386,1774357252,default
1774357128,1_620,1_100104,212,1_774865869,1_7483,1774357860,1774357980,default
1774357128,1_10912,1_100264,70,1_724578769,1_7975072,1774357345,1774357345,default
1774357128,1_10912,1_100162,271,1_585519139,1_7976348,1774357380,1774357380,default
1774357128,1_10912,40_100511,542,40_569563239,40_7976607,1774358040,1774358040,default
1774357128,1_10912,1_100162,271,1_585518969,1_7976343,1774359180,1774359180,default
1774357128,1_71960,40_100511,542,40_721030789,40_7976603,1774358220,1774358220,default
1774357128,1_10640,1_100252,62,1_736430729,1_7974592,1774358940,1774358940,default
1774357128,1_58144,1_102719,161,1_635446809,1_7976210,1774357148,1774357322,default
1774357428,1_60161,1_100042,148,1_762077419,1_7976051,1774358100,1774358100,default
1774357428,1_60453,1_102715,162,1_693754389,1_7976115,1774359120,1774359120,default
1774357428,1_60453,1_102715,162,1_693754399,1_7976013,1774360500,1774360500,default
1774357428,1_575,1_102615,E Line,1_768603399,1_6201,1774357500,1774357478,default
1774357428,1_2850,1_100089,2,1_491928489,1_7080,1774357620,1774356313,default
1774357428,1_46505,1_102619,F Line,1_635449249,1_7976074,1774357680,1774357680,default
1774357428,1_46505,1_102619,F Line,1_635449519,1_7975996,1774358880,1774358880,default
1774357428,1_29423,1_102732,79,1_561369259,1_7975557,1774358700,1774358700,default
1774357428,1_58342,1_100072,181,1_770986359,1_7467,1774357500,1774357479,default
1774357428,1_72494,1_100160,269,1_720964079,1_7976395,1774358460,1774358460,default
1774357428,1_52306,1_102719,161,1_693754099,1_7976214,1774357620,1774357620,default
1774357428,1_52306,1_102619,F Line,1_656237169,1_7976085,1774358400,1774358400,default
1774357428,1_52306,1_102719,161,1_635446109,1_7976209,1774358460,1774358460,default
1774357428,1_80121,1_102719,161,1_721494399,1_7191,1774357834,1774357523,default
1774357428,1_32013,1_100246,57,1_662805089,1_7974996,1774359600,1774359600,default
1774357428,1_40030,1_102574,40,1_690034329,1_8188,1774357580,1774357545,default
1774357428,1_17950,1_100062,17,1_651754479,1_7974580,1774358280,1774358280,default
1774357428,1_57804,1_100072,181,1_721490219,1_7328,1774357582,1774357430,default
1774357428,1_59282,1_102717,165,1_635443699,1_7976041,1774358340,1774358340,default
1774357428,1_59282,1_100072,181,1_721481909,1_7976081,1774358640,1774358640,default
1774357428,1_59282,1_102717,165,1_664465259,1_7976039,1774359540,1774359540,default
1774357428,1_620,1_100104,212,1_774865869,1_7483,1774357860,1774357910,default
1774357428,1_10912,40_100511,542,40_569563239,40_7976607,1774358040,1774358040,default
1774357428,1_10912,1_100162,271,1_585518969,1_7976343,1774359180,1774359180,default
1774357428,1_71960,40_100511,542,40_721030789,40_7976603,1774358220,1774358220,default
1774357428,1_10640,1_100252,62,1_736430729,1_7974592,1774358940,1774358940,default
1774357728,1_60161,1_100042,148,1_762077419,1_7976051,1774358100,1774358100,default
1774357728,1_970,40_594,594,40_1397020,40_9722,1774358430,1774357750,default
1774357728,1_60453,1_102715,162,1_693754389,1_7976115,1774359120,1774359120,default
1774357728,1_60453,1_102715,162,1_693754399,1_7976013,1774360500,1774360500,default
1774357728,1_46505,1_102619,F Line,1_635448479,1_7976083,1774358280,1774358280,default
1774357728,1_46505,1_102619,F Line,1_635449519,1_7975996,1774358880,1774358880,default
1774357728,1_29423,1_102732,79,1_561369259,1_7975557,1774358700,1774358700,default
1774357728,1_27420,23_102638,First Hill Streetcar,23_55295671,23_402,1774357860,1774357832,default
1774357728,3_31002,40_560,560,40_3195020,40_9222,1774357954,1774357951,default
1774357728,1_81199,1_100072,181,1_721490219,1_7328,1774357883,1774357747,default
1774357728,1_72494,1_100160,269,1_720964079,1_7976395,1774358460,1774358460,default
1774357728,1_52306,1_102619,F Line,1_656237169,1_7976085,1774358400,1774358400,default
1774357728,1_52306,1_102719,161,1_635446109,1_7976209,1774358460,1774358460,default
1774357728,1_52306,1_102619,F Line,1_656236509,1_7975992,1774359000,1774359000,default
1774357728,1_32013,1_100246,57,1_662805089,1_7974996,1774359600,1774359600,default
1774357728,1_99254,40_590,590,40_3615020,40_9301,1774357936,1774357866,default
1774357728,1_58112,1_102619,F Line,1_635448329,1_6286,1774357821,1774357901,default
1774357728,1_17950,1_100062,17,1_651754479,1_7974580,1774358280,1774358280,default
1774357728,1_59282,1_100072,181,1_721481909,1_7188,1774358640,1774357522,default
1774357728,1_59282,1_102717,165,1_635443699,1_7976041,1774358340,1774358340,default
1774357728,1_59282,1_102717,165,1_664465259,1_7976039,1774359540,1774359540,default
1774357728,1_620,40_100236,545,40_648502719,40_7976572,1774357920,1774357920,default
1774357728,1_620,40_100236,545,40_648502719,40_9814,1774357920,1774357967,default
1774357728,1_10912,40_100511,542,40_569563239,40_7976607,1774358040,1774358040,default
1774357728,1_10912,1_100162,271,1_585518969,1_7976343,1774359180,1774359180,default
1774357728,1_10912,40_100511,542,40_569560209,40_7976602,1774359840,1774359840,default
1774357728,1_71960,40_100511,542,40_721030789,40_7976603,1774358220,1774358220,default
1774357728,1_10640,1_100252,62,1_736430729,1_7974592,1774358940,1774358940,default
1774358028,1_60161,1_100042,148,1_762077419,1_7976051,1774358100,1774358100,default
1774358028,1_970,1_100045,150,1_762101379,1_8172,1774357932,1774358042,default
1774358028,1_60453,1_102715,162,1_693754389,1_7976115,1774359120,1774359120,default
1774358028,1_60453,1_102715,162,1_693754399,1_7976013,1774360500,1774360500,default
1774358028,1_51651,1_102736,H Line,1_694057469,1_6078,1774358078,1774358064,default
1774358028,1_46505,1_102619,F Line,1_635448479,1_7976083,1774358280,1774358280,default
1774358028,1_46505,1_102619,F Line,1_635449519,1_7975996,1774358880,1774358880,default
1774358028,1_29423,1_102732,79,1_561369259,1_7975557,1774358700,1774358700,default
1774358028,1_50290,1_100489,156,1_664459869,1_7353,1774358119,1774358033,default
1774358028,1_72560,1_102704,250,1_720961679,1_7368,1774358163,1774358034,default
1774358028,1_72494,1_100160,269,1_720964079,1_7976395,1774358460,1774358460,default
1774358028,1_52306,1_102619,F Line,1_656237169,1_7976085,1774358400,1774358400,default
1774358028,1_52306,1_102719,161,1_635446109,1_7976209,1774358460,1774358460,default
1774358028,1_52306,1_102619,F Line,1_656236509,1_7975992,1774359000,1774359000,default
1774358028,1_52306,1_102619,F Line,1_656237329,1_7976225,1774359600,1774359600,default
1774358028,1_32013,1_100246,57,1_662805089,1_7974996,1774359600,1774359600,default
1774358028,1_99254,1_100003,101,1_693748749,1_8167,1774358122,1774358183,default
1774358028,1_99254,1_100487,102,1_694513199,1_8185,1774358122,1774358192,default
1774358028,1_58112,1_100045,150,1_762101969,1_8174,1774357987,1774358122,default
1774358028,1_17950,1_100062,17,1_651754479,1_7974580,1774358280,1774358280,default
1774358028,1_17950,1_100062,17,1_651754509,1_7974575,1774360680,1774360680,default
1774358028,1_9605,1_100259,67,1_761384129,1_7975710,1774357980,1774358153,default
1774358028,1_21080,1_100249,60,1_689960669,1_7139,1774358160,1774358171,default
1774358028,1_59282,1_100072,181,1_721481909,1_7188,1774358640,1774357522,default
1774358028,1_59282,1_102717,165,1_635443699,1_7976041,1774358340,1774358340,default
1774358028,1_59282,1_102717,165,1_664465259,1_7976039,1774359540,1774359540,default
1774358028,1_23905,1_100214,372,1_694305789,1_6942,1774358112,1774358213,default
1774358028,1_81749,1_100160,269,1_761787159,1_7320,1774358178,1774358222,default
1774358028,1_10210,1_102754,256,1_778603779,1_6930,1774358561,1774358546,default
1774358028,1_10210,1_100177,303,1_761388729,1_8261,1774358760,1774358820,default
1774358028,1_57791,1_102718,184,1_664464239,1_1039,1774358303,1774358290,default
1774358028,1_620,40_590,590,40_3615020,40_9301,1774358280,1774358197,default
1774358028,1_620,40_100239,550,40_597754849,40_9685,1774358520,1774358312,default
1774358028,1_620,1_100011,111,1_635442419,1_7416,1774358820,1774359012,default
1774358028,1_10912,40_586,586,40_2667020,40_9123,1774358254,1774358254,default
1774358028,1_10912,1_100162,271,1_585518969,1_7976343,1774359180,1774359180,default
1774358028,1_10912,40_100511,542,40_569560209,40_7976602,1774359840,1774359840,default
1774358028,1_71960,40_100511,542,40_721030789,40_7976603,1774358220,1774358220,default
1774358028,1_71960,40_100511,542,40_721031249,40_7976608,1774359480,1774359480,default
1774358028,1_10640,1_100252,62,1_736430729,1_7974592,1774358940,1774358940,default
1774358328,1_51551,1_102736,H Line,1_694057789,1_6061,1774358437,1774358320,default
1774358328,1_60453,1_102715,162,1_693754389,1_7976115,1774359120,1774359120,default
1774358328,1_60453,1_102715,162,1_693754399,1_7976013,1774360500,1774360500,default
1774358328,1_17651,1_102747,61,1_724959419,1_3736,1774358436,1774358390,default
1774358328,1_575,1_100264,70,1_724578679,1_8224,1774358160,1774358414,default
1774358328,1_46505,1_102619,F Line,1_635449519,1_7975996,1774358880,1774358880,default
1774358328,1_29423,1_102732,79,1_561369259,1_7975557,1774358700,1774358700,default
1774358328,1_75770,1_102615,E Line,1_768603689,1_6205,1774359043,1774358334,default
1774358328,1_40801,1_100012,113,1_605094919,1_7076,1774358178,1774358682,default
1774358328,1_72494,1_100160,269,1_720964079,1_7976395,1774358460,1774358460,default
1774358328,1_79610,1_100006,107,1_635436929,1_3702,1774358473,1774358353,default
1774358328,1_52306,1_102719,161,1_635446109,1_7976209,1774358460,1774358460,default
1774358328,1_52306,40_560,560,40_3195020,40_9222,1774358580,1774358527,default
1774358328,1_52306,1_102619,F Line,1_656236509,1_7975992,1774359000,1774359000,default
1774358328,1_52306,1_102619,F Line,1_656237329,1_7976225,1774359600,1774359600,default
1774358328,1_32013,1_100246,57,1_662805089,1_7974996,1774359600,1774359600,default
1774358328,1_17950,1_100062,17,1_651754509,1_7974575,1774360680,1774360680,default
1774358328,1_57804,1_100072,181,1_721481769,1_7180,1774358782,1774358768,default
1774358328,1_59282,1_100072,181,1_721481909,1_7188,1774358640,1774357522,default
1774358328,1_59282,1_102717,165,1_664465259,1_7976039,1774359540,1774359540,default
1774358328,1_85531,1_102757,187,1_762094929,1_7145,1774358460,1774358393,default
1774358328,1_59936,1_102720,160,1_664467059,1_7453,1774358169,1774358495,default
1774358328,1_10210,1_102754,256,1_778603779,1_6930,1774358561,1774358462,default
1774358328,1_10210,1_100177,303,1_761388729,1_8261,1774358760,1774358949,default
1774358328,1_10210,1_102729,322,1_761390069,1_8199,1774358520,1774359073,default
1774358328,1_620,40_100236,545,40_648500039,40_7976567,1774358520,1774358602,default
1774358328,1_620,40_100240,554,40_774870309,40_9689,1774358760,1774358750,default
1774358328,1_620,1_100011,111,1_635442419,1_7416,1774358820,1774359041,default
1774358328,1_620,1_100459,218,1_774864099,1_6951,1774359120,1774359204,default
1774358328,1_620,1_100011,111,1_635433389,1_6976,1774357920,1774359320,default
1774358328,1_10912,1_100162,271,1_585518969,1_7976343,1774359180,1774359180,default
1774358328,1_10912,40_100511,542,40_569560209,40_7976602,1774359840,1774359840,default
1774358328,1_71960,40_100511,542,40_721031249,40_7976608,1774359480,1774359480,default
1774358328,1_10640,1_100252,62,1_736430729,1_7974592,1774358940,1774358940,default
1774358328,1_10640,1_100252,62,1_736430749,1_7974601,1774360320,1774360320,default
1774358328,1_76310,40_100232,522,40_635896469,40_9813,1774358415,1774358514,default
1774358628,1_970,40_577,577,40_2798020,40_9310,1774358727,1774358727,default
1774358628,1_60453,1_102715,162,1_693754399,1_8192,1774360500,1774358549,default
1774358628,1_60453,1_102715,162,1_693754389,1_7976115,1774359120,1774359120,default
1774358628,1_60453,1_102715,162,1_693754399,1_7976013,1774360500,1774360500,default
1774358628,1_60453,1_102715,162,1_693754409,1_7976026,1774361940,1774361940,default
1774358628,1_320,29_424,424,29_14876207__MCOB-DO:123:0:Weekday:1:25SEP:61016:12345,29_19801,1774358700,1774358423,default
1774358628,1_46505,1_102619,F Line,1_635449519,1_7975996,1774358880,1774358880,default
1774358628,1_46505,1_102619,F Line,1_635448769,1_7976226,1774359480,1774359480,default
1774358628,1_46505,1_102619,F Line,1_635449569,1_7976034,1774360680,1774360680,default
1774358628,1_29423,1_102732,79,1_561369259,1_7975557,1774358700,1774358700,default
1774358628,1_52306,1_102619,F Line,1_656236509,1_7975992,1774359000,1774359000,default
1774358628,1_52306,1_102719,161,1_693754109,1_7976092,1774359360,1774359360,default
1774358628,1_52306,1_102619,F Line,1_656237329,1_7976225,1774359600,1774359600,default
1774358628,1_32013,1_100246,57,1_662805089,1_7974996,1774359600,1774359600,default
1774358628,1_32013,1_100246,57,1_585672499,1_7974999,1774361820,1774361820,default
1774358628,1_17950,1_100062,17,1_651754509,1_7974575,1774360680,1774360680,default
1774358628,1_2200,1_102581,D Line,1_732750219,1_6098,1774358759,1774358705,default
1774358628,1_2200,1_102581,D Line,1_732750209,1_6081,1774358279,1774358791,default
1774358628,1_57804,1_100072,181,1_721481769,1_7180,1774358782,1774358766,default
1774358628,1_59282,1_102717,165,1_664465259,1_7976039,1774359540,1774359540,default
1774358628,1_10210,1_100177,303,1_761388729,1_8261,1774358760,1774358938,default
1774358628,1_10210,1_102729,322,1_761390069,1_8199,1774358520,1774359149,default
1774358628,1_620,40_100236,545,40_648500039,40_7976567,1774358520,1774358900,default
1774358628,1_620,1_100011,111,1_635433389,1_6976,1774357920,1774359320,default
1774358628,1_620,1_100459,218,1_774864099,1_6951,1774359120,1774359328,default
1774358628,1_10912,1_100214,372,1_694305719,1_6898,1774358638,1774358806,default
1774358628,1_10912,1_100162,271,1_585518969,1_7976343,1774359180,1774359180,default
1774358628,1_10912,40_100511,542,40_569560209,40_7976602,1774359840,1774359840,default
1774358628,1_10912,1_100162,271,1_569495519,1_7976369,1774360320,1774360320,default
1774358628,1_71960,40_100511,542,40_721031249,40_7976608,1774359480,1774359480,default
1774358628,1_10640,1_100252,62,1_736430739,1_8041,1774359840,1774358699,default
1774358628,1_10640,1_100252,62,1_736430729,1_7974592,1774358940,1774358940,default
1774358628,1_10640,1_100252,62,1_736430739,1_7974605,1774359840,1774359840,default
1774358628,1_10640,1_100252,62,1_736430749,1_7974601,1774360320,1774360320,default
1774358628,1_58144,1_102717,165,1_635443689,1_7103,1774358816,1774358759,default
1774358928,1_60161,1_100042,148,1_762077249,1_7976071,1774359900,1774359900,default
1774358928,1_970,1_100045,150,1_762101389,1_6940,1774358892,1774358951,default
1774358928,1_970,1_102754,256,1_778603779,1_6930,1774358911,1774358966,default
1774358928,1_60453,1_102715,162,1_693754399,1_8192,1774360500,1774358549,default
1774358928,1_60453,1_102715,162,1_693754389,1_7976115,1774359120,1774359120,default
1774358928,1_60453,1_102715,162,1_693754409,1_7976026,1774361940,1774361940,default
1774358928,1_51651,1_102736,H Line,1_694057559,1_6064,1774358978,1774358948,default
1774358928,1_2850,1_100089,2,1_491928509,1_7002,1774359300,1774358751,default
1774358928,1_2850,1_100089,2,1_491928509,1_7975082,1774359300,1774359300,default
1774358928,1_46505,1_102619,F Line,1_635448769,1_7976226,1774359480,1774359480,default
1774358928,1_46505,1_102619,F Line,1_635449569,1_7976034,1774360680,1774360680,default
1774358928,1_2320,1_100001,1,1_562518509,1_4384,1774358934,1774358994,default
1774358928,1_58342,1_100072,181,1_721481609,1_7427,1774358760,1774359012,default
1774358928,1_52306,1_102719,161,1_693754109,1_7976092,1774359360,1774359360,default
1774358928,1_52306,1_102619,F Line,1_656237329,1_7976225,1774359600,1774359600,default
1774358928,1_52306,1_102619,F Line,1_656236209,1_7976142,1774360200,1774360200,default
1774358928,1_52306,1_102719,161,1_635446119,1_7976093,1774360260,1774360260,default
1774358928,1_32013,1_100246,57,1_662805089,1_7974996,1774359600,1774359600,default
1774358928,1_32013,1_100246,57,1_585672499,1_7974999,1774361820,1774361820,default
1774358928,1_99254,1_100045,150,1_724419019,1_8143,1774359142,1774358976,default
1774358928,1_17950,1_100062,17,1_651754509,1_7974575,1774360680,1774360680,default
1774358928,1_72446,1_102752,223,1_766488009,1_7327,1774359108,1774358969,default
1774358928,1_59282,1_100072,181,1_721490199,1_7328,1774359840,1774358717,default
1774358928,1_59282,1_102717,165,1_664465259,1_7976039,1774359540,1774359540,default
1774358928,1_32120,1_100345,987,1_825266359,1_7976736,1774359540,1774359540,default
1774358928,1_620,40_100236,545,40_648502149,40_9659,1774359120,1774359072,default
1774358928,1_620,40_100236,545,40_648500039,40_7976567,1774358520,1774359181,default
1774358928,1_620,1_100459,218,1_774864099,1_6951,1774359120,1774359222,default
1774358928,1_620,1_100011,111,1_635433399,1_7479,1774359720,1774359840,default
1774358928,1_10912,1_100162,271,1_585518969,1_7976343,1774359180,1774359180,default
1774358928,1_10912,40_100511,542,40_569560209,40_7976602,1774359840,1774359840,default
1774358928,1_10912,1_100162,271,1_569495519,1_7976369,1774360320,1774360320,default
1774358928,1_10912,1_100162,271,1_569496469,1_7976349,1774360920,1774360920,default
1774358928,1_71960,40_100511,542,40_721031249,40_7976608,1774359480,1774359480,default
1774358928,1_10640,1_100252,62,1_736430739,1_8041,1774359840,1774358699,default
1774358928,1_10640,1_100252,62,1_736430749,1_7974601,1774360320,1774360320,default
1774359228,1_103,1_102745,G Line,1_736434499,1_6403,1774359255,1774359150,default
1774359228,1_60161,1_100042,148,1_762077249,1_7976071,1774359900,1774359900,default
1774359228,1_970,1_100003,101,1_762100579,1_6936,1774359132,1774359279,default
1774359228,1_12770,1_100219,4,1_675345069,1_4310,1774359188,1774359249,default
1774359228,1_60453,1_102715,162,1_693754399,1_8192,1774360500,1774358549,default
1774359228,1_60453,1_102715,162,1_693754409,1_7976026,1774361940,1774361940,default
1774359228,1_320,40_100239,550,40_597750719,40_9574,1774359300,1774359305,default
1774359228,1_2850,1_100089,2,1_491928509,1_7002,1774359300,1774358751,default
1774359228,1_2850,1_100089,2,1_491928529,1_7975122,1774360920,1774360920,default
1774359228,1_46505,1_102619,F Line,1_635448769,1_7976226,1774359480,1774359480,default
1774359228,1_46505,1_102619,F Line,1_635449569,1_7976034,1774360680,1774360680,default
1774359228,1_52306,1_102719,161,1_693754109,1_7191,1774359360,1774359252,default
1774359228,1_52306,1_102719,161,1_693754109,1_7976092,1774359360,1774359360,default
1774359228,1_52306,1_102619,F Line,1_656237329,1_7976225,1774359600,1774359600,default
1774359228,1_52306,1_102619,F Line,1_656236209,1_7976142,1774360200,1774360200,default
1774359228,1_52306,1_102719,161,1_635446119,1_7976093,1774360260,1774360260,default
1774359228,1_32013,1_100246,57,1_662805089,1_7974996,1774359600,1774359600,default
1774359228,1_32013,1_100246,57,1_585672499,1_7974999,1774361820,1774361820,default
1774359228,1_21945,1_102717,165,1_664464849,1_7198,1774359120,1774359321,default
1774359228,1_99254,40_590,590,40_1407020,40_9205,1774359256,1774359411,default
1774359228,1_45670,1_100210,36,1_630543069,1_4399,1774359384,1774359279,default
1774359228,1_17950,1_100062,17,1_651754509,1_7974575,1774360680,1774360680,default
1774359228,1_22184,1_102736,H Line,1_694057559,1_6064,1774359341,1774359384,default
1774359228,1_59282,1_100072,181,1_721490199,1_7328,1774359840,1774358717,default
1774359228,1_59282,1_102717,165,1_664465259,1_7976039,1774359540,1774359540,default
1774359228,1_32120,1_100345,987,1_825266359,1_7976736,1774359540,1774359540,default
1774359228,1_75850,1_102615,E Line,1_768603399,1_6201,1774359505,1774359352,default
1774359228,1_82107,1_100196,331,1_724969469,1_7232,1774359458,1774359326,default
1774359228,1_2260,1_100275,8,1_759808389,1_8048,1774359467,1774359397,default
1774359228,1_10912,40_100511,542,40_569560209,40_7976602,1774359840,1774359840,default
1774359228,1_10912,1_100162,271,1_569495519,1_7976369,1774360320,1774360320,default
1774359228,1_10912,1_100162,271,1_569496469,1_7976349,1774360920,1774360920,default
1774359228,1_71960,40_100511,542,40_721031249,40_7976608,1774359480,1774359480,default
1774359228,1_10640,1_100252,62,1_736430739,1_8041,1774359840,1774358699,default
1774359228,1_10640,1_100252,62,1_736430749,1_7974601,1774360320,1774360320,default
1774359528,1_103,1_102745,G Line,1_736437409,1_6400,1774359615,1774359531,default
1774359528,1_60161,1_100042,148,1_762077249,1_7976071,1774359900,1774359900,default
1774359528,1_75890,1_102615,E Line,1_768603399,1_6201,1774359707,1774359520,default
1774359528,1_60453,1_102715,162,1_693754399,1_8192,1774360500,1774358549,default
1774359528,1_60453,1_102715,162,1_693754409,1_7976026,1774361940,1774361940,default
1774359528,1_68784,1_102548,B Line,1_721018649,1_6022,1774359599,1774359555,default
1774359528,1_575,1_102576,C Line,1_774681619,1_6250,1774359180,1774359611,default
1774359528,1_2850,1_100089,2,1_491928529,1_7975122,1774360920,1774360920,default
1774359528,1_46505,1_102619,F Line,1_635448879,1_7975997,1774360080,1774360080,default
1774359528,1_46505,1_102619,F Line,1_635449569,1_7976034,1774360680,1774360680,default
1774359528,1_36800,1_100228,48,1_759805459,1_8036,1774359618,1774359544,default
1774359528,1_58110,1_100045,150,1_762101379,1_8172,1774359690,1774359583,default
1774359528,3_31002,40_560,560,40_795020,40_41601,1774359574,1774359655,default
1774359528,1_52306,1_102619,F Line,1_656236209,1_7976142,1774360200,1774360200,default
1774359528,1_52306,1_102719,161,1_635446119,1_7976093,1774360260,1774360260,default
1774359528,1_32013,1_100246,57,1_585672499,1_7974999,1774361820,1774361820,default
1774359528,1_8530,1_100263,7,1_650129509,1_4532,1774359077,1774359619,default
1774359528,1_59210,1_100072,181,1_721481769,1_7180,1774359687,1774359560,default
1774359528,1_17950,1_100062,17,1_651754509,1_7974575,1774360680,1774360680,default
1774359528,1_59282,1_100072,181,1_721490199,1_7328,1774359840,1774358717,default
1774359528,1_59282,1_102717,165,1_635443719,1_7101,1774360680,1774359455,default
1774359528,1_59282,1_102717,165,1_635443719,1_7976198,1774360680,1774360680,default
1774359528,1_12760,1_100173,3,1_761127349,1_4405,1774359576,1774359676,default
1774359528,1_10210,1_102729,322,1_761390089,1_8253,1774359840,1774360329,default
1774359528,1_57791,1_102718,184,1_664464249,1_7468,1774359623,1774359764,default
1774359528,1_620,1_100011,111,1_635433399,1_7479,1774359720,1774359626,default
1774359528,1_620,40_100236,545,40_648500709,40_7976553,1774359720,1774359770,default
1774359528,1_620,40_100239,550,40_597752649,40_9576,1774359840,1774360154,default
1774359528,1_10912,40_100511,542,40_569560209,40_7976602,1774359840,1774359840,default
1774359528,1_10912,1_100162,271,1_569495519,1_7976369,1774360320,1774360320,default
1774359528,1_10912,1_100162,271,1_569496469,1_7976349,1774360920,1774360920,default
1774359528,1_10912,1_100162,271,1_569496629,1_7976370,1774362000,1774362000,default
1774359528,1_10640,1_100252,62,1_736430739,1_8041,1774359840,1774358699,default
1774359528,1_10640,1_100252,62,1_736430749,1_7974601,1774360320,1774360320,default
1774359828,1_46791,1_100016,118,1_635461149,1_3730,1774359900,1774359969,default
1774359828,1_60161,1_100042,148,1_762077249,1_7976071,1774359900,1774359900,default
1774359828,1_970,1_100045,150,1_762101679,1_6956,1774359792,1774359847,default
1774359828,1_970,40_594,594,40_1969020,40_9304,1774360230,1774359867,default
1774359828,1_80692,1_100045,150,1_693750069,1_8138,1774359586,1774359860,default
1774359828,1_60453,1_102715,162,1_693754399,1_8192,1774360500,1774358549,default
1774359828,1_60453,1_102715,162,1_693754409,1_7976026,1774361940,1774361940,default
1774359828,1_60453,1_102715,162,1_693754419,1_7975993,1774363140,1774363140,default
1774359828,1_51651,1_102736,H Line,1_694057609,1_7974887,1774359878,1774359878,default
1774359828,1_2850,1_100089,2,1_662783279,1_7975078,1774360200,1774360200,default
1774359828,1_2850,1_100089,2,1_491928529,1_7975122,1774360920,1774360920,default
1774359828,1_46505,1_102619,F Line,1_635448879,1_7975997,1774360080,1774360080,default
1774359828,1_46505,1_102619,F Line,1_635449569,1_7976034,1774360680,1774360680,default
1774359828,1_57453,1_102719,161,1_693754099,1_7487,1774359960,1774359880,default
1774359828,1_2320,1_100001,1,1_562518539,1_4404,1774359834,1774359907,default
1774359828,1_77460,1_100205,348,1_771626859,1_7256,1774359885,1774359866,default
1774359828,1_40801,1_100012,113,1_605094989,1_7133,1774360098,1774360209,default
1774359828,1_52306,1_102619,F Line,1_656236209,1_7976142,1774360200,1774360200,default
1774359828,1_52306,1_102719,161,1_635446119,1_7976093,1774360260,1774360260,default
1774359828,1_52306,1_102619,F Line,1_656236819,1_7976000,1774360800,1774360800,default
1774359828,1_32013,1_100246,57,1_585672499,1_7974999,1774361820,1774361820,default
1774359828,1_66730,1_102552,226,1_778457219,1_7335,1774360054,1774359892,default
1774359828,1_17950,1_100062,17,1_651754509,1_7974575,1774360680,1774360680,default
1774359828,1_57804,1_100072,181,1_721481619,1_7476,1774360042,1774360192,default
1774359828,1_59282,1_102717,165,1_635443719,1_7101,1774360680,1774359455,default
1774359828,1_59282,1_100072,181,1_721490209,1_7976104,1774363140,1774363140,default
1774359828,1_10210,1_102729,322,1_761390089,1_8253,1774359840,1774360329,default
1774359828,1_620,40_100240,554,40_774869289,40_9812,1774360140,1774360229,default
1774359828,1_620,1_100459,218,1_774864119,1_6891,1774360260,1774360434,default
1774359828,1_620,1_100104,212,1_774865889,1_7976688,1774360500,1774360575,default
1774359828,1_620,1_100011,111,1_664454969,1_7437,1774360740,1774360815,default
1774359828,1_10912,1_100224,44,1_659992999,1_4530,1774359745,1774359998,default
1774359828,1_10912,1_100162,271,1_569495519,1_7976369,1774360320,1774360320,default
1774359828,1_10912,1_100162,271,1_569496469,1_7976349,1774360920,1774360920,default
1774359828,1_10912,40_100511,542,40_569560409,40_7976603,1774361040,1774361040,default
1774359828,1_10912,1_100162,271,1_569553899,1_7976664,1774361400,1774361400,default
1774359828,1_10912,1_100162,271,1_569496629,1_7976370,1774362000,1774362000,default
1774359828,1_71960,40_100511,542,40_721031149,40_7976607,1774360680,1774360680,default
1774359828,1_71960,40_100511,542,40_721031489,40_7976605,1774361880,1774361880,default
1774359828,1_10640,1_100252,62,1_736430749,1_7974601,1774360320,1774360320,default
1774360128,1_51551,1_102736,H Line,1_694057289,1_6076,1774359877,1774360141,default
1774360128,1_60453,1_102715,162,1_693754399,1_8192,1774360500,1774358549,default
1774360128,1_60453,1_102715,162,1_693754409,1_7976026,1774361940,1774361940,default
1774360128,1_60453,1_102715,162,1_693754419,1_7975993,1774363140,1774363140,default
1774360128,1_320,40_594,594,40_1969020,40_9304,1774360500,1774360176,default
1774360128,1_320,40_100239,550,40_597754839,40_9685,1774360200,1774360214,default
1774360128,1_2850,1_100089,2,1_662783279,1_7088,1774360200,1774359979,default
1774360128,1_2850,1_100089,2,1_662783279,1_7975078,1774360200,1774360200,default
1774360128,1_2850,1_100089,2,1_491928529,1_7975122,1774360920,1774360920,default
1774360128,1_46505,1_102619,F Line,1_635449569,1_7976034,1774360680,1774360680,default
1774360128,1_40801,1_100012,113,1_605094989,1_7133,1774360098,1774360226,default
1774360128,1_72494,1_100160,269,1_720967219,1_7976380,1774360800,1774360800,default
1774360128,1_52306,40_560,560,40_795020,40_41601,1774360200,1774360224,default
1774360128,1_52306,1_102719,161,1_635446119,1_7976093,1774360260,1774360260,default
1774360128,1_52306,1_102619,F Line,1_656236819,1_7976000,1774360800,1774360800,default
1774360128,1_52306,1_102719,161,1_693753399,1_7976231,1774361940,1774361940,default
1774360128,1_32013,1_100246,57,1_585672499,1_8246,1774361820,1774361820,default
1774360128,1_32013,1_100246,57,1_585672499,1_7974999,1774361820,1774361820,default
1774360128,1_17950,1_100062,17,1_651754509,1_7974575,1774360680,1774360680,default
1774360128,1_72446,1_102752,223,1_766488019,1_7395,1774360308,1774360197,default
1774360128,1_59282,1_102717,165,1_635443719,1_7101,1774360680,1774359455,default
1774360128,1_59282,1_100072,181,1_721481449,1_7180,1774361040,1774360056,default
1774360128,1_59282,1_100072,181,1_721490209,1_7976104,1774363140,1774363140,default
1774360128,1_70691,1_100344,986,1_721034009,1_7976721,1774361520,1774361520,default
1774360128,1_55150,1_100005,106,1_727785719,1_7120,1774360283,1774360211,default
1774360128,1_60710,1_100512,A Line,1_721482329,1_6277,1774360245,1774360307,default
1774360128,1_10210,1_102729,322,1_761390089,1_8253,1774359840,1774360329,default
1774360128,1_75850,1_102615,E Line,1_768603329,1_6216,1774360705,1774360223,default
1774360128,1_7690,1_102615,E Line,1_768603929,1_6200,1774360339,1774360204,default
1774360128,1_25791,1_100214,372,1_694306109,1_6920,1774359976,1774360313,default
1774360128,1_620,40_100236,545,40_648499739,40_7976566,1774360320,1774360345,default
1774360128,1_620,1_100459,218,1_774864119,1_6891,1774360260,1774360399,default
1774360128,1_620,1_100011,111,1_664454969,1_7437,1774360740,1774360670,default
1774360128,1_620,1_100104,212,1_774865889,1_6929,1774360500,1774360730,default
1774360128,1_10912,1_100162,271,1_569495519,1_7976369,1774360320,1774360320,default
1774360128,1_10912,1_100162,271,1_569496469,1_7976349,1774360920,1774360920,default
1774360128,1_10912,40_100511,542,40_569560409,40_7976603,1774361040,1774361040,default
1774360128,1_10912,1_100162,271,1_569553899,1_7976664,1774361400,1774361400,default
1774360128,1_10912,1_100162,271,1_569496629,1_7976370,1774362000,1774362000,default
1774360128,1_71960,40_100511,542,40_721031149,40_7976607,1774360680,1774360680,default
1774360128,1_71960,40_100511,542,40_721031489,40_7976605,1774361880,1774361880,default
1774360128,1_10640,1_100252,62,1_736430749,1_8068,1774360320,1774360029,default
1774360128,1_10640,1_100252,62,1_736430749,1_7974601,1774360320,1774360320,default
1774360428,1_481,1_102576,C Line,1_774681639,1_6251,1774360320,1774360454,default
1774360428,1_26560,1_102574,40,1_689542829,1_8254,1774360175,1774360450,default
1774360428,1_8541,1_100263,7,1_650171879,1_7974879,1774360500,1774360500,default
1774360428,1_60453,1_102715,162,1_693754399,1_8192,1774360500,1774358549,default
1774360428,1_60453,1_102715,162,1_693754419,1_7975993,1774363140,1774363140,default
1774360428,1_575,1_100264,70,1_724578719,1_8228,1774360560,1774360508,default
1774360428,1_2850,1_100089,2,1_491928529,1_7975122,1774360920,1774360920,default
1774360428,1_2850,1_100089,2,1_491928539,1_7094,1774361760,1774361657,default
1774360428,1_46505,1_102619,F Line,1_635449569,1_7976034,1774360680,1774360680,default
1774360428,1_46505,1_102619,F Line,1_635449109,1_7976017,1774361280,1774361280,default
1774360428,1_75770,1_102615,E Line,1_585678879,1_6271,1774360903,1774360471,default
1774360428,1_72494,1_100160,269,1_720967219,1_7976380,1774360800,1774360800,default
1774360428,1_52306,1_102619,F Line,1_656236819,1_7976000,1774360800,1774360800,default
1774360428,1_52306,1_102719,161,1_693753399,1_7976231,1774361940,1774361940,default
1774360428,1_32013,1_100246,57,1_585672499,1_8246,1774361820,1774361820,default
1774360428,1_8530,1_100263,7,1_650129529,1_4552,1774360577,1774360442,default
1774360428,1_17950,1_100062,17,1_651754509,1_8290,1774360680,1774360472,default
1774360428,1_17950,1_100062,17,1_651754509,1_7974575,1774360680,1774360680,default
1774360428,1_59282,1_102717,165,1_635443719,1_7101,1774360680,1774359455,default
1774360428,1_59282,1_100072,181,1_721481449,1_7180,1774361040,1774360056,default
1774360428,1_59282,1_100072,181,1_721490209,1_7976104,1774363140,1774363140,default
1774360428,1_70691,1_100344,986,1_721034009,1_7976721,1774361520,1774361520,default
1774360428,1_10210,1_102754,256,1_778603789,1_6933,1774360721,1774360966,default
1774360428,1_10210,1_100177,303,1_761388739,1_8109,1774360560,1774361167,default
1774360428,1_82107,1_100196,331,1_724969479,1_7210,1774360658,1774360559,default
1774360428,1_620,1_100011,111,1_664454969,1_7437,1774360740,1774360556,default
1774360428,1_620,1_100104,212,1_774865889,1_6929,1774360500,1774360626,default
1774360428,1_620,40_100239,550,40_597749729,40_9665,1774360500,1774360820,default
1774360428,1_10912,1_100162,271,1_569496469,1_7976349,1774360920,1774360920,default
1774360428,1_10912,40_100511,542,40_569560409,40_7976603,1774361040,1774361040,default
1774360428,1_10912,1_100162,271,1_569553899,1_7976664,1774361400,1774361400,default
1774360428,1_10912,1_100162,271,1_569496629,1_7976370,1774362000,1774362000,default
1774360428,1_71960,40_100511,542,40_721031149,40_7976607,1774360680,1774360680,default
1774360428,1_71960,40_100511,542,40_721031489,40_7976605,1774361880,1774361880,default
1774360428,1_81982,1_100196,331,1_778699229,1_7251,1774360561,1774360616,default
1774360428,1_8403,1_100039,14,1_562518589,1_4315,1774360740,1774360591,default
1774360728,1_103,1_102745,G Line,1_736434519,1_6411,1774360695,1774360797,default
1774360728,1_85800,1_100196,331,1_778699229,1_7251,1774360872,1774360899,default
1774360728,1_60161,1_100042,148,1_762076889,1_3702,1774361580,1774360360,default
1774360728,1_970,40_590,590,40_3364020,40_9301,1774361147,1774360877,default
1774360728,1_30510,1_100249,60,1_689960809,1_7128,1774360526,1774360774,default
1774360728,1_60453,1_102715,162,1_693754409,1_6975,1774361940,1774359992,default
1774360728,1_60453,1_102715,162,1_693754419,1_7975993,1774363140,1774363140,default
1774360728,1_575,1_100089,2,1_491928509,1_7002,1774360800,1774360846,default
1774360728,1_2850,1_100089,2,1_491928529,1_7975122,1774360920,1774360920,default
1774360728,1_2850,1_100089,2,1_491928539,1_7094,1774361760,1774361722,default
1774360728,1_2850,1_100089,2,1_491928539,1_7975113,1774361760,1774361760,default
1774360728,1_46505,1_102619,F Line,1_635449109,1_7976017,1774361280,1774361280,default
1774360728,1_29423,1_102732,79,1_629939659,1_7975558,1774362300,1774362300,default
1774360728,1_52306,1_102619,F Line,1_656237079,1_7976074,1774361400,1774361400,default
1774360728,1_52306,1_102719,161,1_693753399,1_7976231,1774361940,1774361940,default
1774360728,1_16400,1_100225,45,1_583678429,1_8115,1774360835,1774360771,default
1774360728,1_80121,1_102719,161,1_694519249,1_7428,1774360785,1774360902,default
1774360728,1_32013,1_100246,57,1_585672499,1_8246,1774361820,1774361820,default
1774360728,1_8530,1_100039,14,1_562518549,1_4323,1774360732,1774360843,default
1774360728,1_99254,40_590,590,40_111020,40_9125,1774360576,1774360853,default
1774360728,1_58112,1_102619,F Line,1_635449519,1_6283,1774360521,1774360889,default
1774360728,1_17950,1_100062,17,1_721362419,1_7974580,1774363080,1774363080,default
1774360728,1_59282,1_100072,181,1_721481449,1_7180,1774361040,1774360056,default
1774360728,1_59282,1_102717,165,1_635443729,1_7093,1774361880,1774360668,default
1774360728,1_59282,1_102717,165,1_635443729,1_7976089,1774361880,1774361880,default
1774360728,1_59282,1_100072,181,1_721490209,1_7976104,1774363140,1774363140,default
1774360728,1_71678,1_102552,226,1_778457219,1_7335,1774360913,1774360848,default
1774360728,1_70691,1_100344,986,1_721034009,1_7976721,1774361520,1774361520,default
1774360728,1_82675,1_102705,230,1_664298439,1_7361,1774360907,1774360823,default
1774360728,1_10210,1_102754,256,1_778603789,1_6933,1774360721,1774360902,default
1774360728,1_10210,1_100177,303,1_761388739,1_8109,1774360560,1774361167,default
1774360728,1_7690,1_102615,E Line,1_768603599,1_6221,1774360939,1774360807,default
1774360728,1_620,40_590,590,40_106020,40_9717,1774360320,1774360894,default
1774360728,1_620,40_100236,545,40_648501529,40_7976570,1774360920,1774360969,default
1774360728,1_620,40_100236,545,40_648501529,40_9632,1774360920,1774360996,default
1774360728,1_620,40_100240,554,40_774868089,40_9818,1774361280,1774361014,default
1774360728,1_620,40_100239,550,40_597752079,40_9811,1774361100,1774361374,default
1774360728,1_10912,1_100162,271,1_569496469,1_7976349,1774360920,1774360920,default
1774360728,1_10912,40_100511,542,40_569560409,40_7976603,1774361040,1774361040,default
1774360728,1_10912,1_100162,271,1_569553899,1_7976664,1774361400,1774361400,default
1774360728,1_10912,1_100162,271,1_569496629,1_7976370,1774362000,1774362000,default
1774360728,1_71960,40_100511,542,40_721031489,40_7976605,1774361880,1774361880,default
1774361028,1_12170,1_100039,14,1_562520989,1_4369,1774361055,1774361115,default
1774361028,1_60161,1_100042,148,1_762076889,1_3702,1774361580,1774360360,default
1774361028,1_970,1_100003,101,1_762100519,1_8167,1774361052,1774360988,default
1774361028,1_55370,1_100006,107,1_635436849,1_3727,1774361083,1774360951,default
1774361028,1_60453,1_102715,162,1_693754409,1_6975,1774361940,1774359992,default
1774361028,1_60453,1_102715,162,1_693754419,1_7975993,1774363140,1774363140,default
1774361028,1_320,40_590,590,40_3364020,40_9301,1774361460,1774361190,default
1774361028,1_2850,1_100089,2,1_491928539,1_7975113,1774361760,1774361760,default
1774361028,1_46505,1_102619,F Line,1_635449109,1_7976017,1774361280,1774361280,default
1774361028,1_29423,1_102732,79,1_629939659,1_7975558,1774362300,1774362300,default
1774361028,3_31002,40_560,560,40_3177020,40_9206,1774361074,1774361244,default
1774361028,1_11200,1_100447,49,1_650117629,1_7140,1774360980,1774361112,default
1774361028,1_79610,1_100006,107,1_696733579,1_7163,1774361216,1774361064,default
1774361028,1_52306,1_102619,F Line,1_656237079,1_7976074,1774361400,1774361400,default
1774361028,1_52306,1_102719,161,1_693753399,1_7976231,1774361940,1774361940,default
1774361028,1_52306,1_102619,F Line,1_635448489,1_7976083,1774362000,1774362000,default
1774361028,1_32013,1_100246,57,1_585672499,1_8246,1774361820,1774361820,default
1774361028,1_58112,1_102619,F Line,1_635449519,1_6283,1774360521,1774361186,default
1774361028,1_40030,1_102574,40,1_690033919,1_8197,1774360520,1774361154,default
1774361028,1_17950,1_100062,17,1_721362419,1_7974580,1774363080,1774363080,default
1774361028,1_2200,1_100275,8,1_759808419,1_8021,1774361713,1774361090,default
1774361028,1_57804,1_100072,181,1_721481919,1_7125,1774360942,1774361553,default
1774361028,1_59282,1_102717,165,1_635443729,1_7093,1774361880,1774360668,default
1774361028,1_59282,1_100072,181,1_721490209,1_7976104,1774363140,1774363140,default
1774361028,1_70691,1_100344,986,1_721034009,1_7976721,1774361520,1774361520,default
1774361028,1_10210,1_100264,70,1_724578859,1_8243,1774361150,1774361183,default
1774361028,1_620,40_590,590,40_111020,40_9125,1774360920,1774361192,default
1774361028,1_10912,1_100264,70,1_724578749,1_7975074,1774361206,1774361222,default
1774361028,1_10912,1_100162,271,1_569553899,1_7976664,1774361400,1774361400,default
1774361028,1_10912,1_100162,271,1_569496629,1_7976370,1774362000,1774362000,default
1774361028,1_10912,40_100511,542,40_569560529,40_7976608,1774362300,1774362300,default
1774361028,1_10912,1_100162,271,1_569495919,1_7976665,1774362600,1774362600,default
1774361028,1_71960,40_100511,542,40_721031489,40_7976605,1774361880,1774361880,default
1774361328,1_481,1_102576,C Line,1_774681789,1_6253,1774361220,1774361358,default
1774361328,1_77930,1_102746,333,1_778703819,1_7205,1774361297,1774361390,default
1774361328,1_60161,1_100042,148,1_762076889,1_3702,1774361580,1774360360,default
1774361328,1_60453,1_102715,162,1_693754409,1_6975,1774361940,1774359992,default
1774361328,1_60453,1_102715,162,1_693754419,1_7975993,1774363140,1774363140,default
1774361328,1_320,40_100239,550,40_597752629,40_9576,1774361280,1774361415,default
1774361328,1_64569,1_100099,208,1_664282429,1_7408,1774361361,1774361361,default
1774361328,1_68784,1_100136,245,1_761787589,1_7241,1774361239,1774361365,default
1774361328,1_2850,1_100089,2,1_491928539,1_7975113,1774361760,1774361760,default
1774361328,1_29423,1_102732,79,1_629939659,1_7975558,1774362300,1774362300,default
1774361328,1_74980,1_100196,331,1_778699229,1_7251,1774361450,1774361360,default
1774361328,1_27420,23_102638,First Hill Streetcar,23_55295676,23_402,1774361460,1774361391,default
1774361328,1_10653,1_100252,62,1_736430789,1_8249,1774362148,1774361326,default
1774361328,1_52306,1_102719,161,1_693753399,1_7976231,1774361940,1774361940,default
1774361328,1_52306,1_102619,F Line,1_635448489,1_7976083,1774362000,1774362000,default
1774361328,1_32013,1_100246,57,1_585672499,1_8246,1774361820,1774361820,default
1774361328,1_32013,1_100246,57,1_662805059,1_7975102,1774363320,1774363320,default
1774361328,1_8530,1_100005,106,1_727785879,1_7115,1774361597,1774361441,default
1774361328,1_58112,1_102619,F Line,1_635448769,1_6229,1774361181,1774361481,default
1774361328,1_17950,1_100062,17,1_721362419,1_7974580,1774363080,1774363080,default
1774361328,1_54201,1_102619,F Line,1_656236819,1_6006,1774361539,1774361464,default
1774361328,1_57804,1_100072,181,1_721481919,1_7125,1774360942,1774361460,default
1774361328,1_57804,1_100072,181,1_721490229,1_7467,1774361842,1774361874,default
1774361328,1_39983,1_102736,H Line,1_694057199,1_6066,1774361100,1774361463,default
1774361328,1_59282,1_102717,165,1_635443729,1_7093,1774361880,1774360668,default
1774361328,1_59282,1_100072,181,1_721490209,1_7976104,1774363140,1774363140,default
1774361328,1_59872,1_102619,F Line,1_656237329,1_1014,1774361392,1774361557,default
1774361328,1_70691,1_100344,986,1_721034009,1_6953,1774361520,1774361246,default
1774361328,1_70691,1_100344,986,1_721034009,1_7976721,1774361520,1774361520,default
1774361328,1_10210,1_102729,322,1_761390109,1_8266,1774361820,1774362037,default
1774361328,1_620,40_100236,545,40_648501219,40_7976552,1774361520,1774361520,default
1774361328,1_620,40_100236,545,40_648501219,40_9801,1774361520,1774361559,default
1774361328,1_620,40_100239,550,40_597756649,40_9664,1774361700,1774361895,default
1774361328,1_620,1_100104,212,1_774865919,1_7483,1774362120,1774362190,default
1774361328,1_620,1_100011,111,1_664455009,1_7435,1774361640,1774362193,default
1774361328,1_10912,1_100162,271,1_569496629,1_7976370,1774362000,1774362000,default
1774361328,1_10912,40_100511,542,40_569560529,40_7976608,1774362300,1774362300,default
1774361328,1_10912,1_100162,271,1_569495919,1_7976665,1774362600,1774362600,default
1774361328,1_71960,40_100511,542,40_721031489,40_7976605,1774361880,1774361880,default
1774361328,1_8403,1_100039,14,1_562518569,1_4389,1774361460,1774361515,default
1774361628,1_481,1_102736,H Line,1_694057309,1_6078,1774361700,1774361633,default
1774361628,1_22196,1_102736,H Line,1_694057499,1_6071,1774361646,1774361611,default
1774361628,1_970,1_100045,150,1_762101959,1_8185,1774361592,1774361658,default
1774361628,1_60453,1_102715,162,1_693754409,1_6975,1774361940,1774359992,default
1774361628,1_60453,1_102715,162,1_693754419,1_7975993,1774363140,1774363140,default
1774361628,1_320,1_102754,256,1_778603789,1_6933,1774361280,1774361718,default
1774361628,1_575,1_102576,C Line,1_774681329,1_6258,1774361700,1774361682,default
1774361628,1_2850,1_100089,2,1_491928549,1_7087,1774362600,1774360915,default
1774361628,1_2850,1_100089,2,1_491928539,1_7975113,1774361760,1774361760,default
1774361628,1_46505,1_102619,F Line,1_635449369,1_7976229,1774361880,-1,default
1774361628,1_46505,1_102619,F Line,1_635448669,1_7976085,1774362480,1774362480,default
1774361628,1_29423,1_102732,79,1_629939659,1_7975558,1774362300,1774362300,default
1774361628,1_27420,1_100249,60,1_689960809,1_7128,1774361588,1774361780,default
1774361628,1_1510,1_100005,106,1_727785879,1_7115,1774361832,1774361682,default
1774361628,1_10653,1_100252,62,1_736430789,1_8249,1774362148,1774361627,default
1774361628,1_10653,1_100252,62,1_721367939,1_8006,1774361760,1774361677,default
1774361628,1_52306,40_560,560,40_3177020,40_9206,1774361700,1774361793,default
1774361628,1_52306,1_102719,161,1_693753399,1_7976231,1774361940,1774361940,default
1774361628,1_52306,1_102619,F Line,1_635448489,1_7976083,1774362000,1774362000,default
1774361628,1_80121,1_102719,161,1_694518839,1_7392,1774361565,1774361766,default
1774361628,1_32013,1_100246,57,1_585672499,1_8246,1774361820,1774361820,default
1774361628,1_32013,1_100246,57,1_662805059,1_7975102,1774363320,1774363320,default
1774361628,1_8530,1_100039,14,1_562518589,1_4315,1774361752,1774361545,default
1774361628,1_99254,1_100045,150,1_693747999,1_8189,1774361662,1774361730,default
1774361628,1_99254,1_100068,177,1_721500709,1_8191,1774361500,1774361761,default
1774361628,1_58112,1_102619,F Line,1_635449519,1_6283,1774360521,1774361742,default
1774361628,1_58112,1_102619,F Line,1_635448879,1_6243,1774361781,1774361785,default
1774361628,1_17950,1_100062,17,1_721362419,1_7974580,1774363080,1774363080,default
1774361628,1_76312,1_102705,230,1_664298389,1_7459,1774361761,1774361741,default
1774361628,1_57804,1_100072,181,1_721490229,1_7467,1774361842,1774361772,default
1774361628,1_59282,1_102717,165,1_635443729,1_7093,1774361880,1774360668,default
1774361628,1_59282,1_100072,181,1_721481779,1_7476,1774362240,1774361312,default
1774361628,1_59282,1_100072,181,1_721490209,1_7976104,1774363140,1774363140,default
1774361628,1_14280,1_102581,D Line,1_585675919,1_6069,1774361678,1774361803,default
1774361628,1_10210,1_102729,322,1_761390109,1_8266,1774361820,1774362037,default
1774361628,1_25791,1_100214,372,1_694305879,1_6980,1774361798,1774361825,default
1774361628,1_620,1_100011,111,1_664455009,1_7435,1774361640,1774362054,default
1774361628,1_620,1_100104,212,1_774865919,1_7483,1774362120,1774362157,default
1774361628,1_620,40_100239,550,40_597750129,40_9658,1774362360,1774362330,default
1774361628,1_10912,1_100264,70,1_724578839,1_7975069,1774361806,1774361806,default
1774361628,1_10912,1_100264,70,1_724578839,1_8245,1774361806,1774361818,default
1774361628,1_10912,1_100162,271,1_569496629,1_7976370,1774362000,1774362000,default
1774361628,1_10912,40_100511,542,40_569560529,40_7976608,1774362300,1774362300,default
1774361628,1_10912,1_100162,271,1_569495919,1_7976665,1774362600,1774362600,default
1774361628,1_71960,1_102752,223,1_766488029,1_7386,1774361820,1774361826,default
1774361628,1_71960,40_100511,542,40_721031489,40_7976605,1774361880,1774361880,default
1774361628,1_71960,40_100511,542,40_721030829,40_7976602,1774363140,1774363140,default
1774361628,1_81982,1_102746,333,1_778704999,1_7219,1774361739,1774361797,default
1774361628,1_81982,1_100196,331,1_778699339,1_7214,1774361761,1774361831,default
1774361928,1_12170,1_100039,14,1_562518569,1_4389,1774361955,1774362043,default
1774361928,1_29217,1_100224,44,1_664047819,1_4509,1774361822,1774361943,default
1774361928,1_970,1_100003,101,1_762100499,1_8143,1774361952,1774361919,default
1774361928,1_8541,1_100005,106,1_727785739,1_7158,1774361940,1774361945,default
1774361928,1_75890,1_102615,E Line,1_768603599,1_6221,1774362107,1774361936,default
1774361928,1_60453,1_102715,162,1_693754419,1_7975993,1774363140,1774363140,default
1774361928,1_81205,1_100072,181,1_721481919,1_7125,1774361780,1774361987,default
1774361928,1_2850,1_100089,2,1_491928549,1_7087,1774362600,1774360915,default
1774361928,1_46505,1_102619,F Line,1_635448669,1_7976085,1774362480,1774362480,default
1774361928,1_29423,1_102732,79,1_629939659,1_7975558,1774362300,1774362300,default
1774361928,1_2320,1_100001,1,1_562518639,1_4323,1774361855,1774362034,default
1774361928,1_1510,1_100001,1,1_562518659,1_4315,1774361951,1774361998,default
1774361928,1_10653,1_100252,62,1_736430789,1_8249,1774362148,1774361929,default
1774361928,1_32013,1_100246,57,1_662805059,1_7975102,1774363320,1774363320,default
1774361928,1_99254,40_595,595,40_3347020,40_9212,1774361733,1774362025,default
1774361928,1_17950,1_100062,17,1_721362419,1_7974580,1774363080,1774363080,default
1774361928,1_59282,1_100072,181,1_721481779,1_7476,1774362240,1774361312,default
1774361928,1_59282,1_100072,181,1_721490209,1_7976104,1774363140,1774363140,default
1774361928,1_59282,1_102717,165,1_635443739,1_7976049,1774363680,1774363680,default
1774361928,1_620,40_100240,554,40_774868479,40_9654,1774362240,1774362079,default
1774361928,1_620,40_100236,545,40_648499999,40_7976580,1774362120,-1,default
1774361928,1_620,40_100239,550,40_597750129,40_9658,1774362360,1774362403,default
1774361928,1_10912,1_100224,44,1_664048739,1_4540,1774361797,1774362125,default
1774361928,1_10912,40_100511,542,40_569560529,40_7976608,1774362300,1774362300,default
1774361928,1_10912,1_100162,271,1_569495919,1_7976665,1774362600,1774362600,default
1774361928,1_10912,1_100162,271,1_585519759,1_7976353,1774363440,1774363440,default
1774361928,1_71960,40_100511,542,40_721030829,40_7976602,1774363140,1774363140,default
1774362228,1_481,1_102736,H Line,1_694057209,1_6043,1774362300,1774362233,default
1774362228,1_481,1_102576,C Line,1_774681489,1_6262,1774362300,1774362242,default
1774362228,1_60453,1_102715,162,1_693754419,1_7975993,1774363140,1774363140,default
1774362228,1_320,40_100239,550,40_597749739,40_7976610,1774362180,1774362342,default
1774362228,1_2850,1_100089,2,1_491928549,1_7087,1774362600,1774360915,default
1774362228,1_2850,1_100089,2,1_491928559,1_7155,1774363440,1774363410,default
1774362228,1_46505,1_102619,F Line,1_635448669,1_7976085,1774362480,1774362480,default
1774362228,1_46505,1_102619,F Line,1_635449549,1_7975992,1774363080,1774363080,default
1774362228,1_29423,1_102732,79,1_629939659,1_7975558,1774362300,1774362300,default
1774362228,1_1190,1_100009,11,1_736449699,1_7041,1774362303,1774362279,default
1774362228,1_27420,1_100249,60,1_689960799,1_7104,1774362308,1774362327,default
1774362228,1_34740,1_100230,50,1_664485509,1_3724,1774362321,1774362218,default
1774362228,3_31002,40_560,560,40_709020,40_41508,1774362574,1774362537,default
1774362228,1_32013,1_100246,57,1_662805059,1_7975102,1774363320,1774363320,default
1774362228,1_58112,1_102619,F Line,1_635449569,1_6281,1774362381,1774362365,default
1774362228,1_17950,1_100062,17,1_721362419,1_7974580,1774363080,1774363080,default
1774362228,1_59282,1_102717,165,1_635443739,1_7198,1774363680,1774362102,default
1774362228,1_59282,1_100072,181,1_721490209,1_7976104,1774363140,1774363140,default
1774362228,1_59282,1_102717,165,1_635443739,1_7976049,1774363680,1774363680,default
1774362228,1_60710,1_100512,A Line,1_721482359,1_6240,1774362355,1774362414,default
1774362228,1_620,40_595,595,40_3347020,40_9212,1774362120,1774362434,default
1774362228,1_620,1_100459,218,1_774864089,1_6890,1774362960,1774363104,default
1774362228,1_10912,1_100264,70,1_724578729,1_7975073,1774362406,1774362436,default
1774362228,1_10912,1_100162,271,1_569495919,1_7976665,1774362600,1774362600,default
1774362228,1_10912,1_100162,271,1_585519759,1_7976353,1774363440,1774363440,default
1774362228,1_71960,40_100511,542,40_721030829,40_7976602,1774363140,1774363140,default
1774362228,1_8403,1_100039,14,1_562518599,1_4356,1774362360,1774362403,default
1774362528,1_46791,1_100016,118,1_635461269,1_3725,1774362600,1774362677,default
1774362528,1_51551,1_102736,H Line,1_694057219,1_6108,1774362397,1774362539,default
1774362528,1_60161,1_100042,148,1_762076869,1_7976054,1774363380,1774363380,default
1774362528,1_970,40_578,578,40_166020,40_9715,1774362687,1774362631,default
1774362528,1_60453,1_102715,162,1_693754419,1_8163,1774363140,1774362312,default
1774362528,1_60453,1_102715,162,1_693754419,1_7975993,1774363140,1774363140,default
1774362528,1_81205,1_100072,181,1_721490229,1_7467,1774362980,1774362544,default
1774362528,1_2850,1_100089,2,1_491928549,1_7087,1774362600,1774360915,default
1774362528,1_2850,1_100089,2,1_491928559,1_7155,1774363440,1774362221,default
1774362528,1_8080,1_100263,7,1_650128369,1_4560,1774362587,1774362509,default
1774362528,1_46505,1_102619,F Line,1_635449549,1_7975992,1774363080,1774363080,default
1774362528,1_36800,1_100228,48,1_759805079,1_8067,1774362403,1774362576,default
1774362528,1_76024,1_102702,239,1_736529569,1_3719,1774362520,1774362610,default
1774362528,1_40801,1_100012,113,1_605094929,1_7030,1774362852,1774362889,default
1774362528,1_72494,1_100160,269,1_720963989,1_7976342,1774363200,1774363200,default
1774362528,1_11940,1_100039,14,1_562518629,1_4313,1774362499,1774362648,default
1774362528,1_52306,1_102619,F Line,1_635448779,1_7976226,1774363200,1774363200,default
1774362528,1_52306,1_102719,161,1_635446139,1_7976211,1774363800,1774363800,default
1774362528,1_32013,1_100246,57,1_662805059,1_7975102,1774363320,1774363320,default
1774362528,1_8530,1_100263,7,1_650129569,1_4550,1774362737,1774362637,default
1774362528,1_99254,1_100045,150,1_724420359,1_6995,1774362400,1774362705,default
1774362528,1_17950,1_100062,17,1_721362419,1_7974580,1774363080,1774363080,default
1774362528,1_71970,1_102753,222,1_774817749,1_7341,1774362572,1774362648,default
1774362528,1_54201,1_102619,F Line,1_635448489,1_6275,1774362739,1774362652,default
1774362528,1_57804,1_100072,181,1_721490239,1_7402,1774362742,1774363009,default
1774362528,1_59282,1_102717,165,1_635443739,1_7198,1774363680,1774362102,default
1774362528,1_59282,1_100072,181,1_721490209,1_7976104,1774363140,1774363140,default
1774362528,1_70330,1_100146,255,1_635877049,1_7396,1774362718,1774362619,default
1774362528,1_10210,1_100177,303,1_761388749,1_8267,1774362600,1774363256,default
1774362528,1_25791,1_100346,988,1_825266369,1_6972,1774362861,1774362790,default
1774362528,1_620,40_100236,545,40_648501959,40_9584,1774362780,1774362754,default
1774362528,1_620,40_100240,554,40_774868959,40_9671,1774363140,1774362835,default
1774362528,1_620,1_100459,218,1_774864089,1_6890,1774362960,1774362953,default
1774362528,1_10912,1_100162,271,1_585519759,1_7976353,1774363440,1774363440,default
1774362528,1_10912,40_100511,542,40_569563159,40_7976607,1774363560,1774363560,default
1774362528,1_71960,40_100511,542,40_721030829,40_7976602,1774363140,1774363140,default
1774362828,1_12170,1_100039,14,1_562518599,1_4356,1774362855,1774362919,default
1774362828,1_60161,1_100042,148,1_762076869,1_3734,1774363380,1774362667,default
1774362828,1_60161,1_100042,148,1_762076869,1_7976054,1774363380,1774363380,default
1774362828,1_60453,1_102715,162,1_693754419,1_8163,1774363140,1774362312,default
1774362828,1_320,40_590,590,40_574020,40_41501,1774363260,1774363057,default
1774362828,1_2850,1_100089,2,1_491928559,1_7155,1774363440,1774362221,default
1774362828,1_46505,1_102619,F Line,1_635449549,1_7975992,1774363080,1774363080,default
1774362828,1_46505,1_102619,F Line,1_635448349,1_7976225,1774363680,1774363680,default
1774362828,1_1190,40_100239,550,40_597750129,40_9658,1774362769,1774362901,default
1774362828,1_11590,1_100002,10,1_675385399,1_4370,1774362878,1774362586,default
1774362828,1_3470,1_100210,36,1_630541549,1_4376,1774362600,1774362883,default
1774362828,1_1510,1_100210,36,1_630541529,1_4374,1774362818,1774362919,default
1774362828,1_10653,1_100252,62,1_736430809,1_8077,1774363528,1774362851,default
1774362828,1_40801,1_100012,113,1_605094929,1_7030,1774362852,1774362918,default
1774362828,1_3380,1_100210,36,1_630543819,1_4400,1774362900,1774362918,default
1774362828,1_72494,1_100160,269,1_720963989,1_7976342,1774363200,1774363200,default
1774362828,1_52306,1_102619,F Line,1_635448779,1_7976226,1774363200,1774363200,default
1774362828,1_52306,1_102719,161,1_635446139,1_7976211,1774363800,1774363800,default
1774362828,1_32013,1_100246,57,1_662805059,1_7975102,1774363320,1774363320,default
1774362828,1_99254,40_590,590,40_2707020,40_41511,1774362556,1774362983,default
1774362828,1_40030,1_102574,40,1_761401509,1_8157,1774362915,1774362970,default
1774362828,1_17950,1_100062,17,1_721362419,1_7974580,1774363080,1774363080,default
1774362828,1_17950,1_100062,17,1_721362429,1_7974608,1774365480,1774365480,default
1774362828,1_38220,1_100214,372,1_694306289,1_6984,1774362911,1774362936,default
1774362828,1_39983,1_102736,H Line,1_694057309,1_6078,1774362960,1774362943,default
1774362828,1_22184,1_102736,H Line,1_694057619,1_6076,1774362881,1774362986,default
1774362828,1_59282,1_102717,165,1_635443739,1_7198,1774363680,1774362102,default
1774362828,1_59282,1_100072,181,1_721490209,1_7976104,1774363140,1774363140,default
1774362828,1_59282,1_100072,181,1_721490269,1_7976199,1774364040,1774364040,default
1774362828,1_10210,1_100177,303,1_761388749,1_8267,1774362600,1774363256,default
1774362828,1_10210,1_102754,256,1_778603799,1_6900,1774363284,1774363704,default
1774362828,1_81684,1_100160,269,1_761787229,1_7384,1774363080,1774362953,default
1774362828,1_620,40_100239,550,40_597754109,40_9672,1774362960,1774363437,default
1774362828,1_620,1_100104,212,1_774865979,1_7480,1774363620,1774363730,default
1774362828,1_10912,1_100264,70,1_724578799,1_7975099,1774363006,1774363006,default
1774362828,1_10912,1_100264,70,1_724578799,1_8291,1774363006,1774363006,default
1774362828,1_10912,1_100162,271,1_585519759,1_7976353,1774363440,1774363440,default
1774362828,1_10912,40_100511,542,40_569563159,40_7976607,1774363560,1774363560,default
1774362828,1_10912,1_100162,271,1_586298069,1_7976389,1774364220,1774364220,default
1774362828,1_71960,40_100511,542,40_721030829,40_7976602,1774363140,1774363140,default
1774362828,1_71960,40_100511,542,40_721030929,40_7976603,1774364340,1774364340,default
1774363129,1_85800,1_100196,331,1_778699469,1_7232,1774363272,1774363265,default
1774363129,1_60161,1_100042,148,1_762076869,1_3734,1774363380,1774362667,default
1774363129,1_575,1_100264,70,1_724578629,1_8242,1774362960,1774363178,default
1774363129,1_575,1_100089,2,1_491928539,1_7094,1774363380,1774363238,default
1774363129,1_2850,1_100089,2,1_491928559,1_7155,1774363440,1774362221,default
1774363129,1_46505,1_102619,F Line,1_635448349,1_7976225,1774363680,1774363680,default
1774363129,1_29423,1_102732,79,1_561369239,1_7975555,1774365000,1774365000,default
1774363129,1_13810,1_102581,D Line,1_732750099,1_6110,1774363221,1774363114,default
1774363129,1_27420,1_100249,60,1_689961139,1_7153,1774363028,1774363216,default
1774363129,1_2320,1_100001,1,1_562518659,1_4315,1774362875,1774363223,default
1774363129,1_10653,1_100252,62,1_736430809,1_8077,1774363528,1774363140,default
1774363129,1_52306,1_102719,161,1_635446139,1_7976211,1774363800,1774363800,default
1774363129,1_52306,1_102619,F Line,1_635448889,1_7975997,1774363800,1774363800,default
1774363129,1_32013,1_100246,57,1_662805059,1_7975102,1774363320,1774363320,default
1774363129,1_32013,1_100246,57,1_662805059,1_7072,1774363320,1774363320,default
1774363129,1_17950,1_100062,17,1_721362429,1_7974608,1774365480,1774365480,default
1774363129,1_59282,1_102717,165,1_635443739,1_7198,1774363680,1774362102,default
1774363129,1_59282,1_100072,181,1_721490269,1_7125,1774364040,1774362942,default
1774363129,1_55831,1_100005,106,1_727785759,1_7066,1774363369,1774363247,default
1774363129,1_10210,1_102754,256,1_778603799,1_6900,1774363284,1774363516,default
1774363129,1_10210,1_102729,322,1_761390119,1_8132,1774363800,1774364005,default
1774363129,1_57791,1_102718,184,1_635442729,1_7468,1774363163,1774363320,default
1774363129,1_620,40_590,590,40_2707020,40_41511,1774362900,1774363354,default
1774363129,1_620,40_100239,550,40_597754109,40_9672,1774362960,1774363388,default
1774363129,1_620,40_100236,545,40_648500099,40_7976568,1774363380,1774363396,default
1774363129,1_620,40_100236,545,40_648500099,40_9653,1774363380,1774363432,default
1774363129,1_620,40_100239,550,40_597756369,40_9807,1774363560,1774363844,default
1774363129,1_620,1_100011,111,1_664454979,1_7407,1774363800,1774364258,default
1774363129,1_10912,1_100224,44,1_664047819,1_4509,1774363117,1774363343,default
1774363129,1_10912,1_100162,271,1_585519759,1_7976353,1774363440,1774363440,default
1774363129,1_10912,40_100511,542,40_569563159,40_7976607,1774363560,1774363560,default
1774363129,1_10912,1_100162,271,1_586298069,1_7976389,1774364220,1774364220,default
1774363129,1_71960,40_100511,542,40_721030929,40_7976603,1774364340,1774364340,default
1774363129,1_16140,1_100196,331,1_778699469,1_7232,1774363379,1774363267,default
1774363429,1_22196,1_102736,H Line,1_694057439,1_6067,1774363386,1774363435,default
1774363429,1_26560,1_102574,40,1_628199669,1_8149,1774363316,1774363508,default
1774363429,1_970,40_594,594,40_117020,40_9125,1774363830,1774363438,default
1774363429,1_320,40_100239,550,40_597756679,40_9664,1774363440,1774363513,default
1774363429,1_575,1_100263,7,1_650129569,1_4550,1774363560,1774363507,default
1774363429,1_575,1_100219,4,1_675345519,1_4319,1774363440,1774363534,default
1774363429,1_2850,1_100089,2,1_491928569,1_7157,1774364160,1774363104,default
1774363429,1_46505,1_102619,F Line,1_635448349,1_7976225,1774363680,1774363680,default
1774363429,1_46505,1_102619,F Line,1_635448999,1_7976142,1774364280,1774364280,default
1774363429,1_29423,1_102732,79,1_561369239,1_7975555,1774365000,1774365000,default
1774363429,1_77460,1_100205,348,1_771626879,1_7215,1774363485,1774363485,default
1774363429,1_10653,1_100252,62,1_736430809,1_8077,1774363528,1774363426,default
1774363429,1_49552,1_100026,128,1_651742739,1_7300,1774363528,1774363419,default
1774363429,1_52306,1_102719,161,1_635446139,1_7976211,1774363800,1774363800,default
1774363429,1_52306,1_102619,F Line,1_635448889,1_7975997,1774363800,1774363800,default
1774363429,1_8530,1_100039,14,1_562521029,1_4369,1774363552,1774363481,default
1774363429,1_58112,1_102619,F Line,1_635449369,1_6274,1774363641,1774363592,default
1774363429,1_17950,1_100062,17,1_721362429,1_7974608,1774365480,1774365480,default
1774363429,1_57350,1_102720,160,1_664467429,1_7488,1774363560,1774363506,default
1774363429,1_40065,1_102574,40,1_778707289,1_8116,1774363369,1774363539,default
1774363429,1_9030,1_100263,7,1_650128399,1_4532,1774363604,1774363454,default
1774363429,1_57804,1_100072,181,1_721490179,1_7427,1774363699,1774363712,default
1774363429,1_59282,1_102717,165,1_635443739,1_7198,1774363680,1774362102,default
1774363429,1_59282,1_100072,181,1_721490269,1_7125,1774364040,1774362942,default
1774363429,1_59282,1_102717,165,1_694516419,1_7473,1774365000,1774363080,default
1774363429,1_10210,1_100264,70,1_724578729,1_8220,1774363490,1774363595,default
1774363429,1_10210,1_102754,256,1_778603799,1_6900,1774363284,1774363653,default
1774363429,1_10210,1_102729,322,1_761390119,1_8132,1774363800,1774364005,default
1774363429,1_620,40_100239,550,40_597756369,40_9807,1774363560,1774363999,default
1774363429,1_620,1_100011,111,1_664454979,1_7407,1774363800,1774364391,default
1774363429,1_10912,1_100264,70,1_724578689,1_7975072,1774363606,1774363606,default
1774363429,1_10912,1_100264,70,1_724578689,1_8228,1774363606,1774363627,default
1774363429,1_10912,1_100162,271,1_586298069,1_7976389,1774364220,1774364220,default
1774363429,1_10912,1_100162,271,1_585555279,1_7976620,1774365240,1774365240,default
1774363429,1_71960,40_100511,542,40_721030929,40_7976603,1774364340,1774364340,default
1774363429,1_8403,1_100039,14,1_562518649,1_4394,1774363380,1774363528,default
1774363729,1_103,1_102745,G Line,1_736434659,1_6409,1774363606,1774363796,default
1774363729,1_51651,1_102736,H Line,1_694057639,1_6080,1774363778,1774363727,default
1774363729,1_575,1_100264,70,1_724578829,1_8243,1774363560,1774363794,default
1774363729,1_575,1_100028,13,1_605110189,1_7105,1774363440,1774363797,default
1774363729,1_2850,1_100089,2,1_491928569,1_7157,1774364160,1774363104,default
1774363729,1_46505,1_102619,F Line,1_635448999,1_7976142,1774364280,1774364280,default
1774363729,1_29423,1_102732,79,1_561369239,1_7975555,1774365000,1774365000,default
1774363729,1_74980,1_100196,331,1_778699469,1_7232,1774363850,1774363765,default
1774363729,1_3470,1_100249,60,1_689961329,1_7111,1774363800,1774363808,default
1774363729,1_57453,1_102720,160,1_694517189,1_7453,1774363800,1774363766,default
1774363729,1_52306,1_102619,F Line,1_635449579,1_7976034,1774364400,1774364400,default
1774363729,1_99254,1_100045,150,1_724421079,1_8106,1774363000,1774363838,default
1774363729,1_17950,1_100062,17,1_721362429,1_7974608,1774365480,1774365480,default
1774363729,1_59282,1_100072,181,1_721490269,1_7125,1774364040,1774362942,default
1774363729,1_59282,1_102717,165,1_694516419,1_7473,1774365000,1774363080,default
1774363729,1_59282,1_100072,181,1_721481629,1_7976082,1774364880,1774363795,default
1774363729,1_49572,1_100026,128,1_651742739,1_7300,1774363876,1774363773,default
1774363729,1_42540,1_100072,181,1_721481449,1_7180,1774363916,1774363813,default
1774363729,1_10210,1_102729,322,1_761390119,1_8132,1774363800,1774364005,default
1774363729,1_620,40_100236,545,40_648501439,40_7976558,1774363980,1774363980,default
1774363729,1_620,40_100236,545,40_648501439,40_9815,1774363980,1774364006,default
1774363729,1_620,1_100011,111,1_664454979,1_7407,1774363800,1774364402,default
1774363729,1_10912,1_100162,271,1_586298069,1_7976389,1774364220,1774364220,default
1774363729,1_10912,40_100511,542,40_569562809,40_7976605,1774364760,1774364760,default
1774363729,1_10912,1_100162,271,1_585555279,1_7976620,1774365240,1774365240,default
1774363729,1_71960,40_100511,542,40_721030929,40_7976603,1774364340,1774364340,default
1774364029,1_481,1_102736,H Line,1_694057379,1_6114,1774364100,1774364031,default
1774364029,1_481,1_102576,C Line,1_774681119,1_6269,1774364100,1774364042,default
1774364029,1_84372,1_100048,153,1_635458909,1_7323,1774364103,1774364041,default
1774364029,1_320,40_100239,550,40_597750139,40_9658,1774364040,1774364091,default
1774364029,1_575,1_102581,D Line,1_628189329,1_6097,1774363980,1774364071,default
1774364029,1_2850,1_100089,2,1_491928569,1_7157,1774364160,1774363104,default
1774364029,1_2850,1_100089,2,1_491928579,1_7080,1774365000,1774363632,default
1774364029,1_46505,1_102619,F Line,1_635448999,1_7976142,1774364280,1774364280,default
1774364029,1_29423,1_102732,79,1_561369239,1_7975555,1774365000,1774365000,default
1774364029,1_47660,1_102736,H Line,1_694057309,1_6078,1774364103,1774364002,default
1774364029,1_2320,1_100001,1,1_562518669,1_4313,1774363775,1774364091,default
1774364029,1_5489,1_102746,333,1_778704569,1_7205,1774363840,1774364105,default
1774364029,1_52306,1_102619,F Line,1_635449579,1_7976034,1774364400,1774364400,default
1774364029,1_51800,1_100030,131,1_786611069,1_8292,1774364146,1774364119,default
1774364029,1_8530,1_100005,106,1_727785759,1_7066,1774364286,1774364102,default
1774364029,1_17950,1_100062,17,1_721362429,1_7974608,1774365480,1774365480,default
1774364029,1_9605,1_100259,67,1_657908409,1_7975711,1774363620,1774364192,default
1774364029,1_21080,1_100026,128,1_651747339,1_7189,1774364160,1774364115,default
1774364029,1_59282,1_102717,165,1_694516419,1_7473,1774365000,1774363080,default
1774364029,1_59282,1_100072,181,1_721481629,1_7467,1774364880,1774363795,default
1774364029,1_23905,1_100214,372,1_694306299,1_7401,1774364172,1774364204,default
1774364029,1_620,1_100011,111,1_664454979,1_7407,1774363800,1774364433,default
1774364029,1_620,40_100240,554,40_774869939,40_9678,1774364100,1774364498,default
1774364029,1_620,40_100239,550,40_597750729,40_9574,1774364340,1774364649,default
1774364029,1_10912,1_100264,70,1_724578599,1_8233,1774364266,1774364187,default
1774364029,1_10912,1_100162,271,1_586298069,1_7976389,1774364220,1774364220,default
1774364029,1_10912,40_100511,542,40_569562809,40_7976605,1774364760,1774364760,default
1774364029,1_10912,1_100162,271,1_585555279,1_7976620,1774365240,1774365240,default
1774364029,1_71960,40_100511,542,40_721030929,40_7976603,1774364340,1774364340,default
1774364029,1_81982,1_100196,331,1_778699189,1_7210,1774364221,1774364194,default
1774364329,1_85800,1_100196,331,1_778699189,1_7210,1774364532,1774364454,default
1774364329,1_22196,1_102736,H Line,1_694057639,1_6080,1774364286,1774364364,default
1774364329,1_5830,1_100229,5,1_810304869,1_8221,1774363664,1774364341,default
1774364329,1_62212,1_102720,160,1_664467429,1_7488,1774364472,1774364263,default
1774364329,1_60161,1_100042,148,1_762076939,1_3727,1774365180,1774364022,default
1774364329,1_30510,1_100006,107,1_762077789,1_7121,1774364079,1774364359,default
1774364329,1_320,40_100240,554,40_560097739,40_9654,1774364280,1774364371,default
1774364329,1_575,1_100263,7,1_650129579,1_4529,1774364100,1774364380,default
1774364329,1_575,1_102576,C Line,1_774681349,1_6252,1774364100,1774364398,default
1774364329,1_2850,1_100089,2,1_491928579,1_7080,1774365000,1774363632,default
1774364329,1_29423,1_102732,79,1_561369239,1_7975555,1774365000,1774365000,default
1774364329,1_1510,1_100005,106,1_727785759,1_7066,1774364532,1774364375,default
1774364329,1_76024,1_102702,239,1_736529579,1_3706,1774364246,1774364393,default
1774364329,1_10653,1_100252,62,1_721367969,1_8059,1774364460,1774364423,default
1774364329,3_31002,40_560,560,40_631020,40_9215,1774364554,1774364596,default
1774364329,1_72494,1_100160,269,1_720964919,1_7976341,1774365240,1774365240,default
1774364329,1_5489,1_100196,331,1_778699469,1_7232,1774364449,1774364355,default
1774364329,1_52306,1_102619,F Line,1_635449119,1_7976017,1774365000,1774365000,default
1774364329,1_8530,1_100039,14,1_562518719,1_4389,1774364452,1774364480,default
1774364329,1_58112,1_102619,F Line,1_635448669,1_6227,1774364241,1774364471,default
1774364329,1_17950,1_100062,17,1_721362429,1_7974608,1774365480,1774365480,default
1774364329,1_41940,1_100249,60,1_689961089,1_7156,1774364077,1774364475,default
1774364329,1_59282,1_102717,165,1_694516419,1_7473,1774365000,1774363080,default
1774364329,1_59282,1_100072,181,1_721481629,1_7467,1774364880,1774363795,default
1774364329,1_10210,1_100177,303,1_761394229,1_8261,1774364640,1774365191,default
1774364329,1_25791,1_100214,372,1_694306579,1_6914,1774364520,1774364481,default
1774364329,1_620,40_590,590,40_538020,40_61401,1774363680,1774364499,default
1774364329,1_620,40_100236,545,40_648502949,40_7976551,1774364580,1774364641,default
1774364329,1_620,40_100239,550,40_597750729,40_9574,1774364340,1774364704,default
1774364329,1_620,1_100011,111,1_664454989,1_7413,1774365120,1774365404,default
1774364329,1_10912,40_100511,542,40_569562809,40_7976605,1774364760,1774364760,default
1774364329,1_10912,1_100162,271,1_585555279,1_7976620,1774365240,1774365240,default
1774364329,1_10912,40_100511,542,40_569567879,40_7976686,1774365960,1774365960,default
1774364329,1_10912,1_100162,271,1_585519149,1_7976348,1774366200,1774366200,default
1774364329,1_10912,1_100162,271,1_569495669,1_7976723,1774367040,1774367040,default
1774364329,1_71960,40_100511,542,40_721031259,40_7976608,1774365480,1774365480,default
1774364329,1_16140,1_100196,331,1_778699189,1_7210,1774364639,1774364455,default
1774364329,1_8403,1_100039,14,1_562518689,1_4384,1774364280,1774364265,default
1774364329,1_8403,1_100039,14,1_562518749,1_4356,1774364340,1774364545,default
1774364629,1_12170,1_100039,14,1_562518689,1_4384,1774364775,1774364775,default
1774364629,1_60161,1_100042,148,1_762076939,1_3727,1774365180,1774364022,default
1774364629,1_80692,1_100045,150,1_724420079,1_8172,1774364566,1774364671,default
1774364629,1_320,40_100239,550,40_597754089,40_9672,1774364640,1774364711,default
1774364629,1_2850,1_100089,2,1_491928579,1_7080,1774365000,1774363632,default
1774364629,1_46505,1_102619,F Line,1_635449269,1_7976074,1774365180,1774365180,default
1774364629,1_29423,1_102732,79,1_561369239,1_7975555,1774365000,1774365000,default
1774364629,1_29423,1_102732,79,1_629939919,1_7975557,1774366200,1774366200,default
1774364629,1_27420,1_100249,60,1_689961329,1_7111,1774364588,1774364725,default
1774364629,3_31002,40_560,560,40_631020,40_9215,1774364554,1774364726,default
1774364629,1_72494,1_100160,269,1_720964919,1_7976341,1774365240,1774365240,default
1774364629,1_5489,1_102746,333,1_778704969,1_7230,1774364740,1774364666,default
1774364629,1_73112,1_102704,250,1_720961819,1_7380,1774364484,1774364717,default
1774364629,1_52306,1_102619,F Line,1_635449119,1_7976017,1774365000,1774365000,default
1774364629,1_52306,1_102719,161,1_635446149,1_7976214,1774365600,1774365600,default
1774364629,1_17950,1_100062,17,1_721362429,1_7974608,1774365480,1774365480,default
1774364629,1_71970,1_102752,223,1_825197019,1_7423,1774364708,1774364752,default
1774364629,1_71970,1_102753,222,1_774817759,1_7329,1774364521,1774364758,default
1774364629,1_57804,1_100072,181,1_721481459,1_7188,1774364599,1774365013,default
1774364629,1_59282,1_102717,165,1_694516419,1_7473,1774365000,1774363080,default
1774364629,1_59282,1_100072,181,1_721481629,1_7467,1774364880,1774363795,default
1774364629,1_55430,1_100006,107,1_762076899,1_3702,1774364857,1774364730,default
1774364629,1_12760,1_100173,3,1_761127229,1_4359,1774364842,1774364775,default
1774364629,1_10210,1_100177,303,1_761394229,1_8261,1774364640,1774365392,default
1774364629,1_10210,1_102754,256,1_778603809,1_6866,1774365204,1774365672,default
1774364629,1_620,40_100236,545,40_648502949,40_7976551,1774364580,1774364927,default
1774364629,1_620,40_100239,550,40_597754819,40_9685,1774365060,1774365263,default
1774364629,1_620,1_100011,111,1_664454989,1_7413,1774365120,1774365476,default
1774364629,1_10912,1_100162,271,1_585555279,1_7976620,1774365240,1774365240,default
1774364629,1_10912,40_100511,542,40_569567879,40_7976686,1774365960,1774365960,default
1774364629,1_10912,1_100162,271,1_585519149,1_7976348,1774366200,1774366200,default
1774364629,1_10912,1_100162,271,1_569495669,1_7976723,1774367040,1774367040,default
1774364629,1_10912,1_100162,271,1_671213689,1_6953,1774367760,1774367760,default
1774364629,1_10912,1_100162,271,1_671213689,1_7976721,1774367760,1774367760,default
1774364629,1_71960,40_100511,542,40_721031259,40_7976608,1774365480,1774365480,default
1774364629,1_76310,40_100232,522,40_635897149,40_9577,1774364847,1774364852,default
1774364929,1_12170,1_100039,14,1_562518689,1_4384,1774364775,1774365021,default
1774364929,1_28370,1_102574,40,1_778706179,1_8254,1774364789,1774364940,default
1774364929,1_60161,1_100042,148,1_762076939,1_3727,1774365180,1774364022,default
1774364929,1_30510,1_100230,50,1_635468359,1_3735,1774364620,1774364958,default
1774364929,1_2850,1_100089,2,1_491928579,1_7080,1774365000,1774363632,default
1774364929,1_2850,1_100089,2,1_491928599,1_7193,1774365900,1774364380,default
1774364929,1_46505,1_102619,F Line,1_635449269,1_7976074,1774365180,1774365180,default
1774364929,1_29423,1_102732,79,1_561369239,1_7975555,1774365000,1774365000,default
1774364929,1_29423,1_102732,79,1_629939919,1_7975557,1774366200,1774366200,default
1774364929,1_89990,29_130,130,29_14875640__MCOB-DO:123:0:Weekday:1:25SEP:41027:12345,29_17111,1774364820,1774364971,default
1774364929,1_27420,23_102638,First Hill Streetcar,23_55295681,23_402,1774365060,1774365088,default
1774364929,1_72494,1_100160,269,1_720964919,1_7976341,1774365240,1774365240,default
1774364929,1_72494,1_100160,269,1_720964349,1_7976395,1774367100,1774367100,default
1774364929,1_52306,40_560,560,40_631020,40_9215,1774365180,1774365265,default
1774364929,1_52306,1_102719,161,1_635446149,1_7976214,1774365600,1774365600,default
1774364929,1_52306,1_102619,F Line,1_656237189,1_7976229,1774365900,1774365900,default
1774364929,1_99254,1_100045,150,1_724421289,1_8176,1774364440,1774365065,default
1774364929,1_17950,1_100062,17,1_721362429,1_7974608,1774365480,1774365480,default
1774364929,1_54201,1_102619,F Line,1_635449579,1_6281,1774365139,1774364986,default
1774364929,1_9605,1_100259,67,1_761384529,1_7975671,1774364580,1774365085,default
1774364929,1_57804,1_100072,181,1_721481789,1_7328,1774365442,1774365307,default
1774364929,1_10210,1_102754,256,1_778603809,1_6866,1774365204,1774365456,default
1774364929,1_10210,1_100177,303,1_761394229,1_8261,1774364640,1774365689,default
1774364929,1_10210,1_102729,322,1_761390059,1_8199,1774365660,1774365868,default
1774364929,1_620,40_100236,545,40_648502949,40_9686,1774364580,1774365234,default
1774364929,1_620,40_100236,545,40_648500349,40_7976565,1774365180,1774365238,default
1774364929,1_620,40_100239,550,40_597754819,40_9685,1774365060,1774365326,default
1774364929,1_620,40_100240,554,40_774868709,40_9683,1774365000,1774365423,default
1774364929,1_620,1_100011,111,1_664454989,1_7413,1774365120,1774365426,default
1774364929,1_10912,1_100162,271,1_585555279,1_7976620,1774365240,1774365240,default
1774364929,1_10912,40_100511,542,40_569567879,40_7976686,1774365960,1774365960,default
1774364929,1_10912,1_100162,271,1_585519149,1_7976348,1774366200,1774366200,default
1774364929,1_10912,1_100162,271,1_569495669,1_7976723,1774367040,1774367040,default
1774364929,1_10912,1_100162,271,1_671213689,1_7976721,1774367760,1774367760,default
1774364929,1_71960,40_100511,542,40_721031259,40_7976608,1774365480,1774365480,default
1774365229,1_103,1_102745,G Line,1_736434629,1_6403,1774364686,1774365244,default
1774365229,1_970,40_594,594,40_719020,40_9212,1774365630,1774365253,default
1774365229,1_970,1_100045,150,1_762102379,1_8189,1774365114,1774365255,default
1774365229,1_575,1_102576,C Line,1_774681939,1_6268,1774365060,1774365283,default
1774365229,1_2850,1_100089,2,1_491928599,1_7193,1774365900,1774364380,default
1774365229,1_46505,1_102619,F Line,1_635448499,1_7976083,1774366080,1774366080,default
1774365229,1_29423,1_102732,79,1_629939919,1_7975557,1774366200,1774366200,default
1774365229,1_280,40_594,594,40_719020,40_9212,1774365698,1774365321,default
1774365229,1_11590,1_100002,10,1_675385419,1_4329,1774365356,1774365325,default
1774365229,1_72494,1_100160,269,1_720964349,1_7976395,1774367100,1774367100,default
1774365229,1_52306,1_102719,161,1_635446149,1_7976214,1774365600,1774365600,default
1774365229,1_52306,1_102619,F Line,1_656237189,1_7976229,1774365900,1774365900,default
1774365229,1_80121,1_102719,161,1_694519319,1_7439,1774364505,1774365334,default
1774365229,1_8530,1_100263,7,1_650129619,1_4537,1774365429,1774365314,default
1774365229,1_8530,1_100005,106,1_727785919,1_7097,1774365486,1774365379,default
1774365229,1_17950,1_100062,17,1_721362429,1_7974608,1774365480,1774365480,default
1774365229,1_76312,1_102705,230,1_664298489,1_7361,1774365553,1774365437,default
1774365229,1_49350,1_100026,128,1_651743149,1_7130,1774364717,1774365382,default
1774365229,1_57804,1_100072,181,1_721481789,1_7328,1774365442,1774365255,default
1774365229,1_59282,1_100072,181,1_721481929,1_7427,1774366080,1774365115,default
1774365229,1_30180,1_100006,107,1_762076899,1_3702,1774365480,1774365318,default
1774365229,1_10210,1_102754,256,1_778603809,1_6866,1774365204,1774365591,default
1774365229,1_10210,1_100177,303,1_761394229,1_8261,1774364640,1774365961,default
1774365229,1_10210,1_102729,322,1_761390059,1_8199,1774365660,1774366107,default
1774365229,1_50787,1_100074,183,1_721501369,1_7397,1774365120,1774365396,default
1774365229,1_25791,1_100214,372,1_694305939,1_6925,1774365420,1774365495,default
1774365229,1_620,1_100011,111,1_664454989,1_7413,1774365120,1774365424,default
1774365229,1_620,1_100045,150,1_724421289,1_8176,1774364820,1774365428,default
1774365229,1_10912,40_100511,542,40_569567879,40_7976686,1774365960,1774365960,default
1774365229,1_10912,1_100162,271,1_585519149,1_7976348,1774366200,1774366200,default
1774365229,1_10912,1_100162,271,1_569495669,1_7976723,1774367040,1774367040,default
1774365229,1_10912,40_100511,542,40_569562199,40_7976602,1774367160,1774367160,default
1774365229,1_10912,1_100162,271,1_671213689,1_7976721,1774367760,1774367760,default
1774365229,1_71960,40_100511,542,40_721031259,40_7976608,1774365480,1774365480,default
1774365229,1_81982,1_100196,331,1_778699309,1_7231,1774365361,1774365410,default
1774365229,1_81982,1_102746,333,1_778704529,1_7975682,1774365399,1774365429,default
1774365229,1_8403,1_100039,14,1_562518699,1_4404,1774365240,1774365365,default
1774365229,1_46080,1_100006,107,1_635437419,1_3756,1774365355,1774365407,default
1774365529,1_46791,1_100016,118,1_637324339,1_3730,1774365540,1774365647,default
1774365529,1_22196,1_102736,H Line,1_694057659,1_6108,1774365246,1774365551,default
1774365529,1_26560,1_102574,40,1_761401509,1_8157,1774365203,1774365582,default
1774365529,1_575,1_102576,C Line,1_774681109,1_6254,1774365600,1774365608,default
1774365529,1_2850,1_100089,2,1_491928599,1_7193,1774365900,1774364380,default
1774365529,1_2850,1_100089,2,1_491928159,1_7033,1774365660,1774365497,default
1774365529,1_46505,1_102619,F Line,1_635448499,1_7976083,1774366080,1774366080,default
1774365529,1_29423,1_102732,79,1_629939919,1_7975557,1774366200,1774366200,default
1774365529,1_3470,1_100210,36,1_630542529,1_4336,1774365120,1774365600,default
1774365529,1_2320,1_100001,1,1_562518799,1_4389,1774365575,1774365623,default
1774365529,1_81199,1_100072,181,1_721481789,1_7328,1774365743,1774365580,default
1774365529,1_72494,1_100160,269,1_720964349,1_7976395,1774367100,1774367100,default
1774365529,1_52306,1_102619,F Line,1_656237189,1_7976229,1774365900,1774365900,default
1774365529,1_52306,1_102619,F Line,1_656236529,1_7976085,1774366800,1774366800,default
1774365529,1_58112,1_102619,F Line,1_635448349,1_1014,1774365441,1774365653,default
1774365529,1_2200,1_102581,D Line,1_732750369,1_6069,1774364905,1774365683,default
1774365529,1_59282,1_100072,181,1_721481929,1_7427,1774366080,1774365115,default
1774365529,1_10210,1_100264,70,1_724578599,1_8233,1774365350,1774365701,default
1774365529,1_10210,1_102754,256,1_778603809,1_6866,1774365204,1774365797,default
1774365529,1_10210,1_100177,303,1_761394229,1_8261,1774364640,1774366236,default
1774365529,1_10210,1_102729,322,1_761390059,1_8199,1774365660,1774366388,default
1774365529,1_620,40_100236,545,40_648502349,40_7976562,1774365780,1774365780,default
1774365529,1_620,40_100240,554,40_774870509,40_9570,1774365780,1774366013,default
1774365529,1_620,40_100239,550,40_597756289,40_9669,1774365780,1774366117,default
1774365529,1_620,1_100459,218,1_774864129,1_6891,1774365840,1774366563,default
1774365529,1_10912,40_100511,542,40_569567879,40_7976686,1774365960,1774365960,default
1774365529,1_10912,1_100162,271,1_585519149,1_7976348,1774366200,1774366200,default
1774365529,1_10912,1_100162,271,1_569495669,1_7976723,1774367040,1774367040,default
1774365529,1_10912,40_100511,542,40_569562199,40_7976602,1774367160,1774367160,default
1774365529,1_10912,1_100162,271,1_671213689,1_7976721,1774367760,1774367760,default
1774365529,1_71960,1_102752,223,1_766488059,1_7461,1774365720,1774365718,default
1774365529,1_41900,1_100289,9,1_664068619,1_7046,1774365720,1774365750,default
1774365829,1_12170,1_100039,14,1_562518699,1_4404,1774365759,1774365986,default
1774365829,1_77930,1_102746,333,1_778703869,1_7202,1774365797,1774365903,default
1774365829,1_12770,1_100228,48,1_721361979,1_8014,1774365820,1774365865,default
1774365829,1_575,1_102581,D Line,1_628189379,1_6117,1774365900,1774365888,default
1774365829,1_2850,1_100089,2,1_491928599,1_7193,1774365900,1774364380,default
1774365829,1_2850,1_100089,2,1_561503829,1_7033,1774366500,1774366487,default
1774365829,1_2850,1_100089,2,1_561503829,1_7975120,1774366500,1774366500,default
1774365829,1_46505,1_102619,F Line,1_635448499,1_7976083,1774366080,1774366080,default
1774365829,1_29423,1_102732,79,1_629939919,1_7975557,1774366200,1774366200,default
1774365829,3_31002,1_102736,H Line,1_694057379,1_6114,1774366066,1774365864,default
1774365829,1_40801,1_100012,113,1_605094939,1_7133,1774365972,1774366185,default
1774365829,1_72494,1_100160,269,1_720964349,1_7976395,1774367100,1774367100,default
1774365829,1_52306,1_102619,F Line,1_656236529,1_7976085,1774366800,1774366800,default
1774365829,1_99254,40_595,595,40_3382020,40_9737,1774365333,1774366024,default
1774365829,1_9605,1_100259,67,1_761384859,1_7975680,1774365540,1774366015,default
1774365829,1_2200,1_102581,D Line,1_732749879,1_6081,1774365445,1774366032,default
1774365829,1_57804,1_100072,181,1_721490189,1_7145,1774366342,1774366242,default
1774365829,1_59282,1_100072,181,1_721481929,1_7427,1774366080,1774365115,default
1774365829,1_10210,1_100177,303,1_761394229,1_8261,1774364640,1774366540,default
1774365829,1_10210,1_102729,322,1_761390059,1_8199,1774365660,1774366651,default
1774365829,1_82107,1_100196,331,1_724954109,1_7251,1774365575,1774365990,default
1774365829,1_620,40_100236,545,40_648502349,40_9806,1774365780,1774366000,default
1774365829,1_620,1_100459,218,1_774864129,1_6891,1774365840,1774366593,default
1774365829,1_620,1_100104,212,1_774865929,1_6929,1774366560,1774366774,default
1774365829,1_68888,1_102552,226,1_778457259,1_7421,1774366170,1774365963,default
1774365829,1_10912,1_100214,372,1_694306159,1_6908,1774365741,1774366008,default
1774365829,1_10912,1_100264,70,1_724578349,1_7975067,1774366066,1774366066,default
1774365829,1_10912,1_100162,271,1_585519149,1_7976348,1774366200,1774366200,default
1774365829,1_10912,1_100162,271,1_569495669,1_7976723,1774367040,1774367040,default
1774365829,1_10912,40_100511,542,40_569562199,40_7976602,1774367160,1774367160,default
1774365829,1_10912,1_100162,271,1_671213689,1_7976721,1774367760,1774367760,default
1774365829,1_71960,40_100511,542,40_721030879,40_7976607,1774366740,1774366740,default
1774366129,1_60161,1_100042,148,1_762077099,1_7976055,1774366980,1774366980,default
1774366129,1_320,40_100240,554,40_560097929,40_9678,1774366080,1774366195,default
1774366129,1_2850,1_100089,2,1_561503829,1_7975120,1774366500,1774366500,default
1774366129,1_29423,1_102732,79,1_629939919,1_7975557,1774366200,1774366200,default
1774366129,1_27420,1_100249,60,1_689960529,1_7134,1774366088,1774366213,default
1774366129,1_58342,1_100072,181,1_721481629,1_7467,1774366260,1774366259,default
1774366129,3_31002,40_560,560,40_1605020,40_41604,1774366354,1774366276,default
1774366129,1_40801,1_100012,113,1_605094939,1_7133,1774365972,1774366248,default
1774366129,1_72494,1_100160,269,1_720964349,1_7976395,1774367100,1774367100,default
1774366129,1_52306,1_102619,F Line,1_656236529,1_7976085,1774366800,1774366800,default
1774366129,1_52306,1_102719,161,1_635446159,1_7976092,1774367400,1774367400,default
1774366129,1_9605,1_100259,67,1_761384859,1_7975680,1774365540,1774366287,default
1774366129,1_57804,1_100072,181,1_721490189,1_7145,1774366342,1774366177,default
1774366129,1_59282,1_102717,165,1_770987489,1_7976081,1774366740,1774366740,default
1774366129,1_10210,1_102729,322,1_761390059,1_8199,1774365660,1774366937,default
1774366129,1_620,40_100236,545,40_648501249,40_9814,1774366380,1774366342,default
1774366129,1_620,1_100459,218,1_774864129,1_6891,1774365840,1774366593,default
1774366129,1_620,1_100104,212,1_774865929,1_6929,1774366560,1774366664,default
1774366129,1_620,1_100011,111,1_635433439,1_6976,1774366500,1774367116,default
1774366129,1_10912,1_100162,271,1_569495669,1_7976723,1774367040,1774367040,default
1774366129,1_10912,40_100511,542,40_569562199,40_7976602,1774367160,1774367160,default
1774366129,1_10912,1_100162,271,1_671213689,1_7976721,1774367760,1774367760,default
1774366129,1_71960,40_100511,542,40_721030879,40_7976607,1774366740,1774366740,default
1774366129,1_81982,1_102746,333,1_778704729,1_7975728,1774366299,1774366329,default
1774366429,1_26560,1_102574,40,1_761401169,1_7975708,1774366463,-1,default
1774366429,1_60161,1_100042,148,1_762077099,1_3709,1774366980,1774366248,default
1774366429,1_60161,1_100042,148,1_762077099,1_7976055,1774366980,1774366980,default
1774366429,1_970,40_578,578,40_3194020,40_9728,1774366287,1774366500,default
1774366429,1_68784,1_100136,245,1_761787059,1_7309,1774365838,1774366467,default
1774366429,1_575,1_100173,3,1_761127229,1_4359,1774366200,1774366534,default
1774366429,1_2850,1_100089,2,1_561503829,1_7975120,1774366500,1774366500,default
1774366429,1_46505,1_102619,F Line,1_635448789,1_7976226,1774366980,1774366980,default
1774366429,1_3380,1_100210,36,1_630541999,1_4399,1774366560,1774366495,default
1774366429,1_72494,1_100160,269,1_720964349,1_7976395,1774367100,1774367100,default
1774366429,1_52306,1_102619,F Line,1_656236529,1_7976085,1774366800,1774366800,default
1774366429,1_52306,1_102719,161,1_635446159,1_7976092,1774367400,1774367400,default
1774366429,1_21945,1_102717,165,1_664464889,1_7113,1774366140,1774366530,default
1774366429,1_8530,1_100039,14,1_562518769,1_7974991,1774366312,1774366564,default
1774366429,1_40065,1_102574,40,1_778706179,1_8254,1774366481,1774366549,default
1774366429,1_22184,1_100111,22,1_635462209,1_7433,1774366656,1774366513,default
1774366429,1_59282,1_102717,165,1_770987489,1_7188,1774366740,1774366207,default
1774366429,1_60710,1_100512,A Line,1_721482429,1_6284,1774366545,1774366614,default
1774366429,1_10210,1_102729,322,1_761390059,1_8199,1774365660,1774367226,default
1774366429,1_25791,1_100214,372,1_694306159,1_6908,1774366320,1774366600,default
1774366429,1_620,1_100104,212,1_774865929,1_6929,1774366560,1774366681,default
1774366429,1_620,40_100239,550,40_597752669,40_9576,1774366500,1774367058,default
1774366429,1_620,1_100011,111,1_635433439,1_6976,1774366500,1774367066,default
1774366429,1_10912,1_100214,372,1_694306219,1_7976768,1774366641,1774366641,default
1774366429,1_10912,1_100264,70,1_724578449,1_7975070,1774366666,1774366666,default
1774366429,1_10912,1_100162,271,1_569495669,1_7976723,1774367040,1774367040,default
1774366429,1_10912,40_100511,542,40_569562199,40_7976602,1774367160,1774367160,default
1774366429,1_10912,1_100162,271,1_671213689,1_7976721,1774367760,1774367760,default
1774366429,1_71960,40_100511,542,40_721030879,40_7976607,1774366740,1774366740,default
1774366429,1_58144,1_102717,165,1_694516419,1_7473,1774366727,1774366537,default
1774366729,1_12170,1_100039,14,1_562518729,1_4339,1774366779,1774366849,default
1774366729,1_51551,1_102736,H Line,1_694057249,1_6061,1774366777,1774366759,default
1774366729,1_26560,1_102574,40,1_761403309,1_8146,1774365863,1774366746,default
1774366729,1_60161,1_100042,148,1_762077099,1_3709,1774366980,1774366248,default
1774366729,1_970,1_100045,150,1_762101949,1_8174,1774366794,1774366750,default
1774366729,1_575,1_100264,70,1_724578579,1_8291,1774366560,1774366806,default
1774366729,1_2850,1_100089,2,1_491928609,1_7038,1774367400,1774366652,default
1774366729,1_46505,1_102619,F Line,1_635448789,1_7976226,1774366980,1774366980,default
1774366729,1_3470,1_100249,60,1_689960839,1_7090,1774366740,1774366801,default
1774366729,1_25140,1_100254,65,1_778693429,1_7975677,1774366431,1774366841,default
1774366729,1_77460,1_102746,333,1_778704729,1_7238,1774366677,1774366798,default
1774366729,1_72494,1_100160,269,1_720964349,1_7976395,1774367100,1774367100,default
1774366729,1_52306,40_560,560,40_1605020,40_41604,1774366980,1774366984,default
1774366729,1_52306,1_102719,161,1_635446159,1_7976092,1774367400,1774367400,default
1774366729,1_52306,1_102619,F Line,1_656236229,1_7976225,1774367700,1774367700,default
1774366729,1_8530,1_100263,7,1_650129649,1_4563,1774366633,1774366829,default
1774366729,1_58112,1_102619,F Line,1_635449269,1_6009,1774366941,1774366857,default
1774366729,1_70665,1_102702,239,1_736529089,1_3719,1774366860,1774366862,default
1774366729,1_41850,1_100006,107,1_762076899,1_3702,1774366930,1774366754,default
1774366729,1_57804,1_100072,181,1_721481639,1_7180,1774367242,1774367280,default
1774366729,1_59282,1_100072,181,1_721481789,1_7328,1774366860,1774366667,default
1774366729,1_10210,1_102729,322,1_761390059,1_8199,1774365660,1774367495,default
1774366729,1_10210,1_102754,256,1_778603819,1_6930,1774367004,1774367645,default
1774366729,1_620,40_100236,545,40_648502729,40_7976567,1774366980,1774367063,default
1774366729,1_620,1_100011,111,1_635433439,1_6976,1774366500,1774367066,default
1774366729,1_620,40_100239,550,40_597752669,40_9576,1774366500,1774367097,default
1774366729,1_620,40_100240,554,40_774869489,40_9684,1774366680,1774367239,default
1774366729,1_10912,1_100162,271,1_569495669,1_7976723,1774367040,1774367040,default
1774366729,1_10912,40_100511,542,40_569562199,40_7976602,1774367160,1774367160,default
1774366729,1_10912,1_100162,271,1_671213689,1_7976721,1774367760,1774367760,default
1774366729,1_71960,1_102752,223,1_766488069,1_7364,1774366920,1774366904,default
1774366729,1_8403,1_100039,14,1_562518859,1_4303,1774367040,1774366919,default
1774366729,1_76310,40_100232,522,40_635896479,40_9813,1774366875,1774366920,default
1774367029,1_575,1_102576,C Line,1_774681139,1_6247,1774366500,1774367098,default
1774367029,1_2850,1_100089,2,1_491928609,1_7038,1774367400,1774366652,default
1774367029,1_46505,1_102619,F Line,1_656236739,1_7975997,1774367880,1774367880,default
1774367029,1_47660,1_102736,H Line,1_694057249,1_6061,1774367223,1774367058,default
1774367029,1_27420,1_100249,60,1_689960539,1_7169,1774366808,1774367125,default
1774367029,1_27420,23_102638,First Hill Streetcar,23_55295684,23_403,1774367220,1774367140,default
1774367029,1_3380,1_100210,36,1_630542989,1_4385,1774367160,1774367098,default
1774367029,1_72494,1_100160,269,1_720964059,1_7976343,1774369200,1774369200,default
1774367029,1_52306,1_102719,161,1_635446159,1_7976092,1774367400,1774367400,default
1774367029,1_52306,1_102619,F Line,1_656236229,1_7976225,1774367700,1774367700,default
1774367029,1_52306,1_102719,161,1_635446169,1_7976230,1774369260,1774369260,default
1774367029,1_99254,40_590,590,40_3564020,40_9201,1774366576,1774367154,default
1774367029,1_99254,40_590,590,40_581020,40_9122,1774365976,1774367170,default
1774367029,1_99254,1_100045,150,1_693748249,1_8141,1774366660,1774367180,default
1774367029,1_99254,1_100003,101,1_694513069,1_8167,1774366900,1774367195,default
1774367029,1_36510,1_100026,128,1_651742729,1_7173,1774367150,1774367065,default
1774367029,1_57804,1_100072,181,1_721481639,1_7180,1774367242,1774367170,default
1774367029,1_39983,1_102736,H Line,1_694057269,1_6051,1774367280,1774367135,default
1774367029,1_22184,1_102736,H Line,1_694057699,1_6043,1774367081,1774367187,default
1774367029,1_59282,1_100072,181,1_721481469,1_7328,1774367880,1774366667,default
1774367029,1_31970,1_100026,128,1_651743179,1_7400,1774367056,1774367165,default
1774367029,1_60710,1_100512,A Line,1_721482439,1_6277,1774367145,1774367198,default
1774367029,1_10210,1_102754,256,1_778603819,1_6930,1774367004,1774367584,default
1774367029,1_10210,1_102729,322,1_761390059,1_8199,1774365660,1774367679,default
1774367029,1_620,40_100240,554,40_774869489,40_9684,1774366680,1774367271,default
1774367029,1_620,40_100239,550,40_597749719,40_9665,1774367100,1774367680,default
1774367029,1_10912,1_100264,70,1_724578319,1_7975066,1774367266,1774367266,default
1774367029,1_10912,1_100162,271,1_671213689,1_6953,1774367760,1774367760,default
1774367029,1_10912,1_100162,271,1_671213689,1_7976721,1774367760,1774367760,default
1774367029,1_71960,40_100511,542,40_721031479,40_7976605,1774367940,1774367940,default
1774367029,1_81982,1_102746,333,1_778704739,1_7202,1774367199,1774367199,default
1774367029,1_74124,1_102753,222,1_774817779,1_7326,1774367211,1774367180,default
1774367029,1_8403,1_100039,14,1_562518789,1_4323,1774367160,1774367160,default
1774367329,1_103,1_102745,G Line,1_736434859,1_6404,1774366846,1774367378,default
1774367329,1_481,1_102576,C Line,1_774680869,1_6257,1774367280,1774367342,default
1774367329,1_320,40_594,594,40_3723020,40_9217,1774367700,1774367424,default
1774367329,1_2850,1_100089,2,1_491928609,1_7038,1774367400,1774366652,default
1774367329,1_46505,1_102619,F Line,1_656236739,1_7975997,1774367880,1774367880,default
1774367329,1_72560,1_102704,250,1_720961839,1_7368,1774367204,1774367394,default
1774367329,1_1510,1_100210,36,1_630543079,1_4358,1774367241,1774367429,default
1774367329,1_72494,1_100160,269,1_720964059,1_7976343,1774369200,1774369200,default
1774367329,1_52306,1_102619,F Line,1_656236229,1_7976225,1774367700,1774367700,default
1774367329,1_52306,1_102619,F Line,1_656236839,1_7976142,1774368600,1774368600,default
1774367329,1_52306,1_102719,161,1_635446169,1_7976230,1774369260,1774369260,default
1774367329,1_54201,1_102619,F Line,1_656236529,1_6227,1774367549,1774367438,default
1774367329,1_9605,1_100193,32,1_651765189,1_7056,1774367180,1774367454,default
1774367329,1_9605,1_100259,67,1_761383789,1_7975675,1774366440,1774367512,default
1774367329,1_59282,1_100072,181,1_721481469,1_7328,1774367880,1774366667,default
1774367329,1_45230,1_100133,240,1_787253139,1_7369,1774367644,1774367445,default
1774367329,1_55430,1_100006,107,1_664459149,1_7118,1774367477,1774367401,default
1774367329,1_10210,1_100264,70,1_724578369,1_8244,1774366610,1774367502,default
1774367329,1_10210,1_102754,256,1_778603819,1_6930,1774367004,1774367810,default
1774367329,1_10210,1_102729,322,1_761390079,1_8253,1774368060,1774368373,default
1774367329,1_620,40_590,590,40_581020,40_9122,1774366320,1774367511,default
1774367329,1_620,40_100236,545,40_648500049,40_9659,1774367580,1774367572,default
1774367329,1_620,40_100240,554,40_774870349,40_9689,1774367580,1774367682,default
1774367329,1_620,40_100239,550,40_597749719,40_9665,1774367100,1774367847,default
1774367329,1_620,40_100239,550,40_597752139,40_9688,1774367700,1774368011,default
1774367329,1_10912,40_586,586,40_3160020,40_41602,1774367504,1774367504,default
1774367329,1_10912,1_100162,271,1_671213689,1_6953,1774367760,1774367760,default
1774367329,1_10912,1_100162,271,1_569553859,1_7976666,1774368540,1774368540,default
1774367329,1_71960,40_100511,542,40_721031479,40_7976605,1774367940,1774367940,default
1774367329,1_8403,1_100039,14,1_562518789,1_4323,1774367160,1774367434,default
1774367629,1_103,1_102745,G Line,1_736434799,1_6401,1774367206,1774367652,default
1774367629,1_970,40_578,578,40_3421020,40_9714,1774367727,1774367629,default
1774367629,1_575,1_100263,7,1_650129649,1_4563,1774367580,1774367690,default
1774367629,1_575,1_100089,2,1_491928599,1_7193,1774367580,1774367751,default
1774367629,1_46505,1_102619,F Line,1_656236739,1_7975997,1774367880,1774367880,default
1774367629,1_27420,1_100249,60,1_689960839,1_7090,1774367528,1774367727,default
1774367629,1_79877,1_100162,271,1_586298069,1_7348,1774367395,1774367691,default
1774367629,1_72494,1_100160,269,1_720964059,1_7976343,1774369200,1774369200,default
1774367629,1_74442,1_100146,255,1_635876019,1_7484,1774367773,1774367653,default
1774367629,1_71842,1_102753,222,1_774817449,1_7494,1774367440,1774367711,default
1774367629,1_52306,1_102619,F Line,1_656236839,1_7976142,1774368600,1774368600,default
1774367629,1_52306,1_102719,161,1_635446169,1_7976230,1774369260,1774369260,default
1774367629,1_9605,1_100259,67,1_761383789,1_7975675,1774366440,1774367775,default
1774367629,1_59282,1_100072,181,1_721481469,1_7328,1774367880,1774366667,default
1774367629,1_59282,1_102717,165,1_694516439,1_7103,1774368540,1774367518,default
1774367629,1_59282,1_100072,181,1_721490189,1_7145,1774367760,1774367581,default
1774367629,1_10210,1_102754,256,1_778603819,1_6930,1774367004,1774367958,default
1774367629,1_10210,1_102729,322,1_761390079,1_8253,1774368060,1774368373,default
1774367629,1_10210,1_100177,303,1_761388759,1_8109,1774366380,1774368496,default
1774367629,1_620,40_100239,550,40_597749719,40_9665,1774367100,1774367831,default
1774367629,1_620,40_100236,545,40_648502729,40_7976567,1774366980,1774367840,default
1774367629,1_620,40_100236,545,40_648502729,40_9655,1774366980,1774367882,default
1774367629,1_620,40_100239,550,40_597752139,40_9688,1774367700,1774368118,default
1774367629,1_620,1_100104,212,1_774865969,1_6900,1774367820,1774368307,default
1774367629,1_10912,1_100162,271,1_569553859,1_7976666,1774368540,1774368540,default
1774367629,1_10912,40_100511,542,40_569565609,40_7976608,1774368600,1774368600,default
1774367629,1_71960,40_100511,542,40_721031479,40_7976605,1774367940,1774367940,default
1774367629,1_81982,1_100196,331,1_778699009,1_7254,1774367701,1774367803,default
1774367629,1_71838,1_102753,222,1_774817449,1_7494,1774367585,1774367821,default
1774367629,1_76310,1_102705,230,1_664298449,1_7361,1774367544,1774367845,default
1774367929,1_29217,1_100224,44,1_659992699,1_4509,1774367822,1774367949,default
1774367929,1_60161,1_100042,148,1_762077029,1_7976053,1774368840,1774368840,default
1774367929,1_8541,1_100263,7,1_770869939,1_4557,1774368000,1774367930,default
1774367929,1_575,1_100264,70,1_724578329,1_8233,1774367760,1774367977,default
1774367929,1_575,1_100173,3,1_761127059,1_4405,1774368000,1774368014,default
1774367929,1_2850,1_100089,2,1_491928619,1_7092,1774368360,1774367824,default
1774367929,1_2850,1_100089,2,1_491928619,1_7975122,1774368360,1774368360,default
1774367929,1_27420,23_102638,First Hill Streetcar,23_55295685,23_404,1774367940,1774368035,default
1774367929,1_27420,1_100161,27,1_759817849,1_7055,1774368094,1774368060,default
1774367929,1_51471,1_102736,H Line,1_694057739,1_6114,1774368061,1774367958,default
1774367929,1_68130,1_102548,B Line,1_721018849,1_6020,1774367812,1774368008,default
1774367929,1_72494,1_100160,269,1_720964059,1_7976343,1774369200,1774369200,default
1774367929,1_52306,1_102619,F Line,1_656236839,1_7976142,1774368600,1774368600,default
1774367929,1_52306,1_102719,161,1_635446169,1_7976230,1774369260,1774369260,default
1774367929,1_8530,1_100039,14,1_562518859,1_4303,1774368052,1774368097,default
1774367929,1_99254,1_100003,101,1_694513249,1_8143,1774367740,1774368106,default
1774367929,1_59282,1_102717,165,1_694516439,1_7103,1774368540,1774367518,default
1774367929,1_60710,1_100512,A Line,1_721482449,1_6279,1774367745,1774368079,default
1774367929,1_10210,1_102754,256,1_778603819,1_6930,1774367004,1774368110,default
1774367929,1_10210,1_102729,322,1_761390079,1_8253,1774368060,1774368373,default
1774367929,1_75850,1_102615,E Line,1_761417659,1_6057,1774368101,1774368055,default
1774367929,1_620,40_100239,550,40_597752139,40_9688,1774367700,1774368104,default
1774367929,1_620,40_100236,545,40_648502159,40_7976555,1774368300,1774368300,default
1774367929,1_620,1_100104,212,1_774865969,1_6900,1774367820,1774368330,default
1774367929,1_620,40_100239,550,40_597756669,40_9664,1774368240,1774368614,default
1774367929,1_10912,1_100162,271,1_569553859,1_7976666,1774368540,1774368540,default
1774367929,1_10912,40_100511,542,40_569565609,40_7976608,1774368600,1774368600,default
1774367929,1_10912,1_100162,271,1_569495539,1_7976369,1774369500,1774369500,default
1774367929,1_81982,1_102746,333,1_778704989,1_7975683,1774368099,1774368099,default
1774367929,1_81982,1_102746,333,1_778704989,1_7219,1774368099,1774368112,default
1774367929,1_3000,1_100089,2,1_491928609,1_7038,1774367903,1774368112,default
1774368229,1_60161,1_100042,148,1_762077029,1_3733,1774368840,1774368091,default
1774368229,1_60161,1_100042,148,1_762077029,1_7976053,1774368840,1774368840,default
1774368229,1_75890,1_102615,E Line,1_761417659,1_6057,1774368325,1774368233,default
1774368229,1_575,1_102615,E Line,1_761417829,1_6104,1774368300,1774368278,default
1774368229,1_575,1_102576,C Line,1_774680929,1_6250,1774367760,1774368306,default
1774368229,1_2850,1_100089,2,1_491928619,1_7092,1774368360,1774367824,default
1774368229,1_46505,1_102619,F Line,1_656236959,1_7976017,1774368780,1774368780,default
1774368229,1_47660,1_102736,H Line,1_694057269,1_6051,1774368423,1774368261,default
1774368229,1_2320,1_100001,1,1_562518879,1_4384,1774368335,1774368285,default
1774368229,1_1510,1_100263,7,1_650129669,1_4532,1774368038,1774368315,default
1774368229,1_76024,1_102702,239,1_736529599,1_3718,1774367966,1774368314,default
1774368229,3_31002,40_560,560,40_805020,40_9123,1774368420,1774368447,default
1774368229,1_72494,1_100160,269,1_720964059,1_7976343,1774369200,1774369200,default
1774368229,1_52306,1_102619,F Line,1_656236839,1_7976142,1774368600,1774368600,default
1774368229,1_52306,1_102719,161,1_635446169,1_7976230,1774369260,1774369260,default
1774368229,1_52306,1_102619,F Line,1_656237099,1_7976074,1774369500,1774369500,default
1774368229,1_80121,1_102719,161,1_635446509,1_7176,1774367865,1774368352,default
1774368229,1_49630,1_100031,132,1_721370419,1_8008,1774368234,1774368364,default
1774368229,1_71970,1_102753,222,1_774817779,1_7326,1774368346,1774368366,default
1774368229,1_49350,1_100026,128,1_651743169,1_7313,1774368377,1774368411,default
1774368229,1_9605,1_100259,67,1_761383729,1_7975673,1774367340,1774368421,default
1774368229,1_59282,1_102717,165,1_694516439,1_7103,1774368540,1774367518,default
1774368229,1_23905,1_100214,372,1_694305869,1_6980,1774368385,1774368417,default
1774368229,1_59872,1_102619,F Line,1_656236529,1_6227,1774368652,1774368379,default
1774368229,1_71678,1_102552,226,1_778457279,1_7358,1774368502,1774368358,default
1774368229,1_620,40_100239,550,40_597756669,40_9664,1774368240,1774368787,default
1774368229,1_10912,1_100162,271,1_569553859,1_7976666,1774368540,1774368540,default
1774368229,1_10912,40_100511,542,40_569565609,40_7976608,1774368600,1774368600,default
1774368229,1_10912,1_100162,271,1_569495539,1_7976369,1774369500,1774369500,default
1774368229,1_71960,40_100511,542,40_721030869,40_7976686,1774369740,1774369740,default
1774368229,1_71960,40_100511,542,40_721030869,40_9676,1774369740,1774369740,default
1774368229,1_8403,1_100039,14,1_562518809,1_4315,1774368120,1774368252,default
1774368229,1_41900,1_100289,9,1_664068639,1_8290,1774368420,1774368458,default
1774368229,1_76310,1_100214,372,1_694306479,1_6952,1774368115,1774368414,default
1774368529,1_12170,1_100039,14,1_562518809,1_4315,1774368699,1774368507,default
1774368529,1_29217,1_100224,44,1_659992289,1_4555,1774368422,1774368548,default
1774368529,1_26560,1_102574,40,1_761403459,1_8194,1774367723,1774368611,default
1774368529,1_60161,1_100042,148,1_762077029,1_3733,1774368840,1774368091,default
1774368529,1_30790,1_100249,60,1_689961069,1_7156,1774367977,1774368589,default
1774368529,1_575,1_102581,D Line,1_585676239,1_6085,1774368600,1774368565,default
1774368529,1_575,1_100264,70,1_724578409,1_8225,1774368360,1774368605,default
1774368529,1_2850,1_100089,2,1_491928629,1_7094,1774369320,1774369211,default
1774368529,1_46505,1_102619,F Line,1_656236959,1_7976017,1774368780,1774368780,default
1774368529,1_280,40_100240,554,40_560098609,40_9684,1774368593,1774368582,default
1774368529,1_82674,1_102705,230,1_664298409,1_7459,1774368540,1774368580,default
1774368529,1_27420,23_102638,First Hill Streetcar,23_55295686,23_402,1774368660,1774368657,default
1774368529,1_72494,1_100160,269,1_720964059,1_7976343,1774369200,1774369200,default
1774368529,1_79610,1_100006,107,1_694532159,1_7121,1774368815,1774368566,default
1774368529,1_52306,1_102719,161,1_635446169,1_7976230,1774369260,1774369260,default
1774368529,1_52306,1_102619,F Line,1_656237099,1_7976074,1774369500,1774369500,default
1774368529,1_58112,1_102619,F Line,1_635448789,1_6229,1774368741,1774368693,default
1774368529,1_9605,1_100259,67,1_761383729,1_7975673,1774367340,1774368696,default
1774368529,1_74714,1_102701,225,1_736529799,1_7379,1774368452,1774368685,default
1774368529,1_10210,1_102754,256,1_778603829,1_6933,1774368804,1774369164,default
1774368529,1_620,40_100240,554,40_774868139,40_9690,1774368420,1774368692,default
1774368529,1_620,40_100239,550,40_597756669,40_9664,1774368240,1774368784,default
1774368529,1_620,40_100239,550,40_597750149,40_9658,1774368840,1774369104,default
1774368529,1_620,1_100104,212,1_774865999,1_6890,1774368900,1774369209,default
1774368529,1_10912,1_100162,271,1_569495539,1_7976369,1774369500,1774369500,default
1774368529,1_10912,1_100162,271,1_569496989,1_7976364,1774370460,1774370460,default
1774368529,1_71960,40_100511,542,40_721030869,40_7976686,1774369740,1774369740,default
1774368829,1_481,1_102736,H Line,1_694057319,1_6108,1774368900,1774368824,default
1774368829,1_77930,1_102746,333,1_778703899,1_7230,1774368497,1774368893,default
1774368829,1_30790,1_100249,60,1_689961279,1_7111,1774368697,1774368848,default
1774368829,1_575,1_100263,7,1_650129669,1_4532,1774368720,1774368919,default
1774368829,1_2850,1_100089,2,1_491928629,1_7094,1774369320,1774368540,default
1774368829,1_29423,1_102732,79,1_561369379,1_7975558,1774369800,1774369800,default
1774368829,1_47660,1_102736,H Line,1_694057359,1_6076,1774369023,1774368841,default
1774368829,1_74743,1_102701,225,1_736529799,1_7379,1774368599,1774368900,default
1774368829,1_72494,1_100160,269,1_720964059,1_7976343,1774369200,1774369200,default
1774368829,1_52306,40_560,560,40_805020,40_9123,1774369080,1774369093,default
1774368829,1_52306,1_102719,161,1_635446169,1_7976230,1774369260,1774369260,default
1774368829,1_52306,1_102619,F Line,1_656237099,1_7976074,1774369500,1774369500,default
1774368829,1_52306,1_102719,161,1_635446179,1_7976212,1774371060,1774371060,default
1774368829,1_9605,1_100259,67,1_761383729,1_7975673,1774367340,1774368975,default
1774368829,1_9605,1_100259,67,1_761384509,1_7975678,1774368240,1774369008,default
1774368829,1_57804,1_100072,181,1_721481939,1_7404,1774369042,1774369363,default
1774368829,1_59282,1_100072,181,1_721481799,1_7180,1774369680,1774368531,default
1774368829,1_60710,1_100512,A Line,1_721482469,1_6231,1774368945,1774368997,default
1774368829,1_10210,1_102754,256,1_778603829,1_6933,1774368804,1774369290,default
1774368829,1_620,40_100239,550,40_597750149,40_9658,1774368840,1774369044,default
1774368829,1_620,1_100104,212,1_774865999,1_6890,1774368900,1774369183,default
1774368829,1_10912,1_100162,271,1_569495539,1_7360,1774369500,1774368703,default
1774368829,1_10912,1_100162,271,1_569495539,1_7976369,1774369500,1774369500,default
1774368829,1_10912,40_100511,542,40_569563329,40_7976607,1774369920,1774369920,default
1774368829,1_10912,1_100162,271,1_569496989,1_7976364,1774370460,1774370460,default
1774368829,1_71960,40_100511,542,40_721030869,40_7976686,1774369740,1774369740,default
1774368829,1_81982,1_102746,333,1_778704509,1_7975727,1774368999,1774369020,default
1774369129,1_6650,1_102747,61,1_724958789,1_7975587,1774367694,1774369154,default
1774369129,1_51551,1_102736,H Line,1_694057369,1_7974897,1774369177,-1,default
1774369129,1_26560,1_102574,40,1_689602899,1_8116,1774368296,1774369272,default
1774369129,1_26560,1_102574,40,1_690034259,1_8252,1774368896,1774369276,default
1774369129,1_970,1_100003,101,1_762100599,1_8165,1774369074,1774369184,default
1774369129,1_575,1_100263,7,1_650129689,1_4554,1774369440,1774369172,default
1774369129,1_2850,1_100089,2,1_491928629,1_7094,1774369320,1774368540,default
1774369129,1_46505,1_102619,F Line,1_770992189,1_7976229,1774369740,1774369740,default
1774369129,1_29423,1_102732,79,1_561369379,1_7975558,1774369800,1774369800,default
1774369129,1_280,40_594,594,40_2364020,40_9122,1774369298,1774369171,default
1774369129,1_27420,1_100249,60,1_689961049,1_7159,1774368908,1774369218,default
1774369129,1_72560,1_102704,250,1_771116089,1_7463,1774369342,1774369211,default
1774369129,1_3470,1_100210,36,1_630541909,1_4374,1774369200,1774369156,default
1774369129,1_25140,1_100254,65,1_778693099,1_8256,1774369011,1774369185,default
1774369129,1_72494,1_100160,269,1_720964809,1_7976380,1774370940,1774370940,default
1774369129,1_52306,1_102719,161,1_635446169,1_7442,1774369260,1774368990,default
1774369129,1_52306,1_102719,161,1_635446169,1_7976230,1774369260,1774369260,default
1774369129,1_52306,1_102619,F Line,1_656237099,1_7976074,1774369500,1774369500,default
1774369129,1_52306,1_102619,F Line,1_721495929,1_7976083,1774370340,1774370340,default
1774369129,1_52306,1_102719,161,1_635446179,1_7976212,1774371060,1774371060,default
1774369129,1_40030,1_102574,40,1_689542939,1_8254,1774369155,1774369284,default
1774369129,1_41850,1_100006,107,1_664459149,1_7118,1774369344,1774369246,default
1774369129,1_9605,1_100259,67,1_761384509,1_7975678,1774368240,1774369260,default
1774369129,1_2200,1_100275,8,1_759808519,1_8069,1774369293,1774369239,default
1774369129,1_59282,1_100072,181,1_721481799,1_7180,1774369680,1774368531,default
1774369129,1_59282,1_102717,165,1_635443779,1_7976041,1774370220,1774370220,default
1774369129,1_23905,1_100214,372,1_694305889,1_6918,1774369285,1774369258,default
1774369129,1_10210,1_102754,256,1_778603829,1_6933,1774368804,1774369425,default
1774369129,1_10210,1_102729,322,1_761390099,1_8266,1774369980,1774370080,default
1774369129,1_620,40_100240,554,40_774869239,40_9812,1774369380,1774369339,default
1774369129,1_620,40_100236,545,40_648500739,40_7976553,1774369200,1774369402,default
1774369129,1_620,40_100236,545,40_648500739,40_9579,1774369200,1774369446,default
1774369129,1_620,40_100239,550,40_597754099,40_9672,1774369440,1774369773,default
1774369129,1_10912,1_100162,271,1_569495539,1_7360,1774369500,1774368703,default
1774369129,1_10912,1_100223,43,1_686456739,1_4505,1774368432,1774369296,default
1774369129,1_10912,1_100447,49,1_650118369,1_7975096,1774369260,1774369296,default
1774369129,1_10912,40_100511,542,40_569563329,40_7976607,1774369920,1774369920,default
1774369129,1_10912,1_100162,271,1_569496989,1_7976364,1774370460,1774370460,default
1774369129,1_71960,40_100511,542,40_721030869,40_7976686,1774369740,1774369740,default
1774369429,1_103,1_102745,G Line,1_736437109,1_6411,1774369006,1774369438,default
1774369429,1_46791,1_100016,118,1_669626689,1_3730,1774369260,1774369517,default
1774369429,1_970,40_578,578,40_1313020,40_9735,1774369527,1774369459,default
1774369429,1_575,1_102615,E Line,1_761417889,1_7975611,1774369500,-1,default
1774369429,1_575,1_100219,4,1_675345169,1_4301,1774369260,1774369511,default
1774369429,1_46505,1_102619,F Line,1_770992189,1_7976229,1774369740,1774369740,default
1774369429,1_29423,1_102732,79,1_561369379,1_7975558,1774369800,1774369800,default
1774369429,1_280,40_594,594,40_2364020,40_9122,1774369298,1774369477,default
1774369429,1_27420,1_100249,60,1_689960579,1_7085,1774369568,1774369586,default
1774369429,1_2320,1_100001,1,1_562518889,1_4303,1774369175,1774369527,default
1774369429,1_72494,1_100160,269,1_720964809,1_7976380,1774370940,1774370940,default
1774369429,1_5489,1_102746,333,1_778704989,1_7219,1774369300,1774369524,default
1774369429,1_52306,1_102619,F Line,1_721495929,1_7976083,1774370340,1774370340,default
1774369429,1_52306,1_102719,161,1_635446179,1_7976212,1774371060,1774371060,default
1774369429,1_99254,1_100045,150,1_694513289,1_8190,1774368580,1774369632,default
1774369429,1_58112,1_102619,F Line,1_656236739,1_6243,1774369641,1774369585,default
1774369429,1_40065,1_102574,40,1_778707169,1_8149,1774369481,1774369547,default
1774369429,1_40065,1_102574,40,1_778706749,1_8197,1774368881,1774369564,default
1774369429,1_41850,1_100249,60,1_689961249,1_7098,1774369286,1774369566,default
1774369429,1_49350,1_100026,128,1_651747309,1_7355,1774369517,1774369626,default
1774369429,1_2200,1_102581,D Line,1_732749689,1_6097,1774368865,1774369630,default
1774369429,1_59282,1_100072,181,1_721481799,1_7180,1774369680,1774368531,default
1774369429,1_59282,1_102717,165,1_635443779,1_7113,1774370220,1774369446,default
1774369429,1_59282,1_102717,165,1_635443779,1_7976041,1774370220,1774370220,default
1774369429,1_23905,1_100214,372,1_694306309,1_6973,1774369525,1774369630,default
1774369429,1_10210,1_102754,256,1_778603829,1_6933,1774368804,1774369603,default
1774369429,1_10210,1_100264,70,1_724578319,1_8201,1774368406,1774369605,default
1774369429,1_10210,1_102729,322,1_761390099,1_8266,1774369980,1774370080,default
1774369429,1_620,40_100239,550,40_597754099,40_9672,1774369440,1774369772,default
1774369429,1_620,1_100104,212,1_774865939,1_7480,1774369980,1774370073,default
1774369429,1_10912,1_100264,70,1_724578569,1_7975099,1774369645,1774369645,default
1774369429,1_10912,40_100511,542,40_569563329,40_7976607,1774369920,1774369920,default
1774369429,1_10912,1_100162,271,1_569496989,1_7976364,1774370460,1774370460,default
1774369429,1_71960,40_100511,542,40_721030869,40_7976686,1774369740,1774369740,default
1774369729,1_29217,1_100224,44,1_659993109,1_4520,1774369622,1774369743,default
1774369729,1_60161,1_100042,148,1_762077489,1_7976051,1774370640,1774370640,default
1774369729,1_8541,1_100263,7,1_770869709,1_4510,1774369800,1774369759,default
1774369729,1_320,40_594,594,40_2364020,40_9122,1774369500,1774369919,default
1774369729,1_68784,1_102548,B Line,1_721018499,1_6040,1774369779,1774369753,default
1774369729,1_81205,1_100072,181,1_721481939,1_7404,1774369591,1774369769,default
1774369729,1_575,1_102576,C Line,1_774681209,1_6220,1774369440,1774369812,default
1774369729,1_575,1_102576,C Line,1_774680799,1_6269,1774369920,1774369823,default
1774369729,1_29423,1_102732,79,1_561369379,1_7975558,1774369800,1774369800,default
1774369729,1_72494,1_100160,269,1_720964809,1_7976380,1774370940,1774370940,default
1774369729,1_52306,1_102619,F Line,1_721495929,1_7976083,1774370340,1774370340,default
1774369729,1_21945,1_102717,165,1_664464909,1_7093,1774369740,1774369855,default
1774369729,1_8530,1_100039,14,1_562518929,1_4339,1774369852,1774369836,default
1774369729,1_99254,1_100003,101,1_694513529,1_8184,1774369420,1774369930,default
1774369729,1_59282,1_102717,165,1_635443779,1_7113,1774370220,1774369446,default
1774369729,1_10210,1_100264,70,1_724578379,1_8224,1774369006,1774369916,default
1774369729,1_10210,1_102729,322,1_761390099,1_8266,1774369980,1774370080,default
1774369729,1_620,1_100104,212,1_774865939,1_7480,1774369980,1774370036,default
1774369729,1_620,40_100239,550,40_597756319,40_9807,1774370040,1774370382,default
1774369729,1_10912,1_100228,48,1_721361149,1_8036,1774369740,1774369899,default
1774369729,1_10912,40_100511,542,40_569563329,40_7976607,1774369920,1774369920,default
1774369729,1_10912,1_100162,271,1_569496989,1_7976364,1774370460,1774370460,default
1774369729,1_10912,1_100162,271,1_569496609,1_7976370,1774371360,1774371360,default
1774369729,1_81982,1_102746,333,1_778705039,1_7975729,1774369899,1774369899,default
1774369729,1_81982,1_102746,333,1_778705039,1_7230,1774369899,1774369899,default
1774370030,1_12170,1_100039,14,1_562518869,1_4313,1774369599,1774370060,default
1774370030,1_26560,1_102574,40,1_690034229,1_8104,1774369496,1774370107,default
1774370030,1_60161,1_100042,148,1_762077489,1_7976051,1774370640,1774370640,default
1774370030,1_320,40_594,594,40_2364020,40_9122,1774369500,1774370189,default
1774370030,1_2850,1_100089,2,1_662783559,1_7087,1774370340,1774369492,default
1774370030,1_46505,1_102619,F Line,1_770991539,1_7976085,1774370640,1774370640,default
1774370030,1_74980,1_100196,331,1_778699079,1_7214,1774370210,1774370079,default
1774370030,1_280,40_100240,554,40_736592599,40_7976696,1774369973,1774370120,default
1774370030,1_37200,1_100026,128,1_651742719,1_7399,1774370166,1774370022,default
1774370030,1_57453,1_102720,160,1_694517299,1_7493,1774370340,1774370071,default
1774370030,1_72494,1_100160,269,1_720964809,1_7976380,1774370940,1774370940,default
1774370030,1_52306,1_102619,F Line,1_721495929,1_7976083,1774370340,1774370340,default
1774370030,1_52306,1_102619,F Line,1_721496189,1_7976226,1774371240,1774371240,default
1774370030,1_10370,1_102732,79,1_561369379,1_7203,1774370106,1774370129,default
1774370030,1_8530,1_100263,7,1_650129719,1_4542,1774370169,1774370087,default
1774370030,1_58112,1_100045,150,1_762102659,1_8176,1774369668,1774370126,default
1774370030,1_70665,1_102704,250,1_771116119,1_7382,1774369611,1774370132,default
1774370030,1_72446,1_102752,223,1_766488099,1_7386,1774370113,1774370148,default
1774370030,1_2200,1_100275,8,1_759808529,1_7974696,1774370193,1774370193,default
1774370030,1_22184,1_102736,H Line,1_694057749,1_6071,1774370186,1774370094,default
1774370030,1_59282,1_102717,165,1_635443779,1_7113,1774370220,1774369446,default
1774370030,1_81749,1_100160,269,1_761788089,1_7411,1774370254,1774370228,default
1774370030,1_60710,1_100512,A Line,1_721482479,1_6014,1774370145,1774370204,default
1774370030,1_620,40_100239,550,40_597756319,40_9807,1774370040,1774370347,default
1774370030,1_620,40_100236,545,40_648501559,40_7976570,1774370100,1774370358,default
1774370030,1_620,40_100240,554,40_774868979,40_9652,1774370280,1774370488,default
1774370030,1_10912,1_100162,271,1_569496989,1_7976364,1774370460,1774370460,default
1774370030,1_10912,40_100511,542,40_569562649,40_7976605,1774371180,1774371180,default
1774370030,1_10912,1_100162,271,1_569496609,1_7976370,1774371360,1774371360,default
1774370030,1_8403,1_100039,14,1_562521059,1_4369,1774369920,1774370030,default
1774370030,1_41900,1_100289,9,1_664068649,1_7050,1774370220,1774370196,default
1774370330,1_60161,1_100042,148,1_762077489,1_7976051,1774370640,1774370640,default
1774370330,1_46505,1_102619,F Line,1_770991539,1_7976085,1774370640,1774370640,default
1774370330,1_280,40_100240,554,40_736592599,40_7976696,1774369973,1774370382,default
1774370330,1_1510,1_100263,7,1_650129719,1_4542,1774370394,1774370337,default
1774370330,1_58110,1_100045,150,1_762101689,1_8160,1774370460,1774370364,default
1774370330,3_31002,40_560,560,40_2846020,40_9222,1774370400,1774370401,default
1774370330,1_72494,1_100160,269,1_720964809,1_7976380,1774370940,1774370940,default
1774370330,1_79610,1_100006,107,1_694543989,1_7163,1774370495,1774370385,default
1774370330,1_52306,1_102619,F Line,1_721496189,1_7976226,1774371240,1774371240,default
1774370330,1_99254,40_590,590,40_3650020,40_9729,1774369953,1774370488,default
1774370330,1_9605,1_100259,67,1_761382989,1_7975710,1774369080,1774370494,default
1774370330,1_9605,1_100259,67,1_761384699,1_7975715,1774369920,1774370504,default
1774370330,1_57804,1_100072,181,1_721481479,1_7467,1774370842,1774370886,default
1774370330,1_40093,1_100133,240,1_766261659,1_7369,1774370489,1774370417,default
1774370330,1_59872,1_102619,F Line,1_656236839,1_6286,1774370452,1774370500,default
1774370330,1_620,40_100236,545,40_648501559,40_7976570,1774370100,1774370630,default
1774370330,1_620,40_100239,550,40_597750739,40_9574,1774370640,1774370947,default
1774370330,1_10912,1_100447,49,1_650118379,1_7975091,1774370460,1774370512,default
1774370330,1_10912,40_100511,542,40_569562649,40_7976605,1774371180,1774371180,default
1774370330,1_10912,1_100162,271,1_569496609,1_7976370,1774371360,1774371360,default
1774370330,1_10912,1_100162,271,1_569496429,1_7976349,1774372260,1774372260,default
1774370330,1_52081,1_102736,H Line,1_694057319,1_6108,1774370601,1774370437,default
1774370330,1_8403,1_100039,14,1_562518999,1_4315,1774370700,1774370485,default
1774370630,1_481,1_102736,H Line,1_694057419,1_6043,1774370700,1774370657,default
1774370630,1_575,1_100219,4,1_675345559,1_4319,1774370640,1774370712,default
1774370630,1_2850,1_100089,2,1_662783639,1_7975112,1774371240,1774371240,default
1774370630,1_40060,1_102574,40,1_778707079,1_8102,1774370785,1774370645,default
1774370630,1_77460,1_100205,348,1_771626919,1_7222,1774370685,1774370645,default
1774370630,1_72494,1_100160,269,1_720964809,1_7976380,1774370940,1774370940,default
1774370630,1_72494,1_100160,269,1_720966199,1_7976342,1774372740,1774372740,default
1774370630,1_11940,1_100039,14,1_562518969,1_4323,1774370599,1774370736,default
1774370630,1_5489,1_100196,331,1_778699079,1_7214,1774370809,1774370612,default
1774370630,1_52306,1_102719,161,1_635446179,1_7976212,1774371060,1774371060,default
1774370630,1_52306,1_102619,F Line,1_721496189,1_7976226,1774371240,1774371240,default
1774370630,1_8530,1_100005,106,1_727785469,1_7119,1774370766,1774370792,default
1774370630,1_7750,1_102615,E Line,1_768604089,1_6202,1774370226,1774370725,default
1774370630,1_13190,1_100018,12,1_694215579,1_7183,1774371040,1774370702,default
1774370630,1_40065,1_102574,40,1_778707079,1_8102,1774370869,1774370689,default
1774370630,1_9605,1_100259,67,1_761384699,1_7975715,1774369920,1774370799,default
1774370630,1_9605,1_100259,67,1_761382989,1_7975710,1774369080,1774370800,default
1774370630,1_2200,1_102581,D Line,1_732749719,1_6107,1774370305,1774370836,default
1774370630,1_57804,1_100072,181,1_721481479,1_7467,1774370842,1774370880,default
1774370630,1_59282,1_100072,181,1_721481649,1_7404,1774371480,1774370529,default
1774370630,1_59282,1_100072,181,1_721481649,1_7976104,1774371480,1774371480,default
1774370630,1_79872,1_100133,240,1_761786579,1_7342,1774370827,1774370749,default
1774370630,1_10210,1_100264,70,1_724578389,1_8220,1774370206,1774370791,default
1774370630,1_620,40_100236,545,40_648501169,40_7976552,1774371000,1774371000,default
1774370630,1_620,40_100239,550,40_597750739,40_9574,1774370640,1774371042,default
1774370630,1_620,1_100104,212,1_774865949,1_6929,1774371180,1774371232,default
1774370630,1_10912,40_100511,542,40_569562649,40_7976605,1774371180,1774371180,default
1774370630,1_10912,1_100162,271,1_569496609,1_7976370,1774371360,1774371360,default
1774370630,1_10912,1_100162,271,1_569496429,1_7976349,1774372260,1774372260,default
1774370630,1_41900,1_100249,60,1_689960629,1_7139,1774370820,1774370776,default
1774370930,1_8310,1_100263,7,1_650129749,1_4528,1774370871,1774370937,default
1774370930,1_970,1_100003,101,1_762100669,1_8143,1774370874,1774370967,default
1774370930,1_8541,1_100263,7,1_650128549,1_4532,1774371000,1774370944,default
1774370930,1_30790,1_100249,60,1_689960679,1_7169,1774370857,1774370959,default
1774370930,1_320,40_594,594,40_2959020,40_9221,1774371240,1774371088,default
1774370930,1_575,1_100263,7,1_650129719,1_4542,1774371000,1774370920,default
1774370930,1_2850,1_100089,2,1_662783639,1_7155,1774371240,1774370670,default
1774370930,1_2850,1_100089,2,1_662783639,1_7975112,1774371240,1774371240,default
1774370930,1_46505,1_102619,F Line,1_770991239,1_7976225,1774371540,1774371540,default
1774370930,1_47660,1_102736,H Line,1_694057319,1_6108,1774371303,1774370967,default
1774370930,1_27420,1_100249,60,1_689960629,1_7139,1774371008,1774371009,default
1774370930,1_77460,1_102746,333,1_778705029,1_7201,1774371057,1774370992,default
1774370930,1_50774,1_100045,150,1_694513719,1_8106,1774370946,1774370993,default
1774370930,1_72494,1_100160,269,1_720966199,1_7976342,1774372740,1774372740,default
1774370930,1_79610,1_100006,107,1_635436959,1_3702,1774371112,1774370938,default
1774370930,1_52306,1_102719,161,1_635446179,1_7976212,1774371060,1774371060,default
1774370930,1_52306,40_560,560,40_2846020,40_9222,1774371060,1774371075,default
1774370930,1_52306,1_102619,F Line,1_721496189,1_7976226,1774371240,1774371240,default
1774370930,1_52306,1_102619,F Line,1_656236749,1_7975997,1774372200,1774372200,default
1774370930,1_9605,1_100259,67,1_761384699,1_7975715,1774369920,1774371068,default
1774370930,1_9605,1_100259,67,1_761382989,1_7975710,1774369080,1774371072,default
1774370930,1_2200,1_100001,1,1_562519019,1_4384,1774371086,1774371059,default
1774370930,1_59282,1_100072,181,1_721481649,1_7404,1774371480,1774370529,default
1774370930,1_59282,1_102717,165,1_635443789,1_7135,1774372020,1774370566,default
1774370930,1_45230,1_100133,240,1_787253229,1_7337,1774371244,1774371073,default
1774370930,1_620,1_100104,212,1_774865949,1_6929,1774371180,1774371197,default
1774370930,1_620,40_100240,554,40_774868469,40_9654,1774371120,1774371249,default
1774370930,1_620,40_100236,545,40_648501169,40_7976552,1774371000,1774371255,default
1774370930,1_16990,1_102574,40,1_778707079,1_8102,1774371250,1774371030,default
1774370930,1_10912,40_100511,542,40_569562649,40_7976605,1774371180,1774371180,default
1774370930,1_10912,1_100162,271,1_569496609,1_7976370,1774371360,1774371360,default
1774370930,1_10912,1_100162,271,1_569496429,1_7976349,1774372260,1774372260,default
1774370930,1_10912,40_100511,542,40_569565799,40_7976685,1774372260,1774372343,default
1774370930,1_71960,40_100511,542,40_721031299,40_7976608,1774371660,1774371660,default
1774370930,1_81982,1_100196,331,1_778699259,1_7232,1774371121,1774371135,default
1774371230,1_85800,1_100196,331,1_778699259,1_7232,1774371432,1774371393,default
1774371230,1_29217,1_100224,44,1_664048289,1_4530,1774370738,1774371259,default
1774371230,1_73945,1_102704,250,1_720961919,1_7306,1774370926,1774371268,default
1774371230,1_970,40_578,578,40_3892020,40_9727,1774371327,1774371272,default
1774371230,1_12770,1_100228,48,1_721361149,1_8036,1774371003,1774371315,default
1774371230,1_46505,1_102619,F Line,1_770991239,1_7976225,1774371540,1774371540,default
1774371230,1_47660,1_102736,H Line,1_694057319,1_7974891,1774371303,1774370984,default
1774371230,1_280,40_100240,554,40_560097519,40_9812,1774371233,1774371280,default
1774371230,1_2320,1_100001,1,1_562518959,1_4339,1774370975,1774371318,default
1774371230,1_74152,1_102753,222,1_774817799,1_7494,1774371092,1774371300,default
1774371230,1_72494,1_100160,269,1_720966199,1_7976342,1774372740,1774372740,default
1774371230,1_52306,1_102619,F Line,1_656236749,1_7975997,1774372200,1774372200,default
1774371230,1_80121,1_102719,161,1_693753799,1_7482,1774371345,1774371340,default
1774371230,1_8530,1_100263,7,1_650129739,1_4550,1774371369,1774371271,default
1774371230,1_8530,1_100005,106,1_727785629,1_7115,1774371606,1774371331,default
1774371230,1_99254,40_594,594,40_2347020,40_9722,1774370973,1774371385,default
1774371230,1_59282,1_100072,181,1_721481649,1_7404,1774371480,1774370529,default
1774371230,1_59282,1_102717,165,1_635443789,1_7135,1774372020,1774370566,default
1774371230,1_60710,1_100512,A Line,1_721494849,1_6285,1774371345,1774371425,default
1774371230,1_14280,1_102581,D Line,1_628189459,1_6115,1774371398,1774371376,default
1774371230,1_620,40_100236,545,40_648501169,40_7976552,1774371000,1774371465,default
1774371230,1_620,40_100236,545,40_648501169,40_9801,1774371000,1774371512,default
1774371230,1_620,40_100239,550,40_597754909,40_9685,1774371540,1774371732,default
1774371230,1_10912,1_100224,44,1_659992099,1_4534,1774371517,1774371404,default
1774371230,1_10912,1_100264,70,1_724578549,1_7975068,1774371445,1774371445,default
1774371230,1_10912,40_100511,542,40_569565799,40_7976685,1774372260,1774372260,default
1774371230,1_10912,1_100162,271,1_569496429,1_7976349,1774372260,1774372260,default
1774371230,1_71960,1_102752,223,1_766488109,1_7423,1774371600,1774371414,default
1774371230,1_71960,40_100511,542,40_721031299,40_7976608,1774371660,1774371660,default
1774371230,1_16140,1_100196,331,1_778699259,1_7232,1774371539,1774371363,default
1774371530,1_22196,1_102736,H Line,1_694057779,1_6076,1774371459,1774371554,default
1774371530,1_51551,1_102736,H Line,1_694057339,1_6070,1774371457,1774371596,default
1774371530,1_60161,1_100042,148,1_762077289,1_7976071,1774372440,1774372440,default
1774371530,1_320,40_100239,550,40_597754129,40_9672,1774371360,1774371595,default
1774371530,1_575,1_100173,3,1_761127009,1_4304,1774371600,1774371472,default
1774371530,1_575,1_100001,1,1_562519009,1_4323,1774371420,1774371586,default
1774371530,1_72494,1_100160,269,1_720966199,1_7976342,1774372740,1774372740,default
1774371530,1_52306,1_102619,F Line,1_656236749,1_7975997,1774372200,1774372200,default
1774371530,1_25980,1_100254,65,1_778693779,1_7975673,1774368888,1774371640,default
1774371530,1_58112,1_100045,150,1_762101399,1_8172,1774371468,1774371655,default
1774371530,1_58112,1_102619,F Line,1_770992189,1_6274,1774371501,1774371662,default
1774371530,1_2200,1_100028,13,1_491929709,1_7033,1774371746,1774371641,default
1774371530,1_59282,1_102717,165,1_635443789,1_7135,1774372020,1774370566,default
1774371530,1_10210,1_102754,256,1_778603839,1_6885,1774371208,1774372341,default
1774371530,1_57791,1_102718,184,1_635442779,1_1039,1774371863,1774371610,default
1774371530,1_620,40_594,594,40_2347020,40_9722,1774371360,1774371773,default
1774371530,1_10912,40_100511,542,40_569565799,40_7976685,1774372260,1774372260,default
1774371530,1_10912,1_100162,271,1_569496429,1_7976349,1774372260,1774372260,default
1774371530,1_10912,1_100162,271,1_569496259,1_7976353,1774373160,1774373160,default
1774371530,1_81982,1_102746,333,1_778704909,1_7975682,1774371579,1774371724,default
1774371830,1_481,1_102736,H Line,1_694056709,1_6060,1774371900,1774371833,default
1774371830,1_60161,1_100042,148,1_762077289,1_7976071,1774372440,1774372440,default
1774371830,1_30790,1_100006,107,1_635437049,1_3727,1774371852,1774371805,default
1774371830,1_30510,1_100006,107,1_635437169,1_3709,1774371859,1774371799,default
1774371830,1_2850,1_100089,2,1_662783649,1_7080,1774372260,1774371337,default
1774371830,1_46505,1_102619,F Line,1_770991849,1_7976142,1774372440,1774372440,default
1774371830,1_27420,1_100249,60,1_689960709,1_7128,1774371728,1774371915,default
1774371830,1_72494,1_100160,269,1_720966199,1_7976342,1774372740,1774372740,default
1774371830,1_52306,1_102619,F Line,1_656236749,1_7975997,1774372200,1774372200,default
1774371830,1_52306,1_102719,161,1_635446189,1_7976123,1774372860,1774372860,default
1774371830,1_52306,1_102619,F Line,1_656236969,1_7976017,1774373100,1774373100,default
1774371830,1_8530,1_100263,7,1_650129749,1_4528,1774371969,1774371910,default
1774371830,1_2200,1_102581,D Line,1_732749679,1_6110,1774371385,1774372023,default
1774371830,1_59282,1_102717,165,1_635443789,1_7135,1774372020,1774370566,default
1774371830,1_31890,1_100026,128,1_572954469,1_7189,1774372078,1774371940,default
1774371830,1_10210,1_102754,256,1_778603839,1_6885,1774371208,1774372205,default
1774371830,1_620,40_100240,554,40_774868729,40_9656,1774372020,1774372077,default
1774371830,1_10912,40_100511,542,40_569565799,40_7976685,1774372260,1774372260,default
1774371830,1_10912,1_100162,271,1_569496429,1_7976349,1774372260,1774372260,default
1774371830,1_10912,1_100162,271,1_569496259,1_7976353,1774373160,1774373160,default
1774371830,1_10912,40_100511,542,40_569567959,40_7976686,1774373880,1774373880,default
1774372130,1_12170,1_100039,14,1_562518979,1_4356,1774372179,1774372194,default
1774372130,1_26560,1_102574,40,1_689542939,1_8254,1774371476,1774372219,default
1774372130,1_60161,1_100042,148,1_762077289,1_7976071,1774372440,1774372440,default
1774372130,1_8541,1_100263,7,1_770869719,1_4519,1774372200,1774372086,default
1774372130,1_575,1_102615,E Line,1_761418139,1_6053,1774371900,1774372199,default
1774372130,1_575,1_100264,70,1_724578459,1_8243,1774370520,1774372226,default
1774372130,1_2850,1_100089,2,1_662783649,1_7080,1774372260,1774371337,default
1774372130,1_46505,1_102619,F Line,1_770991849,1_7976142,1774372440,1774372440,default
1774372130,1_29423,1_102732,79,1_561369519,1_7975557,1774373400,1774373400,default
1774372130,1_77460,1_102746,333,1_778704909,1_7234,1774371957,1774372222,default
1774372130,1_58110,1_100045,150,1_762102669,1_8141,1774372260,1774372218,default
1774372130,3_31002,40_560,560,40_3689020,40_9202,1774372260,1774372243,default
1774372130,1_8190,1_100263,7,1_650129779,1_4514,1774372256,1774372135,default
1774372130,1_72494,1_100160,269,1_720966199,1_7976342,1774372740,1774372740,default
1774372130,1_52306,1_102719,161,1_635446189,1_7976123,1774372860,1774372860,default
1774372130,1_52306,1_102619,F Line,1_656236969,1_7976017,1774373100,1774373100,default
1774372130,1_52306,1_102719,161,1_635446199,1_7976093,1774374660,1774374660,default
1774372130,1_99254,40_594,594,40_2475020,40_9301,1774372173,1774372266,default
1774372130,1_70665,1_102704,250,1_720961999,1_7380,1774372251,1774372084,default
1774372130,1_59872,1_102619,F Line,1_721495929,1_6275,1774372252,1774372282,default
1774372130,1_45230,1_100133,240,1_787241319,1_7240,1774372324,1774372253,default
1774372130,1_620,40_100239,550,40_597756259,40_9669,1774372440,1774372734,default
1774372130,1_10912,1_100162,271,1_569496259,1_7976353,1774373160,1774373160,default
1774372130,1_10912,40_100511,542,40_569567959,40_7976686,1774373880,1774373880,default
1774372130,1_71960,40_100511,542,40_721030839,40_7976607,1774373460,1774373460,default
1774372430,1_103,1_102745,G Line,1_736437089,1_6411,1774371886,1774372466,default
1774372430,1_481,1_100024,125,1_770790019,1_7024,1774372500,1774372446,default
1774372430,1_970,40_594,594,40_3888020,40_61404,1774372804,1774372518,default
1774372430,1_8541,1_100039,14,1_562519039,1_4384,1774372500,1774372492,default
1774372430,1_575,1_100219,4,1_675345569,1_4371,1774372440,1774372531,default
1774372430,1_29423,1_102732,79,1_561369519,1_7975557,1774373400,1774373400,default
1774372430,1_72494,1_100160,269,1_720966199,1_7976342,1774372740,1774372740,default
1774372430,1_72494,1_100160,269,1_720963929,1_7976341,1774374540,1774374540,default
1774372430,1_52306,1_102719,161,1_635446189,1_7976123,1774372860,1774372860,default
1774372430,1_52306,1_102619,F Line,1_656236969,1_7976017,1774373100,1774373100,default
1774372430,1_52306,1_102719,161,1_635446199,1_7976093,1774374660,1774374660,default
1774372430,1_9605,1_100259,67,1_761382629,1_7975677,1774371720,1774372559,default
1774372430,1_9605,1_100259,67,1_761385109,1_7975670,1774370820,1774372579,default
1774372430,1_57804,1_100072,181,1_721481809,1_7427,1774372642,1774372921,default
1774372430,1_22184,1_102736,H Line,1_694056949,1_6080,1774372586,1774372512,default
1774372430,1_59282,1_100072,181,1_721481949,1_7467,1774373280,1774372095,default
1774372430,1_23905,1_100214,372,1_694306769,1_6876,1774372225,1774372576,default
1774372430,1_25791,1_100214,372,1_694305929,1_6918,1774372598,1774372643,default
1774372430,1_620,40_100240,554,40_774869909,40_9678,1774372920,1774372900,default
1774372430,1_10912,1_100162,271,1_569496259,1_7976353,1774373160,1774373160,default
1774372430,1_10912,40_100511,542,40_569567959,40_7976686,1774373880,1774373880,default
1774372430,1_71960,40_100511,542,40_721030839,40_7976607,1774373460,1774373460,default
1774372430,1_18220,1_100219,4,1_675345189,1_4360,1774372680,1774372596,default
1774372730,1_320,40_594,594,40_3888020,40_61404,1774373040,1774372754,default
1774372730,1_575,1_100089,2,1_662783639,1_7155,1774372800,1774372699,default
1774372730,1_575,1_100263,7,1_650129749,1_4528,1774372800,1774372740,default
1774372730,1_2850,1_100089,2,1_491928669,1_7157,1774372980,1774372480,default
1774372730,1_2850,1_100089,2,1_491928669,1_7975121,1774372980,1774372980,default
1774372730,1_46505,1_102619,F Line,1_770992099,1_7976074,1774373340,1774373340,default
1774372730,1_29423,1_102732,79,1_561369519,1_7975557,1774373400,1774373400,default
1774372730,1_57453,1_102720,160,1_770989049,1_7406,1774372800,1774372775,default
1774372730,1_81254,1_102746,333,1_778705029,1_7975726,1774372801,1774372682,default
1774372730,1_72494,1_100160,269,1_720963929,1_7976341,1774374540,1774374540,default
1774372730,1_11940,1_100039,14,1_562521079,1_7974993,1774372399,1774372832,default
1774372730,1_52306,1_102719,161,1_635446189,1_7439,1774372860,1774372682,default
1774372730,1_52306,1_102719,161,1_635446189,1_7976123,1774372860,1774372860,default
1774372730,1_52306,40_560,560,40_3689020,40_9202,1774372920,1774372931,default
1774372730,1_52306,1_102619,F Line,1_656236969,1_7976017,1774373100,1774373100,default
1774372730,1_52306,1_102619,F Line,1_656237209,1_7976229,1774374000,1774374000,default
1774372730,1_52306,1_102719,161,1_635446199,1_7976093,1774374660,1774374660,default
1774372730,1_99254,1_100003,101,1_762100809,1_8120,1774372840,1774372756,default
1774372730,1_38220,1_100214,372,1_694306189,1_6982,1774372871,1774372819,default
1774372730,1_40093,1_100133,240,1_766261669,1_7373,1774372889,1774372832,default
1774372730,1_59282,1_100072,181,1_721481949,1_7467,1774373280,1774372095,default
1774372730,1_59282,1_102717,165,1_635443799,1_7093,1774373820,1774372527,default
1774372730,1_85531,1_102757,187,1_762095009,1_7148,1774372920,1774372891,default
1774372730,1_41370,1_100028,13,1_662783629,1_7087,1774373137,1774372819,default
1774372730,1_620,40_100240,554,40_774869909,40_9678,1774372920,1774372890,default
1774372730,1_620,40_100239,550,40_597752639,40_9576,1774373340,1774373423,default
1774372730,1_10912,1_100162,271,1_569496259,1_7976353,1774373160,1774373160,default
1774372730,1_10912,40_100511,542,40_569567959,40_7976686,1774373880,1774373880,default
1774372730,1_10912,1_100162,271,1_569495889,1_7976665,1774374060,1774374060,default
1774372730,1_10912,1_100162,271,1_569497089,1_7976667,1774374960,1774374960,default
1774372730,1_71960,40_100511,542,40_721030839,40_7976607,1774373460,1774373460,default
1774373030,1_12170,1_100039,14,1_562518989,1_4394,1774373079,1774373079,default
1774373030,1_46791,1_100016,118,1_669626699,1_3725,1774373160,1774373174,default
1774373030,1_970,40_578,578,40_512020,40_9729,1774373127,1774373038,default
1774373030,1_46505,1_102619,F Line,1_770992099,1_7976074,1774373340,1774373340,default
1774373030,1_29423,1_102732,79,1_561369519,1_7975557,1774373400,1774373400,default
1774373030,1_27420,23_102638,First Hill Streetcar,23_55295691,23_402,1774373160,1774373093,default
1774373030,1_2320,1_100001,1,1_562519059,1_4315,1774372775,1774373113,default
1774373030,1_72494,1_100160,269,1_720963929,1_7976341,1774374540,1774374540,default
1774373030,1_52306,1_102619,F Line,1_656237209,1_7976229,1774374000,1774374000,default
1774373030,1_52306,1_102719,161,1_635446199,1_7976093,1774374660,1774374660,default
1774373030,1_8530,1_100005,106,1_727785649,1_7066,1774373286,1774373092,default
1774373030,1_99254,40_594,594,40_3863020,40_9205,1774373193,1774373256,default
1774373030,1_45670,1_100210,36,1_630542019,1_4399,1774373184,1774373064,default
1774373030,1_39983,1_102736,H Line,1_694056709,1_6060,1774373160,1774373136,default
1774373030,1_59282,1_100072,181,1_721481949,1_7467,1774373280,1774372095,default
1774373030,1_59282,1_102717,165,1_635443799,1_7093,1774373820,1774372527,default
1774373030,1_60710,1_100512,A Line,1_721494799,1_6234,1774373205,1774373207,default
1774373030,1_620,40_100239,550,40_597752639,40_9576,1774373340,1774373304,default
1774373030,1_10912,40_100511,542,40_569567959,40_7976686,1774373880,1774373880,default
1774373030,1_10912,1_100162,271,1_569495889,1_7976665,1774374060,1774374060,default
1774373030,1_10912,1_100162,271,1_569497089,1_7976667,1774374960,1774374960,default
1774373030,1_71960,40_100511,542,40_721030839,40_7976607,1774373460,1774373460,default
1774373330,1_12170,1_100039,14,1_562518989,1_4394,1774373079,1774373458,default
1774373330,1_60161,1_100042,148,1_762077079,1_3702,1774374240,1774373024,default
1774373330,1_8541,1_100263,7,1_770870829,1_4542,1774373400,1774373177,default
1774373330,1_68784,1_102548,B Line,1_721018659,1_6022,1774373379,1774373286,default
1774373330,1_575,1_100173,3,1_761126529,1_4359,1774373400,1774373277,default
1774373330,1_2850,1_100089,2,1_491928679,1_7193,1774373880,1774373107,default
1774373330,1_29423,1_102732,79,1_561369519,1_7975557,1774373400,1774373400,default
1774373330,1_1510,1_100005,106,1_727785649,1_7066,1774373532,1774373299,default
1774373330,1_72494,1_100160,269,1_720963929,1_7976341,1774374540,1774374540,default
1774373330,1_52306,1_102619,F Line,1_656237209,1_7976229,1774374000,1774374000,default
1774373330,1_52306,1_102719,161,1_635446199,1_7976093,1774374660,1774374660,default
1774373330,1_80121,1_102719,161,1_693753809,1_7186,1774373145,1774373486,default
1774373330,1_8530,1_100039,14,1_562519079,1_4369,1774373452,1774373388,default
1774373330,1_70665,1_100136,245,1_705514279,1_7457,1774373685,1774373453,default
1774373330,1_2200,1_102581,D Line,1_732750419,1_6069,1774372645,1774373475,default
1774373330,1_59282,1_102717,165,1_635443799,1_7093,1774373820,1774372527,default
1774373330,1_10912,40_100511,542,40_569567959,40_7976686,1774373880,1774373880,default
1774373330,1_10912,1_100162,271,1_569495889,1_7976665,1774374060,1774374060,default
1774373330,1_10912,1_100162,271,1_569497089,1_7976667,1774374960,1774374960,default
1774373330,1_52081,1_102736,H Line,1_694056709,1_6060,1774373619,1774373502,default
1774373630,1_60161,1_100042,148,1_762077079,1_3702,1774374240,1774373024,default
1774373630,1_30790,1_100006,107,1_635437129,1_3709,1774373652,1774373632,default
1774373630,1_30790,1_100249,60,1_689960619,1_7085,1774373737,1774373653,default
1774373630,1_49588,1_100026,128,1_651742699,1_7355,1774373655,1774373633,default
1774373630,1_30510,1_100006,107,1_635437029,1_3733,1774373659,1774373659,default
1774373630,1_575,1_102576,C Line,1_774680789,1_6254,1774373880,1774373572,default
1774373630,1_575,1_100028,13,1_662783809,1_7080,1774373700,1774373713,default
1774373630,1_2850,1_100089,2,1_491928679,1_7193,1774373880,1774373107,default
1774373630,1_8080,1_100263,7,1_650129809,1_4560,1774373652,1774373671,default
1774373630,1_46505,1_102619,F Line,1_770991389,1_7976083,1774374240,1774374240,default
1774373630,1_68130,1_102548,B Line,1_721018349,1_6030,1774373632,1774373784,default
1774373630,1_72494,1_100160,269,1_720963929,1_7976341,1774374540,1774374540,default
1774373630,1_52306,1_102619,F Line,1_656237209,1_7976229,1774374000,1774374000,default
1774373630,1_52306,1_102719,161,1_635446199,1_7976093,1774374660,1774374660,default
1774373630,1_52306,1_102619,F Line,1_656236549,1_7976085,1774374900,1774374900,default
1774373630,1_22184,1_100024,125,1_770790019,1_7024,1774373975,1774373722,default
1774373630,1_59282,1_102717,165,1_635443799,1_7093,1774373820,1774372527,default
1774373630,1_81749,1_100160,269,1_761787169,1_7976343,1774373823,1774373823,default
1774373630,1_57791,1_102718,184,1_635442789,1_7468,1774373843,1774373795,default
1774373630,1_25791,1_100214,372,1_694306489,1_6952,1774373498,1774373818,default
1774373630,1_620,40_594,594,40_3863020,40_9205,1774373580,1774373795,default
1774373630,1_620,40_100236,545,40_560087729,40_7976551,1774373760,1774373910,default
1774373630,1_620,40_100236,545,40_560087729,40_9686,1774373760,1774373938,default
1774373630,1_10912,1_100214,372,1_694306609,1_6914,1774373841,1774373784,default
1774373630,1_10912,40_100511,542,40_569567959,40_7976686,1774373880,1774373880,default
1774373630,1_10912,1_100162,271,1_569495889,1_7976665,1774374060,1774374060,default
1774373630,1_10912,1_100162,271,1_569497089,1_7976667,1774374960,1774374960,default
1774373630,1_10912,40_100511,542,40_569565579,40_7976608,1774375680,1774375680,default
1774373930,1_12170,1_100039,14,1_562519039,1_4384,1774373979,1774373979,default
1774373930,1_22196,1_102736,H Line,1_694056959,1_6108,1774373859,1774373946,default
1774373930,1_60161,1_100042,148,1_762077079,1_3702,1774374240,1774373024,default
1774373930,1_46505,1_102619,F Line,1_770991389,1_7976083,1774374240,1774374240,default
1774373930,1_280,40_100240,554,40_560096819,40_7976690,1774373873,1774373977,default
1774373930,1_280,40_100240,554,40_560096819,40_9656,1774373873,1774374019,default
1774373930,1_27420,1_100249,60,1_689960949,1_7156,1774373708,1774374016,default
1774373930,1_1510,1_100210,36,1_630542619,1_4501,1774373678,1774374004,default
1774373930,3_31002,40_560,560,40_2679020,40_9206,1774374060,1774374137,default
1774373930,1_72494,1_100160,269,1_720963929,1_7976341,1774374540,1774374540,default
1774373930,1_52306,1_102719,161,1_635446199,1_7976093,1774374660,1774374660,default
1774373930,1_52306,1_102619,F Line,1_656236549,1_7976085,1774374900,1774374900,default
1774373930,1_52306,1_102719,161,1_693753479,1_7976231,1774376340,1774376340,default
1774373930,1_8530,1_100005,106,1_727785419,1_7097,1774374186,1774374013,default
1774373930,1_9605,1_100259,67,1_761385159,1_7975676,1774373520,1774374080,default
1774373930,1_57804,1_100072,181,1_721481659,1_7328,1774374442,1774374459,default
1774373930,1_22184,1_100249,60,1_689960649,1_7099,1774374065,1774373273,default
1774373930,1_620,40_100240,554,40_774870499,40_9570,1774374060,1774374131,default
1774373930,1_620,40_100239,550,40_597752089,40_9688,1774374240,1774374602,default
1774373930,1_16990,1_102574,40,1_778707219,1_8194,1774374310,1774374070,default
1774373930,1_10912,1_100264,70,1_724578439,1_7975070,1774373605,1774374116,default
1774373930,1_10912,1_100162,271,1_569497089,1_7976667,1774374960,1774374960,default
1774373930,1_10912,40_100511,542,40_569565579,40_7976608,1774375680,1774375680,default
1774373930,1_10912,1_100162,271,1_569496909,1_7976389,1774375860,1774375860,default
1774374230,1_2850,1_100089,2,1_491928689,1_7033,1774374780,1774373525,default
1774374230,1_46505,1_102619,F Line,1_635449599,1_7976003,1774375980,1774375980,default
1774374230,1_25140,1_100254,65,1_778692989,1_8268,1774374351,1774374267,default
1774374230,1_1510,1_100005,106,1_727785419,1_7097,1774374432,1774374245,default
1774374230,1_79877,1_100162,271,1_569496989,1_7362,1774373492,1774374326,default
1774374230,1_72494,1_100160,269,1_720963929,1_7976341,1774374540,1774374540,default
1774374230,1_72494,1_100160,269,1_720964889,1_7976395,1774376340,1774376340,default
1774374230,1_79610,1_100006,107,1_635437049,1_3727,1774374592,1774374304,default
1774374230,1_52306,1_102719,161,1_635446199,1_7976093,1774374660,1774374660,default
1774374230,1_52306,1_102619,F Line,1_656236549,1_7976085,1774374900,1774374900,default
1774374230,1_52306,1_102719,161,1_693753479,1_7976231,1774376340,1774376340,default
1774374230,1_8530,1_100039,14,1_562519109,1_4389,1774374352,1774374408,default
1774374230,1_99254,40_594,594,40_2808020,40_9125,1774374393,1774374448,default
1774374230,1_9605,1_100259,67,1_761384639,1_8256,1774374360,1774374324,default
1774374230,1_57804,1_100072,181,1_721481659,1_7328,1774374442,1774374270,default
1774374230,1_59282,1_100072,181,1_721481489,1_7427,1774375080,1774374211,default
1774374230,1_59282,1_100072,181,1_721481489,1_7976015,1774375080,1774375080,default
1774374230,1_60710,1_100512,A Line,1_721482529,1_6277,1774374405,1774374425,default
1774374230,1_620,40_100239,550,40_597752089,40_9688,1774374240,1774374454,default
1774374230,1_10912,1_100224,44,1_664048799,1_4540,1774374469,1774374414,default
1774374230,1_10912,1_100162,271,1_569497089,1_7976667,1774374960,1774374960,default
1774374230,1_10912,40_100511,542,40_569565579,40_7976608,1774375680,1774375680,default
1774374230,1_10912,1_100162,271,1_569496909,1_7976389,1774375860,1774375860,default
1774374530,1_103,1_102745,G Line,1_736435219,1_6402,1774374406,1774374571,default
1774374530,1_30510,1_100006,107,1_696623259,1_7163,1774374559,1774374560,default
1774374530,1_2850,1_100089,2,1_491928689,1_7033,1774374780,1774373525,default
1774374530,1_46505,1_102619,F Line,1_770991649,1_7976226,1774375140,1774375140,default
1774374530,1_46505,1_102619,F Line,1_635449599,1_7976003,1774375980,1774375980,default
1774374530,1_68130,1_102548,B Line,1_721018829,1_6046,1774374532,1774374604,default
1774374530,1_58342,1_100072,181,1_721481949,1_7467,1774374660,1774374604,default
1774374530,1_10653,1_100252,62,1_721368069,1_8059,1774374600,1774374604,default
1774374530,1_81199,1_100072,181,1_721481659,1_7328,1774374743,1774374624,default
1774374530,1_81254,1_102746,333,1_778704619,1_7238,1774374601,1774374508,default
1774374530,1_72494,1_100160,269,1_720964889,1_7976395,1774376340,1774376340,default
1774374530,1_52306,1_102719,161,1_635446199,1_7976093,1774374660,1774374660,default
1774374530,1_52306,40_560,560,40_2679020,40_9206,1774374720,1774374723,default
1774374530,1_52306,1_102619,F Line,1_656236549,1_7976085,1774374900,1774374900,default
1774374530,1_52306,1_102619,F Line,1_656236249,1_7976225,1774375800,1774375800,default
1774374530,1_2200,1_100275,8,1_759808579,1_8048,1774374693,1774374632,default
1774374530,1_2200,1_102581,D Line,1_732749599,1_6115,1774374565,1774374656,default
1774374530,1_22184,1_102736,H Line,1_694056989,1_6070,1774374386,1774374674,default
1774374530,1_59282,1_100072,181,1_721481489,1_7427,1774375080,1774374211,default
1774374530,1_59282,1_102717,165,1_635443809,1_7976049,1774375620,1774375620,default
1774374530,1_620,40_100236,545,40_560088839,40_7976562,1774374660,1774374741,default
1774374530,1_620,40_100239,550,40_597756609,40_9664,1774375140,1774375201,default
1774374530,1_10912,1_100162,271,1_569497089,1_7479,1774374960,1774374960,default
1774374530,1_10912,1_100162,271,1_569497089,1_7976667,1774374960,1774374960,default
1774374530,1_10912,40_100511,542,40_569565579,40_7976608,1774375680,1774375680,default
1774374530,1_10912,1_100162,271,1_569496909,1_7976389,1774375860,1774375860,default
1774374530,1_71960,40_100511,542,40_721031399,40_7976685,1774375260,1774375260,default
1774374530,1_8403,1_100039,14,1_562519049,1_4303,1774374360,1774374546,default
1774374830,1_12170,1_100039,14,1_562519049,1_4303,1774374939,1774374880,default
1774374830,1_46791,1_100016,118,1_635461309,1_3730,1774374900,1774374974,default
1774374830,1_28370,1_102574,40,1_778707369,1_8145,1774374989,1774374848,default
1774374830,1_49588,1_100026,128,1_651742709,1_7400,1774374855,1774374783,default
1774374830,1_46505,1_102619,F Line,1_770991649,1_7976226,1774375140,1774375140,default
1774374830,1_46505,1_102619,F Line,1_635449599,1_7976003,1774375980,1774375980,default
1774374830,1_57447,1_102717,165,1_635443799,1_7093,1774374969,1774374850,default
1774374830,1_1190,1_100447,49,1_650117749,1_7975093,1774374782,1774374879,default
1774374830,1_72494,1_100160,269,1_720964889,1_7976395,1774376340,1774376340,default
1774374830,1_73112,1_102704,250,1_771116239,1_7363,1774374527,1774374919,default
1774374830,1_52306,1_102619,F Line,1_656236249,1_7976225,1774375800,1774375800,default
1774374830,1_58112,1_100045,150,1_762101979,1_8185,1774374168,1774374947,default
1774374830,1_58112,1_102619,F Line,1_770992099,1_6009,1774375101,1774374993,default
1774374830,1_11060,1_100249,60,1_689960719,1_7104,1774374953,1774374952,default
1774374830,1_54201,1_102619,F Line,1_656237209,1_6274,1774374809,1774374954,default
1774374830,1_22184,1_102736,H Line,1_694056969,1_6078,1774374986,1774374896,default
1774374830,1_59282,1_100072,181,1_721481489,1_7427,1774375080,1774374211,default
1774374830,1_59282,1_102717,165,1_635443809,1_7198,1774375620,1774374877,default
1774374830,1_59282,1_102717,165,1_635443809,1_7976049,1774375620,1774375620,default
1774374830,1_59872,1_102619,F Line,1_656236969,1_6280,1774375012,1774374977,default
1774374830,1_620,40_100239,550,40_597756609,40_9664,1774375140,1774374998,default
1774374830,1_620,40_100240,554,40_774869499,40_9684,1774375200,1774375042,default
1774374830,1_60680,1_100512,A Line,1_721494769,1_6279,1774374889,1774374997,default
1774374830,1_10912,40_100511,542,40_569565579,40_7976608,1774375680,1774375680,default
1774374830,1_10912,1_100162,271,1_569496909,1_7976389,1774375860,1774375860,default
1774374830,1_10912,1_100162,271,1_569496739,1_7976723,1774376760,1774376760,default
1774374830,1_71960,40_100511,542,40_721031399,40_7976685,1774375260,1774375260,default
1774374830,1_18220,1_100028,13,1_662783809,1_7080,1774375188,1774375005,default
1774375130,1_103,1_102745,G Line,1_736435149,1_6409,1774375126,1774375143,default
1774375130,1_60161,1_100042,148,1_762077149,1_7976054,1774376040,1774376040,default
1774375130,1_8541,1_100263,7,1_770869169,1_4528,1774375200,1774375182,default
1774375130,1_12770,1_100219,4,1_675345249,1_4301,1774375208,1774375144,default
1774375130,1_2850,1_100089,2,1_491928699,1_7038,1774375680,1774374774,default
1774375130,1_35334,1_102747,61,1_724959589,1_3752,1774374663,1774375186,default
1774375130,1_46505,1_102619,F Line,1_635449599,1_7976003,1774375980,1774375980,default
1774375130,1_280,40_100240,554,40_560097849,40_9678,1774375073,1774375191,default
1774375130,1_27420,1_100249,60,1_689960789,1_7137,1774375148,1774375211,default
1774375130,1_72494,1_100160,269,1_720964889,1_7976395,1774376340,1774376340,default
1774375130,1_52306,1_102619,F Line,1_656236249,1_7976225,1774375800,1774375800,default
1774375130,1_40093,1_100133,240,1_761786339,1_7240,1774375289,1774375239,default
1774375130,1_59282,1_102717,165,1_635443809,1_7198,1774375620,1774374877,default
1774375130,1_25791,1_100214,372,1_694305999,1_6925,1774375298,1774375296,default
1774375130,1_10912,40_100511,542,40_569565579,40_7976608,1774375680,1774375680,default
1774375130,1_10912,1_100162,271,1_569496909,1_7976389,1774375860,1774375860,default
1774375130,1_10912,1_100162,271,1_569496739,1_7976723,1774376760,1774376760,default
1774375130,1_81982,1_102746,333,1_778704939,1_7975727,1774375179,1774375329,default
1774375130,1_8403,1_100039,14,1_562519189,1_4394,1774375200,1774375314,default
1774375431,1_481,1_102576,C Line,1_774680879,1_6257,1774375440,1774375435,default
1774375431,1_60161,1_100042,148,1_762077149,1_3734,1774376040,1774375191,default
1774375431,1_60161,1_100042,148,1_762077149,1_7976054,1774376040,1774376040,default
1774375431,1_2850,1_100089,2,1_491928699,1_7038,1774375680,1774374774,default
1774375431,1_46505,1_102619,F Line,1_635449599,1_7976003,1774375980,1774375980,default
1774375431,1_46505,1_102619,F Line,1_656236759,1_7975997,1774376880,1774376880,default
1774375431,1_50761,1_100074,183,1_721501429,1_7397,1774375571,1774375478,default
1774375431,1_57453,1_102719,161,1_635446189,1_7976123,1774375200,1774375489,default
1774375431,1_50774,1_100045,150,1_724421319,1_8141,1774375506,1774375470,default
1774375431,1_74743,1_102702,239,1_736529649,1_3719,1774375508,1774375525,default
1774375431,1_73366,1_102752,223,1_771129859,1_7327,1774374981,1774375511,default
1774375431,1_59286,1_100072,181,1_721481659,1_7328,1774375601,1774375450,default
1774375431,1_81254,1_102746,333,1_778704629,1_7202,1774375501,1774375460,default
1774375431,1_72494,1_100160,269,1_720964889,1_7976395,1774376340,1774376340,default
1774375431,1_79610,1_100006,107,1_696623449,1_7451,1774375556,1774375456,default
1774375431,1_73953,1_102704,250,1_720962059,1_7424,1774375617,1774375438,default
1774375431,1_52306,1_102619,F Line,1_656236249,1_7976225,1774375800,1774375800,default
1774375431,1_52306,1_102619,F Line,1_635449029,1_7976142,1774376700,1774376700,default
1774375431,1_54201,1_102619,F Line,1_656236549,1_6227,1774375709,1774375564,default
1774375431,1_59282,1_102717,165,1_635443809,1_7198,1774375620,1774374877,default
1774375431,1_10912,40_100511,542,40_569565579,40_7976608,1774375680,1774375680,default
1774375431,1_10912,1_100162,271,1_569496909,1_7976389,1774375860,1774375860,default
1774375431,1_10912,1_100162,271,1_569496739,1_7976723,1774376760,1774376760,default
1774375431,1_10912,40_100511,542,40_569563229,40_7976607,1774377480,1774377480,default
1774375431,1_8403,1_100039,14,1_562519099,1_4404,1774375320,1774375139,default
1774375731,1_103,1_102745,G Line,1_736435249,1_6404,1774375486,1774375736,default
1774375731,1_12170,1_100039,14,1_562519099,1_4404,1774375899,1774375807,default
1774375731,1_60161,1_100042,148,1_762077149,1_3734,1774376040,1774375191,default
1774375731,1_51651,1_102736,H Line,1_694057009,1_6064,1774375778,1774375751,default
1774375731,1_46505,1_102619,F Line,1_635449599,1_7976003,1774375980,1774375980,default
1774375731,1_46505,1_102619,F Line,1_656236759,1_7975997,1774376880,1774376880,default
1774375731,1_29423,1_102732,79,1_561369339,1_7975558,1774377000,1774377000,default
1774375731,1_27420,1_100249,60,1_689960819,1_7134,1774375868,1774375817,default
1774375731,1_48720,1_102717,165,1_664464949,1_7103,1774375812,1774375731,default
1774375731,3_31002,40_560,560,40_1073020,40_41502,1774375765,1774375838,default
1774375731,1_72494,1_100160,269,1_720964889,1_7976395,1774376340,1774376340,default
1774375731,1_75190,1_102746,333,1_778704779,1_7219,1774375985,1774375760,default
1774375731,1_52306,1_102619,F Line,1_635449029,1_7976142,1774376700,1774376700,default
1774375731,1_13190,1_100018,12,1_694215249,1_7075,1774375840,1774375673,default
1774375731,1_57804,1_100072,181,1_721481959,1_7180,1774376239,1774376334,default
1774375731,1_59282,1_100072,181,1_721481659,1_7328,1774375860,1774375665,default
1774375731,1_59872,1_102619,F Line,1_656237209,1_6274,1774375912,1774375882,default
1774375731,1_71678,1_102552,226,1_778457329,1_7308,1774376062,1774375846,default
1774375731,1_50787,1_100074,183,1_721501429,1_7397,1774375920,1774375897,default
1774375731,1_620,1_100003,101,1_762100779,1_8167,1774375920,1774375825,default
1774375731,1_620,40_100239,550,40_597754149,40_9671,1774376040,1774376422,default
1774375731,1_10912,1_100162,271,1_569496739,1_7976723,1774376760,1774376760,default
1774375731,1_10912,40_100511,542,40_569563229,40_7976607,1774377480,1774377480,default
1774375731,1_10912,1_100162,271,1_569496159,1_7976348,1774377660,1774377660,default
1774375731,1_71960,1_102752,223,1_771129859,1_7327,1774375740,1774375994,default
1774375731,1_76310,1_100214,372,1_694306799,1_6944,1774375781,1774375922,default
1774376031,1_481,1_100024,125,1_770790039,1_7175,1774376040,1774375908,default
1774376031,1_30790,1_100230,50,1_785559439,1_3753,1774376097,1774376030,default
1774376031,1_320,40_594,594,40_2697020,40_9312,1774376640,1774376075,default
1774376031,1_575,1_100089,2,1_491928689,1_7033,1774376220,1774376166,default
1774376031,1_2850,1_100089,2,1_491928709,1_7092,1774376580,1774375606,default
1774376031,1_46505,1_102619,F Line,1_656236759,1_7975997,1774376880,1774376880,default
1774376031,1_29423,1_102732,79,1_561369339,1_7975558,1774377000,1774377000,default
1774376031,1_11590,1_100002,10,1_675382899,1_4329,1774376096,1774376095,default
1774376031,1_72494,1_100160,269,1_720964889,1_7976395,1774376340,1774376340,default
1774376031,1_72494,1_100160,269,1_720964359,1_7976343,1774378140,1774378140,default
1774376031,1_52306,1_102719,161,1_693753479,1_7976231,1774376340,1774376340,default
1774376031,1_52306,1_102619,F Line,1_635449029,1_7976142,1774376700,1774376700,default
1774376031,1_70665,1_100136,245,1_761787319,1_7422,1774376385,1774376062,default
1774376031,1_57804,1_100072,181,1_721481959,1_7180,1774376239,1774376239,default
1774376031,1_22184,1_102736,H Line,1_694057009,1_6064,1774376186,1774376186,default
1774376031,1_59282,1_100072,181,1_721481819,1_7328,1774376880,1774375665,default
1774376031,1_75850,1_102615,E Line,1_768603449,1_6201,1774376381,1774376132,default
1774376031,1_620,40_594,594,40_1177020,40_9212,1774376580,1774376167,default
1774376031,1_620,40_100239,550,40_597754149,40_9671,1774376040,1774376279,default
1774376031,1_10912,1_100162,271,1_569496739,1_7976723,1774376760,1774376760,default
1774376031,1_10912,40_100511,542,40_569563229,40_7976607,1774377480,1774377480,default
1774376031,1_10912,1_100162,271,1_569496159,1_7976348,1774377660,1774377660,default
1774376031,1_71960,40_100511,542,40_721031099,40_7976686,1774377060,1774377060,default
1774376331,1_60161,1_100042,148,1_762077069,1_3727,1774376580,1774376341,default
1774376331,1_30510,1_100006,107,1_696733919,1_7474,1774376359,1774376370,default
1774376331,1_2850,1_100089,2,1_491928709,1_7092,1774376580,1774375606,default
1774376331,1_46505,1_102619,F Line,1_656236759,1_7975997,1774376880,1774376880,default
1774376331,1_46505,1_102619,F Line,1_656236979,1_7976017,1774377780,1774377780,default
1774376331,1_29423,1_102732,79,1_561369339,1_7975558,1774377000,1774377000,default
1774376331,1_40060,1_102574,40,1_778707369,1_8145,1774376588,1774376210,default
1774376331,1_280,40_100240,554,40_560098269,40_7976695,1774376273,1774376394,default
1774376331,1_280,40_100240,554,40_560098269,40_9570,1774376273,1774376410,default
1774376331,1_27420,23_102638,First Hill Streetcar,23_55295695,23_402,1774376760,1774376460,default
1774376331,1_81254,1_102746,333,1_778704779,1_7975683,1774376401,1774376025,default
1774376331,1_72494,1_100160,269,1_720964359,1_7976343,1774378140,1774378140,default
1774376331,1_52306,40_560,560,40_1073020,40_41502,1774376460,1774376446,default
1774376331,1_52306,1_102619,F Line,1_635449029,1_7976142,1774376700,1774376700,default
1774376331,1_52306,1_102619,F Line,1_694521569,1_7976074,1774377600,1774377600,default
1774376331,1_99254,1_100003,101,1_762100829,1_8143,1774376440,1774376350,default
1774376331,1_40065,1_102574,40,1_778707369,1_8145,1774376681,1774376363,default
1774376331,1_41850,1_100006,107,1_696733919,1_7474,1774376437,1774376445,default
1774376331,1_59282,1_100072,181,1_721481819,1_7328,1774376880,1774375665,default
1774376331,1_59282,1_102717,165,1_664465369,1_7473,1774377420,1774376376,default
1774376331,1_59282,1_102717,165,1_664465369,1_7976038,1774377420,1774377420,default
1774376331,1_10210,1_100264,70,1_724578159,1_8245,1774376506,1774376474,default
1774376331,1_7690,1_102615,E Line,1_768603989,1_6200,1774376645,1774376448,default
1774376331,1_620,40_100236,545,40_560087819,40_7976567,1774376460,1774376521,default
1774376331,1_620,40_100236,545,40_560087819,40_9655,1774376460,1774376547,default
1774376331,1_620,40_100240,554,40_774870329,40_9690,1774376400,1774376599,default
1774376331,1_10912,1_100162,271,1_569496739,1_7976723,1774376760,1774376760,default
1774376331,1_10912,40_100511,542,40_569563229,40_7976607,1774377480,1774377480,default
1774376331,1_10912,1_100162,271,1_569496159,1_7976348,1774377660,1774377660,default
1774376331,1_71960,40_100511,542,40_721031099,40_7976686,1774377060,1774377060,default
1774376331,1_81982,1_100196,331,1_778699169,1_7214,1774376521,1774376535,default
1774376631,1_481,1_102576,C Line,1_774680749,1_6254,1774376640,1774376652,default
1774376631,1_8310,1_100230,50,1_785559439,1_3753,1774376677,1774376617,default
1774376631,1_60161,1_100042,148,1_762077189,1_3727,1774377840,1774376325,default
1774376631,1_46505,1_102619,F Line,1_656236759,1_7975997,1774376880,1774376880,default
1774376631,1_46505,1_102619,F Line,1_656236979,1_7976017,1774377780,1774377780,default
1774376631,1_29423,1_102732,79,1_561369339,1_7975558,1774377000,1774377000,default
1774376631,1_27420,1_100249,60,1_689960779,1_7169,1774376588,1774376830,default
1774376631,1_2320,1_100001,1,1_562519209,1_4356,1774376375,1774376731,default
1774376631,1_74152,1_102753,222,1_774817829,1_7465,1774376424,1774376707,default
1774376631,1_75770,1_102615,E Line,1_761417549,1_6089,1774377411,1774376650,default
1774376631,1_11200,1_100447,49,1_650117759,1_7040,1774376700,1774376677,default
1774376631,1_73366,1_102548,B Line,1_721018909,1_6020,1774376560,1774376749,default
1774376631,1_72494,1_100160,269,1_720964359,1_7976343,1774378140,1774378140,default
1774376631,1_52306,1_102619,F Line,1_694521569,1_7976074,1774377600,1774377600,default
1774376631,1_52306,1_102719,161,1_635446219,1_7976131,1774378140,1774378140,default
1774376631,1_80121,1_102719,161,1_635446559,1_7487,1774376805,1774376771,default
1774376631,1_31990,1_100026,128,1_651747509,1_7313,1774376757,1774376751,default
1774376631,1_8530,1_100263,7,1_650129829,1_4513,1774376773,1774376772,default
1774376631,1_7750,1_102615,E Line,1_768603989,1_6200,1774376826,1774376708,default
1774376631,1_11060,1_100249,60,1_689961219,1_7156,1774376393,1774376748,default
1774376631,1_22184,1_102736,H Line,1_694056979,1_6060,1774376786,1774376711,default
1774376631,1_59282,1_100072,181,1_721481819,1_7328,1774376880,1774375665,default
1774376631,1_59282,1_102717,165,1_664465369,1_7473,1774377420,1774376376,default
1774376631,1_31890,1_100026,128,1_651742709,1_7400,1774376878,1774376780,default
1774376631,1_75850,1_102615,E Line,1_761417669,1_6057,1774376801,1774376767,default
1774376631,1_58111,1_102619,F Line,1_770991649,1_6229,1774376695,1774376798,default
1774376631,1_620,1_100003,101,1_762100829,1_8143,1774376820,1774376776,default
1774376631,1_10912,40_100511,542,40_569563229,40_7976607,1774377480,1774377480,default
1774376631,1_10912,1_100162,271,1_569496159,1_7976348,1774377660,1774377660,default
1774376631,1_10912,1_100162,271,1_569495559,1_7976369,1774378560,1774378560,default
1774376631,1_71960,40_100511,542,40_721031099,40_7976686,1774377060,1774377060,default
1774376631,1_52081,1_102736,H Line,1_694056749,1_6051,1774375959,1774376801,default
1774376631,1_58144,1_100048,153,1_825129629,1_7429,1774376950,1774376773,default
1774376631,1_58144,1_102719,161,1_635446199,1_7482,1774376948,1774376788,default
1774376931,1_60161,1_100042,148,1_762077189,1_3727,1774377840,1774376325,default
1774376931,1_12770,1_100219,4,1_675345269,1_4351,1774377008,1774376945,default
1774376931,1_51651,1_102736,H Line,1_694056999,1_6114,1774376978,1774376969,default
1774376931,1_575,1_102576,C Line,1_774681429,1_6266,1774376880,1774377063,default
1774376931,1_2850,1_100089,2,1_491928719,1_7975113,1774377480,1774377480,default
1774376931,1_46505,1_102619,F Line,1_656236979,1_7976017,1774377780,1774377780,default
1774376931,1_29423,1_102732,79,1_561369339,1_7975558,1774377000,1774377000,default
1774376931,1_1190,1_100018,12,1_694215649,1_7183,1774377002,1774376957,default
1774376931,1_27420,1_100161,27,1_759818439,1_7048,1774376994,1774377009,default
1774376931,1_72494,1_100160,269,1_720964359,1_7976343,1774378140,1774378140,default
1774376931,1_52306,1_102619,F Line,1_694521569,1_7976074,1774377600,1774377600,default
1774376931,1_52306,1_102719,161,1_635446219,1_7976131,1774378140,1774378140,default
1774376931,1_8530,1_100039,14,1_562519229,1_4384,1774377052,1774376911,default
1774376931,1_99254,1_100045,150,1_724420099,1_8172,1774377220,1774377065,default
1774376931,1_58112,1_102619,F Line,1_770991649,1_6229,1774376961,1774377093,default
1774376931,1_40030,1_102574,40,1_690034209,1_8194,1774376235,1774377074,default
1774376931,1_59282,1_102717,165,1_664465369,1_7473,1774377420,1774376376,default
1774376931,1_7690,1_102615,E Line,1_768604149,1_6208,1774377125,1774377044,default
1774376931,1_620,40_100239,550,40_597756309,40_9807,1774376940,1774377422,default
1774376931,1_10912,40_100511,542,40_569563229,40_7976607,1774377480,1774377480,default
1774376931,1_10912,1_100162,271,1_569496159,1_7976348,1774377660,1774377660,default
1774376931,1_10912,1_100162,271,1_569495559,1_7976369,1774378560,1774378560,default
1774376931,1_81982,1_102746,333,1_778704959,1_7975726,1774376979,1774377137,default
1774376931,1_8403,1_100039,14,1_562519169,1_4323,1774377120,1774377053,default
1774377231,1_103,1_102745,G Line,1_736435239,1_6402,1774377286,1774377154,default
1774377231,1_46791,1_100016,118,1_637323959,1_3703,1774377240,1774377263,default
1774377231,1_52638,40_574,574,40_3731020,40_9739,1774377542,1774377252,default
1774377231,1_60161,1_100042,148,1_762077189,1_3727,1774377840,1774376325,default
1774377231,1_12770,1_100228,48,1_721361719,1_8036,1774377303,1774377215,default
1774377231,1_80692,1_100045,150,1_724421319,1_8141,1774377025,1774377286,default
1774377231,1_575,1_100028,13,1_605110039,1_7038,1774377120,1774377288,default
1774377231,1_2850,1_100089,2,1_491928719,1_7094,1774377480,1774377115,default
1774377231,1_2850,1_100089,2,1_491928719,1_7975113,1774377480,1774377480,default
1774377231,1_46505,1_102619,F Line,1_656236979,1_7976017,1774377780,1774377780,default
1774377231,1_46505,1_102619,F Line,1_656237219,1_7976229,1774378680,1774378680,default
1774377231,1_10653,1_100252,62,1_736430999,1_7974606,1774377328,1774377199,default
1774377231,1_10653,1_100252,62,1_721368099,1_8065,1774377300,1774377324,default
1774377231,1_35110,1_100230,50,1_785559439,1_3753,1774377300,1774377272,default
1774377231,1_72494,1_100160,269,1_720964359,1_7976343,1774378140,1774378140,default
1774377231,1_52306,1_102619,F Line,1_694521569,1_7976074,1774377600,1774377600,default
1774377231,1_52306,1_102719,161,1_635446219,1_7976131,1774378140,1774378140,default
1774377231,1_41128,1_100026,128,1_651743219,1_7189,1774377456,1774377275,default
1774377231,1_99254,1_100003,101,1_762100839,1_8177,1774377340,1774377326,default
1774377231,1_59282,1_102717,165,1_664465369,1_7473,1774377420,1774376376,default
1774377231,1_620,1_100045,150,1_724420099,1_8172,1774377600,1774377356,default
1774377231,1_620,40_100236,545,40_560088509,40_7976555,1774377360,1774377555,default
1774377231,1_620,40_100239,550,40_597754889,40_9685,1774377840,1774377606,default
1774377231,1_620,40_100240,554,40_774869229,40_9812,1774377600,1774377676,default
1774377231,1_10912,40_100511,542,40_569563229,40_7976607,1774377480,1774377480,default
1774377231,1_10912,1_100162,271,1_569496159,1_7976348,1774377660,1774377660,default
1774377231,1_10912,1_100162,271,1_569495559,1_7976369,1774378560,1774378560,default
1774377231,1_10912,40_100511,542,40_569565819,40_7976685,1774379280,1774379280,default
1774377231,1_58230,1_102720,160,1_770988889,1_7493,1774377450,-1,default
1774377231,1_8403,1_100039,14,1_562519169,1_4323,1774377120,1774377250,default
1774377531,1_103,1_102745,G Line,1_736437219,1_6411,1774377646,1774377536,default
1774377531,1_60161,1_100042,148,1_762077189,1_3727,1774377840,1774376325,default
1774377531,1_970,40_577,577,40_336020,40_9734,1774377627,1774377627,default
1774377531,1_51651,1_102736,H Line,1_694057019,1_6061,1774377578,1774377549,default
1774377531,1_320,40_100239,550,40_597754119,40_9671,1774377600,1774377658,default
1774377531,1_13830,1_102581,D Line,1_732749479,1_6117,1774377578,1774377491,default
1774377531,1_46505,1_102619,F Line,1_656236979,1_7976017,1774377780,1774377780,default
1774377531,1_46505,1_102619,F Line,1_656237219,1_7976229,1774378680,1774378680,default
1774377531,1_77460,1_102746,333,1_778704959,1_7201,1774377357,1774377627,default
1774377531,1_79877,1_100162,271,1_569495889,1_6957,1774377092,1774377620,default
1774377531,1_8190,1_100263,7,1_650129869,1_4552,1774377656,1774377547,default
1774377531,1_72494,1_100160,269,1_720964359,1_7976343,1774378140,1774378140,default
1774377531,1_52306,1_102719,161,1_635446219,1_7976131,1774378140,1774378140,default
1774377531,1_52306,1_102619,F Line,1_694520859,1_7976083,1774378500,1774378500,default
1774377531,1_99254,40_594,594,40_1238020,40_9728,1774377993,1774377693,default
1774377531,1_54201,1_102619,F Line,1_635449029,1_6286,1774377509,1774377684,default
1774377531,1_57804,1_100072,181,1_721481499,1_7404,1774378039,1774377945,default
1774377531,1_23905,1_100214,372,1_694306799,1_6944,1774377758,1774377639,default
1774377531,1_71678,1_102552,226,1_778457339,1_7335,1774377862,1774377650,default
1774377531,1_75850,1_102615,E Line,1_768603989,1_6200,1774377701,1774377645,default
1774377531,1_620,40_100239,550,40_597754889,40_9685,1774377840,1774377655,default
1774377531,1_620,1_100003,101,1_762100839,1_8177,1774377720,1774377655,default
1774377531,1_620,40_100236,545,40_560088509,40_9682,1774377360,1774377714,default
1774377531,1_10912,1_100162,271,1_569495559,1_7976369,1774378560,1774378560,default
1774377531,1_10912,40_100511,542,40_569565819,40_7976685,1774379280,1774379280,default
1774377531,1_10912,1_100162,271,1_569496069,1_7976674,1774379460,1774379460,default
1774377831,1_970,40_594,594,40_3289020,40_9205,1774378204,1774377878,default
1774377831,1_46505,1_102619,F Line,1_656237219,1_7976229,1774378680,1774378680,default
1774377831,1_2320,1_100001,1,1_562519249,1_4394,1774377275,1774377895,default
1774377831,3_31002,40_560,560,40_3565020,40_9207,1774377565,1774378030,default
1774377831,1_72494,1_100160,269,1_720964359,1_7976343,1774378140,1774378140,default
1774377831,1_72494,1_100160,269,1_720964019,1_7976380,1774379940,1774379940,default
1774377831,1_79610,1_100006,107,1_694509979,1_3733,1774378192,1774377866,default
1774377831,1_52306,1_102719,161,1_635446219,1_7976131,1774378140,1774378140,default
1774377831,1_52306,1_102719,161,1_635446219,1_7064,1774378140,1774378140,default
1774377831,1_52306,1_102619,F Line,1_694520859,1_7976083,1774378500,1774378500,default
1774377831,1_21680,1_100023,124,1_690551679,1_8011,1774377999,1774377883,default
1774377831,1_57804,1_100072,181,1_721481499,1_7404,1774378039,1774377937,default
1774377831,1_59282,1_100072,181,1_721481669,1_7180,1774378680,1774377602,default
1774377831,1_7690,1_102615,E Line,1_761417849,1_6104,1774378025,1774377884,default
1774377831,1_10912,1_100224,44,1_664047209,1_4534,1774378189,1774377965,default
1774377831,1_10912,1_100162,271,1_569495559,1_7976369,1774378560,1774378560,default
1774377831,1_10912,40_100511,542,40_569565819,40_7976685,1774379280,1774379280,default
1774377831,1_10912,1_100162,271,1_569496069,1_7976674,1774379460,1774379460,default
1774377831,1_71960,40_100511,542,40_721031309,40_7976608,1774378860,1774378860,default
1774377831,1_81982,1_102746,333,1_778704459,1_7234,1774377879,1774378002,default
1774378131,1_12170,1_100039,14,1_562519199,1_4315,1774378599,1774378261,default
1774378131,1_52638,1_102719,161,1_635446569,1_7191,1774378189,1774378079,default
1774378131,1_970,1_100003,101,1_762100879,1_8165,1774377954,1774378146,default
1774378131,1_12770,1_100228,48,1_721362149,1_8007,1774378203,1774378161,default
1774378131,1_30510,1_100006,107,1_696733929,1_7118,1774378159,1774378109,default
1774378131,1_320,40_594,594,40_3289020,40_9205,1774378440,1774378137,default
1774378131,1_575,1_100089,2,1_491928709,1_7092,1774378020,1774378216,default
1774378131,1_2850,1_100089,2,1_491928729,1_7087,1774378380,1774377172,default
1774378131,1_46505,1_102619,F Line,1_656237219,1_7976229,1774378680,1774378680,default
1774378131,1_46505,1_102619,F Line,1_656236559,1_7976085,1774379580,1774379580,default
1774378131,1_57453,1_102720,160,1_770989139,1_7438,1774378200,1774378135,default
1774378131,1_58342,1_100072,181,1_721481819,1_7328,1774378320,1774378151,default
1774378131,1_10653,1_100252,62,1_721368109,1_8043,1774378260,1774378141,default
1774378131,1_72494,1_100160,269,1_720964019,1_7976380,1774379940,1774379940,default
1774378131,1_52306,1_102619,F Line,1_694520859,1_7976083,1774378500,1774378500,default
1774378131,1_99254,1_100045,150,1_724421319,1_8141,1774378120,1774378273,default
1774378131,1_59282,1_100072,181,1_721481669,1_7180,1774378680,1774377602,default
1774378131,1_59282,1_102717,165,1_664465379,1_7188,1774379220,1774379220,default
1774378131,1_59282,1_102717,165,1_664465379,1_7976081,1774379220,1774379220,default
1774378131,1_7690,1_102615,E Line,1_761418359,1_6098,1774378445,1774378220,default
1774378131,1_620,40_100236,545,40_560088079,40_7976553,1774378260,1774378383,default
1774378131,1_10912,1_100162,271,1_569495559,1_7976369,1774378560,1774378560,default
1774378131,1_10912,40_100511,542,40_569565819,40_7976685,1774379280,1774379280,default
1774378131,1_10912,1_100162,271,1_569496069,1_7976674,1774379460,1774379460,default
1774378131,1_71960,40_100511,542,40_721031309,40_7976608,1774378860,1774378860,default
1774378131,1_81982,1_100196,331,1_778699409,1_7232,1774378321,1774378321,default
1774378131,1_47890,1_100026,128,1_651742639,1_7173,1774378367,1774378216,default
1774378431,1_103,1_102745,G Line,1_736435299,1_6404,1774378366,1774378442,default
1774378431,1_970,40_578,578,40_825020,40_9125,1774378527,1774378465,default
1774378431,1_49588,1_100026,128,1_651742639,1_7173,1774378575,1774378391,default
1774378431,1_320,40_100239,550,40_597756349,40_9807,1774378500,1774378465,default
1774378431,1_575,1_100219,4,1_675345269,1_4351,1774378260,1774378486,default
1774378431,1_46505,1_102619,F Line,1_656237219,1_7976229,1774378680,1774378680,default
1774378431,1_46505,1_102619,F Line,1_656236559,1_7976085,1774379580,1774379580,default
1774378431,1_75143,1_102746,333,1_778704019,1_7219,1774378522,1774378428,default
1774378431,1_72494,1_100160,269,1_720964019,1_7976380,1774379940,1774379940,default
1774378431,1_67028,1_100133,240,1_787241519,1_7373,1774378520,1774378433,default
1774378431,1_52306,40_560,560,40_3565020,40_9207,1774378260,1774378522,default
1774378431,1_52306,1_102619,F Line,1_694521119,1_7976226,1774379400,1774379400,default
1774378431,1_52306,1_102719,161,1_635446229,1_7976227,1774379880,1774379880,default
1774378431,1_80121,1_102719,161,1_635446569,1_7191,1774378736,1774378590,default
1774378431,1_2200,1_102581,D Line,1_732749359,1_8111,1774378765,1774378577,default
1774378431,1_59282,1_100072,181,1_721481669,1_7180,1774378680,1774377602,default
1774378431,1_59282,1_102717,165,1_664465379,1_7188,1774379220,1774378159,default
1774378431,1_60710,1_100512,A Line,1_721494779,1_6285,1774378605,1774378568,default
1774378431,1_620,40_100240,554,40_774869039,40_9652,1774378800,1774378647,default
1774378431,1_620,40_100239,550,40_597756239,40_9669,1774378800,1774378832,default
1774378431,1_10912,40_100511,542,40_569565819,40_7976685,1774379280,1774379280,default
1774378431,1_10912,1_100162,271,1_569496069,1_7976674,1774379460,1774379460,default
1774378431,1_10912,1_100162,271,1_569497169,1_7976370,1774380360,1774380360,default
1774378431,1_71960,40_100511,542,40_721031309,40_7976608,1774378860,1774378860,default
1774378731,1_60161,1_100042,148,1_762077199,1_3709,1774379640,1774378375,default
1774378731,1_30790,1_100249,60,1_689961439,1_7152,1774378897,1774378723,default
1774378731,1_575,1_102615,E Line,1_761418439,1_6091,1774379100,1774378749,default
1774378731,1_575,1_100173,3,1_761126939,1_4304,1774378800,1774378776,default
1774378731,1_575,1_100028,13,1_605109859,1_7094,1774378920,1774378786,default
1774378731,1_2850,1_100089,2,1_491928739,1_7155,1774379280,1774378422,default
1774378731,1_46505,1_102619,F Line,1_656236559,1_7976085,1774379580,1774379580,default
1774378731,1_72494,1_100160,269,1_720964019,1_7976380,1774379940,1774379940,default
1774378731,1_73112,1_102704,250,1_720962139,1_7380,1774378907,1774378801,default
1774378731,1_52306,1_102619,F Line,1_694521119,1_7976226,1774379400,1774379400,default
1774378731,1_52306,1_102719,161,1_635446229,1_7976227,1774379880,1774379880,default
1774378731,1_8530,1_100039,14,1_562519269,1_4404,1774378852,1774378757,default
1774378731,1_70665,1_100136,245,1_761787729,1_7241,1774379085,1774378801,default
1774378731,1_9605,1_100259,67,1_657908979,1_8128,1774378860,1774378807,default
1774378731,1_59282,1_102717,165,1_664465379,1_7188,1774379220,1774378159,default
1774378731,1_7690,1_102615,E Line,1_768604139,1_6202,1774378925,1774378803,default
1774378731,1_57791,1_102718,184,1_635442819,1_1039,1774379123,1774378820,default
1774378731,1_10912,40_100511,542,40_569565819,40_7976685,1774379280,1774379280,default
1774378731,1_10912,1_100162,271,1_569496069,1_7976674,1774379460,1774379460,default
1774378731,1_10912,1_100162,271,1_569497169,1_7976370,1774380360,1774380360,default
1774379031,1_77930,1_102746,333,1_778704019,1_7219,1774379219,1774379045,default
1774379031,1_60161,1_100042,148,1_762077199,1_3709,1774379640,1774378375,default
1774379031,1_12770,1_100228,48,1_721359939,1_8014,1774379103,1774378979,default
1774379031,1_30790,1_100006,107,1_635437309,1_3712,1774379052,1774379043,default
1774379031,1_575,1_100264,70,1_724578139,1_8245,1774379160,1774379086,default
1774379031,1_2850,1_100089,2,1_491928739,1_7155,1774379280,1774378422,default
1774379031,1_8080,1_100263,7,1_650128639,1_4557,1774379087,1774379026,default
1774379031,1_46505,1_102619,F Line,1_656236559,1_7976085,1774379580,1774379580,default
1774379031,1_46505,1_102619,F Line,1_656236259,1_7976225,1774380480,1774380480,default
1774379031,1_2320,1_100001,1,1_562519279,1_4303,1774379195,1774379096,default
1774379031,1_73366,1_102548,B Line,1_721018999,1_6035,1774379140,1774378987,default
1774379031,1_72494,1_100160,269,1_720964019,1_7976380,1774379940,1774379940,default
1774379031,1_52306,1_102619,F Line,1_694521119,1_7976226,1774379400,1774379400,default
1774379031,1_52306,1_102719,161,1_635446229,1_7976227,1774379880,1774379880,default
1774379031,1_2200,1_102581,D Line,1_732749369,1_6110,1774379365,1774379052,default
1774379031,1_39983,1_102736,H Line,1_694056879,1_6070,1774379160,1774379070,default
1774379031,1_59282,1_102717,165,1_664465379,1_7188,1774379220,1774378159,default
1774379031,1_10210,1_100264,70,1_724578289,1_8233,1774379206,1774379170,default
1774379031,1_82107,1_100196,331,1_724954279,1_7254,1774379376,1774379108,default
1774379031,1_620,40_100236,545,40_560088369,40_7976570,1774379160,1774379249,default
1774379031,1_620,40_100236,545,40_560088369,40_9632,1774379160,1774379291,default
1774379031,1_10912,40_100511,542,40_569565819,40_7976685,1774379280,1774379280,default
1774379031,1_10912,1_100162,271,1_569496069,1_7976674,1774379460,1774379460,default
1774379031,1_10912,1_100162,271,1_569497169,1_7976370,1774380360,1774380360,default
1774379031,1_10912,40_100511,542,40_569567979,40_7976686,1774381080,1774381080,default
1774379031,1_71960,1_102752,223,1_771129889,1_7423,1774379340,1774379219,default
1774379031,1_25210,1_100259,67,1_724949899,1_8298,1774379319,1774379111,default
1774379331,1_60161,1_100042,148,1_762077199,1_3709,1774379640,1774378375,default
1774379331,1_970,40_594,594,40_2052020,40_9713,1774380004,1774379372,default
1774379331,1_46505,1_102619,F Line,1_656236559,1_7976085,1774379580,1774379580,default
1774379331,1_46505,1_102619,F Line,1_656236259,1_7976225,1774380480,1774380480,default
1774379331,1_29423,1_102732,79,1_561369579,1_7975557,1774380600,1774380600,default
1774379331,1_27420,1_100249,60,1_689960879,1_7085,1774379468,1774379413,default
1774379331,3_31002,40_560,560,40_3831020,40_41514,1774379365,1774379490,default
1774379331,1_72494,1_100160,269,1_720964019,1_7976380,1774379940,1774379940,default
1774379331,1_52306,1_102719,161,1_635446229,1_7976227,1774379880,1774379880,default
1774379331,1_52306,1_102619,F Line,1_656237379,1_7976003,1774380300,1774380300,default
1774379331,1_54201,1_102619,F Line,1_694520859,1_6275,1774379319,1774379453,default
1774379331,1_49350,1_100026,128,1_651743229,1_1004,1774379177,1774379485,default
1774379331,1_57804,1_100072,181,1_721481829,1_7467,1774379896,1774379960,default
1774379331,1_55831,1_100005,106,1_727785619,1_7115,1774379648,1774379492,default
1774379331,1_620,1_100045,150,1_724420399,1_6956,1774379400,1774379528,default
1774379331,1_620,40_100240,554,40_774868739,40_9656,1774380000,1774379673,default
1774379331,1_620,40_100239,550,40_597752689,40_9576,1774379700,1774380015,default
1774379331,1_10912,1_100162,271,1_569497169,1_7976370,1774380360,1774380360,default
1774379331,1_10912,40_100511,542,40_569567979,40_7976686,1774381080,1774381080,default
1774379331,1_10912,1_100162,271,1_569496579,1_7976354,1774381260,1774381260,default
1774379631,1_103,1_102745,G Line,1_736435349,1_6400,1774379446,1774379703,default
1774379631,1_46791,1_100016,118,1_669626549,1_7976007,1774379760,1774379783,default
1774379631,1_46791,1_100016,118,1_669626549,1_3730,1774379760,1774379817,default
1774379631,1_30790,1_100249,60,1_689960919,1_7137,1774379677,1774379643,default
1774379631,1_320,40_594,594,40_2052020,40_9713,1774380240,1774379650,default
1774379631,1_2850,1_100089,2,1_491928749,1_7080,1774380180,1774379208,default
1774379631,1_46505,1_102619,F Line,1_656236259,1_1014,1774380480,1774379455,default
1774379631,1_46505,1_102619,F Line,1_656236259,1_7976225,1774380480,1774380480,default
1774379631,1_29423,1_102732,79,1_561369579,1_7975557,1774380600,1774380600,default
1774379631,1_72494,1_100160,269,1_720964829,1_7976342,1774381740,1774381740,default
1774379631,1_5489,1_100196,331,1_778699409,1_7232,1774379757,1774379705,default
1774379631,1_67028,1_100133,240,1_787253259,1_7337,1774379742,1774379655,default
1774379631,1_52306,1_102719,161,1_635446229,1_7976227,1774379880,1774379880,default
1774379631,1_52306,1_102619,F Line,1_656237379,1_7976003,1774380300,1774380300,default
1774379631,1_52306,1_102719,161,1_635446239,1_7976092,1774381680,1774381680,default
1774379631,1_8530,1_100039,14,1_562519329,1_4339,1774379752,1774379714,default
1774379631,1_70665,1_100136,245,1_761787439,1_7250,1774379925,1774379647,default
1774379631,1_76312,1_102705,230,1_664298469,1_7361,1774379761,1774379696,default
1774379631,1_57804,1_100072,181,1_721481829,1_7467,1774379896,1774379806,default
1774379631,1_59282,1_100072,181,1_721481969,1_7404,1774380480,1774379387,default
1774379631,1_620,40_100239,550,40_597752689,40_9576,1774379700,1774379965,default
1774379631,1_10912,1_100162,271,1_569497169,1_7976370,1774380360,1774380360,default
1774379631,1_10912,40_100511,542,40_569567979,40_7976686,1774381080,1774381080,default
1774379631,1_10912,1_100162,271,1_569496579,1_7976354,1774381260,1774381260,default
1774379631,1_71960,40_100511,542,40_721030819,40_7976607,1774380660,1774380660,default
1774379931,1_12170,1_100039,14,1_562520999,1_4313,1774379499,1774379934,default
1774379931,1_2850,1_100089,2,1_491928749,1_7080,1774380180,1774379208,default
1774379931,1_46505,1_102619,F Line,1_656236259,1_1014,1774380480,1774379455,default
1774379931,1_46505,1_102619,F Line,1_656236869,1_7976142,1774381380,1774381380,default
1774379931,1_29423,1_102732,79,1_561369579,1_7975557,1774380600,1774380600,default
1774379931,1_75770,1_102615,E Line,1_761417839,1_6104,1774381046,1774379930,default
1774379931,1_72494,1_100160,269,1_720964829,1_7976342,1774381740,1774381740,default
1774379931,1_52306,40_560,560,40_3831020,40_41514,1774380060,1774380151,default
1774379931,1_52306,1_102619,F Line,1_656237379,1_7976003,1774380300,1774380300,default
1774379931,1_52306,1_102719,161,1_635446239,1_7976092,1774381680,1774381680,default
1774379931,1_59282,1_100072,181,1_721481969,1_7404,1774380480,1774379387,default
1774379931,1_59282,1_102717,165,1_664465389,1_7103,1774381020,1774379686,default
1774379931,1_620,40_100236,545,40_560090389,40_9801,1774380060,1774380129,default
1774379931,1_10912,1_100162,271,1_569497169,1_7976370,1774380360,1774380360,default
1774379931,1_10912,40_100511,542,40_569567979,40_7976686,1774381080,1774381080,default
1774379931,1_10912,1_100162,271,1_569496579,1_7976354,1774381260,1774381260,default
1774379931,1_71960,40_100511,542,40_721030819,40_7976607,1774380660,1774380660,default
1774379931,1_8403,1_100039,14,1_562519309,1_4369,1774379820,1774380024,default
1774380231,1_62212,1_102720,160,1_770989259,1_7315,1774380537,1774380145,default
1774380231,1_26560,1_102574,40,1_690034249,1_8252,1774380329,1774380309,default
1774380231,1_320,40_100239,550,40_597756229,40_9669,1774380300,1774380295,default
1774380231,1_46505,1_102619,F Line,1_656236259,1_1014,1774380480,1774379455,default
1774380231,1_46505,1_102619,F Line,1_656236869,1_7976142,1774381380,1774381380,default
1774380231,1_29423,1_102732,79,1_561369579,1_7975557,1774380600,1774380600,default
1774380231,1_1190,1_100009,11,1_736449509,1_7005,1774380363,1774380206,default
1774380231,1_72494,1_100160,269,1_720964829,1_7976342,1774381740,1774381740,default
1774380231,1_52306,1_102619,F Line,1_656236769,1_7975997,1774381200,1774381200,default
1774380231,1_52306,1_102719,161,1_635446239,1_7976092,1774381680,1774381680,default
1774380231,1_8530,1_100005,106,1_727785619,1_7115,1774380546,1774380263,default
1774380231,1_45670,1_100210,36,1_630542949,1_4399,1774380384,1774380261,default
1774380231,1_70665,1_102704,250,1_771116359,1_7368,1774380351,1774380248,default
1774380231,1_59282,1_100072,181,1_721481969,1_7404,1774380480,1774379387,default
1774380231,1_59282,1_102717,165,1_664465389,1_7103,1774381020,1774379686,default
1774380231,1_60710,1_100512,A Line,1_721494789,1_6234,1774380415,1774380391,default
1774380231,1_10912,40_100511,542,40_569567979,40_7976686,1774381080,1774381080,default
1774380231,1_10912,1_100162,271,1_569496579,1_7976354,1774381260,1774381260,default
1774380231,1_10912,1_100162,271,1_569496969,1_7976364,1774382160,1774382160,default
1774380231,1_71960,40_100511,542,40_721030819,40_7976607,1774380660,1774380660,default
1774380531,1_103,1_102745,G Line,1_736435369,1_6402,1774380166,1774380555,default
1774380531,1_60161,1_100042,148,1_762077329,1_7976053,1774381440,1774381440,default
1774380531,1_575,1_100001,1,1_562519479,1_4339,1774380540,1774380603,default
1774380531,1_575,1_102576,C Line,1_774681009,1_6252,1774380480,1774380622,default
1774380531,1_2850,1_100089,2,1_491928759,1_7975121,1774381080,1774381080,default
1774380531,1_46505,1_102619,F Line,1_656236869,1_7976142,1774381380,1774381380,default
1774380531,1_29423,1_102732,79,1_561369579,1_7975557,1774380600,1774380600,default
1774380531,1_1510,1_100005,106,1_727785619,1_7115,1774380792,1774380454,default
1774380531,1_72494,1_100160,269,1_720964829,1_7976342,1774381740,1774381740,default
1774380531,1_52306,1_102619,F Line,1_656236769,1_7975997,1774381200,1774381200,default
1774380531,1_52306,1_102719,161,1_635446239,1_7976092,1774381680,1774381680,default
1774380531,1_8530,1_100039,14,1_562519459,1_4323,1774380652,1774380471,default
1774380531,1_13190,1_100018,12,1_694215069,1_7136,1774380699,1774380602,default
1774380531,1_59282,1_102717,165,1_664465389,1_7103,1774381020,1774379686,default
1774380531,1_59872,1_102619,F Line,1_694520859,1_6275,1774380472,1774380702,default
1774380531,1_620,1_100045,150,1_724420679,1_8185,1774380300,1774380694,default
1774380531,1_620,40_100239,550,40_597752109,40_9688,1774380600,1774380796,default
1774380531,1_10912,40_100511,542,40_569567979,40_7976686,1774381080,1774381080,default
1774380531,1_10912,1_100162,271,1_569496579,1_7976354,1774381260,1774381260,default
1774380531,1_10912,1_100162,271,1_569496969,1_7976364,1774382160,1774382160,default
1774380831,1_60161,1_100042,148,1_762077329,1_7976053,1774381440,1774381440,default
1774380831,1_60161,1_100042,148,1_762077329,1_3733,1774381440,1774381440,default
1774380831,1_30790,1_100006,107,1_635437279,1_3702,1774380852,1774380829,default
1774380831,1_10020,1_100254,65,1_778695009,1_8268,1774380901,1774380785,default
1774380831,1_2850,1_100089,2,1_491928759,1_7975121,1774381080,1774381080,default
1774380831,1_46505,1_102619,F Line,1_656236869,1_7976142,1774381380,1774381380,default
1774380831,1_27420,1_100249,60,1_689960869,1_7139,1774380908,1774380925,default
1774380831,1_68130,1_102548,B Line,1_721018769,1_6046,1774380652,1774380904,default
1774380831,1_10653,1_100252,62,1_721368139,1_8022,1774380960,1774380874,default
1774380831,1_40012,1_100026,128,1_651747319,1_7399,1774380975,1774380840,default
1774380831,1_72494,1_100160,269,1_720964829,1_7976342,1774381740,1774381740,default
1774380831,1_5489,1_102746,333,1_778704979,1_7202,1774380880,1774380919,default
1774380831,1_52306,1_102619,F Line,1_656236769,1_7975997,1774381200,1774381200,default
1774380831,1_52306,1_102719,161,1_635446239,1_7976092,1774381680,1774381680,default
1774380831,1_8530,1_100263,7,1_650129899,1_4550,1774380973,1774380872,default
1774380831,1_45670,1_100210,36,1_630543149,1_4385,1774380984,1774380891,default
1774380831,1_2200,1_100028,13,1_491929759,1_7038,1774380746,1774380959,default
1774380831,1_59282,1_102717,165,1_664465389,1_7103,1774381020,1774379686,default
1774380831,1_60710,1_100512,A Line,1_721482599,1_6284,1774381015,1774380964,default
1774380831,1_620,40_100240,554,40_774869919,40_9678,1774381200,1774381222,default
1774380831,1_10912,1_100224,44,1_664048689,1_4540,1774381069,1774380996,default
1774380831,1_10912,40_100511,542,40_569567979,40_7976686,1774381080,1774381080,default
1774380831,1_10912,1_100162,271,1_569496579,1_7976354,1774381260,1774381260,default
1774380831,1_10912,1_100162,271,1_569496969,1_7976364,1774382160,1774382160,default
1774380831,1_10912,40_100511,542,40_569565599,40_7976608,1774382880,1774382880,default
1774380831,1_8403,1_100039,14,1_562519319,1_4389,1774380720,1774380775,default
1774381131,1_51551,1_102736,H Line,1_694056889,1_6043,1774381167,1774381096,default
1774381131,1_60161,1_100042,148,1_762077329,1_3733,1774381440,1774381440,default
1774381131,1_970,40_577,577,40_1839020,40_9728,1774381167,1774381167,default
1774381131,1_320,40_100240,554,40_560096569,40_9652,1774381200,1774381196,default
1774381131,1_320,40_100239,550,40_597752699,40_9576,1774381200,1774381243,default
1774381131,1_575,1_100263,7,1_650129889,1_4528,1774381200,1774381019,default
1774381131,1_46505,1_102619,F Line,1_656236869,1_7976142,1774381380,1774381380,default
1774381131,1_46505,1_102619,F Line,1_656237129,1_7976074,1774382280,1774382280,default
1774381131,3_31002,40_560,560,40_2524020,40_9213,1774381165,1774381431,default
1774381131,1_72494,1_100160,269,1_720964829,1_7976342,1774381740,1774381740,default
1774381131,1_52306,1_102719,161,1_635446239,1_7976092,1774381680,1774381680,default
1774381131,1_52306,1_102619,F Line,1_656236989,1_7976017,1774382100,1774382100,default
1774381131,1_99254,1_100045,150,1_724421109,1_8170,1774380880,1774381247,default
1774381131,1_58112,1_102619,F Line,1_656236559,1_6227,1774381401,1774381231,default
1774381131,1_40030,1_102574,40,1_690033779,1_8129,1774381635,1774381130,default
1774381131,1_57804,1_100072,181,1_721481679,1_7427,1774381756,1774381601,default
1774381131,1_71678,1_102552,226,1_778457359,1_7305,1774381462,1774381250,default
1774381131,1_620,40_100240,554,40_774869919,40_9678,1774381200,1774381307,default
1774381131,1_620,40_100239,550,40_597756629,40_9664,1774381500,1774381753,default
1774381131,1_10912,1_100162,271,1_569496969,1_7976364,1774382160,1774382160,default
1774381131,1_10912,40_100511,542,40_569565599,40_7976608,1774382880,1774382880,default
1774381131,1_10912,1_100162,271,1_569496319,1_7976351,1774383060,1774383060,default
1774381431,1_103,1_102745,G Line,1_736435389,1_6404,1774381246,1774381437,default
1774381431,1_970,1_100003,101,1_762100869,1_8184,1774381554,1774381451,default
1774381431,1_575,1_100210,36,1_630542489,1_4501,1774381380,1774381475,default
1774381431,1_575,1_100001,1,1_562519389,1_4323,1774381440,1774381512,default
1774381431,1_575,1_102576,C Line,1_774681979,1_6268,1774381680,1774381519,default
1774381431,1_46505,1_102619,F Line,1_656237129,1_7976074,1774382280,1774382280,default
1774381431,1_58342,1_100072,181,1_721481669,1_7976037,1774380120,1774381525,default
1774381431,1_72494,1_100160,269,1_720964829,1_7976342,1774381740,1774381740,default
1774381431,1_72494,1_100160,269,1_720966179,1_7976341,1774383540,1774383540,default
1774381431,1_52306,1_102719,161,1_635446239,1_7976092,1774381680,1774381680,default
1774381431,1_52306,1_102619,F Line,1_656236989,1_7976017,1774382100,1774382100,default
1774381431,1_52306,1_102719,161,1_635446249,1_7976230,1774383420,1774383420,default
1774381431,1_55340,1_100006,107,1_732196739,1_7118,1774381658,1774381445,default
1774381431,1_8530,1_100039,14,1_562519449,1_4315,1774381552,1774381432,default
1774381431,1_57804,1_100072,181,1_721481679,1_7427,1774381756,1774381380,default
1774381431,1_59282,1_100072,181,1_721481509,1_7467,1774382280,1774381328,default
1774381431,1_25791,1_100214,372,1_694306849,1_6944,1774381680,1774381641,default
1774381431,1_10912,1_100162,271,1_569496969,1_7976364,1774382160,1774382160,default
1774381431,1_10912,40_100511,542,40_569565599,40_7976608,1774382880,1774382880,default
1774381431,1_10912,1_100162,271,1_569496319,1_7976351,1774383060,1774383060,default
1774381431,1_71960,40_100511,542,40_721031389,40_7976685,1774382460,1774382460,default
1774381731,1_12770,1_100228,48,1_721358959,1_8023,1774381840,1774381761,default
1774381731,1_575,1_102581,D Line,1_628189689,1_6110,1774381680,1774381769,default
1774381731,1_2850,1_100089,2,1_491928769,1_7193,1774381980,1774381130,default
1774381731,1_46505,1_102619,F Line,1_656237129,1_7976074,1774382280,1774382280,default
1774381731,1_27420,1_100249,60,1_689960859,1_7128,1774381628,1774381840,default
1774381731,1_74152,1_102753,222,1_774817859,1_7494,1774381824,1774381694,default
1774381731,1_10653,1_100252,62,1_721368149,1_8249,1774381860,1774381793,default
1774381731,1_72494,1_100160,269,1_720966179,1_7976341,1774383540,1774383540,default
1774381731,1_73953,1_102704,250,1_771116399,1_7463,1774381917,1774381726,default
1774381731,1_52306,40_560,560,40_2524020,40_9213,1774381860,1774381987,default
1774381731,1_52306,1_102619,F Line,1_656236989,1_7976017,1774382100,1774382100,default
1774381731,1_52306,1_102719,161,1_635446249,1_7976230,1774383420,1774383420,default
1774381731,1_8530,1_100263,7,1_650129909,1_4529,1774381573,1774381843,default
1774381731,1_99254,1_100003,101,1_762101039,1_8120,1774381822,1774381836,default
1774381731,1_2200,1_102581,D Line,1_732750109,1_6050,1774381885,1774381865,default
1774381731,1_59282,1_100072,181,1_721481509,1_7467,1774382280,1774381328,default
1774381731,1_59282,1_102717,165,1_664465399,1_7976041,1774382820,1774382820,default
1774381731,1_10210,1_100264,70,1_724578269,1_8243,1774381906,1774381845,default
1774381731,1_620,40_100236,545,40_560087859,40_9815,1774381860,1774381909,default
1774381731,1_620,40_100240,554,40_774870569,40_9570,1774382400,1774382123,default
1774381731,1_10912,1_100162,271,1_569496969,1_7976364,1774382160,1774382160,default
1774381731,1_10912,40_100511,542,40_569565599,40_7976608,1774382880,1774382880,default
1774381731,1_10912,1_100162,271,1_569496319,1_7976351,1774383060,1774383060,default
1774381731,1_71960,40_100511,542,40_721031389,40_7976685,1774382460,1774382460,default
1774381731,1_8403,1_100039,14,1_562519359,1_4356,1774381620,1774381746,default
1774382032,1_81841,1_100160,269,1_720964019,1_7320,1774382350,1774381991,default
1774382032,1_320,40_100239,550,40_597752099,40_9688,1774382100,1774382118,default
1774382032,1_57112,1_102717,165,1_664464969,1_7135,1774382185,1774382004,default
1774382032,1_2850,1_100089,2,1_772358499,1_7033,1774382160,1774381968,default
1774382032,1_46505,1_102619,F Line,1_656236409,1_6275,1774383180,1774381976,default
1774382032,1_46505,1_102619,F Line,1_656237129,1_7976074,1774382280,1774382280,default
1774382032,1_46505,1_102619,F Line,1_656236409,1_7976083,1774383180,1774383180,default
1774382032,1_37200,1_100026,128,1_651747319,1_7399,1774382106,1774381985,default
1774382032,1_72494,1_100160,269,1_720966179,1_7976341,1774383540,1774383540,default
1774382032,1_52306,1_102619,F Line,1_656237229,1_7976229,1774383000,1774383000,default
1774382032,1_52306,1_102719,161,1_635446249,1_7976230,1774383420,1774383420,default
1774382032,1_57156,1_102720,160,1_770988899,1_7431,1774382217,1774382068,default
1774382032,1_11060,1_100249,60,1_689961029,1_7085,1774382197,1774382093,default
1774382032,1_59282,1_100072,181,1_721481509,1_7467,1774382280,1774381328,default
1774382032,1_59282,1_102717,165,1_664465399,1_7113,1774382820,1774381915,default
1774382032,1_59282,1_102717,165,1_664465399,1_7976041,1774382820,1774382820,default
1774382032,1_75850,1_102615,E Line,1_761418079,1_6100,1774382217,1774382165,default
1774382032,1_620,40_100240,554,40_774870569,40_9570,1774382400,1774382185,default
1774382032,1_620,40_100239,550,40_597754139,40_9671,1774382400,1774382702,default
1774382032,1_10912,40_100511,542,40_569565599,40_7976608,1774382880,1774382880,default
1774382032,1_10912,1_100162,271,1_569496319,1_7976351,1774383060,1774383060,default
1774382032,1_10912,1_100162,271,1_569497139,1_7976667,1774383960,1774383960,default
1774382032,1_71960,40_100511,542,40_721031389,40_7976685,1774382460,1774382460,default
1774382332,1_12170,1_100039,14,1_562519359,1_4356,1774382199,1774382421,default
1774382332,1_26560,1_102574,40,1_689542889,1_8254,1774382129,1774382387,default
1774382332,1_60161,1_100042,148,1_762077439,1_3756,1774383240,1774382042,default
1774382332,1_575,1_102615,E Line,1_761417689,1_6057,1774382700,1774382353,default
1774382332,1_575,1_102576,C Line,1_774680759,1_6254,1774382280,1774382402,default
1774382332,1_2850,1_100089,2,1_491928779,1_7033,1774382880,1774382818,default
1774382332,1_2850,1_100089,2,1_491928779,1_7975120,1774382880,1774382880,default
1774382332,1_46505,1_102619,F Line,1_656236409,1_6275,1774383180,1774381976,default
1774382332,1_48620,1_102717,165,1_664464989,1_7198,1774382426,1774382279,default
1774382332,1_27420,1_100249,60,1_689960969,1_7104,1774382348,1774382437,default
1774382332,1_49724,1_100031,132,1_721370989,1_8016,1774382580,1774382362,default
1774382332,1_72494,1_100160,269,1_720966179,1_7976341,1774383540,1774383540,default
1774382332,1_52306,1_102619,F Line,1_656237229,1_7976229,1774383000,1774383000,default
1774382332,1_52306,1_102719,161,1_635446249,1_7976230,1774383420,1774383420,default
1774382332,1_48390,1_100030,131,1_721371979,1_8033,1774382539,1774382408,default
1774382332,1_70665,1_100136,245,1_761787579,1_7356,1774382625,1774382335,default
1774382332,1_59282,1_102717,165,1_664465399,1_7113,1774382820,1774381915,default
1774382332,1_19921,1_100101,21,1_775018349,1_8241,1774382521,1774382449,default
1774382332,1_620,40_100239,550,40_597754139,40_9671,1774382400,1774382590,default
1774382332,1_620,40_510,510,40_15046724__KPOB-CS:223:1:Mon-Wed:1:25SEP:85035:123,40_KPOB-CS:223:1:Mon-Wed:1:25SEP:85035:123,1774386000,1774386000,default
1774382332,1_10912,1_100447,49,1_650118479,1_7975091,1774382490,1774382500,default
1774382332,1_10912,40_100511,542,40_569565599,40_7976608,1774382880,1774382880,default
1774382332,1_10912,1_100162,271,1_569496319,1_7976351,1774383060,1774383060,default
1774382332,1_10912,1_100162,271,1_569497139,1_7976667,1774383960,1774383960,default
1774382632,1_60161,1_100042,148,1_762077439,1_3756,1774383240,1774382042,default
1774382632,1_2850,1_100089,2,1_491928779,1_7975120,1774382880,1774382880,default
1774382632,1_46505,1_102619,F Line,1_656236409,1_6275,1774383180,1774381976,default
1774382632,3_31002,40_560,560,40_3340020,40_9217,1774382965,1774382953,default
1774382632,1_72494,1_100160,269,1_720966179,1_7976341,1774383540,1774383540,default
1774382632,1_52306,1_102619,F Line,1_656237229,1_7976229,1774383000,1774383000,default
1774382632,1_52306,1_102719,161,1_635446249,1_7976230,1774383420,1774383420,default
1774382632,1_9605,1_100259,67,1_657907359,1_7975670,1774382520,1774382774,default
1774382632,1_59282,1_102717,165,1_664465399,1_7113,1774382820,1774381915,default
1774382632,1_74714,1_102701,225,1_736533719,1_7469,1774382819,1774382649,default
1774382632,1_10210,1_100264,70,1_724578259,1_8224,1774382806,1774382788,default
1774382632,1_620,40_100239,550,40_597756359,40_9807,1774383300,1774383300,default
1774382632,1_620,40_510,510,40_15046724__KPOB-CS:223:1:Mon-Wed:1:25SEP:85035:123,40_KPOB-CS:223:1:Mon-Wed:1:25SEP:85035:123,1774386000,1774386000,default
1774382632,1_10912,40_100511,542,40_569565599,40_7976608,1774382880,1774382880,default
1774382632,1_10912,1_100162,271,1_569496319,1_7976351,1774383060,1774383060,default
1774382632,1_10912,1_100162,271,1_569497139,1_7976667,1774383960,1774383960,default
1774382632,1_10912,40_100511,542,40_569569649,40_7976607,1774384680,1774384680,default
1774382632,1_12430,1_100009,11,1_736449369,1_7041,1774382928,1774382696,default
1774382932,1_51551,1_102736,H Line,1_694056819,1_6114,1774382967,1774382850,default
1774382932,1_60161,1_100042,148,1_762077439,1_3756,1774383240,1774382042,default
1774382932,1_970,40_577,577,40_1622020,40_9735,1774382967,1774382967,default
1774382932,1_320,40_100239,550,40_597756689,40_9664,1774383000,1774383010,default
1774382932,1_46505,1_102619,F Line,1_656236409,1_6275,1774383180,1774381976,default
1774382932,1_46505,1_102619,F Line,1_656236669,1_7976226,1774384080,1774384080,default
1774382932,1_29423,1_102732,79,1_561369389,1_7975558,1774384200,1774384200,default
1774382932,1_23530,1_100259,67,1_724949099,1_8295,1774383124,1774382970,default
1774382932,3_31002,40_560,560,40_3340020,40_9217,1774382965,1774383072,default
1774382932,1_72494,1_100160,269,1_720966179,1_7976341,1774383540,1774383540,default
1774382932,1_52306,1_102719,161,1_635446249,1_7976230,1774383420,1774383420,default
1774382932,1_52306,1_102619,F Line,1_656236569,1_7976085,1774383900,1774383900,default
1774382932,1_99254,40_594,594,40_74020,40_61404,1774383393,1774383062,default
1774382932,1_40065,1_102574,40,1_778706389,1_8157,1774383213,1774382926,default
1774382932,1_57804,1_100072,181,1_721481979,1_7328,1774383556,1774383320,default
1774382932,1_71678,1_102552,226,1_778457369,1_7421,1774383291,1774382966,default
1774382932,1_620,40_100239,550,40_597756359,40_9807,1774383300,1774383305,default
1774382932,1_620,40_510,510,40_15046724__KPOB-CS:223:1:Mon-Wed:1:25SEP:85035:123,40_KPOB-CS:223:1:Mon-Wed:1:25SEP:85035:123,1774386000,1774386000,default
1774382932,1_68888,1_102552,226,1_778457369,1_7421,1774383433,1774383102,default
1774382932,1_10912,1_100162,271,1_569497139,1_7976667,1774383960,1774383960,default
1774382932,1_10912,40_100511,542,40_569569649,40_7976607,1774384680,1774384680,default
1774382932,1_10912,1_100162,271,1_569496459,1_7976349,1774384800,1774384800,default
1774383232,1_481,1_102576,C Line,1_774680979,1_6252,1774383300,1774383204,default
1774383232,1_46505,1_102619,F Line,1_656236669,1_7976226,1774384080,1774384080,default
1774383232,1_29423,1_102732,79,1_561369389,1_7975558,1774384200,1774384200,default
1774383232,1_47660,1_102736,H Line,1_694056819,1_6114,1774383475,1774383208,default
1774383232,1_72494,1_100160,269,1_720966179,1_7976341,1774383540,1774383540,default
1774383232,1_72494,1_100160,269,1_720963939,1_7976395,1774385400,1774385400,default
1774383232,1_52306,1_102719,161,1_635446249,1_7976230,1774383420,1774383420,default
1774383232,1_52306,40_560,560,40_3340020,40_9217,1774383660,1774383618,default
1774383232,1_52306,1_102619,F Line,1_656236569,1_7976085,1774383900,1774383900,default
1774383232,1_8530,1_100263,7,1_650129939,1_4537,1774383373,1774383262,default
1774383232,1_8530,1_100039,14,1_562519349,1_4369,1774383352,1774383372,default
1774383232,1_21680,1_100023,124,1_690552239,1_8081,1774383399,1774383275,default
1774383232,1_76312,1_102705,230,1_664298519,1_7459,1774383405,1774383319,default
1774383232,1_60710,1_100512,A Line,1_721482629,1_6242,1774383415,1774383283,default
1774383232,1_25791,1_100214,372,1_694306569,1_6914,1774383480,1774383363,default
1774383232,1_620,40_594,594,40_74020,40_61404,1774383780,1774383418,default
1774383232,1_620,40_510,510,40_15046724__KPOB-CS:223:1:Mon-Wed:1:25SEP:85035:123,40_KPOB-CS:223:1:Mon-Wed:1:25SEP:85035:123,1774386000,1774386000,default
1774383232,1_10912,1_100162,271,1_569497139,1_7976667,1774383960,1774383960,default
1774383232,1_10912,40_100511,542,40_569569649,40_7976607,1774384680,1774384680,default
1774383232,1_10912,1_100162,271,1_569496459,1_7976349,1774384800,1774384800,default
1774383232,1_71960,40_100511,542,40_721030849,40_7976686,1774384260,1774384260,default
1774383532,1_52638,40_574,574,40_2658020,40_41501,1774383798,1774383574,default
1774383532,1_8541,1_100263,7,1_650128759,1_4528,1774383600,1774383557,default
1774383532,1_575,1_100263,7,1_650129929,1_4557,1774383660,1774383588,default
1774383532,1_2850,1_100089,2,1_491928789,1_7038,1774383780,1774383129,default
1774383532,1_46505,1_102619,F Line,1_656236669,1_7976226,1774384080,1774384080,default
1774383532,1_29423,1_102732,79,1_561369389,1_7975558,1774384200,1774384200,default
1774383532,1_1510,1_100263,7,1_650129939,1_4537,1774383594,1774383567,default
1774383532,1_72494,1_100160,269,1_720966179,1_7976341,1774383540,1774383664,default
1774383532,1_72494,1_100160,269,1_720963939,1_7976395,1774385400,1774385400,default
1774383532,1_52306,40_560,560,40_3340020,40_9217,1774383660,1774383619,default
1774383532,1_52306,1_102619,F Line,1_656236569,1_7976085,1774383900,1774383900,default
1774383532,1_21080,1_100249,60,1_689961149,1_7134,1774383360,1774383666,default
1774383532,1_59282,1_100072,181,1_721481839,1_7427,1774384140,1774382951,default
1774383532,1_59282,1_102717,165,1_664465409,1_7135,1774384620,1774383055,default
1774383532,1_82810,1_100133,240,1_761786749,1_7369,1774383981,1774383607,default
1774383532,1_7690,1_102615,E Line,1_761417689,1_6057,1774383845,1774383627,default
1774383532,1_75580,1_100205,348,1_771626349,1_7222,1774383727,1774383618,default
1774383532,1_620,40_100240,554,40_774869429,40_9684,1774383720,1774383661,default
1774383532,1_620,40_100236,545,40_560088819,40_9806,1774383660,1774383717,default
1774383532,1_620,40_510,510,40_15046724__KPOB-CS:223:1:Mon-Wed:1:25SEP:85035:123,40_KPOB-CS:223:1:Mon-Wed:1:25SEP:85035:123,1774386000,1774386000,default
1774383532,1_620,40_510,510,40_15046174__KPOB-CS:223:1:Mon-Wed:1:25SEP:85049:123,40_KPOB-CS:223:1:Mon-Wed:1:25SEP:85049:123,1774387200,1774387200,default
1774383532,1_10912,1_100162,271,1_569497139,1_7479,1774383960,1774383960,default
1774383532,1_10912,1_100162,271,1_569497139,1_7976667,1774383960,1774383960,default
1774383532,1_10912,40_100511,542,40_569569649,40_7976607,1774384680,1774384680,default
1774383532,1_10912,1_100162,271,1_569496459,1_7976349,1774384800,1774384800,default
1774383532,1_71960,40_100511,542,40_721030849,40_7976686,1774384260,1774384260,default
1774383532,1_8403,1_100039,14,1_562519369,1_4384,1774383480,1774383588,default
1774383532,1_18550,1_100252,62,1_721368199,1_8012,1774383716,1774383653,default
1774383532,1_76310,40_100232,522,40_635897399,40_9666,1774383807,1774383638,default
1774383832,1_481,1_102576,C Line,1_774680859,1_6257,1774383900,1774383814,default
1774383832,1_46505,1_102619,F Line,1_656236669,1_7976226,1774384080,1774384080,default
1774383832,1_46505,1_102619,F Line,1_694521839,1_7976003,1774384980,1774384980,default
1774383832,1_29423,1_102732,79,1_561369389,1_7975558,1774384200,1774384200,default
1774383832,1_72494,1_100160,269,1_720963939,1_7976395,1774385400,1774385400,default
1774383832,1_52306,1_102619,F Line,1_656236269,1_7976225,1774384800,1774384800,default
1774383832,1_52306,1_102719,161,1_635446259,1_7976132,1774385220,1774385220,default
1774383832,1_21945,1_102717,165,1_664464989,1_7198,1774384020,1774383892,default
1774383832,1_59282,1_100072,181,1_721481839,1_7427,1774384140,1774382951,default
1774383832,1_59282,1_102717,165,1_664465409,1_7135,1774384620,1774383055,default
1774383832,1_85531,1_102757,187,1_762095069,1_7148,1774383900,1774384030,default
1774383832,1_620,40_100239,550,40_597754859,40_9568,1774384200,1774384382,default
1774383832,1_620,40_510,510,40_15046724__KPOB-CS:223:1:Mon-Wed:1:25SEP:85035:123,40_KPOB-CS:223:1:Mon-Wed:1:25SEP:85035:123,1774386000,1774386000,default
1774383832,1_620,40_510,510,40_15046174__KPOB-CS:223:1:Mon-Wed:1:25SEP:85049:123,40_KPOB-CS:223:1:Mon-Wed:1:25SEP:85049:123,1774387200,1774387592,default
1774383832,1_10912,40_100511,542,40_569569649,40_7976607,1774384680,1774384680,default
1774383832,1_10912,1_100162,271,1_569496459,1_7976349,1774384800,1774384800,default
1774383832,1_10912,1_100162,271,1_569496749,1_7976670,1774385700,1774385700,default
1774383832,1_71960,40_100511,542,40_721030849,40_7976686,1774384260,1774384260,default
1774384132,1_51551,1_102736,H Line,1_694057139,1_6071,1774384167,1774384022,default
1774384132,1_60161,1_100042,148,1_762077449,1_3712,1774385040,1774383964,default
1774384132,1_60161,1_100042,148,1_762077449,1_7976071,1774385040,1774385040,default
1774384132,1_64569,1_100099,208,1_664282509,1_7976338,1774384135,1774384192,default
1774384132,1_575,1_100263,7,1_650129939,1_4537,1774384260,1774384075,default
1774384132,1_575,1_102615,E Line,1_768604249,1_6221,1774384080,1774384169,default
1774384132,1_2850,1_100089,2,1_491928799,1_7975122,1774384500,1774384500,default
1774384132,1_46505,1_102619,F Line,1_694521839,1_7976003,1774384980,1774384980,default
1774384132,1_29423,1_102732,79,1_561369389,1_7975558,1774384200,1774384200,default
1774384132,1_27420,1_100161,27,1_759818679,1_7055,1774384194,1774384134,default
1774384132,1_72494,1_100160,269,1_720963939,1_7976395,1774385400,1774385400,default
1774384132,1_52306,1_102619,F Line,1_656236269,1_7976225,1774384800,1774384800,default
1774384132,1_52306,1_102719,161,1_635446259,1_7976132,1774385220,1774385220,default
1774384132,1_59282,1_102717,165,1_664465409,1_7135,1774384620,1774383055,default
1774384132,1_620,40_510,510,40_15046724__KPOB-CS:223:1:Mon-Wed:1:25SEP:85035:123,40_KPOB-CS:223:1:Mon-Wed:1:25SEP:85035:123,1774386000,1774386000,default
1774384132,1_620,40_510,510,40_15046174__KPOB-CS:223:1:Mon-Wed:1:25SEP:85049:123,40_KPOB-CS:223:1:Mon-Wed:1:25SEP:85049:123,1774387200,1774387671,default
1774384132,1_10912,40_100511,542,40_569569649,40_7976607,1774384680,1774384680,default
1774384132,1_10912,1_100162,271,1_569496459,1_7976349,1774384800,1774384800,default
1774384132,1_10912,1_100162,271,1_569496749,1_7976670,1774385700,1774385700,default
1774384132,1_41900,1_100249,60,1_689961409,1_7152,1774384320,1774384238,default
1774384432,1_103,1_102745,G Line,1_736435719,1_6404,1774384126,1774384455,default
1774384432,1_60161,1_100042,148,1_762077449,1_3712,1774385040,1774383964,default
1774384432,1_13830,1_100193,32,1_651765679,1_7062,1774384504,1774384402,default
1774384432,1_2850,1_100089,2,1_491928799,1_7092,1774384500,1774384199,default
1774384432,1_2850,1_100089,2,1_491928799,1_7975122,1774384500,1774384500,default
1774384432,1_46505,1_102619,F Line,1_694521839,1_7976003,1774384980,1774384980,default
1774384432,1_27420,1_100249,60,1_689961409,1_7152,1774384508,1774384410,default
1774384432,1_2320,1_100001,1,1_562519549,1_4369,1774384595,1774384512,default
1774384432,1_10653,1_100252,62,1_721368179,1_8059,1774384620,1774384477,default
1774384432,3_31002,40_560,560,40_1422020,40_9202,1774384705,1774384800,default
1774384432,1_72494,1_100160,269,1_720963939,1_7976395,1774385400,1774385400,default
1774384432,1_52306,1_102619,F Line,1_656236269,1_7976225,1774384800,1774384800,default
1774384432,1_52306,1_102719,161,1_635446259,1_7976132,1774385220,1774385220,default
1774384432,1_10370,1_102732,79,1_561369389,1_7203,1774384579,1774384540,default
1774384432,1_30800,1_100230,50,1_785559329,1_3701,1774384587,1774384460,default
1774384432,1_2200,1_102581,D Line,1_732750639,1_6109,1774384225,1774384568,default
1774384432,1_59282,1_102717,165,1_664465409,1_7135,1774384620,1774383055,default
1774384432,1_620,40_510,510,40_15046724__KPOB-CS:223:1:Mon-Wed:1:25SEP:85035:123,40_KPOB-CS:223:1:Mon-Wed:1:25SEP:85035:123,1774386000,1774386000,default
1774384432,1_620,40_510,510,40_15046174__KPOB-CS:223:1:Mon-Wed:1:25SEP:85049:123,40_KPOB-CS:223:1:Mon-Wed:1:25SEP:85049:123,1774387200,1774387652,default
1774384432,1_10912,1_100224,44,1_664047439,1_4534,1774384669,1774384612,default
1774384432,1_10912,40_100511,542,40_569569649,40_7976607,1774384680,1774384680,default
1774384432,1_10912,1_100162,271,1_569496459,1_7976349,1774384800,1774384800,default
1774384432,1_10912,1_100162,271,1_569496749,1_7976670,1774385700,1774385700,default
1774384432,1_10912,40_100511,542,40_569570759,40_7976685,1774386480,1774386480,default
1774384432,1_8403,1_100039,14,1_562519419,1_4303,1774384380,1774384485,default
1774384732,1_60161,1_100042,148,1_762077449,1_3712,1774385040,1774383964,default
1774384732,1_970,40_577,577,40_2365020,40_9726,1774384767,1774384767,default
1774384732,1_320,40_100239,550,40_597757049,40_9807,1774384800,1774384777,default
1774384732,1_575,1_100219,4,1_675345339,1_4301,1774384560,1774384798,default
1774384732,1_46505,1_102619,F Line,1_694521839,1_7976003,1774384980,1774384980,default
1774384732,1_46505,1_102619,F Line,1_694521239,1_7975997,1774385880,1774385880,default
1774384732,1_280,40_100240,554,40_560098319,40_7976695,1774384673,1774384781,default
1774384732,1_11590,1_100002,10,1_675385169,1_4370,1774384556,1774384785,default
1774384732,3_31002,40_560,560,40_1422020,40_9202,1774384705,1774384838,default
1774384732,1_72494,1_100160,269,1_720963939,1_7976395,1774385400,1774385400,default
1774384732,1_52306,1_102719,161,1_635446259,1_7976132,1774385220,1774385220,default
1774384732,1_52306,1_102619,F Line,1_656236879,1_7976142,1774385700,1774385700,default
1774384732,1_8530,1_100263,7,1_650129959,1_4510,1774384573,1774384844,default
1774384732,1_70010,1_102701,225,1_736533719,1_7469,1774384885,1774384780,default
1774384732,1_23905,1_100214,372,1_694306069,1_6920,1774384898,1774384906,default
1774384732,1_70330,1_102703,231,1_633061929,1_7462,1774384923,1774384822,default
1774384732,1_81749,1_100160,269,1_761787199,1_7320,1774384894,1774384848,default
1774384732,1_620,40_100239,550,40_597756279,40_9669,1774385100,1774385079,default
1774384732,1_620,40_510,510,40_15046724__KPOB-CS:223:1:Mon-Wed:1:25SEP:85035:123,40_KPOB-CS:223:1:Mon-Wed:1:25SEP:85035:123,1774386000,1774386000,default
1774384732,1_620,40_510,510,40_15046174__KPOB-CS:223:1:Mon-Wed:1:25SEP:85049:123,40_KPOB-CS:223:1:Mon-Wed:1:25SEP:85049:123,1774387200,1774387401,default
1774384732,1_10912,1_100447,49,1_650118499,1_7040,1774384890,1774384909,default
1774384732,1_10912,1_100162,271,1_569496749,1_7976670,1774385700,1774385700,default
1774384732,1_10912,40_100511,542,40_569570759,40_7976685,1774386480,1774386480,default
1774384732,1_10912,1_100162,271,1_569496199,1_7976348,1774386600,1774386600,default
1774385032,1_103,1_102745,G Line,1_736435499,1_6403,1774384846,1774385060,default
1774385032,1_575,1_100263,7,1_650129949,1_4560,1774384860,1774385088,default
1774385032,1_575,1_100219,4,1_675345639,1_4306,1774385040,1774385101,default
1774385032,1_46505,1_102619,F Line,1_694521239,1_7975997,1774385880,1774385880,default
1774385032,1_72494,1_100160,269,1_720963939,1_7976395,1774385400,1774385400,default
1774385032,1_52306,1_102719,161,1_635446259,1_7976132,1774385220,1774385220,default
1774385032,1_52306,1_102619,F Line,1_656236879,1_7976142,1774385700,1774385700,default
1774385032,1_52306,1_102719,161,1_664467819,1_7976123,1774386840,1774386840,default
1774385032,1_18230,1_100193,32,1_651765639,1_7056,1774385159,1774385113,default
1774385032,1_79872,1_100133,240,1_766261479,1_7373,1774385227,1774385075,default
1774385032,1_620,40_100240,554,40_774870359,40_9690,1774385040,1774385262,default
1774385032,1_620,40_510,510,40_15046724__KPOB-CS:223:1:Mon-Wed:1:25SEP:85035:123,40_KPOB-CS:223:1:Mon-Wed:1:25SEP:85035:123,1774386000,1774386000,default
1774385032,1_620,40_510,510,40_15046174__KPOB-CS:223:1:Mon-Wed:1:25SEP:85049:123,40_KPOB-CS:223:1:Mon-Wed:1:25SEP:85049:123,1774387200,1774387112,default
1774385032,1_10912,1_100162,271,1_569496749,1_7976670,1774385700,1774385700,default
1774385032,1_10912,40_100511,542,40_569570759,40_7976685,1774386480,1774386480,default
1774385032,1_10912,1_100162,271,1_569496199,1_7976348,1774386600,1774386600,default
1774385032,1_71960,40_100511,542,40_721031319,40_7976608,1774386060,1774386060,default
1774385032,1_71838,1_102753,222,1_774817549,1_7326,1774385349,1774385218,default
1774385332,1_8541,1_100263,7,1_650128789,1_4514,1774385400,1774385329,default
1774385332,1_2850,1_100089,2,1_491928809,1_7094,1774385460,1774384731,default
1774385332,1_46505,1_102619,F Line,1_694521239,1_7975997,1774385880,1774385880,default
1774385332,1_68130,1_102548,B Line,1_721019109,1_6025,1774385212,1774385421,default
1774385332,1_81254,1_102746,333,1_778704769,1_7201,1774385455,1774385351,default
1774385332,1_72494,1_100160,269,1_720964899,1_7976343,1774387200,1774387200,default
1774385332,1_79610,1_100006,107,1_635437349,1_3734,1774385452,1774385346,default
1774385332,1_52306,1_102619,F Line,1_656236879,1_7976142,1774385700,1774385700,default
1774385332,1_52306,1_102719,161,1_664467819,1_7976123,1774386840,1774386840,default
1774385332,1_82187,1_100259,67,1_724949489,1_8119,1774385722,1774385341,default
1774385332,1_41940,1_100249,60,1_689961159,1_7137,1774385497,1774385379,default
1774385332,1_9605,1_100259,67,1_657909329,1_7975676,1774385220,1774385485,default
1774385332,1_57804,1_100072,181,1_721481519,1_7197,1774385356,1774385912,default
1774385332,1_59282,1_100072,181,1_721481689,1_7328,1774385880,1774384704,default
1774385332,1_59282,1_102717,165,1_664465419,1_7976089,1774386360,1774386360,default
1774385332,1_620,40_100236,545,40_560088269,40_9655,1774385460,1774385568,default
1774385332,1_620,40_510,510,40_15046724__KPOB-CS:223:1:Mon-Wed:1:25SEP:85035:123,40_KPOB-CS:223:1:Mon-Wed:1:25SEP:85035:123,1774386000,1774386000,default
1774385332,1_620,40_510,510,40_15046174__KPOB-CS:223:1:Mon-Wed:1:25SEP:85049:123,40_KPOB-CS:223:1:Mon-Wed:1:25SEP:85049:123,1774387200,1774386901,default
1774385332,1_620,40_510,510,40_15046334__KPOB-CS:223:1:Mon-Wed:1:25SEP:85052:123,40_KPOB-CS:223:1:Mon-Wed:1:25SEP:85052:123,1774389000,1774389055,default
1774385332,1_10912,1_100162,271,1_569496749,1_7976670,1774385700,1774385700,default
1774385332,1_10912,40_100511,542,40_569570759,40_7976685,1774386480,1774386480,default
1774385332,1_10912,1_100162,271,1_569496199,1_7976348,1774386600,1774386600,default
1774385332,1_71960,40_100511,542,40_721031319,40_7976608,1774386060,1774386060,default
1774385332,1_8403,1_100039,14,1_562519489,1_4404,1774385280,1774385257,default
1774385632,1_6650,1_102747,61,1_724958989,1_3736,1774385694,1774385543,default
1774385632,1_46505,1_102619,F Line,1_694521239,1_7975997,1774385880,1774385880,default
1774385632,1_46505,1_102619,F Line,1_721496539,1_7976017,1774386780,1774386780,default
1774385632,1_40060,1_102574,40,1_778706509,1_8116,1774385853,1774385547,default
1774385632,1_72494,1_100160,269,1_720964899,1_7976343,1774387200,1774387200,default
1774385632,1_52306,1_102619,F Line,1_656237139,1_7976074,1774386600,1774386600,default
1774385632,1_52306,1_102719,161,1_664467819,1_7976123,1774386840,1774386840,default
1774385632,1_40065,1_102574,40,1_778706509,1_8116,1774385965,1774385639,default
1774385632,1_22184,1_100249,60,1_689961029,1_7085,1774385765,1774385665,default
1774385632,1_59282,1_100072,181,1_721481689,1_7328,1774385880,1774384704,default
1774385632,1_59282,1_102717,165,1_664465419,1_7093,1774386360,1774385426,default
1774385632,1_620,40_510,510,40_15046724__KPOB-CS:223:1:Mon-Wed:1:25SEP:85035:123,40_KPOB-CS:223:1:Mon-Wed:1:25SEP:85035:123,1774386000,1774386287,default
1774385632,1_620,40_510,510,40_15046174__KPOB-CS:223:1:Mon-Wed:1:25SEP:85049:123,40_KPOB-CS:223:1:Mon-Wed:1:25SEP:85049:123,1774387200,1774386995,default
1774385632,1_620,40_510,510,40_15046334__KPOB-CS:223:1:Mon-Wed:1:25SEP:85052:123,40_KPOB-CS:223:1:Mon-Wed:1:25SEP:85052:123,1774389000,1774389255,default
1774385632,1_16990,1_100202,345,1_724954179,1_3749,1774385865,1774385734,default
1774385632,1_10912,40_100511,542,40_569570759,40_7976685,1774386480,1774386480,default
1774385632,1_10912,1_100162,271,1_569496199,1_7976348,1774386600,1774386600,default
1774385632,1_10912,1_100162,271,1_569495949,1_7976350,1774387500,1774387500,default
1774385632,1_71960,40_100511,542,40_721031319,40_7976608,1774386060,1774386060,default
1774385932,1_103,1_102745,G Line,1_736437569,1_6410,1774385566,1774385944,default
1774385932,1_60161,1_100042,148,1_762077569,1_3702,1774386720,1774385796,default
1774385932,1_60161,1_100042,148,1_762077569,1_7976052,1774386720,1774386720,default
1774385932,1_75890,1_102615,E Line,1_768603909,1_6200,1774386124,1774385908,default
1774385932,1_51651,1_102736,H Line,1_694057129,1_6061,1774386038,1774385874,default
1774385932,1_320,40_100240,554,40_560098559,40_9684,1774386000,1774385986,default
1774385932,1_575,1_100173,3,1_761126959,1_4304,1774386000,1774385734,default
1774385932,1_575,1_100263,7,1_650129969,1_4525,1774386060,1774385987,default
1774385932,1_2850,1_100089,2,1_491928819,1_7087,1774386240,1774385031,default
1774385932,1_46505,1_102619,F Line,1_721496539,1_7976017,1774386780,1774386780,default
1774385932,1_81199,1_100072,181,1_721481519,1_7197,1774385700,1774386042,default
1774385932,1_72494,1_100160,269,1_720964899,1_7976343,1774387200,1774387200,default
1774385932,1_84810,1_102752,223,1_825197159,1_7327,1774385994,1774386017,default
1774385932,1_52306,1_102619,F Line,1_656237139,1_7976074,1774386600,1774386600,default
1774385932,1_52306,1_102719,161,1_664467819,1_7976123,1774386840,1774386840,default
1774385932,1_48390,1_100030,131,1_721371719,1_8062,1774386139,1774385960,default
1774385932,1_8530,1_100263,7,1_650129979,1_4532,1774385773,1774386028,default
1774385932,1_8530,1_100039,14,1_562519589,1_4394,1774386052,1774386094,default
1774385932,1_58112,1_102619,F Line,1_656236669,1_6229,1774386081,1774386081,default
1774385932,1_21680,1_100023,124,1_690551909,1_8080,1774386099,1774386010,default
1774385932,1_59282,1_102717,165,1_664465419,1_7093,1774386360,1774385426,default
1774385932,1_620,40_510,510,40_15046724__KPOB-CS:223:1:Mon-Wed:1:25SEP:85035:123,40_KPOB-CS:223:1:Mon-Wed:1:25SEP:85035:123,1774386000,1774386270,default
1774385932,1_620,40_100240,554,40_774869189,40_9812,1774386360,1774386328,default
1774385932,1_620,40_100239,550,40_597752709,40_9576,1774386000,1774386534,default
1774385932,1_620,40_510,510,40_15046174__KPOB-CS:223:1:Mon-Wed:1:25SEP:85049:123,40_KPOB-CS:223:1:Mon-Wed:1:25SEP:85049:123,1774387200,1774387140,default
1774385932,1_620,40_510,510,40_15046334__KPOB-CS:223:1:Mon-Wed:1:25SEP:85052:123,40_KPOB-CS:223:1:Mon-Wed:1:25SEP:85052:123,1774389000,1774389106,default
1774385932,1_620,40_515,515,40_15046274__KPOB-CS:223:1:Mon-Wed:1:25SEP:85053:123,40_KPOB-CS:223:1:Mon-Wed:1:25SEP:85053:123,1774389600,1774389590,default
1774385932,1_10912,40_100511,542,40_569570759,40_7976685,1774386480,1774386480,default
1774385932,1_10912,1_100162,271,1_569496199,1_7976348,1774386600,1774386600,default
1774385932,1_10912,1_100162,271,1_569495949,1_7976350,1774387500,1774387500,default
1774385932,1_59070,1_100072,181,1_721481689,1_7328,1774386108,1774386071,default
1774386232,1_60161,1_100042,148,1_762077569,1_3702,1774386720,1774385796,default
1774386232,1_970,40_578,578,40_675020,40_9727,1774385667,1774386246,default
1774386232,1_81205,1_100072,181,1_721481519,1_7197,1774385971,1774386267,default
1774386232,1_575,1_100264,70,1_724577499,1_8245,1774386360,1774386275,default
1774386232,1_46505,1_102619,F Line,1_721496539,1_7976017,1774386780,1774386780,default
1774386232,3_31002,40_560,560,40_3743020,40_41504,1774386445,1774386397,default
1774386232,1_74743,1_102701,225,1_736533709,1_7349,1774386521,1774386255,default
1774386232,1_72494,1_100160,269,1_720964899,1_7976343,1774387200,1774387200,default
1774386232,1_52306,1_102619,F Line,1_656237139,1_7976074,1774386600,1774386600,default
1774386232,1_52306,1_102719,161,1_664467819,1_7976123,1774386840,1774386840,default
1774386232,1_8530,1_100263,7,1_650129989,1_4513,1774386373,1774386268,default
1774386232,1_99254,40_594,594,40_2732020,40_41601,1774387053,1774386357,default
1774386232,1_58112,1_100045,150,1_762102419,1_8170,1774386329,1774386291,default
1774386232,1_2200,1_102581,D Line,1_732749149,1_8111,1774386625,1774386390,default
1774386232,1_22184,1_102736,H Line,1_694057129,1_6061,1774386446,1774386313,default
1774386232,1_59282,1_102717,165,1_664465419,1_7093,1774386360,1774385426,default
1774386232,1_620,40_100236,545,40_560088719,40_9682,1774386360,1774386453,default
1774386232,1_620,40_100239,550,40_597757399,40_9688,1774386900,1774386929,default
1774386232,1_620,40_510,510,40_15046174__KPOB-CS:223:1:Mon-Wed:1:25SEP:85049:123,40_KPOB-CS:223:1:Mon-Wed:1:25SEP:85049:123,1774387200,1774387151,default
1774386232,1_620,40_510,510,40_15046334__KPOB-CS:223:1:Mon-Wed:1:25SEP:85052:123,40_KPOB-CS:223:1:Mon-Wed:1:25SEP:85052:123,1774389000,1774388796,default
1774386232,1_620,40_515,515,40_15046274__KPOB-CS:223:1:Mon-Wed:1:25SEP:85053:123,40_KPOB-CS:223:1:Mon-Wed:1:25SEP:85053:123,1774389600,1774389462,default
1774386232,1_10912,40_100511,542,40_569570759,40_7976685,1774386480,1774386480,default
1774386232,1_10912,1_100162,271,1_569496199,1_7976348,1774386600,1774386600,default
1774386232,1_10912,1_100162,271,1_569495949,1_7976350,1774387500,1774387500,default
1774386232,1_10912,40_100511,542,40_569570779,40_7976686,1774388280,1774388280,default
1774386232,1_8403,1_100039,14,1_562519539,1_4339,1774386180,1774386126,default
1774386532,1_60161,1_100042,148,1_762077569,1_3702,1774386720,1774385796,default
1774386532,1_970,40_577,577,40_1582020,40_9738,1774386662,1774386662,default
1774386532,1_51651,1_102736,H Line,1_694056509,1_6071,1774386638,1774386538,default
1774386532,1_320,40_100239,550,40_597757389,40_9669,1774386600,1774386605,default
1774386532,1_575,1_100210,36,1_630543849,1_7974904,1774386780,1774386509,default
1774386532,1_46505,1_102619,F Line,1_721496539,1_7976017,1774386780,1774386780,default
1774386532,1_46505,1_102619,F Line,1_721496779,1_7976229,1774387680,1774387680,default
1774386532,1_27420,1_100249,60,1_689961149,1_7134,1774385948,1774386662,default
1774386532,1_1510,1_100263,7,1_650129989,1_4513,1774386594,1774386529,default
1774386532,1_8190,1_100263,7,1_650130019,1_4542,1774386656,1774386553,default
1774386532,1_72494,1_100160,269,1_720964899,1_7976343,1774387200,1774387200,default
1774386532,1_52306,1_102719,161,1_664467819,1_7976123,1774386840,1774386840,default
1774386532,1_52306,1_102619,F Line,1_656236419,1_7976083,1774387500,1774387500,default
1774386532,1_57804,1_100072,181,1_721481849,1_7404,1774387096,1774387158,default
1774386532,1_23905,1_100214,372,1_694306639,1_6967,1774386638,1774386718,default
1774386532,1_59872,1_102619,F Line,1_656236269,1_1014,1774386858,1774386757,default
1774386532,1_82107,1_100196,331,1_724954949,1_7254,1774386756,1774386644,default
1774386532,1_620,40_594,594,40_2732020,40_41601,1774387440,1774386773,default
1774386532,1_620,40_100239,550,40_597757399,40_9688,1774386900,1774386980,default
1774386532,1_620,40_510,510,40_15046174__KPOB-CS:223:1:Mon-Wed:1:25SEP:85049:123,40_KPOB-CS:223:1:Mon-Wed:1:25SEP:85049:123,1774387200,1774387363,default
1774386532,1_620,40_510,510,40_15046334__KPOB-CS:223:1:Mon-Wed:1:25SEP:85052:123,40_KPOB-CS:223:1:Mon-Wed:1:25SEP:85052:123,1774389000,1774388553,default
1774386532,1_620,40_515,515,40_15046274__KPOB-CS:223:1:Mon-Wed:1:25SEP:85053:123,40_KPOB-CS:223:1:Mon-Wed:1:25SEP:85053:123,1774389600,1774389206,default
1774386532,1_620,40_510,510,40_15046226__KPOB-CS:223:1:Mon-Wed:1:25SEP:85056:123,40_KPOB-CS:223:1:Mon-Wed:1:25SEP:85056:123,1774390200,1774390200,default
1774386532,1_620,40_515,515,40_15046506__KPOB-CS:223:1:Mon-Wed:1:25SEP:85057:123,40_KPOB-CS:223:1:Mon-Wed:1:25SEP:85057:123,1774390200,1774390292,default
1774386532,1_10912,1_100224,44,1_664047109,1_4506,1774386829,1774386700,default
1774386532,1_10912,1_100162,271,1_569495949,1_7976350,1774387500,1774387500,default
1774386532,1_10912,40_100511,542,40_569570779,40_7976686,1774388280,1774388280,default
1774386532,1_10912,1_100162,271,1_569495869,1_7976674,1774388460,1774388460,default
1774386832,1_481,1_102576,C Line,1_774680599,1_6255,1774386900,1774386685,default
1774386832,1_2850,1_100089,2,1_491928829,1_7155,1774387260,1774386722,default
1774386832,1_46505,1_102619,F Line,1_721496779,1_6274,1774387680,1774386753,default
1774386832,1_46505,1_102619,F Line,1_721496779,1_7976229,1774387680,1774387680,default
1774386832,1_29423,1_102732,79,1_561369479,1_7975557,1774387800,1774387800,default
1774386832,1_280,40_592,592,40_1851020,40_41603,1774386878,1774386878,default
1774386832,1_72494,1_100160,269,1_720964899,1_7976343,1774387200,1774387200,default
1774386832,1_52306,40_560,560,40_3743020,40_41504,1774387140,1774387181,default
1774386832,1_52306,1_102619,F Line,1_656236419,1_7976083,1774387500,1774387500,default
1774386832,1_52306,1_102719,161,1_664467829,1_7976093,1774388280,1774388280,default
1774386832,1_8530,1_100039,14,1_562519609,1_4384,1774386952,1774386938,default
1774386832,1_76312,1_102705,230,1_664298539,1_7361,1774387153,1774386907,default
1774386832,1_57804,1_100072,181,1_721481849,1_7404,1774387096,1774386974,default
1774386832,1_22184,1_102736,H Line,1_694056509,1_6071,1774387046,1774386946,default
1774386832,1_60710,1_100512,A Line,1_721482669,1_6238,1774387026,1774386984,default
1774386832,1_7690,1_102615,E Line,1_761418389,1_6098,1774387085,1774386887,default
1774386832,1_620,40_510,510,40_15046174__KPOB-CS:223:1:Mon-Wed:1:25SEP:85049:123,40_KPOB-CS:223:1:Mon-Wed:1:25SEP:85049:123,1774387200,1774387681,default
1774386832,1_620,40_510,510,40_15046334__KPOB-CS:223:1:Mon-Wed:1:25SEP:85052:123,40_KPOB-CS:223:1:Mon-Wed:1:25SEP:85052:123,1774389000,1774388275,default
1774386832,1_620,40_515,515,40_15046274__KPOB-CS:223:1:Mon-Wed:1:25SEP:85053:123,40_KPOB-CS:223:1:Mon-Wed:1:25SEP:85053:123,1774389600,1774388949,default
1774386832,1_620,40_515,515,40_15046506__KPOB-CS:223:1:Mon-Wed:1:25SEP:85057:123,40_KPOB-CS:223:1:Mon-Wed:1:25SEP:85057:123,1774390200,1774390378,default
1774386832,1_620,40_510,510,40_15046226__KPOB-CS:223:1:Mon-Wed:1:25SEP:85056:123,40_KPOB-CS:223:1:Mon-Wed:1:25SEP:85056:123,1774390200,1774390628,default
1774386832,1_10912,1_100162,271,1_569495949,1_7976350,1774387500,1774387500,default
1774386832,1_10912,40_100511,542,40_569570779,40_7976686,1774388280,1774388280,default
1774386832,1_10912,1_100162,271,1_569495869,1_7976674,1774388460,1774388460,default
1774386832,1_10912,1_100162,271,1_581747189,1_7976720,1774389120,1774389120,default
1774386832,1_71960,40_100511,542,40_721030799,40_7976607,1774387860,1774387860,default
1774386832,1_8403,1_100039,14,1_562519569,1_4323,1774387080,1774386951,default
1774387133,1_46791,1_100016,118,1_669631419,1_3737,1774387260,1774387312,default
1774387133,1_29217,1_100224,44,1_664047879,1_4509,1774386842,1774387144,default
1774387133,1_52638,40_574,574,40_3348020,40_9714,1774387398,1774387193,default
1774387133,1_970,40_594,594,40_2423020,40_61404,1774387230,1774387230,default
1774387133,1_575,1_100263,7,1_650129989,1_4513,1774387260,1774387034,default
1774387133,1_2850,1_100089,2,1_491928829,1_7155,1774387260,1774386722,default
1774387133,1_46505,1_102619,F Line,1_721496779,1_6274,1774387680,1774386753,default
1774387133,1_29423,1_102732,79,1_561369479,1_7975557,1774387800,1774387800,default
1774387133,1_25140,1_100254,65,1_778693039,1_7975710,1774386867,1774387189,default
1774387133,1_60477,1_100060,168,1_693747029,1_7442,1774386670,1774387206,default
1774387133,1_72494,1_100160,269,1_720964319,1_7976380,1774389000,1774389000,default
1774387133,1_52306,40_560,560,40_3743020,40_41504,1774387140,1774387269,default
1774387133,1_52306,1_102619,F Line,1_656236419,1_7976083,1774387500,1774387500,default
1774387133,1_52306,1_102719,161,1_664467829,1_7976093,1774388280,1774388280,default
1774387133,1_99254,1_100003,101,1_694514609,1_8184,1774387282,1774387220,default
1774387133,1_58112,1_100045,150,1_762102219,1_8135,1774387349,1774387247,default
1774387133,1_59282,1_100072,181,1_721481989,1_7197,1774387680,1774386991,default
1774387133,1_59282,1_100072,181,1_721481989,1_7976037,1774387680,1774387680,default
1774387133,1_59282,1_102717,165,1_694516559,1_7976040,1774390140,1774390140,default
1774387133,1_42540,1_100072,181,1_721481839,1_7427,1774387402,1774387210,default
1774387133,1_620,40_100236,545,40_560089049,40_7976553,1774387260,1774387406,default
1774387133,1_620,40_100240,554,40_774871429,40_9652,1774387680,1774387491,default
1774387133,1_620,40_510,510,40_15046174__KPOB-CS:223:1:Mon-Wed:1:25SEP:85049:123,40_KPOB-CS:223:1:Mon-Wed:1:25SEP:85049:123,1774387200,1774387826,default
1774387133,1_620,40_510,510,40_15046334__KPOB-CS:223:1:Mon-Wed:1:25SEP:85052:123,40_KPOB-CS:223:1:Mon-Wed:1:25SEP:85052:123,1774389000,1774388447,default
1774387133,1_620,40_515,515,40_15046274__KPOB-CS:223:1:Mon-Wed:1:25SEP:85053:123,40_KPOB-CS:223:1:Mon-Wed:1:25SEP:85053:123,1774389600,1774388701,default
1774387133,1_620,40_515,515,40_15046506__KPOB-CS:223:1:Mon-Wed:1:25SEP:85057:123,40_KPOB-CS:223:1:Mon-Wed:1:25SEP:85057:123,1774390200,1774390279,default
1774387133,1_620,40_515,515,40_15046235__KPOB-CS:223:1:Mon-Wed:1:25SEP:85059:123,40_KPOB-CS:223:1:Mon-Wed:1:25SEP:85059:123,1774390800,1774390517,default
1774387133,1_620,40_510,510,40_15046226__KPOB-CS:223:1:Mon-Wed:1:25SEP:85056:123,40_KPOB-CS:223:1:Mon-Wed:1:25SEP:85056:123,1774390200,1774390708,default
1774387133,1_10912,1_100162,271,1_569495949,1_7976350,1774387500,1774387500,default
1774387133,1_10912,40_100511,542,40_569570779,40_7976686,1774388280,1774388280,default
1774387133,1_10912,1_100162,271,1_569495869,1_7976674,1774388460,1774388460,default
1774387133,1_10912,1_100162,271,1_581747189,1_7976720,1774389120,1774389120,default
1774387133,1_71960,1_102752,223,1_766488239,1_7976410,1774387320,1774386889,default
1774387133,1_71960,40_100511,542,40_721030799,40_7976607,1774387860,1774387860,default
1774387133,1_8403,1_100039,14,1_562519569,1_4323,1774387080,1774386971,default
1774387433,1_103,1_102745,G Line,1_736435739,1_6404,1774387006,1774387443,default
1774387433,1_12170,1_100039,14,1_562519569,1_4323,1774387659,1774387530,default
1774387433,1_8541,1_100263,7,1_650172839,1_4562,1774387500,1774387521,default
1774387433,1_55230,1_100006,107,1_721485479,1_3709,1774387465,1774387403,default
1774387433,1_320,40_594,594,40_2423020,40_61404,1774387500,1774387500,default
1774387433,1_320,40_100239,550,40_597757359,40_7976616,1774387500,1774387500,default
1774387433,1_17651,1_102747,61,1_724959739,1_3742,1774387310,1774387484,default
1774387433,1_575,1_100210,36,1_630542199,1_4318,1774387380,1774387474,default
1774387433,1_575,1_100219,4,1_675345369,1_4360,1774387380,1774387512,default
1774387433,1_46505,1_102619,F Line,1_721496779,1_6274,1774387680,1774386753,default
1774387433,1_46505,1_102619,F Line,1_721496129,1_7976085,1774388580,1774388580,default
1774387433,1_29423,1_102732,79,1_561369479,1_7975557,1774387800,1774387800,default
1774387433,1_81199,1_100072,181,1_721481849,1_7404,1774387440,1774387513,default
1774387433,1_72494,1_100160,269,1_720964319,1_7976380,1774389000,1774389000,default
1774387433,1_52306,1_102719,161,1_664467829,1_7976093,1774388280,1774388280,default
1774387433,1_52306,1_102619,F Line,1_656236679,1_7976226,1774388400,1774388400,default
1774387433,1_69882,1_102701,225,1_736533709,1_7349,1774387682,1774387461,default
1774387433,1_45670,1_100210,36,1_630543839,1_4399,1774387584,1774387465,default
1774387433,1_9030,1_100263,7,1_650128789,1_4514,1774387562,1774387444,default
1774387433,1_49350,1_100026,128,1_651747359,1_7399,1774387717,1774387584,default
1774387433,1_59282,1_102717,165,1_664465429,1_7198,1774388100,1774386645,default
1774387433,1_59282,1_100072,181,1_721481989,1_7197,1774387680,1774386991,default
1774387433,1_59282,1_102717,165,1_694516559,1_7976040,1774390140,1774390140,default
1774387433,1_23905,1_100214,372,1_694306859,1_6944,1774387538,1774387605,default
1774387433,1_60710,1_100512,A Line,1_721483119,1_6010,1774387636,1774387603,default
1774387433,1_620,40_100236,545,40_560089049,40_7976553,1774387260,1774387722,default
1774387433,1_620,40_100239,550,40_597757369,40_9664,1774387860,1774387968,default
1774387433,1_620,40_510,510,40_15046334__KPOB-CS:223:1:Mon-Wed:1:25SEP:85052:123,40_KPOB-CS:223:1:Mon-Wed:1:25SEP:85052:123,1774389000,1774388382,default
1774387433,1_620,40_515,515,40_15046274__KPOB-CS:223:1:Mon-Wed:1:25SEP:85053:123,40_KPOB-CS:223:1:Mon-Wed:1:25SEP:85053:123,1774389600,1774388562,default
1774387433,1_620,40_515,515,40_15046506__KPOB-CS:223:1:Mon-Wed:1:25SEP:85057:123,40_KPOB-CS:223:1:Mon-Wed:1:25SEP:85057:123,1774390200,1774390003,default
1774387433,1_620,40_515,515,40_15046235__KPOB-CS:223:1:Mon-Wed:1:25SEP:85059:123,40_KPOB-CS:223:1:Mon-Wed:1:25SEP:85059:123,1774390800,1774390272,default
1774387433,1_620,40_510,510,40_15046226__KPOB-CS:223:1:Mon-Wed:1:25SEP:85056:123,40_KPOB-CS:223:1:Mon-Wed:1:25SEP:85056:123,1774390200,1774390625,default
1774387433,1_620,40_510,510,40_15046517__KPOB-CS:223:1:Mon-Wed:1:25SEP:85060:123,40_KPOB-CS:223:1:Mon-Wed:1:25SEP:85060:123,1774391100,1774391100,default
1774387433,1_10912,40_100511,542,40_569570779,40_7976686,1774388280,1774388280,default
1774387433,1_10912,1_100162,271,1_569495869,1_7976674,1774388460,1774388460,default
1774387433,1_10912,1_100162,271,1_581747189,1_7976720,1774389120,1774389120,default
1774387433,1_10912,1_100162,271,1_581704389,1_7976671,1774389780,1774389780,default
1774387433,1_71960,40_100511,542,40_721030799,40_7976607,1774387860,1774387860,default
1774387733,1_103,1_102745,G Line,1_736435649,1_6401,1774387366,1774387764,default
1774387733,1_85800,1_100196,331,1_778699499,1_7231,1774387752,1774387811,default
1774387733,1_60161,1_100042,148,1_762077559,1_3734,1774388460,1774387593,default
1774387733,1_60161,1_100042,148,1_762077559,1_7976054,1774388460,1774388460,default
1774387733,1_320,40_100239,550,40_597757359,40_9576,1774387500,1774387779,default
1774387733,1_575,1_100173,3,1_761126129,1_4359,1774387800,1774387695,default
1774387733,1_575,1_102576,C Line,1_774682249,1_6267,1774387680,1774387837,default
1774387733,1_2850,1_100089,2,1_548774689,1_7080,1774388220,1774387640,default
1774387733,1_2850,1_100089,2,1_548774689,1_7975111,1774388220,1774388220,default
1774387733,1_46505,1_102619,F Line,1_721496129,1_7976085,1774388580,1774388580,default
1774387733,1_29423,1_102732,79,1_561369479,1_7975557,1774387800,1774387800,default
1774387733,3_31002,40_560,560,40_1102020,40_41501,1774388005,1774387993,default
1774387733,1_72494,1_100160,269,1_720964319,1_7976380,1774389000,1774389000,default
1774387733,1_52306,1_102719,161,1_664467829,1_7976093,1774388280,1774388280,default
1774387733,1_52306,1_102619,F Line,1_656236679,1_7976226,1774388400,1774388400,default
1774387733,1_59282,1_102717,165,1_664465429,1_7198,1774388100,1774386645,default
1774387733,1_59282,1_102717,165,1_694516559,1_7976040,1774390140,1774390140,default
1774387733,1_620,40_510,510,40_15046334__KPOB-CS:223:1:Mon-Wed:1:25SEP:85052:123,40_KPOB-CS:223:1:Mon-Wed:1:25SEP:85052:123,1774389000,1774388517,default
1774387733,1_620,40_515,515,40_15046274__KPOB-CS:223:1:Mon-Wed:1:25SEP:85053:123,40_KPOB-CS:223:1:Mon-Wed:1:25SEP:85053:123,1774389600,1774388641,default
1774387733,1_620,40_515,515,40_15046506__KPOB-CS:223:1:Mon-Wed:1:25SEP:85057:123,40_KPOB-CS:223:1:Mon-Wed:1:25SEP:85057:123,1774390200,1774389712,default
1774387733,1_620,40_515,515,40_15046235__KPOB-CS:223:1:Mon-Wed:1:25SEP:85059:123,40_KPOB-CS:223:1:Mon-Wed:1:25SEP:85059:123,1774390800,1774389973,default
1774387733,1_620,40_510,510,40_15046226__KPOB-CS:223:1:Mon-Wed:1:25SEP:85056:123,40_KPOB-CS:223:1:Mon-Wed:1:25SEP:85056:123,1774390200,1774390475,default
1774387733,1_620,40_510,510,40_15046517__KPOB-CS:223:1:Mon-Wed:1:25SEP:85060:123,40_KPOB-CS:223:1:Mon-Wed:1:25SEP:85060:123,1774391100,1774391323,default
1774387733,1_620,40_515,515,40_15046486__KPOB-CS:223:1:Mon-Wed:1:25SEP:85061:123,40_KPOB-CS:223:1:Mon-Wed:1:25SEP:85061:123,1774391400,1774391400,default
1774387733,1_10912,40_100511,542,40_569570779,40_7976686,1774388280,1774388280,default
1774387733,1_10912,1_100162,271,1_569495869,1_7976674,1774388460,1774388460,default
1774387733,1_10912,1_100162,271,1_581747189,1_7976720,1774389120,1774389120,default
1774387733,1_10912,40_100451,556,40_635882649,40_7976563,1774389600,1774389600,default
1774387733,1_10912,1_100162,271,1_581704389,1_7976671,1774389780,1774389780,default
1774387733,1_81982,1_102746,333,1_778704799,1_7975727,1774387779,1774387910,default
1774388033,1_103,1_102745,G Line,1_736435469,1_6403,1774387726,1774388060,default
1774388033,1_77930,1_102746,333,1_778704119,1_7230,1774388117,1774388070,default
1774388033,1_73945,1_102704,250,1_771116509,1_7363,1774388068,1774388030,default
1774388033,1_60161,1_100042,148,1_762077559,1_3734,1774388460,1774387593,default
1774388033,1_575,1_102615,E Line,1_768603619,1_6218,1774388160,1774388021,default
1774388033,1_13830,1_100193,32,1_651765789,1_7057,1774388104,1774388007,default
1774388033,1_2850,1_100089,2,1_548774689,1_7080,1774388220,1774387640,default
1774388033,1_2850,1_100089,2,1_491928859,1_7975080,1774389960,1774389960,default
1774388033,1_8080,1_100263,7,1_650128789,1_4514,1774388387,1774388011,default
1774388033,1_46505,1_102619,F Line,1_721496129,1_7976085,1774388580,1774388580,default
1774388033,1_72494,1_100160,269,1_720964319,1_7976380,1774389000,1774389000,default
1774388033,1_52306,1_102719,161,1_664467829,1_7976093,1774388280,1774388280,default
1774388033,1_52306,1_102619,F Line,1_656236679,1_7976226,1774388400,1774388400,default
1774388033,1_8530,1_100263,7,1_650130019,1_4542,1774388173,1774388089,default
1774388033,1_9605,1_100259,67,1_657909849,1_7975671,1774387920,1774388158,default
1774388033,1_39983,1_102736,H Line,1_694056469,1_6111,1774388280,1774388173,default
1774388033,1_59282,1_102717,165,1_694516559,1_7976040,1774390140,1774390140,default
1774388033,1_60710,1_100512,A Line,1_721482679,1_6234,1774388236,1774388232,default
1774388033,1_10210,1_100264,70,1_724577409,1_8242,1774388206,1774388169,default
1774388033,1_57791,1_102718,184,1_635442869,1_7468,1774388169,1774388311,default
1774388033,1_620,40_510,510,40_15046334__KPOB-CS:223:1:Mon-Wed:1:25SEP:85052:123,40_KPOB-CS:223:1:Mon-Wed:1:25SEP:85052:123,1774389000,1774388525,default
1774388033,1_620,40_515,515,40_15046274__KPOB-CS:223:1:Mon-Wed:1:25SEP:85053:123,40_KPOB-CS:223:1:Mon-Wed:1:25SEP:85053:123,1774389600,1774388666,default
1774388033,1_620,40_515,515,40_15046506__KPOB-CS:223:1:Mon-Wed:1:25SEP:85057:123,40_KPOB-CS:223:1:Mon-Wed:1:25SEP:85057:123,1774390200,1774389455,default
1774388033,1_620,40_515,515,40_15046235__KPOB-CS:223:1:Mon-Wed:1:25SEP:85059:123,40_KPOB-CS:223:1:Mon-Wed:1:25SEP:85059:123,1774390800,1774389678,default
1774388033,1_620,29_424,424,29_14876205__MCOB-DO:123:0:Weekday:1:25SEP:61042:12345,29_MCOB-DO:123:0:Weekday:1:25SEP:61042:12345,1774391700,1774389738,default
1774388033,1_620,40_510,510,40_15046226__KPOB-CS:223:1:Mon-Wed:1:25SEP:85056:123,40_KPOB-CS:223:1:Mon-Wed:1:25SEP:85056:123,1774390200,1774390325,default
1774388033,1_620,40_510,510,40_15046517__KPOB-CS:223:1:Mon-Wed:1:25SEP:85060:123,40_KPOB-CS:223:1:Mon-Wed:1:25SEP:85060:123,1774391100,1774391382,default
1774388033,1_620,40_515,515,40_15046486__KPOB-CS:223:1:Mon-Wed:1:25SEP:85061:123,40_KPOB-CS:223:1:Mon-Wed:1:25SEP:85061:123,1774391400,1774391466,default
1774388033,1_10912,40_100511,542,40_569570779,40_7976686,1774388280,1774388280,default
1774388033,1_10912,1_100162,271,1_569495869,1_7976674,1774388460,1774388460,default
1774388033,1_10912,1_100162,271,1_581747189,1_7976720,1774389120,1774389120,default
1774388033,1_10912,40_100451,556,40_635882649,40_7976563,1774389600,1774389600,default
1774388033,1_10912,1_100162,271,1_581704389,1_7976671,1774389780,1774389780,default
1774388033,1_8403,1_100039,14,1_562519729,1_4315,1774387980,1774387722,default
1774388333,1_60161,1_100042,148,1_762077559,1_3734,1774388460,1774387593,default
1774388333,1_970,40_577,577,40_2255020,40_9716,1774388462,1774388462,default
1774388333,1_12770,1_100228,48,1_721361399,1_8002,1774388369,1774388352,default
1774388333,1_320,40_590,590,40_396020,40_41506,1774388460,1774388460,default
1774388333,1_2850,1_100089,2,1_491928859,1_7975080,1774389960,1774389960,default
1774388333,1_46505,1_102619,F Line,1_721496129,1_7976085,1774388580,1774388580,default
1774388333,1_46505,1_102619,F Line,1_694520739,1_7976225,1774389360,1774389360,default
1774388333,1_1510,1_100263,7,1_650130019,1_4542,1774388394,1774388339,default
1774388333,1_72494,1_100160,269,1_720964319,1_7976380,1774389000,1774389000,default
1774388333,1_52306,40_560,560,40_1102020,40_41501,1774388700,1774388627,default
1774388333,1_99254,40_594,594,40_1848020,40_9311,1774388853,1774388451,default
1774388333,1_59282,1_102717,165,1_694516559,1_7976040,1774390140,1774390140,default
1774388333,1_620,40_510,510,40_15046334__KPOB-CS:223:1:Mon-Wed:1:25SEP:85052:123,40_KPOB-CS:223:1:Mon-Wed:1:25SEP:85052:123,1774389000,1774388715,default
1774388333,1_620,40_100240,554,40_774871439,40_9656,1774389060,1774388735,default
1774388333,1_620,40_515,515,40_15046274__KPOB-CS:223:1:Mon-Wed:1:25SEP:85053:123,40_KPOB-CS:223:1:Mon-Wed:1:25SEP:85053:123,1774389600,1774388752,default
1774388333,1_620,40_515,515,40_15046506__KPOB-CS:223:1:Mon-Wed:1:25SEP:85057:123,40_KPOB-CS:223:1:Mon-Wed:1:25SEP:85057:123,1774390200,1774389369,default
1774388333,1_620,40_515,515,40_15046235__KPOB-CS:223:1:Mon-Wed:1:25SEP:85059:123,40_KPOB-CS:223:1:Mon-Wed:1:25SEP:85059:123,1774390800,1774389457,default
1774388333,1_620,29_424,424,29_14876205__MCOB-DO:123:0:Weekday:1:25SEP:61042:12345,29_MCOB-DO:123:0:Weekday:1:25SEP:61042:12345,1774391700,1774389748,default
1774388333,1_620,40_510,510,40_15046226__KPOB-CS:223:1:Mon-Wed:1:25SEP:85056:123,40_KPOB-CS:223:1:Mon-Wed:1:25SEP:85056:123,1774390200,1774390241,default
1774388333,1_620,40_510,510,40_15046517__KPOB-CS:223:1:Mon-Wed:1:25SEP:85060:123,40_KPOB-CS:223:1:Mon-Wed:1:25SEP:85060:123,1774391100,1774391119,default
1774388333,1_620,40_515,515,40_15046486__KPOB-CS:223:1:Mon-Wed:1:25SEP:85061:123,40_KPOB-CS:223:1:Mon-Wed:1:25SEP:85061:123,1774391400,1774391260,default
1774388333,1_620,40_515,515,40_15046141__KPOB-CS:223:1:Mon-Wed:1:25SEP:85063:123,40_KPOB-CS:223:1:Mon-Wed:1:25SEP:85063:123,1774392000,1774392000,default
1774388333,1_620,40_510,510,40_15046399__KPOB-CS:223:1:Mon-Wed:1:25SEP:85064:123,40_KPOB-CS:223:1:Mon-Wed:1:25SEP:85064:123,1774392000,1774392000,default
1774388333,1_10912,1_100162,271,1_581747189,1_7976720,1774389120,1774389120,default
1774388333,1_10912,40_100511,542,40_608343989,40_7976608,1774389540,1774389540,default
1774388333,1_10912,40_100451,556,40_635882649,40_7976563,1774389600,1774389600,default
1774388333,1_10912,1_100162,271,1_581704389,1_7976671,1774389780,1774389780,default
1774388333,1_71960,1_102752,223,1_766488249,1_7461,1774388580,1774388504,default
1774388633,1_2850,1_100089,2,1_548774699,1_7157,1774389060,1774388392,default
1774388633,1_2850,1_100089,2,1_491928859,1_7975080,1774389960,1774389960,default
1774388633,1_46505,1_102619,F Line,1_694520739,1_7976225,1774389360,1774389360,default
1774388633,1_280,40_592,592,40_1471020,40_9213,1774388678,1774388678,default
1774388633,1_72494,1_100160,269,1_720964319,1_7976380,1774389000,1774389000,default
1774388633,1_79610,1_100006,107,1_721485479,1_3709,1774388992,1774388644,default
1774388633,1_52306,1_102619,F Line,1_656237399,1_7976003,1774389300,1774389300,default
1774388633,1_52306,1_102719,161,1_664468399,1_7976094,1774389420,1774389420,default
1774388633,1_52306,1_102719,161,1_664467839,1_7976220,1774390260,1774390260,default
1774388633,1_57804,1_100072,181,1_721482059,1_7467,1774388833,1774388802,default
1774388633,1_59282,1_102717,165,1_694516559,1_7976040,1774390140,1774390140,default
1774388633,1_59872,1_102619,F Line,1_656237139,1_6009,1774388658,1774388778,default
1774388633,1_620,40_100240,554,40_774871439,40_9656,1774389060,1774388723,default
1774388633,1_620,40_594,594,40_1848020,40_9311,1774389240,1774388802,default
1774388633,1_620,40_100236,545,40_563500539,40_7976571,1774388760,1774388856,default
1774388633,1_620,40_100236,545,40_563500539,40_9665,1774388760,1774388871,default
1774388633,1_620,40_510,510,40_15046334__KPOB-CS:223:1:Mon-Wed:1:25SEP:85052:123,40_KPOB-CS:223:1:Mon-Wed:1:25SEP:85052:123,1774389000,1774389014,default
1774388633,1_620,40_515,515,40_15046274__KPOB-CS:223:1:Mon-Wed:1:25SEP:85053:123,40_KPOB-CS:223:1:Mon-Wed:1:25SEP:85053:123,1774389600,1774389089,default
1774388633,1_620,40_515,515,40_15046506__KPOB-CS:223:1:Mon-Wed:1:25SEP:85057:123,40_KPOB-CS:223:1:Mon-Wed:1:25SEP:85057:123,1774390200,1774389512,default
1774388633,1_620,40_515,515,40_15046235__KPOB-CS:223:1:Mon-Wed:1:25SEP:85059:123,40_KPOB-CS:223:1:Mon-Wed:1:25SEP:85059:123,1774390800,1774389525,default
1774388633,1_620,29_424,424,29_14876205__MCOB-DO:123:0:Weekday:1:25SEP:61042:12345,29_MCOB-DO:123:0:Weekday:1:25SEP:61042:12345,1774391700,1774389859,default
1774388633,1_620,40_510,510,40_15046226__KPOB-CS:223:1:Mon-Wed:1:25SEP:85056:123,40_KPOB-CS:223:1:Mon-Wed:1:25SEP:85056:123,1774390200,1774390193,default
1774388633,1_620,40_510,510,40_15046517__KPOB-CS:223:1:Mon-Wed:1:25SEP:85060:123,40_KPOB-CS:223:1:Mon-Wed:1:25SEP:85060:123,1774391100,1774390841,default
1774388633,1_620,40_515,515,40_15046486__KPOB-CS:223:1:Mon-Wed:1:25SEP:85061:123,40_KPOB-CS:223:1:Mon-Wed:1:25SEP:85061:123,1774391400,1774391029,default
1774388633,1_620,40_515,515,40_15046141__KPOB-CS:223:1:Mon-Wed:1:25SEP:85063:123,40_KPOB-CS:223:1:Mon-Wed:1:25SEP:85063:123,1774392000,1774392226,default
1774388633,1_620,40_510,510,40_15046399__KPOB-CS:223:1:Mon-Wed:1:25SEP:85064:123,40_KPOB-CS:223:1:Mon-Wed:1:25SEP:85064:123,1774392000,1774392262,default
1774388633,1_10912,1_100162,271,1_581747189,1_7976720,1774389120,1774389120,default
1774388633,1_10912,40_100511,542,40_608343989,40_7976608,1774389540,1774389540,default
1774388633,1_10912,40_100451,556,40_635882649,40_7976563,1774389600,1774389600,default
1774388633,1_10912,1_100162,271,1_581704389,1_7976671,1774389780,1774389780,default
1774388633,1_10912,40_100511,542,40_608344599,40_7976604,1774390860,1774390860,default
1774388633,1_10912,40_100451,556,40_635882059,40_7976710,1774391100,1774391100,default
1774388633,1_71960,40_100511,542,40_721031459,40_7976685,1774389480,1774389480,default
1774388933,1_103,1_102745,G Line,1_736435699,1_6402,1774388806,1774388961,default
1774388933,1_77930,1_102746,333,1_778704129,1_7201,1774389017,1774388906,default
1774388933,1_970,40_578,578,40_1923020,40_41503,1774389062,1774389048,default
1774388933,1_30790,1_100249,60,1_689961429,1_7152,1774389097,1774388832,default
1774388933,1_80692,1_100045,150,1_694513619,1_8159,1774388943,1774388986,default
1774388933,1_320,40_590,590,40_306020,40_9205,1774389060,1774389060,default
1774388933,1_2850,1_100089,2,1_548774699,1_7157,1774389060,1774388392,default
1774388933,1_2850,1_100089,2,1_491928859,1_7975080,1774389960,1774389960,default
1774388933,1_2850,1_100089,2,1_548774719,1_7193,1774390920,1774390496,default
1774388933,1_46505,1_102619,F Line,1_694520739,1_7976225,1774389360,1774389360,default
1774388933,1_13810,1_102581,D Line,1_732750149,1_6050,1774388982,1774388925,default
1774388933,1_1510,1_100263,7,1_650130029,1_4504,1774388994,1774388943,default
1774388933,1_68130,1_102548,B Line,1_721019259,1_6040,1774388936,1774389028,default
1774388933,1_52306,1_102619,F Line,1_656237399,1_7976003,1774389300,1774389300,default
1774388933,1_52306,1_102719,161,1_664468399,1_7976094,1774389420,1774389420,default
1774388933,1_52306,1_102719,161,1_664467839,1_7976220,1774390260,1774390260,default
1774388933,1_8530,1_100039,14,1_562519699,1_7974990,1774388812,1774389095,default
1774388933,1_59282,1_100072,181,1_721481529,1_7404,1774389480,1774388599,default
1774388933,1_59282,1_102717,165,1_694516559,1_7976040,1774390140,1774390140,default
1774388933,1_41370,1_100028,13,1_605110269,1_7087,1774389265,1774388976,default
1774388933,1_620,40_100239,550,40_597757379,40_9671,1774388760,1774389227,default
1774388933,1_620,40_515,515,40_15046274__KPOB-CS:223:1:Mon-Wed:1:25SEP:85053:123,40_KPOB-CS:223:1:Mon-Wed:1:25SEP:85053:123,1774389600,1774389389,default
1774388933,1_620,40_515,515,40_15046506__KPOB-CS:223:1:Mon-Wed:1:25SEP:85057:123,40_KPOB-CS:223:1:Mon-Wed:1:25SEP:85057:123,1774390200,1774389561,default
1774388933,1_620,40_515,515,40_15046235__KPOB-CS:223:1:Mon-Wed:1:25SEP:85059:123,40_KPOB-CS:223:1:Mon-Wed:1:25SEP:85059:123,1774390800,1774389600,default
1774388933,1_620,29_424,424,29_14876205__MCOB-DO:123:0:Weekday:1:25SEP:61042:12345,29_MCOB-DO:123:0:Weekday:1:25SEP:61042:12345,1774391700,1774389930,default
1774388933,1_620,40_510,510,40_15046226__KPOB-CS:223:1:Mon-Wed:1:25SEP:85056:123,40_KPOB-CS:223:1:Mon-Wed:1:25SEP:85056:123,1774390200,1774390153,default
1774388933,1_620,1_102754,256,1_778603689,1_7976702,1774390440,1774390440,default
1774388933,1_620,40_510,510,40_15046517__KPOB-CS:223:1:Mon-Wed:1:25SEP:85060:123,40_KPOB-CS:223:1:Mon-Wed:1:25SEP:85060:123,1774391100,1774390561,default
1774388933,1_620,40_515,515,40_15046486__KPOB-CS:223:1:Mon-Wed:1:25SEP:85061:123,40_KPOB-CS:223:1:Mon-Wed:1:25SEP:85061:123,1774391400,1774390733,default
1774388933,1_620,40_515,515,40_15046141__KPOB-CS:223:1:Mon-Wed:1:25SEP:85063:123,40_KPOB-CS:223:1:Mon-Wed:1:25SEP:85063:123,1774392000,1774392202,default
1774388933,1_620,40_510,510,40_15046399__KPOB-CS:223:1:Mon-Wed:1:25SEP:85064:123,40_KPOB-CS:223:1:Mon-Wed:1:25SEP:85064:123,1774392000,1774392367,default
1774388933,1_10912,1_100162,271,1_581747189,1_7976720,1774389120,1774389120,default
1774388933,1_10912,40_100511,542,40_608343989,40_7976608,1774389540,1774389540,default
1774388933,1_10912,40_100451,556,40_635882649,40_7976563,1774389600,1774389600,default
1774388933,1_10912,1_100162,271,1_581704389,1_7976671,1774389780,1774389780,default
1774388933,1_10912,40_100511,542,40_608344599,40_7976604,1774390860,1774390860,default
1774388933,1_10912,40_100451,556,40_635882059,40_7976710,1774391100,1774391100,default
1774388933,1_71960,40_100511,542,40_721031459,40_7976685,1774389480,1774389480,default
1774389233,1_46791,1_100016,118,1_635461369,1_3725,1774389240,1774389306,default
1774389233,1_26560,1_102574,40,1_761401449,1_8157,1774388636,1774389325,default
1774389233,1_970,40_590,590,40_937020,40_9735,1774389347,1774389347,default
1774389233,1_2850,1_100089,2,1_491928859,1_7133,1774389960,1774389152,default
1774389233,1_2850,1_100089,2,1_772358569,1_7193,1774389300,1774389178,default
1774389233,1_2850,1_100089,2,1_491928859,1_7975080,1774389960,1774389960,default
1774389233,1_46505,1_102619,F Line,1_694520739,1_7976225,1774389360,1774389360,default
1774389233,1_46505,1_102619,F Line,1_694521349,1_7976142,1774390140,1774390140,default
1774389233,1_46505,1_102619,F Line,1_694521879,1_7976004,1774391460,1774391460,default
1774389233,1_40060,1_102574,40,1_778706659,1_8153,1774389573,1774389185,default
1774389233,1_27420,23_102638,First Hill Streetcar,23_55295709,23_403,1774389360,1774389323,default
1774389233,1_10653,1_100252,62,1_736431149,1_8041,1774390768,1774389196,default
1774389233,1_72494,1_100160,269,1_720964029,1_7976342,1774390860,1774390860,default
1774389233,1_52306,1_102719,161,1_664468399,1_7976094,1774389420,1774389420,default
1774389233,1_52306,1_102719,161,1_664467839,1_7976220,1774390260,1774390260,default
1774389233,1_40065,1_102574,40,1_778706659,1_8153,1774389685,1774389287,default
1774389233,1_59282,1_100072,181,1_721481529,1_7404,1774389480,1774388599,default
1774389233,1_59282,1_102717,165,1_694516559,1_7976040,1774390140,1774390140,default
1774389233,1_59282,1_102717,165,1_664465449,1_7976038,1774391340,1774391340,default
1774389233,1_23905,1_100214,372,1_694306449,1_6946,1774389398,1774389439,default
1774389233,1_60710,1_100512,A Line,1_721483109,1_6281,1774389436,1774389341,default
1774389233,1_620,1_100003,101,1_694514619,1_8100,1774389480,1774389314,default
1774389233,1_620,40_100236,545,40_563501229,40_9801,1774389360,1774389444,default
1774389233,1_620,40_515,515,40_15046274__KPOB-CS:223:1:Mon-Wed:1:25SEP:85053:123,40_KPOB-CS:223:1:Mon-Wed:1:25SEP:85053:123,1774389600,1774389679,default
1774389233,1_620,40_515,515,40_15046235__KPOB-CS:223:1:Mon-Wed:1:25SEP:85059:123,40_KPOB-CS:223:1:Mon-Wed:1:25SEP:85059:123,1774390800,1774389705,default
1774389233,1_620,40_515,515,40_15046506__KPOB-CS:223:1:Mon-Wed:1:25SEP:85057:123,40_KPOB-CS:223:1:Mon-Wed:1:25SEP:85057:123,1774390200,1774389727,default
1774389233,1_620,40_100239,550,40_597757349,40_9647,1774389720,1774389744,default
1774389233,1_620,29_424,424,29_14876205__MCOB-DO:123:0:Weekday:1:25SEP:61042:12345,29_MCOB-DO:123:0:Weekday:1:25SEP:61042:12345,1774391700,1774390176,default
1774389233,1_620,40_510,510,40_15046226__KPOB-CS:223:1:Mon-Wed:1:25SEP:85056:123,40_KPOB-CS:223:1:Mon-Wed:1:25SEP:85056:123,1774390200,1774390250,default
1774389233,1_620,40_510,510,40_15046517__KPOB-CS:223:1:Mon-Wed:1:25SEP:85060:123,40_KPOB-CS:223:1:Mon-Wed:1:25SEP:85060:123,1774391100,1774390342,default
1774389233,1_620,1_102754,256,1_778603689,1_7976702,1774390440,1774390440,default
1774389233,1_620,40_515,515,40_15046486__KPOB-CS:223:1:Mon-Wed:1:25SEP:85061:123,40_KPOB-CS:223:1:Mon-Wed:1:25SEP:85061:123,1774391400,1774390498,default
1774389233,1_620,40_515,515,40_15046141__KPOB-CS:223:1:Mon-Wed:1:25SEP:85063:123,40_KPOB-CS:223:1:Mon-Wed:1:25SEP:85063:123,1774392000,1774391961,default
1774389233,1_620,40_510,510,40_15046399__KPOB-CS:223:1:Mon-Wed:1:25SEP:85064:123,40_KPOB-CS:223:1:Mon-Wed:1:25SEP:85064:123,1774392000,1774392149,default
1774389233,1_620,1_102754,256,1_778603699,1_7976730,1774392180,1774392180,default
1774389233,1_620,40_510,510,40_15046196__KPOB-CS:223:1:Mon-Wed:1:25SEP:85067:123,40_KPOB-CS:223:1:Mon-Wed:1:25SEP:85067:123,1774392900,1774392900,default
1774389233,1_10912,40_100511,542,40_608343989,40_7976608,1774389540,1774389540,default
1774389233,1_10912,40_100451,556,40_635882649,40_7976563,1774389600,1774389600,default
1774389233,1_10912,1_100162,271,1_581704389,1_7976671,1774389780,1774389780,default
1774389233,1_10912,40_100511,542,40_608344599,40_7976604,1774390860,1774390860,default
1774389233,1_10912,1_100162,271,1_581745979,1_7976388,1774391040,1774391040,default
1774389233,1_10912,40_100451,556,40_635882059,40_7976710,1774391100,1774391100,default
1774389233,1_71960,40_100511,542,40_721031459,40_7976685,1774389480,1774389480,default
1774389233,1_76310,1_102705,230,1_664298659,1_7361,1774389223,1774389420,default
1774389533,1_481,1_102736,H Line,1_694056239,1_6114,1774389360,1774389554,default
1774389533,1_60161,1_100042,148,1_762077629,1_7976061,1774390260,1774390260,default
1774389533,1_320,40_590,590,40_937020,40_9735,1774389660,1774389660,default
1774389533,1_2850,1_100089,2,1_491928859,1_7133,1774389960,1774389152,default
1774389533,1_2850,1_100089,2,1_548774719,1_7193,1774390920,1774390903,default
1774389533,1_2850,1_100089,2,1_548774719,1_7975115,1774390920,1774390920,default
1774389533,1_46505,1_102619,F Line,1_694521349,1_7976142,1774390140,1774390140,default
1774389533,1_46505,1_102619,F Line,1_694521879,1_7976004,1774391460,1774391460,default
1774389533,1_10653,1_100252,62,1_736431149,1_8041,1774390768,1774389512,default
1774389533,3_31002,40_560,560,40_2664020,40_41509,1774389805,1774389806,default
1774389533,1_49724,1_100031,132,1_721371849,1_8039,1774389780,1774389574,default
1774389533,1_72494,1_100160,269,1_720964029,1_7976342,1774390860,1774390860,default
1774389533,1_52306,1_102619,F Line,1_635448949,1_7975997,1774390200,1774390200,default
1774389533,1_52306,1_102719,161,1_664467839,1_7976220,1774390260,1774390260,default
1774389533,1_21680,1_100023,124,1_690551949,1_8064,1774389672,1774389591,default
1774389533,1_2200,1_102581,D Line,1_732750149,1_6050,1774389685,1774389606,default
1774389533,1_59282,1_102717,165,1_664465449,1_7473,1774391340,1774389332,default
1774389533,1_59282,1_102717,165,1_694516559,1_7976040,1774390140,1774390140,default
1774389533,1_7690,1_102615,E Line,1_761418099,1_6100,1774389845,1774389602,default
1774389533,1_620,40_100239,550,40_597757349,40_9647,1774389720,1774389618,default
1774389533,1_620,40_515,515,40_15046274__KPOB-CS:223:1:Mon-Wed:1:25SEP:85053:123,40_KPOB-CS:223:1:Mon-Wed:1:25SEP:85053:123,1774389600,1774389797,default
1774389533,1_620,40_515,515,40_15046506__KPOB-CS:223:1:Mon-Wed:1:25SEP:85057:123,40_KPOB-CS:223:1:Mon-Wed:1:25SEP:85057:123,1774390200,1774389922,default
1774389533,1_620,40_515,515,40_15046235__KPOB-CS:223:1:Mon-Wed:1:25SEP:85059:123,40_KPOB-CS:223:1:Mon-Wed:1:25SEP:85059:123,1774390800,1774389956,default
1774389533,1_620,40_510,510,40_15046226__KPOB-CS:223:1:Mon-Wed:1:25SEP:85056:123,40_KPOB-CS:223:1:Mon-Wed:1:25SEP:85056:123,1774390200,1774390413,default
1774389533,1_620,29_424,424,29_14876205__MCOB-DO:123:0:Weekday:1:25SEP:61042:12345,29_MCOB-DO:123:0:Weekday:1:25SEP:61042:12345,1774391700,1774390418,default
1774389533,1_620,1_102754,256,1_778603689,1_7976702,1774390440,1774390440,default
1774389533,1_620,40_510,510,40_15046517__KPOB-CS:223:1:Mon-Wed:1:25SEP:85060:123,40_KPOB-CS:223:1:Mon-Wed:1:25SEP:85060:123,1774391100,1774390471,default
1774389533,1_620,40_515,515,40_15046486__KPOB-CS:223:1:Mon-Wed:1:25SEP:85061:123,40_KPOB-CS:223:1:Mon-Wed:1:25SEP:85061:123,1774391400,1774390509,default
1774389533,1_620,40_515,515,40_15046141__KPOB-CS:223:1:Mon-Wed:1:25SEP:85063:123,40_KPOB-CS:223:1:Mon-Wed:1:25SEP:85063:123,1774392000,1774391707,default
1774389533,1_620,40_510,510,40_15046399__KPOB-CS:223:1:Mon-Wed:1:25SEP:85064:123,40_KPOB-CS:223:1:Mon-Wed:1:25SEP:85064:123,1774392000,1774391866,default
1774389533,1_620,1_102754,256,1_778603699,1_7976730,1774392180,1774392180,default
1774389533,1_620,40_515,515,40_15046609__KPOB-CS:223:1:Mon-Wed:1:25SEP:85068:123,40_KPOB-CS:223:1:Mon-Wed:1:25SEP:85068:123,1774393200,1774393041,default
1774389533,1_620,40_510,510,40_15046196__KPOB-CS:223:1:Mon-Wed:1:25SEP:85067:123,40_KPOB-CS:223:1:Mon-Wed:1:25SEP:85067:123,1774392900,1774393094,default
1774389533,1_10912,1_100224,44,1_664047679,1_4503,1774389769,1774389712,default
1774389533,1_10912,1_100162,271,1_581704389,1_7976671,1774389780,1774389780,default
1774389533,1_10912,40_100511,542,40_608344599,40_7976604,1774390860,1774390860,default
1774389533,1_10912,1_100162,271,1_581745979,1_7976388,1774391040,1774391040,default
1774389533,1_10912,40_100451,556,40_635882059,40_7976710,1774391100,1774391100,default
1774389533,1_71960,1_102752,223,1_766488259,1_7343,1774389780,1774389704,default
1774389833,1_12170,1_100039,14,1_562520769,1_4313,1774389459,1774389942,default
1774389833,1_481,1_102576,C Line,1_774680959,1_6269,1774389960,1774389855,default
1774389833,1_85800,1_100196,331,1_778699179,1_7254,1774389651,1774389890,default
1774389833,1_60161,1_100042,148,1_762077629,1_3727,1774390260,1774389721,default
1774389833,1_60161,1_100042,148,1_762077629,1_7976061,1774390260,1774390260,default
1774389833,1_575,1_100001,1,1_562519669,1_4404,1774389600,1774389890,default
1774389833,1_575,1_102576,C Line,1_774681999,1_6268,1774390140,1774389911,default
1774389833,1_2850,1_100089,2,1_491928859,1_7133,1774389960,1774389152,default
1774389833,1_2850,1_100089,2,1_548774719,1_7193,1774390920,1774389734,default
1774389833,1_2850,1_100089,2,1_548774719,1_7975115,1774390920,1774390920,default
1774389833,1_46505,1_102619,F Line,1_694521349,1_6286,1774390140,1774389587,default
1774389833,1_46505,1_102619,F Line,1_694521349,1_7976142,1774390140,1774390140,default
1774389833,1_46505,1_102619,F Line,1_694521879,1_7976004,1774391460,1774391460,default
1774389833,1_27420,1_100161,27,1_759819129,1_7055,1774389694,1774389893,default
1774389833,1_68130,1_102548,B Line,1_721018429,1_6065,1774389896,1774389878,default
1774389833,1_10653,1_100252,62,1_736431149,1_8041,1774390768,1774389827,default
1774389833,1_72494,1_100160,269,1_720964029,1_7976342,1774390860,1774390860,default
1774389833,1_84810,1_102752,223,1_825197189,1_7423,1774389907,1774389924,default
1774389833,1_5489,1_102746,333,1_778704559,1_7200,1774389935,1774389902,default
1774389833,1_52306,1_102619,F Line,1_635448949,1_7975997,1774390200,1774390200,default
1774389833,1_52306,1_102719,161,1_664467839,1_7976220,1774390260,1774390260,default
1774389833,1_8530,1_100005,106,1_727785199,1_7119,1774389726,1774389947,default
1774389833,1_99254,1_100003,101,1_694514729,1_8122,1774390042,1774389822,default
1774389833,1_99254,1_100045,150,1_694513619,1_8159,1774390078,1774389913,default
1774389833,1_7750,1_102615,E Line,1_761418099,1_6100,1774390032,1774389826,default
1774389833,1_70665,1_102702,239,1_736529219,1_3706,1774390140,1774389982,default
1774389833,1_59282,1_102717,165,1_664465449,1_7473,1774391340,1774389332,default
1774389833,1_59282,1_102717,165,1_694516559,1_7976040,1774390140,1774390140,default
1774389833,1_74714,1_102701,225,1_736529839,1_7379,1774389926,1774390018,default
1774389833,1_620,40_100236,545,40_563501309,40_9584,1774389960,1774389994,default
1774389833,1_620,40_515,515,40_15046506__KPOB-CS:223:1:Mon-Wed:1:25SEP:85057:123,40_KPOB-CS:223:1:Mon-Wed:1:25SEP:85057:123,1774390200,1774390258,default
1774389833,1_620,40_515,515,40_15046235__KPOB-CS:223:1:Mon-Wed:1:25SEP:85059:123,40_KPOB-CS:223:1:Mon-Wed:1:25SEP:85059:123,1774390800,1774390277,default
1774389833,1_620,1_102754,256,1_778603689,1_7976702,1774390440,1774390440,default
1774389833,1_620,40_510,510,40_15046517__KPOB-CS:223:1:Mon-Wed:1:25SEP:85060:123,40_KPOB-CS:223:1:Mon-Wed:1:25SEP:85060:123,1774391100,1774390514,default
1774389833,1_620,40_510,510,40_15046226__KPOB-CS:223:1:Mon-Wed:1:25SEP:85056:123,40_KPOB-CS:223:1:Mon-Wed:1:25SEP:85056:123,1774390200,1774390595,default
1774389833,1_620,40_515,515,40_15046486__KPOB-CS:223:1:Mon-Wed:1:25SEP:85061:123,40_KPOB-CS:223:1:Mon-Wed:1:25SEP:85061:123,1774391400,1774390688,default
1774389833,1_620,29_424,424,29_14876205__MCOB-DO:123:0:Weekday:1:25SEP:61042:12345,29_MCOB-DO:123:0:Weekday:1:25SEP:61042:12345,1774391700,1774390778,default
1774389833,1_620,40_515,515,40_15046141__KPOB-CS:223:1:Mon-Wed:1:25SEP:85063:123,40_KPOB-CS:223:1:Mon-Wed:1:25SEP:85063:123,1774392000,1774391450,default
1774389833,1_620,40_510,510,40_15046399__KPOB-CS:223:1:Mon-Wed:1:25SEP:85064:123,40_KPOB-CS:223:1:Mon-Wed:1:25SEP:85064:123,1774392000,1774391594,default
1774389833,1_620,1_102754,256,1_778603699,1_7976730,1774392180,1774392180,default
1774389833,1_620,40_510,510,40_15046196__KPOB-CS:223:1:Mon-Wed:1:25SEP:85067:123,40_KPOB-CS:223:1:Mon-Wed:1:25SEP:85067:123,1774392900,1774392987,default
1774389833,1_620,40_515,515,40_15046609__KPOB-CS:223:1:Mon-Wed:1:25SEP:85068:123,40_KPOB-CS:223:1:Mon-Wed:1:25SEP:85068:123,1774393200,1774393050,default
1774389833,1_620,40_515,515,40_15046609__KPOB-CS:223:1:Mon-Wed:1:25SEP:85068:123,40_19851,1774393200,1774393200,default
1774389833,1_10912,40_100511,542,40_608344599,40_7976604,1774390860,1774390860,default
1774389833,1_10912,1_100162,271,1_581745979,1_7976388,1774391040,1774391040,default
1774389833,1_10912,40_100451,556,40_635882059,40_7976710,1774391100,1774391100,default
1774389833,1_10912,1_100162,271,1_569496089,1_7976382,1774392360,1774392360,default
1774389833,1_8403,1_100039,14,1_562519739,1_4369,1774389780,1774389999,default
1774390133,1_60161,1_100042,148,1_762077629,1_3727,1774390260,1774389721,default
1774390133,1_12770,1_100228,48,1_721360709,1_8066,1774390229,1774390183,default
1774390133,1_320,40_595,595,40_1896020,40_41502,1774390380,1774390380,default
1774390133,1_2850,1_100089,2,1_548774719,1_7193,1774390920,1774389734,default
1774390133,1_2850,1_100089,2,1_491928879,1_7033,1774391760,1774391322,default
1774390133,1_46505,1_102619,F Line,1_694521599,1_7976074,1774390860,1774390860,default
1774390133,1_46505,1_102619,F Line,1_694521879,1_7976004,1774391460,1774391460,default
1774390133,1_47660,1_102736,H Line,1_694056349,1_6043,1774390247,1774390119,default
1774390133,1_11200,1_100447,49,1_650117869,1_7067,1774390020,1774390205,default
1774390133,1_72494,1_100160,269,1_720964029,1_7976342,1774390860,1774390860,default
1774390133,1_74442,1_100146,255,1_635877249,1_7434,1774390284,1774390154,default
1774390133,1_52306,1_102719,161,1_664467839,1_7976220,1774390260,1774390260,default
1774390133,1_52306,40_560,560,40_2664020,40_41509,1774390500,1774390416,default
1774390133,1_99254,40_594,594,40_2229020,40_9306,1774390653,1774390217,default
1774390133,1_57804,1_100072,181,1_721481699,1_7427,1774390693,1774390579,default
1774390133,1_59282,1_102717,165,1_664465449,1_7473,1774391340,1774389332,default
1774390133,1_72391,1_100136,245,1_761788179,1_7372,1774390383,1774390176,default
1774390133,1_58111,1_102619,F Line,1_721496129,1_6227,1774390354,1774390208,default
1774390133,1_620,40_100240,554,40_774871409,40_9678,1774390320,1774390324,default
1774390133,1_620,1_102754,256,1_778603689,1_7976702,1774390440,1774390440,default
1774390133,1_620,40_515,515,40_15046235__KPOB-CS:223:1:Mon-Wed:1:25SEP:85059:123,40_KPOB-CS:223:1:Mon-Wed:1:25SEP:85059:123,1774390800,1774390515,default
1774390133,1_620,40_510,510,40_15046517__KPOB-CS:223:1:Mon-Wed:1:25SEP:85060:123,40_KPOB-CS:223:1:Mon-Wed:1:25SEP:85060:123,1774391100,1774390595,default
1774390133,1_620,40_510,510,40_15046226__KPOB-CS:223:1:Mon-Wed:1:25SEP:85056:123,40_KPOB-CS:223:1:Mon-Wed:1:25SEP:85056:123,1774390200,1774390608,default
1774390133,1_620,40_515,515,40_15046486__KPOB-CS:223:1:Mon-Wed:1:25SEP:85061:123,40_KPOB-CS:223:1:Mon-Wed:1:25SEP:85061:123,1774391400,1774390679,default
1774390133,1_620,40_100239,550,40_597757809,40_9568,1774390680,1774390807,default
1774390133,1_620,29_424,424,29_14876205__MCOB-DO:123:0:Weekday:1:25SEP:61042:12345,29_MCOB-DO:123:0:Weekday:1:25SEP:61042:12345,1774391700,1774391079,default
1774390133,1_620,40_515,515,40_15046141__KPOB-CS:223:1:Mon-Wed:1:25SEP:85063:123,40_KPOB-CS:223:1:Mon-Wed:1:25SEP:85063:123,1774392000,1774391244,default
1774390133,1_620,40_510,510,40_15046399__KPOB-CS:223:1:Mon-Wed:1:25SEP:85064:123,40_KPOB-CS:223:1:Mon-Wed:1:25SEP:85064:123,1774392000,1774391336,default
1774390133,1_620,1_102754,256,1_778603699,1_7976730,1774392180,1774392180,default
1774390133,1_620,40_510,510,40_15046196__KPOB-CS:223:1:Mon-Wed:1:25SEP:85067:123,40_KPOB-CS:223:1:Mon-Wed:1:25SEP:85067:123,1774392900,1774392735,default
1774390133,1_620,40_515,515,40_15046609__KPOB-CS:223:1:Mon-Wed:1:25SEP:85068:123,40_19851,1774393200,1774393200,default
1774390133,1_620,40_515,515,40_15046536__KPOB-CS:223:1:Mon-Wed:1:25SEP:85054:123,40_KPOB-CS:223:1:Mon-Wed:1:25SEP:85054:123,1774393800,1774393800,default
1774390133,1_620,40_510,510,40_15046144__KPOB-CS:223:1:Mon-Wed:1:25SEP:85071:123,40_KPOB-CS:223:1:Mon-Wed:1:25SEP:85071:123,1774393800,1774393873,default
1774390133,1_10912,40_100511,542,40_608344599,40_7976604,1774390860,1774390860,default
1774390133,1_10912,1_100162,271,1_581745979,1_7976388,1774391040,1774391040,default
1774390133,1_10912,40_100451,556,40_635882059,40_7976710,1774391100,1774391100,default
1774390133,1_10912,1_100162,271,1_569496339,1_7976351,1774391760,1774391760,default
1774390133,1_10912,40_100511,542,40_569571209,40_7976607,1774392240,1774392240,default
1774390133,1_10912,1_100162,271,1_569496089,1_7976382,1774392360,1774392360,default
1774390133,1_49810,1_100031,132,1_721371849,1_8039,1774390330,1774390222,default
1774390433,1_103,1_102745,G Line,1_736435879,1_6404,1774389918,1774390479,default
1774390433,1_46791,1_100016,118,1_669631329,1_7976012,1774390500,1774390500,default
1774390433,1_2850,1_100089,2,1_548774719,1_7193,1774390920,1774389734,default
1774390433,1_2850,1_100089,2,1_548774189,1_7033,1774390500,1774390362,default
1774390433,1_46505,1_102619,F Line,1_694521599,1_7976074,1774390860,1774390860,default
1774390433,1_46505,1_102619,F Line,1_694521879,1_7976004,1774391460,1774391460,default
1774390433,1_29423,1_102732,79,1_561369299,1_7975558,1774391400,1774391400,default
1774390433,1_280,40_592,592,40_3659020,40_9722,1774390478,1774390478,default
1774390433,1_10653,1_100252,62,1_736431149,1_8041,1774390768,1774390428,default
1774390433,1_72494,1_100160,269,1_720964029,1_7976342,1774390860,1774390860,default
1774390433,1_79610,1_100006,107,1_721485519,1_3733,1774390792,1774390449,default
1774390433,1_52306,1_102619,F Line,1_656237009,1_7976017,1774391100,1774391100,default
1774390433,1_52306,1_102619,F Line,1_656237509,1_7976016,1774391700,1774391700,default
1774390433,1_58112,1_102619,F Line,1_721496129,1_6227,1774390656,1774390572,default
1774390433,1_57804,1_100072,181,1_721481699,1_7427,1774390693,1774390582,default
1774390433,1_59282,1_102717,165,1_664465449,1_7473,1774391340,1774389332,default
1774390433,1_59872,1_102619,F Line,1_656236679,1_6229,1774390458,1774390637,default
1774390433,1_620,40_100239,550,40_597757809,40_9568,1774390680,1774390583,default
1774390433,1_620,40_100236,545,40_563501279,40_7976554,1774390560,1774390595,default
1774390433,1_620,40_594,594,40_2229020,40_9306,1774391040,1774390627,default
1774390433,1_620,40_100236,545,40_563501279,40_9574,1774390560,1774390679,default
1774390433,1_620,40_515,515,40_15046235__KPOB-CS:223:1:Mon-Wed:1:25SEP:85059:123,40_KPOB-CS:223:1:Mon-Wed:1:25SEP:85059:123,1774390800,1774390814,default
1774390433,1_620,40_515,515,40_15046486__KPOB-CS:223:1:Mon-Wed:1:25SEP:85061:123,40_KPOB-CS:223:1:Mon-Wed:1:25SEP:85061:123,1774391400,1774390858,default
1774390433,1_620,40_510,510,40_15046517__KPOB-CS:223:1:Mon-Wed:1:25SEP:85060:123,40_KPOB-CS:223:1:Mon-Wed:1:25SEP:85060:123,1774391100,1774390858,default
1774390433,1_620,29_424,424,29_14876205__MCOB-DO:123:0:Weekday:1:25SEP:61042:12345,29_MCOB-DO:123:0:Weekday:1:25SEP:61042:12345,1774391700,1774391319,default
1774390433,1_620,40_510,510,40_15046399__KPOB-CS:223:1:Mon-Wed:1:25SEP:85064:123,40_KPOB-CS:223:1:Mon-Wed:1:25SEP:85064:123,1774392000,1774391358,default
1774390433,1_620,40_515,515,40_15046141__KPOB-CS:223:1:Mon-Wed:1:25SEP:85063:123,40_KPOB-CS:223:1:Mon-Wed:1:25SEP:85063:123,1774392000,1774391393,default
1774390433,1_620,1_102754,256,1_778603699,1_7976730,1774392180,1774392180,default
1774390433,1_620,40_510,510,40_15046196__KPOB-CS:223:1:Mon-Wed:1:25SEP:85067:123,40_KPOB-CS:223:1:Mon-Wed:1:25SEP:85067:123,1774392900,1774392484,default
1774390433,1_620,40_515,515,40_15046609__KPOB-CS:223:1:Mon-Wed:1:25SEP:85068:123,40_19851,1774393200,1774393200,default
1774390433,1_620,40_515,515,40_15046536__KPOB-CS:223:1:Mon-Wed:1:25SEP:85054:123,40_KPOB-CS:223:1:Mon-Wed:1:25SEP:85054:123,1774393800,1774393800,default
1774390433,1_620,40_510,510,40_15046144__KPOB-CS:223:1:Mon-Wed:1:25SEP:85071:123,40_KPOB-CS:223:1:Mon-Wed:1:25SEP:85071:123,1774393800,1774394021,default
1774390433,1_10912,1_100214,372,1_694306909,1_6929,1774390544,1774390598,default
1774390433,1_10912,40_100511,542,40_608344599,40_7976604,1774390860,1774390860,default
1774390433,1_10912,1_100162,271,1_581745979,1_7976388,1774391040,1774391040,default
1774390433,1_10912,40_100451,556,40_635882059,40_7976710,1774391100,1774391100,default
1774390433,1_10912,1_100162,271,1_569496339,1_7976351,1774391760,1774391760,default
1774390433,1_10912,40_100511,542,40_569571209,40_7976607,1774392240,1774392240,default
1774390433,1_10912,1_100162,271,1_569496089,1_7976382,1774392360,1774392360,default
1774390433,1_10912,40_100451,556,40_635882329,40_7976550,1774393020,1774393020,default
1774390433,1_71960,40_100511,542,40_721031159,40_7976686,1774391520,1774391520,default
1774390733,1_481,1_100024,125,1_721357819,1_7052,1774390620,1774390752,default
1774390733,1_320,40_100239,550,40_597758479,40_9671,1774390920,1774390812,default
1774390733,1_320,40_590,590,40_1812020,40_41515,1774390980,1774390980,default
1774390733,1_2850,1_100089,2,1_548774719,1_7193,1774390920,1774389734,default
1774390733,1_2850,1_100089,2,1_491928879,1_7975120,1774391760,1774391760,default
1774390733,1_46505,1_102619,F Line,1_694521599,1_7976074,1774390860,1774390860,default
1774390733,1_46505,1_102619,F Line,1_694521879,1_7976004,1774391460,1774391460,default
1774390733,1_29423,1_102732,79,1_561369299,1_7975558,1774391400,1774391400,default
1774390733,1_29423,1_102732,79,1_629940169,1_7975604,1774393500,1774393500,default
1774390733,1_68130,1_102548,B Line,1_721018269,1_6035,1774390828,1774390851,default
1774390733,1_72494,1_100160,269,1_720964029,1_7976342,1774390860,1774390860,default
1774390733,1_52306,1_102619,F Line,1_656237009,1_7976017,1774391100,1774391100,default
1774390733,1_52306,1_102619,F Line,1_656237509,1_7976016,1774391700,1774391700,default
1774390733,1_52306,1_102719,161,1_664468409,1_7976131,1774392060,1774392060,default
1774390733,1_59282,1_102717,165,1_664465449,1_7473,1774391340,1774389332,default
1774390733,1_59282,1_100072,181,1_721481859,1_7467,1774391280,1774390267,default
1774390733,1_23905,1_100214,372,1_694305959,1_6925,1774390972,1774390834,default
1774390733,1_10210,1_100264,70,1_724577509,1_8245,1774390962,1774390871,default
1774390733,1_620,40_515,515,40_15046235__KPOB-CS:223:1:Mon-Wed:1:25SEP:85059:123,40_KPOB-CS:223:1:Mon-Wed:1:25SEP:85059:123,1774390800,1774390997,default
1774390733,1_620,40_510,510,40_15046517__KPOB-CS:223:1:Mon-Wed:1:25SEP:85060:123,40_KPOB-CS:223:1:Mon-Wed:1:25SEP:85060:123,1774391100,1774391157,default
1774390733,1_620,40_515,515,40_15046486__KPOB-CS:223:1:Mon-Wed:1:25SEP:85061:123,40_KPOB-CS:223:1:Mon-Wed:1:25SEP:85061:123,1774391400,1774391158,default
1774390733,1_620,40_515,515,40_15046141__KPOB-CS:223:1:Mon-Wed:1:25SEP:85063:123,40_KPOB-CS:223:1:Mon-Wed:1:25SEP:85063:123,1774392000,1774391439,default
1774390733,1_620,40_510,510,40_15046399__KPOB-CS:223:1:Mon-Wed:1:25SEP:85064:123,40_KPOB-CS:223:1:Mon-Wed:1:25SEP:85064:123,1774392000,1774391500,default
1774390733,1_620,29_424,424,29_14876205__MCOB-DO:123:0:Weekday:1:25SEP:61042:12345,29_MCOB-DO:123:0:Weekday:1:25SEP:61042:12345,1774391700,1774391614,default
1774390733,1_620,1_102754,256,1_778603699,1_7976730,1774392180,1774392180,default
1774390733,1_620,40_510,510,40_15046196__KPOB-CS:223:1:Mon-Wed:1:25SEP:85067:123,40_KPOB-CS:223:1:Mon-Wed:1:25SEP:85067:123,1774392900,1774392249,default
1774390733,1_620,40_515,515,40_15046609__KPOB-CS:223:1:Mon-Wed:1:25SEP:85068:123,40_19851,1774393200,1774393200,default
1774390733,1_620,40_515,515,40_15046536__KPOB-CS:223:1:Mon-Wed:1:25SEP:85054:123,40_KPOB-CS:223:1:Mon-Wed:1:25SEP:85054:123,1774393800,1774393800,default
1774390733,1_620,40_510,510,40_15046144__KPOB-CS:223:1:Mon-Wed:1:25SEP:85071:123,40_KPOB-CS:223:1:Mon-Wed:1:25SEP:85071:123,1774393800,1774394068,default
1774390733,1_620,40_515,515,40_15046501__KPOB-CS:223:1:Mon-Wed:1:25SEP:85073:123,40_KPOB-CS:223:1:Mon-Wed:1:25SEP:85073:123,1774394400,1774394489,default
1774390733,1_10912,1_100162,271,1_581745979,1_7976388,1774391040,1774391040,default
1774390733,1_10912,40_100451,556,40_635882059,40_7976710,1774391100,1774391100,default
1774390733,1_10912,1_100162,271,1_569496339,1_7976351,1774391760,1774391760,default
1774390733,1_10912,40_100511,542,40_569571209,40_7976607,1774392240,1774392240,default
1774390733,1_10912,1_100162,271,1_569496089,1_7976382,1774392360,1774392360,default
1774390733,1_10912,40_100451,556,40_635882329,40_7976550,1774393020,1774393020,default
1774390733,1_71960,1_102752,223,1_766488269,1_7327,1774390980,1774390926,default
1774390733,1_71960,40_100511,542,40_721031159,40_7976686,1774391520,1774391520,default
1774391033,1_11870,1_100039,14,1_562519769,1_4315,1774391046,1774390948,default
1774391033,1_2850,1_100089,2,1_491928879,1_7975120,1774391760,1774391760,default
1774391033,1_46505,1_102619,F Line,1_694521879,1_7976004,1774391460,1774391460,default
1774391033,1_46505,1_102619,F Line,1_694520889,1_7976083,1774392060,1774392060,default
1774391033,1_29423,1_102732,79,1_561369299,1_7975558,1774391400,1774391400,default
1774391033,1_29423,1_102732,79,1_629940169,1_7975604,1774393500,1774393500,default
1774391033,1_280,1_100104,212,1_694279189,1_6866,1774391093,1774391093,default
1774391033,1_27420,23_102638,First Hill Streetcar,23_55295712,23_404,1774391700,1774391170,default
1774391033,1_72494,1_100160,269,1_720964869,1_7976341,1774392660,1774392660,default
1774391033,1_52306,1_102619,F Line,1_656237509,1_7976016,1774391700,1774391700,default
1774391033,1_52306,1_102719,161,1_664468409,1_7976131,1774392060,1774392060,default
1774391033,1_21945,1_102717,165,1_635443479,1_7113,1774390860,1774391181,default
1774391033,1_59282,1_102717,165,1_664465449,1_7473,1774391340,1774389332,default
1774391033,1_59282,1_100072,181,1_721481859,1_7467,1774391280,1774390267,default
1774391033,1_59282,1_102717,165,1_664465459,1_7976121,1774392540,1774392540,default
1774391033,1_60428,1_100045,150,1_694513869,1_8170,1774391264,1774391056,default
1774391033,1_60710,1_100512,A Line,1_721482719,1_6242,1774391236,1774391163,default
1774391033,1_25791,1_100214,372,1_694306909,1_6929,1774391241,1774391176,default
1774391033,1_620,40_100236,545,40_563501209,40_9815,1774391160,1774391203,default
1774391033,1_620,40_515,515,40_15046486__KPOB-CS:223:1:Mon-Wed:1:25SEP:85061:123,40_KPOB-CS:223:1:Mon-Wed:1:25SEP:85061:123,1774391400,1774391445,default
1774391033,1_620,40_510,510,40_15046517__KPOB-CS:223:1:Mon-Wed:1:25SEP:85060:123,40_KPOB-CS:223:1:Mon-Wed:1:25SEP:85060:123,1774391100,1774391445,default
1774391033,1_620,40_510,510,40_15046399__KPOB-CS:223:1:Mon-Wed:1:25SEP:85064:123,40_KPOB-CS:223:1:Mon-Wed:1:25SEP:85064:123,1774392000,1774391548,default
1774391033,1_620,40_515,515,40_15046141__KPOB-CS:223:1:Mon-Wed:1:25SEP:85063:123,40_KPOB-CS:223:1:Mon-Wed:1:25SEP:85063:123,1774392000,1774391593,default
1774391033,1_620,29_424,424,29_14876205__MCOB-DO:123:0:Weekday:1:25SEP:61042:12345,29_MCOB-DO:123:0:Weekday:1:25SEP:61042:12345,1774391700,1774391700,default
1774391033,1_620,40_100239,550,40_597758489,40_9669,1774391580,1774391766,default
1774391033,1_620,40_510,510,40_15046196__KPOB-CS:223:1:Mon-Wed:1:25SEP:85067:123,40_KPOB-CS:223:1:Mon-Wed:1:25SEP:85067:123,1774392900,1774392119,default
1774391033,1_620,1_102754,256,1_778603699,1_7976730,1774392180,1774392180,default
1774391033,1_620,40_515,515,40_15046609__KPOB-CS:223:1:Mon-Wed:1:25SEP:85068:123,40_19851,1774393200,1774393200,default
1774391033,1_620,40_515,515,40_15046536__KPOB-CS:223:1:Mon-Wed:1:25SEP:85054:123,40_KPOB-CS:223:1:Mon-Wed:1:25SEP:85054:123,1774393800,1774393800,default
1774391033,1_620,40_510,510,40_15046144__KPOB-CS:223:1:Mon-Wed:1:25SEP:85071:123,40_KPOB-CS:223:1:Mon-Wed:1:25SEP:85071:123,1774393800,1774393842,default
1774391033,1_620,40_515,515,40_15046501__KPOB-CS:223:1:Mon-Wed:1:25SEP:85073:123,40_KPOB-CS:223:1:Mon-Wed:1:25SEP:85073:123,1774394400,1774394447,default
1774391033,1_620,40_510,510,40_15046305__KPOB-CS:223:1:Mon-Wed:1:25SEP:85074:123,40_KPOB-CS:223:1:Mon-Wed:1:25SEP:85074:123,1774394700,1774394700,default
1774391033,1_10912,1_100162,271,1_569496339,1_7976351,1774391760,1774391760,default
1774391033,1_10912,40_100511,542,40_569571209,40_7976607,1774392240,1774392240,default
1774391033,1_10912,1_100162,271,1_569496089,1_7976382,1774392360,1774392360,default
1774391033,1_10912,1_100162,271,1_587120129,1_7976354,1774392960,1774392960,default
1774391033,1_10912,40_100451,556,40_635882329,40_7976550,1774393020,1774393020,default
1774391033,1_71960,40_100511,542,40_721031159,40_7976686,1774391520,1774391520,default
1774391333,1_12170,1_100039,14,1_562519619,1_4389,1774391259,1774391410,default
1774391333,1_970,40_577,577,40_3148020,40_9726,1774391462,1774391462,default
1774391333,1_320,40_590,590,40_904020,40_41604,1774391580,1774391580,default
1774391333,1_2850,1_100089,2,1_491928879,1_7033,1774391760,1774391028,default
1774391333,1_46505,1_102619,F Line,1_694521879,1_7976004,1774391460,1774391460,default
1774391333,1_46505,1_102619,F Line,1_694520889,1_7976083,1774392060,1774392060,default
1774391333,1_46505,1_102619,F Line,1_694522039,1_7975998,1774393260,1774393260,default
1774391333,1_29423,1_102732,79,1_561369299,1_7975558,1774391400,1774391400,default
1774391333,1_29423,1_102732,79,1_629940169,1_7975604,1774393500,1774393500,default
1774391333,1_47660,1_102736,H Line,1_694056669,1_6060,1774391567,1774391329,default
1774391333,1_58342,1_100072,181,1_721481529,1_7404,1774391100,1774391439,default
1774391333,1_75770,1_102615,E Line,1_761418469,1_6091,1774392266,1774391340,default
1774391333,1_72494,1_100160,269,1_720964869,1_7976341,1774392660,1774392660,default
1774391333,1_73112,1_102704,250,1_720962429,1_7424,1774391336,1774391441,default
1774391333,1_52306,1_102619,F Line,1_656237509,1_7976016,1774391700,1774391700,default
1774391333,1_52306,1_102719,161,1_664468409,1_7976131,1774392060,1774392060,default
1774391333,1_52306,1_102619,F Line,1_656237249,1_7976229,1774392300,1774392300,default
1774391333,1_8530,1_100039,14,1_562519769,1_4315,1774391512,1774391377,default
1774391333,1_8530,1_100005,106,1_727785129,1_7030,1774391526,1774391380,default
1774391333,1_58112,1_102619,F Line,1_694520739,1_1014,1774391436,1774391429,default
1774391333,1_49350,1_100026,128,1_651747349,1_1004,1774391437,1774391465,default
1774391333,1_59282,1_102717,165,1_664465459,1_7487,1774392540,1774391129,default
1774391333,1_620,40_510,510,40_15046517__KPOB-CS:223:1:Mon-Wed:1:25SEP:85060:123,40_KPOB-CS:223:1:Mon-Wed:1:25SEP:85060:123,1774391100,1774391603,default
1774391333,1_620,40_100239,550,40_597758489,40_9669,1774391580,1774391672,default
1774391333,1_620,29_424,424,29_14876205__MCOB-DO:123:0:Weekday:1:25SEP:61042:12345,29_MCOB-DO:123:0:Weekday:1:25SEP:61042:12345,1774391700,1774391700,default
1774391333,1_620,40_100240,554,40_774872079,40_9570,1774391700,1774391736,default
1774391333,1_620,40_515,515,40_15046141__KPOB-CS:223:1:Mon-Wed:1:25SEP:85063:123,40_KPOB-CS:223:1:Mon-Wed:1:25SEP:85063:123,1774392000,1774391791,default
1774391333,1_620,40_510,510,40_15046399__KPOB-CS:223:1:Mon-Wed:1:25SEP:85064:123,40_KPOB-CS:223:1:Mon-Wed:1:25SEP:85064:123,1774392000,1774391848,default
1774391333,1_620,1_102754,256,1_778603699,1_7976730,1774392180,1774392180,default
1774391333,1_620,40_510,510,40_15046196__KPOB-CS:223:1:Mon-Wed:1:25SEP:85067:123,40_KPOB-CS:223:1:Mon-Wed:1:25SEP:85067:123,1774392900,1774392297,default
1774391333,1_620,40_515,515,40_15046609__KPOB-CS:223:1:Mon-Wed:1:25SEP:85068:123,40_19851,1774393200,1774393200,default
1774391333,1_620,40_510,510,40_15046144__KPOB-CS:223:1:Mon-Wed:1:25SEP:85071:123,40_KPOB-CS:223:1:Mon-Wed:1:25SEP:85071:123,1774393800,1774393628,default
1774391333,1_620,40_515,515,40_15046536__KPOB-CS:223:1:Mon-Wed:1:25SEP:85054:123,40_KPOB-CS:223:1:Mon-Wed:1:25SEP:85054:123,1774393800,1774393800,default
1774391333,1_620,1_102754,256,1_778603709,1_7976732,1774393980,1774393980,default
1774391333,1_620,40_515,515,40_15046501__KPOB-CS:223:1:Mon-Wed:1:25SEP:85073:123,40_KPOB-CS:223:1:Mon-Wed:1:25SEP:85073:123,1774394400,1774394259,default
1774391333,1_620,40_510,510,40_15046305__KPOB-CS:223:1:Mon-Wed:1:25SEP:85074:123,40_KPOB-CS:223:1:Mon-Wed:1:25SEP:85074:123,1774394700,1774394700,default
1774391333,1_620,40_515,515,40_15046545__KPOB-CS:223:1:Mon-Wed:1:25SEP:85075:123,40_KPOB-CS:223:1:Mon-Wed:1:25SEP:85075:123,1774395000,1774395000,default
1774391333,1_10912,1_100162,271,1_569496339,1_7976351,1774391760,1774391760,default
1774391333,1_10912,40_100511,542,40_569571209,40_7976607,1774392240,1774392240,default
1774391333,1_10912,1_100162,271,1_569496089,1_7976382,1774392360,1774392360,default
1774391333,1_10912,1_100162,271,1_587120129,1_7976354,1774392960,1774392960,default
1774391333,1_10912,40_100451,556,40_635882329,40_7976550,1774393020,1774393020,default
1774391333,1_71960,40_100511,542,40_721031159,40_7976686,1774391520,1774391520,default
1774391633,1_481,1_102576,C Line,1_774681089,1_6252,1774391760,1774391614,default
1774391633,1_60161,1_100042,148,1_762077669,1_3709,1774392120,1774391201,default
1774391633,1_970,1_100003,101,1_762101199,1_8162,1774391256,1774391653,default
1774391633,1_320,40_100239,550,40_597758439,40_9647,1774391520,1774391692,default
1774391633,1_575,1_100001,1,1_562519839,1_4323,1774391400,1774391675,default
1774391633,1_575,1_102576,C Line,1_774681859,1_6247,1774391940,1774391720,default
1774391633,1_13830,1_102581,D Line,1_732748859,1_6077,1774391771,1774391631,default
1774391633,1_2850,1_100089,2,1_491928879,1_7033,1774391760,1774391028,default
1774391633,1_2850,1_100089,2,1_491928889,1_7975116,1774392600,1774392600,default
1774391633,1_46505,1_102619,F Line,1_694520889,1_6275,1774392060,1774391442,default
1774391633,1_46505,1_102619,F Line,1_694520889,1_7976083,1774392060,1774392060,default
1774391633,1_46505,1_102619,F Line,1_694522039,1_7975998,1774393260,1774393260,default
1774391633,1_29423,1_102732,79,1_629940169,1_7975604,1774393500,1774393500,default
1774391633,1_1510,1_100005,106,1_727785129,1_7030,1774391772,1774391631,default
1774391633,3_31002,40_560,560,40_1201020,40_9207,1774391605,1774391838,default
1774391633,1_72494,1_100160,269,1_720964869,1_7976341,1774392660,1774392660,default
1774391633,1_52306,1_102719,161,1_664468409,1_7976131,1774392060,1774392060,default
1774391633,1_52306,1_102619,F Line,1_656237249,1_7976229,1774392300,1774392300,default
1774391633,1_52306,1_102719,161,1_664468329,1_7976089,1774392960,1774392960,default
1774391633,1_59282,1_102717,165,1_664465459,1_7487,1774392540,1774391129,default
1774391633,1_60710,1_100512,A Line,1_721482729,1_6232,1774391836,1774391790,default
1774391633,1_10210,1_100264,70,1_724577859,1_8220,1774391862,1774391751,default
1774391633,1_620,40_100236,545,40_563501239,40_9672,1774391760,1774391825,default
1774391633,1_620,40_515,515,40_15046141__KPOB-CS:223:1:Mon-Wed:1:25SEP:85063:123,40_KPOB-CS:223:1:Mon-Wed:1:25SEP:85063:123,1774392000,1774392084,default
1774391633,1_620,40_510,510,40_15046399__KPOB-CS:223:1:Mon-Wed:1:25SEP:85064:123,40_KPOB-CS:223:1:Mon-Wed:1:25SEP:85064:123,1774392000,1774392147,default
1774391633,1_620,1_102754,256,1_778603699,1_7976730,1774392180,1774392180,default
1774391633,1_620,40_510,510,40_15046196__KPOB-CS:223:1:Mon-Wed:1:25SEP:85067:123,40_KPOB-CS:223:1:Mon-Wed:1:25SEP:85067:123,1774392900,1774392346,default
1774391633,1_620,40_515,515,40_15046609__KPOB-CS:223:1:Mon-Wed:1:25SEP:85068:123,40_19851,1774393200,1774393200,default
1774391633,1_620,40_510,510,40_15046144__KPOB-CS:223:1:Mon-Wed:1:25SEP:85071:123,40_KPOB-CS:223:1:Mon-Wed:1:25SEP:85071:123,1774393800,1774393395,default
1774391633,1_620,40_515,515,40_15046536__KPOB-CS:223:1:Mon-Wed:1:25SEP:85054:123,40_KPOB-CS:223:1:Mon-Wed:1:25SEP:85054:123,1774393800,1774393800,default
1774391633,1_620,1_102754,256,1_778603709,1_7976732,1774393980,1774393980,default
1774391633,1_620,40_515,515,40_15046501__KPOB-CS:223:1:Mon-Wed:1:25SEP:85073:123,40_KPOB-CS:223:1:Mon-Wed:1:25SEP:85073:123,1774394400,1774394068,default
1774391633,1_620,40_510,510,40_15046305__KPOB-CS:223:1:Mon-Wed:1:25SEP:85074:123,40_KPOB-CS:223:1:Mon-Wed:1:25SEP:85074:123,1774394700,1774394700,default
1774391633,1_620,40_515,515,40_15046545__KPOB-CS:223:1:Mon-Wed:1:25SEP:85075:123,40_KPOB-CS:223:1:Mon-Wed:1:25SEP:85075:123,1774395000,1774395169,default
1774391633,1_10912,40_100511,542,40_569571209,40_7976607,1774392240,1774392240,default
1774391633,1_10912,1_100162,271,1_569496089,1_7976382,1774392360,1774392360,default
1774391633,1_10912,1_100162,271,1_587120129,1_7976354,1774392960,1774392960,default
1774391633,1_10912,40_100451,556,40_635882329,40_7976550,1774393020,1774393020,default
1774391633,1_10912,40_100511,542,40_569572699,40_7976685,1774393440,1774393440,default
1774391633,1_71960,40_100511,542,40_721030979,40_7976608,1774392240,1774392240,default
1774391934,1_60161,1_100042,148,1_762077669,1_3709,1774392120,1774391201,default
1774391934,1_970,40_577,577,40_1985020,40_9715,1774392062,1774392062,default
1774391934,1_75890,1_102615,E Line,1_761417479,1_6086,1774392162,1774391863,default
1774391934,1_320,40_590,590,40_764020,40_9714,1774392180,1774392180,default
1774391934,1_575,1_100264,70,1_724577609,1_8243,1774391760,1774392039,default
1774391934,1_2850,1_100089,2,1_491928889,1_7038,1774392600,1774391610,default
1774391934,1_46505,1_102619,F Line,1_694520889,1_6275,1774392060,1774391442,default
1774391934,1_46505,1_102619,F Line,1_694521149,1_7976226,1774392660,1774392660,default
1774391934,1_46505,1_102619,F Line,1_694522039,1_7975998,1774393260,1774393260,default
1774391934,1_29423,1_102732,79,1_629940169,1_7975604,1774393500,1774393500,default
1774391934,1_2320,1_100001,1,1_562519839,1_4323,1774391855,1774392061,default
1774391934,1_72494,1_100160,269,1_720964869,1_7976341,1774392660,1774392660,default
1774391934,1_52306,1_102619,F Line,1_656237249,1_7976229,1774392300,1774392300,default
1774391934,1_52306,1_102719,161,1_664468329,1_7976089,1774392960,1774392960,default
1774391934,1_52306,1_102619,F Line,1_656237669,1_7975999,1774393500,1774393500,default
1774391934,1_99254,1_100003,101,1_762101369,1_8114,1774392202,1774392019,default
1774391934,1_57804,1_100072,181,1_721481999,1_7328,1774392493,1774392539,default
1774391934,1_59282,1_102717,165,1_664465459,1_7487,1774392540,1774391129,default
1774391934,1_25791,1_100214,372,1_694306899,1_6922,1774392201,1774392168,default
1774391934,1_620,1_102754,256,1_778603699,1_7976730,1774392180,1774392180,default
1774391934,1_620,40_510,510,40_15046399__KPOB-CS:223:1:Mon-Wed:1:25SEP:85064:123,40_KPOB-CS:223:1:Mon-Wed:1:25SEP:85064:123,1774392000,1774392381,default
1774391934,1_620,40_510,510,40_15046196__KPOB-CS:223:1:Mon-Wed:1:25SEP:85067:123,40_KPOB-CS:223:1:Mon-Wed:1:25SEP:85067:123,1774392900,1774392496,default
1774391934,1_620,40_515,515,40_15046609__KPOB-CS:223:1:Mon-Wed:1:25SEP:85068:123,40_19851,1774393200,1774393200,default
1774391934,1_620,40_510,510,40_15046144__KPOB-CS:223:1:Mon-Wed:1:25SEP:85071:123,40_KPOB-CS:223:1:Mon-Wed:1:25SEP:85071:123,1774393800,1774393215,default
1774391934,1_620,40_515,515,40_15046536__KPOB-CS:223:1:Mon-Wed:1:25SEP:85054:123,40_KPOB-CS:223:1:Mon-Wed:1:25SEP:85054:123,1774393800,1774393800,default
1774391934,1_620,40_515,515,40_15046501__KPOB-CS:223:1:Mon-Wed:1:25SEP:85073:123,40_KPOB-CS:223:1:Mon-Wed:1:25SEP:85073:123,1774394400,1774393850,default
1774391934,1_620,1_102754,256,1_778603709,1_7976732,1774393980,1774393980,default
1774391934,1_620,40_510,510,40_15046305__KPOB-CS:223:1:Mon-Wed:1:25SEP:85074:123,40_KPOB-CS:223:1:Mon-Wed:1:25SEP:85074:123,1774394700,1774394700,default
1774391934,1_620,40_515,515,40_15046545__KPOB-CS:223:1:Mon-Wed:1:25SEP:85075:123,40_KPOB-CS:223:1:Mon-Wed:1:25SEP:85075:123,1774395000,1774394992,default
1774391934,1_620,40_510,510,40_15046380__KPOB-CS:223:1:Mon-Wed:1:25SEP:85076:123,40_KPOB-CS:223:1:Mon-Wed:1:25SEP:85076:123,1774395600,1774395659,default
1774391934,1_10912,40_100511,542,40_569571209,40_7976607,1774392240,1774392240,default
1774391934,1_10912,1_100162,271,1_569496089,1_7976382,1774392360,1774392360,default
1774391934,1_10912,1_100162,271,1_587120129,1_7976354,1774392960,1774392960,default
1774391934,1_10912,40_100451,556,40_635882329,40_7976550,1774393020,1774393020,default
1774391934,1_10912,40_100511,542,40_569572699,40_7976685,1774393440,1774393440,default
1774391934,1_10912,1_100162,271,1_569496439,1_7976349,1774393680,1774393680,default
1774391934,1_10912,1_100162,271,1_569554069,1_7976675,1774394340,1774394340,default
1774391934,1_71960,40_100511,542,40_721030979,40_7976608,1774392240,1774392240,default
1774391934,1_71960,40_100511,542,40_721031469,40_7976606,1774393500,1774393500,default
1774392233,1_85800,1_100196,331,1_778699029,1_7214,1774392171,1774392362,default
1774392233,1_320,1_100459,218,1_694277119,1_6970,1774392240,1774392373,default
1774392233,1_575,1_100210,36,1_630541839,1_4374,1774392300,1774392221,default
1774392233,1_2850,1_100089,2,1_491928889,1_7038,1774392600,1774391610,default
1774392233,1_46505,1_102619,F Line,1_694521149,1_7976226,1774392660,1774392660,default
1774392233,1_46505,1_102619,F Line,1_694522039,1_7975998,1774393260,1774393260,default
1774392233,1_29423,1_102732,79,1_629940169,1_7975604,1774393500,1774393500,default
1774392233,1_47660,1_102736,H Line,1_694056239,1_6114,1774392167,1774392279,default
1774392233,1_280,40_592,592,40_1418020,40_9311,1774392278,1774392278,default
1774392233,1_72494,1_100160,269,1_720964869,1_7976341,1774392660,1774392660,default
1774392233,1_11940,1_100039,14,1_562520809,1_4313,1774392259,1774392334,default
1774392233,1_52306,40_560,560,40_1201020,40_9207,1774392300,1774392439,default
1774392233,1_52306,1_102619,F Line,1_656236589,1_7976085,1774392900,1774392900,default
1774392233,1_52306,1_102719,161,1_664468329,1_7976089,1774392960,1774392960,default
1774392233,1_52306,1_102619,F Line,1_656237669,1_7975999,1774393500,1774393500,default
1774392233,1_52306,1_102719,161,1_664467849,1_7976090,1774393860,1774393860,default
1774392233,1_57804,1_100072,181,1_721481999,1_7328,1774392493,1774392429,default
1774392233,1_59282,1_102717,165,1_664465459,1_7487,1774392540,1774391129,default
1774392233,1_59282,1_102717,165,1_694516589,1_7976042,1774393740,1774393740,default
1774392233,1_59282,1_102717,165,1_664465479,1_7976200,1774394940,1774394940,default
1774392233,1_71678,1_102552,226,1_778457419,1_7421,1774392591,1774392267,default
1774392233,1_57420,1_102720,160,1_694517239,1_7453,1774392408,1774392332,default
1774392233,1_7690,1_102615,E Line,1_761418579,1_6094,1774392590,1774392295,default
1774392233,1_620,1_100003,101,1_762101369,1_8114,1774392540,1774392313,default
1774392233,1_620,40_100236,545,40_563501289,40_9686,1774392360,1774392465,default
1774392233,1_620,40_510,510,40_15046196__KPOB-CS:223:1:Mon-Wed:1:25SEP:85067:123,40_KPOB-CS:223:1:Mon-Wed:1:25SEP:85067:123,1774392900,1774392704,default
1774392233,1_620,40_515,515,40_15046609__KPOB-CS:223:1:Mon-Wed:1:25SEP:85068:123,40_19851,1774393200,1774393200,default
1774392233,1_620,40_510,510,40_15046144__KPOB-CS:223:1:Mon-Wed:1:25SEP:85071:123,40_KPOB-CS:223:1:Mon-Wed:1:25SEP:85071:123,1774393800,1774393284,default
1774392233,1_620,40_515,515,40_15046501__KPOB-CS:223:1:Mon-Wed:1:25SEP:85073:123,40_KPOB-CS:223:1:Mon-Wed:1:25SEP:85073:123,1774394400,1774393713,default
1774392233,1_620,40_515,515,40_15046536__KPOB-CS:223:1:Mon-Wed:1:25SEP:85054:123,40_KPOB-CS:223:1:Mon-Wed:1:25SEP:85054:123,1774393800,1774393800,default
1774392233,1_620,1_102754,256,1_778603709,1_7976732,1774393980,1774393980,default
1774392233,1_620,40_510,510,40_15046305__KPOB-CS:223:1:Mon-Wed:1:25SEP:85074:123,40_KPOB-CS:223:1:Mon-Wed:1:25SEP:85074:123,1774394700,1774394700,default
1774392233,1_620,40_515,515,40_15046545__KPOB-CS:223:1:Mon-Wed:1:25SEP:85075:123,40_KPOB-CS:223:1:Mon-Wed:1:25SEP:85075:123,1774395000,1774394711,default
1774392233,1_620,40_510,510,40_15046380__KPOB-CS:223:1:Mon-Wed:1:25SEP:85076:123,40_KPOB-CS:223:1:Mon-Wed:1:25SEP:85076:123,1774395600,1774395819,default
1774392233,1_68888,1_102552,226,1_778457419,1_7421,1774392733,1774392379,default
1774392233,1_10912,1_100162,271,1_587120129,1_7976354,1774392960,1774392960,default
1774392233,1_10912,40_100451,556,40_635882329,40_7976550,1774393020,1774393020,default
1774392233,1_10912,40_100511,542,40_569572699,40_7976685,1774393440,1774393440,default
1774392233,1_10912,1_100162,271,1_569496439,1_7976349,1774393680,1774393680,default
1774392233,1_10912,1_100162,271,1_569554069,1_7976675,1774394340,1774394340,default
1774392233,1_10912,40_100451,556,40_635882829,40_7976589,1774394700,1774394700,default
1774392233,1_71960,40_100511,542,40_721031469,40_7976606,1774393500,1774393500,default
1774392533,1_23030,1_100101,21,1_775020749,1_8226,1774392896,1774392434,default
1774392533,1_320,40_590,590,40_2582020,40_9201,1774392780,1774392780,default
1774392533,1_2850,1_100089,2,1_491928889,1_7038,1774392600,1774391610,default
1774392533,1_2850,1_100089,2,1_491928899,1_7092,1774393380,1774392373,default
1774392533,1_46505,1_102619,F Line,1_694521149,1_7976226,1774392660,1774392660,default
1774392533,1_46505,1_102619,F Line,1_694522039,1_7975998,1774393260,1774393260,default
1774392533,1_29423,1_102732,79,1_629940169,1_7975604,1774393500,1774393500,default
1774392533,1_72494,1_100160,269,1_720964869,1_7976341,1774392660,1774392660,default
1774392533,1_52306,1_102619,F Line,1_656236589,1_7976085,1774392900,1774392900,default
1774392533,1_52306,1_102719,161,1_664468329,1_7976089,1774392960,1774392960,default
1774392533,1_52306,1_102619,F Line,1_656237669,1_7975999,1774393500,1774393500,default
1774392533,1_52306,1_102719,161,1_664467849,1_7976090,1774393860,1774393860,default
1774392533,1_21945,1_102717,165,1_664465039,1_7110,1774392180,1774392683,default
1774392533,1_18590,1_100252,62,1_721368319,1_8208,1774392686,1774392511,default
1774392533,1_59282,1_100072,181,1_721482069,1_7427,1774393080,1774392137,default
1774392533,1_59282,1_102717,165,1_694516589,1_7103,1774393740,1774392352,default
1774392533,1_59282,1_102717,165,1_694516589,1_7976042,1774393740,1774393740,default
1774392533,1_59282,1_102717,165,1_664465479,1_7976200,1774394940,1774394940,default
1774392533,1_25791,1_100214,372,1_694306459,1_6946,1774392681,1774392776,default
1774392533,1_620,40_510,510,40_15046196__KPOB-CS:223:1:Mon-Wed:1:25SEP:85067:123,40_KPOB-CS:223:1:Mon-Wed:1:25SEP:85067:123,1774392900,1774392980,default
1774392533,1_620,40_515,515,40_15046609__KPOB-CS:223:1:Mon-Wed:1:25SEP:85068:123,40_19851,1774393200,1774393200,default
1774392533,1_620,40_510,510,40_15046144__KPOB-CS:223:1:Mon-Wed:1:25SEP:85071:123,40_KPOB-CS:223:1:Mon-Wed:1:25SEP:85071:123,1774393800,1774393445,default
1774392533,1_620,40_515,515,40_15046501__KPOB-CS:223:1:Mon-Wed:1:25SEP:85073:123,40_KPOB-CS:223:1:Mon-Wed:1:25SEP:85073:123,1774394400,1774393652,default
1774392533,1_620,40_515,515,40_15046536__KPOB-CS:223:1:Mon-Wed:1:25SEP:85054:123,40_KPOB-CS:223:1:Mon-Wed:1:25SEP:85054:123,1774393800,1774393800,default
1774392533,1_620,1_102754,256,1_778603709,1_7976732,1774393980,1774393980,default
1774392533,1_620,40_515,515,40_15046545__KPOB-CS:223:1:Mon-Wed:1:25SEP:85075:123,40_KPOB-CS:223:1:Mon-Wed:1:25SEP:85075:123,1774395000,1774394494,default
1774392533,1_620,40_510,510,40_15046305__KPOB-CS:223:1:Mon-Wed:1:25SEP:85074:123,40_KPOB-CS:223:1:Mon-Wed:1:25SEP:85074:123,1774394700,1774394700,default
1774392533,1_620,40_510,510,40_15046380__KPOB-CS:223:1:Mon-Wed:1:25SEP:85076:123,40_KPOB-CS:223:1:Mon-Wed:1:25SEP:85076:123,1774395600,1774395722,default
1774392533,1_620,40_515,515,40_15046520__KPOB-CS:223:1:Mon-Wed:1:25SEP:85079:123,40_KPOB-CS:223:1:Mon-Wed:1:25SEP:85079:123,1774396200,1774396200,default
1774392533,1_10912,1_100162,271,1_587120129,1_7976354,1774392960,1774392960,default
1774392533,1_10912,40_100451,556,40_635882329,40_7976550,1774393020,1774393020,default
1774392533,1_10912,40_100511,542,40_569572699,40_7976685,1774393440,1774393440,default
1774392533,1_10912,1_100162,271,1_569496439,1_7976349,1774393680,1774393680,default
1774392533,1_10912,1_100162,271,1_569554069,1_7976675,1774394340,1774394340,default
1774392533,1_10912,40_100451,556,40_635882829,40_7976589,1774394700,1774394700,default
1774392533,1_71960,40_100511,542,40_721031469,40_7976606,1774393500,1774393500,default
1774392533,1_8403,1_100039,14,1_562519789,1_4394,1774392540,1774392611,default
1774392833,1_481,1_102576,C Line,1_774682009,1_6268,1774392960,1774392838,default
1774392833,1_970,40_590,590,40_597020,40_9308,1774392947,1774392947,default
1774392833,1_23220,1_100269,75,1_737152479,1_8262,1774393101,-1,default
1774392833,1_320,1_100104,212,1_694279199,1_6993,1774392900,1774392887,default
1774392833,1_64569,1_100099,208,1_736527479,1_7338,1774392810,1774392884,default
1774392833,1_2850,1_100089,2,1_491928899,1_7092,1774393380,1774392373,default
1774392833,1_46505,1_102619,F Line,1_694522039,1_7975998,1774393260,1774393260,default
1774392833,1_46505,1_102619,F Line,1_694521859,1_7976003,1774393860,1774393860,default
1774392833,1_46505,1_102619,F Line,1_694522199,1_7976035,1774394460,1774394460,default
1774392833,1_29423,1_102732,79,1_629940169,1_7975604,1774393500,1774393500,default
1774392833,1_52306,1_102719,161,1_664468329,1_7976089,1774392960,1774392960,default
1774392833,1_52306,1_102619,F Line,1_656237669,1_7975999,1774393500,1774393500,default
1774392833,1_52306,1_102719,161,1_664467849,1_7976090,1774393860,1774393860,default
1774392833,1_52306,1_102619,F Line,1_656236289,1_7976225,1774394100,1774394100,default
1774392833,1_58112,1_102619,F Line,1_694521599,1_6009,1774392936,1774392842,default
1774392833,1_59282,1_100072,181,1_721482069,1_7427,1774393080,1774392137,default
1774392833,1_59282,1_102717,165,1_694516589,1_7103,1774393740,1774392352,default
1774392833,1_59282,1_102717,165,1_664465479,1_7976200,1774394940,1774394940,default
1774392833,1_7690,1_102615,E Line,1_761417719,1_6057,1774393010,1774392883,default
1774392833,1_620,40_100236,545,40_563501329,40_9806,1774392960,1774393019,default
1774392833,1_620,40_100239,550,40_597758429,40_9576,1774392540,1774393100,default
1774392833,1_620,40_510,510,40_15046196__KPOB-CS:223:1:Mon-Wed:1:25SEP:85067:123,40_KPOB-CS:223:1:Mon-Wed:1:25SEP:85067:123,1774392900,1774393143,default
1774392833,1_620,40_515,515,40_15046609__KPOB-CS:223:1:Mon-Wed:1:25SEP:85068:123,40_19851,1774393200,1774393200,default
1774392833,1_620,40_510,510,40_15046144__KPOB-CS:223:1:Mon-Wed:1:25SEP:85071:123,40_KPOB-CS:223:1:Mon-Wed:1:25SEP:85071:123,1774393800,1774393480,default
1774392833,1_620,40_515,515,40_15046536__KPOB-CS:223:1:Mon-Wed:1:25SEP:85054:123,40_KPOB-CS:223:1:Mon-Wed:1:25SEP:85054:123,1774393800,1774393800,default
1774392833,1_620,40_515,515,40_15046501__KPOB-CS:223:1:Mon-Wed:1:25SEP:85073:123,40_KPOB-CS:223:1:Mon-Wed:1:25SEP:85073:123,1774394400,1774393820,default
1774392833,1_620,1_102754,256,1_778603709,1_7976732,1774393980,1774393980,default
1774392833,1_620,40_515,515,40_15046545__KPOB-CS:223:1:Mon-Wed:1:25SEP:85075:123,40_KPOB-CS:223:1:Mon-Wed:1:25SEP:85075:123,1774395000,1774394218,default
1774392833,1_620,40_510,510,40_15046305__KPOB-CS:223:1:Mon-Wed:1:25SEP:85074:123,40_KPOB-CS:223:1:Mon-Wed:1:25SEP:85074:123,1774394700,1774394700,default
1774392833,1_620,40_510,510,40_15046380__KPOB-CS:223:1:Mon-Wed:1:25SEP:85076:123,40_KPOB-CS:223:1:Mon-Wed:1:25SEP:85076:123,1774395600,1774395469,default
1774392833,1_620,1_102754,256,1_778603719,1_7976703,1774395840,1774395840,default
1774392833,1_620,40_515,515,40_15046520__KPOB-CS:223:1:Mon-Wed:1:25SEP:85079:123,40_KPOB-CS:223:1:Mon-Wed:1:25SEP:85079:123,1774396200,1774396532,default
1774392833,1_620,40_515,515,40_15046296__KPOB-CS:223:1:Mon-Wed:1:25SEP:85077:123,40_KPOB-CS:223:1:Mon-Wed:1:25SEP:85077:123,1774395600,1774396629,default
1774392833,1_10912,40_100451,556,40_635882329,40_7976550,1774393020,1774393020,default
1774392833,1_10912,40_100511,542,40_569572699,40_7976685,1774393440,1774393440,default
1774392833,1_10912,1_100162,271,1_569496439,1_7976349,1774393680,1774393680,default
1774392833,1_10912,1_100162,271,1_569554069,1_7976675,1774394340,1774394340,default
1774392833,1_10912,40_100451,556,40_635882829,40_7976589,1774394700,1774394700,default
1774392833,1_10912,1_100162,271,1_569496289,1_7976387,1774394880,1774394880,default
1774392833,1_71960,40_100511,542,40_721031469,40_7976606,1774393500,1774393500,default
1774393133,1_320,40_590,590,40_597020,40_9308,1774393260,1774393260,default
1774393133,1_2850,1_100089,2,1_491928899,1_7092,1774393380,1774392373,default
1774393133,1_46505,1_102619,F Line,1_694522039,1_7975998,1774393260,1774393260,default
1774393133,1_46505,1_102619,F Line,1_694521859,1_7976003,1774393860,1774393860,default
1774393133,1_46505,1_102619,F Line,1_694522199,1_7976035,1774394460,1774394460,default
1774393133,1_29423,1_102732,79,1_629940169,1_7975604,1774393500,1774393500,default
1774393133,1_280,40_100240,554,40_560098149,40_7976648,1774393101,1774393176,default
1774393133,1_280,1_100011,111,1_664454889,1_7976575,1774393193,1774393193,default
1774393133,1_27420,23_102638,First Hill Streetcar,23_55295714,23_403,1774393140,1774393308,default
1774393133,3_31002,40_560,560,40_3535020,40_9126,1774393345,1774393473,default
1774393133,1_72494,1_100160,269,1_720966209,1_7976395,1774394520,1774394520,default
1774393133,1_52306,1_102619,F Line,1_656237669,1_7975999,1774393500,1774393500,default
1774393133,1_52306,1_102719,161,1_664467849,1_7976090,1774393860,1774393860,default
1774393133,1_52306,1_102619,F Line,1_656236289,1_7976225,1774394100,1774394100,default
1774393133,1_18590,1_100252,62,1_721368329,1_8059,1774393286,1774393165,default
1774393133,1_59282,1_102717,165,1_694516589,1_7103,1774393740,1774392352,default
1774393133,1_59282,1_102717,165,1_664465479,1_7976200,1774394940,1774394940,default
1774393133,1_57791,1_102718,184,1_664466219,1_1039,1774393509,1774393390,default
1774393133,1_2260,1_100275,8,1_759808779,1_8004,1774393291,1774393310,default
1774393133,1_620,40_510,510,40_15046144__KPOB-CS:223:1:Mon-Wed:1:25SEP:85071:123,40_KPOB-CS:223:1:Mon-Wed:1:25SEP:85071:123,1774393800,1774393674,default
1774393133,1_620,40_100239,550,40_597758499,40_9688,1774393500,1774393727,default
1774393133,1_620,40_515,515,40_15046536__KPOB-CS:223:1:Mon-Wed:1:25SEP:85054:123,40_KPOB-CS:223:1:Mon-Wed:1:25SEP:85054:123,1774393800,1774393800,default
1774393133,1_620,40_515,515,40_15046501__KPOB-CS:223:1:Mon-Wed:1:25SEP:85073:123,40_KPOB-CS:223:1:Mon-Wed:1:25SEP:85073:123,1774394400,1774393860,default
1774393133,1_620,1_102754,256,1_778603709,1_7976732,1774393980,1774393980,default
1774393133,1_620,40_515,515,40_15046545__KPOB-CS:223:1:Mon-Wed:1:25SEP:85075:123,40_KPOB-CS:223:1:Mon-Wed:1:25SEP:85075:123,1774395000,1774394236,default
1774393133,1_620,40_510,510,40_15046305__KPOB-CS:223:1:Mon-Wed:1:25SEP:85074:123,40_KPOB-CS:223:1:Mon-Wed:1:25SEP:85074:123,1774394700,1774394700,default
1774393133,1_620,40_510,510,40_15046380__KPOB-CS:223:1:Mon-Wed:1:25SEP:85076:123,40_KPOB-CS:223:1:Mon-Wed:1:25SEP:85076:123,1774395600,1774395210,default
1774393133,1_620,1_102754,256,1_778603719,1_7976703,1774395840,1774395840,default
1774393133,1_620,40_515,515,40_15046520__KPOB-CS:223:1:Mon-Wed:1:25SEP:85079:123,40_KPOB-CS:223:1:Mon-Wed:1:25SEP:85079:123,1774396200,1774396689,default
1774393133,1_620,40_515,515,40_15046296__KPOB-CS:223:1:Mon-Wed:1:25SEP:85077:123,40_KPOB-CS:223:1:Mon-Wed:1:25SEP:85077:123,1774395600,1774396772,default
1774393133,1_620,40_515,515,40_15046592__KPOB-CS:223:1:Mon-Wed:1:25SEP:85081:123,40_KPOB-CS:223:1:Mon-Wed:1:25SEP:85081:123,1774396800,1774396899,default
1774393133,1_10912,1_100264,70,1_724577639,1_7975068,1774393327,1774393327,default
1774393133,1_10912,40_100511,542,40_569572699,40_7976685,1774393440,1774393440,default
1774393133,1_10912,1_100162,271,1_569496439,1_7976349,1774393680,1774393680,default
1774393133,1_10912,1_100162,271,1_569554069,1_7976675,1774394340,1774394340,default
1774393133,1_10912,40_100451,556,40_635882829,40_7976589,1774394700,1774394700,default
1774393133,1_10912,1_100162,271,1_569496289,1_7976387,1774394880,1774394880,default
1774393133,1_71960,1_102752,223,1_766488289,1_7358,1774393440,1774393258,default
1774393133,1_71960,40_100511,542,40_721031469,40_7976606,1774393500,1774393500,default
1774393133,1_71960,40_100511,542,40_721031219,40_7976604,1774394820,1774394820,default
1774393133,1_81982,1_100196,331,1_778699549,1_7232,1774393031,1774393307,default
1774393133,1_18220,1_100028,13,1_605110399,1_7133,1774393384,1774393258,default
1774393433,1_103,1_102745,G Line,1_736435889,1_6404,1774393158,1774393491,default
1774393433,1_28370,1_102574,40,1_778707699,1_8195,1774393133,1774393437,default
1774393433,1_60161,1_100042,148,1_762077719,1_3733,1774393920,1774393078,default
1774393433,1_575,1_100024,125,1_770790139,1_7024,1774393500,1774393379,default
1774393433,1_575,1_100173,3,1_761126949,1_4304,1774393200,1774393485,default
1774393433,1_575,1_100028,13,1_605110459,1_7033,1774393440,1774393515,default
1774393433,1_2850,1_100089,2,1_491928909,1_7094,1774394220,1774393303,default
1774393433,1_2850,1_100089,2,1_491928909,1_7975113,1774394220,1774394220,default
1774393433,1_46505,1_102619,F Line,1_694521859,1_7976003,1774393860,1774393860,default
1774393433,1_46505,1_102619,F Line,1_694522199,1_7976035,1774394460,1774394460,default
1774393433,1_29423,1_102732,79,1_629940169,1_7975604,1774393500,1774393500,default
1774393433,1_27420,1_100161,27,1_759819169,1_7048,1774393294,1774393490,default
1774393433,1_72494,1_100160,269,1_720966209,1_7976395,1774394520,1774394520,default
1774393433,1_52306,1_102719,161,1_664467849,1_7976090,1774393860,1774393860,default
1774393433,1_52306,1_102619,F Line,1_656236289,1_7976225,1774394100,1774394100,default
1774393433,1_21945,1_102717,165,1_664465049,1_7135,1774393380,1774393551,default
1774393433,1_58112,1_102619,F Line,1_694521879,1_6228,1774393536,1774393535,default
1774393433,1_70665,1_100136,245,1_761788279,1_7243,1774393725,1774393432,default
1774393433,1_9605,1_100259,67,1_657908169,1_8123,1774393560,1774393506,default
1774393433,1_2200,1_102581,D Line,1_732748879,1_6107,1774393225,1774393563,default
1774393433,1_59282,1_102717,165,1_694516589,1_7103,1774393740,1774392352,default
1774393433,1_59282,1_102717,165,1_664465479,1_7976200,1774394940,1774394940,default
1774393433,1_25791,1_100214,372,1_694306999,1_6029,1774393641,1774393607,default
1774393433,1_620,40_100240,554,40_774872089,40_9684,1774393200,1774393762,default
1774393433,1_620,40_510,510,40_15046144__KPOB-CS:223:1:Mon-Wed:1:25SEP:85071:123,40_KPOB-CS:223:1:Mon-Wed:1:25SEP:85071:123,1774393800,1774393930,default
1774393433,1_620,40_515,515,40_15046501__KPOB-CS:223:1:Mon-Wed:1:25SEP:85073:123,40_KPOB-CS:223:1:Mon-Wed:1:25SEP:85073:123,1774394400,1774393942,default
1774393433,1_620,1_102754,256,1_778603709,1_7976732,1774393980,1774393980,default
1774393433,1_620,40_515,515,40_15046536__KPOB-CS:223:1:Mon-Wed:1:25SEP:85054:123,40_KPOB-CS:223:1:Mon-Wed:1:25SEP:85054:123,1774393800,1774394028,default
1774393433,1_620,40_515,515,40_15046545__KPOB-CS:223:1:Mon-Wed:1:25SEP:85075:123,40_KPOB-CS:223:1:Mon-Wed:1:25SEP:85075:123,1774395000,1774394334,default
1774393433,1_620,40_510,510,40_15046305__KPOB-CS:223:1:Mon-Wed:1:25SEP:85074:123,40_KPOB-CS:223:1:Mon-Wed:1:25SEP:85074:123,1774394700,1774394700,default
1774393433,1_620,40_510,510,40_15046380__KPOB-CS:223:1:Mon-Wed:1:25SEP:85076:123,40_KPOB-CS:223:1:Mon-Wed:1:25SEP:85076:123,1774395600,1774395007,default
1774393433,1_620,1_102754,256,1_778603719,1_7976703,1774395840,1774395840,default
1774393433,1_620,40_515,515,40_15046520__KPOB-CS:223:1:Mon-Wed:1:25SEP:85079:123,40_KPOB-CS:223:1:Mon-Wed:1:25SEP:85079:123,1774396200,1774396587,default
1774393433,1_620,40_515,515,40_15046296__KPOB-CS:223:1:Mon-Wed:1:25SEP:85077:123,40_KPOB-CS:223:1:Mon-Wed:1:25SEP:85077:123,1774395600,1774396872,default
1774393433,1_620,40_515,515,40_15046592__KPOB-CS:223:1:Mon-Wed:1:25SEP:85081:123,40_KPOB-CS:223:1:Mon-Wed:1:25SEP:85081:123,1774396800,1774396966,default
1774393433,1_10912,1_100162,271,1_569496439,1_7976349,1774393680,1774393680,default
1774393433,1_10912,1_100162,271,1_569554069,1_7976675,1774394340,1774394340,default
1774393433,1_10912,40_100451,556,40_635882829,40_7976589,1774394700,1774394700,default
1774393433,1_10912,1_100162,271,1_569496289,1_7976387,1774394880,1774394880,default
1774393433,1_71960,40_100511,542,40_721031219,40_7976604,1774394820,1774394820,default
1774393433,1_8403,1_100039,14,1_562519819,1_4384,1774393500,1774393437,default
1774393733,1_60161,1_100042,148,1_762077719,1_3733,1774393920,1774393078,default
1774393733,1_320,40_590,590,40_1549020,40_41516,1774393860,1774393860,default
1774393733,1_575,1_102576,C Line,1_774680559,1_6250,1774393860,1774393756,default
1774393733,1_2850,1_100089,2,1_491928909,1_7094,1774394220,1774393303,default
1774393733,1_2850,1_100089,2,1_491928919,1_7975110,1774394940,1774394940,default
1774393733,1_46505,1_102619,F Line,1_694521859,1_7976003,1774393860,1774393860,default
1774393733,1_46505,1_102619,F Line,1_694522199,1_7976035,1774394460,1774394460,default
1774393733,1_46505,1_102619,F Line,1_694521259,1_7975997,1774395060,1774395060,default
1774393733,1_27420,23_102638,First Hill Streetcar,23_55295715,23_402,1774393860,1774393763,default
1774393733,1_57453,1_102719,161,1_664468419,1_7391,1774394100,1774393743,default
1774393733,1_72494,1_100160,269,1_720966209,1_7976395,1774394520,1774394520,default
1774393733,1_52306,40_560,560,40_3535020,40_9126,1774394040,1774394051,default
1774393733,1_52306,1_102619,F Line,1_656236289,1_7976225,1774394100,1774394100,default
1774393733,1_52306,1_102619,F Line,1_656236899,1_7976142,1774394700,1774394700,default
1774393733,1_99254,40_594,594,40_2570020,40_9312,1774394253,1774393815,default
1774393733,1_59282,1_102717,165,1_664465479,1_7976200,1774394940,1774394940,default
1774393733,1_23905,1_100214,372,1_694306359,1_6999,1774393732,1774393953,default
1774393733,1_45230,1_100133,240,1_787241289,1_7330,1774393477,1774393874,default
1774393733,1_7690,1_102615,E Line,1_768603979,1_6200,1774393910,1774393797,default
1774393733,1_620,1_100045,150,1_694514409,1_8158,1774394220,1774393907,default
1774393733,1_620,1_102754,256,1_778603709,1_7976732,1774393980,1774393980,default
1774393733,1_620,40_515,515,40_15046536__KPOB-CS:223:1:Mon-Wed:1:25SEP:85054:123,40_KPOB-CS:223:1:Mon-Wed:1:25SEP:85054:123,1774393800,1774394149,default
1774393733,1_620,40_510,510,40_15046144__KPOB-CS:223:1:Mon-Wed:1:25SEP:85071:123,40_KPOB-CS:223:1:Mon-Wed:1:25SEP:85071:123,1774393800,1774394150,default
1774393733,1_620,40_515,515,40_15046501__KPOB-CS:223:1:Mon-Wed:1:25SEP:85073:123,40_KPOB-CS:223:1:Mon-Wed:1:25SEP:85073:123,1774394400,1774394178,default
1774393733,1_620,40_100239,550,40_597758519,40_9580,1774394100,1774394374,default
1774393733,1_620,40_515,515,40_15046545__KPOB-CS:223:1:Mon-Wed:1:25SEP:85075:123,40_KPOB-CS:223:1:Mon-Wed:1:25SEP:85075:123,1774395000,1774394376,default
1774393733,1_620,40_510,510,40_15046305__KPOB-CS:223:1:Mon-Wed:1:25SEP:85074:123,40_KPOB-CS:223:1:Mon-Wed:1:25SEP:85074:123,1774394700,1774394700,default
1774393733,1_620,40_510,510,40_15046380__KPOB-CS:223:1:Mon-Wed:1:25SEP:85076:123,40_KPOB-CS:223:1:Mon-Wed:1:25SEP:85076:123,1774395600,1774394903,default
1774393733,1_620,29_424,424,29_14876206__MCOB-DO:123:0:Weekday:1:25SEP:61049:12345,29_MCOB-DO:123:0:Weekday:1:25SEP:61049:12345,1774397400,1774395251,default
1774393733,1_620,1_102754,256,1_778603719,1_7976703,1774395840,1774395840,default
1774393733,1_620,40_515,515,40_15046520__KPOB-CS:223:1:Mon-Wed:1:25SEP:85079:123,40_KPOB-CS:223:1:Mon-Wed:1:25SEP:85079:123,1774396200,1774396343,default
1774393733,1_620,40_515,515,40_15046296__KPOB-CS:223:1:Mon-Wed:1:25SEP:85077:123,40_KPOB-CS:223:1:Mon-Wed:1:25SEP:85077:123,1774395600,1774396648,default
1774393733,1_620,40_515,515,40_15046592__KPOB-CS:223:1:Mon-Wed:1:25SEP:85081:123,40_KPOB-CS:223:1:Mon-Wed:1:25SEP:85081:123,1774396800,1774397200,default
1774393733,1_620,40_515,515,40_15046449__KPOB-CS:223:1:Mon-Wed:1:25SEP:85083:123,40_KPOB-CS:223:1:Mon-Wed:1:25SEP:85083:123,1774397400,1774397556,default
1774393733,1_620,40_510,510,40_15046507__KPOB-CS:223:1:Mon-Wed:1:25SEP:85057:123,40_KPOB-CS:223:1:Mon-Wed:1:25SEP:85057:123,1774397400,1774397573,default
1774393733,1_10912,1_100162,271,1_569554069,1_7976675,1774394340,1774394340,default
1774393733,1_10912,40_100451,556,40_635882829,40_7976589,1774394700,1774394700,default
1774393733,1_10912,40_100511,542,40_608344419,40_7976686,1774394760,1774394760,default
1774393733,1_10912,1_100162,271,1_569496289,1_7976387,1774394880,1774394880,default
1774393733,1_10912,1_100162,271,1_569497129,1_7976667,1774395540,1774395540,default
1774393733,1_10912,40_100451,556,40_635882839,40_7976563,1774396800,1774396800,default
1774393733,1_71960,40_100511,542,40_721031219,40_7976604,1774394820,1774394820,default
1774394033,1_12170,1_100039,14,1_562519819,1_4384,1774394079,1774394040,default
1774394033,1_51551,1_102736,H Line,1_694056169,1_6076,1774394117,1774393937,default
1774394033,1_58400,1_102718,184,1_664466209,1_1039,1774394064,1774393938,default
1774394033,1_320,40_595,595,40_542020,40_9125,1774394220,1774394220,default
1774394033,1_575,1_100210,36,1_630542779,1_4328,1774394100,1774393828,default
1774394033,1_2850,1_100089,2,1_491928909,1_7094,1774394220,1774393303,default
1774394033,1_2850,1_100089,2,1_491928919,1_7975110,1774394940,1774394940,default
1774394033,1_46505,1_102619,F Line,1_694522199,1_7976035,1774394460,1774394460,default
1774394033,1_46505,1_102619,F Line,1_694521259,1_7975997,1774395060,1774395060,default
1774394033,1_29423,1_102732,79,1_561369469,1_7975557,1774395000,1774395000,default
1774394033,1_280,40_592,592,40_343020,40_41514,1774394078,1774394078,default
1774394033,1_280,1_100104,212,1_694279209,1_7976582,1774394001,1774394122,default
1774394033,1_72494,1_100160,269,1_720966209,1_7976395,1774394520,1774394520,default
1774394033,1_79610,1_100487,102,1_762101209,1_7168,1774394145,1774394033,default
1774394033,1_52306,1_102619,F Line,1_656236289,1_7976225,1774394100,1774394365,default
1774394033,1_52306,1_102619,F Line,1_656236899,1_7976142,1774394700,1774394700,default
1774394033,1_52306,1_102719,161,1_664467859,1_7976092,1774395600,1774395600,default
1774394033,1_58112,1_102619,F Line,1_694520889,1_6275,1774394136,1774394126,default
1774394033,1_59282,1_102717,165,1_664465479,1_7976200,1774394940,1774394940,default
1774394033,1_2260,1_100275,8,1_759808789,1_6256,1774394071,1774394211,default
1774394033,1_620,40_100236,545,40_563502519,40_9814,1774394160,1774394206,default
1774394033,1_620,40_594,594,40_2570020,40_9312,1774394640,1774394265,default
1774394033,1_620,40_515,515,40_15046501__KPOB-CS:223:1:Mon-Wed:1:25SEP:85073:123,40_KPOB-CS:223:1:Mon-Wed:1:25SEP:85073:123,1774394400,1774394446,default
1774394033,1_620,40_515,515,40_15046545__KPOB-CS:223:1:Mon-Wed:1:25SEP:85075:123,40_KPOB-CS:223:1:Mon-Wed:1:25SEP:85075:123,1774395000,1774394574,default
1774394033,1_620,40_510,510,40_15046305__KPOB-CS:223:1:Mon-Wed:1:25SEP:85074:123,40_KPOB-CS:223:1:Mon-Wed:1:25SEP:85074:123,1774394700,1774394700,default
1774394033,1_620,40_510,510,40_15046380__KPOB-CS:223:1:Mon-Wed:1:25SEP:85076:123,40_KPOB-CS:223:1:Mon-Wed:1:25SEP:85076:123,1774395600,1774394998,default
1774394033,1_620,29_424,424,29_14876206__MCOB-DO:123:0:Weekday:1:25SEP:61049:12345,29_MCOB-DO:123:0:Weekday:1:25SEP:61049:12345,1774397400,1774395097,default
1774394033,1_620,1_102754,256,1_778603719,1_7976703,1774395840,1774395840,default
1774394033,1_620,40_515,515,40_15046520__KPOB-CS:223:1:Mon-Wed:1:25SEP:85079:123,40_KPOB-CS:223:1:Mon-Wed:1:25SEP:85079:123,1774396200,1774396071,default
1774394033,1_620,40_515,515,40_15046296__KPOB-CS:223:1:Mon-Wed:1:25SEP:85077:123,40_KPOB-CS:223:1:Mon-Wed:1:25SEP:85077:123,1774395600,1774396442,default
1774394033,1_620,40_510,510,40_15046507__KPOB-CS:223:1:Mon-Wed:1:25SEP:85057:123,40_KPOB-CS:223:1:Mon-Wed:1:25SEP:85057:123,1774397400,1774397400,default
1774394033,1_620,40_515,515,40_15046592__KPOB-CS:223:1:Mon-Wed:1:25SEP:85081:123,40_KPOB-CS:223:1:Mon-Wed:1:25SEP:85081:123,1774396800,1774397403,default
1774394033,1_620,40_515,515,40_15046097__KPOB-CS:223:1:Mon-Wed:1:25SEP:85043:123,40_KPOB-CS:223:1:Mon-Wed:1:25SEP:85043:123,1774398000,1774397648,default
1774394033,1_620,40_515,515,40_15046449__KPOB-CS:223:1:Mon-Wed:1:25SEP:85083:123,40_KPOB-CS:223:1:Mon-Wed:1:25SEP:85083:123,1774397400,1774397824,default
1774394033,1_10912,1_100264,70,1_724577349,1_8242,1774394227,1774394149,default
1774394033,1_10912,1_100224,44,1_664048609,1_4540,1774394269,1774394154,default
1774394033,1_10912,1_100162,271,1_569554069,1_7976675,1774394340,1774394340,default
1774394033,1_10912,40_100451,556,40_635882829,40_7976589,1774394700,1774394700,default
1774394033,1_10912,40_100511,542,40_608344419,40_7976686,1774394760,1774394760,default
1774394033,1_10912,1_100162,271,1_569496289,1_7976387,1774394880,1774394880,default
1774394033,1_10912,1_100162,271,1_569497129,1_7976667,1774395540,1774395540,default
1774394033,1_10912,40_100451,556,40_635882839,40_7976563,1774396800,1774396800,default
1774394033,1_10912,1_100162,271,1_569496799,1_7976668,1774398180,1774397586,default
1774394033,1_71960,40_100511,542,40_721031219,40_7976604,1774394820,1774394820,default
1774394333,1_103,1_102745,G Line,1_736435939,1_6403,1774393878,1774394362,default
1774394333,1_77930,1_102746,333,1_778704189,1_7200,1774394393,1774394368,default
1774394333,1_22196,1_102736,H Line,1_694056689,1_6060,1774394466,1774394299,default
1774394333,1_26560,1_102574,40,1_761401289,1_8254,1774394123,1774394422,default
1774394333,1_970,40_578,578,40_1934020,40_9306,1774394462,1774394388,default
1774394333,1_30510,1_100249,60,1_581481559,1_7152,1774394621,1774394278,default
1774394333,1_30510,1_100006,107,1_762092629,1_7474,1774394379,1774394304,default
1774394333,1_2850,1_100089,2,1_491928919,1_7975110,1774394940,1774394940,default
1774394333,1_46505,1_102619,F Line,1_694522199,1_7976035,1774394460,1774394460,default
1774394333,1_46505,1_102619,F Line,1_694521259,1_7975997,1774395060,1774395060,default
1774394333,1_29423,1_102732,79,1_561369469,1_7975557,1774395000,1774395000,default
1774394333,1_57453,1_100060,168,1_693766459,1_7391,1774394100,1774393455,default
1774394333,1_2320,1_100001,1,1_562519919,1_4363,1774394135,1774394408,default
1774394333,1_59510,1_100487,102,1_762101149,1_8163,1774394490,1774394315,default
1774394333,1_72494,1_100160,269,1_720966209,1_7976395,1774394520,1774394520,default
1774394333,1_52306,1_102619,F Line,1_656236289,1_7976225,1774394100,1774394610,default
1774394333,1_52306,1_102619,F Line,1_656236899,1_7976142,1774394700,1774394700,default
1774394333,1_52306,1_102619,F Line,1_656237159,1_7976074,1774395300,1774395300,default
1774394333,1_52306,1_102719,161,1_664467859,1_7976092,1774395600,1774395600,default
1774394333,1_41850,1_100249,60,1_581481559,1_7152,1774394726,1774394339,default
1774394333,1_59282,1_100072,181,1_721481709,1_7328,1774394880,1774393877,default
1774394333,1_59282,1_102717,165,1_664465479,1_7976200,1774394940,1774394940,default
1774394333,1_59282,1_102717,165,1_664465489,1_7976041,1774396140,1774396140,default
1774394333,1_65540,1_100133,240,1_766261559,1_7369,1774394530,1774394389,default
1774394333,1_620,40_515,515,40_15046501__KPOB-CS:223:1:Mon-Wed:1:25SEP:85073:123,40_KPOB-CS:223:1:Mon-Wed:1:25SEP:85073:123,1774394400,1774394641,default
1774394333,1_620,40_510,510,40_15046305__KPOB-CS:223:1:Mon-Wed:1:25SEP:85074:123,40_KPOB-CS:223:1:Mon-Wed:1:25SEP:85074:123,1774394700,1774394700,default
1774394333,1_620,40_515,515,40_15046545__KPOB-CS:223:1:Mon-Wed:1:25SEP:85075:123,40_KPOB-CS:223:1:Mon-Wed:1:25SEP:85075:123,1774395000,1774394826,default
1774394333,1_620,40_100239,550,40_597758449,40_9664,1774394700,1774395064,default
1774394333,1_620,29_424,424,29_14876206__MCOB-DO:123:0:Weekday:1:25SEP:61049:12345,29_MCOB-DO:123:0:Weekday:1:25SEP:61049:12345,1774397400,1774395229,default
1774394333,1_620,40_510,510,40_15046380__KPOB-CS:223:1:Mon-Wed:1:25SEP:85076:123,40_KPOB-CS:223:1:Mon-Wed:1:25SEP:85076:123,1774395600,1774395269,default
1774394333,1_620,40_515,515,40_15046520__KPOB-CS:223:1:Mon-Wed:1:25SEP:85079:123,40_KPOB-CS:223:1:Mon-Wed:1:25SEP:85079:123,1774396200,1774395818,default
1774394333,1_620,1_102754,256,1_778603719,1_7976703,1774395840,1774395840,default
1774394333,1_620,40_515,515,40_15046296__KPOB-CS:223:1:Mon-Wed:1:25SEP:85077:123,40_KPOB-CS:223:1:Mon-Wed:1:25SEP:85077:123,1774395600,1774396144,default
1774394333,1_620,40_515,515,40_15046097__KPOB-CS:223:1:Mon-Wed:1:25SEP:85043:123,40_KPOB-CS:223:1:Mon-Wed:1:25SEP:85043:123,1774398000,1774397029,default
1774394333,1_620,40_515,515,40_15046592__KPOB-CS:223:1:Mon-Wed:1:25SEP:85081:123,40_KPOB-CS:223:1:Mon-Wed:1:25SEP:85081:123,1774396800,1774397178,default
1774394333,1_620,40_510,510,40_15046507__KPOB-CS:223:1:Mon-Wed:1:25SEP:85057:123,40_KPOB-CS:223:1:Mon-Wed:1:25SEP:85057:123,1774397400,1774397400,default
1774394333,1_620,1_102754,256,1_778603729,1_7976735,1774397700,1774397700,default
1774394333,1_620,40_515,515,40_15046449__KPOB-CS:223:1:Mon-Wed:1:25SEP:85083:123,40_KPOB-CS:223:1:Mon-Wed:1:25SEP:85083:123,1774397400,1774397920,default
1774394333,1_620,40_510,510,40_15046441__KPOB-CS:223:1:Mon-Wed:1:25SEP:85080:123,40_KPOB-CS:223:1:Mon-Wed:1:25SEP:85080:123,1774396500,1774398147,default
1774394333,1_10912,40_100451,556,40_635882829,40_7976589,1774394700,1774394700,default
1774394333,1_10912,40_100511,542,40_608344419,40_7976686,1774394760,1774394760,default
1774394333,1_10912,1_100162,271,1_569496289,1_7976387,1774394880,1774394880,default
1774394333,1_10912,1_100162,271,1_569497129,1_7976667,1774395540,1774395540,default
1774394333,1_10912,40_100511,542,40_608343959,40_7976608,1774395960,1774395960,default
1774394333,1_10912,1_100162,271,1_569495939,1_7976350,1774396200,1774396200,default
1774394333,1_10912,40_100451,556,40_635882839,40_7976563,1774396800,1774396800,default
1774394333,1_10912,1_100162,271,1_569496799,1_7976668,1774398180,1774397586,default
1774394333,1_71960,40_100511,542,40_721031219,40_7976604,1774394820,1774394820,default
1774394633,1_103,1_102745,G Line,1_736435979,1_6400,1774394238,1774394669,default
1774394633,1_70694,1_100344,986,1_829433469,1_6900,1774395060,1774394941,default
1774394633,1_320,1_100104,212,1_694279209,1_6933,1774394160,1774394674,default
1774394633,1_320,40_590,590,40_3473020,40_9305,1774394820,1774394820,default
1774394633,1_2850,1_100089,2,1_491928929,1_7087,1774395660,1774394463,default
1774394633,1_2850,1_100089,2,1_491928919,1_7975110,1774394940,1774394940,default
1774394633,1_46505,1_102619,F Line,1_694521259,1_7975997,1774395060,1774395060,default
1774394633,1_46505,1_102619,F Line,1_694521469,1_7976017,1774395660,1774395660,default
1774394633,1_29423,1_102732,79,1_561369469,1_7975557,1774395000,1774395000,default
1774394633,1_280,1_100011,111,1_664454899,1_7407,1774394601,1774394695,default
1774394633,1_27420,23_102638,First Hill Streetcar,23_55295717,23_404,1774395300,1774394680,default
1774394633,1_52306,1_102619,F Line,1_656236289,1_7976225,1774394100,1774394948,default
1774394633,1_52306,1_102619,F Line,1_656237159,1_7976074,1774395300,1774395300,default
1774394633,1_52306,1_102719,161,1_664467859,1_7976092,1774395600,1774395600,default
1774394633,1_57804,1_100072,181,1_721481539,1_7197,1774394413,1774394952,default
1774394633,1_59282,1_100072,181,1_721481709,1_7328,1774394880,1774393877,default
1774394633,1_59282,1_102717,165,1_664465489,1_7113,1774396140,1774394566,default
1774394633,1_59282,1_102717,165,1_664465479,1_7976200,1774394940,1774394940,default
1774394633,1_59282,1_102717,165,1_664465489,1_7976041,1774396140,1774396140,default
1774394633,1_74735,1_102701,225,1_736529859,1_7469,1774394068,1774394777,default
1774394633,1_25791,1_100214,372,1_694306019,1_6925,1774394901,1774394824,default
1774394633,1_620,40_100239,550,40_597758449,40_9664,1774394700,1774394861,default
1774394633,1_620,40_515,515,40_15046545__KPOB-CS:223:1:Mon-Wed:1:25SEP:85075:123,40_KPOB-CS:223:1:Mon-Wed:1:25SEP:85075:123,1774395000,1774395118,default
1774394633,1_620,40_100239,550,40_597758979,40_9804,1774395300,1774395195,default
1774394633,1_620,40_510,510,40_15046380__KPOB-CS:223:1:Mon-Wed:1:25SEP:85076:123,40_KPOB-CS:223:1:Mon-Wed:1:25SEP:85076:123,1774395600,1774395373,default
1774394633,1_620,29_424,424,29_14876206__MCOB-DO:123:0:Weekday:1:25SEP:61049:12345,29_MCOB-DO:123:0:Weekday:1:25SEP:61049:12345,1774397400,1774395529,default
1774394633,1_620,40_515,515,40_15046520__KPOB-CS:223:1:Mon-Wed:1:25SEP:85079:123,40_KPOB-CS:223:1:Mon-Wed:1:25SEP:85079:123,1774396200,1774395749,default
1774394633,1_620,1_102754,256,1_778603719,1_7976703,1774395840,1774395840,default
1774394633,1_620,40_515,515,40_15046296__KPOB-CS:223:1:Mon-Wed:1:25SEP:85077:123,40_KPOB-CS:223:1:Mon-Wed:1:25SEP:85077:123,1774395600,1774395947,default
1774394633,1_620,40_515,515,40_15046097__KPOB-CS:223:1:Mon-Wed:1:25SEP:85043:123,40_KPOB-CS:223:1:Mon-Wed:1:25SEP:85043:123,1774398000,1774396505,default
1774394633,1_620,40_515,515,40_15046592__KPOB-CS:223:1:Mon-Wed:1:25SEP:85081:123,40_KPOB-CS:223:1:Mon-Wed:1:25SEP:85081:123,1774396800,1774396901,default
1774394633,1_620,40_510,510,40_15046507__KPOB-CS:223:1:Mon-Wed:1:25SEP:85057:123,40_KPOB-CS:223:1:Mon-Wed:1:25SEP:85057:123,1774397400,1774397400,default
1774394633,1_620,40_510,510,40_15046493__KPOB-CS:223:1:Mon-Wed:1:25SEP:85055:123,40_KPOB-CS:223:1:Mon-Wed:1:25SEP:85055:123,1774398300,1774397466,default
1774394633,1_620,1_102754,256,1_778603729,1_7976735,1774397700,1774397700,default
1774394633,1_620,40_515,515,40_15046449__KPOB-CS:223:1:Mon-Wed:1:25SEP:85083:123,40_KPOB-CS:223:1:Mon-Wed:1:25SEP:85083:123,1774397400,1774397771,default
1774394633,1_620,40_510,510,40_15046441__KPOB-CS:223:1:Mon-Wed:1:25SEP:85080:123,40_KPOB-CS:223:1:Mon-Wed:1:25SEP:85080:123,1774396500,1774398416,default
1774394633,1_10912,1_100162,271,1_569496289,1_7976387,1774394880,1774394880,default
1774394633,1_10912,1_100162,271,1_569497129,1_7976667,1774395540,1774395540,default
1774394633,1_10912,40_100511,542,40_608343959,40_7976608,1774395960,1774395960,default
1774394633,1_10912,1_100162,271,1_569495939,1_7976350,1774396200,1774396200,default
1774394633,1_10912,40_100451,556,40_635882839,40_7976563,1774396800,1774396800,default
1774394633,1_10912,1_100162,271,1_569496799,1_7976668,1774398180,1774398180,default
1774394633,1_71960,40_100511,542,40_721031219,40_7976604,1774394820,1774394820,default
1774394633,1_71960,40_100511,542,40_721030749,40_7976607,1774395480,1774395480,default
1774394934,1_12170,1_100039,14,1_562519879,1_4303,1774394979,1774394928,default
1774394934,1_70694,1_100344,986,1_829433469,1_6900,1774395060,1774395027,default
1774394934,1_575,1_102576,C Line,1_774680489,1_6261,1774395120,1774394865,default
1774394934,1_2850,1_100089,2,1_491928929,1_7087,1774395660,1774394463,default
1774394934,1_46505,1_102619,F Line,1_694521259,1_7975997,1774395060,1774395060,default
1774394934,1_46505,1_102619,F Line,1_694521469,1_7976017,1774395660,1774395660,default
1774394934,1_29423,1_102732,79,1_561369469,1_7975557,1774395000,1774395000,default
1774394934,1_1510,1_100210,36,1_629345169,1_4501,1774395038,1774394946,default
1774394934,3_31002,40_560,560,40_3279020,40_9212,1774395145,1774395160,default
1774394934,1_72494,1_100160,269,1_720963969,1_7976343,1774396380,1774396380,default
1774394934,1_52306,1_102619,F Line,1_656236289,1_7976225,1774394100,1774395249,default
1774394934,1_52306,1_102619,F Line,1_656237159,1_7976074,1774395300,1774395300,default
1774394934,1_52306,1_102719,161,1_664467859,1_7976092,1774395600,1774395600,default
1774394934,1_52306,1_102619,F Line,1_656237439,1_7976004,1774395900,1774395900,default
1774394934,1_52306,1_102719,161,1_664468349,1_7976218,1774396740,1774396740,default
1774394934,1_57804,1_100072,181,1_721481539,1_7197,1774394413,1774395070,default
1774394934,1_59282,1_102717,165,1_664465489,1_7113,1774396140,1774394566,default
1774394934,1_9080,1_100263,7,1_770869059,1_4550,1774395151,1774394957,default
1774394934,1_59810,1_100042,148,1_762077719,1_3733,1774395182,1774394996,default
1774394934,1_620,40_100239,550,40_597758979,40_9804,1774395300,1774395002,default
1774394934,1_620,40_510,510,40_15046380__KPOB-CS:223:1:Mon-Wed:1:25SEP:85076:123,40_KPOB-CS:223:1:Mon-Wed:1:25SEP:85076:123,1774395600,1774395622,default
1774394934,1_620,1_102754,256,1_778603719,1_7976703,1774395840,1774395840,default
1774394934,1_620,29_424,424,29_14876206__MCOB-DO:123:0:Weekday:1:25SEP:61049:12345,29_MCOB-DO:123:0:Weekday:1:25SEP:61049:12345,1774397400,1774395868,default
1774394934,1_620,40_515,515,40_15046520__KPOB-CS:223:1:Mon-Wed:1:25SEP:85079:123,40_KPOB-CS:223:1:Mon-Wed:1:25SEP:85079:123,1774396200,1774396013,default
1774394934,1_620,40_515,515,40_15046296__KPOB-CS:223:1:Mon-Wed:1:25SEP:85077:123,40_KPOB-CS:223:1:Mon-Wed:1:25SEP:85077:123,1774395600,1774396078,default
1774394934,1_620,40_515,515,40_15046592__KPOB-CS:223:1:Mon-Wed:1:25SEP:85081:123,40_KPOB-CS:223:1:Mon-Wed:1:25SEP:85081:123,1774396800,1774396651,default
1774394934,1_620,40_515,515,40_15046097__KPOB-CS:223:1:Mon-Wed:1:25SEP:85043:123,40_KPOB-CS:223:1:Mon-Wed:1:25SEP:85043:123,1774398000,1774396716,default
1774394934,1_620,40_510,510,40_15046507__KPOB-CS:223:1:Mon-Wed:1:25SEP:85057:123,40_KPOB-CS:223:1:Mon-Wed:1:25SEP:85057:123,1774397400,1774397400,default
1774394934,1_620,40_515,515,40_15046449__KPOB-CS:223:1:Mon-Wed:1:25SEP:85083:123,40_KPOB-CS:223:1:Mon-Wed:1:25SEP:85083:123,1774397400,1774397504,default
1774394934,1_620,40_510,510,40_15046493__KPOB-CS:223:1:Mon-Wed:1:25SEP:85055:123,40_KPOB-CS:223:1:Mon-Wed:1:25SEP:85055:123,1774398300,1774397652,default
1774394934,1_620,1_102754,256,1_778603729,1_7976735,1774397700,1774397700,default
1774394934,1_620,40_510,510,40_15046441__KPOB-CS:223:1:Mon-Wed:1:25SEP:85080:123,40_KPOB-CS:223:1:Mon-Wed:1:25SEP:85080:123,1774396500,1774398599,default
1774394934,1_10912,1_100264,70,1_724577589,1_7975070,1774395127,1774395127,default
1774394934,1_10912,1_100162,271,1_569497129,1_7976667,1774395540,1774395540,default
1774394934,1_10912,40_100511,542,40_608343959,40_7976608,1774395960,1774395960,default
1774394934,1_10912,1_100162,271,1_569495939,1_7976350,1774396200,1774396200,default
1774394934,1_10912,40_100451,556,40_635882839,40_7976563,1774396800,1774396800,default
1774394934,1_10912,1_100162,271,1_569496799,1_7976668,1774398180,1774398180,default
1774394934,1_71960,40_100511,542,40_721030749,40_7976607,1774395480,1774395480,default
1774395234,1_46791,1_100016,118,1_669631449,1_3737,1774395300,1774395300,default
1774395234,1_320,40_100239,550,40_597759749,40_9578,1774395060,1774395280,default
1774395234,1_320,40_590,590,40_2427020,40_41513,1774395420,1774395420,default
1774395234,1_575,1_100028,13,1_605110559,1_7092,1774395060,1774395284,default
1774395234,1_2850,1_100089,2,1_491928929,1_7087,1774395660,1774394463,default
1774395234,1_2850,1_100089,2,1_772359029,1_7155,1774395300,1774395204,default
1774395234,1_46505,1_102619,F Line,1_694521969,1_6054,1774396260,1774395135,default
1774395234,1_46505,1_102619,F Line,1_694521469,1_7976017,1774395660,1774395660,default
1774395234,1_46505,1_102619,F Line,1_694521969,1_7976016,1774396260,1774396260,default
1774395234,1_58110,1_100045,150,1_762102879,1_8159,1774395421,1774395186,default
1774395234,1_72494,1_100160,269,1_720963969,1_7976343,1774396380,1774396380,default
1774395234,1_52306,1_102619,F Line,1_656236289,1_7976225,1774394100,1774395549,default
1774395234,1_52306,1_102719,161,1_664467859,1_7976092,1774395600,1774395600,default
1774395234,1_52306,1_102619,F Line,1_656237439,1_7976004,1774395900,1774395900,default
1774395234,1_52306,1_102719,161,1_664468349,1_7976218,1774396740,1774396740,default
1774395234,1_58112,1_100045,150,1_762102879,1_8159,1774395550,1774395327,default
1774395234,1_59282,1_102717,165,1_664465489,1_7113,1774396140,1774394566,default
1774395234,1_10210,1_100264,70,1_724577639,1_8225,1774394673,1774395392,default
1774395234,1_620,40_100236,545,40_563502939,40_9674,1774395360,1774395413,default
1774395234,1_620,1_102754,256,1_778603719,1_7976703,1774395840,1774395840,default
1774395234,1_620,40_510,510,40_15046380__KPOB-CS:223:1:Mon-Wed:1:25SEP:85076:123,40_KPOB-CS:223:1:Mon-Wed:1:25SEP:85076:123,1774395600,1774395862,default
1774395234,1_620,29_424,424,29_14876206__MCOB-DO:123:0:Weekday:1:25SEP:61049:12345,29_MCOB-DO:123:0:Weekday:1:25SEP:61049:12345,1774397400,1774396131,default
1774395234,1_620,40_515,515,40_15046296__KPOB-CS:223:1:Mon-Wed:1:25SEP:85077:123,40_KPOB-CS:223:1:Mon-Wed:1:25SEP:85077:123,1774395600,1774396289,default
1774395234,1_620,40_515,515,40_15046520__KPOB-CS:223:1:Mon-Wed:1:25SEP:85079:123,40_KPOB-CS:223:1:Mon-Wed:1:25SEP:85079:123,1774396200,1774396291,default
1774395234,1_620,40_515,515,40_15046592__KPOB-CS:223:1:Mon-Wed:1:25SEP:85081:123,40_KPOB-CS:223:1:Mon-Wed:1:25SEP:85081:123,1774396800,1774396745,default
1774395234,1_620,40_515,515,40_15046097__KPOB-CS:223:1:Mon-Wed:1:25SEP:85043:123,40_KPOB-CS:223:1:Mon-Wed:1:25SEP:85043:123,1774398000,1774396928,default
1774395234,1_620,40_515,515,40_15046449__KPOB-CS:223:1:Mon-Wed:1:25SEP:85083:123,40_KPOB-CS:223:1:Mon-Wed:1:25SEP:85083:123,1774397400,1774397340,default
1774395234,1_620,40_510,510,40_15046507__KPOB-CS:223:1:Mon-Wed:1:25SEP:85057:123,40_KPOB-CS:223:1:Mon-Wed:1:25SEP:85057:123,1774397400,1774397400,default
1774395234,1_620,40_510,510,40_15046493__KPOB-CS:223:1:Mon-Wed:1:25SEP:85055:123,40_KPOB-CS:223:1:Mon-Wed:1:25SEP:85055:123,1774398300,1774397505,default
1774395234,1_620,1_102754,256,1_778603729,1_7976735,1774397700,1774397700,default
1774395234,1_620,40_510,510,40_15046441__KPOB-CS:223:1:Mon-Wed:1:25SEP:85080:123,40_KPOB-CS:223:1:Mon-Wed:1:25SEP:85080:123,1774396500,1774398660,default
1774395234,1_10912,1_100224,44,1_664046919,1_4535,1774395469,1774395384,default
1774395234,1_10912,1_100162,271,1_569497129,1_7479,1774395540,1774395540,default
1774395234,1_10912,1_100162,271,1_569497129,1_7976667,1774395540,1774395540,default
1774395234,1_10912,40_100511,542,40_608343959,40_7976608,1774395960,1774395960,default
1774395234,1_10912,1_100162,271,1_569495939,1_7976350,1774396200,1774396200,default
1774395234,1_10912,1_100162,271,1_569497239,1_7976676,1774396740,1774396740,default
1774395234,1_10912,40_100451,556,40_635882839,40_7976563,1774396800,1774396800,default
1774395234,1_10912,1_100162,271,1_569496799,1_7976668,1774398180,1774398180,default
1774395234,1_71960,40_100511,542,40_721030749,40_7976607,1774395480,1774395480,default
1774395234,1_8403,1_100039,14,1_562519909,1_4404,1774395300,1774395262,default
1774395534,1_481,1_100024,125,1_770790149,1_7160,1774395420,1774395551,default
1774395534,1_575,1_102615,E Line,1_768604389,1_6206,1774395600,1774395518,default
1774395534,1_575,1_100210,36,1_629345169,1_4501,1774395600,1774395546,default
1774395534,1_2850,1_100089,2,1_491928929,1_7087,1774395660,1774394463,default
1774395534,1_2850,1_100089,2,1_491928939,1_7975112,1774396140,1774396140,default
1774395534,1_2850,1_100089,2,1_491928949,1_7975119,1774396860,1774396860,default
1774395534,1_46505,1_102619,F Line,1_694521969,1_6054,1774396260,1774395135,default
1774395534,1_46505,1_102619,F Line,1_694521469,1_7976017,1774395660,1774395660,default
1774395534,1_1190,40_100239,550,40_597758979,40_9804,1774395760,1774395520,default
1774395534,1_72560,1_102704,250,1_720962449,1_7368,1774395325,1774395596,default
1774395534,1_60477,1_102715,162,1_721494659,1_7177,1774396129,1774395621,default
1774395534,1_72494,1_100160,269,1_720963969,1_7976343,1774396380,1774396380,default
1774395534,1_52306,40_560,560,40_3279020,40_9212,1774395840,1774395779,default
1774395534,1_52306,1_102619,F Line,1_656236289,1_7976225,1774394100,1774395820,default
1774395534,1_52306,1_102619,F Line,1_656237439,1_7976004,1774395900,1774395900,default
1774395534,1_52306,1_102619,F Line,1_656236439,1_7976083,1774396500,1774396500,default
1774395534,1_52306,1_102719,161,1_664468349,1_7976218,1774396740,1774396740,default
1774395534,1_41940,1_100249,60,1_581481559,1_7152,1774396057,1774395628,default
1774395534,1_49350,1_100026,128,1_651743019,1_7440,1774395157,1774395655,default
1774395534,1_57804,1_100072,181,1_721481869,1_7404,1774396153,1774396107,default
1774395534,1_59282,1_102717,165,1_664465489,1_7113,1774396140,1774394566,default
1774395534,1_10210,1_100264,70,1_724577349,1_8242,1774395573,1774395701,default
1774395534,1_620,1_100104,212,1_694279219,1_6866,1774395780,1774395834,default
1774395534,1_620,1_102754,256,1_778603719,1_7976703,1774395840,1774395840,default
1774395534,1_620,40_510,510,40_15046380__KPOB-CS:223:1:Mon-Wed:1:25SEP:85076:123,40_KPOB-CS:223:1:Mon-Wed:1:25SEP:85076:123,1774395600,1774395976,default
1774395534,1_620,40_100239,550,40_597759279,40_9671,1774395900,1774396274,default
1774395534,1_620,29_424,424,29_14876206__MCOB-DO:123:0:Weekday:1:25SEP:61049:12345,29_MCOB-DO:123:0:Weekday:1:25SEP:61049:12345,1774397400,1774396431,default
1774395534,1_620,40_515,515,40_15046520__KPOB-CS:223:1:Mon-Wed:1:25SEP:85079:123,40_KPOB-CS:223:1:Mon-Wed:1:25SEP:85079:123,1774396200,1774396457,default
1774395534,1_620,40_515,515,40_15046296__KPOB-CS:223:1:Mon-Wed:1:25SEP:85077:123,40_KPOB-CS:223:1:Mon-Wed:1:25SEP:85077:123,1774395600,1774396486,default
1774395534,1_620,40_515,515,40_15046097__KPOB-CS:223:1:Mon-Wed:1:25SEP:85043:123,40_KPOB-CS:223:1:Mon-Wed:1:25SEP:85043:123,1774398000,1774396933,default
1774395534,1_620,40_515,515,40_15046592__KPOB-CS:223:1:Mon-Wed:1:25SEP:85081:123,40_KPOB-CS:223:1:Mon-Wed:1:25SEP:85081:123,1774396800,1774397021,default
1774395534,1_620,40_515,515,40_15046449__KPOB-CS:223:1:Mon-Wed:1:25SEP:85083:123,40_KPOB-CS:223:1:Mon-Wed:1:25SEP:85083:123,1774397400,1774397037,default
1774395534,1_620,40_510,510,40_15046507__KPOB-CS:223:1:Mon-Wed:1:25SEP:85057:123,40_KPOB-CS:223:1:Mon-Wed:1:25SEP:85057:123,1774397400,1774397400,default
1774395534,1_620,40_510,510,40_15046493__KPOB-CS:223:1:Mon-Wed:1:25SEP:85055:123,40_KPOB-CS:223:1:Mon-Wed:1:25SEP:85055:123,1774398300,1774397609,default
1774395534,1_620,1_102754,256,1_778603729,1_7976735,1774397700,1774397700,default
1774395534,1_620,40_510,510,40_15046441__KPOB-CS:223:1:Mon-Wed:1:25SEP:85080:123,40_KPOB-CS:223:1:Mon-Wed:1:25SEP:85080:123,1774396500,1774398435,default
1774395534,1_10912,1_100264,70,1_724578039,1_7975074,1774395727,1774395727,default
1774395534,1_10912,40_100511,542,40_608343959,40_7976608,1774395960,1774395960,default
1774395534,1_10912,1_100162,271,1_569495939,1_7976350,1774396200,1774396200,default
1774395534,1_10912,1_100162,271,1_569497239,1_7976676,1774396740,1774396740,default
1774395534,1_10912,40_100451,556,40_635882839,40_7976563,1774396800,1774396800,default
1774395534,1_10912,1_100162,271,1_569496799,1_7976668,1774398180,1774398180,default
1774395534,1_10912,40_100451,556,40_635883209,40_7976710,1774398600,1774398600,default
1774395834,1_12170,1_100039,14,1_562519909,1_4404,1774395879,1774395879,default
1774395834,1_60161,1_100042,148,1_762077779,1_7976051,1774395780,1774396528,default
1774395834,1_970,40_590,590,40_2141020,block_15103_schedBasedVehicle,1774396907,1774395881,default
1774395834,1_77752,1_102746,333,1_778704209,1_7201,1774395873,1774395745,default
1774395834,1_320,40_100239,550,40_597759589,40_9688,1774395660,1774395909,default
1774395834,1_320,40_590,590,40_990020,40_61407,1774396020,1774396020,default
1774395834,1_575,1_100089,2,1_491928909,1_7094,1774395840,1774395890,default
1774395834,1_2850,1_100089,2,1_491928939,1_7975112,1774396140,1774396140,default
1774395834,1_2850,1_100089,2,1_491928949,1_7975119,1774396860,1774396860,default
1774395834,1_46505,1_102619,F Line,1_694521969,1_6054,1774396260,1774395135,default
1774395834,1_46505,1_102619,F Line,1_694521709,1_7976229,1774396860,1774396860,default
1774395834,1_280,40_592,592,40_190020,40_9739,1774395878,1774395878,default
1774395834,1_280,1_100104,212,1_694279249,1_7976573,1774395741,1774395880,default
1774395834,1_72494,1_100160,269,1_720963969,1_7976343,1774396380,1774396380,default
1774395834,1_52306,1_102619,F Line,1_656236289,1_7976225,1774394100,1774396120,default
1774395834,1_52306,1_102619,F Line,1_656236439,1_7976083,1774396500,1774396500,default
1774395834,1_52306,1_102719,161,1_664468349,1_7976218,1774396740,1774396740,default
1774395834,1_52306,1_102719,161,1_693753589,1_7976230,1774397700,1774397700,default
1774395834,1_99254,40_594,594,40_1594020,40_9301,1774396173,1774395965,default
1774395834,1_57804,1_100072,181,1_721481869,1_7404,1774396153,1774396087,default
1774395834,1_59282,1_102717,165,1_664465489,1_7113,1774396140,1774394566,default
1774395834,1_59282,1_102717,165,1_664465499,1_7976231,1774397580,1774397580,default
1774395834,1_14280,1_102581,D Line,1_628189999,1_6109,1774396102,1774395943,default
1774395834,1_620,40_100236,545,40_563502999,40_9682,1774395960,1774396019,default
1774395834,1_620,40_100240,554,40_774872179,40_9812,1774396080,1774396063,default
1774395834,1_620,40_100239,550,40_597759279,40_9671,1774395900,1774396133,default
1774395834,1_620,40_515,515,40_15046296__KPOB-CS:223:1:Mon-Wed:1:25SEP:85077:123,40_KPOB-CS:223:1:Mon-Wed:1:25SEP:85077:123,1774395600,1774396486,default
1774395834,1_620,40_515,515,40_15046520__KPOB-CS:223:1:Mon-Wed:1:25SEP:85079:123,40_KPOB-CS:223:1:Mon-Wed:1:25SEP:85079:123,1774396200,1774396486,default
1774395834,1_620,29_424,424,29_14876206__MCOB-DO:123:0:Weekday:1:25SEP:61049:12345,29_MCOB-DO:123:0:Weekday:1:25SEP:61049:12345,1774397400,1774396717,default
1774395834,1_620,40_515,515,40_15046097__KPOB-CS:223:1:Mon-Wed:1:25SEP:85043:123,40_KPOB-CS:223:1:Mon-Wed:1:25SEP:85043:123,1774398000,1774396807,default
1774395834,1_620,40_515,515,40_15046449__KPOB-CS:223:1:Mon-Wed:1:25SEP:85083:123,40_KPOB-CS:223:1:Mon-Wed:1:25SEP:85083:123,1774397400,1774397043,default
1774395834,1_620,40_515,515,40_15046592__KPOB-CS:223:1:Mon-Wed:1:25SEP:85081:123,40_KPOB-CS:223:1:Mon-Wed:1:25SEP:85081:123,1774396800,1774397122,default
1774395834,1_620,1_102754,256,1_778603729,1_7976735,1774397700,1774397700,default
1774395834,1_620,40_510,510,40_15046441__KPOB-CS:223:1:Mon-Wed:1:25SEP:85080:123,40_19816,1774396500,1774398216,default
1774395834,1_620,40_510,510,40_15046441__KPOB-CS:223:1:Mon-Wed:1:25SEP:85080:123,40_KPOB-CS:223:1:Mon-Wed:1:25SEP:85080:123,1774396500,1774398216,default
1774395834,1_10912,1_100264,70,1_724578039,1_7975074,1774395727,1774395999,default
1774395834,1_10912,1_100162,271,1_569495939,1_7976350,1774396200,1774396200,default
1774395834,1_10912,1_100162,271,1_569497239,1_7976676,1774396740,1774396740,default
1774395834,1_10912,40_100451,556,40_635882839,40_7976563,1774396800,1774396800,default
1774395834,1_10912,40_100511,542,40_581722909,40_7976606,1774397160,1774397160,default
1774395834,1_10912,1_100162,271,1_569496929,1_7976670,1774397520,1774397520,default
1774395834,1_10912,1_100162,271,1_569496799,1_7976668,1774398180,1774398180,default
1774395834,1_10912,40_100451,556,40_635883209,40_7976710,1774398600,1774398600,default
1774395834,1_71960,40_100511,542,40_721031419,40_7976685,1774396800,1774396800,default
1774396134,1_60161,1_100042,148,1_762077779,1_7976051,1774395780,1774396485,default
1774396134,1_970,40_578,578,40_419020,40_9723,1774396262,1774396132,default
1774396134,1_320,40_590,590,40_2141020,block_15103_schedBasedVehicle,1774397220,1774396194,default
1774396134,1_2850,1_100089,2,1_491928949,1_7975119,1774396860,1774396860,default
1774396134,1_46505,1_102619,F Line,1_694521969,1_6054,1774396260,1774395135,default
1774396134,1_46505,1_102619,F Line,1_694521709,1_7976229,1774396860,1774396860,default
1774396134,1_72494,1_100160,269,1_720963969,1_7976343,1774396380,1774396380,default
1774396134,1_52306,1_102619,F Line,1_656236439,1_7976083,1774396500,1774396500,default
1774396134,1_52306,1_102719,161,1_664468349,1_7976218,1774396740,1774396740,default
1774396134,1_52306,1_102619,F Line,1_656236699,1_7976226,1774397100,1774397100,default
1774396134,1_52306,1_102719,161,1_693753589,1_7976230,1774397700,1774397700,default
1774396134,1_49350,1_100026,128,1_651742929,1_7196,1774396357,1774396266,default
1774396134,1_32165,1_100023,124,1_690552339,1_8030,1774396260,1774396143,default
1774396134,1_59282,1_102717,165,1_664465499,1_7110,1774397580,1774396026,default
1774396134,1_59282,1_100072,181,1_721481549,1_7976037,1774396800,1774396800,default
1774396134,1_59282,1_102717,165,1_664465499,1_7976231,1774397580,1774397580,default
1774396134,1_31890,1_100230,50,1_770997239,1_3729,1774396421,1774396260,default
1774396134,1_50787,1_100074,183,1_721501299,1_7179,1774396440,1774396284,default
1774396134,1_25791,1_100214,372,1_694306779,1_6876,1774396221,1774396357,default
1774396134,1_620,40_515,515,40_15046097__KPOB-CS:223:1:Mon-Wed:1:25SEP:85043:123,40_91726,1774398000,1774396011,default
1774396134,1_620,40_594,594,40_1594020,40_9301,1774396560,1774396299,default
1774396134,1_620,40_510,510,40_15046441__KPOB-CS:223:1:Mon-Wed:1:25SEP:85080:123,40_19816,1774396500,1774396500,default
1774396134,1_620,40_515,515,40_15046296__KPOB-CS:223:1:Mon-Wed:1:25SEP:85077:123,40_KPOB-CS:223:1:Mon-Wed:1:25SEP:85077:123,1774395600,1774396544,default
1774396134,1_620,40_515,515,40_15046520__KPOB-CS:223:1:Mon-Wed:1:25SEP:85079:123,40_KPOB-CS:223:1:Mon-Wed:1:25SEP:85079:123,1774396200,1774396644,default
1774396134,1_620,40_100239,550,40_597759269,40_9647,1774396500,1774396849,default
1774396134,1_620,40_515,515,40_15046097__KPOB-CS:223:1:Mon-Wed:1:25SEP:85043:123,40_KPOB-CS:223:1:Mon-Wed:1:25SEP:85043:123,1774398000,1774396882,default
1774396134,1_620,29_424,424,29_14876206__MCOB-DO:123:0:Weekday:1:25SEP:61049:12345,29_MCOB-DO:123:0:Weekday:1:25SEP:61049:12345,1774397400,1774397028,default
1774396134,1_620,40_515,515,40_15046592__KPOB-CS:223:1:Mon-Wed:1:25SEP:85081:123,40_KPOB-CS:223:1:Mon-Wed:1:25SEP:85081:123,1774396800,1774397135,default
1774396134,1_620,40_515,515,40_15046449__KPOB-CS:223:1:Mon-Wed:1:25SEP:85083:123,40_KPOB-CS:223:1:Mon-Wed:1:25SEP:85083:123,1774397400,1774397219,default
1774396134,1_620,1_102754,256,1_778603729,1_7976735,1774397700,1774397700,default
1774396134,1_620,1_102754,256,1_778603739,1_7976728,1774399500,1774399500,default
1774396134,1_10912,1_100162,271,1_569497239,1_7976676,1774396740,1774396740,default
1774396134,1_10912,40_100451,556,40_635882839,40_7976563,1774396800,1774396800,default
1774396134,1_10912,40_100511,542,40_581722909,40_7976606,1774397160,1774397160,default
1774396134,1_10912,1_100162,271,1_569496929,1_7976670,1774397520,1774397520,default
1774396134,1_10912,1_100162,271,1_569496799,1_7976668,1774398180,1774398180,default
1774396134,1_10912,40_100451,556,40_635883209,40_7976710,1774398600,1774398600,default
1774396134,1_71960,40_100511,542,40_721031419,40_7976685,1774396800,1774396800,default
1774396134,1_8403,1_100039,14,1_562519949,1_4339,1774396200,1774396269,default
1774396434,1_481,1_102736,H Line,1_694056219,1_6975,1774396440,1774396397,default
1774396434,1_970,40_592,592,40_923020,block_15105_schedBasedVehicle,1774397610,1774396482,default
1774396434,1_575,1_102576,C Line,1_774681069,1_6269,1774396320,1774396470,default
1774396434,1_2850,1_100089,2,1_491928949,1_7975119,1774396860,1774396860,default
1774396434,1_46505,1_102619,F Line,1_694521709,1_7976229,1774396860,1774396860,default
1774396434,1_46505,1_102619,F Line,1_694522129,1_7976085,1774397460,1774397460,default
1774396434,1_58342,1_100072,181,1_721481709,1_7328,1774396500,1774396428,default
1774396434,1_52306,1_102719,161,1_664468349,1_7976218,1774396740,1774396740,default
1774396434,1_52306,1_102619,F Line,1_656236699,1_7976226,1774397100,1774397100,default
1774396434,1_52306,1_102719,161,1_693753589,1_7976230,1774397700,1774397700,default
1774396434,1_58112,1_100045,150,1_771008689,1_8171,1774396450,1774396541,default
1774396434,1_59282,1_102717,165,1_664465499,1_7110,1774397580,1774396026,default
1774396434,1_59282,1_100072,181,1_721481549,1_7197,1774396800,1774396387,default
1774396434,1_59282,1_100072,181,1_721481549,1_7976037,1774396800,1774396800,default
1774396434,1_23905,1_100214,372,1_694306659,1_6967,1774396492,1774396611,default
1774396434,1_25791,1_100214,372,1_694307129,1_6923,1774396881,1774396550,default
1774396434,1_620,40_515,515,40_15046097__KPOB-CS:223:1:Mon-Wed:1:25SEP:85043:123,40_91726,1774398000,1774396011,default
1774396434,1_620,40_100236,545,40_563503519,40_7976553,1774396560,1774396708,default
1774396434,1_620,40_100239,550,40_597759269,40_9647,1774396500,1774396743,default
1774396434,1_620,40_515,515,40_15046520__KPOB-CS:223:1:Mon-Wed:1:25SEP:85079:123,40_KPOB-CS:223:1:Mon-Wed:1:25SEP:85079:123,1774396200,1774396877,default
1774396434,1_620,40_515,515,40_15046592__KPOB-CS:223:1:Mon-Wed:1:25SEP:85081:123,40_KPOB-CS:223:1:Mon-Wed:1:25SEP:85081:123,1774396800,1774397300,default
1774396434,1_620,29_424,424,29_14876206__MCOB-DO:123:0:Weekday:1:25SEP:61049:12345,29_MCOB-DO:123:0:Weekday:1:25SEP:61049:12345,1774397400,1774397328,default
1774396434,1_620,40_515,515,40_15046449__KPOB-CS:223:1:Mon-Wed:1:25SEP:85083:123,40_KPOB-CS:223:1:Mon-Wed:1:25SEP:85083:123,1774397400,1774397356,default
1774396434,1_620,1_102754,256,1_778603729,1_7976735,1774397700,1774397700,default
1774396434,1_620,1_102754,256,1_778603739,1_7976728,1774399500,1774399500,default
1774396434,1_10912,1_100224,44,1_664047739,1_4503,1774396669,1774396587,default
1774396434,1_10912,1_100264,70,1_772365199,1_7975100,1774396447,1774396604,default
1774396434,1_10912,40_586,586,40_1592020,block_15104_schedBasedVehicle,1774397374,1774396653,default
1774396434,1_10912,1_100162,271,1_569497239,1_7976676,1774396740,1774396740,default
1774396434,1_10912,40_100451,556,40_635882839,40_7976563,1774396800,1774396800,default
1774396434,1_10912,40_100511,542,40_581722909,40_7976606,1774397160,1774397160,default
1774396434,1_10912,1_100162,271,1_569496929,1_7976670,1774397520,1774397520,default
1774396434,1_10912,1_100162,271,1_569496799,1_7976668,1774398180,1774398180,default
1774396434,1_10912,40_100451,556,40_635883209,40_7976710,1774398600,1774398600,default
1774396434,1_71960,40_100511,542,40_721031419,40_7976685,1774396800,1774396800,default
1774396434,1_18220,1_100219,4,1_675344779,1_4351,1774396620,1774396427,default
