snapshot_ts,stop_id,route_id,route_short_name,trip_id,vehicle_id,scheduled_arrival_ts,predicted_arrival_ts,status
1774828882,1_26560,1_102574,40,1_811081730,1_7067,1774828883,1774829016,default
1774828882,1_2850,1_100089,2,1_540520090,1_7136,1774829460,1774828416,default
1774828882,1_46505,1_102619,F Line,1_635485050,1_6008,1774829640,1774828728,default
1774828882,1_46505,1_102619,F Line,1_635485050,1_8003979,1774829640,1774829640,default
1774828882,1_52306,1_102619,F Line,1_635484290,1_8003969,1774829100,1774829100,default
1774828882,1_21080,1_100026,128,1_800732090,1_7322,1774829160,1774828980,default
1774828882,1_59282,1_100072,181,1_721611660,1_7176,1774829280,1774828932,default
1774828882,1_59282,1_100072,181,1_721611660,1_8003996,1774829280,1774829280,default
1774828882,1_82810,1_100133,240,1_761773280,1_7379,1774829347,1774828977,default
1774828882,1_2260,1_100275,8,1_800817670,1_8001,1774828589,1774829072,default
1774828882,1_620,40_100240,554,40_774846500,40_9678,1774828980,1774829184,default
1774828882,1_10912,1_100162,271,1_581655940,1_8004486,1774830000,1774830000,default
1774828882,1_10912,40_100511,542,40_569541180,40_8004679,1774830720,1774830720,default
1774828882,1_10640,1_100252,62,1_800818720,1_8018,1774829160,1774827878,default
1774828882,1_10640,1_100252,62,1_800818730,1_8025170,1774830060,1774830060,default
1774829182,1_77930,1_102746,333,1_778673920,1_7232,1774829237,1774829168,default
1774829182,1_2850,1_100089,2,1_540520090,1_7136,1774829460,1774828416,default
1774829182,1_46505,1_102619,F Line,1_635485050,1_6008,1774829640,1774828728,default
1774829182,1_1190,40_100239,550,40_630434080,40_8004721,1774829269,-1,default
1774829182,1_58112,1_100045,150,1_800720610,1_6995,1774829328,1774829278,default
1774829182,1_65092,1_100162,271,1_720948670,1_7367,1774830480,1774830480,default
1774829182,1_65092,1_100162,271,1_720948670,1_8004476,1774830480,1774830480,default
1774829182,1_54201,1_102619,F Line,1_635486070,1_6279,1774829019,1774829304,default
1774829182,1_57804,1_100072,181,1_721611720,1_7171,1774828882,1774829742,default
1774829182,1_59282,1_102717,165,1_800721260,1_7438,1774831560,1774829026,default
1774829182,1_59282,1_102717,165,1_800721260,1_8024030,1774831560,1774831560,default
1774829182,1_10912,1_100162,271,1_581655940,1_8004486,1774830000,1774830000,default
1774829182,1_10912,40_100511,542,40_569541180,40_8004679,1774830720,1774830720,default
1774829182,1_71960,40_100511,542,40_597736860,40_8004690,1774829760,1774829760,default
1774829182,1_10640,1_100252,62,1_800818730,1_8042,1774830060,1774829161,default
1774829182,1_10640,1_100252,62,1_800818730,1_8025170,1774830060,1774830060,default
1774829182,1_10640,1_100252,62,1_800818760,1_8025175,1774832760,1774832760,default
1774829482,1_46505,1_102619,F Line,1_635485050,1_6008,1774829640,1774828728,default
1774829482,1_2320,1_100001,1,1_800557690,1_7007,1774829795,1774829541,default
1774829482,1_79610,1_100006,107,1_714178090,1_3755,1774829596,1774829487,default
1774829482,1_52306,1_102619,F Line,1_635485300,1_8003972,1774830000,1774830234,default
1774829482,1_21945,1_102717,165,1_800721250,1_7103,1774829640,1774829665,default
1774829482,1_65092,1_100162,271,1_720948670,1_7367,1774830480,1774829211,default
1774829482,1_2200,1_100275,8,1_800833780,1_8026,1774830753,1774829560,default
1774829482,1_57804,1_100072,181,1_721611720,1_7171,1774828882,1774829633,default
1774829482,1_59282,1_102717,165,1_800721260,1_7438,1774831560,1774829026,default
1774829482,1_57791,1_102718,184,1_635477980,1_7174,1774829663,1774829735,default
1774829482,1_620,40_100239,550,40_561778000,40_9647,1774829760,1774829812,default
1774829482,1_10912,1_100162,271,1_581655940,1_8004486,1774830000,1774830000,default
1774829482,1_10912,40_100511,542,40_569541180,40_8004679,1774830720,1774830720,default
1774829482,1_71960,40_100511,542,40_597736860,40_8004690,1774829760,1774829760,default
1774829482,1_10640,1_100252,62,1_800818730,1_8042,1774830060,1774829161,default
1774829482,1_10640,1_100252,62,1_800818760,1_8025175,1774832760,1774832760,default
1774829783,1_575,1_100219,4,1_761094630,1_7158,1774829820,1774829722,default
1774829783,1_46505,1_102619,F Line,1_635485600,1_8003973,1774830540,1774830540,default
1774829783,1_52306,1_102619,F Line,1_635485300,1_8003972,1774830000,1774830095,default
1774829783,1_80121,1_102719,161,1_800724340,1_7129,1774829746,1774829959,default
1774829783,1_31990,1_100230,50,1_785614980,1_3702,1774829953,1774829846,default
1774829783,1_8530,1_100263,7,1_650212350,1_8234,1774829953,1774829816,default
1774829783,1_8530,1_100005,106,1_762173800,1_7404,1774830017,1774829899,default
1774829783,1_65092,1_100162,271,1_720948670,1_7367,1774830480,1774829211,default
1774829783,1_59282,1_102717,165,1_800721260,1_7438,1774831560,1774829026,default
1774829783,1_60710,1_100512,A Line,1_800718080,1_6288,1774829926,1774829949,default
1774829783,1_10912,1_100447,49,1_800921380,1_8023329,1774829970,1774829970,default
1774829783,1_10912,1_100162,271,1_581655940,1_8004486,1774830000,1774830000,default
1774829783,1_10912,40_100511,542,40_569541180,40_8004679,1774830720,1774830720,default
1774829783,1_10912,1_100162,271,1_581656210,1_8004478,1774831800,1774831800,default
1774829783,1_10912,40_100511,542,40_569541780,40_8004689,1774832580,1774832580,default
1774829783,1_10640,1_100252,62,1_800818730,1_8042,1774830060,1774829161,default
1774829783,1_10640,1_100252,62,1_800818740,1_8037,1774830960,1774830960,default
1774829783,1_10640,1_100252,62,1_800818740,1_8025103,1774830960,1774830960,default
1774829783,1_10640,1_100252,62,1_800818760,1_8025175,1774832760,1774832760,default
1774830083,1_103,1_102745,G Line,1_736364290,1_6412,1774829986,1774830132,default
1774830083,1_481,1_100024,125,1_690042300,1_7043,1774830120,1774830077,default
1774830083,1_481,1_102576,C Line,1_800829090,1_6267,1774830120,1774830090,default
1774830083,1_77930,1_102746,333,1_778673930,1_7258,1774830137,1774830110,default
1774830083,1_60120,1_100042,148,1_771067570,1_7443,1774830171,1774830058,default
1774830083,1_17651,1_102747,61,1_803326240,1_3742,1774830073,1774830122,default
1774830083,1_81205,1_100072,181,1_721611720,1_7171,1774829360,1774830134,default
1774830083,1_2850,1_100089,2,1_813837170,1_8023318,1774830420,1774830420,default
1774830083,1_46505,1_102619,F Line,1_635485600,1_8003973,1774830540,1774830540,default
1774830083,1_280,40_100240,554,40_561776550,40_8004724,1774830173,1774830173,default
1774830083,1_1510,1_100005,106,1_762173800,1_7404,1774830213,1774830095,default
1774830083,1_52306,1_102619,F Line,1_694489570,1_8003971,1774830900,1774830900,default
1774830083,1_99254,1_100045,150,1_694483730,1_6956,1774830220,1774830128,default
1774830083,1_65092,1_100162,271,1_720948670,1_7367,1774830480,1774829211,default
1774830083,1_41940,1_100249,60,1_694000720,1_7054,1774830207,1774830158,default
1774830083,1_54201,1_102619,F Line,1_635484290,1_6284,1774829919,1774830238,default
1774830083,1_59282,1_102717,165,1_800721260,1_7438,1774831560,1774829026,default
1774830083,1_620,40_100239,550,40_630434070,40_9812,1774830660,1774830716,default
1774830083,1_10912,1_100447,49,1_800921380,1_8023329,1774829970,1774830265,default
1774830083,1_10912,40_100511,542,40_569541180,40_8004679,1774830720,1774830720,default
1774830083,1_10912,1_100162,271,1_581656210,1_8004478,1774831800,1774831800,default
1774830083,1_10912,40_100511,542,40_569541780,40_8004689,1774832580,1774832580,default
1774830083,1_10640,1_100252,62,1_800818740,1_8037,1774830960,1774829895,default
1774830083,1_10640,1_100252,62,1_800818760,1_8025175,1774832760,1774832760,default
1774830083,1_10640,1_100252,62,1_800818770,1_8025102,1774833660,1774833660,default
1774830383,1_46791,1_100016,118,1_635476330,1_3754,1774830420,1774830493,default
1774830383,1_2850,1_100089,2,1_540520230,1_7080,1774831260,1774830098,default
1774830383,1_2850,1_100089,2,1_813837170,1_8023318,1774830420,1774830420,default
1774830383,1_46505,1_102619,F Line,1_635485600,1_8003973,1774830540,1774830540,default
1774830383,1_280,40_100240,554,40_561776550,40_8004724,1774830173,1774830459,default
1774830383,1_52306,1_102619,F Line,1_694489570,1_8003971,1774830900,1774830900,default
1774830383,1_9605,1_100259,67,1_534515910,1_8003402,1774830360,1774830506,default
1774830383,1_57804,1_100072,181,1_721611650,1_7179,1774830682,1774830735,default
1774830383,1_59282,1_102717,165,1_800721260,1_7438,1774831560,1774829026,default
1774830383,1_59282,1_100072,181,1_721611730,1_8003987,1774831080,1774831080,default
1774830383,1_60428,1_100045,150,1_694483740,1_8172,1774830533,1774830503,default
1774830383,1_59872,1_102619,F Line,1_635486070,1_6279,1774830172,1774830532,default
1774830383,1_620,40_100239,550,40_630434070,40_9812,1774830660,1774830526,default
1774830383,1_10912,1_100264,70,1_801563600,1_8026504,1774829845,1774830550,default
1774830383,1_10912,1_100447,49,1_800921380,1_8023329,1774829970,1774830565,default
1774830383,1_10912,40_100511,542,40_569541180,40_8004679,1774830720,1774830720,default
1774830383,1_10912,1_100162,271,1_581656210,1_8004478,1774831800,1774831800,default
1774830383,1_10912,40_100511,542,40_569541780,40_8004689,1774832580,1774832580,default
1774830383,1_10640,1_100252,62,1_800818740,1_8037,1774830960,1774829895,default
1774830383,1_10640,1_100252,62,1_800818760,1_8025175,1774832760,1774832760,default
1774830383,1_10640,1_100252,62,1_800818770,1_8025102,1774833660,1774833660,default
1774830383,1_8403,1_100039,14,1_800556840,1_7115,1774830600,1774830539,default
1774830683,1_60161,1_100042,148,1_762160810,1_7443,1774831500,1774830318,default
1774830683,1_2850,1_100089,2,1_540520230,1_7080,1774831260,1774830098,default
1774830683,1_46505,1_102619,F Line,1_635484590,1_8003970,1774831440,1774831440,default
1774830683,1_47660,1_102736,H Line,1_636333320,1_6113,1774830903,1774830704,default
1774830683,1_58110,1_100045,150,1_800720620,1_8167,1774830900,1774830744,default
1774830683,1_52306,1_102619,F Line,1_694489570,1_8003971,1774830900,1774830900,default
1774830683,1_65092,1_100162,271,1_581655930,1_7494,1774830840,1774830762,default
1774830683,1_49350,1_100026,128,1_800732090,1_7322,1774830837,1774830786,default
1774830683,1_59282,1_102717,165,1_800721260,1_7438,1774831560,1774829026,default
1774830683,1_59282,1_100072,181,1_721611730,1_8003987,1774831080,1774831080,default
1774830683,1_30180,1_100006,107,1_714246370,1_3753,1774830516,1774830832,default
1774830683,1_60710,1_100512,A Line,1_800723210,1_6239,1774830646,1774830832,default
1774830683,1_25791,1_100214,372,1_548656740,1_7413,1774831020,1774830897,default
1774830683,1_620,40_100240,554,40_774846650,40_9645,1774830780,1774831143,default
1774830683,1_10912,1_100162,271,1_581656210,1_8004478,1774831800,1774831800,default
1774830683,1_10912,40_100511,542,40_569541780,40_8004689,1774832580,1774832580,default
1774830683,1_71960,1_102752,223,1_766557520,1_7338,1774830960,1774830842,default
1774830683,1_10640,1_100252,62,1_800818740,1_8037,1774830960,1774829895,default
1774830683,1_10640,1_100252,62,1_800818750,1_8025173,1774831860,1774831860,default
1774830683,1_10640,1_100252,62,1_800818760,1_8025175,1774832760,1774832760,default
1774830683,1_10640,1_100252,62,1_800818770,1_8025102,1774833660,1774833660,default
1774830983,1_60161,1_100042,148,1_762160810,1_7443,1774831500,1774830318,default
1774830983,1_575,1_100001,1,1_800556520,1_7069,1774831140,1774830986,default
1774830983,1_2850,1_100089,2,1_540520230,1_7080,1774831260,1774830098,default
1774830983,1_46505,1_102619,F Line,1_635484590,1_8003970,1774831440,1774831440,default
1774830983,1_1190,40_100239,550,40_630434070,40_8004699,1774831069,1774831072,default
1774830983,1_68130,1_102548,B Line,1_705345720,1_6028,1774830981,1774831081,default
1774830983,1_58342,1_100072,181,1_721611660,1_7176,1774830660,1774831050,default
1774830983,1_73953,1_102704,250,1_720951800,1_7327,1774831197,1774831012,default
1774830983,1_52306,1_102619,F Line,1_694490550,1_8003967,1774831800,1774831800,default
1774830983,1_25980,1_100254,65,1_778662740,1_8128,1774831188,1774831018,default
1774830983,1_70665,1_100136,245,1_761772490,1_7447,1774831356,1774831066,default
1774830983,1_65092,1_100162,271,1_720948870,1_7494,1774832400,1774830731,default
1774830983,1_54201,1_102619,F Line,1_635485300,1_6228,1774830819,1774831105,default
1774830983,1_39983,1_102736,H Line,1_636333340,1_6061,1774831320,1774831066,default
1774830983,1_59282,1_102717,165,1_800721260,1_7438,1774831560,1774829026,default
1774830983,1_620,40_100240,554,40_774846650,40_9645,1774830780,1774831204,default
1774830983,1_620,40_100239,550,40_561778820,40_9576,1774831560,1774831620,default
1774830983,1_10912,1_100447,49,1_800921410,1_8023307,1774831170,1774831170,default
1774830983,1_10912,1_100162,271,1_581656210,1_8004478,1774831800,1774831800,default
1774830983,1_10912,40_100511,542,40_569541780,40_8004689,1774832580,1774832580,default
1774830983,1_71960,40_100511,542,40_597736570,40_8004680,1774831560,1774831560,default
1774830983,1_10640,1_100252,62,1_800818750,1_8292,1774831860,1774830972,default
1774830983,1_10640,1_100252,62,1_800818750,1_8025173,1774831860,1774831860,default
1774830983,1_10640,1_100252,62,1_800818760,1_8025175,1774832760,1774832760,default
1774830983,1_10640,1_100252,62,1_800818770,1_8025102,1774833660,1774833660,default
1774830983,1_10640,1_100252,62,1_800818780,1_8025171,1774834560,1774834560,default
1774831283,1_29217,1_100224,44,1_562591140,1_8247,1774830998,1774831298,default
1774831283,1_60161,1_100042,148,1_762160810,1_7443,1774831500,1774830318,default
1774831283,1_320,40_100239,550,40_561779310,40_9806,1774831320,1774831284,default
1774831283,1_575,1_100210,36,1_800571870,1_7193,1774831500,1774831216,default
1774831283,1_46505,1_102619,F Line,1_635484590,1_8003970,1774831440,1774831440,default
1774831283,1_27420,1_100249,60,1_694001360,1_7018,1774830876,1774831364,default
1774831283,1_79610,1_100003,101,1_762150770,1_6955,1774831440,1774831335,default
1774831283,1_52306,1_102619,F Line,1_694490550,1_8003967,1774831800,1774831800,default
1774831283,1_70665,1_102704,250,1_720951800,1_7327,1774831431,1774831336,default
1774831283,1_65092,1_100162,271,1_720948870,1_7494,1774832400,1774830731,default
1774831283,1_21080,1_100249,60,1_694000430,1_7019,1774831200,1774831424,default
1774831283,1_59282,1_102717,165,1_800721260,1_7438,1774831560,1774829026,default
1774831283,1_60428,1_100045,150,1_800720180,1_8182,1774831433,1774831374,default
1774831283,1_7690,1_102615,E Line,1_811973300,1_6219,1774831445,1774831385,default
1774831283,1_620,40_100239,550,40_561778820,40_9576,1774831560,1774831445,default
1774831283,1_10912,1_100224,44,1_562590960,1_8295,1774831405,1774831464,default
1774831283,1_10912,1_100214,372,1_537767620,1_7426,1774831293,1774831469,default
1774831283,1_10912,1_100162,271,1_581656210,1_8004478,1774831800,1774831800,default
1774831283,1_10912,40_100511,542,40_569541780,40_8004689,1774832580,1774832580,default
1774831283,1_71960,40_100511,542,40_597736570,40_8004680,1774831560,1774831560,default
1774831283,1_81982,1_102746,333,1_778673320,1_8003436,1774831468,1774831468,default
1774831283,1_10640,1_100252,62,1_800818750,1_8292,1774831860,1774830972,default
1774831283,1_10640,1_100252,62,1_800818760,1_8025175,1774832760,1774832760,default
1774831283,1_10640,1_100252,62,1_800818770,1_8025102,1774833660,1774833660,default
1774831283,1_10640,1_100252,62,1_800818780,1_8025171,1774834560,1774834560,default
1774831583,1_970,1_100045,150,1_800719210,1_8162,1774831614,1774831613,default
1774831583,1_575,1_100219,4,1_761094460,1_7153,1774831620,1774831496,default
1774831583,1_46505,1_102619,F Line,1_635486080,1_8003974,1774832340,1774832340,default
1774831583,1_52306,1_102619,F Line,1_694490550,1_8003967,1774831800,1774831800,default
1774831583,1_65092,1_100162,271,1_720948870,1_7494,1774832400,1774830731,default
1774831583,1_76527,1_102701,225,1_806902300,1_7456,1774831816,1774831692,default
1774831583,1_10912,1_100162,271,1_581656210,1_8004478,1774831800,1774831800,default
1774831583,1_10912,40_100511,542,40_569541780,40_8004689,1774832580,1774832580,default
1774831583,1_10912,1_100162,271,1_581655950,1_8004480,1774833600,1774833600,default
1774831583,1_10912,40_100511,542,40_569542880,40_8004690,1774834380,1774834380,default
1774831583,1_10640,1_100252,62,1_800818750,1_8292,1774831860,1774830972,default
1774831583,1_10640,1_100252,62,1_800818760,1_8072,1774832760,1774831621,default
1774831583,1_10640,1_100252,62,1_800818760,1_8025175,1774832760,1774832760,default
1774831583,1_10640,1_100252,62,1_800818770,1_8025102,1774833660,1774833660,default
1774831583,1_10640,1_100252,62,1_800818780,1_8025171,1774834560,1774834560,default
1774831883,1_51551,1_102736,H Line,1_636333340,1_6061,1774832177,1774831976,default
1774831883,1_80692,1_100045,150,1_800720180,1_8182,1774831885,1774831923,default
1774831883,1_575,1_102581,D Line,1_628168590,1_6066,1774831740,1774831935,default
1774831883,1_2850,1_100089,2,1_813837180,1_7030,1774832220,1774831625,default
1774831883,1_2850,1_100089,2,1_813837180,1_8023320,1774832220,1774832220,default
1774831883,1_46505,1_102619,F Line,1_635486080,1_8003974,1774832340,1774832340,default
1774831883,1_1190,40_100239,550,40_561778820,40_9576,1774831969,1774831940,default
1774831883,1_3470,1_100210,36,1_800572790,1_7152,1774832040,1774831894,default
1774831883,1_1510,1_100005,106,1_762173910,1_7315,1774832013,1774831873,default
1774831883,1_34960,1_100230,50,1_785614980,1_3702,1774832155,1774831917,default
1774831883,1_52306,1_102619,F Line,1_635483990,1_8003968,1774832700,1774832700,default
1774831883,1_80121,1_102719,161,1_800723940,1_7451,1774831546,1774831994,default
1774831883,1_65092,1_100162,271,1_720948870,1_7494,1774832400,1774830731,default
1774831883,1_10912,40_100511,542,40_569541780,40_8004689,1774832580,1774832580,default
1774831883,1_10912,1_100162,271,1_581655950,1_8004480,1774833600,1774833600,default
1774831883,1_10912,40_100511,542,40_569542880,40_8004690,1774834380,1774834380,default
1774831883,1_10640,1_100252,62,1_800818760,1_8072,1774832760,1774831621,default
1774831883,1_10640,1_100252,62,1_800818770,1_8025102,1774833660,1774833660,default
1774831883,1_10640,1_100252,62,1_800818780,1_8025171,1774834560,1774834560,default
1774832183,1_10020,1_100254,65,1_778662520,1_8105,1774832401,1774832098,default
1774832183,1_2850,1_100089,2,1_813837180,1_7030,1774832220,1774831625,default
1774832183,1_2850,1_100089,2,1_540520220,1_8002433,1774833060,1774833060,default
1774832183,1_46505,1_102619,F Line,1_635486080,1_8003974,1774832340,1774832340,default
1774832183,1_35070,1_100230,50,1_785614980,1_3702,1774832442,1774832191,default
1774832183,1_52306,1_102619,F Line,1_635483990,1_8003968,1774832700,1774832700,default
1774832183,1_58112,1_102619,F Line,1_635485600,1_6234,1774832316,1774832330,default
1774832183,1_30800,1_100249,60,1_770767330,1_7160,1774832485,1774832227,default
1774832183,1_65092,1_100162,271,1_720948870,1_7494,1774832400,1774830731,default
1774832183,1_76312,1_102705,230,1_664276120,1_7336,1774832417,1774832238,default
1774832183,1_59282,1_100072,181,1_721611610,1_8003997,1774832880,1774832880,default
1774832183,1_60428,1_100045,150,1_694483540,1_8141,1774832333,1774832284,default
1774832183,1_620,1_100045,150,1_694483740,1_8172,1774832400,1774832230,default
1774832183,1_10912,1_100447,49,1_800921420,1_8023327,1774832370,1774832370,default
1774832183,1_10912,40_100511,542,40_569541780,40_8004689,1774832580,1774832580,default
1774832183,1_10912,1_100162,271,1_581655950,1_8004480,1774833600,1774833600,default
1774832183,1_10912,40_100511,542,40_569542880,40_8004690,1774834380,1774834380,default
1774832183,1_81982,1_102746,333,1_778673330,1_7229,1774832368,1774832368,default
1774832183,1_10640,1_100252,62,1_800818760,1_8072,1774832760,1774831621,default
1774832183,1_10640,1_100252,62,1_800818770,1_8025102,1774833660,1774833660,default
1774832183,1_10640,1_100252,62,1_800818780,1_8025171,1774834560,1774834560,default
1774833088,1_46505,1_102619,F Line,1_635484300,1_6284,1774833240,1774832254,default
1774833088,1_57453,1_102720,160,1_771060170,1_7125,1774833180,1774833131,default
1774833088,1_57453,1_100060,168,1_635482550,1_8004009,1774835880,1774835880,default
1774833088,1_52306,1_102619,F Line,1_635485080,1_8003979,1774833600,1774833600,default
1774833088,1_58112,1_102619,F Line,1_635484590,1_6289,1774833216,1774833169,default
1774833088,1_65092,1_100162,271,1_720948680,1_8004487,1774834200,1774834200,default
1774833088,1_59282,1_102717,165,1_800721240,1_7103,1774834980,1774832325,default
1774833088,1_620,40_100236,545,40_347631420,40_9657,1774833240,1774833308,default
1774833088,1_10912,1_100162,271,1_581655950,1_8004480,1774833600,1774833600,default
1774833088,1_10912,40_100511,542,40_569542880,40_8004690,1774834380,1774834380,default
1774833088,1_71960,40_100511,542,40_597735210,40_8004679,1774833360,1774833360,default
1774833088,1_81982,1_102746,333,1_778673340,1_8003420,1774833268,1774833268,default
1774833088,1_10640,1_100252,62,1_800818770,1_8082,1774833660,1774832361,default
1774833088,1_10640,1_100252,62,1_800818780,1_8084,1774834560,1774832961,default
1774833088,1_10640,1_100252,62,1_800818780,1_8025171,1774834560,1774834368,default
1774833388,1_12770,1_100228,48,1_770757740,1_8002,1774833507,1774833420,default
1774833388,1_2850,1_100089,2,1_813837470,1_8023310,1774834020,1774834020,default
1774833388,1_46505,1_102619,F Line,1_635485310,1_8003972,1774834140,1774834140,default
1774833388,1_57453,1_100060,168,1_635482550,1_8004009,1774835880,1774835880,default
1774833388,1_52306,1_102619,F Line,1_635485080,1_8003979,1774833600,1774833600,default
1774833388,1_65092,1_100162,271,1_720948680,1_8004487,1774834200,1774834200,default
1774833388,1_11060,1_100447,49,1_800921420,1_7104,1774833351,1774833504,default
1774833388,1_59282,1_102717,165,1_800721240,1_7103,1774834980,1774832325,default
1774833388,1_60710,1_100512,A Line,1_800718200,1_6229,1774833526,1774833552,default
1774833388,1_10912,1_100447,49,1_800921430,1_7087,1774833570,1774833560,default
1774833388,1_10912,1_100162,271,1_581655950,1_8004480,1774833600,1774833600,default
1774833388,1_10912,40_100511,542,40_569542880,40_8004690,1774834380,1774834380,default
1774833388,1_10912,1_100162,271,1_581656220,1_8004477,1774835400,1774835400,default
1774833388,1_10640,1_100252,62,1_800818770,1_8082,1774833660,1774832361,default
1774833388,1_10640,1_100252,62,1_800818780,1_8084,1774834560,1774832961,default
1774833688,1_103,1_102745,G Line,1_736364390,1_6412,1774833586,1774833733,default
1774833688,1_481,1_102576,C Line,1_800828470,1_6252,1774833720,1774833667,default
1774833688,1_17651,1_102747,61,1_803326280,1_3710,1774833636,1774833723,default
1774833688,1_2850,1_100089,2,1_813837470,1_7183,1774834020,1774833637,default
1774833688,1_2850,1_100089,2,1_813837470,1_8023310,1774834020,1774834020,default
1774833688,1_46505,1_102619,F Line,1_635485310,1_8003972,1774834140,1774834140,default
1774833688,1_280,40_100240,554,40_561777250,40_9645,1774833713,1774833745,default
1774833688,1_27420,1_100249,60,1_694000430,1_7019,1774833576,1774833804,default
1774833688,1_57453,1_100060,168,1_635482550,1_8004009,1774835880,1774835880,default
1774833688,1_74743,1_102701,225,1_806902310,1_7461,1774833557,1774833783,default
1774833688,1_52306,1_102619,F Line,1_635485630,1_8003973,1774834500,1774834500,default
1774833688,1_65092,1_100162,271,1_720948680,1_8004487,1774834200,1774834200,default
1774833688,1_54201,1_102619,F Line,1_635483990,1_6244,1774833459,1774833819,default
1774833688,1_22184,1_100249,60,1_770767330,1_7160,1774834085,1774833798,default
1774833688,1_59282,1_102717,165,1_800721240,1_7103,1774834980,1774832325,default
1774833688,1_620,40_100239,550,40_630434010,40_9652,1774834260,1774834303,default
1774833688,1_10912,40_100511,542,40_569542880,40_8004690,1774834380,1774834380,default
1774833688,1_10912,1_100162,271,1_581656220,1_8004477,1774835400,1774835400,default
1774833688,1_10640,1_100252,62,1_800818780,1_8084,1774834560,1774832961,default
1774833988,1_2850,1_100089,2,1_540520270,1_8002453,1774834860,1774834860,default
1774833988,1_46505,1_102619,F Line,1_635485310,1_8003972,1774834140,1774834140,default
1774833988,1_57453,1_100060,168,1_635482550,1_8004009,1774835880,1774836081,default
1774833988,1_57453,1_100060,168,1_693819550,1_8004010,1774837500,1774837500,default
1774833988,1_52306,1_100030,131,1_800820690,1_8249,1774834140,1774834044,default
1774833988,1_52306,1_102619,F Line,1_635485630,1_8003973,1774834500,1774834500,default
1774833988,1_65092,1_100162,271,1_720948680,1_8004487,1774834200,1774834200,default
1774833988,1_2200,1_102581,D Line,1_761097530,1_6043,1774833925,1774834157,default
1774833988,1_57804,1_100072,181,1_721611630,1_7478,1774834226,1774834250,default
1774833988,1_59282,1_102717,165,1_800721240,1_7103,1774834980,1774832325,default
1774833988,1_59282,1_100072,181,1_721611600,1_8003986,1774834680,1774834680,default
1774833988,1_620,40_100239,550,40_630434010,40_9652,1774834260,1774834143,default
1774833988,1_10912,40_100511,542,40_569542880,40_8004690,1774834380,1774834380,default
1774833988,1_10912,1_100162,271,1_581656220,1_8004477,1774835400,1774835400,default
1774833988,1_81982,1_102746,333,1_778673350,1_8003435,1774834168,1774834168,default
1774833988,1_10640,1_100252,62,1_800818780,1_8084,1774834560,1774832961,default
1774833988,1_10640,1_100252,62,1_800818790,1_8025101,1774835460,1774835460,default
1774833988,1_8403,1_100039,14,1_800557740,1_7007,1774834200,1774834137,default
1774833988,1_58144,1_102719,161,1_800724470,1_7129,1774834213,1774834115,default
1774834288,1_12170,1_100039,14,1_800557740,1_7007,1774834298,1774834298,default
1774834288,1_2850,1_100089,2,1_540520270,1_8002453,1774834860,1774834860,default
1774834288,1_46505,1_102619,F Line,1_635484820,1_8003971,1774835040,1774835040,default
1774834288,1_57453,1_100060,168,1_635482550,1_8004009,1774835880,1774836094,default
1774834288,1_57453,1_100060,168,1_693819550,1_8004010,1774837500,1774837500,default
1774834288,1_52306,1_102619,F Line,1_635485630,1_8003973,1774834500,1774834500,default
1774834288,1_59282,1_102717,165,1_800721240,1_7103,1774834980,1774832325,default
1774834288,1_59282,1_100072,181,1_721611600,1_7175,1774834680,1774834092,default
1774834288,1_31890,1_100026,128,1_800732040,1_7333,1774834548,1774834403,default
1774834288,1_25791,1_100214,372,1_537767200,1_7483,1774834620,1774834493,default
1774834288,1_10912,1_100264,70,1_801563680,1_8256,1774834465,1774834342,default
1774834288,1_10912,1_100162,271,1_581656220,1_8004477,1774835400,1774835400,default
1774834288,1_10640,1_100252,62,1_800818780,1_8084,1774834560,1774832961,default
1774834288,1_10640,1_100252,62,1_800818790,1_8058,1774835460,1774834114,default
1774834288,1_71838,1_102753,222,1_774798640,1_7383,1774834357,1774834467,default
1774834588,1_60161,1_100042,148,1_762160050,1_3708,1774835160,1774834470,default
1774834588,1_60161,1_100042,148,1_762160050,1_8004058,1774835160,1774835160,default
1774834588,1_575,1_100089,2,1_540520220,1_7155,1774834380,1774834641,default
1774834588,1_2850,1_100089,2,1_540520270,1_7082,1774834860,1774834275,default
1774834588,1_46505,1_102619,F Line,1_635484820,1_8003971,1774835040,1774835040,default
1774834588,1_57453,1_100060,168,1_635482550,1_8004009,1774835880,1774836061,default
1774834588,1_57453,1_100060,168,1_693819550,1_8004010,1774837500,1774837500,default
1774834588,1_75770,1_102615,E Line,1_811973270,1_6219,1774834611,1774834657,default
1774834588,1_5489,1_100196,331,1_778668040,1_7206,1774834669,1774834445,default
1774834588,1_52306,1_102619,F Line,1_635484600,1_8003970,1774835400,1774835400,default
1774834588,1_58112,1_100045,150,1_800720640,1_8179,1774834567,1774834693,default
1774834588,1_41940,1_100249,60,1_694000500,1_7021,1774834707,1774834652,default
1774834588,1_2200,1_102581,D Line,1_761097520,1_6063,1774834765,1774834764,default
1774834588,1_22184,1_102736,H Line,1_636332630,1_6112,1774834481,1774834740,default
1774834588,1_59282,1_102717,165,1_800721240,1_7103,1774834980,1774832325,default
1774834588,1_85531,1_102757,187,1_800716320,1_7439,1774834740,1774834842,default
1774834588,1_620,40_100240,554,40_774846750,40_9584,1774834380,1774834971,default
1774834588,1_10912,1_100447,49,1_800921370,1_7166,1774834770,1774834749,default
1774834588,1_10912,1_100162,271,1_581656220,1_8004477,1774835400,1774835400,default
1774834588,1_71960,40_100511,542,40_597735860,40_8004689,1774835160,1774835160,default
1774834588,1_10640,1_100252,62,1_800818790,1_8058,1774835460,1774834114,default
1774834888,1_46791,1_100016,118,1_656293900,1_3754,1774835040,1774834955,default
1774834888,1_22196,1_102736,H Line,1_636332630,1_6112,1774834566,1774834902,default
1774834888,1_60161,1_100042,148,1_762160050,1_3708,1774835160,1774834470,default
1774834888,1_46505,1_102619,F Line,1_635484820,1_8003971,1774835040,1774835040,default
1774834888,1_46505,1_102619,F Line,1_635485880,1_8003967,1774835940,1774835940,default
1774834888,1_57453,1_100060,168,1_635482550,1_8004009,1774835880,1774836090,default
1774834888,1_57453,1_100060,168,1_693819550,1_8004010,1774837500,1774837500,default
1774834888,1_52306,1_102619,F Line,1_635484600,1_8003970,1774835400,1774835400,default
1774834888,1_2200,1_100028,13,1_813835400,1_7169,1774834766,1774835011,default
1774834888,1_21080,1_100249,60,1_800825940,1_7026,1774834800,1774835034,default
1774834888,1_10912,1_100264,70,1_801563910,1_8026507,1774835065,1774835065,default
1774834888,1_10912,1_100162,271,1_581656220,1_8004477,1774835400,1774835400,default
1774834888,1_71960,40_100511,542,40_597735860,40_8004689,1774835160,1774835160,default
1774834888,1_81982,1_102746,333,1_778673360,1_8003433,1774835068,1774835068,default
1774834888,1_10640,1_100252,62,1_800818790,1_8058,1774835460,1774834114,default
1774834888,1_10640,1_100252,62,1_800818800,1_8025174,1774836360,1774836360,default
1774834888,1_76310,40_100232,522,40_635851150,40_8004733,1774834995,1774835099,default
1774835188,1_28370,1_102574,40,1_811082300,1_8242,1774834781,1774835191,default
1774835188,1_320,40_100240,554,40_561778760,40_9665,1774835220,1774835262,default
1774835188,1_2850,1_100089,2,1_813837480,1_8023313,1774835820,1774835820,default
1774835188,1_46505,1_102619,F Line,1_635485880,1_8003967,1774835940,1774835940,default
1774835188,1_57453,1_100060,168,1_635482550,1_8004009,1774835880,1774836070,default
1774835188,1_57453,1_100060,168,1_693819550,1_8004010,1774837500,1774837500,default
1774835188,1_8671,1_100275,8,1_800819690,1_8063,1774835917,1774835237,default
1774835188,1_11200,1_100447,49,1_800921330,1_7156,1774835040,1774835274,default
1774835188,1_18580,1_100252,62,1_800819410,1_8018,1774835389,1774835264,default
1774835188,1_10210,1_100264,70,1_801563680,1_8256,1774835399,1774835267,default
1774835188,1_620,40_100236,545,40_347631460,40_8004682,1774835460,1774835460,default
1774835188,1_620,40_100239,550,40_561778560,40_9811,1774835160,1774835579,default
1774835188,1_10912,1_100162,271,1_581656220,1_8004477,1774835400,1774835400,default
1774835188,1_10912,40_100511,542,40_569541210,40_8004679,1774836480,1774836480,default
1774835188,1_10912,1_100162,271,1_581655960,1_8004476,1774837200,1774837200,default
1774835188,1_10640,1_100252,62,1_800818790,1_8058,1774835460,1774834114,default
1774835188,1_10640,1_100252,62,1_800818800,1_8025174,1774836360,1774836360,default
1774835488,1_77930,1_102746,333,1_778673990,1_7232,1774835579,1774835540,default
1774835488,1_51551,1_102736,H Line,1_636333380,1_6060,1774835777,1774835557,default
1774835488,1_575,1_102576,C Line,1_800829070,1_6267,1774835640,1774835573,default
1774835488,1_2850,1_100089,2,1_813837480,1_8023313,1774835820,1774835820,default
1774835488,1_46505,1_102619,F Line,1_635485880,1_8003967,1774835940,1774835940,default
1774835488,1_57453,1_100060,168,1_635482550,1_8004009,1774835880,1774836048,default
1774835488,1_57453,1_100060,168,1_693819550,1_8004010,1774837500,1774837579,default
1774835488,1_1510,1_100005,106,1_762173880,1_8004017,1774835553,1774835301,default
1774835488,1_52306,1_102619,F Line,1_635486110,1_8003974,1774836300,1774836300,default
1774835488,1_58112,1_102619,F Line,1_635484300,1_6284,1774835016,1774835585,default
1774835488,1_22184,1_102736,H Line,1_636332640,1_6061,1774835381,1774835633,default
1774835488,1_57420,1_102720,160,1_800722420,1_7168,1774835740,1774835563,default
1774835488,1_620,40_100236,545,40_347631460,40_8004682,1774835460,1774835733,default
1774835488,1_620,40_100239,550,40_630434030,40_9806,1774836060,1774836079,default
1774835488,1_10912,40_100511,542,40_569541210,40_8004679,1774836480,1774836480,default
1774835488,1_10912,1_100162,271,1_581655960,1_8004476,1774837200,1774837200,default
1774835488,1_10640,1_100252,62,1_800819390,1_8000,1774835820,1774835563,default
1774835488,1_10640,1_100252,62,1_800818800,1_8025174,1774836360,1774836360,default
1774835788,1_26560,1_102574,40,1_811081630,1_8225,1774834976,1774835902,default
1774835788,1_80692,1_100045,150,1_694482710,1_8167,1774835425,1774835839,default
1774835788,1_575,1_102615,E Line,1_811984060,1_6107,1774835700,1774835840,default
1774835788,1_2850,1_100089,2,1_540520470,1_8002452,1774836720,1774836720,default
1774835788,1_46505,1_102619,F Line,1_635485880,1_8003967,1774835940,1774835940,default
1774835788,1_46505,1_102619,F Line,1_635484000,1_8003968,1774836840,1774836840,default
1774835788,1_47660,1_102736,H Line,1_636333380,1_6060,1774836243,1774835828,default
1774835788,1_57453,1_100060,168,1_635482550,1_8004009,1774835880,1774836066,default
1774835788,1_57453,1_100060,168,1_693819550,1_8004010,1774837500,1774837633,default
1774835788,1_57453,1_100060,168,1_694487440,1_8004011,1774839300,1774839300,default
1774835788,1_68130,1_102548,B Line,1_705345260,1_6020,1774835481,1774835880,default
1774835788,1_81254,1_102746,333,1_778673350,1_7204,1774836007,1774835787,default
1774835788,1_52306,1_102619,F Line,1_635486110,1_8003974,1774836300,1774836300,default
1774835788,1_8530,1_100039,14,1_727453250,1_7111,1774835831,1774835891,default
1774835788,1_57804,1_100072,181,1_721611620,1_7176,1774836026,1774836070,default
1774835788,1_59282,1_100072,181,1_721611580,1_7478,1774836480,1774835650,default
1774835788,1_59282,1_100072,181,1_721611580,1_8003985,1774836480,1774836480,default
1774835788,1_9060,1_100263,7,1_650211510,1_8260,1774835949,1774835870,default
1774835788,1_620,40_100239,550,40_630434030,40_9806,1774836060,1774835923,default
1774835788,1_620,40_100236,545,40_347631460,40_8004682,1774835460,1774836064,default
1774835788,1_10912,1_100447,49,1_800921320,1_8023329,1774835970,1774835970,default
1774835788,1_10912,40_100511,542,40_569541210,40_8004679,1774836480,1774836480,default
1774835788,1_10912,1_100162,271,1_581655960,1_8004476,1774837200,1774837200,default
1774835788,1_10640,1_100252,62,1_800818800,1_8041,1774836360,1774835625,default
1774835788,1_10640,1_100252,62,1_800818810,1_8000,1774837560,1774835633,default
1774836088,1_2850,1_100089,2,1_540520470,1_8002452,1774836720,1774836720,default
1774836088,1_46505,1_102619,F Line,1_635484000,1_8003968,1774836840,1774836840,default
1774836088,1_57453,1_100060,168,1_693819550,1_8004010,1774837500,1774837606,default
1774836088,1_57453,1_100060,168,1_694487440,1_8004011,1774839300,1774839300,default
1774836088,1_58110,1_100045,150,1_800720650,1_8187,1774836150,1774836083,default
1774836088,1_11200,1_100447,49,1_800921350,1_7105,1774836240,1774836163,default
1774836088,1_52306,1_102619,F Line,1_635486110,1_8003974,1774836300,1774836300,default
1774836088,1_58112,1_100045,150,1_800720650,1_8187,1774836247,1774836184,default
1774836088,1_59282,1_100072,181,1_721611580,1_7478,1774836480,1774835650,default
1774836088,1_59872,1_102619,F Line,1_635485630,1_6234,1774836265,1774836286,default
1774836088,1_620,40_100236,545,40_347631460,40_8004682,1774835460,1774836258,default
1774836088,1_620,40_100236,545,40_347631460,40_9814,1774835460,1774836310,default
1774836088,1_10912,40_100511,542,40_569541210,40_8004679,1774836480,1774836480,default
1774836088,1_10912,1_100162,271,1_581655960,1_8004476,1774837200,1774837200,default
1774836088,1_71960,1_102752,223,1_766557550,1_7318,1774836240,1774836290,default
1774836088,1_10640,1_100252,62,1_800818800,1_8041,1774836360,1774835625,default
1774836088,1_10640,1_100252,62,1_800818810,1_8000,1774837560,1774835633,default
1774836388,1_103,1_102745,G Line,1_736363740,1_6406,1774836286,1774836443,default
1774836388,1_12770,1_100228,48,1_770757770,1_8079,1774836147,1774836433,default
1774836388,1_575,1_100089,2,1_540520270,1_7082,1774836180,1774836431,default
1774836388,1_2850,1_100089,2,1_540520470,1_7091,1774836720,1774836123,default
1774836388,1_2850,1_100089,2,1_540520470,1_8002452,1774836720,1774836720,default
1774836388,1_46505,1_102619,F Line,1_635484000,1_8003968,1774836840,1774836840,default
1774836388,1_280,40_100240,554,40_561776260,40_8004726,1774836413,1774836435,default
1774836388,1_57453,1_100060,168,1_693819550,1_8004010,1774837500,1774837712,default
1774836388,1_57453,1_100060,168,1_694487440,1_8004011,1774839300,1774839300,default
1774836388,1_68130,1_102548,B Line,1_705346080,1_6025,1774836349,1774836454,default
1774836388,1_52306,1_102619,F Line,1_635484330,1_8003969,1774837200,1774837200,default
1774836388,1_65092,1_100162,271,1_720948690,1_7469,1774837920,1774835982,default
1774836388,1_22184,1_102736,H Line,1_636332650,1_6076,1774836281,1774836542,default
1774836388,1_620,40_100240,554,40_774846360,40_9636,1774836120,1774836741,default
1774836388,1_620,40_100239,550,40_561779290,40_9647,1774836960,1774837066,default
1774836388,1_10912,1_100162,271,1_581655960,1_8004476,1774837200,1774837200,default
1774836388,1_71960,40_100511,542,40_597736880,40_8004690,1774836960,1774836960,default
1774836388,1_10640,1_100252,62,1_800818810,1_8000,1774837560,1774835633,default
1774836688,1_26560,1_102574,40,1_811081680,1_8263,1774836716,1774836757,default
1774836688,1_970,1_100003,101,1_800719670,1_8165,1774836612,1774836719,default
1774836688,1_30790,1_100230,50,1_785618520,1_3724,1774836792,1774836688,default
1774836688,1_46505,1_102619,F Line,1_635484000,1_6244,1774836840,1774836840,default
1774836688,1_46505,1_102619,F Line,1_635484000,1_8003968,1774836840,1774836840,default
1774836688,1_46505,1_102619,F Line,1_694489840,1_8003979,1774837740,1774837740,default
1774836688,1_280,40_100240,554,40_561776260,40_8004726,1774836413,1774836747,default
1774836688,1_27420,1_100249,60,1_694001510,1_7048,1774836216,1774836780,default
1774836688,1_11590,1_100002,10,1_675381040,1_7072,1774836741,1774836666,default
1774836688,1_3470,1_100210,36,1_800571810,1_7193,1774836780,1774836682,default
1774836688,1_57453,1_100060,168,1_693819550,1_8004010,1774837500,1774837669,default
1774836688,1_57453,1_100060,168,1_694487440,1_8004011,1774839300,1774839300,default
1774836688,1_56440,1_100005,106,1_651727760,1_7315,1774836758,1774836718,default
1774836688,1_52306,1_102619,F Line,1_635484330,1_8003969,1774837200,1774837200,default
1774836688,1_58112,1_102619,F Line,1_635484820,1_6286,1774836816,1774836853,default
1774836688,1_30800,1_100230,50,1_785618520,1_3724,1774836819,1774836717,default
1774836688,1_65092,1_100162,271,1_720948690,1_7469,1774837920,1774835982,default
1774836688,1_54971,1_100004,105,1_635471260,1_7428,1774836713,1774836843,default
1774836688,1_57791,1_102718,184,1_635478020,1_7174,1774836983,1774836958,default
1774836688,1_620,40_100239,550,40_561779290,40_9647,1774836960,1774836913,default
1774836688,1_10912,1_100264,70,1_801563560,1_8026503,1774836865,1774836865,default
1774836688,1_10912,1_100162,271,1_581655960,1_8004476,1774837200,1774837200,default
1774836688,1_71960,40_100511,542,40_597736880,40_8004690,1774836960,1774836960,default
1774836688,1_10640,1_100252,62,1_800818810,1_8000,1774837560,1774835633,default
1774836988,1_320,40_100240,554,40_561776260,40_9584,1774836540,1774837034,default
1774836988,1_2850,1_100089,2,1_813837490,1_8023319,1774837620,1774837620,default
1774836988,1_46505,1_102619,F Line,1_694489840,1_6008,1774837740,1774836834,default
1774836988,1_46505,1_102619,F Line,1_694489840,1_8003979,1774837740,1774837740,default
1774836988,1_57453,1_100060,168,1_693819550,1_8004010,1774837500,1774837725,default
1774836988,1_57453,1_100060,168,1_694487440,1_8004011,1774839300,1774839300,default
1774836988,1_8671,1_100275,8,1_800818170,1_8005,1774837117,1774837016,default
1774836988,1_52306,1_102619,F Line,1_635484330,1_8003969,1774837200,1774837200,default
1774836988,1_8530,1_100005,106,1_762173960,1_7431,1774837101,1774837093,default
1774836988,1_65092,1_100162,271,1_720948690,1_7469,1774837920,1774835982,default
1774836988,1_620,40_100236,545,40_347631730,40_9685,1774837200,1774837230,default
1774836988,1_10912,1_100447,49,1_800921260,1_8023330,1774837170,1774837170,default
1774836988,1_10912,1_100162,271,1_581655960,1_8004476,1774837200,1774837200,default
1774836988,1_10640,1_100252,62,1_800818810,1_8000,1774837560,1774835633,default
1774837288,1_481,1_102736,H Line,1_636333420,1_6113,1774837260,1774837305,default
1774837288,1_320,40_100239,550,40_630345190,40_9811,1774837260,1774837331,default
1774837288,1_575,1_100028,13,1_813835280,1_7192,1774837200,1774837322,default
1774837288,1_2850,1_100089,2,1_813837490,1_8023319,1774837620,1774837620,default
1774837288,1_46505,1_102619,F Line,1_694489840,1_6008,1774837740,1774836834,default
1774837288,1_57453,1_100060,168,1_693819550,1_8004010,1774837500,1774837685,default
1774837288,1_57453,1_100060,168,1_694487440,1_8004011,1774839300,1774839339,default
1774837288,1_1510,1_100210,36,1_800571810,1_7193,1774837434,1774837328,default
1774837288,1_52306,1_102619,F Line,1_635485340,1_8003972,1774838100,1774838100,default
1774837288,1_65092,1_100162,271,1_720948690,1_7469,1774837920,1774835982,default
1774837288,1_59282,1_100072,181,1_721611560,1_7176,1774838280,1774837315,default
1774837288,1_59282,1_102717,165,1_800721220,1_8023961,1774838520,1774838520,default
1774837288,1_45230,1_100133,240,1_787227010,1_7465,1774837481,1774837387,default
1774837288,1_620,40_100239,550,40_630434020,40_9812,1774837860,1774837924,default
1774837288,1_10640,1_100252,62,1_800818810,1_8000,1774837560,1774835633,default
1774837588,1_2850,1_100089,2,1_540520940,1_8002451,1774838520,1774838520,default
1774837588,1_46505,1_102619,F Line,1_694489840,1_6008,1774837740,1774836834,default
1774837588,1_46505,1_102619,F Line,1_635485640,1_8003973,1774838700,1774838700,default
1774837588,1_57453,1_100060,168,1_693819550,1_8004010,1774837500,1774837736,default
1774837588,1_57453,1_100060,168,1_694487440,1_8004011,1774839300,1774839582,default
1774837588,1_35070,1_100230,50,1_785618520,1_3724,1774837842,1774837612,default
1774837588,1_52306,1_102619,F Line,1_635485340,1_8003972,1774838100,1774838100,default
1774837588,1_99254,1_100003,101,1_694483390,1_8168,1774837462,1774837766,default
1774837588,1_65092,1_100162,271,1_720948690,1_7469,1774837920,1774835982,default
1774837588,1_57804,1_100072,181,1_721611700,1_7171,1774837826,1774837912,default
1774837588,1_22184,1_100249,60,1_800826590,1_7195,1774837685,1774837719,default
1774837588,1_59282,1_100072,181,1_721611560,1_7176,1774838280,1774837315,default
1774837588,1_59282,1_102717,165,1_800721220,1_8023961,1774838520,1774838520,default
1774837588,1_620,40_100239,550,40_630434020,40_9812,1774837860,1774837732,default
1774837588,1_10912,1_100264,70,1_801563500,1_8026502,1774837765,1774837765,default
1774837588,1_81982,1_102746,333,1_778673380,1_8003436,1774837768,1774837768,default
1774837588,1_10640,1_100252,62,1_800818820,1_8018,1774838760,1774837588,default
1774837588,1_10640,1_100252,62,1_800818820,1_8025172,1774838760,1774838760,default
1774837888,1_12770,1_100228,48,1_770757790,1_8056,1774837887,1774837961,default
1774837888,1_2850,1_100089,2,1_540520940,1_8002451,1774838520,1774838520,default
1774837888,1_46505,1_102619,F Line,1_635485640,1_8003973,1774838700,1774838700,default
1774837888,1_65432,1_100133,240,1_761773390,1_7422,1774837943,1774837860,default
1774837888,1_57453,1_100060,168,1_694487440,1_8004011,1774839300,1774839529,default
1774837888,1_52306,1_102619,F Line,1_635485340,1_8003972,1774838100,1774838100,default
1774837888,1_8530,1_100005,106,1_768681570,1_7400,1774838001,1774837907,default
1774837888,1_58112,1_100045,150,1_800720310,1_8141,1774838107,1774837987,default
1774837888,1_40065,1_102574,40,1_811081870,1_8240,1774838157,1774838000,default
1774837888,1_2200,1_102581,D Line,1_761098370,1_6068,1774837465,1774838093,default
1774837888,1_59282,1_100072,181,1_721611560,1_7176,1774838280,1774837315,default
1774837888,1_59282,1_102717,165,1_800721220,1_7487,1774838520,1774837854,default
1774837888,1_59282,1_102717,165,1_800721220,1_8023961,1774838520,1774838520,default
1774837888,1_620,40_100240,554,40_774846520,40_9653,1774837860,1774838432,default
1774837888,1_10912,1_100447,49,1_800921300,1_8023331,1774838370,1774838414,default
1774837888,1_71960,40_100511,542,40_597735300,40_8004679,1774840560,1774840560,default
1774837888,1_10640,1_100252,62,1_800818820,1_8018,1774838760,1774837588,default
1774838392,1_81205,1_100072,181,1_721611700,1_7171,1774838300,1774838444,default
1774838392,1_2850,1_100089,2,1_540520940,1_8002451,1774838520,1774838520,default
1774838392,1_46505,1_102619,F Line,1_635485640,1_8003973,1774838700,1774838700,default
1774838392,1_46505,1_102619,F Line,1_694489380,1_8003970,1774839600,1774839600,default
1774838392,1_57453,1_100060,168,1_694487440,1_8004011,1774839300,1774839536,default
1774838392,1_52306,1_102619,F Line,1_635484850,1_8003971,1774839000,1774839000,default
1774838392,1_59282,1_102717,165,1_800721220,1_7487,1774838520,1774837854,default
1774838392,1_59282,1_100072,181,1_810697330,1_8023986,1774841880,1774841880,default
1774838392,1_60428,1_100045,150,1_694483270,1_8179,1774838573,1774838499,default
1774838392,1_60710,1_100512,A Line,1_800718300,1_6236,1774838566,1774838554,default
1774838392,1_620,40_100239,550,40_630434040,40_9672,1774838760,1774839069,default
1774838392,1_71960,40_100511,542,40_597735300,40_8004679,1774840560,1774840560,default
1774838392,1_10640,1_100252,62,1_800818820,1_8018,1774838760,1774837588,default
1774838392,1_10640,1_100252,62,1_800818830,1_8042,1774839960,1774838420,default
1774838392,1_8403,1_100039,14,1_727453460,1_7069,1774838640,1774838597,default
1774838692,1_51551,1_102736,H Line,1_636333410,1_6062,1774838317,1774838706,default
1774838692,1_2850,1_100089,2,1_813837500,1_8023318,1774839420,1774839420,default
1774838692,1_46505,1_102619,F Line,1_694489380,1_6289,1774839600,1774838461,default
1774838692,1_46505,1_102619,F Line,1_694489380,1_8003970,1774839600,1774839600,default
1774838692,1_57453,1_100060,168,1_694487440,1_8004011,1774839300,1774839606,default
1774838692,1_52306,1_100031,132,1_800821300,1_8025149,1774838700,1774838779,default
1774838692,1_52306,1_102619,F Line,1_635484850,1_8003971,1774839000,1774839000,default
1774838692,1_8530,1_100005,106,1_762174000,1_7110,1774838901,1774838777,default
1774838692,1_59282,1_100072,181,1_810697330,1_8023986,1774841880,1774841880,default
1774838692,1_620,40_100239,550,40_630434040,40_9672,1774838760,1774839005,default
1774838692,1_10912,1_100264,70,1_801563480,1_8207,1774838845,1774838874,default
1774838692,1_10912,40_100511,542,40_569542820,40_8004690,1774840200,1774840200,default
1774838692,1_10912,1_100162,271,1_581655970,1_8004487,1774840860,1774840860,default
1774838692,1_71960,40_100511,542,40_597735300,40_8004679,1774840560,1774840560,default
1774838692,1_10640,1_100252,62,1_800818830,1_8042,1774839960,1774838420,default
1774838992,1_80692,1_100045,150,1_694483270,1_8179,1774839025,1774839023,default
1774838992,1_2850,1_100089,2,1_813837500,1_8023318,1774839420,1774839420,default
1774838992,1_46505,1_102619,F Line,1_694489380,1_6289,1774839600,1774838461,default
1774838992,1_1190,1_100447,49,1_800921280,1_7002,1774839070,1774839011,default
1774838992,1_57453,1_100060,168,1_694487440,1_8004011,1774839300,1774839553,default
1774838992,1_52306,1_102619,F Line,1_635485890,1_8003967,1774839900,1774839900,default
1774838992,1_59282,1_100072,181,1_810697330,1_8023986,1774841880,1774841880,default
1774838992,1_58111,1_102619,F Line,1_694489840,1_6008,1774839175,1774839112,default
1774838992,1_620,40_100236,545,40_347631770,40_8004684,1774839000,1774839256,default
1774838992,1_10912,40_100511,542,40_569542820,40_8004690,1774840200,1774840200,default
1774838992,1_10912,1_100162,271,1_581655970,1_8004487,1774840860,1774840860,default
1774838992,1_71960,40_100511,542,40_597735300,40_8004679,1774840560,1774840560,default
1774838992,1_10640,1_100252,62,1_800818830,1_8042,1774839960,1774838420,default
1774839292,1_2850,1_100089,2,1_813837500,1_7066,1774839420,1774839034,default
1774839292,1_2850,1_100089,2,1_813837500,1_8023318,1774839420,1774839420,default
1774839292,1_2850,1_100089,2,1_540520910,1_8002433,1774840320,1774840320,default
1774839292,1_46505,1_102619,F Line,1_694489380,1_6289,1774839600,1774838461,default
1774839292,1_46505,1_102619,F Line,1_635486120,1_8003974,1774840500,1774840500,default
1774839292,1_57453,1_100060,168,1_694487440,1_8004011,1774839300,1774839588,default
1774839292,1_1510,1_100210,36,1_800571500,1_7152,1774839174,1774839359,default
1774839292,1_68130,1_102548,B Line,1_705345280,1_6033,1774838989,1774839389,default
1774839292,1_52306,1_102619,F Line,1_635485890,1_8003967,1774839900,1774839900,default
1774839292,1_8530,1_100039,14,1_727453460,1_7069,1774839441,1774839343,default
1774839292,1_8530,1_100263,7,1_650212470,1_8253,1774839437,1774839427,default
1774839292,1_58112,1_102619,F Line,1_694489840,1_6008,1774839441,1774839434,default
1774839292,1_72446,1_102752,223,1_766557570,1_7235,1774839436,1774839357,default
1774839292,1_71970,1_102753,222,1_774798510,1_7383,1774839279,1774839419,default
1774839292,1_2200,1_102581,D Line,1_761097950,1_6050,1774839205,1774839457,default
1774839292,1_57804,1_100072,181,1_721611590,1_7179,1774839626,1774839623,default
1774839292,1_59282,1_100072,181,1_721611690,1_7171,1774840080,1774839138,default
1774839292,1_59282,1_100072,181,1_721611690,1_8003987,1774840080,1774840080,default
1774839292,1_59282,1_100072,181,1_810697330,1_8023986,1774841880,1774841880,default
1774839292,1_620,40_100236,545,40_347631770,40_9816,1774839000,1774839532,default
1774839292,1_620,40_100239,550,40_561778090,40_9570,1774839600,1774839736,default
1774839292,1_10912,40_100511,542,40_569542820,40_8004690,1774840200,1774840200,default
1774839292,1_10912,1_100162,271,1_581655970,1_8004487,1774840860,1774840860,default
1774839292,1_71960,1_102752,223,1_766557570,1_7235,1774839660,1774839535,default
1774839292,1_71960,40_100511,542,40_597735300,40_8004679,1774840560,1774840560,default
1774839292,1_10640,1_100252,62,1_800818830,1_8042,1774839960,1774838420,default
1774839292,1_10640,1_100252,62,1_800818840,1_8025103,1774841160,1774841160,default
1774839292,1_18550,1_100252,62,1_800819450,1_8072,1774839476,1774839426,default
1774839592,1_2850,1_100089,2,1_540520910,1_8002433,1774840320,1774840320,default
1774839592,1_46505,1_102619,F Line,1_635486120,1_8003974,1774840500,1774840500,default
1774839592,1_47660,1_102736,H Line,1_636333420,1_6113,1774839663,1774839631,default
1774839592,1_58342,1_100072,181,1_721611560,1_7176,1774839540,1774839676,default
1774839592,1_52306,1_102619,F Line,1_635485890,1_8003967,1774839900,1774839900,default
1774839592,1_59282,1_100072,181,1_721611690,1_7171,1774840080,1774839138,default
1774839592,1_59282,1_100072,181,1_810697330,1_8023986,1774841880,1774841880,default
1774839592,1_620,40_100240,554,40_774846660,40_9645,1774839660,1774840015,default
1774839592,1_10912,40_100511,542,40_569542820,40_8004690,1774840200,1774840200,default
1774839592,1_10912,1_100162,271,1_581655970,1_8004487,1774840860,1774840860,default
1774839592,1_71960,40_100511,542,40_597735300,40_8004679,1774840560,1774840560,default
1774839592,1_10640,1_100252,62,1_800818830,1_8042,1774839960,1774838420,default
1774839592,1_10640,1_100252,62,1_800818840,1_8037,1774841160,1774839640,default
1774839592,1_10640,1_100252,62,1_800818840,1_8025103,1774841160,1774841160,default
1774839893,1_12770,1_100228,48,1_770757810,1_8002,1774839687,1774839968,default
1774839893,1_575,1_100001,1,1_727453540,1_7069,1774840080,1774839911,default
1774839893,1_2850,1_100089,2,1_540520910,1_8002433,1774840320,1774840320,default
1774839893,1_46505,1_102619,F Line,1_635486120,1_8003974,1774840500,1774840500,default
1774839893,1_1190,1_100002,10,1_675380780,1_7072,1774839978,1774839886,default
1774839893,1_52306,1_102619,F Line,1_635484030,1_8003968,1774840800,1774840800,default
1774839893,1_8530,1_100263,7,1_650212480,1_8260,1774840037,1774839949,default
1774839893,1_65092,1_100162,271,1_720948700,1_7378,1774841520,1774839701,default
1774839893,1_2200,1_100275,8,1_800817760,1_8078,1774839733,1774840016,default
1774839893,1_59282,1_100072,181,1_721611690,1_7171,1774840080,1774839138,default
1774839893,1_59282,1_100072,181,1_810697330,1_8023986,1774841880,1774841880,default
1774839893,1_10912,40_100511,542,40_569542820,40_8004690,1774840200,1774840200,default
1774839893,1_10912,1_100162,271,1_581655970,1_8004487,1774840860,1774840860,default
1774839893,1_71960,40_100511,542,40_597735300,40_8004679,1774840560,1774840560,default
1774839893,1_10640,1_100252,62,1_800818840,1_8037,1774841160,1774839640,default
1774839893,1_58144,1_102717,165,1_800721220,1_7487,1774840136,1774839998,default
1774840193,1_2850,1_100089,2,1_540520910,1_8002433,1774840320,1774840516,default
1774840193,1_46505,1_102619,F Line,1_635486120,1_8003974,1774840500,1774840500,default
1774840193,1_46505,1_102619,F Line,1_635484340,1_8003969,1774841400,1774841400,default
1774840193,1_1190,1_100447,49,1_800921270,1_8023330,1774840270,1774840270,default
1774840193,1_60477,1_100060,168,1_694487440,1_7147,1774839866,1774840283,default
1774840193,1_52306,1_102619,F Line,1_635484030,1_8003968,1774840800,1774840800,default
1774840193,1_80121,1_102719,161,1_800724170,1_7118,1774840295,1774840282,default
1774840193,1_65092,1_100162,271,1_720948700,1_7378,1774841520,1774839701,default
1774840193,1_59282,1_100072,181,1_810697330,1_8023986,1774841880,1774841880,default
1774840193,1_59282,1_100072,181,1_810697370,1_8024011,1774843680,1774843680,default
1774840193,1_10912,1_100162,271,1_581655970,1_8004487,1774840860,1774840860,default
1774840193,1_71960,40_100511,542,40_597735300,40_8004679,1774840560,1774840560,default
1774840193,1_10640,1_100252,62,1_800818840,1_8037,1774841160,1774839640,default
1774840493,1_46505,1_102619,F Line,1_635484340,1_8003969,1774841400,1774841400,default
1774840493,1_280,40_100240,554,40_561779220,40_8004723,1774840493,1774840577,default
1774840493,1_52306,1_102619,F Line,1_635484030,1_8003968,1774840800,1774840800,default
1774840493,1_65092,1_100162,271,1_720948700,1_7378,1774841520,1774839701,default
1774840493,1_59282,1_100072,181,1_810697330,1_8023986,1774841880,1774841880,default
1774840493,1_59282,1_100072,181,1_810697370,1_8024011,1774843680,1774843680,default
1774840493,1_10912,1_100162,271,1_581655970,1_8004487,1774840860,1774840860,default
1774840493,1_10640,1_100252,62,1_800818840,1_8037,1774841160,1774839640,default
1774840493,1_10640,1_100252,62,1_800818850,1_8025173,1774842360,1774842360,default
1774840793,1_46505,1_102619,F Line,1_635484340,1_8003969,1774841400,1774841400,default
1774840793,1_52306,1_102619,F Line,1_635485120,1_8003979,1774841700,1774841700,default
1774840793,1_65092,1_100162,271,1_720948700,1_7378,1774841520,1774839701,default
1774840793,1_59282,1_100072,181,1_810697330,1_7179,1774841880,1774840765,default
1774840793,1_59282,1_100072,181,1_810697330,1_8023986,1774841880,1774841880,default
1774840793,1_59282,1_102717,165,1_800721200,1_8023943,1774842180,1774842180,default
1774840793,1_59282,1_100072,181,1_810697370,1_8024011,1774843680,1774843680,default
1774840793,1_59872,1_102619,F Line,1_635484850,1_6286,1774840705,1774840965,default
1774840793,1_31970,1_100230,50,1_785614930,1_3734,1774840715,1774840935,default
1774840793,1_10912,1_100447,49,1_800900480,1_7090,1774840770,1774840976,default
1774840793,1_10640,1_100252,62,1_800818840,1_8037,1774841160,1774839640,default
1774840793,1_10640,1_100252,62,1_800818850,1_8025173,1774842360,1774842360,default
1774841093,1_2850,1_100089,2,1_540520920,1_8002453,1774842120,1774842120,default
1774841093,1_46505,1_102619,F Line,1_635484340,1_8003969,1774841400,1774841400,default
1774841093,1_46505,1_102619,F Line,1_635485350,1_8003972,1774842300,1774842300,default
1774841093,1_52306,1_102619,F Line,1_635485120,1_8003979,1774841700,1774841700,default
1774841093,1_65092,1_100162,271,1_720948700,1_7378,1774841520,1774839701,default
1774841093,1_49350,1_100026,128,1_800732110,1_7322,1774841277,1774841151,default
1774841093,1_2200,1_102581,D Line,1_761097400,1_6051,1774840992,1774841260,default
1774841093,1_57804,1_100072,181,1_721611570,1_7175,1774841426,1774841492,default
1774841093,1_59282,1_100072,181,1_810697330,1_7179,1774841880,1774840765,default
1774841093,1_59282,1_102717,165,1_800721200,1_7313,1774842180,1774840968,default
1774841093,1_59282,1_102717,165,1_800721200,1_8023943,1774842180,1774842180,default
1774841093,1_59282,1_100072,181,1_810697370,1_8024011,1774843680,1774843680,default
1774841093,1_27270,1_100161,27,1_759775720,1_8036,1774841268,1774841187,default
1774841093,1_620,40_100239,550,40_561778030,40_9652,1774841580,1774841476,default
1774841093,1_10640,1_100252,62,1_800818850,1_8025173,1774842360,1774842360,default
1774841393,1_30510,1_100006,107,1_721624410,1_3755,1774841439,1774841396,default
1774841393,1_2850,1_100089,2,1_540520920,1_8002453,1774842120,1774842120,default
1774841393,1_46505,1_102619,F Line,1_635485350,1_8003972,1774842300,1774842300,default
1774841393,1_52306,1_102619,F Line,1_635485120,1_8003979,1774841700,1774841700,default
1774841393,1_8530,1_100039,14,1_727454280,1_8003107,1774841241,1774841510,default
1774841393,1_65092,1_100162,271,1_720948700,1_7378,1774841520,1774839701,default
1774841393,1_41850,1_100006,107,1_721624410,1_3755,1774841510,1774841440,default
1774841393,1_59282,1_100072,181,1_810697330,1_7179,1774841880,1774840765,default
1774841393,1_59282,1_102717,165,1_800721200,1_7313,1774842180,1774840968,default
1774841393,1_59282,1_100072,181,1_810697370,1_8024011,1774843680,1774843680,default
1774841393,1_60710,1_100512,A Line,1_800723160,1_6277,1774841446,1774841588,default
1774841393,1_10210,1_100264,70,1_801563440,1_8256,1774841584,1774841555,default
1774841393,1_10640,1_100252,62,1_800818850,1_8292,1774842360,1774841345,default
1774841393,1_10640,1_100252,62,1_800818850,1_8025173,1774842360,1774842360,default
1774841693,1_2850,1_100089,2,1_540520920,1_8002453,1774842120,1774842120,default
1774841693,1_46505,1_102619,F Line,1_635485350,1_8003972,1774842300,1774842300,default
1774841693,1_27420,1_100161,27,1_759775720,1_8036,1774841735,1774841746,default
1774841693,1_58342,1_100072,181,1_721611690,1_7171,1774841340,1774841751,default
1774841693,1_81199,1_100072,181,1_721611570,1_7175,1774841685,1774841771,default
1774841693,1_52306,1_102619,F Line,1_635485670,1_8003973,1774842600,1774842600,default
1774841693,1_70665,1_100136,245,1_761772390,1_7250,1774841796,1774841765,default
1774841693,1_65092,1_100162,271,1_720948710,1_7367,1774845300,1774841659,default
1774841693,1_59282,1_100072,181,1_810697330,1_7179,1774841880,1774840765,default
1774841693,1_59282,1_102717,165,1_800721200,1_7313,1774842180,1774840968,default
1774841693,1_59282,1_100072,181,1_810697370,1_8024011,1774843680,1774843680,default
1774841693,1_71960,40_100511,542,40_547606910,40_8004690,1774844400,1774844400,default
1774841693,1_10640,1_100252,62,1_800818850,1_8292,1774842360,1774841345,default
1774841693,1_10640,1_100252,62,1_800818860,1_8072,1774843560,1774841752,default
1774841693,1_10640,1_100252,62,1_800818860,1_8025175,1774843560,1774843560,default
1774841993,1_2850,1_100089,2,1_540520920,1_8002453,1774842120,1774842120,default
1774841993,1_46505,1_102619,F Line,1_635485350,1_8003972,1774842300,1774842300,default
1774841993,1_46505,1_102619,F Line,1_635484860,1_8003971,1774843200,1774843200,default
1774841993,1_57453,1_102720,160,1_771060540,1_7130,1774842240,1774842018,default
1774841993,1_52306,1_102619,F Line,1_635485670,1_8003973,1774842600,1774842600,default
1774841993,1_65092,1_100162,271,1_720948710,1_7367,1774845300,1774841659,default
1774841993,1_59282,1_102717,165,1_800721200,1_7313,1774842180,1774840968,default
1774841993,1_59282,1_100072,181,1_810697370,1_8024011,1774843680,1774843680,default
1774841993,1_10912,1_100447,49,1_800921290,1_8023329,1774841970,1774842174,default
1774841993,1_71960,40_100511,542,40_547606910,40_8004690,1774844400,1774844400,default
1774841993,1_10640,1_100252,62,1_800818850,1_8292,1774842360,1774841345,default
1774841993,1_10640,1_100252,62,1_800818860,1_8072,1774843560,1774841752,default
1774842293,1_46505,1_102619,F Line,1_635484860,1_8003971,1774843200,1774843200,default
1774842293,1_84810,1_102752,223,1_833167180,1_7235,1774842401,1774842712,default
1774842293,1_52306,1_102619,F Line,1_635484640,1_8003970,1774843500,1774843500,default
1774842293,1_58112,1_100045,150,1_800719580,1_8120,1774842547,1774842700,default
1774842293,1_65092,1_100162,271,1_720948710,1_7367,1774845300,1774841659,default
1774842293,1_41940,1_100249,60,1_800825900,1_7050,1774842387,1774842734,default
1774842293,1_2200,1_100001,1,1_800556560,1_7069,1774842782,1774842699,default
1774842293,1_59282,1_100072,181,1_810697370,1_8024011,1774843680,1774843680,default
1774842293,1_59936,1_102720,160,1_800722870,1_7143,1774842609,1774842748,default
1774842293,1_25791,1_100214,372,1_548656970,1_7426,1774842616,1774842796,default
1774842293,1_10912,40_100511,542,40_569541790,40_8004679,1774843860,1774843860,default
1774842293,1_10912,1_100162,271,1_581655980,1_8004478,1774844520,1774844520,default
1774842293,1_71960,40_100511,542,40_547606910,40_8004690,1774844400,1774844400,default
1774842293,1_10640,1_100252,62,1_800818860,1_8072,1774843560,1774841752,default
1774842293,1_58144,1_102719,161,1_800724640,1_8023976,1774842441,1774842772,default
1774842778,1_51551,1_102736,H Line,1_636333460,1_6067,1774842697,1774842819,default
1774842778,1_320,40_100239,550,40_561778110,40_9570,1774842780,1774842823,default
1774842778,1_2850,1_100089,2,1_540520930,1_8002452,1774843920,1774843920,default
1774842778,1_46505,1_102619,F Line,1_635484860,1_6286,1774843200,1774842284,default
1774842778,1_46505,1_102619,F Line,1_694490580,1_8003967,1774844100,1774844100,default
1774842778,1_52306,1_102619,F Line,1_635484640,1_8003970,1774843500,1774843500,default
1774842778,1_65092,1_100162,271,1_720948710,1_7367,1774845300,1774841659,default
1774842778,1_59282,1_100072,181,1_810697370,1_8024011,1774843680,1774843680,default
1774842778,1_60710,1_100512,A Line,1_800723070,1_6010,1774842826,1774842918,default
1774842778,1_620,40_100239,550,40_561776630,40_9812,1774843260,1774843338,default
1774842778,1_10912,40_100511,542,40_569541790,40_8004679,1774843860,1774843860,default
1774842778,1_10912,1_100162,271,1_581655980,1_8004478,1774844520,1774844520,default
1774842778,1_71960,40_100511,542,40_547606910,40_8004690,1774844400,1774844400,default
1774842778,1_10640,1_100252,62,1_800818860,1_8072,1774843560,1774841752,default
1774843078,1_103,1_102745,G Line,1_736364930,1_6402,1774842555,1774843084,default
1774843078,1_8541,1_100039,14,1_800557790,1_7007,1774842180,1774843093,default
1774843078,1_8541,1_100263,7,1_650211620,1_8260,1774843020,1774843120,default
1774843078,1_575,1_100210,36,1_800571640,1_7085,1774843200,1774843154,default
1774843078,1_575,1_102576,C Line,1_800828540,1_6247,1774842840,1774843174,default
1774843078,1_2850,1_100089,2,1_540520930,1_7091,1774843920,1774842817,default
1774843078,1_2850,1_100089,2,1_540520930,1_8002452,1774843920,1774843920,default
1774843078,1_46505,1_102619,F Line,1_635484860,1_6286,1774843200,1774842284,default
1774843078,1_46505,1_102619,F Line,1_694490580,1_8003967,1774844100,1774844100,default
1774843078,1_58342,1_100072,181,1_810697330,1_7179,1774843140,1774843164,default
1774843078,1_52306,1_102619,F Line,1_635484640,1_8003970,1774843500,1774843500,default
1774843078,1_65092,1_100162,271,1_720948710,1_7367,1774845300,1774841659,default
1774843078,1_9030,1_100263,7,1_650211600,1_8234,1774843244,1774843157,default
1774843078,1_57804,1_100072,181,1_810697520,1_7478,1774843406,1774843465,default
1774843078,1_59282,1_100072,181,1_810697370,1_7175,1774843680,1774842864,default
1774843078,1_620,40_100239,550,40_561776630,40_9812,1774843260,1774843191,default
1774843078,1_620,40_100240,554,40_774846300,40_9584,1774842660,1774843519,default
1774843078,1_10912,40_100511,542,40_569541790,40_8004679,1774843860,1774843860,default
1774843078,1_10912,1_100162,271,1_581655980,1_8004478,1774844520,1774844520,default
1774843078,1_71960,40_100511,542,40_547606910,40_8004690,1774844400,1774844400,default
1774843078,1_10640,1_100252,62,1_800818860,1_8072,1774843560,1774841752,default
1774843378,1_2850,1_100089,2,1_540520930,1_7091,1774843920,1774842817,default
1774843378,1_46505,1_102619,F Line,1_694490580,1_6272,1774844100,1774843243,default
1774843378,1_46505,1_102619,F Line,1_694490580,1_8003967,1774844100,1774844100,default
1774843378,1_52306,1_102619,F Line,1_635484640,1_8003970,1774843500,1774843500,default
1774843378,1_52306,1_102619,F Line,1_635486150,1_8003974,1774844400,1774844400,default
1774843378,1_65092,1_100162,271,1_720948710,1_7367,1774845300,1774841659,default
1774843378,1_59282,1_100072,181,1_810697370,1_7175,1774843680,1774842864,default
1774843378,1_10912,40_100511,542,40_569541790,40_8004679,1774843860,1774843860,default
1774843378,1_10912,1_100162,271,1_581655980,1_8004478,1774844520,1774844520,default
1774843378,1_71960,40_100511,542,40_547606910,40_8004690,1774844400,1774844400,default
1774843378,1_10640,1_100252,62,1_800818860,1_8072,1774843560,1774841752,default
1774843678,1_575,1_102576,C Line,1_800829080,1_6267,1774843740,1774843726,default
1774843678,1_575,1_102581,D Line,1_628168810,1_6051,1774843440,1774843732,default
1774843678,1_575,1_102615,E Line,1_816564440,1_8022218,1774843740,1774843740,default
1774843678,1_575,1_100089,2,1_540520920,1_7082,1774843380,1774843752,default
1774843678,1_2850,1_100089,2,1_540520930,1_7091,1774843920,1774842817,default
1774843678,1_46505,1_102619,F Line,1_694490580,1_6272,1774844100,1774843243,default
1774843678,1_46505,1_102619,F Line,1_694488830,1_8003968,1774845000,1774845000,default
1774843678,1_68130,1_102548,B Line,1_705345730,1_6028,1774843517,1774843751,default
1774843678,1_81199,1_100072,181,1_810697520,1_7478,1774843665,1774843806,default
1774843678,1_52306,1_102619,F Line,1_635486150,1_8003974,1774844400,1774844400,default
1774843678,1_65092,1_100162,271,1_720948710,1_7367,1774845300,1774841659,default
1774843678,1_60710,1_100512,A Line,1_800718440,1_6225,1774843546,1774843865,default
1774843678,1_10912,40_100511,542,40_569541790,40_8004679,1774843860,1774843860,default
1774843678,1_10912,1_100162,271,1_581655980,1_8004478,1774844520,1774844520,default
1774843678,1_71960,40_100511,542,40_547606910,40_8004690,1774844400,1774844400,default
1774843978,1_2850,1_100089,2,1_813835060,1_8023317,1774847520,1774847520,default
1774843978,1_46505,1_102619,F Line,1_694490580,1_6272,1774844100,1774843243,default
1774843978,1_46505,1_102619,F Line,1_694488830,1_8003968,1774845000,1774845000,default
1774843978,1_52306,1_102619,F Line,1_635486150,1_8003974,1774844400,1774844400,default
1774843978,1_45670,1_100210,36,1_800571350,1_7088,1774844032,1774844097,default
1774843978,1_65092,1_100162,271,1_720948710,1_7367,1774845300,1774841659,default
1774843978,1_22184,1_102736,H Line,1_636332740,1_6076,1774844246,1774844080,default
1774843978,1_10912,1_100162,271,1_581655980,1_8004478,1774844520,1774844520,default
1774843978,1_71960,40_100511,542,40_547606910,40_8004690,1774844400,1774844400,default
1774843978,1_10640,1_100252,62,1_800818870,1_8041,1774844760,1774844053,default
1774843978,1_68400,1_100136,245,1_761772290,1_7250,1774844073,1774844155,default
1774844278,1_481,1_102576,C Line,1_800828930,1_6259,1774843560,1774844305,default
1774844278,1_2850,1_100089,2,1_813835060,1_8023317,1774847520,1774847520,default
1774844278,1_46505,1_102619,F Line,1_694488830,1_8003968,1774845000,1774845000,default
1774844278,1_52306,1_102619,F Line,1_635486150,1_8003974,1774844400,1774844400,default
1774844278,1_52306,1_102619,F Line,1_635484370,1_8003969,1774845300,1774845300,default
1774844278,1_65092,1_100162,271,1_720948710,1_7367,1774845300,1774841659,default
1774844278,1_59282,1_102717,165,1_800721180,1_8024030,1774846020,1774846020,default
1774844278,1_74714,1_102701,225,1_806902340,1_7461,1774844137,1774844410,default
1774844278,1_42540,1_100072,181,1_810697330,1_7179,1774844491,1774844367,default
1774844278,1_25791,1_100214,372,1_609399430,1_7486,1774844416,1774844466,default
1774844278,1_620,40_100236,545,40_347632040,40_8004685,1774844460,1774844501,default
1774844278,1_10912,1_100162,271,1_581655980,1_8004478,1774844520,1774844520,default
1774844278,1_10640,1_100252,62,1_800818870,1_8041,1774844760,1774844053,default
1774844578,1_575,1_100264,70,1_801563430,1_8256,1774844700,1774844646,default
1774844578,1_2850,1_100089,2,1_540520950,1_7080,1774845720,1774844501,default
1774844578,1_2850,1_100089,2,1_540520950,1_8002451,1774845720,1774845720,default
1774844578,1_2850,1_100089,2,1_813835060,1_8023317,1774847520,1774847520,default
1774844578,1_46505,1_102619,F Line,1_694488830,1_8003968,1774845000,1774845000,default
1774844578,1_46505,1_102619,F Line,1_694489880,1_8003979,1774845900,1774845900,default
1774844578,1_2320,1_100001,1,1_727453870,1_7115,1774844084,1774844642,default
1774844578,1_52306,1_102619,F Line,1_635484370,1_8003969,1774845300,1774845300,default
1774844578,1_65092,1_100162,271,1_720948710,1_7367,1774845300,1774841659,default
1774844578,1_53870,1_100030,131,1_800822240,1_8249,1774844794,1774844651,default
1774844578,1_59282,1_102717,165,1_800721180,1_8024030,1774846020,1774846020,default
1774844578,1_10640,1_100252,62,1_800818870,1_8041,1774844760,1774844053,default
1774844578,1_47890,1_100030,131,1_800822240,1_8249,1774844813,1774844670,default
1774844878,1_12170,1_100039,14,1_800556550,1_7069,1774844978,1774844856,default
1774844878,1_2850,1_100089,2,1_540520950,1_7080,1774845720,1774844501,default
1774844878,1_2850,1_100089,2,1_813835060,1_8023317,1774847520,1774847520,default
1774844878,1_46505,1_102619,F Line,1_694488830,1_8003968,1774845000,1774845000,default
1774844878,1_46505,1_102619,F Line,1_694489880,1_8003979,1774845900,1774845900,default
1774844878,1_52306,1_102619,F Line,1_635484370,1_8003969,1774845300,1774845300,default
1774844878,1_65092,1_100162,271,1_720948710,1_7367,1774845300,1774841659,default
1774844878,1_57804,1_100072,181,1_810697530,1_7176,1774845146,1774845227,default
1774844878,1_59282,1_100072,181,1_810697320,1_7478,1774845480,1774844767,default
1774844878,1_59282,1_102717,165,1_800721180,1_7438,1774846020,1774844780,default
1774844878,1_59282,1_100072,181,1_810697320,1_8023988,1774845480,1774845480,default
1774844878,1_59282,1_102717,165,1_800721180,1_8024030,1774846020,1774846020,default
1774845178,1_2850,1_100089,2,1_540520950,1_7080,1774845720,1774844501,default
1774845178,1_2850,1_100089,2,1_813835060,1_8023317,1774847520,1774847520,default
1774845178,1_46505,1_102619,F Line,1_694489880,1_8003979,1774845900,1774845900,default
1774845178,1_52306,1_102619,F Line,1_635484370,1_8003969,1774845300,1774845300,default
1774845178,1_52306,1_102619,F Line,1_635485380,1_8003972,1774846200,1774846200,default
1774845178,1_65092,1_100162,271,1_720948710,1_7367,1774845300,1774841659,default
1774845178,1_59282,1_100072,181,1_810697320,1_7478,1774845480,1774844767,default
1774845178,1_59282,1_102717,165,1_800721180,1_7438,1774846020,1774844780,default
1774845178,1_59872,1_102619,F Line,1_635484640,1_6289,1774845145,1774845314,default
1774845178,1_620,40_100239,550,40_561776960,40_9672,1774845000,1774845711,default
1774845178,1_10640,1_100252,62,1_800818880,1_8000,1774845960,1774844741,default
1774845478,1_2850,1_100089,2,1_540520950,1_7080,1774845720,1774844501,default
1774845478,1_2850,1_100089,2,1_813835060,1_8023317,1774847520,1774847520,default
1774845478,1_46505,1_102619,F Line,1_694489880,1_8003979,1774845900,1774845900,default
1774845478,1_46505,1_102619,F Line,1_694490400,1_8003973,1774846800,1774846800,default
1774845478,1_52306,1_102619,F Line,1_635485380,1_8003972,1774846200,1774846200,default
1774845478,1_2200,1_102581,D Line,1_761098790,1_6080,1774845432,1774845646,default
1774845478,1_59282,1_102717,165,1_800721180,1_7438,1774846020,1774844780,default
1774845478,1_620,40_100239,550,40_561776960,40_9672,1774845000,1774845652,default
1774845478,1_10912,1_100264,70,1_801563350,1_8026501,1774845505,1774845647,default
1774845478,1_10912,1_100447,49,1_800900400,1_8023328,1774845570,1774845657,default
1774845478,1_10640,1_100252,62,1_800818880,1_8000,1774845960,1774844741,default
1774845778,1_26560,1_102574,40,1_811081540,1_8238,1774845629,1774845859,default
1774845778,1_575,1_100264,70,1_801563820,1_8221,1774845900,1774845851,default
1774845778,1_2850,1_100089,2,1_813835060,1_8023317,1774847520,1774847520,default
1774845778,1_46505,1_102619,F Line,1_694489880,1_8003979,1774845900,1774845900,default
1774845778,1_46505,1_102619,F Line,1_694490400,1_8003973,1774846800,1774846800,default
1774845778,1_57453,1_102720,160,1_771060430,1_7198,1774845960,1774845820,default
1774845778,1_11569,1_100002,10,1_675380920,1_7178,1774845767,1774845858,default
1774845778,1_52306,1_102619,F Line,1_635485380,1_8003972,1774846200,1774846200,default
1774845778,1_59282,1_102717,165,1_800721180,1_7438,1774846020,1774844780,default
1774845778,1_30180,1_100006,107,1_635491960,1_3704,1774845744,1774845915,default
1774845778,1_9060,1_100263,7,1_650211630,1_8202,1774846029,1774845866,default
1774845778,1_60710,1_100512,A Line,1_800718410,1_6236,1774845695,1774845935,default
1774845778,1_10912,1_100162,271,1_581655990,1_8004477,1774848120,1774848120,default
1774845778,1_10640,1_100252,62,1_800818880,1_8000,1774845960,1774844741,default
1774846078,1_85800,1_100196,331,1_778676290,1_7238,1774846094,1774846088,default
1774846078,1_575,1_100263,7,1_650212540,1_8235,1774845960,1774846153,default
1774846078,1_2850,1_100089,2,1_813835060,1_8023317,1774847520,1774847520,default
1774846078,1_46505,1_102619,F Line,1_694490400,1_8003973,1774846800,1774846800,default
1774846078,1_52306,1_102619,F Line,1_635485380,1_8003972,1774846200,1774846200,default
1774846078,1_52306,1_102619,F Line,1_635485380,1_6228,1774846200,1774846200,default
1774846078,1_52306,1_102619,F Line,1_635484890,1_8003971,1774847100,1774847100,default
1774846078,1_80121,1_102719,161,1_800724240,1_7311,1774845683,1774846172,default
1774846078,1_8530,1_100263,7,1_650212550,1_6205,1774846161,1774846186,default
1774846078,1_2200,1_102581,D Line,1_761098070,1_6050,1774846332,1774846286,default
1774846078,1_59872,1_102619,F Line,1_635486150,1_6279,1774846045,1774846266,default
1774846078,1_10912,40_100511,542,40_569542900,40_8004690,1774847460,1774847460,default
1774846078,1_10912,1_100162,271,1_581655990,1_8004477,1774848120,1774848120,default
1774846078,1_10640,1_100252,62,1_800818890,1_8018,1774847760,1774847492,default
1774846378,1_2850,1_100089,2,1_813835060,1_7155,1774847520,1774846319,default
1774846378,1_2850,1_100089,2,1_813835060,1_8023317,1774847520,1774847520,default
1774846378,1_8080,1_100263,7,1_650211630,1_8202,1774846621,1774846377,default
1774846378,1_46505,1_102619,F Line,1_694490400,1_8003973,1774846800,1774846800,default
1774846378,1_73366,1_102548,B Line,1_705344850,1_6033,1774846150,1774846469,default
1774846378,1_52306,1_102619,F Line,1_635484890,1_8003971,1774847100,1774847100,default
1774846378,1_58112,1_102619,F Line,1_694488830,1_6244,1774846521,1774846534,default
1774846378,1_23905,1_100214,372,1_609399440,1_7426,1774846532,1774846532,default
1774846378,1_620,40_100239,550,40_561778120,40_9570,1774846800,1774846793,default
1774846378,1_68888,1_102552,226,1_778438640,1_7344,1774846671,1774846486,default
1774846378,1_10912,40_100511,542,40_569542900,40_8004690,1774847460,1774847460,default
1774846378,1_10912,1_100162,271,1_581655990,1_8004477,1774848120,1774848120,default
1774846378,1_10640,1_100252,62,1_800818890,1_8018,1774847760,1774846238,default
1774846678,1_28370,1_102574,40,1_811082120,1_8212,1774846456,1774846686,default
1774846678,1_6650,1_102747,61,1_803326430,1_8022180,1774846545,1774846687,default
1774846678,1_2850,1_100089,2,1_813835060,1_7155,1774847520,1774846319,default
1774846678,1_46505,1_102619,F Line,1_694490400,1_8003973,1774846800,1774846800,default
1774846678,1_60477,1_100060,168,1_800724440,1_7129,1774846586,1774846754,default
1774846678,1_52306,1_102619,F Line,1_635484890,1_8003971,1774847100,1774847100,default
1774846678,1_57804,1_100072,181,1_810697540,1_7171,1774846946,1774847200,default
1774846678,1_59282,1_100072,181,1_810697350,1_7176,1774847280,1774846347,default
1774846678,1_10912,1_100447,49,1_800900420,1_8023325,1774846770,1774846846,default
1774846678,1_10912,40_100511,542,40_569542900,40_8004690,1774847460,1774847460,default
1774846678,1_10912,1_100162,271,1_581655990,1_8004477,1774848120,1774848120,default
1774846678,1_10640,1_100252,62,1_800818890,1_8018,1774847760,1774846238,default
1774846979,1_2850,1_100089,2,1_813835060,1_7155,1774847520,1774846319,default
1774846979,1_73366,1_102548,B Line,1_705344790,1_6035,1774847050,1774847087,default
1774846979,1_52306,1_102619,F Line,1_635484890,1_8003971,1774847100,1774847100,default
1774846979,1_57804,1_100072,181,1_810697540,1_7171,1774846946,1774847166,default
1774846979,1_59282,1_100072,181,1_810697350,1_7176,1774847280,1774846347,default
1774846979,1_10912,40_100511,542,40_569542900,40_8004690,1774847460,1774847460,default
1774846979,1_10912,1_100162,271,1_581655990,1_8004477,1774848120,1774848120,default
1774846979,1_10640,1_100252,62,1_800818890,1_8018,1774847760,1774846238,default
1774847279,1_30510,1_100249,60,1_800826700,1_7026,1774846692,1774847314,default
1774847279,1_2850,1_100089,2,1_813835060,1_7155,1774847520,1774846319,default
1774847279,1_46505,1_102619,F Line,1_694490810,1_8003974,1774848600,1774848600,default
1774847279,1_10912,40_100511,542,40_569542900,40_8004690,1774847460,1774847460,default
1774847279,1_10912,1_100162,271,1_581655990,1_8004477,1774848120,1774848120,default
1774847279,1_10640,1_100252,62,1_800818890,1_8018,1774847760,1774846238,default
1774847579,1_8541,1_100263,7,1_650211670,1_8213,1774847520,1774847603,default
1774847579,1_2850,1_100089,2,1_813835120,1_8023309,1774851120,1774851120,default
1774847579,1_46505,1_102619,F Line,1_694490810,1_8003974,1774848600,1774848600,default
1774847579,1_80121,1_102719,161,1_800724270,1_7147,1774847423,1774847694,default
1774847579,1_57791,1_102718,184,1_664526100,1_7174,1774847617,1774847765,default
1774847579,1_10912,1_100162,271,1_581655990,1_8004477,1774848120,1774848120,default
1774847579,1_10640,1_100252,62,1_800818890,1_8018,1774847760,1774846238,default
1774847879,1_2850,1_100089,2,1_813835120,1_8023309,1774851120,1774851120,default
1774847879,1_46505,1_102619,F Line,1_694490810,1_8003974,1774848600,1774848600,default
1774847879,1_52306,1_102619,F Line,1_635484070,1_8003968,1774848900,1774848900,default
1774847879,1_2200,1_102581,D Line,1_761097290,1_6079,1774847232,1774848055,default
1774847879,1_42540,1_100072,181,1_810697320,1_7478,1774848091,1774848006,default
1774847879,1_620,40_100236,545,40_347632050,40_8004686,1774848060,1774848060,default
1774847879,1_620,40_100236,545,40_347632050,40_9689,1774848060,1774848095,default
1774847879,1_10912,1_100162,271,1_581655990,1_8004477,1774848120,1774848120,default
1774848179,1_2850,1_100089,2,1_540520960,1_8002453,1774849320,1774849320,default
1774848179,1_2850,1_100089,2,1_813835120,1_8023309,1774851120,1774851120,default
1774848179,1_46505,1_102619,F Line,1_694490810,1_8003974,1774848600,1774848600,default
1774848179,1_52306,1_102619,F Line,1_635484070,1_8003968,1774848900,1774848900,default
1774848179,1_72446,1_102752,223,1_766557620,1_7342,1774848376,1774848285,default
1774848179,1_2200,1_102581,D Line,1_761097410,1_6051,1774848432,1774848353,default
1774848179,1_82810,1_100133,240,1_761773450,1_7422,1774848547,1774848299,default
1774848179,1_620,40_100239,550,40_561777980,40_9652,1774848780,1774848727,default
1774848479,1_74871,1_100205,348,1_771697720,1_7221,1774848491,1774848439,default
1774848479,1_30510,1_100006,107,1_721624420,1_3722,1774848519,1774848472,default
1774848479,1_575,1_102615,E Line,1_816564550,1_6217,1774848240,1774848514,default
1774848479,1_2850,1_100089,2,1_540520960,1_7082,1774849320,1774848439,default
1774848479,1_2850,1_100089,2,1_540520960,1_8002453,1774849320,1774849320,default
1774848479,1_2850,1_100089,2,1_813835120,1_8023309,1774851120,1774851120,default
1774848479,1_46505,1_102619,F Line,1_694490810,1_8003974,1774848600,1774848600,default
1774848479,1_52306,1_102619,F Line,1_635484070,1_8003968,1774848900,1774848900,default
1774848479,1_57804,1_100072,181,1_810697430,1_7175,1774848746,1774848719,default
1774848479,1_10210,1_100264,70,1_801563510,1_8256,1774848664,1774848610,default
1774848479,1_620,40_100239,550,40_561777980,40_9652,1774848780,1774848612,default
1774848479,1_52081,1_102736,H Line,1_636333530,1_6111,1774848663,1774848611,default
1774848779,1_2850,1_100089,2,1_540520960,1_7082,1774849320,1774848439,default
1774848779,1_2850,1_100089,2,1_813835120,1_8023309,1774851120,1774851120,default
1774848779,1_46505,1_102619,F Line,1_635485390,1_8003972,1774850400,1774850400,default
1774848779,1_280,40_100240,554,40_561779230,40_8004723,1774848745,1774848844,default
1774848779,1_52306,1_102619,F Line,1_635484070,1_8003968,1774848900,1774848900,default
1774848779,1_10912,1_100264,70,1_801563800,1_8221,1774849023,1774848908,default
1774848779,1_10640,1_100252,62,1_800818900,1_8025103,1774849560,1774849560,default
1774849079,1_22196,1_102736,H Line,1_636332790,1_6077,1774848819,1774849105,default
1774849079,1_575,1_102615,E Line,1_816565240,1_6086,1774849140,1774849148,default
1774849079,1_2850,1_100089,2,1_540520960,1_7082,1774849320,1774848439,default
1774849079,1_2850,1_100089,2,1_813835120,1_8023309,1774851120,1774851120,default
1774849079,1_46505,1_102619,F Line,1_635485390,1_8003972,1774850400,1774850400,default
1774849079,1_47660,1_102736,H Line,1_636333530,1_6111,1774849271,1774849070,default
1774849079,1_8530,1_100263,7,1_650212580,1_8260,1774848801,1774849194,default
1774849079,1_10640,1_100252,62,1_800818900,1_8037,1774849560,1774848919,default
1774849379,1_26560,1_102574,40,1_811081500,1_8214,1774849109,1774849398,default
1774849379,1_2850,1_100089,2,1_813835120,1_8023309,1774851120,1774851120,default
1774849379,1_2850,1_100089,2,1_813835480,1_8023316,1774852920,1774852920,default
1774849379,1_46505,1_102619,F Line,1_635485390,1_8003972,1774850400,1774850400,default
1774849379,1_11060,1_100447,49,1_800900380,1_7156,1774849513,1774849488,default
1774849379,1_2200,1_102581,D Line,1_761098680,1_6063,1774849572,1774849575,default
1774849379,1_10640,1_100252,62,1_800818900,1_8037,1774849560,1774848919,default
1774849679,1_2850,1_100089,2,1_813835120,1_8023309,1774851120,1774851120,default
1774849679,1_2850,1_100089,2,1_813835480,1_8023316,1774852920,1774852920,default
1774849679,1_46505,1_102619,F Line,1_635485390,1_8003972,1774850400,1774850400,default
1774849679,1_57453,1_102719,161,1_800724250,1_8023964,1774849560,1774849745,default
1774849679,1_52306,1_102619,F Line,1_635485710,1_8003973,1774850700,1774850700,default
1774849679,1_9605,1_100259,67,1_553242700,1_8003417,1774849620,1774849820,default
1774849679,1_60428,1_100045,150,1_800719510,1_8023981,1774849803,1774849827,default
1774849979,1_22196,1_102736,H Line,1_636332800,1_6062,1774849719,1774849988,default
1774849979,1_320,40_100239,550,40_561778130,40_8004700,1774850040,1774850040,default
1774849979,1_2850,1_100089,2,1_813835120,1_7091,1774851120,1774849882,default
1774849979,1_2850,1_100089,2,1_813835120,1_8023309,1774851120,1774851120,default
1774849979,1_2850,1_100089,2,1_813835480,1_8023316,1774852920,1774852920,default
1774849979,1_46505,1_102619,F Line,1_635485390,1_8003972,1774850400,1774850400,default
1774849979,1_52306,1_102619,F Line,1_635485710,1_8003973,1774850700,1774850700,default
1774849979,1_59282,1_100072,181,1_810697360,1_8024011,1774851000,1774851000,default
1774849979,1_620,40_100239,550,40_561776640,40_9812,1774850580,1774850619,default
1774849979,1_68888,1_102552,226,1_778438650,1_7234,1774850271,1774850112,default
1774849979,1_10640,1_100252,62,1_800818910,1_8292,1774851360,1774850024,default
1774849979,1_10640,1_100252,62,1_800818910,1_8025173,1774851360,1774851360,default
1774850279,1_12770,1_100173,3,1_800567060,1_7192,1774850365,1774850237,default
1774850279,1_575,1_102576,C Line,1_800828240,1_6254,1774850340,1774850307,default
1774850279,1_2850,1_100089,2,1_813835120,1_7091,1774851120,1774849882,default
1774850279,1_2850,1_100089,2,1_813835480,1_8023316,1774852920,1774852920,default
1774850279,1_46505,1_102619,F Line,1_635485390,1_8003972,1774850400,1774850400,default
1774850279,1_52306,1_102619,F Line,1_635485710,1_8003973,1774850700,1774850700,default
1774850279,1_21080,1_100026,128,1_800732130,1_7322,1774850400,1774850415,default
1774850279,1_59282,1_100072,181,1_810697360,1_7175,1774851000,1774850071,default
1774850279,1_620,40_100239,550,40_561776640,40_9812,1774850580,1774850523,default
1774850279,1_10912,1_100447,49,1_800900370,1_8023331,1774850370,1774850464,default
1774850279,1_81982,1_102746,333,1_778673450,1_7259,1774850368,1774850463,default
1774850279,1_10640,1_100252,62,1_800818910,1_8292,1774851360,1774850024,default
1774850579,1_575,1_100089,2,1_540520960,1_7082,1774850580,1774850656,default
1774850579,1_575,1_100263,7,1_650212590,1_8206,1774850400,1774850661,default
1774850579,1_2850,1_100089,2,1_813835120,1_7091,1774851120,1774849882,default
1774850579,1_2850,1_100089,2,1_813835480,1_8023316,1774852920,1774852920,default
1774850579,1_3470,1_100210,36,1_800571300,1_7193,1774850640,1774850630,default
1774850579,1_52306,1_102619,F Line,1_635485710,1_8003973,1774850700,1774850700,default
1774850579,1_2200,1_102581,D Line,1_761097270,1_6041,1774850772,1774850770,default
1774850579,1_59282,1_100072,181,1_810697360,1_7175,1774851000,1774850071,default
1774850579,1_10640,1_100252,62,1_800818910,1_8292,1774851360,1774850024,default
1774850879,1_2850,1_100089,2,1_813835120,1_7091,1774851120,1774849882,default
1774850879,1_2850,1_100089,2,1_813835480,1_8023316,1774852920,1774852920,default
1774850879,1_99254,1_100045,150,1_800719510,1_8023981,1774851040,1774851057,default
1774850879,1_10640,1_100252,62,1_800818910,1_8292,1774851360,1774850024,default
1774851179,1_75890,1_102615,E Line,1_816565240,1_6086,1774851428,1774851170,default
1774851179,1_2850,1_100089,2,1_813835480,1_8023316,1774852920,1774852920,default
1774851179,1_52306,1_102619,F Line,1_635483800,1_8003974,1774852500,1774852500,default
1774851179,1_31970,1_100026,128,1_800731900,1_7392,1774850933,1774851311,default
1774851179,1_10640,1_100252,62,1_800818910,1_8292,1774851360,1774850024,default
1774851179,1_10640,1_100252,62,1_800818920,1_8072,1774853160,1774851057,default
1774851479,1_2850,1_100089,2,1_813835480,1_7080,1774852920,1774851356,default
1774851479,1_2850,1_100089,2,1_813835480,1_8023316,1774852920,1774852920,default
1774851479,1_46505,1_102619,F Line,1_656301500,1_8003968,1774852320,1774852320,default
1774851479,1_1190,1_100018,12,1_801565710,1_7140,1774851602,1774851504,default
1774851479,1_52306,1_102619,F Line,1_635483800,1_8003974,1774852500,1774852500,default
1774851479,1_80121,1_102719,161,1_800724540,1_7351,1774851012,1774851572,default
1774851479,1_620,40_100236,545,40_347632610,40_8004685,1774851600,1774851738,default
1774851479,1_10640,1_100252,62,1_800818920,1_8072,1774853160,1774851057,default
1774851779,1_2850,1_100089,2,1_813835480,1_7080,1774852920,1774851356,default
1774851779,1_46505,1_102619,F Line,1_656301500,1_8003968,1774852320,1774852320,default
1774851779,1_52306,1_102619,F Line,1_635483800,1_8003974,1774852500,1774852500,default
1774851779,1_58112,1_102619,F Line,1_635485390,1_6228,1774851905,1774851914,default
1774851779,1_10640,1_100252,62,1_800818920,1_8072,1774853160,1774851057,default
1774852079,1_8541,1_100263,7,1_650211720,1_8260,1774852020,1774852097,default
1774852079,1_575,1_100263,7,1_650212610,1_8213,1774852140,1774852102,default
1774852079,1_575,1_100001,1,1_727453880,1_7115,1774851060,1774852121,default
1774852079,1_2850,1_100089,2,1_813835480,1_7080,1774852920,1774851356,default
1774852079,1_46505,1_102619,F Line,1_656301500,1_8003968,1774852320,1774852320,default
1774852079,1_52306,1_102619,F Line,1_635483800,1_8003974,1774852500,1774852500,default
1774852079,1_57804,1_100072,181,1_810697340,1_7176,1774852346,1774852415,default
1774852079,1_10912,1_100447,49,1_800900270,1_8023325,1774852170,1774852248,default
1774852079,1_71960,1_102752,223,1_766557630,1_7338,1774852200,1774852287,default
1774852079,1_10640,1_100252,62,1_800818920,1_8072,1774853160,1774851057,default
1774852379,1_575,1_100028,13,1_813835100,1_7091,1774852380,1774852417,default
1774852379,1_2850,1_100089,2,1_813835480,1_7080,1774852920,1774851356,default
1774852379,1_280,40_100240,554,40_561776290,40_8004726,1774852345,1774852437,default
1774852379,1_58342,1_100072,181,1_810697360,1_7175,1774852260,1774852489,default
1774852379,1_52306,1_102619,F Line,1_635483800,1_8003974,1774852500,1774852500,default
1774852379,1_18590,1_100252,62,1_800819550,1_8000,1774852677,1774852421,default
1774852379,1_10640,1_100252,62,1_800818920,1_8072,1774853160,1774851057,default
1774852679,1_2850,1_100089,2,1_813835480,1_7080,1774852920,1774851356,default
1774852679,1_280,40_100240,554,40_561776290,40_9584,1774852345,1774852756,default
1774852679,1_57791,1_102718,184,1_635478100,1_7174,1774852897,1774852891,default
1774852679,1_620,40_100239,550,40_561776970,40_9672,1774852980,1774853240,default
1774852679,1_10912,1_100264,70,1_801563230,1_8026502,1774852863,1774852863,default
1774852679,1_10640,1_100252,62,1_800818920,1_8072,1774853160,1774851057,default
1774852679,1_8403,1_100039,14,1_562596060,1_8003154,1774856280,1774856280,default
1774852980,1_320,40_100240,554,40_561776290,40_9584,1774852440,1774853038,default
1774852980,1_575,1_100173,3,1_800567110,1_7169,1774852980,1774853037,default
1774852980,1_73953,1_102704,250,1_720951910,1_7369,1774852858,1774853066,default
1774852980,1_52306,1_102619,F Line,1_656302780,1_8003972,1774854300,1774854300,default
1774852980,1_99254,40_102758,570,40_816347480,40_9683,1774853623,1774854022,default
1774852980,1_40030,1_102574,40,1_811081430,1_8229,1774852704,1774853114,default
1774852980,1_620,40_100239,550,40_561776970,40_9672,1774852980,1774853145,default
1774852980,1_10640,1_100252,62,1_800818920,1_8072,1774853160,1774851057,default
1774852980,1_10640,1_100252,62,1_800818930,1_8041,1774854960,1774852778,default
1774852980,1_8403,1_100039,14,1_562596060,1_8003154,1774856280,1774856280,default
1774853280,1_103,1_102745,G Line,1_736365080,1_6402,1774853323,1774853292,default
1774853280,1_26560,1_102574,40,1_811082110,1_8212,1774852589,1774853318,default
1774853280,1_46505,1_102619,F Line,1_656303050,1_8003973,1774854120,1774854120,default
1774853280,1_52306,1_102619,F Line,1_656302780,1_8003972,1774854300,1774854300,default
1774853280,1_80121,1_102719,161,1_800724870,1_7147,1774853221,1774853365,default
1774853280,1_99254,40_102758,570,40_816347480,40_9683,1774853623,1774853964,default
1774853280,1_10640,1_100252,62,1_800818930,1_8041,1774854960,1774852778,default
1774853280,1_8403,1_100039,14,1_562596060,1_8003154,1774856280,1774856280,default
1774853580,1_46505,1_102619,F Line,1_656303050,1_8003973,1774854120,1774854120,default
1774853580,1_52306,1_102619,F Line,1_656302780,1_8003972,1774854300,1774854300,default
1774853580,1_99254,40_102758,570,40_816347480,40_9683,1774853623,1774853764,default
1774853580,1_58112,1_102619,F Line,1_656301500,1_6244,1774853825,1774853727,default
1774853580,1_68888,1_102552,226,1_778438660,1_7344,1774853871,1774853689,default
1774853580,1_10640,1_100252,62,1_800818930,1_8041,1774854960,1774852778,default
1774853580,1_8403,1_100039,14,1_800557360,1_7133,1774853820,1774853712,default
1774853580,1_8403,1_100039,14,1_562596060,1_8003154,1774856280,1774856280,default
1774853880,1_575,1_100210,36,1_800571270,1_7152,1774853940,1774853896,default
1774853880,1_46505,1_102619,F Line,1_656303050,1_8003973,1774854120,1774854120,default
1774853880,1_52306,1_102619,F Line,1_656302780,1_8003972,1774854300,1774854300,default
1774853880,1_31890,1_100026,128,1_800731960,1_7390,1774854168,1774854025,default
1774853880,1_10912,1_100264,70,1_801563200,1_8026491,1774854063,1774854063,default
1774853880,1_10640,1_100252,62,1_800818930,1_8041,1774854960,1774852778,default
1774853880,1_52081,1_102736,H Line,1_732731900,1_6062,1774854063,1774854016,default
1774853880,1_8403,1_100039,14,1_562596060,1_8003154,1774856280,1774856280,default
1774854180,1_37200,1_100026,128,1_800731960,1_7390,1774854486,1774854187,default
1774854180,1_52306,1_102619,F Line,1_656302780,1_8003972,1774854300,1774854300,default
1774854180,1_19921,1_100101,21,1_809333020,1_8264,1774854361,1774854289,default
1774854180,1_620,40_100239,550,40_561778100,40_9570,1774854660,1774854708,default
1774854180,1_10640,1_100252,62,1_800818930,1_8041,1774854960,1774852778,default
1774854180,1_8403,1_100039,14,1_562596060,1_8003154,1774856280,1774856280,default
1774854480,1_575,1_100264,70,1_801563300,1_8268,1774854300,1774854552,default
1774854480,1_11569,1_100002,10,1_675380990,1_7072,1774854647,1774854546,default
1774854480,1_40030,1_102574,40,1_811081530,1_8238,1774854504,1774854627,default
1774854480,1_2200,1_102581,D Line,1_761097260,1_6079,1774854372,1774854674,default
1774854480,1_620,40_100239,550,40_561778100,40_9570,1774854660,1774854606,default
1774854480,1_10912,1_100223,43,1_761083580,1_8003126,1774854064,1774854652,default
1774854480,1_10640,1_100252,62,1_800818930,1_8041,1774854960,1774852778,default
1774854480,1_8403,1_100039,14,1_562596060,1_8003154,1774856280,1774856280,default
1774854780,1_99254,1_100045,150,1_800719750,1_6955,1774854580,1774854926,default
1774854780,1_10640,1_100252,62,1_800818930,1_8041,1774854960,1774852778,default
1774854780,1_8403,1_100039,14,1_562596060,1_8003154,1774856280,1774856280,default
1774855080,1_103,1_102745,G Line,1_736364440,1_8002818,1774855123,1774855123,default
1774855080,1_22196,1_102736,H Line,1_636332840,1_6060,1774854999,1774855091,default
1774855080,1_51551,1_102736,H Line,1_727455110,1_6112,1774855188,1774855081,default
1774855080,1_2850,1_100089,2,1_540521390,1_8002453,1774856340,1774856340,default
1774855080,1_99254,40_102758,570,40_816347490,40_9689,1774855423,1774856132,default
1774855080,1_9605,1_100259,67,1_534514710,1_8003416,1774854960,1774855202,default
1774855080,1_14280,1_102581,D Line,1_585650180,1_6041,1774854735,1774855229,default
1774855080,1_620,1_100045,150,1_800719750,1_6955,1774854960,1774855283,default
1774855080,1_8403,1_100039,14,1_562596060,1_8003154,1774856280,1774856280,default
1774855380,1_2850,1_100089,2,1_540521390,1_8002453,1774856340,1774856340,default
1774855380,1_99254,40_102758,570,40_816347490,40_9689,1774855423,1774856145,default
1774855380,1_58112,1_102619,F Line,1_656303050,1_6234,1774855625,1774855536,default
1774855380,1_8403,1_100039,14,1_562596060,1_8003154,1774856280,1774856280,default
1774855380,1_18220,1_100028,13,1_813835440,1_8023316,1774855412,1774855551,default
1774855680,1_28370,1_102574,40,1_811081440,1_8255,1774855311,1774855694,default
1774855680,1_2850,1_100089,2,1_540521390,1_7155,1774856340,1774855503,default
1774855680,1_2850,1_100089,2,1_540521390,1_8002453,1774856340,1774856340,default
1774855680,3_31002,1_102736,H Line,1_636333600,1_6111,1774855990,1774855688,default
1774855680,1_99254,40_102758,570,40_816347490,40_8022766,1774855423,1774856003,default
1774855680,1_99254,40_102758,570,40_816347490,40_9689,1774855423,1774856038,default
1774855680,1_10912,1_100264,70,1_801563580,1_8256,1774855863,1774855841,default
1774855680,1_8403,1_100039,14,1_562596060,1_7115,1774856280,1774855686,default
1774855680,1_8403,1_100039,14,1_562596060,1_8003154,1774856280,1774856280,default
1774855980,1_2850,1_100089,2,1_540521390,1_7155,1774856340,1774855503,default
1774855980,1_620,40_100239,550,40_561778070,40_9652,1774856460,1774856598,default
1774855980,1_8403,1_100039,14,1_562596060,1_7115,1774856280,1774855686,default
1774856280,1_7750,1_102615,E Line,1_816562280,1_6200,1774856461,1774856368,default
1774856280,1_49470,1_100031,132,1_800822340,1_8249,1774856414,1774856361,default
1774856280,1_620,40_100239,550,40_561778070,40_9652,1774856460,1774856510,default
1774856580,1_99254,40_102758,570,40_816347500,40_8022769,1774857223,1774857660,default
1774856880,1_27420,1_100249,60,1_800827110,1_7047,1774856436,1774857045,default
1774856880,1_75770,1_102615,E Line,1_816564430,1_6094,1774857043,1774856910,default
1774856880,1_80121,1_102719,161,1_800724570,1_7351,1774856821,1774857002,default
1774856880,1_8530,1_100263,7,1_650215400,1_8206,1774857201,1774856964,default
1774856880,1_8530,1_100263,7,1_650212660,1_8260,1774856901,1774856990,default
1774856880,1_99254,40_102758,570,40_816347500,40_8022769,1774857223,1774857746,default
1774857180,1_80692,1_100045,150,1_800719760,1_8179,1774857188,1774857204,default
1774857180,1_99254,40_102758,570,40_816347500,40_8022769,1774857223,1774857564,default
1774857480,1_575,1_100089,2,1_540521390,1_7155,1774857600,1774857544,default
1774857480,1_10912,1_100447,49,1_800900230,1_7090,1774857570,1774857656,default
1774858380,1_57453,1_102720,160,1_635478660,1_7168,1774858440,1774858401,default
1774858380,1_11060,1_100447,49,1_800900230,1_7090,1774858513,1774858459,default
1774858380,1_22184,1_102736,H Line,1_636332850,1_6111,1774858526,1774858526,default
1774858680,1_99254,40_102758,570,40_816347510,40_9653,1774859023,1774859643,default
1774858980,1_99254,40_102758,570,40_816347510,40_9653,1774859023,1774859643,default
1774859280,1_99254,40_102758,570,40_816347510,40_9653,1774859023,1774859480,default
1774859280,1_10912,1_100264,70,1_801563220,1_8026502,1774859463,1774859463,default
1774859580,1_575,1_102576,C Line,1_800828220,1_6254,1774859760,1774859599,default
1774859580,1_575,1_100264,70,1_801563450,1_8256,1774859700,1774859615,default
1774859880,1_99254,40_102758,570,40_816347520,40_9683,1774860823,1774860936,default
1774860180,1_99254,40_102758,570,40_816347520,40_9683,1774860823,1774860940,default
1774860180,1_11060,1_100447,49,1_800900210,1_7156,1774860313,1774860267,default
1774860480,1_80121,1_102719,161,1_800724580,1_7129,1774860481,1774860576,default
1774860480,1_99254,40_102758,570,40_816347520,40_9683,1774860823,1774860727,default
1774860480,1_40065,1_102574,40,1_811081420,1_8229,1774860245,1774860598,default
1774860780,1_99254,40_102758,570,40_816347530,40_8022766,1774862623,1774862812,default
1774861894,1_99254,40_102758,570,40_816347530,40_8022766,1774862623,1774862902,default
1774862194,1_57453,1_102720,160,1_635478680,1_8004028,1774862280,1774862114,default
1774862194,1_99254,40_102758,570,40_816347530,40_8022766,1774862623,1774862824,default
1774862494,1_99254,40_102758,570,40_816347530,40_8022766,1774862623,1774862690,default
1774862494,1_75850,1_102615,E Line,1_816564400,1_6203,1774862649,1774862587,default
1774862494,1_52081,1_102736,H Line,1_636333620,1_6111,1774862883,1774862633,default
1774862794,1_575,1_100263,7,1_650211870,1_8253,1774862760,1774862835,default
1774862794,1_11200,1_100447,49,1_800900170,1_7156,1774862820,1774862880,default
1774862794,1_10912,1_100447,49,1_800900190,1_8023325,1774862970,1774862970,default
1774862794,1_10912,1_100447,49,1_800900190,1_7080,1774862970,1774862970,default
1774863094,1_47660,1_102736,H Line,1_636333620,1_6111,1774863439,1774863065,default
1774863394,1_575,1_102576,C Line,1_800828270,1_6256,1774863360,1774863436,default
1774863394,1_47660,1_102736,H Line,1_636333620,1_8003104,1774863439,1774863105,default
1774863694,1_99254,40_102758,570,40_816347540,40_8022769,1774864423,1774864752,default
1774863994,1_99254,40_102758,570,40_816347540,40_8022769,1774864423,1774864616,default
1774864294,1_99254,40_102758,570,40_816347540,40_8022769,1774864423,1774864427,default
1774864594,1_10912,1_100447,49,1_800900180,1_8023330,1774864770,1774864770,default
1774865194,1_99254,40_102758,570,40_816347550,40_8022768,1774866223,1774866223,default
1774865494,1_25140,1_100254,65,1_778668350,1_8003417,1774865438,1774865568,default
1774865494,1_99254,40_102758,570,40_816347550,40_8022768,1774866223,1774866223,default
1774865794,1_575,1_100263,7,1_650211860,1_8003091,1774865700,1774865881,default
1774865794,1_99254,40_102758,570,40_816347550,40_8022768,1774866223,1774866223,default
1774866094,1_99254,40_102758,570,40_816347550,40_8022768,1774866223,1774866223,default
1774866094,1_99254,40_102758,570,40_816347550,40_9653,1774866223,1774866223,default
1774866395,1_10912,1_100447,49,1_800900310,1_7105,1774866570,1774866503,default
1774866995,1_99254,40_102758,570,40_816347560,40_9683,1774868023,1774868085,default
1774866995,1_14280,1_102581,D Line,1_628169020,1_6051,1774866735,1774867132,default
1774867295,1_99254,40_102758,570,40_816347560,40_9683,1774868023,1774868118,default
1774867295,1_11060,1_100447,49,1_800900310,1_7105,1774867513,1774867417,default
1774868195,1_10912,1_100447,49,1_800900150,1_8023325,1774868370,1774868370,default
1774868195,1_10640,1_100252,62,1_800855800,1_8024961,1774871040,1774871040,default
1774868495,1_59282,1_102717,165,1_800649560,1_8023767,1774871700,1774871700,default
1774868495,1_59282,1_100072,181,1_815955210,1_8023815,1774871700,1774871700,default
1774868495,1_10640,1_100252,62,1_800855800,1_8024961,1774871040,1774871040,default
1774868795,1_8541,1_100263,7,1_650132330,1_7974951,1774868820,1774868873,default
1774868795,1_57453,40_102734,566,40_597750610,40_7976586,1774871040,1774871040,default
1774868795,1_99254,40_102758,570,40_816347570,40_8022766,1774869823,1774869882,default
1774868795,1_59282,1_102717,165,1_800649560,1_8023767,1774871700,1774871700,default
1774868795,1_59282,1_100072,181,1_815955210,1_8023815,1774871700,1774871700,default
1774868795,1_10640,1_100252,62,1_800855800,1_8024961,1774871040,1774871040,default
1774869095,1_60453,1_102715,162,1_635447070,1_7976013,1774871520,1774871520,default
1774869095,1_575,1_102581,D Line,1_800601160,1_6062,1774869000,1774869153,default
1774869095,1_57453,40_102734,566,40_597750610,40_7976586,1774871040,1774871040,default
1774869095,1_99254,40_102758,570,40_816347570,40_8022766,1774869823,1774869912,default
1774869095,1_11060,1_100447,49,1_800900150,1_7080,1774869313,1774869162,default
1774869095,1_59282,1_102717,165,1_800649560,1_8023767,1774871700,1774871700,default
1774869095,1_59282,1_100072,181,1_815955210,1_8023815,1774871700,1774871700,default
1774869095,1_10640,1_100252,62,1_800855800,1_8024961,1774871040,1774871040,default
1774869395,1_60453,1_102715,162,1_635447070,1_7976013,1774871520,1774871520,default
1774869395,1_2850,1_100089,2,1_788757990,1_8023443,1774871220,1774871220,default
1774869395,1_57453,40_102734,566,40_597750610,40_7976586,1774871040,1774871040,default
1774869395,1_59282,1_102717,165,1_800649560,1_8023767,1774871700,1774871700,default
1774869395,1_59282,1_100072,181,1_815955210,1_8023815,1774871700,1774871700,default
1774869395,1_10640,1_100252,62,1_800855800,1_8024961,1774871040,1774871040,default
1774869695,1_60453,1_102715,162,1_635447070,1_7976013,1774871520,1774871520,default
1774869695,1_2850,1_100089,2,1_788757990,1_8023443,1774871220,1774871220,default
1774869695,1_57453,40_102734,566,40_597750610,40_7976586,1774871040,1774871040,default
1774869695,1_52306,1_102619,F Line,1_635448310,1_7976142,1774871040,1774871040,default
1774869695,1_59282,1_102717,165,1_800649560,1_8023767,1774871700,1774871700,default
1774869695,1_59282,1_100072,181,1_815955210,1_8023815,1774871700,1774871700,default
1774869695,1_59282,1_100072,181,1_721481720,1_7976141,1774873140,1774873140,default
1774869695,1_10640,1_100252,62,1_800855800,1_8024961,1774871040,1774871040,default
1774869995,1_60453,1_102715,162,1_635447070,1_7976013,1774871520,1774871520,default
1774869995,1_2850,1_100089,2,1_788757990,1_8023443,1774871220,1774871220,default
1774869995,1_57453,40_102734,566,40_597750610,40_7976586,1774871040,1774871040,default
1774869995,1_52306,1_102619,F Line,1_635448310,1_7976142,1774871040,1774871040,default
1774869995,1_59282,1_102717,165,1_800649560,1_8023767,1774871700,1774871700,default
1774869995,1_59282,1_100072,181,1_815955210,1_8023815,1774871700,1774871700,default
1774869995,1_59282,1_100072,181,1_721481720,1_7976141,1774873140,1774873140,default
1774869995,1_10640,1_100252,62,1_800855800,1_8024961,1774871040,1774871040,default
1774870295,1_60453,1_102715,162,1_635447070,1_7976013,1774871520,1774871520,default
1774870295,1_2850,1_100089,2,1_788757990,1_8023443,1774871220,1774871220,default
1774870295,1_57453,40_102734,566,40_597750610,40_7976586,1774871040,1774871040,default
1774870295,1_57453,1_100060,168,1_664460500,1_7976127,1774873800,1774873800,default
1774870295,1_52306,1_102619,F Line,1_635448310,1_7976142,1774871040,1774871040,default
1774870295,1_59282,1_102717,165,1_800649560,1_8023767,1774871700,1774871700,default
1774870295,1_59282,1_100072,181,1_815955210,1_8023815,1774871700,1774871700,default
1774870295,1_59282,1_102717,165,1_800649570,1_8023733,1774873080,1774873080,default
1774870295,1_59282,1_100072,181,1_721481720,1_7976141,1774873140,1774873140,default
1774870295,1_10640,1_100252,62,1_800855800,1_8024961,1774871040,1774871040,default
1774870295,1_10640,1_100252,62,1_800855810,1_8024956,1774872840,1774872840,default
1774870595,1_60453,1_102715,162,1_635447070,1_7976013,1774871520,1774871520,default
1774870595,1_60453,1_102715,162,1_635447080,1_7976026,1774872720,1774872720,default
1774870595,1_2850,1_100089,2,1_788757990,1_8023443,1774871220,1774871220,default
1774870595,1_57453,40_102734,566,40_597750610,40_7976586,1774871040,1774871040,default
1774870595,1_57453,1_100060,168,1_664460500,1_7976127,1774873800,1774873800,default
1774870595,1_52306,1_102619,F Line,1_635448310,1_7976142,1774871040,1774871040,default
1774870595,1_22184,1_102736,H Line,1_694057530,1_6064,1774870826,1774870698,default
1774870595,1_59282,1_102717,165,1_800649560,1_8023767,1774871700,1774871700,default
1774870595,1_59282,1_100072,181,1_815955210,1_8023815,1774871700,1774871700,default
1774870595,1_59282,1_102717,165,1_800649570,1_8023733,1774873080,1774873080,default
1774870595,1_59282,1_100072,181,1_721481720,1_7976141,1774873140,1774873140,default
1774870595,1_10640,1_100252,62,1_800855800,1_8024961,1774871040,1774871040,default
1774870595,1_10640,1_100252,62,1_800855810,1_8024956,1774872840,1774872840,default
1774870895,1_60453,1_102715,162,1_635447070,1_7976013,1774871520,1774871520,default
1774870895,1_60453,1_102715,162,1_635447080,1_7976026,1774872720,1774872720,default
1774870895,1_2850,1_100089,2,1_788757990,1_8023443,1774871220,1774871220,default
1774870895,1_57453,1_100060,168,1_664460500,1_7976127,1774873800,1774873800,default
1774870895,1_52306,1_102619,F Line,1_635448310,1_7976142,1774871040,1774871040,default
1774870895,1_59282,1_102717,165,1_800649560,1_8023767,1774871700,1774871700,default
1774870895,1_59282,1_100072,181,1_815955210,1_8023815,1774871700,1774871700,default
1774870895,1_59282,1_102717,165,1_800649570,1_8023733,1774873080,1774873080,default
1774870895,1_59282,1_100072,181,1_721481720,1_7976141,1774873140,1774873140,default
1774870895,1_10640,1_100252,62,1_800855810,1_8024956,1774872840,1774872840,default
1774871195,1_60453,1_102715,162,1_635447070,1_7976013,1774871520,1774871520,default
1774871195,1_60453,1_102715,162,1_635447080,1_7976026,1774872720,1774872720,default
1774871195,1_3470,1_100249,60,1_801584830,1_7144,1774871280,1774871238,default
1774871195,1_57453,1_100060,168,1_664460500,1_7976127,1774873800,1774873800,default
1774871195,1_59773,1_100045,150,1_693748030,1_8191,1774871278,1774871232,default
1774871195,1_59282,1_102717,165,1_800649560,1_8023767,1774871700,1774871700,default
1774871195,1_59282,1_100072,181,1_815955210,1_8023815,1774871700,1774871700,default
1774871195,1_59282,1_102717,165,1_800649570,1_8023733,1774873080,1774873080,default
1774871195,1_59282,1_100072,181,1_721481720,1_7976141,1774873140,1774873140,default
1774871195,1_59282,1_102717,165,1_800649580,1_8023842,1774874280,1774874280,default
1774871195,1_10640,1_100252,62,1_800855810,1_8024956,1774872840,1774872840,default
1774871495,1_12770,1_100219,4,1_675344990,1_4306,1774871468,1774871513,default
1774871495,1_60453,1_102715,162,1_635447080,1_7976026,1774872720,1774872720,default
1774871495,1_60453,1_102715,162,1_664468640,1_7975993,1774873920,1774873920,default
1774871495,1_57453,1_100060,168,1_664460500,1_7976127,1774873800,1774873800,default
1774871495,1_22184,1_102736,H Line,1_694057440,1_6063,1774871726,1774871622,default
1774871495,1_59282,1_102717,165,1_800649560,1_7101,1774871700,1774871477,default
1774871495,1_59282,1_102717,165,1_800649560,1_8023767,1774871700,1774871700,default
1774871495,1_59282,1_100072,181,1_815955210,1_8023815,1774871700,1774871700,default
1774871495,1_59282,1_102717,165,1_800649570,1_8023733,1774873080,1774873080,default
1774871495,1_59282,1_100072,181,1_721481720,1_7976141,1774873140,1774873140,default
1774871495,1_59282,1_102717,165,1_800649580,1_8023842,1774874280,1774874280,default
1774871495,1_50787,1_100074,183,1_810733350,1_7145,1774871580,1774871686,default
1774871495,1_620,40_100240,554,40_774868060,40_9645,1774871700,1774871711,default
1774871495,1_71960,40_100511,542,40_721030910,40_7976607,1774873260,1774873260,default
1774871495,1_10640,1_100252,62,1_800855810,1_8024956,1774872840,1774872840,default
1774871795,1_60453,1_102715,162,1_635447080,1_7976026,1774872720,1774872720,default
1774871795,1_60453,1_102715,162,1_664468640,1_7975993,1774873920,1774873920,default
1774871795,1_575,1_102576,C Line,1_800869500,1_6245,1774871880,1774871862,default
1774871795,1_27420,1_100249,60,1_801584830,1_7144,1774871916,1774871930,default
1774871795,1_57453,40_102734,566,40_597751250,40_7976588,1774873680,1774873680,default
1774871795,1_57453,1_100060,168,1_664460500,1_7976127,1774873800,1774873879,default
1774871795,1_52306,1_102619,F Line,1_694520790,1_7976083,1774873200,1774873200,default
1774871795,1_59282,1_102717,165,1_800649570,1_8023733,1774873080,1774873080,default
1774871795,1_59282,1_100072,181,1_721481720,1_7976141,1774873140,1774873140,default
1774871795,1_59282,1_102717,165,1_800649580,1_8023842,1774874280,1774874280,default
1774871795,1_71960,40_100511,542,40_721030910,40_7976607,1774873260,1774873260,default
1774871795,1_10640,1_100252,62,1_800855810,1_8024956,1774872840,1774872840,default
1774872096,1_970,40_578,578,40_3220020,40_41515,1774872147,1774872147,default
1774872096,1_60453,1_102715,162,1_635447080,1_7976026,1774872720,1774872720,default
1774872096,1_60453,1_102715,162,1_664468640,1_7975993,1774873920,1774873920,default
1774872096,1_320,40_100239,550,40_597754820,40_9648,1774872120,1774872149,default
1774872096,1_575,1_100219,4,1_689911030,1_4407,1774872060,1774872156,default
1774872096,1_57453,40_102734,566,40_597751250,40_7976588,1774873680,1774873680,default
1774872096,1_57453,1_100060,168,1_664460500,1_7976127,1774873800,1774873852,default
1774872096,1_57453,1_100060,168,1_664460530,1_7976210,1774875600,1774875600,default
1774872096,1_52306,1_102619,F Line,1_694520790,1_7976083,1774873200,1774873200,default
1774872096,1_59282,1_102717,165,1_800649570,1_8023733,1774873080,1774873080,default
1774872096,1_59282,1_100072,181,1_721481720,1_7976141,1774873140,1774873140,default
1774872096,1_59282,1_102717,165,1_800649580,1_8023842,1774874280,1774874280,default
1774872096,1_59282,1_100072,181,1_770986350,1_7976082,1774874640,1774874640,default
1774872096,1_81684,40_100240,554,40_774868680,40_9580,1774872300,1774872314,default
1774872096,1_71960,40_100511,542,40_721030910,40_7976607,1774873260,1774873260,default
1774872096,1_10640,1_100252,62,1_800855810,1_8024956,1774872840,1774872840,default
1774872396,1_60453,1_102715,162,1_635447080,1_7976026,1774872720,1774872720,default
1774872396,1_60453,1_102715,162,1_664468640,1_7975993,1774873920,1774873920,default
1774872396,1_46505,1_102619,F Line,1_656236480,1_7975992,1774873380,1774873380,default
1774872396,1_57453,40_102734,566,40_597751250,40_7976588,1774873680,1774873680,default
1774872396,1_57453,1_100060,168,1_664460500,1_7976127,1774873800,1774873905,default
1774872396,1_57453,1_100060,168,1_664460530,1_7976210,1774875600,1774875600,default
1774872396,1_52306,1_102619,F Line,1_694520790,1_7976083,1774873200,1774873200,default
1774872396,1_85906,1_100074,183,1_810733350,1_7145,1774872606,1774872473,default
1774872396,1_59282,1_102717,165,1_800649570,1_8023733,1774873080,1774873080,default
1774872396,1_59282,1_100072,181,1_721481720,1_7976141,1774873140,1774873140,default
1774872396,1_59282,1_102717,165,1_800649580,1_8023842,1774874280,1774874280,default
1774872396,1_59282,1_100072,181,1_770986350,1_7976082,1774874640,1774874640,default
1774872396,1_59872,1_102619,F Line,1_635448310,1_6000,1774872625,1774872606,default
1774872396,1_620,40_100236,545,40_806327820,40_8005184,1774872420,1774872572,default
1774872396,1_620,40_100236,545,40_806327820,40_9660,1774872420,1774872631,default
1774872396,1_10912,1_100162,271,1_569495650,1_7976347,1774874280,1774874280,default
1774872396,1_71960,40_100511,542,40_721030910,40_7976607,1774873260,1774873260,default
1774872396,1_10640,1_100252,62,1_800855810,1_8024956,1774872840,1774872840,default
1774872696,1_60161,1_100042,148,1_762076990,1_7976053,1774874700,1774874700,default
1774872696,1_60453,1_102715,162,1_664468640,1_7975993,1774873920,1774873920,default
1774872696,1_46505,1_102619,F Line,1_656236480,1_7975992,1774873380,1774873380,default
1774872696,1_57453,40_102734,566,40_597751250,40_7976588,1774873680,1774873680,default
1774872696,1_57453,1_100060,168,1_664460500,1_7976127,1774873800,1774873931,default
1774872696,1_57453,1_100060,168,1_664460530,1_7976210,1774875600,1774875600,default
1774872696,3_31002,40_560,560,40_11020,40_9728,1774872944,1774872944,default
1774872696,1_52306,1_102619,F Line,1_694520790,1_7976083,1774873200,1774873200,default
1774872696,1_52306,1_102619,F Line,1_694521050,1_7976226,1774874100,1774874100,default
1774872696,1_8530,1_100263,7,1_800589340,1_4554,1774873037,1774872830,default
1774872696,1_99254,1_100487,102,1_693749550,1_8172,1774872845,1774872759,default
1774872696,1_40030,1_102574,40,1_811901830,1_8207,1774872504,1774872810,default
1774872696,1_59282,1_102717,165,1_800649570,1_8023733,1774873080,1774873080,default
1774872696,1_59282,1_100072,181,1_721481720,1_7976141,1774873140,1774873140,default
1774872696,1_59282,1_102717,165,1_800649580,1_8023842,1774874280,1774874280,default
1774872696,1_59282,1_100072,181,1_770986350,1_7976082,1774874640,1774874640,default
1774872696,1_620,40_100239,550,40_597752040,40_9687,1774873080,1774873009,default
1774872696,1_10912,1_100162,271,1_569495650,1_7976347,1774874280,1774874280,default
1774872696,1_71960,40_100511,542,40_721030910,40_7976607,1774873260,1774873260,default
1774872696,1_81982,1_102746,333,1_778705040,1_7238,1774872879,1774872889,default
1774872696,1_8403,1_100039,14,1_562520950,1_4359,1774872660,1774872874,default
1774872996,1_60161,1_100042,148,1_762076990,1_7976053,1774874700,1774874700,default
1774872996,1_60453,1_102715,162,1_664468640,1_7975993,1774873920,1774873920,default
1774872996,1_46505,1_102619,F Line,1_656236480,1_7975992,1774873380,1774873380,default
1774872996,1_57453,40_102734,566,40_597751250,40_7976588,1774873680,1774873680,default
1774872996,1_57453,1_100060,168,1_664460500,1_7976127,1774873800,1774873929,default
1774872996,1_57453,1_100060,168,1_664460530,1_7976210,1774875600,1774875600,default
1774872996,1_52306,1_102619,F Line,1_694520790,1_7976083,1774873200,1774873200,default
1774872996,1_52306,1_102619,F Line,1_694521050,1_7976226,1774874100,1774874100,default
1774872996,1_40093,1_100133,240,1_814480860,1_7250,1774873127,1774873045,default
1774872996,1_59282,1_100072,181,1_721481720,1_7976141,1774873140,1774873140,default
1774872996,1_59282,1_102717,165,1_800649580,1_8023842,1774874280,1774874280,default
1774872996,1_59282,1_100072,181,1_770986350,1_7976082,1774874640,1774874640,default
1774872996,1_60710,1_100512,A Line,1_800643080,1_6243,1774873153,1774873163,default
1774872996,1_620,40_100240,554,40_774869050,40_9647,1774873320,1774873118,default
1774872996,1_10912,1_100162,271,1_569495650,1_7976347,1774874280,1774874280,default
1774872996,1_71960,40_100511,542,40_721030910,40_7976607,1774873260,1774873260,default
1774872996,1_10640,1_100252,62,1_800855820,1_8024957,1774874640,1774874640,default
1774873296,1_60161,1_100042,148,1_762076990,1_7976053,1774874700,1774874700,default
1774873296,1_8541,1_100263,7,1_650171950,1_4524,1774873320,1774873235,default
1774873296,1_60453,1_102715,162,1_664468640,1_7975993,1774873920,1774873920,default
1774873296,1_46505,1_102619,F Line,1_656236480,1_7975992,1774873380,1774873380,default
1774873296,1_1190,40_100239,550,40_597752040,40_9687,1774873489,1774873348,default
1774873296,1_57453,40_102734,566,40_597751250,40_7976588,1774873680,1774873680,default
1774873296,1_57453,1_100060,168,1_664460500,1_7976127,1774873800,1774873917,default
1774873296,1_57453,1_100060,168,1_664460530,1_7976210,1774875600,1774875600,default
1774873296,1_52306,1_102619,F Line,1_694521050,1_7976226,1774874100,1774874100,default
1774873296,1_53870,1_100030,131,1_800858180,1_8036,1774873303,1774873407,default
1774873296,1_2200,1_102581,D Line,1_732750550,1_6062,1774873439,1774873460,default
1774873296,1_59282,1_102717,165,1_800649580,1_8023842,1774874280,1774874280,default
1774873296,1_59282,1_100072,181,1_770986350,1_7976082,1774874640,1774874640,default
1774873296,1_10912,1_100162,271,1_569495650,1_7976347,1774874280,1774874280,default
1774873296,1_71960,40_100511,542,40_721030940,40_7976602,1774874640,1774874640,default
1774873296,1_10640,1_100252,62,1_800855820,1_8024957,1774874640,1774874640,default
1774873596,1_60161,1_100042,148,1_762076990,1_7976053,1774874700,1774874700,default
1774873596,1_60453,1_102715,162,1_664468640,1_7975993,1774873920,1774873920,default
1774873596,1_60453,1_102715,162,1_664468650,1_7976113,1774875720,1774875720,default
1774873596,1_575,1_100263,7,1_800589340,1_4554,1774873740,1774873556,default
1774873596,1_1190,1_100009,11,1_736449990,1_7046,1774873383,1774873651,default
1774873596,1_57453,1_100060,168,1_664460500,1_7976127,1774873800,1774873873,default
1774873596,1_57453,1_100060,168,1_664460530,1_7976210,1774875600,1774875713,default
1774873596,1_8671,1_100275,8,1_800891560,1_8073,1774873837,1774873606,default
1774873596,1_52306,1_102619,F Line,1_694521050,1_7976226,1774874100,1774874100,default
1774873596,1_52306,1_102619,F Line,1_694521160,1_7975997,1774875000,1774875000,default
1774873596,1_99254,1_100045,150,1_693748030,1_8191,1774873805,1774873730,default
1774873596,1_59282,1_102717,165,1_800649580,1_7323,1774874280,1774874280,default
1774873596,1_59282,1_102717,165,1_800649580,1_8023842,1774874280,1774874280,default
1774873596,1_59282,1_100072,181,1_770986350,1_7976082,1774874640,1774874640,default
1774873596,1_59282,1_100072,181,1_721481600,1_7976015,1774875840,1774875840,default
1774873596,1_10912,1_100162,271,1_569495650,1_7976347,1774874280,1774874280,default
1774873596,1_71960,40_100511,542,40_721030940,40_7976602,1774874640,1774874640,default
1774873596,1_10640,1_100252,62,1_800855820,1_8024957,1774874640,1774874640,default
1774873596,1_10640,1_100252,62,1_800855830,1_8025077,1774875540,1774875540,default
1774873896,1_29217,1_100224,44,1_562536520,1_4507,1774873789,1774873911,default
1774873896,1_60161,1_100042,148,1_762076990,1_7976053,1774874700,1774874700,default
1774873896,1_60453,1_102715,162,1_664468650,1_7976113,1774875720,1774875720,default
1774873896,1_2850,1_100089,2,1_788758000,1_8023453,1774874220,1774874220,default
1774873896,1_46505,1_102619,F Line,1_635448320,1_7976142,1774874580,1774874580,default
1774873896,1_57453,1_100060,168,1_664460530,1_7976210,1774875600,1774875685,default
1774873896,1_57453,1_100060,168,1_635439020,1_7976212,1774877400,1774877400,default
1774873896,1_68130,1_102548,B Line,1_721018000,1_6033,1774873726,1774873955,default
1774873896,1_11200,1_100447,49,1_801235640,1_8023497,1774873980,-1,default
1774873896,1_52306,1_102619,F Line,1_694521050,1_7976226,1774874100,1774874100,default
1774873896,1_52306,1_102619,F Line,1_694521160,1_7975997,1774875000,1774875000,default
1774873896,1_16400,1_100225,45,1_583678350,1_8105,1774874015,1774873931,default
1774873896,1_59282,1_102717,165,1_800649580,1_7323,1774874280,1774873650,default
1774873896,1_59282,1_100072,181,1_770986350,1_7976082,1774874640,1774874640,default
1774873896,1_59282,1_100072,181,1_721481600,1_7976015,1774875840,1774875840,default
1774873896,1_59282,1_102717,165,1_800649600,1_8023877,1774876740,1774876740,default
1774873896,1_10912,1_100162,271,1_569495650,1_7976347,1774874280,1774874280,default
1774873896,1_71960,40_100511,542,40_721030940,40_7976602,1774874640,1774874640,default
1774873896,1_83787,1_100072,181,1_815955210,1_7482,1774874119,1774874041,default
1774873896,1_10640,1_100252,62,1_800855820,1_8024957,1774874640,1774874640,default
1774873896,1_10640,1_100252,62,1_800855830,1_8025077,1774875540,1774875540,default
1774874196,1_60161,1_100042,148,1_762076990,1_7976053,1774874700,1774874700,default
1774874196,1_60453,1_102715,162,1_664468650,1_7976113,1774875720,1774875720,default
1774874196,1_575,1_100219,4,1_675345010,1_4363,1774874220,1774874264,default
1774874196,1_46505,1_102619,F Line,1_635448320,1_7976142,1774874580,1774874580,default
1774874196,1_46505,1_102619,F Line,1_635448970,1_7976000,1774875480,1774875480,default
1774874196,1_57453,1_100060,168,1_664460530,1_7976210,1774875600,1774875760,default
1774874196,1_57453,1_100060,168,1_635439020,1_7976212,1774877400,1774877400,default
1774874196,1_52306,1_102619,F Line,1_694521160,1_7975997,1774875000,1774875000,default
1774874196,1_2200,1_102581,D Line,1_732750310,1_6054,1774874399,1774874304,default
1774874196,1_57804,1_100072,181,1_721481430,1_7300,1774874482,1774874590,default
1774874196,1_59282,1_100072,181,1_770986350,1_7976082,1774874640,1774874640,default
1774874196,1_59282,1_100072,181,1_721481600,1_7976015,1774875840,1774875840,default
1774874196,1_59282,1_102717,165,1_800649600,1_8023877,1774876740,1774876740,default
1774874196,1_79872,1_100133,240,1_814480860,1_7250,1774874441,1774874258,default
1774874196,1_72391,1_100136,245,1_761786910,1_7344,1774874366,1774874319,default
1774874196,1_10912,1_100162,271,1_585519130,1_7976348,1774875780,1774875780,default
1774874196,1_71960,40_100511,542,40_721030940,40_7976602,1774874640,1774874640,default
1774874196,1_10640,1_100252,62,1_800855820,1_8024957,1774874640,1774874640,default
1774874196,1_10640,1_100252,62,1_800855830,1_8025077,1774875540,1774875540,default
1774874196,1_18220,1_100028,13,1_815907190,1_7098,1774874403,1774874310,default
1774874496,1_60161,1_100042,148,1_762076990,1_7976053,1774874700,1774874700,default
1774874496,1_60161,1_100042,148,1_762077410,1_7976051,1774876500,1774876500,default
1774874496,1_60453,1_102715,162,1_664468650,1_7976113,1774875720,1774875720,default
1774874496,1_575,1_100210,36,1_800582070,1_4521,1774874640,1774874494,default
1774874496,1_46505,1_102619,F Line,1_635448320,1_7976142,1774874580,1774874580,default
1774874496,1_46505,1_102619,F Line,1_635448970,1_7976000,1774875480,1774875480,default
1774874496,1_57453,1_100060,168,1_664460530,1_7976210,1774875600,1774875881,default
1774874496,1_57453,1_100060,168,1_635439020,1_7976212,1774877400,1774877400,default
1774874496,3_31002,40_560,560,40_2359020,40_9203,1774874614,1774874614,default
1774874496,1_52306,1_102619,F Line,1_694521160,1_7975997,1774875000,1774875000,default
1774874496,1_59282,1_100072,181,1_770986350,1_7976082,1774874640,1774874640,default
1774874496,1_59282,1_100072,181,1_721481600,1_7976015,1774875840,1774875840,default
1774874496,1_59282,1_102717,165,1_800649600,1_8023877,1774876740,1774876740,default
1774874496,1_620,40_100240,554,40_774868680,40_9580,1774874940,1774874853,default
1774874496,1_10912,1_100162,271,1_585519130,1_7976348,1774875780,1774875780,default
1774874496,1_81982,1_102746,333,1_778704410,1_7220,1774874679,1774874636,default
1774874496,1_10640,1_100252,62,1_800855830,1_8025077,1774875540,1774875540,default
1774874496,1_10640,1_100252,62,1_800855840,1_8025066,1774876440,1774876440,default
1774874796,1_60161,1_100042,148,1_762077410,1_7976051,1774876500,1774876500,default
1774874796,1_60453,1_102715,162,1_664468650,1_7976113,1774875720,1774875720,default
1774874796,1_46505,1_102619,F Line,1_635448970,1_7976000,1774875480,1774875480,default
1774874796,1_46505,1_102619,F Line,1_635449240,1_7976074,1774876080,1774876080,default
1774874796,1_31680,1_100031,132,1_800857950,1_8014,1774874650,1774874850,default
1774874796,1_57453,1_100060,168,1_664460530,1_7976210,1774875600,1774875900,default
1774874796,1_57453,1_100060,168,1_635439020,1_7976212,1774877400,1774877400,default
1774874796,1_11200,1_100447,49,1_801235620,1_4354,1774874820,1774874862,default
1774874796,1_52306,1_100031,132,1_800858370,1_8060,1774875060,1774874893,default
1774874796,1_52306,1_102619,F Line,1_694521160,1_7975997,1774875000,1774875000,default
1774874796,1_17950,1_100062,17,1_651754470,1_7974580,1774876680,1774876680,default
1774874796,1_59282,1_102717,165,1_800649590,1_8023716,1774875600,1774875600,default
1774874796,1_59282,1_100072,181,1_721481600,1_7976015,1774875840,1774875840,default
1774874796,1_59282,1_102717,165,1_800649600,1_8023877,1774876740,1774876740,default
1774874796,1_10210,1_102754,256,1_816378540,1_6994,1774874979,1774875183,default
1774874796,1_10210,1_100177,303,1_803352660,1_8152,1774875420,1774875518,default
1774874796,1_620,40_100239,550,40_597754060,40_9686,1774875000,1774875184,default
1774874796,1_10912,1_100162,271,1_585519130,1_7976348,1774875780,1774875780,default
1774874796,1_10912,40_100511,542,40_569563230,40_7976607,1774876440,1774876440,default
1774874796,1_71960,40_100511,542,40_721030780,40_7976603,1774876620,1774876620,default
1774874796,1_10640,1_100252,62,1_800855830,1_8025077,1774875540,1774875540,default
1774874796,1_10640,1_100252,62,1_800855840,1_8025066,1774876440,1774876440,default
1774874796,1_68400,1_100136,245,1_761786910,1_7344,1774874994,1774874914,default
1774875096,1_28370,1_102574,40,1_811901620,1_8209,1774874956,1774875099,default
1774875096,1_60161,1_100042,148,1_762077410,1_7976051,1774876500,1774876500,default
1774875096,1_60453,1_102715,162,1_664468650,1_7976113,1774875720,1774875720,default
1774875096,1_575,1_102576,C Line,1_800869250,1_6261,1774874880,1774875175,default
1774875096,1_2850,1_100089,2,1_788758010,1_7097,1774876020,1774874711,default
1774875096,1_46505,1_102619,F Line,1_635448970,1_7976000,1774875480,1774875480,default
1774875096,1_46505,1_102619,F Line,1_635449240,1_7976074,1774876080,1774876080,default
1774875096,1_29423,1_102732,79,1_816446280,1_8022070,1774877100,1774877100,default
1774875096,1_57453,1_100060,168,1_664460530,1_7976210,1774875600,1774875835,default
1774875096,1_57453,1_100060,168,1_635439020,1_7976212,1774877400,1774877400,default
1774875096,1_52306,40_560,560,40_2359020,40_9203,1774875240,1774875240,default
1774875096,1_17950,1_100062,17,1_651754470,1_7974580,1774876680,1774876680,default
1774875096,1_39983,1_102736,H Line,1_694057180,1_6064,1774875240,1774875172,default
1774875096,1_59282,1_102717,165,1_800649590,1_7476,1774875600,1774875119,default
1774875096,1_59282,1_102717,165,1_800649590,1_8023716,1774875600,1774875600,default
1774875096,1_59282,1_100072,181,1_721481600,1_7976015,1774875840,1774875840,default
1774875096,1_59282,1_102717,165,1_800649600,1_8023877,1774876740,1774876740,default
1774875096,1_59282,1_102717,165,1_800649610,1_8023881,1774877940,1774877940,default
1774875096,1_59872,1_102619,F Line,1_694520790,1_6010,1774874905,1774875241,default
1774875096,1_10210,1_100177,303,1_803352660,1_8152,1774875420,1774875518,default
1774875096,1_57791,1_102718,184,1_664464220,1_1036,1774875503,1774875367,default
1774875096,1_49755,1_100031,132,1_800858420,1_8248,1774875330,1774875218,default
1774875096,1_10912,1_100162,271,1_585519130,1_7976348,1774875780,1774875780,default
1774875096,1_10912,40_100511,542,40_569563230,40_7976607,1774876440,1774876440,default
1774875096,1_71960,40_100511,542,40_721030780,40_7976603,1774876620,1774876620,default
1774875096,1_10640,1_100252,62,1_800855830,1_8025077,1774875540,1774875540,default
1774875096,1_10640,1_100252,62,1_800855840,1_8025066,1774876440,1774876440,default
1774875096,1_10640,1_100252,62,1_800855850,1_8025081,1774877340,1774877340,default
1774875396,1_103,1_102745,G Line,1_736437380,1_6403,1774874955,1774875525,default
1774875396,1_60161,1_100042,148,1_762077410,1_7976051,1774876500,1774876500,default
1774875396,1_970,1_100045,150,1_800669650,1_8023794,1774875432,1774875432,default
1774875396,1_60453,1_102715,162,1_664468650,1_7976113,1774875720,1774875720,default
1774875396,1_60453,1_102715,162,1_693754380,1_7976115,1774877520,1774877520,default
1774875396,1_60453,1_102715,162,1_693754390,1_7976013,1774878900,1774878900,default
1774875396,1_575,1_100263,7,1_800589070,1_4563,1774875540,1774875462,default
1774875396,1_2850,1_100089,2,1_788758010,1_7097,1774876020,1774874711,default
1774875396,1_46505,1_102619,F Line,1_635448970,1_7976000,1774875480,1774875480,default
1774875396,1_46505,1_102619,F Line,1_635449240,1_7976074,1774876080,1774876080,default
1774875396,1_29423,1_102732,79,1_816446280,1_8022070,1774877100,1774877100,default
1774875396,1_57453,1_100060,168,1_664460530,1_7976210,1774875600,1774875808,default
1774875396,1_57453,1_100060,168,1_635439020,1_7976212,1774877400,1774877431,default
1774875396,1_77460,1_100205,348,1_771627160,1_7222,1774875405,1774875461,default
1774875396,1_73366,1_102548,B Line,1_721018210,1_6035,1774875480,1774875386,default
1774875396,1_52306,1_102619,F Line,1_635449090,1_7976017,1774875900,1774875900,default
1774875396,1_52306,1_102619,F Line,1_656237160,1_7976085,1774876800,1774876800,default
1774875396,1_17950,1_100062,17,1_651754470,1_7974580,1774876680,1774876680,default
1774875396,1_2200,1_102581,D Line,1_732750280,1_6089,1774875719,1774875511,default
1774875396,1_59282,1_102717,165,1_800649590,1_7476,1774875600,1774875119,default
1774875396,1_59282,1_100072,181,1_721481600,1_7976015,1774875840,1774875840,default
1774875396,1_59282,1_102717,165,1_800649600,1_8023877,1774876740,1774876740,default
1774875396,1_59282,1_102717,165,1_800649610,1_8023881,1774877940,1774877940,default
1774875396,1_32120,1_100345,987,1_785360680,1_8005289,1774877940,1774877940,default
1774875396,1_10912,1_100162,271,1_585519130,1_7976348,1774875780,1774875780,default
1774875396,1_10912,40_100511,542,40_569563230,40_7976607,1774876440,1774876440,default
1774875396,1_71960,40_100511,542,40_721030780,40_7976603,1774876620,1774876620,default
1774875396,1_10640,1_100252,62,1_800855840,1_8025066,1774876440,1774876440,default
1774875396,1_10640,1_100252,62,1_800855850,1_8025081,1774877340,1774877340,default
1774875396,1_52081,1_102736,H Line,1_694057180,1_6064,1774875681,1774875533,default
1774875696,1_60161,1_100042,148,1_762077410,1_7976051,1774876500,1774876500,default
1774875696,1_8541,1_100263,7,1_650171980,1_7974938,1774875420,1774875769,default
1774875696,1_12770,1_100228,48,1_759806030,1_8069,1774875494,1774875717,default
1774875696,1_30790,1_100230,50,1_785558930,1_3701,1774875837,1774875682,default
1774875696,1_60453,1_102715,162,1_693754380,1_7976115,1774877520,1774877520,default
1774875696,1_60453,1_102715,162,1_693754390,1_7976013,1774878900,1774878900,default
1774875696,1_320,40_100239,550,40_597756630,40_7976614,1774875660,1774875728,default
1774875696,1_575,1_102576,C Line,1_800869080,1_6267,1774875840,1774875742,default
1774875696,1_575,1_100089,2,1_788758000,1_7119,1774875600,1774875750,default
1774875696,1_2850,1_100089,2,1_788758010,1_7097,1774876020,1774874711,default
1774875696,1_46505,1_102619,F Line,1_635449240,1_7976074,1774876080,1774876080,default
1774875696,1_29423,1_102732,79,1_816446280,1_8022070,1774877100,1774877100,default
1774875696,1_27420,1_100161,27,1_759817270,1_8022,1774875754,1774875748,default
1774875696,1_57453,1_100060,168,1_664460530,1_7976210,1774875600,1774875829,default
1774875696,1_57453,1_100060,168,1_635439020,1_7976212,1774877400,1774877400,default
1774875696,3_31002,1_102736,H Line,1_694057180,1_6064,1774875826,1774875662,default
1774875696,1_52306,1_102619,F Line,1_635449090,1_7976017,1774875900,1774875900,default
1774875696,1_52306,1_102619,F Line,1_656237160,1_7976085,1774876800,1774876800,default
1774875696,1_8530,1_100005,106,1_727785880,1_7133,1774875861,1774875724,default
1774875696,1_17950,1_100062,17,1_651754470,1_7974580,1774876680,1774876680,default
1774875696,1_57804,1_100072,181,1_721490210,1_7173,1774875982,1774875848,default
1774875696,1_59282,1_100072,181,1_721481430,1_7300,1774875840,1774875778,default
1774875696,1_59282,1_100072,181,1_721481600,1_7976015,1774875840,1774875840,default
1774875696,1_59282,1_102717,165,1_800649600,1_8023877,1774876740,1774876740,default
1774875696,1_59282,1_102717,165,1_800649610,1_8023881,1774877940,1774877940,default
1774875696,1_32120,1_100345,987,1_785360680,1_8005289,1774877940,1774877940,default
1774875696,1_620,1_100104,212,1_774865860,1_7405,1774876260,1774876310,default
1774875696,1_620,1_100011,111,1_635433380,1_6929,1774876320,1774876490,default
1774875696,1_10912,40_100511,542,40_569563230,40_7976607,1774876440,1774876440,default
1774875696,1_10912,1_100162,271,1_585518960,1_7976343,1774877580,1774877580,default
1774875696,1_71960,40_100511,542,40_721030780,40_7976603,1774876620,1774876620,default
1774875696,1_10640,1_100252,62,1_800855840,1_8025066,1774876440,1774876440,default
1774875696,1_10640,1_100252,62,1_800855850,1_8025081,1774877340,1774877340,default
1774875696,1_58144,1_102717,165,1_800649580,1_7323,1774875896,1774875821,default
1774875696,1_76310,40_100232,522,40_635897440,40_7976770,1774875855,1774875874,default
1774875996,1_60161,1_100042,148,1_762077410,1_7976051,1774876500,1774876500,default
1774875996,1_60453,1_102715,162,1_693754380,1_7976115,1774877520,1774877520,default
1774875996,1_60453,1_102715,162,1_693754390,1_7976013,1774878900,1774878900,default
1774875996,1_320,40_100239,550,40_597756630,40_7976614,1774875660,1774876026,default
1774875996,1_46505,1_102619,F Line,1_635449240,1_7976074,1774876080,1774876080,default
1774875996,1_46505,1_102619,F Line,1_635449510,1_7975996,1774877280,1774877280,default
1774875996,1_29423,1_102732,79,1_816446280,1_8022070,1774877100,1774877100,default
1774875996,1_57453,1_100060,168,1_635439020,1_7976212,1774877400,1774877421,default
1774875996,1_57453,1_100060,168,1_635438980,1_7976209,1774879200,1774879200,default
1774875996,1_82324,1_100196,331,1_803359520,1_7200,1774876108,1774876064,default
1774875996,1_52306,1_102619,F Line,1_656237160,1_7976085,1774876800,1774876800,default
1774875996,1_99254,1_100487,102,1_693749560,1_7310,1774875322,1774876120,default
1774875996,1_17950,1_100062,17,1_651754470,1_7974580,1774876680,1774876680,default
1774875996,1_2200,1_100275,8,1_800891620,1_8073,1774877653,1774876096,default
1774875996,1_2200,1_102581,D Line,1_732750380,1_6071,1774876199,1774876111,default
1774875996,1_59282,1_100072,181,1_721481900,1_7300,1774877040,1774875769,default
1774875996,1_59282,1_102717,165,1_800649600,1_8023877,1774876740,1774876740,default
1774875996,1_59282,1_102717,165,1_800649610,1_8023881,1774877940,1774877940,default
1774875996,1_32120,1_100345,987,1_785360680,1_8005289,1774877940,1774877940,default
1774875996,1_620,1_100104,212,1_774865860,1_7405,1774876260,1774876179,default
1774875996,1_620,1_100011,111,1_635433380,1_6929,1774876320,1774876347,default
1774875996,1_10912,40_100511,542,40_569563230,40_7976607,1774876440,1774876440,default
1774875996,1_10912,1_100162,271,1_585518960,1_7976343,1774877580,1774877580,default
1774875996,1_10912,40_100511,542,40_569560200,40_7976602,1774878240,1774878240,default
1774875996,1_71960,40_100511,542,40_721030780,40_7976603,1774876620,1774876620,default
1774875996,1_10640,1_100252,62,1_800855840,1_8025066,1774876440,1774876440,default
1774875996,1_10640,1_100252,62,1_800855850,1_8025081,1774877340,1774877340,default
1774876296,1_29217,1_100224,44,1_562510220,1_4529,1774876118,1774876332,default
1774876296,1_26560,1_102574,40,1_811901720,1_8229,1774876295,1774876398,default
1774876296,1_60161,1_100042,148,1_762077410,1_7976051,1774876500,1774876500,default
1774876296,1_51930,1_100030,131,1_800859000,1_8039,1774876337,1774876295,default
1774876296,1_60453,1_102715,162,1_693754380,1_7976115,1774877520,1774877520,default
1774876296,1_60453,1_102715,162,1_693754390,1_7976013,1774878900,1774878900,default
1774876296,1_46505,1_102619,F Line,1_635448470,1_7976083,1774876680,1774876680,default
1774876296,1_46505,1_102619,F Line,1_635449510,1_7975996,1774877280,1774877280,default
1774876296,1_29423,1_102732,79,1_816446280,1_8022070,1774877100,1774877100,default
1774876296,1_47660,1_102736,H Line,1_694057180,1_7974887,1774876383,1774876243,default
1774876296,1_57453,1_100060,168,1_635439020,1_7976212,1774877400,1774877530,default
1774876296,1_57453,1_100060,168,1_635438980,1_7976209,1774879200,1774879200,default
1774876296,1_52306,1_102619,F Line,1_656237160,1_7976085,1774876800,1774876800,default
1774876296,1_52306,1_102619,F Line,1_656236500,1_7975992,1774877400,1774877400,default
1774876296,1_17950,1_100062,17,1_651754470,1_7974580,1774876680,1774876680,default
1774876296,1_40065,1_102574,40,1_811901620,1_8209,1774876429,1774876364,default
1774876296,1_59282,1_100072,181,1_721481900,1_7300,1774877040,1774875769,default
1774876296,1_59282,1_102717,165,1_800649600,1_8023877,1774876740,1774876740,default
1774876296,1_59282,1_102717,165,1_800649610,1_8023881,1774877940,1774877940,default
1774876296,1_32120,1_100345,987,1_785360680,1_8005289,1774877940,1774877940,default
1774876296,1_14280,1_102581,D Line,1_628189140,1_6041,1774876215,1774876445,default
1774876296,1_10210,1_102729,322,1_803353300,1_8144,1774876740,1774877037,default
1774876296,1_10912,1_100264,70,1_801594290,1_8026409,1774876465,1774876465,default
1774876296,1_10912,1_100162,271,1_585518960,1_7976343,1774877580,1774877580,default
1774876296,1_10912,40_100511,542,40_569560200,40_7976602,1774878240,1774878240,default
1774876296,1_71960,40_100511,542,40_721030780,40_7976603,1774876620,1774876620,default
1774876296,1_71960,40_100511,542,40_721031240,40_7976608,1774877880,1774877880,default
1774876296,1_81982,1_102746,333,1_778704850,1_7975726,1774876479,1774876479,default
1774876296,1_10640,1_100252,62,1_800855850,1_8025081,1774877340,1774877340,default
1774876296,1_10640,1_100252,62,1_800855870,1_8025067,1774878720,1774878720,default
1774876596,1_60161,1_100042,148,1_762076880,1_7976052,1774879980,1774879980,default
1774876596,1_60453,1_102715,162,1_693754380,1_7976115,1774877520,1774877520,default
1774876596,1_60453,1_102715,162,1_693754390,1_7976013,1774878900,1774878900,default
1774876596,1_575,1_102576,C Line,1_800868960,1_6262,1774876440,1774876642,default
1774876596,1_46505,1_102619,F Line,1_635448470,1_7976083,1774876680,1774876680,default
1774876596,1_46505,1_102619,F Line,1_635449510,1_7975996,1774877280,1774877280,default
1774876596,1_29423,1_102732,79,1_816446280,1_8022070,1774877100,1774877100,default
1774876596,1_57453,1_100060,168,1_635439020,1_7976212,1774877400,1774877452,default
1774876596,1_57453,1_100060,168,1_635438980,1_7976209,1774879200,1774879200,default
1774876596,1_52306,1_102619,F Line,1_656237160,1_7976085,1774876800,1774876800,default
1774876596,1_52306,1_102619,F Line,1_656236500,1_7975992,1774877400,1774877400,default
1774876596,1_99254,1_100068,177,1_721500680,1_6949,1774877242,1774876719,default
1774876596,1_40030,1_102574,40,1_811901450,1_8244,1774876580,1774876702,default
1774876596,1_17950,1_100062,17,1_651754500,1_7974575,1774879080,1774879080,default
1774876596,1_49350,1_100026,128,1_806634100,1_1005,1774876617,1774876751,default
1774876596,1_57804,1_100072,181,1_721481760,1_7482,1774877182,1774877144,default
1774876596,1_59282,1_100072,181,1_721481900,1_7300,1774877040,1774875769,default
1774876596,1_59282,1_102717,165,1_800649600,1_8023877,1774876740,1774876740,default
1774876596,1_59282,1_102717,165,1_800649610,1_8023881,1774877940,1774877940,default
1774876596,1_32120,1_100345,987,1_785360680,1_8005289,1774877940,1774877940,default
1774876596,1_74714,1_102701,225,1_806914310,1_7235,1774876837,1774876729,default
1774876596,1_10210,1_102754,256,1_816378550,1_6982,1774876959,1774876862,default
1774876596,1_10210,1_102729,322,1_803353300,1_8144,1774876740,1774877037,default
1774876596,1_57791,1_102718,184,1_664464230,1_1013,1774876703,1774876824,default
1774876596,1_620,40_100239,550,40_597754840,40_9648,1774876920,1774876825,default
1774876596,1_620,1_100011,111,1_635442410,1_7434,1774877220,1774877363,default
1774876596,1_10912,1_100162,271,1_585518960,1_7976343,1774877580,1774877580,default
1774876596,1_10912,40_100511,542,40_569560200,40_7976602,1774878240,1774878240,default
1774876596,1_71960,40_100511,542,40_721031240,40_7976608,1774877880,1774877880,default
1774876596,1_10640,1_100252,62,1_800855850,1_8025081,1774877340,1774877340,default
1774876596,1_10640,1_100252,62,1_800855870,1_8025067,1774878720,1774878720,default
1774876896,1_12170,1_100039,14,1_562518450,1_4397,1774876995,1774876995,default
1774876896,1_481,1_102576,C Line,1_800868710,1_6248,1774876920,1774876854,default
1774876896,1_60161,1_100042,148,1_762076880,1_7976052,1774879980,1774879980,default
1774876896,1_8541,1_100263,7,1_650172000,1_4547,1774876980,1774876918,default
1774876896,1_60453,1_102715,162,1_693754380,1_7976115,1774877520,1774877520,default
1774876896,1_60453,1_102715,162,1_693754390,1_7976013,1774878900,1774878900,default
1774876896,1_60453,1_102715,162,1_693754400,1_7976026,1774880340,1774880340,default
1774876896,1_46505,1_102619,F Line,1_635449510,1_7975996,1774877280,1774877280,default
1774876896,1_29423,1_102732,79,1_816446280,1_8022070,1774877100,1774877100,default
1774876896,1_27290,1_100161,27,1_759817370,1_8006,1774876950,1774876933,default
1774876896,1_57453,1_100060,168,1_635439020,1_7976212,1774877400,1774877516,default
1774876896,1_57453,1_100060,168,1_635438980,1_7976209,1774879200,1774879218,default
1774876896,1_75770,1_102615,E Line,1_816541560,1_6203,1774877443,1774876914,default
1774876896,1_52306,1_100031,132,1_800858420,1_8024994,1774876980,1774876843,default
1774876896,1_52306,1_100031,132,1_800858420,1_8248,1774876980,1774876857,default
1774876896,1_52306,1_102619,F Line,1_656236500,1_7975992,1774877400,1774877400,default
1774876896,1_17950,1_100062,17,1_651754500,1_7974575,1774879080,1774879080,default
1774876896,1_57804,1_100072,181,1_721481760,1_7482,1774877182,1774877114,default
1774876896,1_59282,1_100072,181,1_721481900,1_7300,1774877040,1774875769,default
1774876896,1_59282,1_102717,165,1_800649610,1_8023881,1774877940,1774877940,default
1774876896,1_32120,1_100345,987,1_785360680,1_8005289,1774877940,1774877940,default
1774876896,1_10210,1_100177,303,1_803352670,1_8197,1774877160,1774877732,default
1774876896,1_620,40_100240,554,40_774870300,40_9818,1774877160,1774877135,default
1774876896,1_620,1_100011,111,1_635442410,1_7434,1774877220,1774877207,default
1774876896,1_620,1_100104,212,1_774865870,1_6960,1774877460,1774877461,default
1774876896,1_620,1_100459,218,1_774864090,1_6970,1774877520,1774877587,default
1774876896,1_10912,1_100162,271,1_585518960,1_7976343,1774877580,1774877580,default
1774876896,1_10912,40_100511,542,40_569560200,40_7976602,1774878240,1774878240,default
1774876896,1_10912,1_100162,271,1_569495510,1_7976369,1774878720,1774878720,default
1774876896,1_71960,40_100511,542,40_721031240,40_7976608,1774877880,1774877880,default
1774876896,1_10640,1_100252,62,1_800855860,1_8013,1774878240,1774876873,default
1774876896,1_10640,1_100252,62,1_800855850,1_8025081,1774877340,1774877340,default
1774876896,1_10640,1_100252,62,1_800855870,1_8025067,1774878720,1774878720,default
1774877197,1_12170,1_100039,14,1_562518450,1_4397,1774876995,1774877267,default
1774877197,1_60161,1_100042,148,1_762077240,1_7976071,1774878300,1774878300,default
1774877197,1_60161,1_100042,148,1_762076880,1_7976052,1774879980,1774879980,default
1774877197,1_60453,1_102715,162,1_693754380,1_7976115,1774877520,1774877520,default
1774877197,1_60453,1_102715,162,1_693754390,1_7976013,1774878900,1774878900,default
1774877197,1_60453,1_102715,162,1_693754400,1_7976026,1774880340,1774880340,default
1774877197,1_320,29_424,424,29_16132037__MCOB-DO:121:0:Weekday:2:26MAR:61015:12345,29_21810,1774877100,1774877232,default
1774877197,1_2850,1_100089,2,1_788758020,1_8023443,1774877700,1774875814,default
1774877197,1_46505,1_102619,F Line,1_635449510,1_7975996,1774877280,1774877280,default
1774877197,1_46505,1_102619,F Line,1_635448760,1_7976226,1774877880,1774877880,default
1774877197,1_27420,1_100249,60,1_801584930,1_7111,1774877196,1774877279,default
1774877197,1_57453,1_100060,168,1_635439020,1_7976212,1774877400,1774877400,default
1774877197,1_57453,1_100060,168,1_635438980,1_7976209,1774879200,1774879294,default
1774877197,1_52306,1_102619,F Line,1_656236500,1_6273,1774877400,1774877159,default
1774877197,1_52306,1_102619,F Line,1_656236500,1_7975992,1774877400,1774877400,default
1774877197,1_32013,1_100246,57,1_801580930,1_8025806,1774878000,1774878000,default
1774877197,1_32013,1_100246,57,1_801580910,1_8025809,1774880220,1774880220,default
1774877197,1_17950,1_100062,17,1_651754500,1_7974575,1774879080,1774879080,default
1774877197,1_59282,1_102717,165,1_800649610,1_8023881,1774877940,1774877940,default
1774877197,1_32120,1_100345,987,1_785360680,1_8005289,1774877940,1774877940,default
1774877197,1_10210,1_100177,303,1_803352670,1_8197,1774877160,1774877732,default
1774877197,1_620,1_100104,212,1_774865870,1_6960,1774877460,1774877346,default
1774877197,1_620,1_100459,218,1_774864090,1_6970,1774877520,1774877471,default
1774877197,1_620,1_100011,111,1_635433390,1_7412,1774878120,1774877976,default
1774877197,1_10912,1_100228,48,1_721360620,1_7974619,1774877340,1774877362,default
1774877197,1_10912,1_100162,271,1_585518960,1_7976343,1774877580,1774877580,default
1774877197,1_10912,40_100511,542,40_569560200,40_7976602,1774878240,1774878240,default
1774877197,1_10912,1_100162,271,1_569495510,1_7976369,1774878720,1774878720,default
1774877197,1_10912,1_100162,271,1_569496460,1_7976349,1774879320,1774879320,default
1774877197,1_71960,40_100511,542,40_721031240,40_7976608,1774877880,1774877880,default
1774877197,1_10640,1_100252,62,1_800855860,1_8013,1774878240,1774876873,default
1774877197,1_10640,1_100252,62,1_800855870,1_8025067,1774878720,1774878720,default
1774877497,1_60161,1_100042,148,1_762077240,1_7976071,1774878300,1774878300,default
1774877497,1_60161,1_100042,148,1_762076880,1_7976052,1774879980,1774879980,default
1774877497,1_60453,1_102715,162,1_693754390,1_8163,1774878900,1774877342,default
1774877497,1_60453,1_102715,162,1_693754390,1_7976013,1774878900,1774878900,default
1774877497,1_60453,1_102715,162,1_693754400,1_7976026,1774880340,1774880340,default
1774877497,1_575,1_102615,E Line,1_768603920,1_7975037,1774877640,1774877260,default
1774877497,1_575,1_102581,D Line,1_585675870,1_6045,1774877580,1774877431,default
1774877497,1_2850,1_100089,2,1_788758020,1_8023443,1774877700,1774875814,default
1774877497,1_46505,1_102619,F Line,1_635448760,1_7976226,1774877880,1774877880,default
1774877497,1_27420,1_100161,27,1_759817370,1_8006,1774877554,1774877550,default
1774877497,1_57453,1_100060,168,1_635438980,1_7976209,1774879200,1774879213,default
1774877497,1_57453,1_100060,168,1_664460750,1_7976093,1774881000,1774881000,default
1774877497,1_52306,1_102619,F Line,1_656237320,1_7976225,1774878000,1774878000,default
1774877497,1_52306,1_102619,F Line,1_656236200,1_6000,1774878600,1774878547,default
1774877497,1_52306,1_102619,F Line,1_656236200,1_7976142,1774878600,1774878600,default
1774877497,1_32013,1_100246,57,1_801580930,1_8025806,1774878000,1774878000,default
1774877497,1_32013,1_100246,57,1_801580910,1_8025809,1774880220,1774880220,default
1774877497,1_17950,1_100062,17,1_651754500,1_7974575,1774879080,1774879080,default
1774877497,1_59282,1_100072,181,1_721490190,1_7173,1774878240,1774877160,default
1774877497,1_59282,1_102717,165,1_800649610,1_8023881,1774877940,1774877940,default
1774877497,1_32120,1_100345,987,1_785360680,1_8005289,1774877940,1774877940,default
1774877497,1_10210,1_100177,303,1_803352670,1_8197,1774877160,1774877732,default
1774877497,1_10210,1_102729,322,1_803353320,1_8299,1774878060,1774878467,default
1774877497,1_620,1_100011,111,1_635433390,1_7412,1774878120,1774877804,default
1774877497,1_10912,1_100264,70,1_801594400,1_8264,1774877665,1774877655,default
1774877497,1_10912,40_100511,542,40_569560200,40_7976602,1774878240,1774878240,default
1774877497,1_10912,1_100162,271,1_569495510,1_7976369,1774878720,1774878720,default
1774877497,1_10912,1_100162,271,1_569496460,1_7976349,1774879320,1774879320,default
1774877497,1_71960,40_100511,542,40_721031240,40_7976608,1774877880,1774877880,default
1774877497,1_81982,1_100196,331,1_803352850,1_7206,1774877690,1774877698,default
1774877497,1_10640,1_100252,62,1_800855860,1_8013,1774878240,1774876873,default
1774877497,1_10640,1_100252,62,1_800855870,1_8025067,1774878720,1774878720,default
1774877497,1_18220,1_100028,13,1_815907200,1_7091,1774877703,1774877611,default
1774877797,1_12170,1_100039,14,1_562518440,1_4385,1774877775,1774877823,default
1774877797,1_481,1_102576,C Line,1_800869280,1_6261,1774877820,1774877787,default
1774877797,1_60161,1_100042,148,1_762077240,1_7976071,1774878300,1774878300,default
1774877797,1_60161,1_100042,148,1_762076880,1_7976052,1774879980,1774879980,default
1774877797,1_60453,1_102715,162,1_693754390,1_8163,1774878900,1774877342,default
1774877797,1_60453,1_102715,162,1_693754400,1_7976026,1774880340,1774880340,default
1774877797,1_46505,1_102619,F Line,1_635448760,1_7976226,1774877880,1774877880,default
1774877797,1_57453,1_100060,168,1_635438980,1_7976209,1774879200,1774879297,default
1774877797,1_57453,1_100060,168,1_664460750,1_7976093,1774881000,1774881000,default
1774877797,1_84810,1_102752,223,1_833610580,1_7335,1774877909,1774877854,default
1774877797,1_52306,1_102619,F Line,1_656237320,1_7976225,1774878000,1774878000,default
1774877797,1_52306,1_102619,F Line,1_656236200,1_7976142,1774878600,1774878600,default
1774877797,1_32013,1_100246,57,1_801580930,1_8025806,1774878000,1774878000,default
1774877797,1_32013,1_100246,57,1_801580910,1_8025809,1774880220,1774880220,default
1774877797,1_17950,1_100062,17,1_651754500,1_7974575,1774879080,1774879080,default
1774877797,1_59282,1_100072,181,1_721490190,1_7173,1774878240,1774877160,default
1774877797,1_59282,1_102717,165,1_800649610,1_8023881,1774877940,1774877940,default
1774877797,1_59282,1_102717,165,1_800649620,1_8023827,1774879080,1774879080,default
1774877797,1_32120,1_100345,987,1_785360680,1_8005289,1774877940,1774877940,default
1774877797,1_10210,1_102729,322,1_803353320,1_8299,1774878060,1774878571,default
1774877797,1_10210,1_100177,303,1_803352680,1_8114,1774878300,1774878730,default
1774877797,1_57791,1_102718,184,1_664464240,1_7975994,1774878023,1774878040,default
1774877797,1_620,40_100239,550,40_597752640,40_9670,1774878240,1774878296,default
1774877797,1_10912,40_100511,542,40_569560200,40_7976602,1774878240,1774878240,default
1774877797,1_10912,1_100162,271,1_569495510,1_7976369,1774878720,1774878720,default
1774877797,1_10912,1_100162,271,1_569496460,1_7976349,1774879320,1774879320,default
1774877797,1_10640,1_100252,62,1_800855860,1_8013,1774878240,1774876873,default
1774877797,1_10640,1_100252,62,1_800855870,1_8025067,1774878720,1774878720,default
1774878097,1_8310,1_100230,50,1_785559180,1_3754,1774878171,1774878039,default
1774878097,1_60161,1_100042,148,1_762077240,1_7976071,1774878300,1774878300,default
1774878097,1_60161,1_100042,148,1_762076880,1_7976052,1774879980,1774879980,default
1774878097,1_60453,1_102715,162,1_693754390,1_8163,1774878900,1774877342,default
1774878097,1_60453,1_102715,162,1_693754400,1_7976026,1774880340,1774880340,default
1774878097,1_60453,1_102715,162,1_693754410,1_7975993,1774881540,1774881540,default
1774878097,1_2850,1_100089,2,1_788757670,1_8023454,1774878660,1774878660,default
1774878097,1_46505,1_102619,F Line,1_635448870,1_7975997,1774878480,1774878480,default
1774878097,1_46505,1_102619,F Line,1_635449560,1_7976034,1774879080,1774879080,default
1774878097,1_57453,1_100060,168,1_635438980,1_7976209,1774879200,1774879437,default
1774878097,1_57453,1_100060,168,1_664460750,1_7976093,1774881000,1774881000,default
1774878097,1_52306,1_102619,F Line,1_656236200,1_7976142,1774878600,1774878600,default
1774878097,1_32013,1_100246,57,1_801580910,1_8025809,1774880220,1774880220,default
1774878097,1_17950,1_100062,17,1_651754500,1_7974575,1774879080,1774879080,default
1774878097,1_57804,1_100072,181,1_721481610,1_7471,1774878442,1774878421,default
1774878097,1_59282,1_100072,181,1_721490190,1_7173,1774878240,1774877160,default
1774878097,1_59282,1_102717,165,1_800649620,1_8023827,1774879080,1774879080,default
1774878097,1_10210,1_102729,322,1_803353320,1_8299,1774878060,1774878571,default
1774878097,1_10210,1_100177,303,1_803352680,1_8114,1774878300,1774878823,default
1774878097,1_620,40_100236,545,40_806326650,40_8005181,1774878120,1774878349,default
1774878097,1_620,1_100459,218,1_774864110,1_6925,1774878660,1774878959,default
1774878097,1_10912,1_100162,271,1_569495510,1_7976369,1774878720,1774878720,default
1774878097,1_10912,1_100162,271,1_569496460,1_7976349,1774879320,1774879320,default
1774878097,1_10912,40_100511,542,40_569560400,40_7976603,1774879440,1774879440,default
1774878097,1_10912,1_100162,271,1_569496620,1_7976370,1774880400,1774880400,default
1774878097,1_71960,40_100511,542,40_721031140,40_7976607,1774879080,1774879080,default
1774878097,1_71960,40_100511,542,40_721031480,40_7976605,1774880280,1774880280,default
1774878097,1_10640,1_100252,62,1_800855870,1_8025067,1774878720,1774878720,default
1774878097,1_25210,1_100225,45,1_803350680,1_8132,1774878367,1774878204,default
1774878397,1_60161,1_100042,148,1_762076880,1_7976052,1774879980,1774879980,default
1774878397,1_60161,1_100042,148,1_762076860,1_7976054,1774881780,1774881780,default
1774878397,1_60453,1_102715,162,1_693754390,1_8163,1774878900,1774877342,default
1774878397,1_60453,1_102715,162,1_693754400,1_7976026,1774880340,1774880340,default
1774878397,1_60453,1_102715,162,1_693754410,1_7975993,1774881540,1774881540,default
1774878397,1_2850,1_100089,2,1_788757670,1_7098,1774878660,1774878077,default
1774878397,1_46505,1_102619,F Line,1_635448870,1_7975997,1774878480,1774878480,default
1774878397,1_46505,1_102619,F Line,1_635449560,1_7976034,1774879080,1774879080,default
1774878397,1_57453,1_100060,168,1_635438980,1_7976209,1774879200,1774879395,default
1774878397,1_57453,1_100060,168,1_664460750,1_7976093,1774881000,1774881000,default
1774878397,1_73366,1_102548,B Line,1_721018640,1_6020,1774878470,1774878438,default
1774878397,1_40801,1_100012,113,1_801580740,1_7067,1774878498,1774878731,default
1774878397,1_52306,1_102619,F Line,1_656236200,1_7976142,1774878600,1774878600,default
1774878397,1_52306,1_102619,F Line,1_656236810,1_7976000,1774879200,1774879200,default
1774878397,1_32013,1_100246,57,1_801580910,1_8025809,1774880220,1774880220,default
1774878397,1_17950,1_100062,17,1_651754500,1_7974575,1774879080,1774879080,default
1774878397,1_49350,1_100026,128,1_806634170,1_1003,1774878537,1774878512,default
1774878397,1_9605,1_100259,67,1_761382830,1_7975670,1774878300,1774878534,default
1774878397,1_59282,1_102717,165,1_800649620,1_8023827,1774879080,1774879080,default
1774878397,1_70691,1_100344,986,1_721034000,1_7976721,1774879920,1774879920,default
1774878397,1_10210,1_102729,322,1_803353320,1_8299,1774878060,1774878571,default
1774878397,1_10210,1_100177,303,1_803352680,1_8114,1774878300,1774878671,default
1774878397,1_10210,1_102754,256,1_816378560,1_6961,1774879059,1774879001,default
1774878397,1_75850,1_102615,E Line,1_813076920,1_6211,1774878565,1774878452,default
1774878397,1_7690,1_102615,E Line,1_768603920,1_6221,1774878739,1774878478,default
1774878397,1_620,40_100240,554,40_774869280,40_9811,1774878540,1774878715,default
1774878397,1_620,40_100239,550,40_597749720,40_9800,1774878900,1774878839,default
1774878397,1_620,1_100459,218,1_774864110,1_6925,1774878660,1774878883,default
1774878397,1_620,1_100104,212,1_774865880,1_6890,1774878900,1774878962,default
1774878397,1_10912,1_100264,70,1_801594060,1_8025882,1774878586,1774878586,default
1774878397,1_10912,1_100162,271,1_569495510,1_7976369,1774878720,1774878720,default
1774878397,1_10912,1_100162,271,1_569496460,1_7976349,1774879320,1774879320,default
1774878397,1_10912,40_100511,542,40_569560400,40_7976603,1774879440,1774879440,default
1774878397,1_10912,1_100162,271,1_569553890,1_7976664,1774879800,1774879800,default
1774878397,1_10912,1_100162,271,1_569496620,1_7976370,1774880400,1774880400,default
1774878397,1_71960,40_100511,542,40_721031140,40_7976607,1774879080,1774879080,default
1774878397,1_71960,40_100511,542,40_721031480,40_7976605,1774880280,1774880280,default
1774878397,1_10640,1_100252,62,1_800855870,1_8037,1774878720,1774878353,default
1774878397,1_10640,1_100252,62,1_800855870,1_8025067,1774878720,1774878720,default
1774878397,1_8403,1_100039,14,1_562523370,1_4373,1774878660,1774878552,default
1774878697,1_60161,1_100042,148,1_762076880,1_7976052,1774879980,1774879980,default
1774878697,1_60161,1_100042,148,1_762076860,1_7976054,1774881780,1774881780,default
1774878697,1_60453,1_102715,162,1_693754390,1_8163,1774878900,1774877342,default
1774878697,1_60453,1_102715,162,1_693754400,1_7976026,1774880340,1774880340,default
1774878697,1_60453,1_102715,162,1_693754410,1_7975993,1774881540,1774881540,default
1774878697,1_2850,1_100089,2,1_788758030,1_8023446,1774879320,1774879320,default
1774878697,1_46505,1_102619,F Line,1_635449560,1_7976034,1774879080,1774879080,default
1774878697,1_46505,1_102619,F Line,1_635449360,1_7976229,1774880280,1774880280,default
1774878697,1_57453,1_100060,168,1_635438980,1_7976209,1774879200,1774879351,default
1774878697,1_57453,1_100060,168,1_664460750,1_7976093,1774881000,1774881000,default
1774878697,1_52306,1_102619,F Line,1_635448480,1_7976083,1774880400,1774880400,default
1774878697,1_52306,1_102619,F Line,1_635449520,1_7975996,1774881000,1774881000,default
1774878697,1_32013,1_100246,57,1_801580900,1_8025834,1774881720,1774881720,default
1774878697,1_58112,1_100045,150,1_800669670,1_8164,1774880047,1774880237,default
1774878697,1_17950,1_100062,17,1_721362410,1_7974580,1774881480,1774881480,default
1774878697,1_49350,1_100026,128,1_806634190,1_1027,1774879917,1774880268,default
1774878697,1_59282,1_102717,165,1_800649630,1_7016,1774880280,1774879185,default
1774878697,1_59282,1_100072,181,1_721481770,1_7471,1774880640,1774879793,default
1774878697,1_59282,1_100072,181,1_721490200,1_7976104,1774881540,1774881540,default
1774878697,1_10210,1_102729,322,1_803353340,1_8119,1774880580,1774880968,default
1774878697,1_10210,1_100177,303,1_803352690,1_8112,1774881120,1774881528,default
1774878697,1_620,1_100104,212,1_774865910,1_7405,1774880520,1774880515,default
1774878697,1_620,40_100240,554,40_774868470,40_9662,1774880640,1774880598,default
1774878697,1_620,40_100239,550,40_597750120,40_9646,1774880760,1774880728,default
1774878697,1_10912,1_100162,271,1_569496620,1_7976370,1774880400,1774880400,default
1774878697,1_10912,40_100511,542,40_569560520,40_7976608,1774880700,1774880700,default
1774878697,1_71960,40_100511,542,40_721030820,40_7976602,1774881540,1774881540,default
1774880317,1_12170,1_100039,14,1_562518560,1_4313,1774880355,1774880199,default
1774880317,1_60161,1_100042,148,1_762076860,1_7976054,1774881780,1774881780,default
1774880317,1_60161,1_100042,148,1_762076930,1_7976061,1774883580,1774883580,default
1774880317,1_970,40_594,594,40_3324020,40_9122,1774880430,1774880430,default
1774880317,1_2850,1_100089,2,1_788757680,1_7095,1774881000,1774879714,default
1774880317,1_46505,1_102619,F Line,1_635448660,1_7976085,1774880880,1774880880,default
1774880317,1_29423,1_102732,79,1_816446240,1_8022069,1774880700,1774880700,default
1774880317,1_1190,1_100002,10,1_675385390,1_4383,1774880403,1774880274,default
1774880317,1_57453,1_100060,168,1_664460750,1_7976093,1774881000,1774881162,default
1774880317,1_57453,1_100060,168,1_693746750,1_7976231,1774882800,1774882800,default
1774880317,1_2320,1_100001,1,1_800579490,1_4397,1774880315,1774880381,default
1774880317,1_1510,1_100263,7,1_650129540,1_4554,1774880394,1774880297,default
1774880317,1_10653,1_100252,62,1_800855910,1_8081,1774880548,1774880297,default
1774880317,1_52306,1_102619,F Line,1_635448480,1_7976083,1774880400,1774880400,default
1774880317,1_52306,1_102619,F Line,1_635449520,1_7975996,1774881000,1774881000,default
1774880317,1_32013,1_100246,57,1_801580900,1_8025834,1774881720,1774881720,default
1774880317,1_17950,1_100062,17,1_721362410,1_7974580,1774881480,1774881480,default
1774880317,1_59282,1_100072,181,1_721481770,1_7471,1774880640,1774879793,default
1774880317,1_59282,1_100072,181,1_721490200,1_7976104,1774881540,1774881540,default
1774880317,1_59282,1_102717,165,1_800649640,1_8023878,1774882080,1774882080,default
1774880317,1_59872,1_102619,F Line,1_656236200,1_6000,1774880392,1774880470,default
1774880317,1_14280,1_102581,D Line,1_628189240,1_6067,1774880618,1774880460,default
1774880317,1_10210,1_102729,322,1_803353340,1_8119,1774880580,1774880880,default
1774880317,1_10210,1_100177,303,1_803352690,1_8112,1774881120,1774881528,default
1774880317,1_7690,1_102615,E Line,1_761423800,1_6083,1774880599,1774880416,default
1774880317,1_85220,1_100111,22,1_664480930,1_7182,1774880488,1774880390,default
1774880317,1_620,1_100104,212,1_774865910,1_7405,1774880520,1774880481,default
1774880317,1_620,40_100240,554,40_774868470,40_9662,1774880640,1774880489,default
1774880317,1_620,40_100236,545,40_806327130,40_9652,1774879920,1774880504,default
1774880317,1_620,40_100236,545,40_806325980,40_8005195,1774880520,1774880534,default
1774880317,1_620,40_100239,550,40_597750120,40_9646,1774880760,1774880602,default
1774880317,1_10912,40_100511,542,40_569560520,40_7976608,1774880700,1774880700,default
1774880317,1_71960,40_100511,542,40_721030820,40_7976602,1774881540,1774881540,default
1774880618,1_60161,1_100042,148,1_762076860,1_7976054,1774881780,1774881780,default
1774880618,1_60161,1_100042,148,1_762076930,1_7976061,1774883580,1774883580,default
1774880618,1_60453,1_102715,162,1_693754410,1_8122,1774881540,1774879943,default
1774880618,1_320,40_100239,550,40_597749730,40_9800,1774880580,1774880661,default
1774880618,1_320,40_594,594,40_3324020,40_9122,1774880700,1774880700,default
1774880618,1_2850,1_100089,2,1_788757680,1_7095,1774881000,1774879714,default
1774880618,1_46505,1_102619,F Line,1_635448660,1_7976085,1774880880,1774880880,default
1774880618,1_46505,1_102619,F Line,1_635449540,1_7975992,1774881480,1774881480,default
1774880618,1_29423,1_102732,79,1_816446240,1_8022069,1774880700,1774880700,default
1774880618,1_57453,1_100060,168,1_664460750,1_7976093,1774881000,1774881205,default
1774880618,1_57453,1_100060,168,1_693746750,1_7976231,1774882800,1774882923,default
1774880618,1_10653,1_100252,62,1_800855790,1_8055,1774881448,1774880545,default
1774880618,1_52306,1_102619,F Line,1_635449520,1_7975996,1774881000,1774881000,default
1774880618,1_32013,1_100246,57,1_801580900,1_8025834,1774881720,1774881720,default
1774880618,1_7750,1_102615,E Line,1_761423800,1_6083,1774880761,1774880643,default
1774880618,1_17950,1_100062,17,1_721362410,1_7974580,1774881480,1774881480,default
1774880618,1_74400,1_100146,255,1_635875640,1_7480,1774880733,1774880638,default
1774880618,1_59282,1_100072,181,1_721490200,1_7976104,1774881540,1774881540,default
1774880618,1_59282,1_102717,165,1_800649640,1_8023878,1774882080,1774882080,default
1774880618,1_23905,1_100214,372,1_694306020,1_7435,1774880412,1774880763,default
1774880618,1_19921,1_100101,21,1_809331450,1_8238,1774880836,1774880734,default
1774880618,1_79874,1_100104,212,1_694279070,1_6960,1774880880,1774880684,default
1774880618,1_10210,1_100177,303,1_803352690,1_8112,1774881120,1774881528,default
1774880618,1_620,40_100236,545,40_806325980,40_9816,1774880520,1774880796,default
1774880618,1_620,1_100459,218,1_774864080,1_6981,1774881360,1774881435,default
1774880618,1_10912,1_100264,70,1_801594020,1_8026411,1774880806,1774880806,default
1774880618,1_10912,1_100162,271,1_569495910,1_7976665,1774881000,1774881000,default
1774880618,1_10912,1_100162,271,1_585519750,1_7976353,1774881840,1774881840,default
1774880618,1_71960,40_100511,542,40_721030820,40_7976602,1774881540,1774881540,default
1774880918,1_46791,1_100016,118,1_635461260,1_3724,1774881000,1774881075,default
1774880918,1_60161,1_100042,148,1_762076860,1_7976054,1774881780,1774881780,default
1774880918,1_60161,1_100042,148,1_762076930,1_7976061,1774883580,1774883580,default
1774880918,1_8541,1_100263,7,1_800588660,1_4532,1774880940,1774880881,default
1774880918,1_60453,1_102715,162,1_693754410,1_8122,1774881540,1774879943,default
1774880918,1_81205,1_100072,181,1_721490220,1_7392,1774881380,1774880870,default
1774880918,1_575,1_100001,1,1_800579510,1_4385,1774880880,1774880952,default
1774880918,1_575,1_100089,2,1_788758030,1_7117,1774880880,1774880966,default
1774880918,1_2850,1_100089,2,1_788757680,1_7095,1774881000,1774879714,default
1774880918,1_2850,1_100089,2,1_788758050,1_7119,1774881840,1774880682,default
1774880918,1_2850,1_100089,2,1_788758050,1_8023453,1774881840,1774881840,default
1774880918,1_46505,1_102619,F Line,1_635449540,1_7975992,1774881480,1774881480,default
1774880918,1_11590,1_100002,10,1_675385390,1_4383,1774881278,1774880928,default
1774880918,1_57453,1_100060,168,1_664460750,1_7976093,1774881000,1774881212,default
1774880918,1_57453,1_100060,168,1_693746750,1_7976231,1774882800,1774882896,default
1774880918,1_10653,1_100252,62,1_800855790,1_8055,1774881448,1774880878,default
1774880918,1_52306,1_102619,F Line,1_635449520,1_7975996,1774881000,1774881000,default
1774880918,1_52306,1_102619,F Line,1_635448770,1_7976226,1774881600,1774881600,default
1774880918,1_32013,1_100246,57,1_801580900,1_8025834,1774881720,1774881720,default
1774880918,1_8530,1_100039,14,1_562518620,1_4373,1774881052,1774880986,default
1774880918,1_17950,1_100062,17,1_721362410,1_7974580,1774881480,1774881480,default
1774880918,1_57804,1_100072,181,1_721490230,1_7440,1774881142,1774881426,default
1774880918,1_59282,1_100072,181,1_721490200,1_7976104,1774881540,1774881540,default
1774880918,1_59282,1_102717,165,1_800649640,1_8023878,1774882080,1774882080,default
1774880918,1_10210,1_102754,256,1_816378570,1_6946,1774881157,1774881380,default
1774880918,1_10210,1_100177,303,1_803352690,1_8112,1774881120,1774881528,default
1774880918,1_620,40_100240,554,40_774868950,40_9647,1774881540,1774881089,default
1774880918,1_620,1_100459,218,1_774864080,1_6981,1774881360,1774881201,default
1774880918,1_620,40_100236,545,40_806327830,40_9660,1774881180,1774881211,default
1774880918,1_10912,1_100162,271,1_585519750,1_7976353,1774881840,1774881840,default
1774880918,1_10912,40_100511,542,40_569563150,40_7976607,1774881960,1774881960,default
1774880918,1_71960,40_100511,542,40_721030820,40_7976602,1774881540,1774881540,default
1774880918,1_81982,1_102746,333,1_778704560,1_7220,1774881039,1774881085,default
1774881218,1_12170,1_100039,14,1_562518590,1_4303,1774881255,1774881255,default
1774881218,1_4290,1_100219,4,1_675345080,1_4355,1774881302,1774881151,default
1774881218,1_60161,1_100042,148,1_762076860,1_7976054,1774881780,1774881780,default
1774881218,1_60161,1_100042,148,1_762076930,1_7976061,1774883580,1774883580,default
1774881218,1_60453,1_102715,162,1_693754410,1_8122,1774881540,1774879943,default
1774881218,1_81205,1_100072,181,1_721490220,1_7392,1774881380,1774881189,default
1774881218,1_2850,1_100089,2,1_788758050,1_7119,1774881840,1774880682,default
1774881218,1_46505,1_102619,F Line,1_635449540,1_7975992,1774881480,1774881480,default
1774881218,1_46505,1_102619,F Line,1_635448340,1_7976225,1774882080,1774882080,default
1774881218,1_57453,1_102720,160,1_800651400,1_7428,1774881420,1774881251,default
1774881218,1_57453,1_100060,168,1_693746750,1_7976231,1774882800,1774882861,default
1774881218,1_57453,1_100060,168,1_664460610,1_7976211,1774884600,1774888113,default
1774881218,1_10653,1_100252,62,1_800855790,1_8055,1774881448,1774881149,default
1774881218,1_40801,1_100012,113,1_801580700,1_7075,1774881252,1774881565,default
1774881218,1_52306,1_102619,F Line,1_635448770,1_7976226,1774881600,1774881600,default
1774881218,1_32013,1_100246,57,1_801580900,1_8025834,1774881720,1774881720,default
1774881218,1_41128,1_100026,128,1_806634340,1_1031,1774881336,1774881244,default
1774881218,1_99254,1_100045,150,1_724421070,1_6975,1774881400,1774881212,default
1774881218,1_40030,1_102574,40,1_811900940,1_8225,1774881315,1774881282,default
1774881218,1_17950,1_100062,17,1_721362410,1_7974580,1774881480,1774881480,default
1774881218,1_72050,1_100136,245,1_761786890,1_7318,1774881336,1774881291,default
1774881218,1_59282,1_100072,181,1_721490260,1_7164,1774882440,1774880717,default
1774881218,1_59282,1_102717,165,1_800649210,1_7101,1774881660,1774881311,default
1774881218,1_59282,1_100072,181,1_721490200,1_7976104,1774881540,1774881540,default
1774881218,1_59282,1_102717,165,1_800649640,1_8023878,1774882080,1774882080,default
1774881218,1_74714,1_102702,239,1_736529570,1_3717,1774881468,1774881254,default
1774881218,1_60710,1_100512,A Line,1_800643180,1_6008,1774881357,1774881365,default
1774881218,1_12760,1_100173,3,1_761127240,1_4308,1774881442,1774881349,default
1774881218,1_57420,1_102720,160,1_800650930,1_7443,1774881366,1774881283,default
1774881218,1_10210,1_100177,303,1_803352690,1_8112,1774881120,1774881528,default
1774881218,1_10210,1_102729,322,1_803353350,1_8146,1774882860,1774882842,default
1774881218,1_25791,1_100346,988,1_829478930,1_6966,1774881261,1774881460,default
1774881218,1_620,40_100239,550,40_597754100,40_9686,1774881360,1774881627,default
1774881218,1_620,1_100104,212,1_774865970,1_7418,1774882020,1774882097,default
1774881218,1_10912,1_100264,70,1_801594000,1_8025832,1774881406,1774881406,default
1774881218,1_10912,1_100162,271,1_585519750,1_7976353,1774881840,1774881840,default
1774881218,1_10912,40_100511,542,40_569563150,40_7976607,1774881960,1774881960,default
1774881218,1_71960,40_100511,542,40_721030820,40_7976602,1774881540,1774881540,default
1774881518,1_481,1_100024,125,1_721357640,1_7047,1774881300,1774881522,default
1774881518,1_60161,1_100042,148,1_762076860,1_3704,1774881780,1774881344,default
1774881518,1_60161,1_100042,148,1_762076860,1_7976054,1774881780,1774881780,default
1774881518,1_60161,1_100042,148,1_762076930,1_7976061,1774883580,1774883580,default
1774881518,1_575,1_102576,C Line,1_800869370,1_6267,1774881600,1774881525,default
1774881518,1_2850,1_100089,2,1_788758050,1_7119,1774881840,1774880682,default
1774881518,1_2850,1_100089,2,1_788757690,1_7091,1774882500,1774881367,default
1774881518,1_46505,1_102619,F Line,1_635448340,1_7976225,1774882080,1774882080,default
1774881518,1_29423,1_102732,79,1_816446270,1_8022130,1774883400,1774883400,default
1774881518,1_57453,1_100060,168,1_693746750,1_7976231,1774882800,1774882953,default
1774881518,1_57453,1_100060,168,1_664460610,1_7976211,1774884600,1774884600,default
1774881518,1_52306,1_102619,F Line,1_635448770,1_7976226,1774881600,1774881600,default
1774881518,1_52306,1_102619,F Line,1_635448880,1_7975997,1774882200,1774882200,default
1774881518,1_32013,1_100246,57,1_801580900,1_8025834,1774881720,1774881720,default
1774881518,1_8530,1_100005,106,1_727785890,1_7150,1774882026,1774881593,default
1774881518,1_59282,1_100072,181,1_721490260,1_7164,1774882440,1774880717,default
1774881518,1_10210,1_102729,322,1_803353350,1_8146,1774882860,1774882970,default
1774881518,1_10210,1_100177,303,1_803357450,1_8152,1774883040,1774883129,default
1774881518,1_620,40_100236,545,40_806326080,40_8005190,1774881780,1774881780,default
1774881518,1_620,40_100236,545,40_806326080,40_9568,1774881780,1774881780,default
1774881518,1_620,1_100104,212,1_774865970,1_7418,1774882020,1774881948,default
1774881518,1_620,1_100011,111,1_664454970,1_7486,1774882200,1774882501,default
1774881518,1_10912,1_100447,49,1_801235490,1_8023497,1774881690,1774881690,default
1774881518,1_10912,1_100162,271,1_585519750,1_7976353,1774881840,1774881840,default
1774881518,1_10912,40_100511,542,40_569563150,40_7976607,1774881960,1774881960,default
1774881518,1_10912,1_100162,271,1_586298060,1_7976389,1774882620,1774882620,default
1774881518,1_71960,40_100511,542,40_721030920,40_7976603,1774882740,1774882740,default
1774881818,1_62212,1_102720,160,1_800650930,1_7443,1774881912,1774881717,default
1774881818,1_60161,1_100042,148,1_762076930,1_7976061,1774883580,1774883580,default
1774881818,1_320,40_100239,550,40_597756670,40_9802,1774881840,1774881852,default
1774881818,1_575,1_100219,4,1_675345510,1_4369,1774881840,1774881878,default
1774881818,1_2850,1_100089,2,1_788757690,1_7091,1774882500,1774881367,default
1774881818,1_46505,1_102619,F Line,1_635448340,1_7976225,1774882080,1774882080,default
1774881818,1_46505,1_102619,F Line,1_635448990,1_7976142,1774882680,1774882680,default
1774881818,1_29423,1_102732,79,1_816446270,1_8022130,1774883400,1774883400,default
1774881818,1_27420,1_100249,60,1_801585500,1_7105,1774881488,1774881883,default
1774881818,1_57453,1_100060,168,1_693746750,1_7976231,1774882800,1774882982,default
1774881818,1_57453,1_100060,168,1_664460610,1_7976211,1774884600,1774884600,default
1774881818,1_75770,1_102615,E Line,1_813076790,1_6203,1774883837,1774881766,default
1774881818,1_52306,1_102619,F Line,1_635448880,1_7975997,1774882200,1774882200,default
1774881818,1_8530,1_100039,14,1_562521020,1_4359,1774881952,1774881842,default
1774881818,1_58112,1_102619,F Line,1_635449360,1_6236,1774882041,1774881909,default
1774881818,1_17950,1_100062,17,1_721362420,1_7974608,1774883880,1774883880,default
1774881818,1_13190,1_100018,12,1_801584700,1_7183,1774882064,1774881835,default
1774881818,1_2200,1_100275,8,1_800891170,1_8076,1774881993,1774881925,default
1774881818,1_57804,1_100072,181,1_721490170,1_7454,1774882099,1774882038,default
1774881818,1_59282,1_100072,181,1_721490260,1_7164,1774882440,1774880717,default
1774881818,1_59282,1_102717,165,1_800649640,1_7353,1774882080,1774881289,default
1774881818,1_59282,1_102717,165,1_800649650,1_7101,1774883400,1774881516,default
1774881818,1_59282,1_102717,165,1_800649660,1_8023727,1774885200,1774885200,default
1774881818,1_10210,1_102729,322,1_803353350,1_8146,1774882860,1774883032,default
1774881818,1_10210,1_100177,303,1_803357450,1_8152,1774883040,1774883129,default
1774881818,1_620,1_100104,212,1_774865970,1_7418,1774882020,1774881874,default
1774881818,1_620,1_100011,111,1_664454970,1_7486,1774882200,1774882362,default
1774881818,1_10912,1_100162,271,1_586298060,1_7976389,1774882620,1774882620,default
1774881818,1_10912,1_100162,271,1_569495660,1_7976723,1774885440,1774885440,default
1774881818,1_71960,40_100511,542,40_721030920,40_7976603,1774882740,1774882740,default
1774881818,1_8403,1_100039,14,1_562518640,1_4353,1774881780,1774881762,default
1774881818,1_41900,1_100289,9,1_664068600,1_7018,1774882200,1774882057,default
1774881818,1_58144,1_102717,165,1_800649630,1_7016,1774882007,1774881896,default
1774882118,1_60161,1_100042,148,1_762076930,1_7976061,1774883580,1774883580,default
1774882118,1_60161,1_100042,148,1_762077090,1_7976055,1774885380,1774885380,default
1774882118,1_970,40_594,594,40_117020,40_9721,1774882230,1774882230,default
1774882118,1_320,1_102754,256,1_816378570,1_6946,1774881780,1774882199,default
1774882118,1_2850,1_100089,2,1_788757690,1_7091,1774882500,1774881367,default
1774882118,1_46505,1_102619,F Line,1_635448990,1_7976142,1774882680,1774882680,default
1774882118,1_29423,1_102732,79,1_816446270,1_8022130,1774883400,1774883400,default
1774882118,1_29423,1_102732,79,1_817872860,1_8022127,1774884000,1774884000,default
1774882118,1_57453,1_100060,168,1_693746750,1_7976231,1774882800,1774882987,default
1774882118,1_57453,1_100060,168,1_664460610,1_7976211,1774884600,1774884600,default
1774882118,1_1510,1_100001,1,1_800581890,1_4359,1774882194,1774882059,default
1774882118,1_52306,1_102619,F Line,1_635448880,1_7975997,1774882200,1774882200,default
1774882118,1_52306,1_102619,F Line,1_635449570,1_7976034,1774882800,1774882800,default
1774882118,1_8530,1_100263,7,1_650129580,1_4539,1774882213,1774882060,default
1774882118,1_17950,1_100062,17,1_721362420,1_7974608,1774883880,1774883880,default
1774882118,1_2200,1_102581,D Line,1_800600900,1_6045,1774882345,1774882280,default
1774882118,1_59282,1_100072,181,1_721490260,1_7164,1774882440,1774880717,default
1774882118,1_59282,1_102717,165,1_800649650,1_7101,1774883400,1774881516,default
1774882118,1_59282,1_102717,165,1_800649660,1_8023727,1774885200,1774885200,default
1774882118,1_10210,1_102729,322,1_803353350,1_8146,1774882860,1774882868,default
1774882118,1_10210,1_100177,303,1_803357450,1_8152,1774883040,1774883129,default
1774882118,1_620,40_100236,545,40_806327330,40_9659,1774882380,1774882325,default
1774882118,1_620,40_100240,554,40_774869930,40_9672,1774882500,1774882525,default
1774882118,1_620,40_100239,550,40_597756360,40_6976,1774881960,1774882768,default
1774882118,1_10912,1_100162,271,1_586298060,1_7976389,1774882620,1774882620,default
1774882118,1_10912,40_100511,542,40_569562800,40_7976605,1774883160,1774883160,default
1774882118,1_10912,1_100162,271,1_585555270,1_7976620,1774883640,1774883640,default
1774882118,1_10912,1_100162,271,1_569495660,1_7976723,1774885440,1774885440,default
1774882118,1_71960,40_100511,542,40_721030920,40_7976603,1774882740,1774882740,default
1774882418,1_60161,1_100042,148,1_762076930,1_7976061,1774883580,1774883580,default
1774882418,1_60161,1_100042,148,1_762077090,1_7976055,1774885380,1774885380,default
1774882418,1_320,40_100239,550,40_597750130,40_7976611,1774882440,1774882486,default
1774882418,1_320,40_594,594,40_117020,40_9721,1774882500,1774882500,default
1774882418,1_2850,1_100089,2,1_788757690,1_7091,1774882500,1774881367,default
1774882418,1_2850,1_100089,2,1_788758060,1_7097,1774883400,1774882181,default
1774882418,1_46505,1_102619,F Line,1_635448990,1_7976142,1774882680,1774882680,default
1774882418,1_29423,1_102732,79,1_816446270,1_8022130,1774883400,1774883400,default
1774882418,1_29423,1_102732,79,1_817872860,1_8022127,1774884000,1774884000,default
1774882418,1_57453,1_100060,168,1_693746750,1_7976231,1774882800,1774882970,default
1774882418,1_57453,1_100060,168,1_664460610,1_7976211,1774884600,1774884667,default
1774882418,1_52306,1_102619,F Line,1_635449570,1_7976034,1774882800,1774882800,default
1774882418,1_8530,1_100005,106,1_727785750,1_7178,1774882686,1774882411,default
1774882418,1_58112,1_102619,F Line,1_635448660,1_6006,1774882641,1774882562,default
1774882418,1_17950,1_100062,17,1_721362420,1_7974608,1774883880,1774883880,default
1774882418,1_41940,1_100249,60,1_801585450,1_7030,1774882537,1774882499,default
1774882418,1_59282,1_102717,165,1_800649650,1_7101,1774883400,1774881516,default
1774882418,1_59282,1_100072,181,1_721481620,1_7392,1774883280,1774882099,default
1774882418,1_59282,1_102717,165,1_800649660,1_8023727,1774885200,1774885200,default
1774882418,1_15540,1_100230,50,1_664485250,1_3701,1774882620,1774882464,default
1774882418,1_10210,1_100177,303,1_803357450,1_8152,1774883040,1774883129,default
1774882418,1_620,40_100239,550,40_597756360,40_6976,1774881960,1774882621,default
1774882418,1_620,40_100239,550,40_597750720,40_9815,1774882740,1774882690,default
1774882418,1_620,1_100104,212,1_774865980,1_6960,1774883340,1774883365,default
1774882418,1_10912,1_100162,271,1_586298060,1_7976389,1774882620,1774882620,default
1774882418,1_10912,40_100511,542,40_569562800,40_7976605,1774883160,1774883160,default
1774882418,1_10912,1_100162,271,1_585555270,1_7976620,1774883640,1774883640,default
1774882418,1_10912,1_100162,271,1_569495660,1_7976723,1774885440,1774885440,default
1774882418,1_71960,40_100511,542,40_721030920,40_7976603,1774882740,1774882740,default
1774882718,1_60161,1_100042,148,1_762076930,1_7976061,1774883580,1774883580,default
1774882718,1_60161,1_100042,148,1_762077090,1_7976055,1774885380,1774885380,default
1774882718,1_970,29_424,424,29_16132038__MCOB-DO:121:0:Weekday:2:26MAR:81008:12345,29_22806,1774882740,1774882383,default
1774882718,1_575,1_100173,3,1_761127240,1_4308,1774882800,1774882766,default
1774882718,1_2850,1_100089,2,1_788758060,1_7097,1774883400,1774882181,default
1774882718,1_8080,1_100263,7,1_650129630,1_4537,1774882788,1774882647,default
1774882718,1_29423,1_102732,79,1_816446270,1_8022130,1774883400,1774883400,default
1774882718,1_29423,1_102732,79,1_817872860,1_8022127,1774884000,1774884000,default
1774882718,1_57453,1_100060,168,1_693746750,1_7976231,1774882800,1774882925,default
1774882718,1_57453,1_100060,168,1_664460610,1_7976211,1774884600,1774884681,default
1774882718,1_1510,1_100005,106,1_727785750,1_7178,1774882932,1774882602,default
1774882718,1_5489,1_100196,331,1_803353170,1_7225,1774882849,1774882721,default
1774882718,1_52306,1_102619,F Line,1_635449570,1_7976034,1774882800,1774882800,default
1774882718,1_52306,1_102619,F Line,1_635449110,1_7976017,1774883400,1774883400,default
1774882718,1_17950,1_100062,17,1_721362420,1_7974608,1774883880,1774883880,default
1774882718,1_57804,1_100072,181,1_721481450,1_7300,1774882999,1774882920,default
1774882718,1_59282,1_102717,165,1_800649650,1_7101,1774883400,1774881516,default
1774882718,1_59282,1_100072,181,1_721481620,1_7392,1774883280,1774882099,default
1774882718,1_59282,1_102717,165,1_800649660,1_8023727,1774885200,1774885200,default
1774882718,1_10210,1_100177,303,1_803357450,1_8152,1774883040,1774883129,default
1774882718,1_10210,1_102754,256,1_816378580,1_6914,1774883310,1774883246,default
1774882718,1_620,40_100240,554,40_774868700,40_9580,1774883400,1774882918,default
1774882718,1_620,40_100236,545,40_806328780,40_8005179,1774882980,1774882995,default
1774882718,1_620,1_100104,212,1_774865980,1_6960,1774883340,1774883258,default
1774882718,1_620,1_100011,111,1_664454980,1_7420,1774883520,1774883783,default
1774882718,1_10912,1_100447,49,1_801235480,1_8023492,1774882890,1774882890,default
1774882718,1_10912,40_100511,542,40_569562800,40_7976605,1774883160,1774883160,default
1774882718,1_10912,1_100162,271,1_585555270,1_7976620,1774883640,1774883640,default
1774882718,1_10912,40_100511,542,40_569567870,40_7976686,1774884360,1774884360,default
1774882718,1_10912,1_100162,271,1_585519140,1_7976348,1774884600,1774884600,default
1774882718,1_10912,1_100162,271,1_569495660,1_7976723,1774885440,1774885440,default
1774882718,1_71960,40_100511,542,40_721031250,40_7976608,1774883880,1774883880,default
1774883018,1_60161,1_100042,148,1_762076930,1_3729,1774883580,1774882749,default
1774883018,1_60161,1_100042,148,1_762076930,1_7976061,1774883580,1774883580,default
1774883018,1_60161,1_100042,148,1_762077090,1_7976055,1774885380,1774885380,default
1774883018,1_575,1_102615,E Line,1_761417500,1_7975607,1774883100,1774883100,default
1774883018,1_2850,1_100089,2,1_788758060,1_7097,1774883400,1774882181,default
1774883018,1_2850,1_100089,2,1_788758070,1_8023473,1774884300,1774884300,default
1774883018,1_46505,1_102619,F Line,1_635449260,1_7976074,1774883580,1774883580,default
1774883018,1_29423,1_102732,79,1_816446270,1_8022130,1774883400,1774883400,default
1774883018,1_29423,1_102732,79,1_817872860,1_8022127,1774884000,1774884000,default
1774883018,1_1190,40_100239,550,40_597750720,40_9815,1774883252,1774882986,default
1774883018,1_57453,1_100060,168,1_664460610,1_7976211,1774884600,1774884648,default
1774883018,1_1510,1_100210,36,1_800582300,1_4339,1774883241,1774883055,default
1774883018,1_79877,1_100162,271,1_569553890,1_7976664,1774883100,1774882896,default
1774883018,1_5489,1_102746,333,1_778704960,1_7231,1774883140,1774883058,default
1774883018,1_52306,1_102619,F Line,1_635449110,1_7976017,1774883400,1774883400,default
1774883018,1_17950,1_100062,17,1_721362420,1_7974608,1774883880,1774883880,default
1774883018,1_39983,1_102736,H Line,1_694057380,1_6064,1774883280,1774883144,default
1774883018,1_59282,1_102717,165,1_800649650,1_7101,1774883400,1774881516,default
1774883018,1_59282,1_100072,181,1_721481620,1_7392,1774883280,1774882099,default
1774883018,1_59282,1_102717,165,1_800649660,1_8023727,1774885200,1774885200,default
1774883018,1_10210,1_102754,256,1_816378580,1_6914,1774883310,1774883086,default
1774883018,1_620,1_100104,212,1_774865980,1_6960,1774883340,1774883109,default
1774883018,1_620,40_100236,545,40_806328780,40_9806,1774882980,1774883179,default
1774883018,1_620,40_100239,550,40_597754810,40_9648,1774883460,1774883457,default
1774883018,1_620,1_100011,111,1_664454980,1_7420,1774883520,1774883771,default
1774883018,1_10912,1_100162,271,1_585555270,1_7976620,1774883640,1774883640,default
1774883018,1_10912,40_100511,542,40_569567870,40_7976686,1774884360,1774884360,default
1774883018,1_10912,1_100162,271,1_585519140,1_7976348,1774884600,1774884600,default
1774883018,1_10912,1_100162,271,1_569495660,1_7976723,1774885440,1774885440,default
1774883018,1_10912,1_100162,271,1_671213680,1_7976721,1774886160,1774886160,default
1774883018,1_71960,40_100511,542,40_721031250,40_7976608,1774883880,1774883880,default
1774883318,1_70694,1_102628,895,1_630387890,1_6915,1774883400,1774883189,default
1774883318,1_85800,1_100196,331,1_803352890,1_7207,1774882872,1774883330,default
1774883318,1_60161,1_100042,148,1_762076930,1_3729,1774883580,1774882749,default
1774883318,1_60161,1_100042,148,1_762077090,1_7976055,1774885380,1774885380,default
1774883318,1_2850,1_100089,2,1_788758060,1_7097,1774883400,1774882181,default
1774883318,1_2850,1_100089,2,1_788758070,1_7115,1774884300,1774883054,default
1774883318,1_46505,1_102619,F Line,1_635449260,1_7976074,1774883580,1774883580,default
1774883318,1_29423,1_102732,79,1_816446270,1_8022130,1774883400,1774883400,default
1774883318,1_29423,1_102732,79,1_817872860,1_8022127,1774884000,1774884000,default
1774883318,1_29423,1_102732,79,1_816446390,1_8022070,1774884600,1774884600,default
1774883318,1_27420,1_100249,60,1_801585690,1_7040,1774883048,1774883418,default
1774883318,1_57453,1_100060,168,1_664460610,1_7976211,1774884600,1774884663,default
1774883318,1_68130,1_102548,B Line,1_721018050,1_6044,1774883244,1774883430,default
1774883318,1_52306,1_102619,F Line,1_635449110,1_7976017,1774883400,1774883400,default
1774883318,1_52306,1_102619,F Line,1_656237180,1_7976229,1774884300,1774884300,default
1774883318,1_17950,1_100062,17,1_721362420,1_7974608,1774883880,1774883880,default
1774883318,1_57804,1_100072,181,1_721481780,1_7173,1774883842,1774883825,default
1774883318,1_59282,1_102717,165,1_800649660,1_8023727,1774885200,1774885200,default
1774883318,1_10210,1_102729,322,1_803353290,1_8144,1774884720,1774884913,default
1774883318,1_620,1_100011,111,1_664454980,1_7420,1774883520,1774883547,default
1774883318,1_620,40_100236,545,40_806326300,40_8005187,1774883580,1774883594,default
1774883318,1_10912,1_100162,271,1_585555270,1_7976620,1774883640,1774883640,default
1774883318,1_10912,40_100511,542,40_569567870,40_7976686,1774884360,1774884360,default
1774883318,1_10912,1_100162,271,1_585519140,1_7976348,1774884600,1774884600,default
1774883318,1_10912,1_100162,271,1_569495660,1_7976723,1774885440,1774885440,default
1774883318,1_10912,1_100162,271,1_671213680,1_7976721,1774886160,1774886160,default
1774883318,1_71960,40_100511,542,40_721031250,40_7976608,1774883880,1774883880,default
1774883618,1_60161,1_100042,148,1_762077090,1_7976055,1774885380,1774885380,default
1774883618,1_575,1_100210,36,1_800582300,1_4339,1774883820,1774883610,default
1774883618,1_2850,1_100089,2,1_788758070,1_7115,1774884300,1774883054,default
1774883618,1_46505,1_102619,F Line,1_635448490,1_7976083,1774884480,1774884480,default
1774883618,1_29423,1_102732,79,1_817872860,1_8022127,1774884000,1774884000,default
1774883618,1_29423,1_102732,79,1_816446390,1_8022070,1774884600,1774884600,default
1774883618,1_27420,1_100249,60,1_801584920,1_7144,1774883768,1774883759,default
1774883618,1_57453,1_100060,168,1_664460610,1_7976211,1774884600,1774884709,default
1774883618,1_73112,1_102704,250,1_720961820,1_7241,1774883747,1774883612,default
1774883618,1_52306,1_102619,F Line,1_656237180,1_7976229,1774884300,1774884300,default
1774883618,1_80121,1_102719,161,1_800652070,1_7431,1774883626,1774883720,default
1774883618,1_41128,1_100026,128,1_806634550,1_1008,1774883916,1774883655,default
1774883618,1_10370,1_102732,79,1_816446270,1_8022130,1774883706,1774883719,default
1774883618,1_99254,40_595,595,40_3382020,40_10163,1774883733,1774883733,default
1774883618,1_70665,1_102704,250,1_720961810,1_7462,1774883336,1774883721,default
1774883618,1_17950,1_100062,17,1_721362420,1_7974608,1774883880,1774883880,default
1774883618,1_36510,1_100026,128,1_806634180,1_1003,1774883750,1774883646,default
1774883618,1_2200,1_102581,D Line,1_732750360,1_6071,1774883305,1774883743,default
1774883618,1_57804,1_100072,181,1_721481780,1_7173,1774883842,1774883680,default
1774883618,1_59282,1_100072,181,1_721481920,1_7454,1774884480,1774883570,default
1774883618,1_59282,1_100072,181,1_721481920,1_7976015,1774884480,1774884480,default
1774883618,1_59282,1_102717,165,1_800649660,1_8023727,1774885200,1774885200,default
1774883618,1_10210,1_102729,322,1_803353290,1_8144,1774884720,1774884913,default
1774883618,1_620,40_100240,554,40_774870500,40_6957,1774884180,1774884054,default
1774883618,1_10912,40_100511,542,40_569567870,40_7976686,1774884360,1774884360,default
1774883618,1_10912,1_100162,271,1_585519140,1_7976348,1774884600,1774884600,default
1774883618,1_10912,1_100162,271,1_569495660,1_7976723,1774885440,1774885535,default
1774883618,1_10912,40_100511,542,40_569562190,40_7976602,1774885560,1774885560,default
1774883618,1_10912,1_100162,271,1_671213680,1_7976721,1774886160,1774886160,default
1774883618,1_71960,40_100511,542,40_721031250,40_7976608,1774883880,1774883880,default
1774883618,1_58144,1_102717,165,1_800649640,1_7353,1774883807,1774883648,default
1774883918,1_46791,1_100016,118,1_637324330,1_3713,1774883940,1774884004,default
1774883918,1_60161,1_100042,148,1_762077090,1_7976055,1774885380,1774885380,default
1774883918,1_2850,1_100089,2,1_788758070,1_7115,1774884300,1774883054,default
1774883918,1_46505,1_102619,F Line,1_635448490,1_7976083,1774884480,1774884480,default
1774883918,1_29423,1_102732,79,1_817872860,1_8022127,1774884000,1774884000,default
1774883918,1_29423,1_102732,79,1_816446390,1_8022070,1774884600,1774884600,default
1774883918,1_57453,1_100060,168,1_664460610,1_7976211,1774884600,1774884600,default
1774883918,1_8671,1_100275,8,1_800891440,1_8066,1774883986,1774883903,default
1774883918,1_84810,1_102752,223,1_833610630,1_7249,1774884114,1774883950,default
1774883918,1_52306,1_102619,F Line,1_656237180,1_7976229,1774884300,1774884300,default
1774883918,1_52306,1_102619,F Line,1_656236520,1_7976085,1774885200,1774885200,default
1774883918,1_8530,1_100263,7,1_650129620,1_4510,1774884309,1774883970,default
1774883918,1_41940,1_100249,60,1_801584920,1_7144,1774884037,1774883974,default
1774883918,1_59282,1_100072,181,1_721481920,1_7454,1774884480,1774883570,default
1774883918,1_59282,1_102717,165,1_800649220,1_7323,1774884060,1774883908,default
1774883918,1_59282,1_102717,165,1_800649660,1_8023727,1774885200,1774885200,default
1774883918,1_10210,1_102729,322,1_803353290,1_8144,1774884720,1774884913,default
1774883918,1_620,40_100240,554,40_774870500,40_6957,1774884180,1774884031,default
1774883918,1_620,40_100236,545,40_806328200,40_8005186,1774884180,1774884084,default
1774883918,1_620,40_100236,545,40_806328200,40_9690,1774884180,1774884172,default
1774883918,1_620,40_100239,550,40_597756280,40_9632,1774884180,1774884571,default
1774883918,1_620,1_100459,218,1_774864120,1_6925,1774884240,1774884706,default
1774883918,1_620,1_100011,111,1_635433430,1_6929,1774884900,1774885046,default
1774883918,1_10912,1_100447,49,1_801235440,1_8023490,1774884090,1774884090,default
1774883918,1_10912,40_100511,542,40_569567870,40_7976686,1774884360,1774884360,default
1774883918,1_10912,1_100162,271,1_585519140,1_7976348,1774884600,1774884600,default
1774883918,1_10912,40_100511,542,40_569562190,40_7976602,1774885560,1774885560,default
1774883918,1_10912,1_100162,271,1_569495660,1_7976723,1774885440,1774885674,default
1774883918,1_10912,1_100162,271,1_671213680,1_7976721,1774886160,1774886160,default
1774883918,1_41900,1_100289,9,1_664068610,1_7048,1774884120,1774884038,default
1774884218,1_103,1_102745,G Line,1_736437330,1_6410,1774883806,1774884258,default
1774884218,1_12170,1_100039,14,1_562518690,1_4392,1774884159,1774884330,default
1774884218,1_60161,1_100042,148,1_762077090,1_7976055,1774885380,1774885380,default
1774884218,1_8541,1_100263,7,1_650171910,1_7974940,1774884300,1774884300,default
1774884218,1_575,1_100263,7,1_800588560,1_4531,1774884300,1774884250,default
1774884218,1_575,1_100210,36,1_800582790,1_4346,1774884480,1774884259,default
1774884218,1_575,1_100219,4,1_675345120,1_4402,1774884120,1774884269,default
1774884218,1_2850,1_100089,2,1_788758070,1_7115,1774884300,1774883054,default
1774884218,1_2850,1_100089,2,1_788757700,1_7140,1774884840,1774883994,default
1774884218,1_2850,1_100089,2,1_788757700,1_8023467,1774884840,1774884840,default
1774884218,1_46505,1_102619,F Line,1_635448490,1_7976083,1774884480,1774884480,default
1774884218,1_29423,1_102732,79,1_816446390,1_8022070,1774884600,1774884600,default
1774884218,1_57453,1_100060,168,1_664460610,1_7976211,1774884600,1774884607,default
1774884218,1_74152,1_102753,222,1_774817760,1_7301,1774884272,1774884187,default
1774884218,1_1510,1_100263,7,1_650129620,1_4510,1774884578,1774884249,default
1774884218,1_56440,1_100005,106,1_727785790,1_7029,1774884460,1774884250,default
1774884218,1_40801,1_100012,113,1_801580710,1_7067,1774884372,1774884635,default
1774884218,1_52306,1_102619,F Line,1_656237180,1_7976229,1774884300,1774884300,default
1774884218,1_52306,1_102619,F Line,1_656236520,1_7976085,1774885200,1774885200,default
1774884218,1_21680,1_100023,124,1_800861910,1_8033,1774884591,1774884221,default
1774884218,1_49350,1_100026,128,1_806634550,1_1008,1774884377,1774884352,default
1774884218,1_9605,1_100259,67,1_761384850,1_7975680,1774883940,1774884355,default
1774884218,1_57804,1_100072,181,1_721490180,1_7391,1774884742,1774884743,default
1774884218,1_59282,1_100072,181,1_721481920,1_7454,1774884480,1774883570,default
1774884218,1_59282,1_102717,165,1_800649660,1_7300,1774885200,1774884162,default
1774884218,1_59282,1_102717,165,1_800649660,1_8023727,1774885200,1774885200,default
1774884218,1_10210,1_102729,322,1_803353290,1_8144,1774884720,1774884913,default
1774884218,1_10210,1_100177,303,1_803352700,1_8197,1774884780,1774885969,default
1774884218,1_620,1_100459,218,1_774864120,1_6925,1774884240,1774884506,default
1774884218,1_620,40_100239,550,40_597756280,40_9632,1774884180,1774884527,default
1774884218,1_620,1_100011,111,1_635433430,1_6929,1774884900,1774884997,default
1774884218,1_620,1_100104,212,1_774865920,1_6890,1774884960,1774885006,default
1774884218,1_10912,1_100162,271,1_585519140,1_7976348,1774884600,1774884600,default
1774884218,1_10912,40_100511,542,40_569562190,40_7976602,1774885560,1774885560,default
1774884218,1_10912,1_100162,271,1_569495660,1_7976723,1774885440,1774885674,default
1774884218,1_10912,1_100162,271,1_671213680,1_7976721,1774886160,1774886160,default
1774884218,1_71960,40_100511,542,40_721030870,40_7976607,1774885140,1774885140,default
1774884518,1_60161,1_100042,148,1_762077090,1_7976055,1774885380,1774885380,default
1774884518,1_8541,1_100263,7,1_800588280,1_4547,1774884540,1774884514,default
1774884518,1_2850,1_100089,2,1_788757700,1_7140,1774884840,1774883994,default
1774884518,1_29423,1_102732,79,1_816446390,1_8022070,1774884600,1774884600,default
1774884518,1_57453,1_100060,168,1_664460610,1_7976211,1774884600,1774884600,default
1774884518,1_40801,1_100012,113,1_801580710,1_7067,1774884372,1774884744,default
1774884518,1_11940,1_100039,14,1_562518760,1_4353,1774884559,1774884596,default
1774884518,1_52306,1_102619,F Line,1_656236520,1_7976085,1774885200,1774885200,default
1774884518,1_57804,1_100072,181,1_721490180,1_7391,1774884742,1774884618,default
1774884518,1_59282,1_102717,165,1_800649660,1_7300,1774885200,1774884162,default
1774884518,1_59282,1_100072,181,1_721481790,1_7976037,1774888080,1774888080,default
1774884518,1_23905,1_100214,372,1_694306510,1_6947,1774884325,1774884662,default
1774884518,1_10210,1_102729,322,1_803353290,1_8144,1774884720,1774884913,default
1774884518,1_10210,1_102754,256,1_816378590,1_6982,1774885284,1774884926,default
1774884518,1_10210,1_100177,303,1_803352700,1_8197,1774884780,1774886079,default
1774884518,1_620,1_100003,101,1_693747940,1_7310,1774884780,1774884590,default
1774884518,1_620,1_100011,111,1_635433430,1_6929,1774884900,1774884749,default
1774884518,1_620,40_100236,545,40_806327160,40_8005193,1774884780,1774884780,default
1774884518,1_620,40_100236,545,40_806327160,40_9820,1774884780,1774884780,default
1774884518,1_620,40_100239,550,40_597752660,40_9670,1774884900,1774884833,default
1774884518,1_620,1_100104,212,1_774865920,1_6890,1774884960,1774884841,default
1774884518,1_620,40_100240,554,40_774869480,40_9664,1774885080,1774884954,default
1774884518,1_10912,40_100511,542,40_569562190,40_7976602,1774885560,1774885560,default
1774884518,1_10912,1_100162,271,1_569495660,1_7976723,1774885440,1774885674,default
1774884518,1_10912,1_100162,271,1_671213680,1_7976721,1774886160,1774886160,default
1774884518,1_71960,40_100511,542,40_721030870,40_7976607,1774885140,1774885140,default
1774884818,1_60161,1_100042,148,1_762077090,1_7976055,1774885380,1774885380,default
1774884818,1_575,1_100263,7,1_650129620,1_4510,1774885260,1774884748,default
1774884818,1_46505,1_102619,F Line,1_635448780,1_7976226,1774885380,1774885380,default
1774884818,1_5489,1_102746,333,1_778704520,1_7253,1774885000,1774884838,default
1774884818,1_52306,1_100030,131,1_800857870,1_8014,1774885020,1774884863,default
1774884818,1_52306,1_102619,F Line,1_656236520,1_7976085,1774885200,1774885200,default
1774884818,1_9605,1_100259,67,1_761383780,1_7975675,1774884840,1774884958,default
1774884818,1_40093,1_100133,240,1_806928170,1_7307,1774885040,1774884856,default
1774884818,1_21080,1_100026,128,1_806634030,1_1034,1774884960,1774884879,default
1774884818,1_59282,1_102717,165,1_800649660,1_7300,1774885200,1774884162,default
1774884818,1_59282,1_100072,181,1_721481790,1_7976037,1774888080,1774888080,default
1774884818,1_59872,1_102619,F Line,1_635449570,1_6288,1774884592,1774884968,default
1774884818,1_14280,1_102581,D Line,1_628189350,1_6062,1774885058,1774884916,default
1774884818,1_10210,1_100177,303,1_803352700,1_8197,1774884780,1774886185,default
1774884818,1_620,40_100240,554,40_774869480,40_9664,1774885080,1774884940,default
1774884818,1_10912,40_100511,542,40_569562190,40_7976602,1774885560,1774885560,default
1774884818,1_10912,1_100162,271,1_569495660,1_7976723,1774885440,1774885674,default
1774884818,1_10912,1_100162,271,1_671213680,1_7976721,1774886160,1774886160,default
1774884818,1_71960,40_100511,542,40_721030870,40_7976607,1774885140,1774885140,default
1774884818,1_41900,1_100289,9,1_664068620,1_7131,1774885080,1774884972,default
1774885118,1_481,1_102576,C Line,1_800868670,1_6248,1774885200,1774885080,default
1774885118,1_60161,1_100042,148,1_762077090,1_3755,1774885380,1774885015,default
1774885118,1_60161,1_100042,148,1_762077090,1_7976055,1774885380,1774885380,default
1774885118,1_575,1_100263,7,1_650129630,1_4537,1774885740,1774885129,default
1774885118,1_2850,1_100089,2,1_788758080,1_7158,1774885800,1774884795,default
1774885118,1_46505,1_102619,F Line,1_635448780,1_7976226,1774885380,1774885380,default
1774885118,1_79877,1_100162,271,1_585519750,1_7372,1774885080,1774885192,default
1774885118,1_52306,40_560,560,40_1605020,40_276,1774885380,1774885380,default
1774885118,1_52306,1_102619,F Line,1_656236220,1_7976225,1774886100,1774886100,default
1774885118,1_59282,1_100072,181,1_721481790,1_7976037,1774888080,1774888080,default
1774885118,1_59872,1_102619,F Line,1_635449110,1_6244,1774885192,1774885310,default
1774885118,1_10210,1_100177,303,1_803352700,1_8197,1774884780,1774886106,default
1774885118,1_620,40_100236,545,40_806328560,40_9661,1774885380,1774885380,default
1774885118,1_620,40_100236,545,40_806328560,40_8005189,1774885380,1774885380,default
1774885118,1_10912,1_100447,49,1_801235410,1_4319,1774885290,1774885238,default
1774885118,1_10912,40_100511,542,40_569562190,40_7976602,1774885560,1774885560,default
1774885118,1_10912,1_100162,271,1_569495660,1_7976723,1774885440,1774885674,default
1774885118,1_10912,1_100162,271,1_671213680,1_7976721,1774886160,1774886160,default
1774885418,1_970,1_102754,256,1_816378590,1_6982,1774885711,1774885358,default
1774885418,1_2850,1_100089,2,1_788758080,1_7158,1774885800,1774884795,default
1774885418,1_46505,1_102619,F Line,1_656236730,1_7975997,1774886280,1774886280,default
1774885418,1_1510,1_100263,7,1_800588590,1_4543,1774885538,1774885493,default
1774885418,1_52306,1_102619,F Line,1_656236220,1_7976225,1774886100,1774886100,default
1774885418,1_8530,1_100005,106,1_727785770,1_7090,1774885686,1774885412,default
1774885418,1_57804,1_100072,181,1_800642450,1_7482,1774885762,1774885650,default
1774885418,1_59282,1_100072,181,1_721481460,1_7173,1774886280,1774885103,default
1774885418,1_59282,1_100072,181,1_721481790,1_7976037,1774888080,1774888080,default
1774885418,1_60710,1_100512,A Line,1_800643250,1_6242,1774885546,1774885573,default
1774885418,1_10210,1_102729,322,1_803353310,1_8299,1774887120,1774887283,default
1774885418,1_620,40_100239,550,40_597749710,40_9800,1774885500,1774885861,default
1774885418,1_620,40_100239,550,40_597752130,40_9687,1774886100,1774886167,default
1774885418,1_10912,1_100162,271,1_671213680,1_7976721,1774886160,1774886160,default
1774885418,1_10912,1_100162,271,1_569553850,1_7976666,1774886940,1774886940,default
1774885418,1_71960,40_100511,542,40_721031470,40_7976605,1774886340,1774886340,default
1774885718,1_2850,1_100089,2,1_788758080,1_7158,1774885800,1774884795,default
1774885718,1_46505,1_102619,F Line,1_656236730,1_7975997,1774886280,1774886280,default
1774885718,1_1510,1_100005,106,1_727785770,1_7090,1774885932,1774885735,default
1774885718,1_52306,1_102619,F Line,1_656236220,1_7976225,1774886100,1774886100,default
1774885718,1_52306,1_102619,F Line,1_656236830,1_7976142,1774887000,1774887000,default
1774885718,1_40030,1_102574,40,1_811901730,1_8229,1774884975,1774885839,default
1774885718,1_74400,1_100146,255,1_635876010,1_7414,1774885833,1774885732,default
1774885718,1_22184,1_100249,60,1_801585110,1_7076,1774886045,1774885774,default
1774885718,1_59282,1_100072,181,1_721481460,1_7173,1774886280,1774885103,default
1774885718,1_59282,1_100072,181,1_721481790,1_7976037,1774888080,1774888080,default
1774885718,1_23905,1_100214,372,1_694306690,1_6992,1774885885,1774885814,default
1774885718,1_10210,1_102729,322,1_803353310,1_8299,1774887120,1774887283,default
1774885718,1_620,40_100240,554,40_774870340,40_9818,1774885980,1774885938,default
1774885718,1_620,40_100236,545,40_806326030,40_9685,1774885980,1774885968,default
1774885718,1_620,40_100239,550,40_597752130,40_9687,1774886100,1774886117,default
1774885718,1_620,1_100104,212,1_774865960,1_6946,1774886220,1774886390,default
1774885718,1_10912,1_100162,271,1_671213680,1_7976721,1774886160,1774886160,default
1774885718,1_10912,1_100162,271,1_569553850,1_7976666,1774886940,1774886940,default
1774885718,1_71960,40_100511,542,40_721031470,40_7976605,1774886340,1774886340,default
1774885718,1_8403,1_100039,14,1_562518780,1_4397,1774885560,1774885775,default
1774886018,1_575,1_102615,E Line,1_761417720,1_6085,1774886100,1774886007,default
1774886018,1_575,1_102576,C Line,1_800868260,1_6249,1774886220,1774886029,default
1774886018,1_46505,1_102619,F Line,1_656236730,1_7975997,1774886280,1774886280,default
1774886018,1_52306,1_102619,F Line,1_656236830,1_7976142,1774887000,1774887000,default
1774886018,1_59282,1_100072,181,1_721481460,1_7173,1774886280,1774885103,default
1774886018,1_59282,1_102717,165,1_800649670,1_8023716,1774886940,1774886940,default
1774886018,1_59282,1_100072,181,1_721481790,1_7976037,1774888080,1774888080,default
1774886018,1_10210,1_102729,322,1_803353310,1_8299,1774887120,1774887283,default
1774886018,1_620,1_100045,150,1_694513290,1_6995,1774886400,1774886006,default
1774886018,1_620,1_100104,212,1_774865960,1_6946,1774886220,1774886390,default
1774886018,1_10912,1_100162,271,1_569553850,1_7976666,1774886940,1774886940,default
1774886018,1_10912,40_100511,542,40_569565600,40_7976608,1774887000,1774887000,default
1774886018,1_71960,40_100511,542,40_721031470,40_7976605,1774886340,1774886340,default
1774886318,1_60161,1_100042,148,1_762077020,1_7976053,1774887240,1774887240,default
1774886318,1_12770,1_100228,48,1_721361930,1_8011,1774885960,1774886375,default
1774886318,1_2850,1_100089,2,1_788757710,1_8023446,1774886760,1774886760,default
1774886318,1_5489,1_100196,331,1_803353120,1_7200,1774886449,1774886324,default
1774886318,1_52306,1_102619,F Line,1_656236830,1_7976142,1774887000,1774887000,default
1774886318,1_8530,1_100039,14,1_562518850,1_4384,1774886452,1774886344,default
1774886318,1_2200,1_102581,D Line,1_803817720,1_6078,1774886425,1774886501,default
1774886318,1_59282,1_102717,165,1_800649670,1_7476,1774886940,1774886275,default
1774886318,1_59282,1_102717,165,1_800649670,1_8023716,1774886940,1774886940,default
1774886318,1_59282,1_100072,181,1_721481790,1_7976037,1774888080,1774888080,default
1774886318,1_59936,1_102720,160,1_635445810,1_7428,1774886491,1774886404,default
1774886318,1_10210,1_102729,322,1_803353310,1_8299,1774887120,1774887283,default
1774886318,1_25791,1_100214,372,1_694306310,1_6920,1774886498,1774886518,default
1774886318,1_620,40_100240,554,40_774868130,40_9689,1774886820,1774886792,default
1774886318,1_620,40_100239,550,40_597756660,40_9802,1774886640,1774886982,default
1774886318,1_10912,1_100447,49,1_801235420,1_8023491,1774886490,1774886490,default
1774886318,1_10912,1_100162,271,1_569553850,1_7976666,1774886940,1774886940,default
1774886318,1_10912,40_100511,542,40_569565600,40_7976608,1774887000,1774887000,default
1774886318,1_10912,1_100162,271,1_569495530,1_7976369,1774887900,1774887900,default
1774886619,1_60161,1_100042,148,1_762077020,1_3711,1774887240,1774886281,default
1774886619,1_970,1_100003,101,1_800668580,1_8135,1774886514,1774886638,default
1774886619,1_575,1_100210,36,1_800582500,1_4316,1774886820,1774886639,default
1774886619,1_2850,1_100089,2,1_788757710,1_7117,1774886760,1774886457,default
1774886619,1_2850,1_100089,2,1_788757710,1_8023446,1774886760,1774886760,default
1774886619,1_46505,1_102619,F Line,1_656236950,1_7976017,1774887180,1774887180,default
1774886619,1_27420,1_100161,27,1_759817840,1_8022,1774886494,1774886678,default
1774886619,1_27420,1_100249,60,1_801584960,1_7111,1774886708,1774886717,default
1774886619,1_1510,1_100001,1,1_800579740,1_4384,1774886694,1774886643,default
1774886619,3_31002,40_560,560,40_805020,40_270,1774886820,1774886820,default
1774886619,1_52306,1_102619,F Line,1_656236830,1_7976142,1774887000,1774887000,default
1774886619,1_52306,1_102619,F Line,1_656237090,1_7976074,1774887900,1774887900,default
1774886619,1_2200,1_102581,D Line,1_800600690,1_6107,1774886905,1774886728,default
1774886619,1_22184,1_102736,H Line,1_694057660,1_6064,1774886906,1774886654,default
1774886619,1_59282,1_102717,165,1_800649670,1_7476,1774886940,1774886275,default
1774886619,1_59282,1_100072,181,1_721481790,1_7976037,1774888080,1774888080,default
1774886619,1_23905,1_100214,372,1_694305860,1_6999,1774886785,1774886758,default
1774886619,1_60710,1_100512,A Line,1_800643270,1_6272,1774886746,1774886774,default
1774886619,1_55430,1_100006,107,1_664458520,1_3729,1774886777,1774886690,default
1774886619,1_10210,1_102754,256,1_816378600,1_6961,1774887084,1774887002,default
1774886619,1_10210,1_102729,322,1_803353310,1_8299,1774887120,1774887283,default
1774886619,1_620,40_100240,554,40_774868130,40_9689,1774886820,1774886786,default
1774886619,1_620,40_100239,550,40_597756660,40_9802,1774886640,1774886916,default
1774886619,1_620,1_100104,212,1_774865990,1_6981,1774887300,1774887458,default
1774886619,1_10912,1_100162,271,1_569553850,1_7976666,1774886940,1774886940,default
1774886619,1_10912,40_100511,542,40_569565600,40_7976608,1774887000,1774887000,default
1774886619,1_10912,1_100162,271,1_569495530,1_7976369,1774887900,1774887900,default
1774886619,1_71960,40_100511,542,40_721030860,40_7976686,1774888140,1774888140,default
1774886619,1_8403,1_100039,14,1_562518800,1_4385,1774886520,1774886577,default
1774886919,1_12170,1_100039,14,1_562518800,1_4385,1774887099,1774887003,default
1774886919,1_60161,1_100042,148,1_762077020,1_3711,1774887240,1774886281,default
1774886919,1_30510,1_100006,107,1_762076920,1_3704,1774886979,1774886850,default
1774886919,1_575,1_100263,7,1_800588370,1_4524,1774887120,1774886909,default
1774886919,1_8080,1_100005,106,1_727785460,1_7006,1774886962,1774886876,default
1774886919,1_46505,1_102619,F Line,1_656236950,1_7976017,1774887180,1774887180,default
1774886919,1_280,40_100240,554,40_560098600,40_7976705,1774886993,1774886993,default
1774886919,1_52306,1_102619,F Line,1_656237090,1_7976074,1774887900,1774887900,default
1774886919,1_40030,1_102574,40,1_811901470,1_8202,1774886835,1774887019,default
1774886919,1_41850,1_100006,107,1_762076920,1_3704,1774887070,1774886936,default
1774886919,1_59282,1_100072,181,1_721481790,1_7976037,1774888080,1774888080,default
1774886919,1_85531,1_102757,187,1_815972860,1_7135,1774887120,1774887029,default
1774886919,1_81749,1_100160,269,1_806916900,1_7251,1774886794,1774887075,default
1774886919,1_10210,1_102754,256,1_816378600,1_6961,1774887084,1774887053,default
1774886919,1_10210,1_102729,322,1_803353310,1_8299,1774887120,1774887283,default
1774886919,1_57791,1_102718,184,1_635442750,1_1013,1774886963,1774887092,default
1774886919,1_620,40_100239,550,40_597750140,40_9646,1774887240,1774887212,default
1774886919,1_620,1_100104,212,1_774865990,1_6981,1774887300,1774887307,default
1774886919,1_10912,1_100162,271,1_569495530,1_7976369,1774887900,1774887900,default
1774886919,1_10912,1_100162,271,1_569496980,1_7976364,1774888860,1774888860,default
1774886919,1_71960,40_100511,542,40_721030860,40_7976686,1774888140,1774888140,default
1774887219,1_46791,1_100016,118,1_669626560,1_3724,1774887180,1774887244,default
1774887219,1_60161,1_100042,148,1_762077020,1_3711,1774887240,1774886281,default
1774887219,1_2850,1_100089,2,1_788758090,1_7139,1774887720,1774886952,default
1774887219,1_280,40_100240,554,40_560098600,40_7976705,1774886993,1774887264,default
1774887219,1_52306,40_560,560,40_805020,40_270,1774887480,1774887480,default
1774887219,1_52306,1_102619,F Line,1_656237090,1_7976074,1774887900,1774887900,default
1774887219,1_40065,1_102574,40,1_811901600,1_8209,1774887281,1774887328,default
1774887219,1_76312,1_102705,230,1_664298400,1_7422,1774887421,1774887343,default
1774887219,1_57804,1_100072,181,1_721481930,1_7177,1774887442,1774887480,default
1774887219,1_59282,1_100072,181,1_721481790,1_7482,1774888080,1774887075,default
1774887219,1_59282,1_100072,181,1_721481790,1_7976037,1774888080,1774888080,default
1774887219,1_620,40_100240,554,40_774869230,40_9811,1774887780,1774887495,default
1774887219,1_10912,1_100162,271,1_569495530,1_7976369,1774887900,1774887900,default
1774887219,1_10912,40_100511,542,40_569563320,40_7976607,1774888320,1774888320,default
1774887219,1_10912,1_100162,271,1_569496980,1_7976364,1774888860,1774888860,default
1774887219,1_71960,40_100511,542,40_721030860,40_7976686,1774888140,1774888140,default
1774887519,1_2850,1_100089,2,1_788758090,1_7139,1774887720,1774886952,default
1774887519,1_46505,1_102619,F Line,1_770992180,1_7976229,1774888140,1774888140,default
1774887519,1_29423,1_102732,79,1_816446360,1_8022069,1774888200,1774888200,default
1774887519,1_1190,40_100239,550,40_597750140,40_9646,1774887752,1774887512,default
1774887519,1_75770,1_102615,E Line,1_816541310,1_6206,1774888611,1774887503,default
1774887519,1_52306,1_102619,F Line,1_656237090,1_7976074,1774887900,1774887900,default
1774887519,1_52306,1_102619,F Line,1_721495920,1_7976083,1774888740,1774888740,default
1774887519,1_99254,1_100045,150,1_694514580,1_8162,1774887760,1774887538,default
1774887519,1_9030,1_100263,7,1_800588020,1_4539,1774887644,1774887550,default
1774887519,1_2200,1_102581,D Line,1_803817740,1_6041,1774887385,1774887701,default
1774887519,1_59282,1_100072,181,1_721481790,1_7482,1774888080,1774887075,default
1774887519,1_59282,1_102717,165,1_800649680,1_8023877,1774888620,1774888620,default
1774887519,1_23905,1_100214,372,1_694305880,1_6948,1774887685,1774887630,default
1774887519,1_620,40_100236,545,40_806326680,40_9682,1774887600,1774887721,default
1774887519,1_620,40_100239,550,40_597754090,40_9647,1774887840,1774888150,default
1774887519,1_10912,1_100162,271,1_569495530,1_7976369,1774887900,1774887900,default
1774887519,1_10912,40_100511,542,40_569563320,40_7976607,1774888320,1774888320,default
1774887519,1_10912,1_100162,271,1_569496980,1_7976364,1774888860,1774888860,default
1774887519,1_71960,40_100511,542,40_721030860,40_7976686,1774888140,1774888140,default
1774887519,1_8403,1_100039,14,1_562518860,1_4373,1774887420,1774887552,default
1774887819,1_12170,1_100039,14,1_562518860,1_4373,1774887999,1774887910,default
1774887819,1_46791,1_100016,118,1_669626680,1_3713,1774887660,1774888006,default
1774887819,1_970,40_578,578,40_1313020,40_10191,1774887927,1774887927,default
1774887819,1_30790,1_100249,60,1_801585050,1_7144,1774887817,1774887869,default
1774887819,1_320,40_100239,550,40_597752120,40_9687,1774887960,1774887897,default
1774887819,1_575,1_100210,36,1_800582400,1_8023432,1774887900,1774887819,default
1774887819,1_575,1_100210,36,1_800582400,1_4517,1774887900,1774887821,default
1774887819,1_8080,1_100005,106,1_727785620,1_7029,1774887862,1774887770,default
1774887819,1_46505,1_102619,F Line,1_770992180,1_7976229,1774888140,1774888140,default
1774887819,1_29423,1_102732,79,1_816446360,1_8022069,1774888200,1774888200,default
1774887819,1_81254,1_100202,345,1_724955000,1_3732,1774888067,1774887815,default
1774887819,1_52306,1_102619,F Line,1_721495920,1_7976083,1774888740,1774888740,default
1774887819,1_59282,1_100072,181,1_721481790,1_7482,1774888080,1774887075,default
1774887819,1_59282,1_102717,165,1_800649680,1_7197,1774888620,1774887844,default
1774887819,1_59282,1_102717,165,1_800649680,1_8023877,1774888620,1774888620,default
1774887819,1_59872,1_102619,F Line,1_656236220,1_6287,1774887952,1774887964,default
1774887819,1_620,40_100239,550,40_597754090,40_9647,1774887840,1774888054,default
1774887819,1_620,1_100104,212,1_774865930,1_7418,1774888380,1774888413,default
1774887819,1_10912,1_100264,70,1_801593700,1_8025832,1774888006,1774888006,default
1774887819,1_10912,40_100511,542,40_569563320,40_7976607,1774888320,1774888320,default
1774887819,1_10912,1_100162,271,1_569496980,1_7976364,1774888860,1774888860,default
1774887819,1_71960,40_100511,542,40_721030860,40_7976686,1774888140,1774888140,default
1774888119,1_46791,1_100016,118,1_669626680,1_3713,1774887660,1774888261,default
1774888119,1_62212,1_102720,160,1_635445810,1_7428,1774888272,1774888013,default
1774888119,1_60161,1_100042,148,1_762077480,1_7976051,1774889040,1774889040,default
1774888119,1_51651,1_102736,H Line,1_694057740,1_6056,1774888178,1774888087,default
1774888119,1_575,1_100264,70,1_801593690,1_8269,1774888200,1774888147,default
1774888119,1_13830,1_102581,D Line,1_803817630,1_6062,1774888211,1774888119,default
1774888119,1_2850,1_100089,2,1_788757720,1_8023471,1774888740,1774888740,default
1774888119,1_29423,1_102732,79,1_816446360,1_8022069,1774888200,1774888200,default
1774888119,1_34960,1_100230,50,1_785559200,1_3754,1774888242,1774888135,default
1774888119,1_52306,1_102619,F Line,1_721495920,1_7976083,1774888740,1774888740,default
1774888119,1_8530,1_100263,7,1_800588210,1_4505,1774888149,1774888218,default
1774888119,1_59282,1_102717,165,1_800649680,1_7197,1774888620,1774887844,default
1774888119,1_79874,1_100133,240,1_806916080,1_7460,1774888426,1774888199,default
1774888119,1_10210,1_102729,322,1_803353330,1_8119,1774889040,1774889768,default
1774888119,1_620,1_100104,212,1_774865930,1_7418,1774888380,1774888279,default
1774888119,1_620,40_100239,550,40_597756310,40_6976,1774888440,1774888746,default
1774888119,1_10912,40_100511,542,40_569563320,40_9654,1774888320,1774888139,default
1774888119,1_10912,40_100511,542,40_569563320,40_7976607,1774888320,1774888320,default
1774888119,1_10912,1_100162,271,1_569496980,1_7976364,1774888860,1774888860,default
1774888119,1_10912,1_100162,271,1_569496600,1_7976370,1774889760,1774889760,default
1774888119,1_81982,1_102746,333,1_778705030,1_7231,1774888299,1774888281,default
1774888419,1_12170,1_100039,14,1_562521050,1_4359,1774888899,1774888505,default
1774888419,1_4290,1_100219,4,1_675345160,1_4355,1774888562,1774888362,default
1774888419,1_26560,1_102574,40,1_811901120,1_8246,1774888496,1774888532,default
1774888419,1_60161,1_100042,148,1_762077480,1_7976051,1774889040,1774889040,default
1774888419,1_575,1_100210,36,1_800582420,1_4561,1774888500,1774888451,default
1774888419,1_575,1_100263,7,1_800588390,1_8023403,1774888500,-1,default
1774888419,1_2850,1_100089,2,1_788757720,1_7095,1774888740,1774888130,default
1774888419,1_46505,1_102619,F Line,1_770991530,1_7976085,1774889040,1774889040,default
1774888419,1_11590,1_100002,10,1_675385280,1_4383,1774888496,1774888368,default
1774888419,1_37200,1_100026,128,1_806634350,1_1031,1774888566,1774888339,default
1774888419,1_68130,1_102548,B Line,1_721018140,1_6029,1774888432,1774888523,default
1774888419,1_52306,1_102619,F Line,1_721495920,1_7976083,1774888740,1774888740,default
1774888419,1_52306,1_102619,F Line,1_721496180,1_7976226,1774889640,1774889640,default
1774888419,1_99254,1_100045,150,1_694514590,1_8182,1774888600,1774888538,default
1774888419,1_85962,1_100074,183,1_800657060,1_7145,1774888515,1774888431,default
1774888419,1_9605,1_100259,67,1_761384690,1_7975715,1774888320,1774888559,default
1774888419,1_59282,1_102717,165,1_800649680,1_7197,1774888620,1774887844,default
1774888419,1_10210,1_102729,322,1_803353330,1_8119,1774889040,1774889826,default
1774888419,1_620,40_100240,554,40_774868970,40_9819,1774888680,1774888539,default
1774888419,1_620,40_100239,550,40_597756310,40_6976,1774888440,1774888603,default
1774888419,1_10912,1_100264,70,1_801593560,1_8026410,1774888606,1774888606,default
1774888419,1_10912,1_100162,271,1_569496980,1_7976364,1774888860,1774888860,default
1774888419,1_10912,40_100511,542,40_569562640,40_7976605,1774889580,1774889580,default
1774888419,1_10912,1_100162,271,1_569496600,1_7976370,1774889760,1774889760,default
1774888719,1_60161,1_100042,148,1_762077480,1_7976051,1774889040,1774889040,default
1774888719,1_23030,1_100101,21,1_809331540,1_8263,1774888875,1774888657,default
1774888719,1_320,40_100240,554,40_736592590,40_9689,1774888500,1774888755,default
1774888719,1_46505,1_102619,F Line,1_770991530,1_7976085,1774889040,1774889040,default
1774888719,1_27420,1_100249,60,1_801585610,1_7157,1774888808,1774888708,default
1774888719,1_52306,1_102619,F Line,1_721496180,1_7976226,1774889640,1774889640,default
1774888719,1_70665,1_102702,239,1_736529100,1_3705,1774888740,1774888821,default
1774888719,1_9605,1_100259,67,1_761384690,1_7975715,1774888320,1774888863,default
1774888719,1_10210,1_102754,256,1_816378610,1_6915,1774889664,1774889731,default
1774888719,1_10210,1_102729,322,1_803353330,1_8119,1774889040,1774889807,default
1774888719,1_620,40_100239,550,40_597750730,40_9815,1774889040,1774889110,default
1774888719,1_10912,1_100447,49,1_801235390,1_8023497,1774887690,1774888886,default
1774888719,1_10912,40_100511,542,40_569562640,40_7976605,1774889580,1774889580,default
1774888719,1_10912,1_100162,271,1_569496600,1_7976370,1774889760,1774889760,default
1774889019,1_60161,1_100042,148,1_762077480,1_3753,1774889040,1774888715,default
1774889019,1_30790,1_100249,60,1_801585020,1_7072,1774888537,1774889057,default
1774889019,1_30510,1_100249,60,1_801585070,1_7076,1774889141,1774888928,default
1774889019,1_575,1_100210,36,1_800582410,1_4394,1774889100,1774888989,default
1774889019,1_2850,1_100089,2,1_788758100,1_7119,1774889640,1774888568,default
1774889019,1_8080,1_100263,7,1_800589090,1_4504,1774889088,1774889000,default
1774889019,1_1510,1_100005,106,1_727785460,1_7006,1774889412,1774888982,default
1774889019,1_52306,1_102619,F Line,1_721496180,1_7976226,1774889640,1774889640,default
1774889019,1_8530,1_100039,14,1_562518960,1_4397,1774889152,1774889068,default
1774889019,1_45751,1_100249,60,1_801585060,1_7192,1774889145,1774889034,default
1774889019,1_41850,1_100249,60,1_801585070,1_7076,1774889246,1774889039,default
1774889019,1_57804,1_100072,181,1_721481470,1_7392,1774889242,1774889360,default
1774889019,1_59282,1_100072,181,1_721481640,1_7976104,1774889880,1774889880,default
1774889019,1_60710,1_100512,A Line,1_800643300,1_6009,1774889146,1774889177,default
1774889019,1_10210,1_102754,256,1_816378610,1_6915,1774889664,1774889293,default
1774889019,1_10210,1_102729,322,1_803353330,1_8119,1774889040,1774889602,default
1774889019,1_620,40_100240,554,40_774868460,40_9662,1774889520,1774889334,default
1774889019,1_620,1_100104,212,1_774865940,1_6890,1774889580,1774889706,default
1774889019,1_10912,1_100264,70,1_801593530,1_8026409,1774889206,1774889206,default
1774889019,1_10912,40_100511,542,40_569562640,40_7976605,1774889580,1774889580,default
1774889019,1_10912,1_100162,271,1_569496600,1_7976370,1774889760,1774889760,default
1774889019,1_10912,1_100162,271,1_569496420,1_7976349,1774890660,1774890660,default
1774889319,1_60161,1_100042,148,1_762077070,1_7976052,1774892640,1774892640,default
1774889319,1_2850,1_100089,2,1_788758100,1_7119,1774889640,1774888568,default
1774889319,1_46505,1_102619,F Line,1_770991230,1_7976225,1774889940,1774889940,default
1774889319,1_1510,1_100001,1,1_800579860,1_4397,1774889394,1774889317,default
1774889319,1_10653,1_100252,62,1_800855120,1_8024959,1774889400,1774889093,default
1774889319,1_52306,1_102619,F Line,1_721496180,1_7976226,1774889640,1774889640,default
1774889319,1_52306,1_102619,F Line,1_656236740,1_7975997,1774890600,1774890600,default
1774889319,1_59282,1_100072,181,1_721481640,1_7177,1774889880,1774889100,default
1774889319,1_59282,1_102717,165,1_800649690,1_7162,1774890420,1774889347,default
1774889319,1_59282,1_102717,165,1_800649690,1_8023881,1774890420,1774890420,default
1774889319,1_10210,1_102754,256,1_816378610,1_6915,1774889664,1774889377,default
1774889319,1_620,1_100104,212,1_774865940,1_6890,1774889580,1774889552,default
1774889319,1_620,40_100236,545,40_806327080,40_8005180,1774889400,1774889648,default
1774889319,1_620,40_100239,550,40_597754900,40_9648,1774889940,1774889956,default
1774889319,1_10912,40_100511,542,40_569562640,40_7976605,1774889580,1774889580,default
1774889319,1_10912,1_100162,271,1_569496600,1_7976370,1774889760,1774889760,default
1774889319,1_10912,1_100162,271,1_569496420,1_7976349,1774890660,1774890660,default
1774889319,1_10912,40_100511,542,40_569565790,40_7976685,1774890660,1774890660,default
1774889319,1_71960,40_100511,542,40_721031290,40_7976608,1774890060,1774890060,default
1774889319,1_8403,1_100039,14,1_562518910,1_4313,1774889160,1774889061,default
1774889619,1_103,1_102745,G Line,1_736437440,1_6410,1774889566,1774889638,default
1774889619,1_12170,1_100039,14,1_562518910,1_4313,1774889739,1774889739,default
1774889619,1_60161,1_100042,148,1_762077070,1_7976052,1774892640,1774892640,default
1774889619,1_49588,1_100026,128,1_806634290,1_1023,1774889655,1774889575,default
1774889619,1_46505,1_102619,F Line,1_770991230,1_7976225,1774889940,1774889940,default
1774889619,1_52306,1_102619,F Line,1_656236740,1_7975997,1774890600,1774890600,default
1774889619,1_8530,1_100263,7,1_800588200,1_4547,1774889889,1774889681,default
1774889619,1_8530,1_100005,106,1_727785620,1_7029,1774890006,1774889687,default
1774889619,1_59282,1_100072,181,1_721481640,1_7177,1774889880,1774889100,default
1774889619,1_59282,1_102717,165,1_800649690,1_7162,1774890420,1774889347,default
1774889619,1_72391,1_100136,245,1_761788130,1_7344,1774889798,1774889731,default
1774889619,1_620,40_100239,550,40_597754900,40_9648,1774889940,1774889742,default
1774889619,1_620,40_100236,545,40_806327080,40_8005180,1774889400,1774889878,default
1774889619,1_10912,1_100264,70,1_801593510,1_8026408,1774889806,1774889806,default
1774889619,1_10912,1_100162,271,1_569496420,1_7976349,1774890660,1774890660,default
1774889619,1_10912,40_100511,542,40_569565790,40_7976685,1774890660,1774890660,default
1774889619,1_71960,40_100511,542,40_721031290,40_7976608,1774890060,1774890060,default
1774889919,1_8310,1_100263,7,1_800589090,1_4504,1774889931,1774889815,default
1774889919,1_51551,1_102736,H Line,1_694057330,1_6050,1774889857,1774889947,default
1774889919,1_60161,1_100042,148,1_762077280,1_3757,1774890840,1774889724,default
1774889919,1_60161,1_100042,148,1_762077070,1_7976052,1774892640,1774892640,default
1774889919,1_27420,1_100249,60,1_801585070,1_7076,1774890248,1774890030,default
1774889919,1_76024,1_102702,239,1_736529610,1_3717,1774889740,1774889982,default
1774889919,1_10653,1_100252,62,1_800856070,1_8045,1774891228,1774889913,default
1774889919,1_78002,1_102703,231,1_633061890,1_7366,1774891131,1774889932,default
1774889919,1_52306,1_102619,F Line,1_656236740,1_7975997,1774890600,1774890600,default
1774889919,1_80121,1_102719,161,1_800652100,1_7436,1774889746,1774890017,default
1774889919,1_8530,1_100039,14,1_562518990,1_4385,1774890052,1774890069,default
1774889919,1_59282,1_102717,165,1_800649690,1_7162,1774890420,1774889347,default
1774889919,1_59282,1_100072,181,1_721481480,1_7976015,1774893480,1774893480,default
1774889919,1_620,40_100240,554,40_774868720,40_9683,1774890420,1774890337,default
1774889919,1_10912,1_100447,49,1_801235330,1_8023490,1774890090,1774890090,default
1774889919,1_10912,1_100162,271,1_569496420,1_7976349,1774890660,1774890660,default
1774889919,1_10912,40_100511,542,40_569565790,40_7976685,1774890660,1774890660,default
1774889919,1_10912,1_100162,271,1_569496250,1_7976353,1774891560,1774891560,default
1774890219,1_481,1_102736,H Line,1_694056700,1_6064,1774890300,1774890211,default
1774890219,1_60161,1_100042,148,1_762077280,1_3757,1774890840,1774889724,default
1774890219,1_60161,1_100042,148,1_762077070,1_7976052,1774892640,1774892640,default
1774890219,1_320,1_102754,256,1_816378610,1_6915,1774890360,1774890156,default
1774890219,1_575,1_100210,36,1_800584160,1_4391,1774890300,1774890243,default
1774890219,1_575,1_102576,C Line,1_800869400,1_6267,1774889940,1774890267,default
1774890219,1_2850,1_100089,2,1_788757730,1_7097,1774890600,1774889959,default
1774890219,1_46505,1_102619,F Line,1_770991840,1_7976142,1774890840,1774890840,default
1774890219,1_1510,1_100210,36,1_800582470,1_4339,1774890338,1774890184,default
1774890219,1_10653,1_100252,62,1_800856070,1_8045,1774891228,1774890169,default
1774890219,1_10653,1_100252,62,1_721368030,1_8081,1774890300,1774890245,default
1774890219,1_78002,1_102703,231,1_633061890,1_7366,1774891131,1774890247,default
1774890219,1_52306,1_100030,131,1_800857250,1_8248,1774890360,1774890250,default
1774890219,1_52306,1_102619,F Line,1_656236740,1_7975997,1774890600,1774890600,default
1774890219,1_52306,1_102619,F Line,1_656236960,1_7976017,1774891500,1774891500,default
1774890219,1_99254,1_100003,101,1_762100700,1_8173,1774890460,1774890227,default
1774890219,1_99254,1_100045,150,1_694512980,1_8143,1774890280,1774890369,default
1774890219,1_59282,1_102717,165,1_800649690,1_7162,1774890420,1774889347,default
1774890219,1_59282,1_100072,181,1_721481480,1_7976015,1774893480,1774893480,default
1774890219,1_14280,1_102581,D Line,1_803817590,1_6078,1774890458,1774890251,default
1774890219,1_620,40_100240,554,40_774868720,40_9683,1774890420,1774890279,default
1774890219,1_620,40_100236,545,40_806327770,40_9660,1774890300,1774890388,default
1774890219,1_10912,1_100162,271,1_569496420,1_7976349,1774890660,1774890660,default
1774890219,1_10912,40_100511,542,40_569565790,40_7976685,1774890660,1774890660,default
1774890219,1_10912,1_100162,271,1_569496250,1_7976353,1774891560,1774891560,default
1774890219,1_10912,40_100511,542,40_569567950,40_7976686,1774892280,1774892280,default
1774890519,1_12170,1_100039,14,1_562518970,1_4303,1774890579,1774890579,default
1774890519,1_77930,1_102746,333,1_778703930,1_7238,1774890377,1774890531,default
1774890519,1_60161,1_100042,148,1_762077280,1_3757,1774890840,1774889724,default
1774890519,1_60161,1_100042,148,1_762077070,1_7976052,1774892640,1774892640,default
1774890519,1_8541,1_100263,7,1_800588070,1_4530,1774890540,1774890488,default
1774890519,1_30510,1_100249,60,1_801585350,1_7105,1774890566,1774890515,default
1774890519,1_2850,1_100089,2,1_788757730,1_7097,1774890600,1774889959,default
1774890519,1_46505,1_102619,F Line,1_770991840,1_7976142,1774890840,1774890840,default
1774890519,1_40060,1_102574,40,1_811900980,1_8259,1774890625,1774890482,default
1774890519,1_72560,1_102704,250,1_816287920,1_7341,1774890783,1774890552,default
1774890519,1_10653,1_100252,62,1_800856070,1_8045,1774891228,1774890514,default
1774890519,1_78002,1_102703,231,1_633061890,1_7366,1774891131,1774890548,default
1774890519,1_52306,1_102619,F Line,1_656236960,1_7976017,1774891500,1774891500,default
1774890519,1_70665,1_102704,250,1_806914920,1_7321,1774890651,1774890598,default
1774890519,1_59282,1_100072,181,1_721481480,1_7976015,1774893480,1774893480,default
1774890519,1_59872,1_102619,F Line,1_721495920,1_6010,1774890652,1774890634,default
1774890519,1_620,40_100239,550,40_597756250,40_9632,1774890840,1774891171,default
1774890519,1_10912,1_100162,271,1_569496250,1_7976353,1774891560,1774891560,default
1774890519,1_10912,40_100511,542,40_569567950,40_7976686,1774892280,1774892280,default
1774890519,1_71960,40_100511,542,40_721030830,40_7976607,1774891860,1774891860,default
1774890819,1_60161,1_100042,148,1_762077280,1_3757,1774890840,1774889724,default
1774890819,1_60161,1_100042,148,1_762077070,1_7976052,1774892640,1774892640,default
1774890819,1_320,40_100239,550,40_597756320,40_6976,1774890660,1774890867,default
1774890819,1_575,1_100210,36,1_800582470,1_4339,1774890900,1774890776,default
1774890819,1_2850,1_100089,2,1_788758110,1_7091,1774891380,1774890747,default
1774890819,1_2850,1_100089,2,1_788758110,1_8023472,1774891380,1774891380,default
1774890819,1_8080,1_100263,7,1_800588400,1_4556,1774890888,1774890801,default
1774890819,1_29423,1_102732,79,1_816446430,1_8022070,1774891800,1774891800,default
1774890819,1_10653,1_100252,62,1_800856070,1_8045,1774891228,1774890800,default
1774890819,1_78002,1_102703,231,1_633061890,1_7366,1774891131,1774890833,default
1774890819,1_5489,1_100196,331,1_803352960,1_7225,1774890949,1774890846,default
1774890819,1_52306,1_102619,F Line,1_656236960,1_7976017,1774891500,1774891500,default
1774890819,1_8530,1_100263,7,1_800589090,1_4504,1774891089,1774890906,default
1774890819,1_8530,1_100039,14,1_562521070,1_4373,1774890952,1774890935,default
1774890819,1_73368,1_100136,245,1_705514270,1_7327,1774891127,1774890897,default
1774890819,1_76312,1_102705,230,1_664298470,1_7386,1774891021,1774890816,default
1774890819,1_57804,1_100072,181,1_800642620,1_7454,1774891102,1774891345,default
1774890819,1_59282,1_100072,181,1_721481940,1_7392,1774891680,1774890659,default
1774890819,1_59282,1_100072,181,1_721481480,1_7976015,1774893480,1774893480,default
1774890819,1_620,40_100239,550,40_597756250,40_9632,1774890840,1774891021,default
1774890819,1_10912,1_100162,271,1_569496250,1_7976353,1774891560,1774891560,default
1774890819,1_10912,40_100511,542,40_569567950,40_7976686,1774892280,1774892280,default
1774890819,1_71960,40_100511,542,40_721030830,40_7976607,1774891860,1774891860,default
1774891119,1_60161,1_100042,148,1_762077070,1_7976052,1774892640,1774892640,default
1774891119,1_60161,1_100042,148,1_762077140,1_7976054,1774894440,1774894440,default
1774891119,1_13830,1_102581,D Line,1_803817570,1_6091,1774891271,1774891140,default
1774891119,1_2850,1_100089,2,1_788758110,1_7091,1774891380,1774890747,default
1774891119,1_46505,1_102619,F Line,1_770992090,1_7976074,1774891740,1774891740,default
1774891119,1_29423,1_102732,79,1_816446430,1_8022070,1774891800,1774891800,default
1774891119,1_40060,1_102574,40,1_811901820,1_8207,1774891345,1774891108,default
1774891119,1_1510,1_100001,1,1_800581630,1_4373,1774891194,1774891125,default
1774891119,1_10653,1_100252,62,1_800856070,1_8045,1774891228,1774891070,default
1774891119,1_52306,1_102619,F Line,1_656236960,1_7976017,1774891500,1774891500,default
1774891119,1_52306,1_102619,F Line,1_656237200,1_7976229,1774892400,1774892400,default
1774891119,1_72050,1_100136,245,1_705514270,1_7327,1774891356,1774891123,default
1774891119,1_18590,1_100252,62,1_721368070,1_8068,1774891356,1774891133,default
1774891119,1_40065,1_102574,40,1_811901820,1_8207,1774891429,1774891189,default
1774891119,1_57804,1_100072,181,1_800642620,1_7454,1774891102,1774891244,default
1774891119,1_59282,1_100072,181,1_721481940,1_7392,1774891680,1774890659,default
1774891119,1_59282,1_102717,165,1_800649700,1_8023732,1774892220,1774892220,default
1774891119,1_59282,1_100072,181,1_721481480,1_7976015,1774893480,1774893480,default
1774891119,1_85531,1_102757,187,1_762095000,1_7135,1774891320,1774891262,default
1774891119,1_23905,1_100214,372,1_694306180,1_6944,1774891705,1774891293,default
1774891119,1_620,40_100240,554,40_774869900,40_9672,1774891320,1774891380,default
1774891119,1_620,40_100236,545,40_806327350,40_8005183,1774891260,1774891408,default
1774891119,1_10912,1_100162,271,1_569496250,1_7976353,1774891560,1774891560,default
1774891119,1_10912,40_100511,542,40_569567950,40_7976686,1774892280,1774892280,default
1774891119,1_10912,1_100162,271,1_569495880,1_7976665,1774892460,1774892460,default
1774891119,1_71960,40_100511,542,40_721030830,40_7976607,1774891860,1774891860,default
1774891419,1_12170,1_100039,14,1_562518980,1_4353,1774891479,1774891438,default
1774891419,1_46791,1_100016,118,1_669626690,1_3724,1774891560,1774891573,default
1774891419,1_8310,1_100230,50,1_785559550,1_7397,1774891477,1774891332,default
1774891419,1_60161,1_100042,148,1_762077070,1_7976052,1774892640,1774892640,default
1774891419,1_60161,1_100042,148,1_762077140,1_7976054,1774894440,1774894440,default
1774891419,1_575,1_100219,4,1_675345200,1_4402,1774891260,1774891460,default
1774891419,1_46505,1_102619,F Line,1_770992090,1_7976074,1774891740,1774891740,default
1774891419,1_29423,1_102732,79,1_816446430,1_8022070,1774891800,1774891800,default
1774891419,1_27420,1_100249,60,1_801585350,1_7105,1774891628,1774891508,default
1774891419,1_1510,1_100210,36,1_800583170,1_4389,1774891538,1774891378,default
1774891419,1_52306,1_100031,132,1_800858970,1_8039,1774891620,1774891507,default
1774891419,1_52306,1_102619,F Line,1_656237200,1_7976229,1774892400,1774892400,default
1774891419,1_80121,1_102719,161,1_800652110,1_7179,1774891546,1774891594,default
1774891419,1_58112,1_100045,150,1_800669690,1_6995,1774891608,1774891503,default
1774891419,1_70665,1_102704,250,1_806914910,1_7411,1774891551,1774891543,default
1774891419,1_49350,1_100026,128,1_806634210,1_1027,1774891397,1774891550,default
1774891419,1_59282,1_100072,181,1_721481940,1_7392,1774891680,1774890659,default
1774891419,1_59282,1_102717,165,1_800649700,1_7016,1774892220,1774891298,default
1774891419,1_59282,1_102717,165,1_800649700,1_8023732,1774892220,1774892220,default
1774891419,1_59282,1_100072,181,1_721481480,1_7976015,1774893480,1774893480,default
1774891419,1_59872,1_102619,F Line,1_721496180,1_6234,1774891552,1774891610,default
1774891419,1_60710,1_100512,A Line,1_800652860,1_6229,1774891606,1774891526,default
1774891419,1_10210,1_100264,70,1_801594380,1_8264,1774891606,1774891558,default
1774891419,1_620,40_100236,545,40_806327350,40_8005183,1774891260,1774891619,default
1774891419,1_620,40_100236,545,40_806327350,40_9659,1774891260,1774891622,default
1774891419,1_620,40_100239,550,40_597752630,40_9670,1774891740,1774891986,default
1774891419,1_16990,1_102574,40,1_811901820,1_8207,1774891810,1774891512,default
1774891419,1_10912,40_100511,542,40_569567950,40_7976686,1774892280,1774892280,default
1774891419,1_10912,1_100162,271,1_569495880,1_7976665,1774892460,1774892460,default
1774891419,1_10912,1_100162,271,1_569497080,1_7976667,1774893360,1774893360,default
1774891419,1_71960,40_100511,542,40_721030830,40_7976607,1774891860,1774891860,default
1774891419,1_58144,1_102719,161,1_800651750,1_7198,1774891748,1774891561,default
1774891719,1_60161,1_100042,148,1_762077070,1_7976052,1774892640,1774892640,default
1774891719,1_60161,1_100042,148,1_762077140,1_7976054,1774894440,1774894440,default
1774891719,1_2850,1_100089,2,1_788757740,1_8023473,1774892220,1774892220,default
1774891719,1_29423,1_102732,79,1_816446430,1_8022070,1774891800,1774891800,default
1774891719,1_52306,1_102619,F Line,1_656237200,1_7976229,1774892400,1774892400,default
1774891719,1_52306,1_102619,F Line,1_800654030,1_8023882,1774895100,1774895100,default
1774891719,1_21945,1_102717,165,1_800649280,1_7101,1774891740,1774891839,default
1774891719,1_41940,1_100249,60,1_801585350,1_7105,1774891897,1774891775,default
1774891719,1_32165,1_100023,124,1_800862120,1_8033,1774891980,1774891781,default
1774891719,1_59282,1_102717,165,1_800649700,1_7016,1774892220,1774891298,default
1774891719,1_59282,1_100072,181,1_721481480,1_7976015,1774893480,1774893480,default
1774891719,1_82810,1_100133,240,1_811764790,1_7337,1774892084,1774891750,default
1774891719,1_57420,1_102720,160,1_770988770,1_7443,1774892020,1774891749,default
1774891719,1_10912,40_100511,542,40_569567950,40_7976686,1774892280,1774892280,default
1774891719,1_10912,1_100162,271,1_569495880,1_7976665,1774892460,1774892460,default
1774891719,1_10912,1_100162,271,1_569497080,1_7976667,1774893360,1774893360,default
1774891719,1_52081,1_102736,H Line,1_694056700,1_6064,1774892019,1774891790,default
1774892019,1_77930,1_102746,333,1_778703950,1_3720,1774892159,1774892046,default
1774892019,1_51551,1_102736,H Line,1_694056700,1_6064,1774892307,1774892045,default
1774892019,1_60161,1_100042,148,1_762077070,1_3726,1774892640,1774891742,default
1774892019,1_60161,1_100042,148,1_762077070,1_7976052,1774892640,1774892640,default
1774892019,1_60161,1_100042,148,1_762077140,1_7976054,1774894440,1774894440,default
1774892019,1_575,1_100028,13,1_788758900,1_7097,1774892100,1774892083,default
1774892019,1_2850,1_100089,2,1_788757740,1_7115,1774892220,1774891703,default
1774892019,1_46505,1_102619,F Line,1_770991380,1_7976083,1774892640,1774892640,default
1774892019,1_3470,1_100249,60,1_801585600,1_7040,1774892220,1774892019,default
1774892019,1_57453,1_102720,160,1_694517080,1_7428,1774892160,1774892024,default
1774892019,1_52306,1_102619,F Line,1_656237200,1_7976229,1774892400,1774892400,default
1774892019,1_52306,1_102619,F Line,1_800654030,1_8023882,1774895100,1774895100,default
1774892019,1_8530,1_100263,7,1_800588220,1_4539,1774892289,1774892023,default
1774892019,1_99254,1_100003,101,1_762100710,1_8135,1774892140,1774892111,default
1774892019,1_38220,1_100214,372,1_694306320,1_6920,1774892171,1774892053,default
1774892019,1_40065,1_102574,40,1_811900840,1_8267,1774892329,1774892115,default
1774892019,1_59282,1_102717,165,1_800649700,1_7016,1774892220,1774891298,default
1774892019,1_59282,1_100072,181,1_721481480,1_7976015,1774893480,1774893480,default
1774892019,1_14280,1_102581,D Line,1_800600670,1_6084,1774892318,1774892114,default
1774892019,1_57791,1_102718,184,1_635442780,1_7975994,1774892243,1774892255,default
1774892019,1_620,1_100045,150,1_800670540,1_6975,1774892460,1774892136,default
1774892019,1_620,40_100236,545,40_560087720,40_9806,1774892160,1774892269,default
1774892019,1_620,40_100240,554,40_774870490,40_6957,1774892460,1774892415,default
1774892019,1_620,40_100239,550,40_597752080,40_9687,1774892640,1774892565,default
1774892019,1_10912,40_100511,542,40_569567950,40_7976686,1774892280,1774892280,default
1774892019,1_10912,1_100162,271,1_569495880,1_7976665,1774892460,1774892460,default
1774892019,1_10912,1_100162,271,1_569497080,1_7976667,1774893360,1774893360,default
1774892019,1_10912,40_100511,542,40_569565570,40_7976608,1774894080,1774894080,default
1774892319,1_12170,1_100039,14,1_562519030,1_4322,1774892379,1774892379,default
1774892319,1_60161,1_100042,148,1_762077070,1_3726,1774892640,1774891742,default
1774892319,1_60161,1_100042,148,1_762077140,1_7976054,1774894440,1774894440,default
1774892319,1_12770,1_100228,48,1_721361890,1_8050,1774892103,1774892364,default
1774892319,1_575,1_102576,C Line,1_800868120,1_6250,1774892340,1774892410,default
1774892319,1_46505,1_102619,F Line,1_770991380,1_7976083,1774892640,1774892640,default
1774892319,1_46505,1_102619,F Line,1_635449590,1_7976003,1774894380,1774894380,default
1774892319,1_72494,1_100160,269,1_806917250,1_7388,1774892520,1774892482,default
1774892319,1_84810,1_102752,223,1_833610700,1_7249,1774892454,1774892411,default
1774892319,1_52306,1_102619,F Line,1_656236540,1_7976085,1774893300,1774893300,default
1774892319,1_52306,1_102619,F Line,1_800654030,1_8023882,1774895100,1774895100,default
1774892319,1_8530,1_100005,106,1_727785410,1_7066,1774892586,1774892447,default
1774892319,1_57804,1_100072,181,1_721481650,1_7173,1774892842,1774892854,default
1774892319,1_59282,1_100072,181,1_721481480,1_7976015,1774893480,1774893480,default
1774892319,1_23905,1_100214,372,1_694306320,1_6920,1774892605,1774892321,default
1774892319,1_59872,1_102619,F Line,1_656236740,1_6228,1774892512,1774892413,default
1774892319,1_50787,1_100074,183,1_800656480,1_7147,1774892520,1774892488,default
1774892319,1_620,40_100239,550,40_597752080,40_9687,1774892640,1774892418,default
1774892319,1_10912,1_100447,49,1_801235320,1_8023491,1774892490,1774892490,default
1774892319,1_10912,40_100511,542,40_569567950,40_7976686,1774892280,1774892634,default
1774892319,1_10912,1_100162,271,1_569497080,1_7976667,1774893360,1774893360,default
1774892319,1_10912,40_100511,542,40_569565570,40_7976608,1774894080,1774894080,default
1774892319,1_10912,1_100162,271,1_569496900,1_7976389,1774894260,1774894260,default
1774892619,1_12170,1_100039,14,1_562519030,1_4322,1774892379,1774892655,default
1774892619,1_60161,1_100042,148,1_762077070,1_3726,1774892640,1774891742,default
1774892619,1_60161,1_100042,148,1_762077140,1_7976054,1774894440,1774894440,default
1774892619,1_30510,1_100249,60,1_801585150,1_7144,1774892666,1774892637,default
1774892619,1_320,40_100239,550,40_597756240,40_9632,1774892460,1774892654,default
1774892619,1_2850,1_100089,2,1_788758120,1_7140,1774893180,1774892090,default
1774892619,1_46505,1_102619,F Line,1_635449590,1_7976003,1774894380,1774894380,default
1774892619,1_11940,1_100039,14,1_562519100,1_4313,1774892599,1774892704,default
1774892619,1_5489,1_100196,331,1_803353050,1_7221,1774892749,1774892638,default
1774892619,1_52306,1_102619,F Line,1_656236540,1_7976085,1774893300,1774893300,default
1774892619,1_52306,1_102619,F Line,1_800654030,1_8023882,1774895100,1774895100,default
1774892619,1_41850,1_100249,60,1_801585150,1_7144,1774892757,1774892714,default
1774892619,1_57804,1_100072,181,1_721481650,1_7173,1774892842,1774892670,default
1774892619,1_59282,1_100072,181,1_721481480,1_7976015,1774893480,1774893480,default
1774892619,1_10912,1_100224,44,1_664048790,1_4507,1774892869,1774892767,default
1774892619,1_10912,1_100162,271,1_569497080,1_7976667,1774893360,1774893360,default
1774892619,1_10912,40_100511,542,40_569565570,40_7976608,1774894080,1774894080,default
1774892619,1_10912,1_100162,271,1_569496900,1_7976389,1774894260,1774894260,default
1774892619,1_8403,1_100039,14,1_562519040,1_4384,1774892760,1774892663,default
1774892619,1_18220,1_100219,4,1_675345200,1_4402,1774892880,1774892716,default
1774892919,1_8310,1_100263,7,1_800588730,1_4510,1774892931,1774892879,default
1774892919,1_60161,1_100042,148,1_762077140,1_7976054,1774894440,1774894440,default
1774892919,1_30510,1_100006,107,1_696623250,1_3756,1774892959,1774892893,default
1774892919,1_575,1_100089,2,1_788758110,1_7091,1774892880,1774892989,default
1774892919,1_575,1_102576,C Line,1_800869010,1_6262,1774892940,1774893039,default
1774892919,1_2850,1_100089,2,1_788758120,1_7140,1774893180,1774892090,default
1774892919,1_46505,1_102619,F Line,1_770991640,1_7976226,1774893540,1774893540,default
1774892919,1_46505,1_102619,F Line,1_635449590,1_7976003,1774894380,1774894380,default
1774892919,1_47660,1_102736,H Line,1_694056710,1_6079,1774893363,1774892941,default
1774892919,1_13810,1_102581,D Line,1_803817580,1_6069,1774892982,1774892935,default
1774892919,1_1510,1_100001,1,1_800580030,1_4313,1774892994,1774892934,default
1774892919,1_52306,1_102619,F Line,1_656236540,1_7976085,1774893300,1774893300,default
1774892919,1_52306,1_102619,F Line,1_800654030,1_8023882,1774895100,1774895100,default
1774892919,1_41850,1_100006,107,1_696623250,1_3756,1774893037,1774892914,default
1774892919,1_49350,1_100026,128,1_806634710,1_1010,1774892597,1774893050,default
1774892919,1_59282,1_100072,181,1_721481480,1_7454,1774893480,1774892696,default
1774892919,1_59282,1_102717,165,1_800649710,1_7353,1774894020,1774892843,default
1774892919,1_59282,1_102717,165,1_800649710,1_8023878,1774894020,1774894020,default
1774892919,1_10210,1_100264,70,1_801593410,1_8261,1774893106,1774893025,default
1774892919,1_620,40_100236,545,40_560088830,40_9690,1774893060,1774893175,default
1774892919,1_10912,1_100162,271,1_569497080,1_7976667,1774893360,1774893360,default
1774892919,1_10912,40_100511,542,40_569565570,40_7976608,1774894080,1774894080,default
1774892919,1_10912,1_100162,271,1_569496900,1_7976389,1774894260,1774894260,default
1774892919,1_71960,40_100511,542,40_721031390,40_7976685,1774893660,1774893660,default
1774892919,1_8403,1_100039,14,1_562519040,1_4384,1774892760,1774892663,default
1774893220,1_103,1_102745,G Line,1_736437190,1_6400,1774893166,1774893225,default
1774893220,1_12170,1_100039,14,1_562519040,1_4384,1774893339,1774893339,default
1774893220,1_46791,1_100016,118,1_635461300,1_3713,1774893300,1774893356,default
1774893220,1_60161,1_100042,148,1_762077140,1_7976054,1774894440,1774894440,default
1774893220,1_46505,1_102619,F Line,1_770991640,1_7976226,1774893540,1774893540,default
1774893220,1_46505,1_102619,F Line,1_635449590,1_7976003,1774894380,1774894380,default
1774893220,1_27420,1_100249,60,1_801585600,1_7040,1774893008,1774893330,default
1774893220,1_52306,1_100031,132,1_800858470,1_8026,1774893420,1774893285,default
1774893220,1_52306,1_102619,F Line,1_656236240,1_7976225,1774894200,1774894200,default
1774893220,1_52306,1_102619,F Line,1_800654030,1_8023882,1774895100,1774895100,default
1774893220,1_80121,1_102719,161,1_800652120,1_7106,1774893346,1774893339,default
1774893220,1_59282,1_100072,181,1_721481480,1_7454,1774893480,1774892696,default
1774893220,1_620,1_100003,101,1_762100810,1_7310,1774893420,1774893304,default
1774893220,1_620,40_100240,554,40_774869490,40_9664,1774893600,1774893485,default
1774893220,1_10912,40_100511,542,40_569565570,40_7976608,1774894080,1774894080,default
1774893220,1_10912,1_100162,271,1_569496900,1_7976389,1774894260,1774894260,default
1774893220,1_10912,1_100162,271,1_569496730,1_7976723,1774895160,1774895160,default
1774893220,1_71960,40_100511,542,40_721031390,40_7976685,1774893660,1774893660,default
1774893220,1_58144,1_100048,153,1_833411750,1_7390,1774893550,1774893359,default
1774893220,1_18220,1_100028,13,1_788758900,1_7097,1774893543,1774893281,default
1774893520,1_60161,1_100042,148,1_762077140,1_7976054,1774894440,1774894440,default
1774893520,1_74268,1_102702,239,1_736529130,1_3717,1774893556,1774893507,default
1774893520,1_2850,1_100089,2,1_788757750,1_7158,1774894020,1774893225,default
1774893520,1_46505,1_102619,F Line,1_635449590,1_7976003,1774894380,1774894380,default
1774893520,1_13810,1_100193,32,1_651765390,1_7055,1774893720,1774893500,default
1774893520,1_27420,1_100249,60,1_801585150,1_7144,1774893728,1774893519,default
1774893520,1_27420,1_100161,27,1_759818260,1_8006,1774893594,1774893520,default
1774893520,1_11940,1_100039,14,1_562519130,1_4303,1774893499,1774893605,default
1774893520,1_52306,1_102619,F Line,1_656236240,1_7976225,1774894200,1774894200,default
1774893520,1_52306,1_102619,F Line,1_800654030,1_8023882,1774895100,1774895100,default
1774893520,1_58112,1_102619,F Line,1_770992090,1_6274,1774893501,1774893612,default
1774893520,1_2200,1_102581,D Line,1_803817580,1_6069,1774893685,1774893612,default
1774893520,1_22184,1_100111,22,1_635462240,1_7182,1774893756,1774893558,default
1774893520,1_82810,1_100133,240,1_766261660,1_7447,1774893884,1774893591,default
1774893520,1_620,40_100239,550,40_597756600,40_9802,1774893540,1774893965,default
1774893520,1_10912,40_100511,542,40_569565570,40_7976608,1774894080,1774894080,default
1774893520,1_10912,1_100162,271,1_569496900,1_7976389,1774894260,1774894260,default
1774893520,1_10912,1_100162,271,1_569496730,1_7976723,1774895160,1774895160,default
1774893820,1_60161,1_100042,148,1_762077140,1_7976054,1774894440,1774894440,default
1774893820,1_12770,1_100219,4,1_675345250,1_4363,1774894508,1774893800,default
1774893820,1_575,1_100028,13,1_788758910,1_7115,1774893720,1774893873,default
1774893820,1_575,1_100263,7,1_800588400,1_4556,1774893720,1774893895,default
1774893820,1_575,1_102576,C Line,1_800869170,1_6268,1774893540,1774893939,default
1774893820,1_2850,1_100089,2,1_788757750,1_7158,1774894020,1774893225,default
1774893820,1_46505,1_102619,F Line,1_635449590,1_7976003,1774894380,1774894380,default
1774893820,1_46505,1_102619,F Line,1_656236750,1_7975997,1774895280,1774895280,default
1774893820,1_57453,1_102720,160,1_770988260,1_7432,1774893960,1774893816,default
1774893820,1_2320,1_100001,1,1_800580030,1_4313,1774893995,1774893771,default
1774893820,1_10653,1_100252,62,1_800856120,1_8068,1774895728,1774893788,default
1774893820,3_31002,40_560,560,40_1073020,40_10151,1774894165,1774894165,default
1774893820,1_52306,1_102619,F Line,1_656236240,1_7976225,1774894200,1774894200,default
1774893820,1_52306,1_102619,F Line,1_800654030,1_8023882,1774895100,1774895100,default
1774893820,1_8530,1_100263,7,1_800588730,1_4510,1774894089,1774893836,default
1774893820,1_49350,1_100026,128,1_806634360,1_1031,1774893857,1774893974,default
1774893820,1_60710,1_100512,A Line,1_800643350,1_6272,1774894006,1774893947,default
1774893820,1_82107,1_100196,331,1_724954930,1_7225,1774894176,1774893941,default
1774893820,1_7690,1_102615,E Line,1_761417660,1_6104,1774894145,1774893933,default
1774893820,1_57791,1_102718,184,1_635442790,1_1013,1774893863,1774894054,default
1774893820,1_620,40_100239,550,40_597754140,40_9647,1774894440,1774894477,default
1774893820,1_10912,40_100511,542,40_569565570,40_7976608,1774894080,1774894080,default
1774893820,1_10912,1_100162,271,1_569496900,1_7976389,1774894260,1774894260,default
1774893820,1_10912,1_100162,271,1_569496730,1_7976723,1774895160,1774895160,default
1774893820,1_10912,40_100511,542,40_569563220,40_7976607,1774895880,1774895880,default
1774893820,1_25210,1_100259,67,1_724950330,1_8128,1774894119,1774893933,default
1774893820,1_8403,1_100039,14,1_562519090,1_4392,1774893720,1774893727,default
1774894120,1_103,1_102745,G Line,1_736435240,1_6408,1774893886,1774894133,default
1774894120,1_51551,1_102736,H Line,1_694056780,1_6056,1774894107,1774894178,default
1774894120,1_60161,1_100042,148,1_762077140,1_7976054,1774894440,1774894440,default
1774894120,1_12770,1_100219,4,1_675345250,1_4363,1774894508,1774894115,default
1774894120,1_320,40_100239,550,40_597752110,40_9687,1774894260,1774894220,default
1774894120,1_13830,1_102581,D Line,1_800601230,1_6107,1774894271,1774894120,default
1774894120,1_8080,1_100006,107,1_635437310,1_3757,1774894225,1774894083,default
1774894120,1_46505,1_102619,F Line,1_635449590,1_7976003,1774894380,1774894380,default
1774894120,1_46505,1_102619,F Line,1_656236750,1_7975997,1774895280,1774895280,default
1774894120,1_74980,1_100196,331,1_803353180,1_7206,1774893966,1774894171,default
1774894120,1_10653,1_100252,62,1_800856120,1_8068,1774895728,1774894119,default
1774894120,1_74743,1_102702,239,1_736529640,1_3706,1774893908,1774894187,default
1774894120,1_52306,1_102619,F Line,1_800654030,1_8023882,1774895100,1774895100,default
1774894120,1_7750,1_102615,E Line,1_761417660,1_6104,1774894326,1774894168,default
1774894120,1_58112,1_100045,150,1_800670380,1_8182,1774893468,1774894212,default
1774894120,1_70665,1_102704,250,1_806914980,1_7341,1774894251,1774894229,default
1774894120,1_71970,1_102704,250,1_806914990,1_7330,1774894377,1774894172,default
1774894120,1_2200,1_102581,D Line,1_803817610,1_6078,1774894285,1774894233,default
1774894120,1_57804,1_100072,181,1_721481950,1_7482,1774894639,1774894700,default
1774894120,1_59872,1_102619,F Line,1_656237200,1_6236,1774894312,1774894151,default
1774894120,1_71678,1_102552,226,1_816296010,1_7324,1774894282,1774894174,default
1774894120,1_620,40_100239,550,40_597754140,40_9647,1774894440,1774894402,default
1774894120,1_10912,1_100162,271,1_569496730,1_7976723,1774895160,1774895160,default
1774894120,1_10912,40_100511,542,40_569563220,40_7976607,1774895880,1774895880,default
1774894120,1_10912,1_100162,271,1_569496150,1_7976348,1774896060,1774896060,default
1774894420,1_103,1_102745,G Line,1_736435170,1_6407,1774894246,1774894439,default
1774894420,1_481,1_100024,125,1_770790030,1_7005,1774894440,1774894419,default
1774894420,1_60161,1_100042,148,1_762077140,1_7976054,1774894440,1774894440,default
1774894420,1_12770,1_100219,4,1_675345250,1_4363,1774894508,1774894371,default
1774894420,1_2850,1_100089,2,1_788758130,1_8023446,1774894980,1774894980,default
1774894420,1_46505,1_102619,F Line,1_656236750,1_7975997,1774895280,1774895280,default
1774894420,1_29423,1_102732,79,1_816446340,1_8022069,1774895400,1774895400,default
1774894420,1_10653,1_100252,62,1_800856120,1_8068,1774895728,1774894419,default
1774894420,1_52306,1_102619,F Line,1_800654030,1_8023882,1774895100,1774895100,default
1774894420,1_8530,1_100039,14,1_562519180,1_4353,1774894552,1774894316,default
1774894420,1_57804,1_100072,181,1_721481950,1_7482,1774894639,1774894585,default
1774894420,1_59282,1_100072,181,1_721481810,1_7173,1774895280,1774894196,default
1774894420,1_21320,1_100249,60,1_801585830,1_7157,1774894680,1774894530,default
1774894420,1_620,40_100240,554,40_774870320,40_9689,1774894800,1774894698,default
1774894420,1_10912,1_100162,271,1_569496730,1_7976723,1774895160,1774895160,default
1774894420,1_10912,40_100511,542,40_569563220,40_7976607,1774895880,1774895880,default
1774894420,1_10912,1_100162,271,1_569496150,1_7976348,1774896060,1774896060,default
1774894420,1_71960,1_102752,223,1_816305080,1_7305,1774894680,1774894561,default
1774894420,1_71960,40_100511,542,40_721031090,40_7976686,1774895460,1774895460,default
1774894720,1_103,1_102745,G Line,1_736435120,1_6403,1774894606,1774894757,default
1774894720,1_12770,1_100228,48,1_721358560,1_8064,1774894803,1774894787,default
1774894720,1_575,1_100263,7,1_800588730,1_4510,1774894920,1774894717,default
1774894720,1_2850,1_100089,2,1_788758130,1_8023446,1774894980,1774894980,default
1774894720,1_46505,1_102619,F Line,1_656236750,1_7975997,1774895280,1774895280,default
1774894720,1_46505,1_102619,F Line,1_656236970,1_7976017,1774896180,1774896180,default
1774894720,1_29423,1_102732,79,1_816446340,1_8022069,1774895400,1774895400,default
1774894720,1_1190,40_100239,550,40_597754140,40_9647,1774894900,1774894721,default
1774894720,1_74152,1_102753,222,1_774817820,1_7301,1774894824,1774894676,default
1774894720,1_10653,1_100252,62,1_800856120,1_8068,1774895728,1774894675,default
1774894720,1_81199,1_100072,181,1_721481950,1_7482,1774894943,1774894837,default
1774894720,1_52306,40_560,560,40_1073020,40_10151,1774894860,1774894860,default
1774894720,1_52306,1_102619,F Line,1_800654030,1_8023882,1774895100,1774895100,default
1774894720,1_99254,1_100003,101,1_762100820,1_8179,1774894840,1774894746,default
1774894720,1_40093,1_100133,240,1_766261670,1_7307,1774894889,1774894757,default
1774894720,1_59282,1_100072,181,1_721481810,1_7173,1774895280,1774894196,default
1774894720,1_59282,1_102717,165,1_800649720,1_7101,1774895820,1774894337,default
1774894720,1_620,40_100236,545,40_560087810,40_9661,1774894860,1774894901,default
1774894720,1_10912,1_100447,49,1_801235280,1_8023492,1774894890,1774894890,default
1774894720,1_10912,1_100162,271,1_569496730,1_7976723,1774895160,1774895160,default
1774894720,1_10912,40_100511,542,40_569563220,40_7976607,1774895880,1774895880,default
1774894720,1_10912,1_100162,271,1_569496150,1_7976348,1774896060,1774896060,default
1774894720,1_71960,40_100511,542,40_721031090,40_7976686,1774895460,1774895460,default
1774895020,1_26560,1_102574,40,1_811900970,1_8225,1774895189,1774895066,default
1774895020,1_46505,1_102619,F Line,1_656236750,1_7975997,1774895280,1774895280,default
1774895020,1_46505,1_102619,F Line,1_656236970,1_7976017,1774896180,1774896180,default
1774895020,1_29423,1_102732,79,1_816446340,1_8022069,1774895400,1774895400,default
1774895020,1_46660,1_100004,105,1_635436280,1_1024,1774895106,1774894976,default
1774895020,1_3470,1_100249,60,1_801585210,1_7002,1774895100,1774895033,default
1774895020,1_10653,1_100252,62,1_800856120,1_8068,1774895728,1774894976,default
1774895020,1_11200,1_100447,49,1_801235290,1_4370,1774895160,1774895094,default
1774895020,1_52306,1_102619,F Line,1_694521560,1_7976074,1774896000,1774896000,default
1774895020,1_49350,1_100026,128,1_806634460,1_1041,1774895057,1774895145,default
1774895020,1_59282,1_100072,181,1_721481810,1_7173,1774895280,1774894196,default
1774895020,1_59282,1_102717,165,1_800649720,1_7101,1774895820,1774894337,default
1774895020,1_60710,1_100512,A Line,1_800652900,1_6289,1774895206,1774895204,default
1774895020,1_620,40_100239,550,40_597756300,40_6976,1774895340,1774895656,default
1774895020,1_10912,40_100511,542,40_569563220,40_7976607,1774895880,1774895880,default
1774895020,1_10912,1_100162,271,1_569496150,1_7976348,1774896060,1774896060,default
1774895020,1_10912,1_100162,271,1_569495550,1_7976369,1774896960,1774896960,default
1774895020,1_71960,40_100511,542,40_721031090,40_7976686,1774895460,1774895460,default
1774895320,1_103,1_102745,G Line,1_736437500,1_6410,1774895326,1774895285,default
1774895320,1_481,1_102576,C Line,1_800868080,1_6250,1774895040,1774895340,default
1774895320,1_60161,1_100042,148,1_762077180,1_7976061,1774896240,1774896240,default
1774895320,1_8541,1_100263,7,1_800587930,1_4539,1774895340,1774895246,default
1774895320,1_2850,1_100089,2,1_788757760,1_7139,1774895820,1774895065,default
1774895320,1_46505,1_102619,F Line,1_656236970,1_7976017,1774896180,1774896180,default
1774895320,1_29423,1_102732,79,1_816446340,1_8022069,1774895400,1774895400,default
1774895320,1_27420,1_100249,60,1_801585180,1_7072,1774894448,1774895415,default
1774895320,1_10653,1_100252,62,1_800856120,1_8068,1774895728,1774895291,default
1774895320,1_11940,1_100039,14,1_562519220,1_4322,1774895299,1774895405,default
1774895320,1_52306,1_102619,F Line,1_694521560,1_7976074,1774896000,1774896000,default
1774895320,1_8530,1_100005,106,1_727785660,1_7134,1774895286,1774895458,default
1774895320,1_58112,1_102619,F Line,1_770991640,1_6234,1774895361,1774895461,default
1774895320,1_59282,1_102717,165,1_800649720,1_7101,1774895820,1774894337,default
1774895320,1_59282,1_100072,181,1_721481960,1_7976104,1774898880,1774898880,default
1774895320,1_620,40_100239,550,40_597756300,40_6976,1774895340,1774895532,default
1774895320,1_10912,40_100511,542,40_569563220,40_7976607,1774895880,1774895880,default
1774895320,1_10912,1_100162,271,1_569496150,1_7976348,1774896060,1774896060,default
1774895320,1_10912,1_100162,271,1_569495550,1_7976369,1774896960,1774896960,default
1774895620,1_46791,1_100016,118,1_637323950,1_3709,1774895640,1774895635,default
1774895620,1_60161,1_100042,148,1_762077180,1_3729,1774896240,1774895225,default
1774895620,1_2850,1_100089,2,1_788757760,1_7139,1774895820,1774895065,default
1774895620,1_46505,1_102619,F Line,1_656236970,1_7976017,1774896180,1774896180,default
1774895620,1_46505,1_102619,F Line,1_656237210,1_7976229,1774897080,1774897080,default
1774895620,1_10653,1_100252,62,1_800856120,1_8068,1774895728,1774895622,default
1774895620,3_31002,40_560,560,40_3565020,40_251,1774895965,1774895965,default
1774895620,1_3380,1_100210,36,1_800584110,1_4391,1774895700,1774895656,default
1774895620,1_52306,1_102619,F Line,1_694521560,1_7976074,1774896000,1774896000,default
1774895620,1_99254,1_100045,150,1_800669540,1_8191,1774895680,1774895746,default
1774895620,1_39983,1_102736,H Line,1_694056760,1_6066,1774895760,1774895653,default
1774895620,1_22184,1_100024,125,1_770790030,1_7005,1774895915,1774895687,default
1774895620,1_59282,1_102717,165,1_800649720,1_7101,1774895820,1774894337,default
1774895620,1_59282,1_100072,181,1_721481960,1_7976104,1774898880,1774898880,default
1774895620,1_60428,1_100045,150,1_800669840,1_6995,1774895943,1774895643,default
1774895620,1_7690,1_102615,E Line,1_761417750,1_6085,1774895945,1774895700,default
1774895620,1_10912,40_100511,542,40_569563220,40_7976607,1774895880,1774895880,default
1774895620,1_10912,1_100162,271,1_569496150,1_7976348,1774896060,1774896060,default
1774895620,1_10912,1_100162,271,1_569495550,1_7976369,1774896960,1774896960,default
1774895620,1_10912,40_100511,542,40_569565810,40_7976685,1774897680,1774897680,default
1774895620,1_8403,1_100039,14,1_562519160,1_4397,1774895520,1774895600,default
1774895920,1_60161,1_100042,148,1_762077180,1_3729,1774896240,1774895225,default
1774895920,1_8541,1_100263,7,1_800588320,1_4556,1774895940,1774895920,default
1774895920,1_320,40_100239,550,40_597754110,40_9647,1774896000,1774896013,default
1774895920,1_46505,1_102619,F Line,1_656236970,1_7976017,1774896180,1774896180,default
1774895920,1_46505,1_102619,F Line,1_656237210,1_7976229,1774897080,1774897080,default
1774895920,1_52306,1_102619,F Line,1_694520850,1_7976083,1774896900,1774896900,default
1774895920,1_8530,1_100263,7,1_800588230,1_4524,1774895889,1774896020,default
1774895920,1_7750,1_102615,E Line,1_761417750,1_6085,1774896126,1774895930,default
1774895920,1_48948,1_100512,A Line,1_800652960,1_6229,1774896043,1774895934,default
1774895920,1_57804,1_100072,181,1_800642310,1_7177,1774896499,1774896440,default
1774895920,1_59282,1_100072,181,1_721481960,1_7976104,1774898880,1774898880,default
1774895920,1_55831,1_100005,106,1_727785670,1_7159,1774896188,1774896038,default
1774895920,1_60983,1_100023,124,1_690551740,1_8040,1774895892,1774896074,default
1774895920,1_57940,1_102720,160,1_770989130,1_7443,1774896117,1774896044,default
1774895920,1_10912,1_100447,49,1_801235240,1_8023490,1774896090,1774896090,default
1774895920,1_10912,1_100162,271,1_569495550,1_7976369,1774896960,1774896960,default
1774895920,1_10912,40_100511,542,40_569565810,40_7976685,1774897680,1774897680,default
1774895920,1_10912,1_100162,271,1_569496060,1_7976674,1774897860,1774897860,default
1774896220,1_103,1_102745,G Line,1_736435230,1_6401,1774895686,1774896228,default
1774896220,1_481,1_100024,125,1_770790040,1_7021,1774896240,1774896158,default
1774896220,1_60161,1_100042,148,1_762077180,1_3729,1774896240,1774895225,default
1774896220,1_80692,1_100045,150,1_800669840,1_6995,1774896385,1774896160,default
1774896220,1_2850,1_100089,2,1_788758140,1_7095,1774896780,1774896026,default
1774896220,1_2850,1_100089,2,1_788758140,1_8023471,1774896780,1774896780,default
1774896220,1_46505,1_102619,F Line,1_656237210,1_7976229,1774897080,1774897080,default
1774896220,1_52306,1_102619,F Line,1_694520850,1_7976083,1774896900,1774896900,default
1774896220,1_8530,1_100039,14,1_562519210,1_4384,1774896352,1774896332,default
1774896220,1_70665,1_100136,245,1_761788160,1_7344,1774896585,1774896272,default
1774896220,1_57804,1_100072,181,1_800642310,1_7177,1774896499,1774896254,default
1774896220,1_59282,1_100072,181,1_721481660,1_7482,1774897080,1774895975,default
1774896220,1_59282,1_100072,181,1_721481960,1_7976104,1774898880,1774898880,default
1774896220,1_58079,1_102719,161,1_800651780,1_7179,1774896480,1774896314,default
1774896220,1_620,40_100239,550,40_597754880,40_9648,1774896240,1774896521,default
1774896220,1_10912,1_100162,271,1_569495550,1_7976369,1774896960,1774896960,default
1774896220,1_10912,40_100511,542,40_569565810,40_7976685,1774897680,1774897680,default
1774896220,1_10912,1_100162,271,1_569496060,1_7976674,1774897860,1774897860,default
1774896220,1_71960,40_100511,542,40_721031300,40_7976608,1774897260,1774897260,default
1774896220,1_41900,1_100249,60,1_801585130,1_7111,1774896420,1774896368,default
1774896520,1_30510,1_100249,60,1_801585550,1_7087,1774896266,1774896547,default
1774896520,1_2850,1_100089,2,1_788758140,1_7095,1774896780,1774896026,default
1774896520,1_46505,1_102619,F Line,1_656237210,1_7976229,1774897080,1774897080,default
1774896520,1_46505,1_102619,F Line,1_656236550,1_7976085,1774897980,1774897980,default
1774896520,1_46505,1_102619,F Line,1_656236860,1_7976142,1774899780,1774899780,default
1774896520,1_27420,1_100249,60,1_801585130,1_7111,1774896608,1774896608,default
1774896520,1_81199,1_100072,181,1_800642310,1_7177,1774896803,1774896508,default
1774896520,1_52306,40_560,560,40_3565020,40_251,1774896660,1774896660,default
1774896520,1_52306,1_102619,F Line,1_694520850,1_7976083,1774896900,1774896900,default
1774896520,1_99254,1_100003,101,1_762100990,1_8141,1774896622,1774896608,default
1774896520,1_49350,1_100026,128,1_806634570,1_1008,1774896317,1774896648,default
1774896520,1_59282,1_100072,181,1_721481660,1_7482,1774897080,1774895975,default
1774896520,1_59282,1_102717,165,1_800649730,1_7300,1774897620,1774896239,default
1774896520,1_59282,1_100072,181,1_721481960,1_7976104,1774898880,1774898880,default
1774896520,1_620,40_100236,545,40_560088070,40_7976553,1774896660,1774896694,default
1774896520,1_620,40_100236,545,40_560088070,40_9682,1774896660,1774896780,default
1774896520,1_10912,1_100162,271,1_569495550,1_7976369,1774896960,1774896960,default
1774896520,1_10912,40_100511,542,40_569565810,40_7976685,1774897680,1774897680,default
1774896520,1_10912,1_100162,271,1_569496060,1_7976674,1774897860,1774897860,default
1774896520,1_71960,40_100511,542,40_721031300,40_7976608,1774897260,1774897260,default
1774896520,1_81982,1_100196,331,1_803353110,1_7225,1774896721,1774896721,default
1774896820,1_481,1_102576,C Line,1_800867940,1_6270,1774896840,1774896703,default
1774896820,1_68784,1_100136,245,1_761787430,1_7318,1774896859,1774896840,default
1774896820,1_575,1_100219,4,1_675345260,1_4395,1774896660,1774896862,default
1774896820,1_46505,1_102619,F Line,1_656237210,1_7976229,1774897080,1774897080,default
1774896820,1_46505,1_102619,F Line,1_656236550,1_7976085,1774897980,1774897980,default
1774896820,1_46505,1_102619,F Line,1_656236860,1_7976142,1774899780,1774899780,default
1774896820,1_2320,1_100001,1,1_800580150,1_4322,1774896755,1774896906,default
1774896820,1_52306,1_102619,F Line,1_694521110,1_7976226,1774897800,1774897800,default
1774896820,1_8530,1_100005,106,1_727785670,1_7159,1774897086,1774896866,default
1774896820,1_8530,1_100263,7,1_800589270,1_4554,1774897089,1774896909,default
1774896820,1_2200,1_102581,D Line,1_803817440,1_6062,1774896685,1774896981,default
1774896820,1_59282,1_100072,181,1_721481660,1_7482,1774897080,1774895975,default
1774896820,1_59282,1_102717,165,1_800649730,1_7300,1774897620,1774896239,default
1774896820,1_59282,1_100072,181,1_721481960,1_7976104,1774898880,1774898880,default
1774896820,1_60710,1_100512,A Line,1_800652840,1_6284,1774897006,1774896970,default
1774896820,1_6330,1_100229,5,1_809328870,1_8238,1774896978,1774896871,default
1774896820,1_10912,40_100511,542,40_569565810,40_7976685,1774897680,1774897680,default
1774896820,1_10912,1_100162,271,1_569496060,1_7976674,1774897860,1774897860,default
1774896820,1_10912,1_100162,271,1_569497160,1_7976370,1774898760,1774898760,default
1774896820,1_71960,40_100511,542,40_721031300,40_7976608,1774897260,1774897260,default
1774896820,1_58144,1_102719,161,1_800651780,1_7179,1774897148,1774896950,default
1774897120,1_60161,1_100042,148,1_762077190,1_7976055,1774898040,1774898040,default
1774897120,1_575,1_100001,1,1_800580130,1_4384,1774897200,1774897186,default
1774897120,1_2850,1_100089,2,1_788757770,1_7119,1774897620,1774896706,default
1774897120,1_46505,1_102619,F Line,1_656236550,1_7976085,1774897980,1774897980,default
1774897120,1_46505,1_102619,F Line,1_656236860,1_7976142,1774899780,1774899780,default
1774897120,1_280,40_100240,554,40_560097050,40_7976696,1774897073,1774897163,default
1774897120,1_52306,1_102619,F Line,1_694521110,1_7976226,1774897800,1774897800,default
1774897120,1_8530,1_100039,14,1_562519260,1_4392,1774897252,1774897163,default
1774897120,1_2200,1_102581,D Line,1_803817280,1_6054,1774897285,1774897221,default
1774897120,1_59282,1_102717,165,1_800649730,1_7300,1774897620,1774896239,default
1774897120,1_59282,1_100072,181,1_721481960,1_7976104,1774898880,1774898880,default
1774897120,1_59282,1_100072,181,1_721481500,1_7976082,1774900680,1774900680,default
1774897120,1_82810,1_100133,240,1_766261670,1_7307,1774897484,1774897231,default
1774897120,1_82675,1_102705,230,1_664298500,1_7422,1774897247,1774897280,default
1774897120,1_620,40_100239,550,40_597756230,40_9632,1774897200,1774897415,default
1774897120,1_10912,40_100511,542,40_569565810,40_7976685,1774897680,1774897680,default
1774897120,1_10912,1_100162,271,1_569496060,1_7976674,1774897860,1774897860,default
1774897120,1_10912,1_100162,271,1_569497160,1_7976370,1774898760,1774898760,default
1774897420,1_60161,1_100042,148,1_762077190,1_7976055,1774898040,1774898040,default
1774897420,1_12770,1_100228,48,1_721359930,1_8029,1774897503,1774897380,default
1774897420,1_7790,1_102615,E Line,1_768604130,1_6049,1774897629,1774897380,default
1774897420,1_2850,1_100089,2,1_788757770,1_7119,1774897620,1774896706,default
1774897420,1_46505,1_102619,F Line,1_656236550,1_7976085,1774897980,1774897980,default
1774897420,1_46505,1_102619,F Line,1_656236250,1_7976225,1774898880,1774898880,default
1774897420,1_46505,1_102619,F Line,1_656236860,1_7976142,1774899780,1774899780,default
1774897420,1_1510,1_100210,36,1_800582660,1_4339,1774897478,1774897406,default
1774897420,1_1510,1_100001,1,1_800580260,1_4392,1774897494,1774897413,default
1774897420,3_31002,40_560,560,40_3831020,40_258,1774897765,1774897765,default
1774897420,1_52306,1_102619,F Line,1_694521110,1_7976226,1774897800,1774897800,default
1774897420,1_99254,1_100003,101,1_762101000,1_8159,1774897522,1774897453,default
1774897420,1_22184,1_100024,125,1_770790040,1_7021,1774897715,1774897493,default
1774897420,1_59282,1_102717,165,1_800649730,1_7300,1774897620,1774896239,default
1774897420,1_59282,1_100072,181,1_721481960,1_7976104,1774898880,1774898880,default
1774897420,1_59282,1_100072,181,1_721481500,1_7976082,1774900680,1774900680,default
1774897420,1_60710,1_100512,A Line,1_800643390,1_6226,1774897617,1774897640,default
1774897420,1_10210,1_100264,70,1_801593400,1_8242,1774897606,1774897542,default
1774897420,1_620,40_100236,545,40_560088360,40_9570,1774897560,1774897636,default
1774897420,1_10912,40_100511,542,40_569565810,40_7976685,1774897680,1774897680,default
1774897420,1_10912,1_100162,271,1_569496060,1_7976674,1774897860,1774897860,default
1774897420,1_10912,1_100162,271,1_569497160,1_7976370,1774898760,1774898760,default
1774897420,1_10912,40_100511,542,40_569567970,40_7976686,1774899480,1774899480,default
1774897420,1_8403,1_100039,14,1_562520990,1_4373,1774897320,1774897484,default
1774897720,1_60161,1_100042,148,1_762077190,1_3755,1774898040,1774897508,default
1774897720,1_60161,1_100042,148,1_762077190,1_7976055,1774898040,1774898040,default
1774897720,1_970,40_577,577,40_3446020,block_5108_schedBasedVehicle,1774897767,1774897767,default
1774897720,1_46505,1_102619,F Line,1_656236550,1_7976085,1774897980,1774897980,default
1774897720,1_46505,1_102619,F Line,1_656236250,1_7976225,1774898880,1774898880,default
1774897720,1_46505,1_102619,F Line,1_656236860,1_7976142,1774899780,1774899780,default
1774897720,1_1510,1_100210,36,1_800583030,1_4346,1774898078,1774897732,default
1774897720,1_52306,1_102619,F Line,1_656237370,1_7976003,1774898700,1774898700,default
1774897720,1_7750,1_102615,E Line,1_761417960,1_6057,1774897926,1774897794,default
1774897720,1_59282,1_100072,181,1_721481960,1_7177,1774898880,1774897600,default
1774897720,1_59282,1_100072,181,1_721481960,1_7976104,1774898880,1774898880,default
1774897720,1_59282,1_100072,181,1_721481500,1_7976082,1774900680,1774900680,default
1774897720,1_75850,1_102615,E Line,1_761418350,1_6117,1774897917,1774897796,default
1774897720,1_620,40_100239,550,40_597752680,40_9670,1774898100,1774898204,default
1774897720,1_10912,1_100224,44,1_664048160,1_4545,1774898029,1774897880,default
1774897720,1_10912,1_100162,271,1_569497160,1_7976370,1774898760,1774898760,default
1774897720,1_10912,40_100511,542,40_569567970,40_7976686,1774899480,1774899480,default
1774897720,1_10912,1_100162,271,1_569496570,1_7976354,1774899660,1774899660,default
1774898020,1_46791,1_100016,118,1_669626540,1_7976007,1774898160,1774898251,default
1774898020,1_60161,1_100042,148,1_762077190,1_3755,1774898040,1774897508,default
1774898020,1_2850,1_100089,2,1_788758150,1_8023466,1774898580,1774898580,default
1774898020,1_46505,1_102619,F Line,1_656236250,1_6287,1774898880,1774897690,default
1774898020,1_46505,1_102619,F Line,1_656236860,1_7976142,1774899780,1774899780,default
1774898020,1_29423,1_102732,79,1_816446460,1_8022070,1774899000,1774899000,default
1774898020,1_52306,1_102619,F Line,1_656237370,1_7976003,1774898700,1774898700,default
1774898020,1_8530,1_100039,14,1_562519320,1_4311,1774898152,1774898084,default
1774898020,1_41940,1_100249,60,1_801585240,1_7099,1774898317,1774898026,default
1774898020,1_57804,1_100072,181,1_800642640,1_7392,1774898356,1774898246,default
1774898020,1_59282,1_100072,181,1_721481960,1_7177,1774898880,1774897600,default
1774898020,1_59282,1_100072,181,1_721481500,1_7976082,1774900680,1774900680,default
1774898020,1_620,40_100240,554,40_774868730,40_9683,1774898400,1774898452,default
1774898020,1_10912,1_100162,271,1_569497160,1_7976370,1774898760,1774898760,default
1774898020,1_10912,40_100511,542,40_569567970,40_7976686,1774899480,1774899480,default
1774898020,1_10912,1_100162,271,1_569496570,1_7976354,1774899660,1774899660,default
1774898020,1_71960,40_100511,542,40_721030810,40_7976607,1774899060,1774899060,default
1774898320,1_46791,1_100016,118,1_669626540,1_3713,1774898160,1774898368,default
1774898320,1_575,1_100210,36,1_800583030,1_4346,1774898640,1774898262,default
1774898320,1_575,1_102576,C Line,1_800869410,1_6267,1774898340,1774898417,default
1774898320,1_2850,1_100089,2,1_788758150,1_7097,1774898580,1774898011,default
1774898320,1_46505,1_102619,F Line,1_656236250,1_6287,1774898880,1774897690,default
1774898320,1_46505,1_102619,F Line,1_656236860,1_7976142,1774899780,1774899780,default
1774898320,1_29423,1_102732,79,1_816446460,1_8022070,1774899000,1774899000,default
1774898320,1_73366,1_102548,B Line,1_721019110,1_6023,1774898440,1774898310,default
1774898320,1_84810,1_102752,223,1_833610730,1_7247,1774898454,1774898308,default
1774898320,1_52306,40_560,560,40_3831020,40_9205,1774898460,1774898460,default
1774898320,1_52306,40_560,560,40_3831020,40_258,1774898460,1774898460,default
1774898320,1_52306,1_102619,F Line,1_656237370,1_7976003,1774898700,1774898700,default
1774898320,1_21945,1_102717,165,1_800649720,1_7101,1774898520,1774898390,default
1774898320,1_45751,1_100249,60,1_801585220,1_7076,1774898445,1774898324,default
1774898320,1_59282,1_100072,181,1_721481960,1_7177,1774898880,1774897600,default
1774898320,1_59282,1_102717,165,1_800649740,1_8023716,1774899420,1774899420,default
1774898320,1_59282,1_100072,181,1_721481500,1_7976082,1774900680,1774900680,default
1774898320,1_620,40_100239,550,40_597752100,40_9687,1774899000,1774898906,default
1774898320,1_10912,1_100162,271,1_569497160,1_7976370,1774898760,1774898760,default
1774898320,1_10912,40_100511,542,40_569567970,40_7976686,1774899480,1774899480,default
1774898320,1_10912,1_100162,271,1_569496570,1_7976354,1774899660,1774899660,default
1774898320,1_71960,40_100511,542,40_721030810,40_7976607,1774899060,1774899060,default
1774898620,1_46791,1_100016,118,1_669626540,1_3713,1774898160,1774898638,default
1774898620,1_970,1_100045,150,1_800669400,1_8191,1774898574,1774898634,default
1774898620,1_68784,1_100136,245,1_761787880,1_7327,1774898659,1774898631,default
1774898620,1_8080,1_100263,7,1_800587990,1_4539,1774898688,1774898622,default
1774898620,1_46505,1_102619,F Line,1_656236250,1_6287,1774898880,1774897690,default
1774898620,1_46505,1_102619,F Line,1_656236860,1_7976142,1774899780,1774899780,default
1774898620,1_29423,1_102732,79,1_816446460,1_8022070,1774899000,1774899000,default
1774898620,1_52306,1_100031,132,1_800857900,1_8014,1774898880,1774898702,default
1774898620,1_52306,1_102619,F Line,1_656236760,1_7975997,1774899600,1774899600,default
1774898620,1_8530,1_100263,7,1_800587750,1_4560,1774898889,1774898644,default
1774898620,1_49350,1_100026,128,1_806634050,1_1034,1774898837,1774898788,default
1774898620,1_59282,1_100072,181,1_721481960,1_7177,1774898880,1774897600,default
1774898620,1_59282,1_102717,165,1_800649740,1_7476,1774899420,1774898600,default
1774898620,1_59282,1_102717,165,1_800649740,1_8023716,1774899420,1774899420,default
1774898620,1_59282,1_100072,181,1_721481500,1_7976082,1774900680,1774900680,default
1774898620,1_60710,1_100512,A Line,1_800652850,1_6229,1774898817,1774898736,default
1774898620,1_620,40_100239,550,40_597752100,40_9687,1774899000,1774898738,default
1774898620,1_10912,40_100511,542,40_569567970,40_7976686,1774899480,1774899480,default
1774898620,1_10912,1_100162,271,1_569496570,1_7976354,1774899660,1774899660,default
1774898620,1_10912,1_100162,271,1_569496960,1_7976364,1774900560,1774900560,default
1774898620,1_71960,40_100511,542,40_721030810,40_7976607,1774899060,1774899060,default
1774898921,1_12170,1_100039,14,1_562519300,1_4359,1774898799,1774898991,default
1774898921,1_481,1_102576,C Line,1_800868550,1_6257,1774898700,1774898938,default
1774898921,1_60161,1_100042,148,1_762077320,1_3711,1774899840,1774898566,default
1774898921,1_575,1_102576,C Line,1_800868340,1_6220,1774898940,1774899004,default
1774898921,1_2850,1_100089,2,1_788757780,1_8023472,1774899420,1774899420,default
1774898921,1_46505,1_102619,F Line,1_656236860,1_7976142,1774899780,1774899780,default
1774898921,1_29423,1_102732,79,1_816446460,1_8022070,1774899000,1774899000,default
1774898921,1_27420,1_100161,27,1_759818290,1_8006,1774898994,1774898994,default
1774898921,1_1510,1_100263,7,1_800587750,1_4560,1774899114,1774898872,default
1774898921,1_52306,1_102619,F Line,1_656236760,1_7975997,1774899600,1774899600,default
1774898921,1_8530,1_100039,14,1_562519450,1_4397,1774899052,1774899036,default
1774898921,1_58112,1_100045,150,1_800670670,1_6955,1774898909,1774899021,default
1774898921,1_41940,1_100249,60,1_801585760,1_7157,1774899037,1774898956,default
1774898921,1_59282,1_102717,165,1_800649740,1_7476,1774899420,1774898600,default
1774898921,1_59282,1_100072,181,1_721481500,1_7976082,1774900680,1774900680,default
1774898921,1_10912,40_100511,542,40_569567970,40_7976686,1774899480,1774899480,default
1774898921,1_10912,1_100162,271,1_569496570,1_7976354,1774899660,1774899660,default
1774898921,1_10912,1_100162,271,1_569496960,1_7976364,1774900560,1774900560,default
1774898921,1_8403,1_100039,14,1_562519310,1_4313,1774899120,1774899052,default
1774899221,1_60161,1_100042,148,1_762077320,1_3711,1774899840,1774898566,default
1774899221,1_30510,1_100006,107,1_635437180,1_3704,1774899259,1774899226,default
1774899221,1_2850,1_100089,2,1_788757780,1_7091,1774899420,1774898906,default
1774899221,1_46505,1_102619,F Line,1_656236860,1_7976142,1774899780,1774899780,default
1774899221,1_46505,1_102619,F Line,1_656237120,1_7976074,1774900680,1774900680,default
1774899221,1_3470,1_100249,60,1_801585220,1_7076,1774899420,1774899219,default
1774899221,1_73953,1_102702,239,1_736529160,1_3706,1774899325,1774899218,default
1774899221,1_52306,1_102619,F Line,1_656236760,1_7975997,1774899600,1774899600,default
1774899221,1_21945,1_102717,165,1_800649320,1_7162,1774898820,1774899397,default
1774899221,1_59282,1_102717,165,1_800649740,1_7476,1774899420,1774898600,default
1774899221,1_59282,1_100072,181,1_721481500,1_7976082,1774900680,1774900680,default
1774899221,1_10210,1_100264,70,1_816207960,1_8269,1774899466,1774899376,default
1774899221,1_620,40_100240,554,40_774869910,40_9672,1774899600,1774899531,default
1774899221,1_10912,40_100511,542,40_569567970,40_7976686,1774899480,1774899480,default
1774899221,1_10912,1_100162,271,1_569496570,1_7976354,1774899660,1774899660,default
1774899221,1_10912,1_100162,271,1_569496960,1_7976364,1774900560,1774900560,default
1774899221,1_10912,40_100511,542,40_569565590,40_7976608,1774901280,1774901280,default
1774899221,1_8403,1_100039,14,1_562519310,1_4313,1774899120,1774899152,default
1774899521,1_12170,1_100039,14,1_562519310,1_4313,1774899699,1774899625,default
1774899521,1_60161,1_100042,148,1_762077320,1_3711,1774899840,1774898566,default
1774899521,1_320,40_100240,554,40_560096560,40_7976708,1774899600,1774899600,default
1774899521,1_320,40_100239,550,40_597752690,40_9670,1774899600,1774899621,default
1774899521,1_46505,1_102619,F Line,1_656236860,1_6000,1774899780,1774899183,default
1774899521,1_46505,1_102619,F Line,1_656237120,1_7976074,1774900680,1774900680,default
1774899521,1_13810,1_102581,D Line,1_732750100,1_6082,1774899582,1774899465,default
1774899521,1_2320,1_100001,1,1_800580330,1_4311,1774899455,1774899588,default
1774899521,1_52306,1_102619,F Line,1_656236980,1_7976017,1774900500,1774900500,default
1774899521,1_2200,1_102581,D Line,1_732749320,1_6091,1774899685,1774899622,default
1774899521,1_57804,1_100072,181,1_721481670,1_7454,1774900156,1774900103,default
1774899521,1_59282,1_100072,181,1_721481500,1_7976082,1774900680,1774900680,default
1774899521,1_23905,1_100214,372,1_694305980,1_6980,1774899578,1774899715,default
1774899521,1_620,1_100045,150,1_800670550,1_8182,1774899720,1774899627,default
1774899521,1_620,40_100239,550,40_597756620,40_9802,1774899900,1774899933,default
1774899521,1_10912,1_100447,49,1_801200100,1_8023497,1774899690,1774899690,default
1774899521,1_10912,1_100162,271,1_569496960,1_7976364,1774900560,1774900560,default
1774899521,1_10912,40_100511,542,40_569565590,40_7976608,1774901280,1774901280,default
1774899521,1_10912,1_100162,271,1_569496310,1_7976351,1774901460,1774901460,default
1774899821,1_60161,1_100042,148,1_762077320,1_3711,1774899840,1774898566,default
1774899821,1_30510,1_100249,60,1_801585330,1_7192,1774899866,1774899844,default
1774899821,1_2850,1_100089,2,1_788758160,1_7115,1774900380,1774899361,default
1774899821,1_8080,1_100263,7,1_800588410,1_4556,1774899888,1774899811,default
1774899821,1_46505,1_102619,F Line,1_656237120,1_7976074,1774900680,1774900680,default
1774899821,1_280,40_100240,554,40_560096560,40_7976708,1774899473,1774899876,default
1774899821,1_52306,1_102619,F Line,1_656236980,1_7976017,1774900500,1774900500,default
1774899821,1_70665,1_100136,245,1_761787880,1_7327,1774900125,1774899930,default
1774899821,1_41850,1_100249,60,1_801585330,1_7192,1774899957,1774899898,default
1774899821,1_57804,1_100072,181,1_721481670,1_7454,1774900156,1774899852,default
1774899821,1_59282,1_100072,181,1_721481500,1_7392,1774900680,1774899654,default
1774899821,1_59282,1_100072,181,1_721481500,1_7976082,1774900680,1774900680,default
1774899821,1_10912,1_100162,271,1_569496960,1_7976364,1774900560,1774900560,default
1774899821,1_10912,40_100511,542,40_569565590,40_7976608,1774901280,1774901280,default
1774899821,1_10912,1_100162,271,1_569496310,1_7976351,1774901460,1774901460,default
1774899821,1_71960,40_100511,542,40_721031380,40_7976685,1774900860,1774900860,default
1774899821,1_81982,1_102746,333,1_778704780,1_7975727,1774899879,1774899992,default
1774900121,1_10020,1_100254,65,1_778695110,1_8128,1774900201,1774900086,default
1774900121,1_2850,1_100089,2,1_788758160,1_7115,1774900380,1774899361,default
1774900121,1_46505,1_102619,F Line,1_656237120,1_6274,1774900680,1774900034,default
1774900121,1_46505,1_102619,F Line,1_656237120,1_7976074,1774900680,1774900680,default
1774900121,1_280,40_100240,554,40_560096560,40_7976708,1774899473,1774900192,default
1774900121,1_68130,1_102548,B Line,1_721018850,1_6027,1774899952,1774900226,default
1774900121,1_81254,1_102746,333,1_778704970,1_7238,1774900255,1774900132,default
1774900121,1_79610,1_100003,101,1_800668930,1_8179,1774900200,1774900148,default
1774900121,1_52306,1_102619,F Line,1_656236980,1_7976017,1774900500,1774900500,default
1774900121,1_21945,1_102717,165,1_800649730,1_7300,1774900320,1774900178,default
1774900121,1_99254,1_100003,101,1_762101030,1_6278,1774900222,1774900213,default
1774900121,1_59282,1_100072,181,1_721481500,1_7392,1774900680,1774899654,default
1774900121,1_59282,1_102717,165,1_800649750,1_7197,1774901220,1774900099,default
1774900121,1_10210,1_100264,70,1_801593280,1_8261,1774900306,1774900236,default
1774900121,1_620,40_100236,545,40_560087850,40_9659,1774900260,1774900317,default
1774900121,1_620,40_100239,550,40_597754130,40_9647,1774900800,1774900749,default
1774900121,1_10912,1_100264,70,1_801594200,1_8026417,1774900066,1774900309,default
1774900121,1_10912,1_100162,271,1_569496960,1_7976364,1774900560,1774900560,default
1774900121,1_10912,40_100511,542,40_569565590,40_7976608,1774901280,1774901280,default
1774900121,1_10912,1_100162,271,1_569496310,1_7976351,1774901460,1774901460,default
1774900121,1_71960,40_100511,542,40_721031380,40_7976685,1774900860,1774900860,default
1774900121,1_8403,1_100039,14,1_562519350,1_4303,1774900020,1774900030,default
1774900421,1_52638,40_574,574,40_3766020,block_15078_schedBasedVehicle,1774900442,1774900442,default
1774900421,1_970,40_578,578,40_2610020,40_10139,1774900467,1774900467,default
1774900421,1_320,40_100239,550,40_597752090,40_9687,1774900500,1774900477,default
1774900421,1_46505,1_102619,F Line,1_656237120,1_6274,1774900680,1774900034,default
1774900421,1_46505,1_102619,F Line,1_656236400,1_7976083,1774901580,1774901580,default
1774900421,1_280,40_100240,554,40_560096560,40_7976708,1774899473,1774900473,default
1774900421,1_3380,1_100210,36,1_800583550,1_4517,1774900500,1774900449,default
1774900421,1_52306,1_102619,F Line,1_656237220,1_7976229,1774901400,1774901400,default
1774900421,1_8530,1_100263,7,1_800587990,1_4539,1774900689,1774900436,default
1774900421,1_40065,1_102574,40,1_811900780,1_8215,1774900713,1774900513,default
1774900421,1_80124,1_102719,161,1_800652160,1_7198,1774900917,1774900497,default
1774900421,1_59282,1_100072,181,1_721481500,1_7392,1774900680,1774899654,default
1774900421,1_59282,1_102717,165,1_800649750,1_7197,1774901220,1774900099,default
1774900421,1_620,40_100239,550,40_597754130,40_9647,1774900800,1774900607,default
1774900421,1_620,40_100240,554,40_774870560,40_6957,1774900800,1774900812,default
1774900421,1_10912,40_100511,542,40_569565590,40_7976608,1774901280,1774901280,default
1774900421,1_10912,1_100162,271,1_569496310,1_7976351,1774901460,1774901460,default
1774900421,1_10912,1_100162,271,1_569497130,1_7976667,1774902360,1774902360,default
1774900421,1_71960,1_102752,223,1_816297590,1_7371,1774900680,1774900573,default
1774900421,1_71960,40_100511,542,40_721031380,40_7976685,1774900860,1774900860,default
1774900721,1_85800,1_100196,331,1_803352790,1_7206,1774900692,1774900751,default
1774900721,1_60161,1_100042,148,1_762077430,1_7976051,1774901640,1774901640,default
1774900721,1_81205,1_100072,181,1_721481670,1_7454,1774900771,1774900708,default
1774900721,1_2850,1_100089,2,1_788757790,1_7140,1774901220,1774900509,default
1774900721,1_46505,1_102619,F Line,1_656236400,1_7976083,1774901580,1774901580,default
1774900721,1_74743,1_102701,225,1_811517000,1_7336,1774900961,1774900734,default
1774900721,1_81254,1_100202,345,1_724954420,1_3710,1774900840,1774900740,default
1774900721,1_52306,1_102619,F Line,1_656237220,1_7976229,1774901400,1774901400,default
1774900721,1_8530,1_100039,14,1_562521010,1_4373,1774900852,1774900854,default
1774900721,1_59282,1_102717,165,1_800649750,1_7197,1774901220,1774900099,default
1774900721,1_620,40_510,510,40_16133735__MCOB-DO:121:0:Weekday:2:26MAR:86018:12345,40_MCOB-DO:121:0:Weekday:2:26MAR:86018:12345,1774904400,1774904400,default
1774900721,1_10912,1_100447,49,1_801200080,1_8023492,1774900890,1774900890,default
1774900721,1_10912,40_100511,542,40_569565590,40_7976608,1774901280,1774901280,default
1774900721,1_10912,1_100162,271,1_569496310,1_7976351,1774901460,1774901460,default
1774900721,1_10912,1_100162,271,1_569497130,1_7976667,1774902360,1774902360,default
1774901021,1_51551,1_102736,H Line,1_694056800,1_6064,1774900767,1774901030,default
1774901021,1_60161,1_100042,148,1_762077430,1_7976051,1774901640,1774901640,default
1774901021,1_970,1_100045,150,1_800670820,1_8166,1774901094,1774900931,default
1774901021,1_12770,1_100228,48,1_721360840,1_8064,1774901200,1774901054,default
1774901021,1_575,1_100028,13,1_788758950,1_7091,1774900920,1774901058,default
1774901021,1_575,1_102615,E Line,1_761418240,1_6086,1774900680,1774901063,default
1774901021,1_575,1_100001,1,1_800580290,1_4385,1774900800,1774901106,default
1774901021,1_2850,1_100089,2,1_788757790,1_7140,1774901220,1774900509,default
1774901021,1_8080,1_100263,7,1_800587450,1_4537,1774901088,1774901007,default
1774901021,1_46505,1_102619,F Line,1_656236400,1_7976083,1774901580,1774901580,default
1774901021,1_40060,1_102574,40,1_811900930,1_8225,1774901511,1774901035,default
1774901021,1_1190,40_100239,550,40_597754130,40_9647,1774901260,1774900935,default
1774901021,1_27420,1_100249,60,1_801585330,1_7192,1774900928,1774901110,default
1774901021,1_57453,1_102720,160,1_664466820,1_7402,1774901100,1774901069,default
1774901021,1_1510,1_100001,1,1_800581900,1_4373,1774901094,1774901072,default
1774901021,1_52306,1_102619,F Line,1_656237220,1_7976229,1774901400,1774901400,default
1774901021,1_40065,1_102574,40,1_811900930,1_8225,1774901613,1774901105,default
1774901021,1_59282,1_102717,165,1_800649750,1_7197,1774901220,1774900099,default
1774901021,1_49554,1_100026,128,1_806634310,1_1023,1774901159,1774901125,default
1774901021,1_60710,1_100512,A Line,1_800643430,1_6282,1774901217,1774901206,default
1774901021,1_620,40_100236,545,40_560089450,40_7976551,1774901160,1774901212,default
1774901021,1_620,40_100236,545,40_560089450,40_9806,1774901160,1774901268,default
1774901021,1_620,40_510,510,40_16133735__MCOB-DO:121:0:Weekday:2:26MAR:86018:12345,40_MCOB-DO:121:0:Weekday:2:26MAR:86018:12345,1774904400,1774904400,default
1774901021,1_10912,40_100511,542,40_569565590,40_7976608,1774901280,1774901280,default
1774901021,1_10912,1_100162,271,1_569496310,1_7976351,1774901460,1774901460,default
1774901021,1_10912,1_100162,271,1_569497130,1_7976667,1774902360,1774902360,default
1774901021,1_10912,40_100511,542,40_569569640,40_7976607,1774903080,1774903080,default
1774901321,1_60161,1_100042,148,1_762077430,1_7976051,1774901640,1774901640,default
1774901321,1_320,40_100239,550,40_597756680,40_9802,1774901400,1774901391,default
1774901321,1_575,1_100263,7,1_800587990,1_4539,1774901580,1774901395,default
1774901321,1_46505,1_102619,F Line,1_656236400,1_7976083,1774901580,1774901580,default
1774901321,1_46505,1_102619,F Line,1_656236660,1_7976226,1774902480,1774902480,default
1774901321,1_73366,1_102548,B Line,1_721018850,1_6027,1774901140,1774901393,default
1774901321,1_72494,1_100160,269,1_806917830,1_7388,1774901520,1774901394,default
1774901321,1_52306,1_102619,F Line,1_656236560,1_7976085,1774902300,1774902300,default
1774901321,1_8530,1_100005,106,1_727785240,1_7178,1774901646,1774901341,default
1774901321,1_99254,1_100045,150,1_800670310,1_8143,1774901140,1774901465,default
1774901321,1_57804,1_100072,181,1_721481970,1_7173,1774901956,1774901956,default
1774901321,1_59282,1_100072,181,1_721481670,1_7454,1774901700,1774901405,default
1774901321,1_23905,1_100214,372,1_694306170,1_6944,1774901378,1774901524,default
1774901321,1_59872,1_102619,F Line,1_656236760,1_6228,1774901658,1774901441,default
1774901321,1_31890,1_100230,50,1_770998000,1_3738,1774901577,1774901465,default
1774901321,1_620,40_510,510,40_16133735__MCOB-DO:121:0:Weekday:2:26MAR:86018:12345,40_MCOB-DO:121:0:Weekday:2:26MAR:86018:12345,1774904400,1774904400,default
1774901321,1_16990,1_102574,40,1_811900930,1_8225,1774902010,1774901432,default
1774901321,1_10912,1_100214,372,1_694306560,1_6962,1774901253,1774901505,default
1774901321,1_10912,1_100162,271,1_569497130,1_7976667,1774902360,1774902360,default
1774901321,1_10912,40_100511,542,40_569569640,40_7976607,1774903080,1774903080,default
1774901321,1_10912,1_100162,271,1_569496450,1_7976349,1774903200,1774903200,default
1774901621,1_481,1_100024,125,1_770790070,1_7021,1774901640,1774901606,default
1774901621,1_481,1_102576,C Line,1_800868310,1_6220,1774901700,1774901608,default
1774901621,1_60161,1_100042,148,1_762077430,1_7976051,1774901640,1774901640,default
1774901621,1_2850,1_100089,2,1_788758170,1_8023468,1774902180,1774902180,default
1774901621,1_8080,1_100263,7,1_800587460,1_4532,1774901688,1774901617,default
1774901621,1_46505,1_102619,F Line,1_656236660,1_7976226,1774902480,1774902480,default
1774901621,1_29423,1_102732,79,1_816446370,1_8022069,1774902600,1774902600,default
1774901621,1_3380,1_100210,36,1_800583580,1_4394,1774901700,1774901631,default
1774901621,1_52306,1_102619,F Line,1_656236560,1_7976085,1774902300,1774902300,default
1774901621,1_8530,1_100263,7,1_800588410,1_4556,1774901889,1774901730,default
1774901621,1_21680,1_100023,124,1_800863110,1_8028,1774901799,1774901663,default
1774901621,1_76312,1_102705,230,1_664298510,1_7422,1774901805,1774901732,default
1774901621,1_57804,1_100072,181,1_721481970,1_7173,1774901956,1774901956,default
1774901621,1_620,40_100240,554,40_774869420,40_9664,1774902120,1774901839,default
1774901621,1_620,40_100239,550,40_597756350,40_6976,1774901700,1774902029,default
1774901621,1_620,40_510,510,40_16133735__MCOB-DO:121:0:Weekday:2:26MAR:86018:12345,40_MCOB-DO:121:0:Weekday:2:26MAR:86018:12345,1774904400,1774904400,default
1774901621,1_10912,1_100162,271,1_569497130,1_7976667,1774902360,1774902360,default
1774901621,1_10912,40_100511,542,40_569569640,40_7976607,1774903080,1774903080,default
1774901621,1_10912,1_100162,271,1_569496450,1_7976349,1774903200,1774903200,default
1774901621,1_71960,40_100511,542,40_721030840,40_7976686,1774902660,1774902660,default
1774901921,1_103,1_102745,G Line,1_736437260,1_6400,1774901806,1774901960,default
1774901921,1_12170,1_100039,14,1_562519390,1_4380,1774901559,1774902019,default
1774901921,1_2850,1_100089,2,1_788758170,1_7158,1774902180,1774901662,default
1774901921,1_2850,1_100089,2,1_788758170,1_8023468,1774902180,1774902180,default
1774901921,1_46505,1_102619,F Line,1_656236660,1_6234,1774902480,1774901718,default
1774901921,1_46505,1_102619,F Line,1_656236660,1_7976226,1774902480,1774902480,default
1774901921,1_29423,1_102732,79,1_816446370,1_8022069,1774902600,1774902600,default
1774901921,1_3470,1_100210,36,1_800583580,1_4394,1774902000,1774901915,default
1774901921,1_1510,1_100001,1,1_800580400,1_4359,1774901994,1774901968,default
1774901921,1_10653,1_100252,62,1_800855260,1_8009,1774902180,1774901980,default
1774901921,1_52306,1_102619,F Line,1_656236560,1_7976085,1774902300,1774902300,default
1774901921,1_99254,1_100045,150,1_800670600,1_8137,1774902040,1774901936,default
1774901921,1_59282,1_100072,181,1_721481830,1_7454,1774902540,1774901388,default
1774901921,1_59282,1_102717,165,1_800649760,1_8023881,1774903020,1774903020,default
1774901921,1_42540,1_100072,181,1_721481960,1_7177,1774902082,1774901647,default
1774901921,1_10210,1_100264,70,1_801593240,1_8234,1774902106,1774902094,default
1774901921,1_620,40_100239,550,40_597754850,40_9818,1774902600,1774902469,default
1774901921,1_620,40_510,510,40_16133735__MCOB-DO:121:0:Weekday:2:26MAR:86018:12345,40_MCOB-DO:121:0:Weekday:2:26MAR:86018:12345,1774904400,1774904400,default
1774901921,1_10912,1_100162,271,1_569497130,1_7976667,1774902360,1774902360,default
1774901921,1_10912,40_100511,542,40_569569640,40_7976607,1774903080,1774903080,default
1774901921,1_10912,1_100162,271,1_569496450,1_7976349,1774903200,1774903200,default
1774901921,1_71960,40_100511,542,40_721030840,40_7976686,1774902660,1774902660,default
1774901921,1_8403,1_100039,14,1_562519360,1_4322,1774901880,1774901706,default
1774902221,1_51740,1_100030,131,1_800857670,1_8051,1774902272,1774902209,default
1774902221,1_46505,1_102619,F Line,1_656236660,1_6234,1774902480,1774901718,default
1774902221,1_46505,1_102619,F Line,1_694521830,1_7976003,1774903380,1774903380,default
1774902221,1_29423,1_102732,79,1_816446370,1_8022069,1774902600,1774902600,default
1774902221,1_73366,1_102548,B Line,1_721018530,1_6028,1774902040,1774902339,default
1774902221,1_52306,1_102619,F Line,1_656236260,1_7976225,1774903200,1774903200,default
1774902221,1_58112,1_100045,150,1_800669710,1_6995,1774902329,1774902318,default
1774902221,1_49350,1_100026,128,1_806634680,1_1028,1774902497,1774902323,default
1774902221,1_2200,1_102581,D Line,1_803817220,1_6078,1774902085,1774902373,default
1774902221,1_57804,1_100072,181,1_721481970,1_7173,1774901956,1774902510,default
1774902221,1_59282,1_100072,181,1_721481830,1_7454,1774902540,1774901388,default
1774902221,1_59282,1_102717,165,1_800649760,1_8023881,1774903020,1774903020,default
1774902221,1_25791,1_100214,372,1_694306560,1_6962,1774901880,1774902422,default
1774902221,1_57940,1_102720,160,1_664466290,1_7428,1774902385,1774902366,default
1774902221,1_620,40_100239,550,40_597754850,40_9818,1774902600,1774902301,default
1774902221,1_620,40_510,510,40_16133735__MCOB-DO:121:0:Weekday:2:26MAR:86018:12345,40_MCOB-DO:121:0:Weekday:2:26MAR:86018:12345,1774904400,1774904400,default
1774902221,1_10912,1_100224,44,1_664048380,1_4529,1774902349,1774902421,default
1774902221,1_10912,40_100511,542,40_569569640,40_7976607,1774903080,1774903080,default
1774902221,1_10912,1_100162,271,1_569496450,1_7976349,1774903200,1774903200,default
1774902221,1_10912,1_100162,271,1_569496740,1_7976670,1774904100,1774904100,default
1774902221,1_71960,40_100511,542,40_721030840,40_7976686,1774902660,1774902660,default
1774902521,1_103,1_102745,G Line,1_736435540,1_6412,1774902166,1774902550,default
1774902521,1_12170,1_100039,14,1_562519360,1_4322,1774902459,1774902541,default
1774902521,1_26560,1_102574,40,1_811901390,1_8222,1774902329,1774902605,default
1774902521,1_60161,1_100042,148,1_762077440,1_7976071,1774903440,1774903440,default
1774902521,1_12770,1_100219,4,1_675345340,1_4363,1774902608,1774902492,default
1774902521,1_2850,1_100089,2,1_788757800,1_7117,1774902840,1774902460,default
1774902521,1_2850,1_100089,2,1_788757800,1_8023446,1774902840,1774902840,default
1774902521,1_46505,1_102619,F Line,1_694521830,1_7976003,1774903380,1774903380,default
1774902521,1_29423,1_102732,79,1_816446370,1_8022069,1774902600,1774902600,default
1774902521,1_1510,1_100210,36,1_800583580,1_4394,1774902878,1774902530,default
1774902521,1_52306,1_102619,F Line,1_656236260,1_7976225,1774903200,1774903200,default
1774902521,1_52306,1_102619,F Line,1_800653590,1_8023728,1774905900,1774905900,default
1774902521,1_22184,1_100249,60,1_801585480,1_7111,1774902785,1774902595,default
1774902521,1_59282,1_102717,165,1_800649760,1_8023881,1774903020,1774903020,default
1774902521,1_59282,1_102717,165,1_800649760,1_7162,1774903020,1774903020,default
1774902521,1_79872,1_100133,240,1_806916360,1_7447,1774902727,1774902588,default
1774902521,1_79874,1_100133,240,1_806916360,1_7447,1774902775,1774902595,default
1774902521,1_620,40_510,510,40_16133735__MCOB-DO:121:0:Weekday:2:26MAR:86018:12345,40_MCOB-DO:121:0:Weekday:2:26MAR:86018:12345,1774904400,1774904400,default
1774902521,1_10912,40_100511,542,40_569569640,40_7976607,1774903080,1774903080,default
1774902521,1_10912,1_100162,271,1_569496450,1_7976349,1774903200,1774903200,default
1774902521,1_10912,1_100162,271,1_569496740,1_7976670,1774904100,1774904100,default
1774902521,1_47890,1_100026,128,1_806634060,1_1034,1774902767,1774902638,default
1774902822,1_481,1_102736,H Line,1_694056850,1_6066,1774902900,1774902810,default
1774902822,1_60161,1_100042,148,1_762077440,1_7976071,1774903440,1774903440,default
1774902822,1_46505,1_102619,F Line,1_694521830,1_7976003,1774903380,1774903380,default
1774902822,1_57453,1_102720,160,1_664466290,1_7428,1774902900,1774902804,default
1774902822,1_79610,1_100006,107,1_732196680,1_7163,1774902956,1774902747,default
1774902822,1_79610,1_100003,101,1_800668960,1_8159,1774902900,1774902785,default
1774902822,1_52306,1_102619,F Line,1_656236260,1_7976225,1774903200,1774903200,default
1774902822,1_52306,1_102619,F Line,1_800653590,1_8023728,1774905900,1774905900,default
1774902822,1_21945,1_102717,165,1_800649340,1_7353,1774902420,1774902933,default
1774902822,1_59282,1_102717,165,1_800649760,1_7162,1774903020,1774902539,default
1774902822,1_10210,1_100264,70,1_801593930,1_8228,1774903006,1774902955,default
1774902822,1_620,40_100236,545,40_560090180,40_9820,1774902960,1774903039,default
1774902822,1_620,40_510,510,40_16133735__MCOB-DO:121:0:Weekday:2:26MAR:86018:12345,40_MCOB-DO:121:0:Weekday:2:26MAR:86018:12345,1774904400,1774904400,default
1774902822,1_10912,1_100224,44,1_664047430,1_4515,1774903069,1774902904,default
1774902822,1_10912,1_100264,70,1_801593660,1_8237,1774902766,1774902999,default
1774902822,1_10912,40_100511,542,40_569569640,40_7976607,1774903080,1774903080,default
1774902822,1_10912,1_100162,271,1_569496450,1_7976349,1774903200,1774903200,default
1774902822,1_10912,1_100162,271,1_569496740,1_7976670,1774904100,1774904100,default
1774902822,1_10912,40_100511,542,40_569570750,40_7976685,1774904880,1774904880,default
1774902822,1_8403,1_100039,14,1_562519410,1_4384,1774902780,1774902745,default
1774903122,1_60161,1_100042,148,1_762077440,1_7976071,1774903440,1774903440,default
1774903122,1_8541,1_100263,7,1_800589020,1_4504,1774903140,1774903090,default
1774903122,1_575,1_100210,36,1_800583580,1_4394,1774903440,1774902973,default
1774903122,1_13830,1_102581,D Line,1_803817500,1_6084,1774903271,1774903014,default
1774903122,1_46505,1_102619,F Line,1_694521830,1_7976003,1774903380,1774903380,default
1774903122,1_46505,1_102619,F Line,1_694521230,1_7975997,1774904280,1774904280,default
1774903122,1_280,40_100240,554,40_560098310,40_7976695,1774903073,1774903190,default
1774903122,1_52306,1_102619,F Line,1_656236870,1_7976142,1774904100,1774904100,default
1774903122,1_52306,1_102619,F Line,1_800653590,1_8023728,1774905900,1774905900,default
1774903122,1_70665,1_102704,250,1_806915200,1_7341,1774903191,1774903226,default
1774903122,1_71970,1_102704,250,1_806915190,1_7330,1774903317,1774903178,default
1774903122,1_2200,1_100275,8,1_800891540,1_8066,1774904133,1774903173,default
1774903122,1_2200,1_102581,D Line,1_800600580,1_6041,1774903285,1774903305,default
1774903122,1_57804,1_100072,181,1_721481510,1_7482,1774903756,1774903756,default
1774903122,1_59872,1_102619,F Line,1_656237220,1_6236,1774903458,1774903267,default
1774903122,1_71678,1_102552,226,1_816296060,1_7324,1774903402,1774903200,default
1774903122,1_620,40_100240,554,40_774870350,40_9689,1774903440,1774903524,default
1774903122,1_620,40_100239,550,40_597756270,40_9632,1774903500,1774903790,default
1774903122,1_620,40_510,510,40_16133735__MCOB-DO:121:0:Weekday:2:26MAR:86018:12345,40_MCOB-DO:121:0:Weekday:2:26MAR:86018:12345,1774904400,1774904400,default
1774903122,1_10912,40_100511,542,40_569570750,40_9684,1774904880,1774903053,default
1774903122,1_10912,1_100447,49,1_650118490,1_7975090,1774903290,1774903290,default
1774903122,1_10912,1_100162,271,1_569496740,1_7976670,1774904100,1774904100,default
1774903122,1_10912,40_100511,542,40_569570750,40_7976685,1774904880,1774904880,default
1774903122,1_10912,1_100162,271,1_569496190,1_7976348,1774905000,1774905000,default
1774903422,1_481,1_100024,125,1_770790080,1_7028,1774903440,1774903393,default
1774903422,1_60161,1_100042,148,1_762077440,1_7976071,1774903440,1774903440,default
1774903422,1_60161,1_100042,148,1_800646350,1_8023771,1774906920,1774906920,default
1774903422,1_2850,1_100089,2,1_788758180,1_7139,1774903860,1774902869,default
1774903422,1_46505,1_102619,F Line,1_694521230,1_7975997,1774904280,1774904280,default
1774903422,1_72494,1_100160,269,1_806917260,1_7384,1774903500,1774903423,default
1774903422,1_52306,40_560,560,40_1422020,40_275,1774903800,1774903800,default
1774903422,1_52306,1_102619,F Line,1_656236870,1_7976142,1774904100,1774904100,default
1774903422,1_52306,1_102619,F Line,1_800653590,1_8023728,1774905900,1774905900,default
1774903422,1_52306,1_102619,F Line,1_800653850,1_8023729,1774906800,1774906800,default
1774903422,1_58112,1_102619,F Line,1_656236400,1_6010,1774903521,1774903576,default
1774903422,1_57804,1_100072,181,1_721481510,1_7482,1774903756,1774903658,default
1774903422,1_31890,1_100026,128,1_806634310,1_1023,1774903798,1774903532,default
1774903422,1_620,40_100239,550,40_597756270,40_9632,1774903500,1774903784,default
1774903422,1_620,40_510,510,40_16133735__MCOB-DO:121:0:Weekday:2:26MAR:86018:12345,40_MCOB-DO:121:0:Weekday:2:26MAR:86018:12345,1774904400,1774904400,default
1774903422,1_10912,40_100511,542,40_569570750,40_9684,1774904880,1774903053,default
1774903422,1_10912,1_100162,271,1_569496740,1_7976670,1774904100,1774904100,default
1774903422,1_10912,1_100162,271,1_569496190,1_7976348,1774905000,1774905000,default
1774903422,1_71960,40_100511,542,40_721031310,40_7976608,1774904460,1774904460,default
1774903722,1_77930,1_102746,333,1_778704080,1_7203,1774903919,1774903612,default
1774903722,1_60161,1_100042,148,1_800646350,1_8023771,1774906920,1774906920,default
1774903722,1_575,1_100089,2,1_788758170,1_7158,1774903680,1774903755,default
1774903722,1_2850,1_100089,2,1_788758180,1_7139,1774903860,1774902869,default
1774903722,1_46505,1_102619,F Line,1_694521230,1_7975997,1774904280,1774904280,default
1774903722,1_73366,1_102752,223,1_816297610,1_7380,1774903821,1774903722,default
1774903722,1_81254,1_102746,333,1_778704760,1_7226,1774903855,1774903735,default
1774903722,1_52306,1_102619,F Line,1_656236870,1_7976142,1774904100,1774904100,default
1774903722,1_52306,1_102619,F Line,1_800653590,1_8023728,1774905900,1774905900,default
1774903722,1_52306,1_102619,F Line,1_800653850,1_8023729,1774906800,1774906800,default
1774903722,1_8530,1_100263,7,1_800587460,1_4532,1774903689,1774903842,default
1774903722,1_59282,1_102717,165,1_800649770,1_7016,1774904760,1774903604,default
1774903722,1_59282,1_100072,181,1_721481680,1_7976033,1774904280,1774904280,default
1774903722,1_620,40_510,510,40_16133738__MCOB-DO:121:0:Weekday:2:26MAR:86021:12345,40_MCOB-DO:121:0:Weekday:2:26MAR:86021:12345,1774908600,1774908600,default
1774903722,1_620,1_102754,256,1_816378460,1_8005261,1774908840,1774908840,default
1774903722,1_620,40_510,510,40_16133739__MCOB-DO:121:0:Weekday:2:26MAR:86024:12345,40_MCOB-DO:121:0:Weekday:2:26MAR:86024:12345,1774909800,1774909800,default
1774903722,1_620,40_515,515,40_16133714__MCOB-DO:121:0:Weekday:2:26MAR:86025:12345,40_MCOB-DO:121:0:Weekday:2:26MAR:86025:12345,1774909980,1774909980,default
1774903722,1_620,1_102754,256,1_816378470,1_8005281,1774910580,1774910580,default
1774903722,1_620,40_515,515,40_16133690__MCOB-DO:121:0:Weekday:2:26MAR:86026:12345,40_MCOB-DO:121:0:Weekday:2:26MAR:86026:12345,1774910700,1774910700,default
1774903722,1_620,40_510,510,40_16133740__MCOB-DO:121:0:Weekday:2:26MAR:86027:12345,40_MCOB-DO:121:0:Weekday:2:26MAR:86027:12345,1774911000,1774911000,default
1774903722,1_10912,1_100162,271,1_664291350,1_7976352,1774908600,1774908600,default
1774903722,1_10912,40_100511,542,40_608344590,40_7976604,1774909260,1774909260,default
1774903722,1_10912,1_100162,271,1_581745970,1_7976388,1774909440,1774909440,default
1774903722,1_10912,40_100451,556,40_635882050,40_7976710,1774909500,1774909500,default
1774908215,1_103,1_102745,G Line,1_736435510,1_6412,1774907926,1774908262,default
1774908215,1_51551,1_102736,H Line,1_694056340,1_6073,1774908087,1774908246,default
1774908215,1_60161,1_100042,148,1_800646420,1_3729,1774908720,1774908106,default
1774908215,1_60161,1_100042,148,1_800646420,1_8023887,1774908720,1774908720,default
1774908215,1_2850,1_100089,2,1_788758210,1_7115,1774909320,1774907570,default
1774908215,1_2850,1_100089,2,1_788757830,1_7153,1774908360,1774907575,default
1774908215,1_46505,1_102619,F Line,1_694521340,1_6000,1774908540,1774907772,default
1774908215,1_46505,1_102619,F Line,1_694521870,1_7976004,1774909860,1774909860,default
1774908215,1_46505,1_102619,F Line,1_694520880,1_7976083,1774910460,1774910460,default
1774908215,1_46505,1_102619,F Line,1_694521140,1_7976226,1774911060,1774911060,default
1774908215,1_52306,1_102619,F Line,1_800653960,1_8023763,1774908600,1774908600,default
1774908215,1_52306,1_102619,F Line,1_800654170,1_8023765,1774909500,1774909500,default
1774908215,1_52306,1_102619,F Line,1_800654410,1_8023883,1774910700,1774910700,default
1774908215,1_52306,1_102619,F Line,1_800653760,1_8023779,1774911300,1774911300,default
1774908215,1_7750,1_102615,E Line,1_761418090,1_6115,1774908432,1774908274,default
1774908215,1_9605,1_100259,67,1_534488840,1_7975675,1774908180,1774908348,default
1774908215,1_59282,1_102717,165,1_800649800,1_7101,1774909740,1774908185,default
1774908215,1_59282,1_102717,165,1_800649790,1_7490,1774908540,1774908220,default
1774908215,1_59282,1_102717,165,1_800649790,1_8023768,1774908540,1774908540,default
1774908215,1_59282,1_102717,165,1_800649800,1_8023767,1774909740,1774909740,default
1774908215,1_60710,1_100512,A Line,1_800643510,1_6242,1774908450,1774908404,default
1774908215,1_10210,1_100264,70,1_801594260,1_8220,1774908462,1774908304,default
1774908215,1_57791,1_102718,184,1_635442870,1_1013,1774908369,1774908442,default
1774908215,1_25791,1_100214,372,1_694306640,1_6992,1774908261,1774908445,default
1774908215,1_620,40_100236,545,40_563501300,40_7976560,1774908360,1774908390,default
1774908215,1_620,40_100236,545,40_563501300,40_9660,1774908360,1774908455,default
1774908215,1_620,40_100240,554,40_774871400,40_9672,1774908720,1774908581,default
1774908215,1_620,40_510,510,40_16133738__MCOB-DO:121:0:Weekday:2:26MAR:86021:12345,40_MCOB-DO:121:0:Weekday:2:26MAR:86021:12345,1774908600,1774908600,default
1774908215,1_620,1_102754,256,1_816378460,1_8005261,1774908840,1774908840,default
1774908215,1_620,40_510,510,40_16133739__MCOB-DO:121:0:Weekday:2:26MAR:86024:12345,40_MCOB-DO:121:0:Weekday:2:26MAR:86024:12345,1774909800,1774909800,default
1774908215,1_620,40_515,515,40_16133714__MCOB-DO:121:0:Weekday:2:26MAR:86025:12345,40_MCOB-DO:121:0:Weekday:2:26MAR:86025:12345,1774909980,1774909980,default
1774908215,1_620,1_102754,256,1_816378470,1_8005281,1774910580,1774910580,default
1774908215,1_620,40_515,515,40_16133690__MCOB-DO:121:0:Weekday:2:26MAR:86026:12345,40_MCOB-DO:121:0:Weekday:2:26MAR:86026:12345,1774910700,1774910700,default
1774908215,1_620,40_510,510,40_16133740__MCOB-DO:121:0:Weekday:2:26MAR:86027:12345,40_MCOB-DO:121:0:Weekday:2:26MAR:86027:12345,1774911000,1774911000,default
1774908215,1_10912,1_100162,271,1_664291350,1_7976352,1774908600,1774908600,default
1774908215,1_10912,40_100511,542,40_608344590,40_7976604,1774909260,1774909260,default
1774908215,1_10912,1_100162,271,1_581745970,1_7976388,1774909440,1774909440,default
1774908215,1_10912,40_100451,556,40_635882050,40_7976710,1774909500,1774909500,default
1774908215,1_10912,1_100162,271,1_569496080,1_7976382,1774910760,1774910760,default
1774908515,1_60161,1_100042,148,1_800646420,1_3729,1774908720,1774908106,default
1774908515,1_12770,1_100228,48,1_721360700,1_8064,1774908629,1774908600,default
1774908515,1_575,1_100219,4,1_675345390,1_4407,1774908480,1774908563,default
1774908515,1_2850,1_100089,2,1_788758210,1_7115,1774909320,1774907570,default
1774908515,1_46505,1_102619,F Line,1_694521590,1_7976074,1774909260,1774909260,default
1774908515,1_46505,1_102619,F Line,1_694521870,1_7976004,1774909860,1774909860,default
1774908515,1_46505,1_102619,F Line,1_694520880,1_7976083,1774910460,1774910460,default
1774908515,1_46505,1_102619,F Line,1_694521140,1_7976226,1774911060,1774911060,default
1774908515,1_29423,1_102732,79,1_817872870,1_8022128,1774910700,1774910700,default
1774908515,1_52306,1_102619,F Line,1_800653960,1_8023763,1774908600,1774908600,default
1774908515,1_52306,1_102619,F Line,1_800654170,1_8023765,1774909500,1774909500,default
1774908515,1_52306,1_102619,F Line,1_800654410,1_8023883,1774910700,1774910700,default
1774908515,1_52306,1_102619,F Line,1_800653760,1_8023779,1774911300,1774911300,default
1774908515,1_54201,1_102619,F Line,1_800654560,1_6235,1774908529,1774908634,default
1774908515,1_57804,1_100072,181,1_721481690,1_7454,1774909093,1774908982,default
1774908515,1_59282,1_102717,165,1_800649800,1_7101,1774909740,1774908185,default
1774908515,1_620,40_100240,554,40_774871400,40_9672,1774908720,1774908631,default
1774908515,1_620,40_100236,545,40_563501270,40_9584,1774908960,1774908641,default
1774908515,1_620,1_102754,256,1_816378460,1_8005261,1774908840,1774908840,default
1774908515,1_620,40_510,510,40_16133739__MCOB-DO:121:0:Weekday:2:26MAR:86024:12345,40_MCOB-DO:121:0:Weekday:2:26MAR:86024:12345,1774909800,1774909800,default
1774908515,1_620,40_515,515,40_16133714__MCOB-DO:121:0:Weekday:2:26MAR:86025:12345,40_MCOB-DO:121:0:Weekday:2:26MAR:86025:12345,1774909980,1774909980,default
1774908515,1_620,1_102754,256,1_816378470,1_8005281,1774910580,1774910580,default
1774908515,1_620,40_515,515,40_16133690__MCOB-DO:121:0:Weekday:2:26MAR:86026:12345,40_MCOB-DO:121:0:Weekday:2:26MAR:86026:12345,1774910700,1774910700,default
1774908515,1_620,40_510,510,40_16133740__MCOB-DO:121:0:Weekday:2:26MAR:86027:12345,40_MCOB-DO:121:0:Weekday:2:26MAR:86027:12345,1774911000,1774911000,default
1774908515,1_620,40_510,510,40_16133724__MCOB-DO:121:0:Weekday:2:26MAR:86030:12345,40_MCOB-DO:121:0:Weekday:2:26MAR:86030:12345,1774912200,1774912200,default
1774908515,1_10912,40_100511,542,40_608344590,40_7976604,1774909260,1774909260,default
1774908515,1_10912,1_100162,271,1_581745970,1_7976388,1774909440,1774909440,default
1774908515,1_10912,40_100451,556,40_635882050,40_7976710,1774909500,1774909500,default
1774908515,1_10912,1_100162,271,1_569496330,1_7976351,1774910160,1774910160,default
1774908515,1_10912,40_100511,542,40_569571200,40_7976607,1774910640,1774910640,default
1774908515,1_10912,1_100162,271,1_569496080,1_7976382,1774910760,1774910760,default
1774908815,1_12170,1_100039,14,1_562519730,1_4359,1774908759,1774908888,default
1774908815,1_46791,1_100016,118,1_669631320,1_7976012,1774908900,1774908907,default
1774908815,1_70694,1_102628,895,1_630387920,1_7976716,1774909800,1774909800,default
1774908815,1_2850,1_100089,2,1_788758210,1_7115,1774909320,1774907570,default
1774908815,1_2850,1_100089,2,1_788757840,1_8023467,1774910100,1774910100,default
1774908815,1_46505,1_102619,F Line,1_694521590,1_6274,1774909260,1774908625,default
1774908815,1_46505,1_102619,F Line,1_694521590,1_7976074,1774909260,1774909260,default
1774908815,1_46505,1_102619,F Line,1_694521870,1_7976004,1774909860,1774909860,default
1774908815,1_46505,1_102619,F Line,1_694520880,1_7976083,1774910460,1774910460,default
1774908815,1_46505,1_102619,F Line,1_694521140,1_7976226,1774911060,1774911060,default
1774908815,1_46505,1_102619,F Line,1_694521850,1_7976003,1774912260,1774912260,default
1774908815,1_29423,1_102732,79,1_816446300,1_7258,1774909800,1774909800,default
1774908815,1_29423,1_102732,79,1_817872870,1_8022128,1774910700,1774910700,default
1774908815,1_280,40_592,592,40_3659020,40_275,1774908878,1774908878,default
1774908815,1_74743,1_102702,239,1_736529410,1_3706,1774908439,1774908891,default
1774908815,1_52306,40_560,560,40_2664020,40_10170,1774908900,1774908900,default
1774908815,1_52306,1_102619,F Line,1_800654170,1_8023765,1774909500,1774909500,default
1774908815,1_52306,1_102619,F Line,1_800654410,1_8023883,1774910700,1774910700,default
1774908815,1_52306,1_102619,F Line,1_800653760,1_8023779,1774911300,1774911300,default
1774908815,1_8530,1_100005,106,1_727785130,1_7006,1774909026,1774908921,default
1774908815,1_57804,1_100072,181,1_721481690,1_7454,1774909093,1774908860,default
1774908815,1_21080,1_100026,128,1_806634070,1_1034,1774909140,1774908911,default
1774908815,1_59282,1_102717,165,1_800649800,1_7101,1774909740,1774908185,default
1774908815,1_620,40_100236,545,40_563501270,40_9584,1774908960,1774909067,default
1774908815,1_620,40_100239,550,40_597757800,40_9818,1774909080,1774909389,default
1774908815,1_620,40_510,510,40_16133739__MCOB-DO:121:0:Weekday:2:26MAR:86024:12345,40_MCOB-DO:121:0:Weekday:2:26MAR:86024:12345,1774909800,1774909800,default
1774908815,1_620,40_515,515,40_16133714__MCOB-DO:121:0:Weekday:2:26MAR:86025:12345,40_MCOB-DO:121:0:Weekday:2:26MAR:86025:12345,1774909980,1774909980,default
1774908815,1_620,1_102754,256,1_816378470,1_8005281,1774910580,1774910580,default
1774908815,1_620,40_515,515,40_16133690__MCOB-DO:121:0:Weekday:2:26MAR:86026:12345,40_MCOB-DO:121:0:Weekday:2:26MAR:86026:12345,1774910700,1774910700,default
1774908815,1_620,40_510,510,40_16133740__MCOB-DO:121:0:Weekday:2:26MAR:86027:12345,40_MCOB-DO:121:0:Weekday:2:26MAR:86027:12345,1774911000,1774911000,default
1774908815,1_620,40_510,510,40_16133724__MCOB-DO:121:0:Weekday:2:26MAR:86030:12345,40_MCOB-DO:121:0:Weekday:2:26MAR:86030:12345,1774912200,1774912200,default
1774908815,1_620,40_515,515,40_16133755__MCOB-DO:121:0:Weekday:2:26MAR:86031:12345,40_MCOB-DO:121:0:Weekday:2:26MAR:86031:12345,1774912500,1774912500,default
1774908815,1_10912,40_100511,542,40_608344590,40_7976604,1774909260,1774909260,default
1774908815,1_10912,1_100162,271,1_581745970,1_7976388,1774909440,1774909440,default
1774908815,1_10912,40_100451,556,40_635882050,40_7976710,1774909500,1774909500,default
1774908815,1_10912,1_100162,271,1_569496330,1_7976351,1774910160,1774910160,default
1774908815,1_10912,40_100511,542,40_569571200,40_7976607,1774910640,1774910640,default
1774908815,1_10912,1_100162,271,1_569496080,1_7976382,1774910760,1774910760,default
1774908815,1_10912,40_100451,556,40_635882320,40_7976550,1774911420,1774911420,default
1774908815,1_71960,40_100511,542,40_721031150,40_7976686,1774909920,1774909920,default
1774909115,1_481,1_102576,C Line,1_800869590,1_6263,1774908960,1774909135,default
1774909115,1_70694,1_102628,895,1_630387920,1_7976716,1774909800,1774909800,default
1774909115,1_970,40_578,578,40_962020,40_10114,1774909262,1774909262,default
1774909115,1_30510,1_100249,60,1_801585660,1_7076,1774909406,1774909061,default
1774909115,1_2850,1_100089,2,1_788758210,1_7115,1774909320,1774907570,default
1774909115,1_2850,1_100089,2,1_788757840,1_8023467,1774910100,1774910100,default
1774909115,1_46505,1_102619,F Line,1_694521590,1_6274,1774909260,1774908625,default
1774909115,1_46505,1_102619,F Line,1_694521870,1_7976004,1774909860,1774909860,default
1774909115,1_46505,1_102619,F Line,1_694520880,1_7976083,1774910460,1774910460,default
1774909115,1_46505,1_102619,F Line,1_694521140,1_7976226,1774911060,1774911060,default
1774909115,1_46505,1_102619,F Line,1_694521850,1_7976003,1774912260,1774912260,default
1774909115,1_29423,1_102732,79,1_816446300,1_7258,1774909800,1774909800,default
1774909115,1_29423,1_102732,79,1_817872870,1_8022128,1774910700,1774910700,default
1774909115,1_280,40_100240,554,40_560096860,40_9683,1774909073,1774909187,default
1774909115,1_27420,1_100249,60,1_801585780,1_7157,1774909028,1774909213,default
1774909115,1_81199,1_100072,181,1_721481690,1_7454,1774909440,1774909206,default
1774909115,1_79610,1_100006,107,1_721485510,1_3711,1774909192,1774909105,default
1774909115,1_52306,1_102619,F Line,1_800654170,1_8023765,1774909500,1774909500,default
1774909115,1_52306,1_102619,F Line,1_800654670,1_8023764,1774910100,1774910100,default
1774909115,1_52306,1_102619,F Line,1_800654410,1_8023883,1774910700,1774910700,default
1774909115,1_52306,1_102619,F Line,1_800653760,1_8023779,1774911300,1774911300,default
1774909115,1_52306,1_102619,F Line,1_800653460,1_8023726,1774912500,1774912500,default
1774909115,1_41850,1_100249,60,1_801585660,1_7076,1774909497,1774909119,default
1774909115,1_11060,1_100249,60,1_801585700,1_8025823,1774909237,1774909237,default
1774909115,1_59282,1_102717,165,1_800649800,1_7101,1774909740,1774908185,default
1774909115,1_59282,1_100072,181,1_721481850,1_7392,1774909680,1774908872,default
1774909115,1_10210,1_100264,70,1_801593190,1_8234,1774909362,1774909215,default
1774909115,1_620,40_510,510,40_16133739__MCOB-DO:121:0:Weekday:2:26MAR:86024:12345,40_MCOB-DO:121:0:Weekday:2:26MAR:86024:12345,1774909800,1774909800,default
1774909115,1_620,40_515,515,40_16133714__MCOB-DO:121:0:Weekday:2:26MAR:86025:12345,40_MCOB-DO:121:0:Weekday:2:26MAR:86025:12345,1774909980,1774909980,default
1774909115,1_620,1_102754,256,1_816378470,1_8005281,1774910580,1774910580,default
1774909115,1_620,40_515,515,40_16133690__MCOB-DO:121:0:Weekday:2:26MAR:86026:12345,40_MCOB-DO:121:0:Weekday:2:26MAR:86026:12345,1774910700,1774910700,default
1774909115,1_620,40_510,510,40_16133740__MCOB-DO:121:0:Weekday:2:26MAR:86027:12345,40_MCOB-DO:121:0:Weekday:2:26MAR:86027:12345,1774911000,1774911000,default
1774909115,1_620,40_510,510,40_16133724__MCOB-DO:121:0:Weekday:2:26MAR:86030:12345,40_MCOB-DO:121:0:Weekday:2:26MAR:86030:12345,1774912200,1774912200,default
1774909115,1_620,1_102754,256,1_816378480,1_8005264,1774912380,1774912380,default
1774909115,1_620,40_515,515,40_16133755__MCOB-DO:121:0:Weekday:2:26MAR:86031:12345,40_MCOB-DO:121:0:Weekday:2:26MAR:86031:12345,1774912500,1774912500,default
1774909115,1_10912,1_100447,49,1_801199920,1_8023493,1774909320,1774909320,default
1774909115,1_10912,1_100162,271,1_581745970,1_7976388,1774909440,1774909440,default
1774909115,1_10912,40_100451,556,40_635882050,40_7976710,1774909500,1774909500,default
1774909115,1_10912,1_100162,271,1_569496330,1_7976351,1774910160,1774910160,default
1774909115,1_10912,40_100511,542,40_569571200,40_7976607,1774910640,1774910640,default
1774909115,1_10912,1_100162,271,1_569496080,1_7976382,1774910760,1774910760,default
1774909115,1_10912,40_100451,556,40_635882320,40_7976550,1774911420,1774911420,default
1774909115,1_71960,40_100511,542,40_721031150,40_7976686,1774909920,1774909920,default
1774909115,1_8403,1_100039,14,1_562519610,1_4313,1774909080,1774909058,default
1774909115,1_58144,1_100048,153,1_833412320,1_7322,1774909488,1774909166,default
1774909415,1_70694,1_102628,895,1_630387920,1_7976716,1774909800,1774909800,default
1774909415,1_575,1_102576,C Line,1_800868100,1_6250,1774909200,1774909491,default
1774909415,1_2850,1_100089,2,1_788757840,1_7094,1774910100,1774909229,default
1774909415,1_2850,1_100089,2,1_788757840,1_8023467,1774910100,1774910100,default
1774909415,1_46505,1_102619,F Line,1_694521870,1_7976004,1774909860,1774909860,default
1774909415,1_46505,1_102619,F Line,1_694520880,1_7976083,1774910460,1774910460,default
1774909415,1_46505,1_102619,F Line,1_694521140,1_7976226,1774911060,1774911060,default
1774909415,1_46505,1_102619,F Line,1_694521850,1_7976003,1774912260,1774912260,default
1774909415,1_29423,1_102732,79,1_816446300,1_7258,1774909800,1774909800,default
1774909415,1_29423,1_102732,79,1_817872870,1_8022128,1774910700,1774910700,default
1774909415,1_280,1_100104,212,1_806323770,1_8005196,1774909461,1774909461,default
1774909415,1_280,1_100104,212,1_806323770,1_6982,1774909461,1774909483,default
1774909415,1_52306,1_102619,F Line,1_800654170,1_8023765,1774909500,1774909500,default
1774909415,1_52306,1_102619,F Line,1_800654670,1_8023764,1774910100,1774910100,default
1774909415,1_52306,1_102619,F Line,1_800654410,1_8023883,1774910700,1774910700,default
1774909415,1_52306,1_102619,F Line,1_800653760,1_8023779,1774911300,1774911300,default
1774909415,1_52306,1_102619,F Line,1_800653460,1_8023726,1774912500,1774912500,default
1774909415,1_59282,1_102717,165,1_800649800,1_7101,1774909740,1774908185,default
1774909415,1_59282,1_100072,181,1_721481850,1_7392,1774909680,1774908872,default
1774909415,1_620,40_100240,554,40_774872070,40_6957,1774910100,1774909584,default
1774909415,1_620,40_510,510,40_16133739__MCOB-DO:121:0:Weekday:2:26MAR:86024:12345,40_MCOB-DO:121:0:Weekday:2:26MAR:86024:12345,1774909800,1774909800,default
1774909415,1_620,40_515,515,40_16133714__MCOB-DO:121:0:Weekday:2:26MAR:86025:12345,40_MCOB-DO:121:0:Weekday:2:26MAR:86025:12345,1774909980,1774909980,default
1774909415,1_620,1_102754,256,1_816378470,1_8005281,1774910580,1774910580,default
1774909415,1_620,40_515,515,40_16133690__MCOB-DO:121:0:Weekday:2:26MAR:86026:12345,40_MCOB-DO:121:0:Weekday:2:26MAR:86026:12345,1774910700,1774910700,default
1774909415,1_620,40_510,510,40_16133740__MCOB-DO:121:0:Weekday:2:26MAR:86027:12345,40_MCOB-DO:121:0:Weekday:2:26MAR:86027:12345,1774911000,1774911000,default
1774909415,1_620,40_510,510,40_16133724__MCOB-DO:121:0:Weekday:2:26MAR:86030:12345,40_MCOB-DO:121:0:Weekday:2:26MAR:86030:12345,1774912200,1774912200,default
1774909415,1_620,1_102754,256,1_816378480,1_8005264,1774912380,1774912380,default
1774909415,1_620,40_515,515,40_16133755__MCOB-DO:121:0:Weekday:2:26MAR:86031:12345,40_MCOB-DO:121:0:Weekday:2:26MAR:86031:12345,1774912500,1774912500,default
1774909415,1_10912,1_100162,271,1_569496330,1_7976351,1774910160,1774910160,default
1774909415,1_10912,40_100511,542,40_569571200,40_7976607,1774910640,1774910640,default
1774909415,1_10912,1_100162,271,1_569496080,1_7976382,1774910760,1774910760,default
1774909415,1_10912,1_100162,271,1_587120120,1_7976354,1774911360,1774911360,default
1774909415,1_10912,40_100451,556,40_635882320,40_7976550,1774911420,1774911420,default
1774909415,1_71960,40_100511,542,40_721031150,40_7976686,1774909920,1774909920,default
1774909715,1_70694,1_102628,895,1_630387920,1_7976716,1774909800,1774909800,default
1774909715,1_575,1_102581,D Line,1_803817020,1_6091,1774909860,1774909711,default
1774909715,1_575,1_102576,C Line,1_800869040,1_6262,1774909800,1774909773,default
1774909715,1_2850,1_100089,2,1_788757840,1_7094,1774910100,1774909229,default
1774909715,1_46505,1_102619,F Line,1_694521870,1_7976004,1774909860,1774909860,default
1774909715,1_46505,1_102619,F Line,1_694520880,1_7976083,1774910460,1774910460,default
1774909715,1_46505,1_102619,F Line,1_694521140,1_7976226,1774911060,1774911060,default
1774909715,1_46505,1_102619,F Line,1_694521850,1_7976003,1774912260,1774912260,default
1774909715,1_29423,1_102732,79,1_816446300,1_7258,1774909800,1774909800,default
1774909715,1_29423,1_102732,79,1_817872870,1_8022128,1774910700,1774910700,default
1774909715,1_29423,1_102732,79,1_816446570,1_8022099,1774911900,1774911900,default
1774909715,1_40060,1_102574,40,1_811900740,1_8227,1774909893,1774909646,default
1774909715,1_27420,1_100249,60,1_801585650,1_7012,1774909808,1774909829,default
1774909715,1_52306,1_102619,F Line,1_800654670,1_8023764,1774910100,1774910100,default
1774909715,1_52306,1_102619,F Line,1_800654410,1_8023883,1774910700,1774910700,default
1774909715,1_52306,1_102619,F Line,1_800653760,1_8023779,1774911300,1774911307,default
1774909715,1_52306,1_102619,F Line,1_800653460,1_8023726,1774912500,1774912500,default
1774909715,1_52306,1_102619,F Line,1_800654070,1_8023882,1774913100,1774913100,default
1774909715,1_58112,1_102619,F Line,1_721496120,1_6006,1774909056,1774909813,default
1774909715,1_18590,1_100252,62,1_800855390,1_8081,1774909826,1774909702,default
1774909715,1_68593,1_100162,271,1_581747180,1_6914,1774909869,1774909713,default
1774909715,1_59282,1_102717,165,1_800649810,1_8023740,1774910940,1774910940,default
1774909715,1_74714,1_102701,225,1_806914410,1_7256,1774909946,1774909780,default
1774909715,1_59872,1_102619,F Line,1_800654560,1_6235,1774909818,1774909857,default
1774909715,1_25791,1_100214,372,1_694306900,1_6953,1774909641,1774909912,default
1774909715,1_620,40_515,515,40_16133714__MCOB-DO:121:0:Weekday:2:26MAR:86025:12345,40_MCOB-DO:121:0:Weekday:2:26MAR:86025:12345,1774909980,1774910001,default
1774909715,1_620,40_100239,550,40_597758480,40_9632,1774909980,1774910050,default
1774909715,1_620,1_102754,256,1_816378470,1_8005281,1774910580,1774910580,default
1774909715,1_620,40_515,515,40_16133690__MCOB-DO:121:0:Weekday:2:26MAR:86026:12345,40_MCOB-DO:121:0:Weekday:2:26MAR:86026:12345,1774910700,1774910700,default
1774909715,1_620,40_510,510,40_16133740__MCOB-DO:121:0:Weekday:2:26MAR:86027:12345,40_MCOB-DO:121:0:Weekday:2:26MAR:86027:12345,1774911000,1774911000,default
1774909715,1_620,40_510,510,40_16133724__MCOB-DO:121:0:Weekday:2:26MAR:86030:12345,40_MCOB-DO:121:0:Weekday:2:26MAR:86030:12345,1774912200,1774912200,default
1774909715,1_620,1_102754,256,1_816378480,1_8005264,1774912380,1774912380,default
1774909715,1_620,40_515,515,40_16133755__MCOB-DO:121:0:Weekday:2:26MAR:86031:12345,40_MCOB-DO:121:0:Weekday:2:26MAR:86031:12345,1774912500,1774912500,default
1774909715,1_620,40_510,510,40_16133722__MCOB-DO:121:0:Weekday:2:26MAR:86033:12345,40_MCOB-DO:121:0:Weekday:2:26MAR:86033:12345,1774913400,1774913400,default
1774909715,1_10912,1_100224,44,1_664047440,1_4515,1774909669,1774909881,default
1774909715,1_10912,1_100162,271,1_569496330,1_7976351,1774910160,1774910160,default
1774909715,1_10912,40_100511,542,40_569571200,40_7976607,1774910640,1774910640,default
1774909715,1_10912,1_100162,271,1_569496080,1_7976382,1774910760,1774910760,default
1774909715,1_10912,1_100162,271,1_587120120,1_7976354,1774911360,1774911360,default
1774909715,1_10912,40_100451,556,40_635882320,40_7976550,1774911420,1774911420,default
1774909715,1_71960,40_100511,542,40_721031150,40_7976686,1774909920,1774909920,default
1774910015,1_60161,1_100042,148,1_762077660,1_3755,1774910520,1774909849,default
1774910015,1_60161,1_100042,148,1_762077660,1_7976055,1774910520,1774910520,default
1774910015,1_970,1_100487,102,1_762101200,1_7302,1774910034,1774910019,default
1774910015,1_970,1_100003,101,1_800669190,1_8159,1774909956,1774910043,default
1774910015,1_575,1_100028,13,1_788759000,1_7153,1774910040,1774910080,default
1774910015,1_2850,1_100089,2,1_788757840,1_7094,1774910100,1774909229,default
1774910015,1_2850,1_100089,2,1_788757850,1_8023468,1774910940,1774910940,default
1774910015,1_46505,1_102619,F Line,1_694520880,1_7976083,1774910460,1774910460,default
1774910015,1_46505,1_102619,F Line,1_694521140,1_7976226,1774911060,1774911060,default
1774910015,1_46505,1_102619,F Line,1_694522030,1_7975998,1774911660,1774911660,default
1774910015,1_46505,1_102619,F Line,1_694521850,1_7976003,1774912260,1774912260,default
1774910015,1_46505,1_102619,F Line,1_694521250,1_7975997,1774913460,1774913460,default
1774910015,1_29423,1_102732,79,1_817872870,1_8022128,1774910700,1774910700,default
1774910015,1_29423,1_102732,79,1_816446570,1_8022099,1774911900,1774911900,default
1774910015,1_1510,1_100210,36,1_800582360,1_4394,1774910258,1774910022,default
1774910015,1_8190,1_100263,7,1_650130100,1_4537,1774910096,1774910001,default
1774910015,1_52306,1_102619,F Line,1_800654670,1_8023764,1774910100,1774910100,default
1774910015,1_52306,1_102619,F Line,1_800654410,1_8023883,1774910700,1774910700,default
1774910015,1_52306,1_102619,F Line,1_800653760,1_8023779,1774911300,1774911412,default
1774910015,1_52306,1_102619,F Line,1_800653460,1_8023726,1774912500,1774912500,default
1774910015,1_52306,1_102619,F Line,1_800654070,1_8023882,1774913100,1774913100,default
1774910015,1_22184,1_100249,60,1_801585730,1_7144,1774910165,1774910077,default
1774910015,1_59282,1_102717,165,1_800649810,1_8023740,1774910940,1774910940,default
1774910015,1_59282,1_102717,165,1_800649830,1_8023844,1774913340,1774913340,default
1774910015,1_620,40_100236,545,40_563501230,40_9568,1774910160,1774910240,default
1774910015,1_620,40_515,515,40_16133714__MCOB-DO:121:0:Weekday:2:26MAR:86025:12345,40_MCOB-DO:121:0:Weekday:2:26MAR:86025:12345,1774909980,1774910321,default
1774910015,1_620,29_424,424,29_16132035__MCOB-DO:121:0:Weekday:2:26MAR:61049:12345,29_MCOB-DO:121:0:Weekday:2:26MAR:61049:12345,1774910100,1774910460,default
1774910015,1_620,1_102754,256,1_816378470,1_8005281,1774910580,1774910580,default
1774910015,1_620,40_515,515,40_16133690__MCOB-DO:121:0:Weekday:2:26MAR:86026:12345,40_MCOB-DO:121:0:Weekday:2:26MAR:86026:12345,1774910700,1774910700,default
1774910015,1_620,40_510,510,40_16133740__MCOB-DO:121:0:Weekday:2:26MAR:86027:12345,40_MCOB-DO:121:0:Weekday:2:26MAR:86027:12345,1774911000,1774911000,default
1774910015,1_620,40_510,510,40_16133724__MCOB-DO:121:0:Weekday:2:26MAR:86030:12345,40_MCOB-DO:121:0:Weekday:2:26MAR:86030:12345,1774912200,1774912200,default
1774910015,1_620,1_102754,256,1_816378480,1_8005264,1774912380,1774912380,default
1774910015,1_620,40_515,515,40_16133755__MCOB-DO:121:0:Weekday:2:26MAR:86031:12345,40_MCOB-DO:121:0:Weekday:2:26MAR:86031:12345,1774912500,1774912500,default
1774910015,1_620,40_510,510,40_16133722__MCOB-DO:121:0:Weekday:2:26MAR:86033:12345,40_MCOB-DO:121:0:Weekday:2:26MAR:86033:12345,1774913400,1774913400,default
1774910015,1_10912,40_100511,542,40_569571200,40_7976607,1774910640,1774910640,default
1774910015,1_10912,1_100162,271,1_569496080,1_7976382,1774910760,1774910760,default
1774910015,1_10912,1_100162,271,1_587120120,1_7976354,1774911360,1774911360,default
1774910015,1_10912,40_100451,556,40_635882320,40_7976550,1774911420,1774911420,default
1774910015,1_10912,40_100511,542,40_569572690,40_7976685,1774911840,1774911840,default
1774910015,1_10912,1_100162,271,1_569554060,1_7976675,1774912740,1774912740,default
1774910015,1_71960,40_100511,542,40_721030970,40_7976608,1774910640,1774910640,default
1774910015,1_8403,1_100039,14,1_562519740,1_4303,1774909980,1774910142,default
1774910316,1_11870,1_100039,14,1_562520800,1_4373,1774910346,1774910269,default
1774910316,1_60161,1_100042,148,1_762077660,1_3755,1774910520,1774909849,default
1774910316,1_76009,29_121,121,29_16132498__MCOB-DO:121:0:Weekday:2:26MAR:41026:12345,29_17101,1774910280,1774910341,default
1774910316,1_575,1_100173,3,1_761126490,1_4329,1774909800,1774910353,default
1774910316,1_2850,1_100089,2,1_788757850,1_8023468,1774910940,1774910940,default
1774910316,1_46505,1_102619,F Line,1_694520880,1_7976083,1774910460,1774910460,default
1774910316,1_46505,1_102619,F Line,1_694521140,1_7976226,1774911060,1774911060,default
1774910316,1_46505,1_102619,F Line,1_694522030,1_7975998,1774911660,1774911660,default
1774910316,1_46505,1_102619,F Line,1_694521850,1_7976003,1774912260,1774912260,default
1774910316,1_46505,1_102619,F Line,1_694521250,1_7975997,1774913460,1774913460,default
1774910316,1_29423,1_102732,79,1_817872870,1_8022128,1774910700,1774910700,default
1774910316,1_29423,1_102732,79,1_816446570,1_8022099,1774911900,1774911900,default
1774910316,1_48720,1_102717,165,1_800649400,1_7162,1774910406,1774910273,default
1774910316,1_52306,1_102619,F Line,1_800654410,1_8023883,1774910700,1774910700,default
1774910316,1_52306,1_102619,F Line,1_800653760,1_8023779,1774911300,1774911375,default
1774910316,1_52306,1_102619,F Line,1_800653460,1_8023726,1774912500,1774912500,default
1774910316,1_52306,1_102619,F Line,1_800654070,1_8023882,1774913100,1774913100,default
1774910316,1_52306,1_102619,F Line,1_800654320,1_8023724,1774913700,1774913700,default
1774910316,1_80121,1_102719,161,1_800652210,1_7433,1774909868,1774910405,default
1774910316,1_18230,1_100193,32,1_800851670,1_7026,1774910459,1774910293,default
1774910316,1_18590,1_100252,62,1_800855400,1_8009,1774910426,1774910260,default
1774910316,1_9605,1_100259,67,1_657907750,1_7975678,1774910100,1774910449,default
1774910316,1_57804,1_100072,181,1_721481990,1_7173,1774910893,1774910966,default
1774910316,1_59282,1_102717,165,1_800649810,1_3737,1774910940,1774910205,default
1774910316,1_59282,1_102717,165,1_800649810,1_8023740,1774910940,1774910940,default
1774910316,1_59282,1_102717,165,1_800649830,1_8023844,1774913340,1774913340,default
1774910316,1_25791,1_100214,372,1_694306920,1_6999,1774910121,1774910517,default
1774910316,1_57940,1_102720,160,1_770988910,1_7190,1774910572,1774910388,default
1774910316,1_620,1_102754,256,1_816378470,1_8005281,1774910580,1774910580,default
1774910316,1_620,40_515,515,40_16133690__MCOB-DO:121:0:Weekday:2:26MAR:86026:12345,40_MCOB-DO:121:0:Weekday:2:26MAR:86026:12345,1774910700,1774910722,default
1774910316,1_620,40_510,510,40_16133740__MCOB-DO:121:0:Weekday:2:26MAR:86027:12345,40_MCOB-DO:121:0:Weekday:2:26MAR:86027:12345,1774911000,1774911000,default
1774910316,1_620,40_510,510,40_16133724__MCOB-DO:121:0:Weekday:2:26MAR:86030:12345,40_MCOB-DO:121:0:Weekday:2:26MAR:86030:12345,1774912200,1774912200,default
1774910316,1_620,1_102754,256,1_816378480,1_8005264,1774912380,1774912380,default
1774910316,1_620,40_515,515,40_16133755__MCOB-DO:121:0:Weekday:2:26MAR:86031:12345,40_MCOB-DO:121:0:Weekday:2:26MAR:86031:12345,1774912500,1774912500,default
1774910316,1_620,40_510,510,40_16133722__MCOB-DO:121:0:Weekday:2:26MAR:86033:12345,40_MCOB-DO:121:0:Weekday:2:26MAR:86033:12345,1774913400,1774913400,default
1774910316,1_10912,40_100511,542,40_569571200,40_7976607,1774910640,1774910640,default
1774910316,1_10912,1_100162,271,1_569496080,1_7976382,1774910760,1774910760,default
1774910316,1_10912,1_100162,271,1_587120120,1_7976354,1774911360,1774911360,default
1774910316,1_10912,40_100451,556,40_635882320,40_7976550,1774911420,1774911420,default
1774910316,1_10912,40_100511,542,40_569572690,40_7976685,1774911840,1774911840,default
1774910316,1_10912,1_100162,271,1_569496430,1_7976349,1774912080,1774912080,default
1774910316,1_10912,1_100162,271,1_569554060,1_7976675,1774912740,1774912740,default
1774910316,1_71960,40_100511,542,40_721030970,40_7976608,1774910640,1774910640,default
1774910616,1_26560,1_102574,40,1_811901770,1_8229,1774910636,1774910566,default
1774910616,1_30790,1_100249,60,1_801585620,1_7002,1774910603,1774910651,default
1774910616,1_320,40_100240,554,40_560097900,40_9672,1774910400,1774910658,default
1774910616,1_320,1_100459,218,1_694277110,1_6923,1774910640,1774910671,default
1774910616,1_575,1_100210,36,1_800582360,1_4394,1774910820,1774910528,default
1774910616,1_2850,1_100089,2,1_788757850,1_7158,1774910940,1774910426,default
1774910616,1_2850,1_100089,2,1_788757850,1_8023468,1774910940,1774910940,default
1774910616,1_46505,1_102619,F Line,1_694521140,1_6234,1774911060,1774910468,default
1774910616,1_46505,1_102619,F Line,1_694521140,1_7976226,1774911060,1774911060,default
1774910616,1_46505,1_102619,F Line,1_694522030,1_7975998,1774911660,1774911660,default
1774910616,1_46505,1_102619,F Line,1_694521850,1_7976003,1774912260,1774912260,default
1774910616,1_46505,1_102619,F Line,1_694521250,1_7975997,1774913460,1774913460,default
1774910616,1_46505,1_102619,F Line,1_694521460,1_7976017,1774914060,1774914060,default
1774910616,1_29423,1_102732,79,1_817872870,1_8022128,1774910700,1774910700,default
1774910616,1_29423,1_102732,79,1_816446570,1_8022099,1774911900,1774911900,default
1774910616,1_52306,1_102619,F Line,1_800654410,1_8023883,1774910700,1774910700,default
1774910616,1_52306,1_102619,F Line,1_800653760,1_8023779,1774911300,1774911569,default
1774910616,1_52306,1_102619,F Line,1_800653460,1_8023726,1774912500,1774912500,default
1774910616,1_52306,1_102619,F Line,1_800654070,1_8023882,1774913100,1774913100,default
1774910616,1_52306,1_102619,F Line,1_800654320,1_8023724,1774913700,1774913700,default
1774910616,1_21680,1_100023,124,1_690552660,1_8292,1774910772,1774910658,default
1774910616,1_45751,1_100249,60,1_801585820,1_7105,1774910805,1774910625,default
1774910616,1_2200,1_102581,D Line,1_732748850,1_6041,1774910785,1774910798,default
1774910616,1_57804,1_100072,181,1_721481990,1_7173,1774910893,1774910836,default
1774910616,1_59282,1_102717,165,1_800649810,1_3737,1774910940,1774910205,default
1774910616,1_59282,1_102717,165,1_800649820,1_7476,1774912140,1774910392,default
1774910616,1_59282,1_102717,165,1_800649830,1_8023844,1774913340,1774913340,default
1774910616,1_620,40_100236,545,40_563501280,40_9806,1774910760,1774910821,default
1774910616,1_620,40_510,510,40_16133740__MCOB-DO:121:0:Weekday:2:26MAR:86027:12345,40_MCOB-DO:121:0:Weekday:2:26MAR:86027:12345,1774911000,1774911022,default
1774910616,1_620,40_100239,550,40_597758420,40_9670,1774910940,1774911097,default
1774910616,1_620,40_510,510,40_16133724__MCOB-DO:121:0:Weekday:2:26MAR:86030:12345,40_MCOB-DO:121:0:Weekday:2:26MAR:86030:12345,1774912200,1774912200,default
1774910616,1_620,1_102754,256,1_816378480,1_8005264,1774912380,1774912380,default
1774910616,1_620,40_515,515,40_16133755__MCOB-DO:121:0:Weekday:2:26MAR:86031:12345,40_MCOB-DO:121:0:Weekday:2:26MAR:86031:12345,1774912500,1774912500,default
1774910616,1_620,40_510,510,40_16133722__MCOB-DO:121:0:Weekday:2:26MAR:86033:12345,40_MCOB-DO:121:0:Weekday:2:26MAR:86033:12345,1774913400,1774913400,default
1774910616,1_620,40_515,515,40_16133734__MCOB-DO:121:0:Weekday:2:26MAR:86035:12345,40_MCOB-DO:121:0:Weekday:2:26MAR:86035:12345,1774914300,1774914300,default
1774910616,1_10912,1_100162,271,1_587120120,1_7976354,1774911360,1774911360,default
1774910616,1_10912,40_100451,556,40_635882320,40_7976550,1774911420,1774911420,default
1774910616,1_10912,40_100511,542,40_569572690,40_7976685,1774911840,1774911840,default
1774910616,1_10912,1_100162,271,1_569496430,1_7976349,1774912080,1774912080,default
1774910616,1_10912,1_100162,271,1_569554060,1_7976675,1774912740,1774912740,default
1774910616,1_71960,40_100511,542,40_721031460,40_7976606,1774911900,1774911900,default
1774910616,1_58144,1_100048,153,1_833412380,1_7176,1774911041,1774910704,default
1774910916,1_103,1_102745,G Line,1_736437300,1_6400,1774910478,1774910968,default
1774910916,1_8541,1_100263,7,1_800587290,1_4544,1774910640,1774910958,default
1774910916,1_2850,1_100089,2,1_788757860,1_7117,1774911720,1774910720,default
1774910916,1_2850,1_100089,2,1_788757860,1_8023446,1774911720,1774911720,default
1774910916,1_46505,1_102619,F Line,1_694521140,1_6234,1774911060,1774910468,default
1774910916,1_46505,1_102619,F Line,1_694522030,1_7975998,1774911660,1774911660,default
1774910916,1_46505,1_102619,F Line,1_694521850,1_7976003,1774912260,1774912260,default
1774910916,1_46505,1_102619,F Line,1_694522190,1_7976035,1774912860,1774912860,default
1774910916,1_46505,1_102619,F Line,1_694521250,1_7975997,1774913460,1774913460,default
1774910916,1_46505,1_102619,F Line,1_694521460,1_7976017,1774914060,1774914060,default
1774910916,1_29423,1_102732,79,1_816446570,1_8022099,1774911900,1774911900,default
1774910916,1_47660,1_102736,H Line,1_694056200,1_6063,1774911167,1774910929,default
1774910916,1_52306,1_102619,F Line,1_800653760,1_8023779,1774911300,1774911344,default
1774910916,1_52306,1_102619,F Line,1_800653460,1_8023726,1774912500,1774912500,default
1774910916,1_52306,1_102619,F Line,1_800654070,1_8023882,1774913100,1774913100,default
1774910916,1_52306,1_102619,F Line,1_800654320,1_8023724,1774913700,1774913700,default
1774910916,1_52306,1_102619,F Line,1_800654600,1_8023712,1774914300,1774914300,default
1774910916,1_59282,1_100072,181,1_721482060,1_7454,1774911480,1774910161,default
1774910916,1_59282,1_102717,165,1_800649820,1_7476,1774912140,1774910392,default
1774910916,1_59282,1_102717,165,1_800649830,1_8023844,1774913340,1774913340,default
1774910916,1_10210,1_100264,70,1_801593620,1_8237,1774911162,1774910937,default
1774910916,1_25791,1_100214,372,1_694306450,1_6993,1774911081,1774911143,default
1774910916,1_620,40_510,510,40_16133740__MCOB-DO:121:0:Weekday:2:26MAR:86027:12345,40_MCOB-DO:121:0:Weekday:2:26MAR:86027:12345,1774911000,1774911231,default
1774910916,1_620,40_510,510,40_16133724__MCOB-DO:121:0:Weekday:2:26MAR:86030:12345,40_MCOB-DO:121:0:Weekday:2:26MAR:86030:12345,1774912200,1774912200,default
1774910916,1_620,1_102754,256,1_816378480,1_8005264,1774912380,1774912380,default
1774910916,1_620,40_515,515,40_16133755__MCOB-DO:121:0:Weekday:2:26MAR:86031:12345,40_MCOB-DO:121:0:Weekday:2:26MAR:86031:12345,1774912500,1774912500,default
1774910916,1_620,40_510,510,40_16133722__MCOB-DO:121:0:Weekday:2:26MAR:86033:12345,40_MCOB-DO:121:0:Weekday:2:26MAR:86033:12345,1774913400,1774913400,default
1774910916,1_620,1_102754,256,1_816378490,1_8005262,1774914240,1774914240,default
1774910916,1_620,40_515,515,40_16133734__MCOB-DO:121:0:Weekday:2:26MAR:86035:12345,40_MCOB-DO:121:0:Weekday:2:26MAR:86035:12345,1774914300,1774914300,default
1774910916,1_620,40_510,510,40_16133701__MCOB-DO:121:0:Weekday:2:26MAR:86018:12345,40_MCOB-DO:121:0:Weekday:2:26MAR:86018:12345,1774914600,1774914600,default
1774910916,1_68888,1_102552,226,1_816296100,1_7227,1774911073,1774911083,default
1774910916,1_10912,1_100162,271,1_587120120,1_7976354,1774911360,1774911360,default
1774910916,1_10912,40_100451,556,40_635882320,40_7976550,1774911420,1774911420,default
1774910916,1_10912,40_100511,542,40_569572690,40_7976685,1774911840,1774911840,default
1774910916,1_10912,1_100162,271,1_569496430,1_7976349,1774912080,1774912080,default
1774910916,1_10912,1_100162,271,1_569554060,1_7976675,1774912740,1774912740,default
1774910916,1_10912,40_100451,556,40_635882820,40_7976589,1774913100,1774913100,default
1774910916,1_71960,40_100511,542,40_721031460,40_7976606,1774911900,1774911900,default
1774911216,1_2850,1_100089,2,1_788757860,1_7117,1774911720,1774910720,default
1774911216,1_46505,1_102619,F Line,1_694522030,1_7975998,1774911660,1774911660,default
1774911216,1_46505,1_102619,F Line,1_694521850,1_7976003,1774912260,1774912260,default
1774911216,1_46505,1_102619,F Line,1_694522190,1_7976035,1774912860,1774912860,default
1774911216,1_46505,1_102619,F Line,1_694521250,1_7975997,1774913460,1774913460,default
1774911216,1_46505,1_102619,F Line,1_694521460,1_7976017,1774914060,1774914060,default
1774911216,1_46505,1_102619,F Line,1_694521960,1_7976016,1774914660,1774914660,default
1774911216,1_29423,1_102732,79,1_816446570,1_8022099,1774911900,1774911900,default
1774911216,1_280,1_100104,212,1_806323780,1_8005283,1774911201,1774911277,default
1774911216,1_81199,1_100072,181,1_721481990,1_7173,1774911240,1774911304,default
1774911216,1_52306,1_102619,F Line,1_800653760,1_8023779,1774911300,1774911396,default
1774911216,1_52306,1_102619,F Line,1_800654830,1_8023710,1774911900,1774911900,default
1774911216,1_52306,1_102619,F Line,1_800653460,1_8023726,1774912500,1774912500,default
1774911216,1_52306,1_102619,F Line,1_800654070,1_8023882,1774913100,1774913100,default
1774911216,1_52306,1_102619,F Line,1_800654320,1_8023724,1774913700,1774913700,default
1774911216,1_52306,1_102619,F Line,1_800654600,1_8023712,1774914300,1774914300,default
1774911216,1_58112,1_102619,F Line,1_694521590,1_6274,1774911336,1774911217,default
1774911216,1_60359,1_102720,160,1_770989340,1_7475,1774911404,1774911235,default
1774911216,1_2200,1_102581,D Line,1_732748870,1_6084,1774911625,1774911234,default
1774911216,1_59282,1_100072,181,1_721482060,1_7454,1774911480,1774910161,default
1774911216,1_59282,1_102717,165,1_800649820,1_7476,1774912140,1774910392,default
1774911216,1_59282,1_102717,165,1_800649830,1_8023844,1774913340,1774913340,default
1774911216,1_59872,1_102619,F Line,1_800654170,1_6244,1774911618,1774911303,default
1774911216,1_620,40_100240,554,40_774872080,40_9664,1774911600,1774911295,default
1774911216,1_620,40_100236,545,40_563501320,40_9690,1774911360,1774911409,default
1774911216,1_620,40_100239,550,40_597758490,40_9687,1774911900,1774911942,default
1774911216,1_620,40_510,510,40_16133724__MCOB-DO:121:0:Weekday:2:26MAR:86030:12345,40_MCOB-DO:121:0:Weekday:2:26MAR:86030:12345,1774912200,1774912200,default
1774911216,1_620,1_102754,256,1_816378480,1_8005264,1774912380,1774912380,default
1774911216,1_620,40_515,515,40_16133755__MCOB-DO:121:0:Weekday:2:26MAR:86031:12345,40_MCOB-DO:121:0:Weekday:2:26MAR:86031:12345,1774912500,1774912500,default
1774911216,1_620,40_510,510,40_16133722__MCOB-DO:121:0:Weekday:2:26MAR:86033:12345,40_MCOB-DO:121:0:Weekday:2:26MAR:86033:12345,1774913400,1774913400,default
1774911216,1_620,1_102754,256,1_816378490,1_8005262,1774914240,1774914240,default
1774911216,1_620,40_515,515,40_16133734__MCOB-DO:121:0:Weekday:2:26MAR:86035:12345,40_MCOB-DO:121:0:Weekday:2:26MAR:86035:12345,1774914300,1774914300,default
1774911216,1_620,40_510,510,40_16133701__MCOB-DO:121:0:Weekday:2:26MAR:86018:12345,40_MCOB-DO:121:0:Weekday:2:26MAR:86018:12345,1774914600,1774914600,default
1774911216,1_10912,40_100451,556,40_635882320,40_7976550,1774911420,1774911420,default
1774911216,1_10912,40_100511,542,40_569572690,40_7976685,1774911840,1774911840,default
1774911216,1_10912,1_100162,271,1_569496430,1_7976349,1774912080,1774912080,default
1774911216,1_10912,1_100162,271,1_569554060,1_7976675,1774912740,1774912740,default
1774911216,1_10912,40_100451,556,40_635882820,40_7976589,1774913100,1774913100,default
1774911216,1_10912,1_100162,271,1_569496280,1_7976387,1774913280,1774913280,default
1774911216,1_71960,40_100511,542,40_721031460,40_7976606,1774911900,1774911900,default
1774911216,1_59947,1_102720,160,1_694517460,1_7355,1774911488,1774911363,default
1774911516,1_12170,1_100039,14,1_562519780,1_4380,1774911519,1774911519,default
1774911516,1_970,40_577,577,40_1195020,block_5152_schedBasedVehicle,1774911662,1774911662,default
1774911516,1_575,1_100219,4,1_675345420,1_4355,1774911180,1774911569,default
1774911516,1_575,1_102581,D Line,1_803817050,1_6069,1774911480,1774911574,default
1774911516,1_2850,1_100089,2,1_788757860,1_7117,1774911720,1774910720,default
1774911516,1_46505,1_102619,F Line,1_694521850,1_7976003,1774912260,1774912260,default
1774911516,1_46505,1_102619,F Line,1_694522190,1_7976035,1774912860,1774912860,default
1774911516,1_46505,1_102619,F Line,1_694521250,1_7975997,1774913460,1774913460,default
1774911516,1_46505,1_102619,F Line,1_694521460,1_7976017,1774914060,1774914060,default
1774911516,1_46505,1_102619,F Line,1_694521960,1_7976016,1774914660,1774914660,default
1774911516,1_29423,1_102732,79,1_816446570,1_8022099,1774911900,1774911900,default
1774911516,1_280,1_100011,111,1_664454880,1_7435,1774911593,1774911540,default
1774911516,1_27420,1_100249,60,1_801585990,1_7085,1774911248,1774911632,default
1774911516,3_31002,40_560,560,40_3535020,40_10172,1774911745,1774911745,default
1774911516,1_52306,1_102619,F Line,1_800654830,1_8023710,1774911900,1774911900,default
1774911516,1_52306,1_102619,F Line,1_800653460,1_8023726,1774912500,1774912500,default
1774911516,1_52306,1_102619,F Line,1_800654070,1_8023882,1774913100,1774913100,default
1774911516,1_52306,1_102619,F Line,1_800654320,1_8023724,1774913700,1774913700,default
1774911516,1_52306,1_102619,F Line,1_800654600,1_8023712,1774914300,1774914300,default
1774911516,1_52306,1_102619,F Line,1_800653610,1_8023728,1774914900,1774914900,default
1774911516,1_8530,1_100263,7,1_650130100,1_4537,1774911669,1774911548,default
1774911516,1_7750,1_102615,E Line,1_761417710,1_6104,1774911612,1774911582,default
1774911516,1_36510,1_100026,128,1_806634160,1_1044,1774911633,1774911590,default
1774911516,1_59282,1_102717,165,1_800649820,1_7476,1774912140,1774910392,default
1774911516,1_59282,1_102717,165,1_800649830,1_8023844,1774913340,1774913340,default
1774911516,1_620,40_100239,550,40_597758490,40_9687,1774911900,1774911735,default
1774911516,1_620,40_515,515,40_16133718__MCOB-DO:121:0:Weekday:2:26MAR:86029:12345,40_17864,1774911600,1774911927,default
1774911516,1_620,40_510,510,40_16133724__MCOB-DO:121:0:Weekday:2:26MAR:86030:12345,40_MCOB-DO:121:0:Weekday:2:26MAR:86030:12345,1774912200,1774912200,default
1774911516,1_620,1_102754,256,1_816378480,1_8005264,1774912380,1774912380,default
1774911516,1_620,40_515,515,40_16133755__MCOB-DO:121:0:Weekday:2:26MAR:86031:12345,40_MCOB-DO:121:0:Weekday:2:26MAR:86031:12345,1774912500,1774912500,default
1774911516,1_620,40_510,510,40_16133722__MCOB-DO:121:0:Weekday:2:26MAR:86033:12345,40_MCOB-DO:121:0:Weekday:2:26MAR:86033:12345,1774913400,1774913400,default
1774911516,1_620,1_102754,256,1_816378490,1_8005262,1774914240,1774914240,default
1774911516,1_620,40_515,515,40_16133734__MCOB-DO:121:0:Weekday:2:26MAR:86035:12345,40_MCOB-DO:121:0:Weekday:2:26MAR:86035:12345,1774914300,1774914300,default
1774911516,1_620,40_510,510,40_16133701__MCOB-DO:121:0:Weekday:2:26MAR:86018:12345,40_MCOB-DO:121:0:Weekday:2:26MAR:86018:12345,1774914600,1774914600,default
1774911516,1_10912,40_100511,542,40_569572690,40_7976685,1774911840,1774911840,default
1774911516,1_10912,1_100162,271,1_569496430,1_7976349,1774912080,1774912080,default
1774911516,1_10912,1_100162,271,1_569554060,1_7976675,1774912740,1774912740,default
1774911516,1_10912,40_100451,556,40_635882820,40_7976589,1774913100,1774913100,default
1774911516,1_10912,1_100162,271,1_569496280,1_7976387,1774913280,1774913280,default
1774911516,1_71960,40_100511,542,40_721031460,40_7976606,1774911900,1774911900,default
1774911516,1_71960,40_100511,542,40_721031210,40_7976604,1774913220,1774913220,default
1774911516,1_18220,1_100028,13,1_788759000,1_7153,1774911693,1774911601,default
1774911816,1_60161,1_100042,148,1_762077710,1_7976053,1774912320,1774912320,default
1774911816,1_970,1_100003,101,1_800669220,1_8173,1774911756,1774911841,default
1774911816,1_13830,1_100193,32,1_651766730,1_7050,1774911890,1774911793,default
1774911816,1_2850,1_100089,2,1_788758220,1_7139,1774912500,1774911671,default
1774911816,1_46505,1_102619,F Line,1_694521850,1_7976003,1774912260,1774912260,default
1774911816,1_46505,1_102619,F Line,1_694522190,1_7976035,1774912860,1774912860,default
1774911816,1_46505,1_102619,F Line,1_694521250,1_7975997,1774913460,1774913460,default
1774911816,1_46505,1_102619,F Line,1_694521460,1_7976017,1774914060,1774914060,default
1774911816,1_46505,1_102619,F Line,1_694521960,1_7976016,1774914660,1774914660,default
1774911816,1_46505,1_102619,F Line,1_694521700,1_7976229,1774915260,1774915260,default
1774911816,1_29423,1_102732,79,1_816446570,1_8022099,1774911900,1774911900,default
1774911816,1_27420,1_100161,27,1_759819160,1_8070,1774911694,1774911868,default
1774911816,1_84810,1_102752,223,1_833610830,1_7494,1774911919,1774911877,default
1774911816,1_52306,1_102619,F Line,1_800654830,1_8023710,1774911900,1774911900,default
1774911816,1_52306,1_102619,F Line,1_800653460,1_8023726,1774912500,1774912500,default
1774911816,1_52306,1_102619,F Line,1_800654070,1_8023882,1774913100,1774913100,default
1774911816,1_52306,1_102619,F Line,1_800654320,1_8023724,1774913700,1774913700,default
1774911816,1_52306,1_102619,F Line,1_800654600,1_8023712,1774914300,1774914300,default
1774911816,1_52306,1_102619,F Line,1_800653610,1_8023728,1774914900,1774914900,default
1774911816,1_58112,1_102619,F Line,1_694521870,1_6277,1774911936,1774911913,default
1774911816,1_9605,1_100259,67,1_657908160,1_8107,1774911960,1774911886,default
1774911816,1_59282,1_102717,165,1_800649820,1_7476,1774912140,1774910392,default
1774911816,1_59282,1_102717,165,1_800649830,1_8023844,1774913340,1774913340,default
1774911816,1_79872,1_100133,240,1_806915870,1_8024698,1774911956,1774911956,default
1774911816,1_620,40_100236,545,40_563501050,40_7976559,1774911960,1774912020,default
1774911816,1_620,40_510,510,40_16133724__MCOB-DO:121:0:Weekday:2:26MAR:86030:12345,40_MCOB-DO:121:0:Weekday:2:26MAR:86030:12345,1774912200,1774912224,default
1774911816,1_620,1_102754,256,1_816378480,1_8005264,1774912380,1774912380,default
1774911816,1_620,40_515,515,40_16133755__MCOB-DO:121:0:Weekday:2:26MAR:86031:12345,40_MCOB-DO:121:0:Weekday:2:26MAR:86031:12345,1774912500,1774912500,default
1774911816,1_620,40_100239,550,40_597758510,40_7976712,1774912500,1774912500,default
1774911816,1_620,40_510,510,40_16133722__MCOB-DO:121:0:Weekday:2:26MAR:86033:12345,40_MCOB-DO:121:0:Weekday:2:26MAR:86033:12345,1774913400,1774913400,default
1774911816,1_620,1_102754,256,1_816378490,1_8005262,1774914240,1774914240,default
1774911816,1_620,40_515,515,40_16133734__MCOB-DO:121:0:Weekday:2:26MAR:86035:12345,40_MCOB-DO:121:0:Weekday:2:26MAR:86035:12345,1774914300,1774914300,default
1774911816,1_620,40_510,510,40_16133701__MCOB-DO:121:0:Weekday:2:26MAR:86018:12345,40_MCOB-DO:121:0:Weekday:2:26MAR:86018:12345,1774914600,1774914600,default
1774911816,1_10912,1_100224,44,1_664047070,1_7974924,1774912069,1774912069,default
1774911816,1_10912,1_100162,271,1_569496430,1_7976349,1774912080,1774912080,default
1774911816,1_10912,1_100162,271,1_569554060,1_7976675,1774912740,1774912740,default
1774911816,1_10912,40_100451,556,40_635882820,40_7976589,1774913100,1774913100,default
1774911816,1_10912,1_100162,271,1_569496280,1_7976387,1774913280,1774913280,default
1774911816,1_10912,1_100162,271,1_569497120,1_7976667,1774913940,1774913940,default
1774911816,1_10912,40_100451,556,40_635882830,40_7976563,1774915200,1774915200,default
1774911816,1_71960,40_100511,542,40_721031210,40_7976604,1774913220,1774913220,default
1774911816,1_8403,1_100039,14,1_562519810,1_7974989,1774911900,1774911900,default
1774912116,1_60161,1_100042,148,1_762077710,1_7976053,1774912320,1774912320,default
1774912116,1_74455,1_102704,250,1_806915340,1_8024728,1774912136,1774912136,default
1774912116,1_2850,1_100089,2,1_788758220,1_7139,1774912500,1774911671,default
1774912116,1_35334,1_102747,61,1_803357080,1_8022040,1774912196,1774912196,default
1774912116,1_46505,1_102619,F Line,1_694521850,1_7976003,1774912260,1774912260,default
1774912116,1_46505,1_102619,F Line,1_694522190,1_7976035,1774912860,1774912860,default
1774912116,1_46505,1_102619,F Line,1_694521250,1_7975997,1774913460,1774913460,default
1774912116,1_46505,1_102619,F Line,1_694521460,1_7976017,1774914060,1774914060,default
1774912116,1_46505,1_102619,F Line,1_694521960,1_7976016,1774914660,1774914660,default
1774912116,1_46505,1_102619,F Line,1_694521700,1_7976229,1774915260,1774915260,default
1774912116,1_10653,1_100252,62,1_800855380,1_8025002,1774912200,1774912200,default
1774912116,1_81254,1_102746,333,1_778704860,1_7975682,1774912183,1774912183,default
1774912116,1_52306,40_560,560,40_3535020,40_10172,1774912440,1774912440,default
1774912116,1_52306,1_102619,F Line,1_800653460,1_8023726,1774912500,1774912500,default
1774912116,1_52306,1_102619,F Line,1_800654070,1_8023882,1774913100,1774913100,default
1774912116,1_52306,1_102619,F Line,1_800654320,1_8023724,1774913700,1774913700,default
1774912116,1_52306,1_102619,F Line,1_800654600,1_8023712,1774914300,1774914300,default
1774912116,1_52306,1_102619,F Line,1_800653610,1_8023728,1774914900,1774914900,default
1774912116,1_52306,1_102619,F Line,1_800653870,1_8023729,1774915500,1774915500,default
1774912116,1_57804,1_100072,181,1_721481530,1_7976037,1774912813,1774912813,default
1774912116,1_39983,1_102736,H Line,1_694056130,1_7974897,1774912260,1774912260,default
1774912116,1_59282,1_102717,165,1_800649830,1_8023844,1774913340,1774913340,default
1774912116,1_72330,1_100136,245,1_761788280,1_7349,1774912172,1774912269,default
1774912116,1_620,40_515,515,40_16133755__MCOB-DO:121:0:Weekday:2:26MAR:86031:12345,40_15806,1774912500,1774912201,default
1774912116,1_620,1_102754,256,1_816378480,1_8005264,1774912380,1774912380,default
1774912116,1_620,40_515,515,40_16133755__MCOB-DO:121:0:Weekday:2:26MAR:86031:12345,40_MCOB-DO:121:0:Weekday:2:26MAR:86031:12345,1774912500,1774912500,default
1774912116,1_620,40_100239,550,40_597758510,40_7976712,1774912500,1774912500,default
1774912116,1_620,40_510,510,40_16133722__MCOB-DO:121:0:Weekday:2:26MAR:86033:12345,40_MCOB-DO:121:0:Weekday:2:26MAR:86033:12345,1774913400,1774913400,default
1774912116,1_620,1_102754,256,1_816378490,1_8005262,1774914240,1774914240,default
1774912116,1_620,40_515,515,40_16133734__MCOB-DO:121:0:Weekday:2:26MAR:86035:12345,40_MCOB-DO:121:0:Weekday:2:26MAR:86035:12345,1774914300,1774914300,default
1774912116,1_620,40_510,510,40_16133701__MCOB-DO:121:0:Weekday:2:26MAR:86018:12345,40_MCOB-DO:121:0:Weekday:2:26MAR:86018:12345,1774914600,1774914600,default
1774912116,1_620,29_424,424,29_16132036__MCOB-DO:121:0:Weekday:2:26MAR:61057:12345,29_MCOB-DO:121:0:Weekday:2:26MAR:61057:12345,1774915800,1774915800,default
1774912116,1_620,40_510,510,40_16133731__MCOB-DO:121:0:Weekday:2:26MAR:86019:12345,40_MCOB-DO:121:0:Weekday:2:26MAR:86019:12345,1774915800,1774915800,default
1774912116,1_68888,1_102552,226,1_816296110,1_8024711,1774912333,1774912333,default
1774912116,1_16990,1_102574,40,1_811900590,1_8026437,1774912296,1774912296,default
1774912116,1_10912,1_100162,271,1_569554060,1_7976675,1774912740,1774912740,default
1774912116,1_10912,40_100451,556,40_635882820,40_7976589,1774913100,1774913100,default
1774912116,1_10912,40_100511,542,40_608344410,40_7976686,1774913160,1774913160,default
1774912116,1_10912,1_100162,271,1_569496280,1_7976387,1774913280,1774913280,default
1774912116,1_10912,1_100162,271,1_569497120,1_7976667,1774913940,1774913940,default
1774912116,1_10912,40_100451,556,40_635882830,40_7976563,1774915200,1774915200,default
1774912116,1_71960,40_100511,542,40_721031210,40_7976604,1774913220,1774913220,default
1774912116,1_12430,1_100009,11,1_736448990,1_7974693,1774912368,1774912303,default
1774912416,1_12170,1_100039,14,1_562519810,1_7974989,1774912479,1774912479,default
1774912416,1_481,1_102736,H Line,1_694056050,1_6111,1774911960,1774912445,default
1774912416,1_51551,1_102736,H Line,1_694056160,1_7974895,1774912517,1774912517,default
1774912416,1_62212,1_102720,160,1_694517920,1_7976101,1774912437,1774912437,default
1774912416,1_10950,1_100447,49,1_801199890,1_8023494,1774912428,1774912428,default
1774912416,1_26560,1_102574,40,1_811901520,1_8026435,1774912523,1774912523,default
1774912416,1_55230,1_100006,107,1_800646470,1_8023884,1774912465,1774912465,default
1774912416,1_320,1_100104,212,1_806323790,1_6866,1774912560,1774912560,default
1774912416,1_2850,1_100089,2,1_788758220,1_7139,1774912500,1774911671,default
1774912416,1_2850,1_100089,2,1_788757870,1_7152,1774913220,1774912054,default
1774912416,1_46505,1_102619,F Line,1_694522190,1_7976035,1774912860,1774912860,default
1774912416,1_46505,1_102619,F Line,1_694521250,1_7975997,1774913460,1774913460,default
1774912416,1_46505,1_102619,F Line,1_694521460,1_7976017,1774914060,1774914060,default
1774912416,1_46505,1_102619,F Line,1_694521960,1_7976016,1774914660,1774914660,default
1774912416,1_46505,1_102619,F Line,1_694521700,1_7976229,1774915260,1774915260,default
1774912416,1_46505,1_102619,F Line,1_694522120,1_7976085,1774915860,1774915860,default
1774912416,1_29423,1_102732,79,1_816446400,1_8022070,1774913700,1774913700,default
1774912416,1_2320,1_100001,1,1_562519910,1_7974976,1774912535,1774912535,default
1774912416,1_81254,1_100202,345,1_761389850,1_7975636,1774912525,1774912525,default
1774912416,1_52306,1_102619,F Line,1_800654070,1_8023882,1774913100,1774913100,default
1774912416,1_52306,1_102619,F Line,1_800654320,1_8023724,1774913700,1774913700,default
1774912416,1_52306,1_102619,F Line,1_800654600,1_8023712,1774914300,1774914300,default
1774912416,1_52306,1_102619,F Line,1_800653610,1_8023728,1774914900,1774914900,default
1774912416,1_52306,1_102619,F Line,1_800653870,1_8023729,1774915500,1774915500,default
1774912416,1_8530,1_100005,106,1_727784980,1_7975010,1774912626,1774912626,default
1774912416,1_76312,1_102705,230,1_664298680,1_7976336,1774912618,1774912618,default
1774912416,1_80124,1_102719,161,1_800652230,1_8023904,1774912617,1774912617,default
1774912416,1_57804,1_100072,181,1_721481530,1_7976037,1774912813,1774912813,default
1774912416,1_57804,1_100072,181,1_721481530,1_7482,1774912813,1774912813,default
1774912416,1_59282,1_100072,181,1_721481700,1_7976033,1774913280,1774913280,default
1774912416,1_59282,1_102717,165,1_800649830,1_8023844,1774913340,1774913340,default
1774912416,1_19921,1_100101,21,1_809330110,1_8026440,1774912276,1774912605,default
1774912416,1_55831,1_100005,106,1_727784940,1_7975095,1774912609,1774912609,default
1774912416,1_620,40_100239,550,40_597758440,40_7976614,1774913100,1774913100,default
1774912416,1_620,40_510,510,40_16133722__MCOB-DO:121:0:Weekday:2:26MAR:86033:12345,40_MCOB-DO:121:0:Weekday:2:26MAR:86033:12345,1774913400,1774913400,default
1774912416,1_620,1_102754,256,1_816378490,1_8005262,1774914240,1774914240,default
1774912416,1_620,40_515,515,40_16133734__MCOB-DO:121:0:Weekday:2:26MAR:86035:12345,40_MCOB-DO:121:0:Weekday:2:26MAR:86035:12345,1774914300,1774914300,default
1774912416,1_620,40_510,510,40_16133701__MCOB-DO:121:0:Weekday:2:26MAR:86018:12345,40_MCOB-DO:121:0:Weekday:2:26MAR:86018:12345,1774914600,1774914600,default
1774912416,1_620,29_424,424,29_16132036__MCOB-DO:121:0:Weekday:2:26MAR:61057:12345,29_MCOB-DO:121:0:Weekday:2:26MAR:61057:12345,1774915800,1774915800,default
1774912416,1_620,40_510,510,40_16133731__MCOB-DO:121:0:Weekday:2:26MAR:86019:12345,40_MCOB-DO:121:0:Weekday:2:26MAR:86019:12345,1774915800,1774915800,default
1774912416,1_620,1_102754,256,1_816378500,1_8005267,1774916100,1774916100,default
1774912416,1_10912,1_100264,70,1_801592950,1_8026407,1774912627,1774912627,default
1774912416,1_10912,1_100224,44,1_664048600,1_7974923,1774912669,1774912669,default
1774912416,1_10912,1_100264,70,1_801592950,1_8269,1774912627,1774912682,default
1774912416,1_10912,1_100162,271,1_569554060,1_7976675,1774912740,1774912740,default
1774912416,1_10912,40_100451,556,40_635882820,40_7976589,1774913100,1774913100,default
1774912416,1_10912,40_100511,542,40_608344410,40_7976686,1774913160,1774913160,default
1774912416,1_10912,1_100162,271,1_569496280,1_7976387,1774913280,1774913280,default
1774912416,1_10912,1_100162,271,1_569497120,1_7976667,1774913940,1774913940,default
1774912416,1_10912,40_100451,556,40_635882830,40_7976563,1774915200,1774915200,default
1774912416,1_71960,40_100511,542,40_721031210,40_7976604,1774913220,1774913220,default
1774912416,1_3000,1_100089,2,1_788757860,1_8023446,1774912283,1774912636,default
1774912416,1_73380,1_102752,223,1_816297680,1_8024725,1774912633,1774912633,default
1774912716,1_481,1_102736,H Line,1_694055970,1_6043,1774912560,1774912743,default
1774912716,1_6650,1_100229,5,1_809328910,1_8025836,1774912741,1774912741,default
1774912716,1_77930,1_102746,333,1_778704180,1_7975681,1774912793,1774912793,default
1774912716,1_970,1_100003,101,1_800669260,1_6278,1774912656,1774912776,default
1774912716,1_575,1_102615,E Line,1_761417870,1_6085,1774912800,1774912747,default
1774912716,1_575,1_100028,13,1_788759020,1_7158,1774912680,1774912832,default
1774912716,1_2850,1_100089,2,1_788757870,1_7152,1774913220,1774912054,default
1774912716,1_2850,1_100089,2,1_788758230,1_8023471,1774913940,1774913940,default
1774912716,1_46505,1_102619,F Line,1_694522190,1_7976035,1774912860,1774912860,default
1774912716,1_46505,1_102619,F Line,1_694521250,1_7975997,1774913460,1774913460,default
1774912716,1_46505,1_102619,F Line,1_694521460,1_7976017,1774914060,1774914060,default
1774912716,1_46505,1_102619,F Line,1_694521960,1_7976016,1774914660,1774914660,default
1774912716,1_46505,1_102619,F Line,1_694521700,1_7976229,1774915260,1774915260,default
1774912716,1_46505,1_102619,F Line,1_694522120,1_7976085,1774915860,1774915860,default
1774912716,1_29423,1_102732,79,1_816446400,1_8022070,1774913700,1774913700,default
1774912716,1_280,40_100240,554,40_581722190,40_7976695,1774912701,1774912777,default
1774912716,1_57453,1_100060,168,1_800660380,1_7124,1774912500,1774911935,default
1774912716,1_35110,1_100230,50,1_785559590,1_7976173,1774912800,1774912800,default
1774912716,1_52306,1_102619,F Line,1_800654070,1_8023882,1774913100,1774913100,default
1774912716,1_52306,1_102619,F Line,1_800654320,1_8023724,1774913700,1774913700,default
1774912716,1_52306,1_102619,F Line,1_800654600,1_8023712,1774914300,1774914300,default
1774912716,1_52306,1_102619,F Line,1_800653610,1_8023728,1774914900,1774914900,default
1774912716,1_52306,1_102619,F Line,1_800653870,1_8023729,1774915500,1774915500,default
1774912716,1_52306,1_102619,F Line,1_800654760,1_8023709,1774916100,1774916100,default
1774912716,1_70665,1_102704,250,1_806915390,1_8024721,1774912949,1774912949,default
1774912716,1_11060,1_100249,60,1_801585850,1_7076,1774912837,1774912837,default
1774912716,1_39983,1_102736,H Line,1_694056140,1_7974890,1774912860,1774912860,default
1774912716,1_59282,1_100072,181,1_721481700,1_7173,1774913280,1774912603,default
1774912716,1_59282,1_102717,165,1_800649840,1_7197,1774914540,1774912689,default
1774912716,1_59282,1_100072,181,1_721481700,1_7976033,1774913280,1774913280,default
1774912716,1_59282,1_102717,165,1_800649830,1_8023844,1774913340,1774913340,default
1774912716,1_59282,1_102717,165,1_800649840,1_8023877,1774914540,1774914540,default
1774912716,1_79872,1_100133,240,1_811764760,1_8024700,1774912856,1774912856,default
1774912716,1_81684,1_100160,269,1_806917790,1_8024683,1774912920,1774912920,default
1774912716,1_620,40_100239,550,40_597758440,40_7976614,1774913100,1774913100,default
1774912716,1_620,40_100240,554,40_774872160,40_7976696,1774913160,1774913160,default
1774912716,1_620,40_510,510,40_16133722__MCOB-DO:121:0:Weekday:2:26MAR:86033:12345,40_MCOB-DO:121:0:Weekday:2:26MAR:86033:12345,1774913400,1774913400,default
1774912716,1_620,1_102754,256,1_816378490,1_8005262,1774914240,1774914240,default
1774912716,1_620,40_515,515,40_16133734__MCOB-DO:121:0:Weekday:2:26MAR:86035:12345,40_MCOB-DO:121:0:Weekday:2:26MAR:86035:12345,1774914300,1774914300,default
1774912716,1_620,40_510,510,40_16133701__MCOB-DO:121:0:Weekday:2:26MAR:86018:12345,40_MCOB-DO:121:0:Weekday:2:26MAR:86018:12345,1774914600,1774914600,default
1774912716,1_620,29_424,424,29_16132036__MCOB-DO:121:0:Weekday:2:26MAR:61057:12345,29_MCOB-DO:121:0:Weekday:2:26MAR:61057:12345,1774915800,1774915800,default
1774912716,1_620,40_510,510,40_16133731__MCOB-DO:121:0:Weekday:2:26MAR:86019:12345,40_MCOB-DO:121:0:Weekday:2:26MAR:86019:12345,1774915800,1774915800,default
1774912716,1_620,1_102754,256,1_816378500,1_8005267,1774916100,1774916100,default
1774912716,1_10912,1_100447,49,1_801199810,1_8023497,1774912920,1774912920,default
1774912716,1_10912,1_100447,49,1_801199810,1_4331,1774912920,1774912931,default
1774912716,1_10912,40_100451,556,40_635882820,40_7976589,1774913100,1774913100,default
1774912716,1_10912,40_100511,542,40_608344410,40_7976686,1774913160,1774913160,default
1774912716,1_10912,1_100162,271,1_569496280,1_7976387,1774913280,1774913280,default
1774912716,1_10912,1_100162,271,1_569497120,1_7976667,1774913940,1774913940,default
1774912716,1_10912,40_100511,542,40_608343950,40_7976608,1774914360,1774914360,default
1774912716,1_10912,1_100162,271,1_569495930,1_7976350,1774914600,1774914600,default
1774912716,1_10912,40_100451,556,40_635882830,40_7976563,1774915200,1774915200,default
1774912716,1_71960,40_100511,542,40_721031210,40_7976604,1774913220,1774913220,default
1774912716,1_71960,40_100511,542,40_721030740,40_7976607,1774913880,1774913880,default
1774912716,1_8403,1_100039,14,1_562519870,1_7974994,1774912800,1774912800,default
1774913016,1_6650,1_102747,61,1_803357110,1_8022112,1774913043,1774913043,default
1774913016,1_55290,1_100006,107,1_762077950,1_7976072,1774911637,1774913033,default
1774913016,1_51551,1_102736,H Line,1_694056130,1_7974897,1774913117,1774913117,default
1774913016,1_970,1_100487,102,1_762101160,1_7148,1774912776,1774913082,default
1774913016,1_68784,1_102548,B Line,1_721018600,1_7976649,1774913059,1774913059,default
1774913016,1_575,1_102615,E Line,1_768604330,1_6087,1774913100,1774912993,default
1774913016,1_2850,1_100089,2,1_788757870,1_7152,1774913220,1774912054,default
1774913016,1_2850,1_100089,2,1_788758230,1_7095,1774913940,1774912849,default
1774913016,1_2850,1_100089,2,1_788758230,1_8023471,1774913940,1774913940,default
1774913016,1_35334,1_102747,61,1_803357090,1_8022041,1774913096,1774913096,default
1774913016,1_46505,1_102619,F Line,1_694521250,1_7975997,1774913460,1774913460,default
1774913016,1_46505,1_102619,F Line,1_694521460,1_7976017,1774914060,1774914060,default
1774913016,1_46505,1_102619,F Line,1_694521960,1_7976016,1774914660,1774914660,default
1774913016,1_46505,1_102619,F Line,1_694521700,1_7976229,1774915260,1774915260,default
1774913016,1_46505,1_102619,F Line,1_694522120,1_7976085,1774915860,1774915860,default
1774913016,1_29423,1_102732,79,1_816446400,1_8022070,1774913700,1774913700,default
1774913016,1_47660,1_102736,H Line,1_694056160,1_7974895,1774913087,1774913087,default
1774913016,1_31680,1_100249,60,1_801585810,1_8025817,1774913030,1774913084,default
1774913016,1_58342,1_100072,181,1_721482060,1_7976015,1774913100,1774913100,default
1774913016,1_81199,1_100072,181,1_721481530,1_7482,1774913160,1774913160,default
1774913016,1_81254,1_102746,333,1_778704540,1_7975728,1774913083,1774913083,default
1774913016,1_72494,1_100160,269,1_806917870,1_8024685,1774913280,1774913280,default
1774913016,1_84810,1_102752,223,1_833610840,1_8024753,1774913132,1774913132,default
1774913016,1_52306,1_102619,F Line,1_800654070,1_8023882,1774913100,1774913100,default
1774913016,1_52306,1_102619,F Line,1_800654320,1_8023724,1774913700,1774913700,default
1774913016,1_52306,1_102619,F Line,1_800654600,1_8023712,1774914300,1774914300,default
1774913016,1_52306,1_102619,F Line,1_800653610,1_8023728,1774914900,1774914900,default
1774913016,1_52306,1_102619,F Line,1_800653870,1_8023729,1774915500,1774915500,default
1774913016,1_52306,1_102619,F Line,1_800654760,1_8023709,1774916100,1774916100,default
1774913016,1_41850,1_100249,60,1_801585970,1_8026428,1774913126,1774913126,default
1774913016,1_17800,1_100202,345,1_761389670,1_7975633,1774913166,1774913166,default
1774913016,1_59282,1_100072,181,1_721481700,1_7173,1774913280,1774912603,default
1774913016,1_59282,1_102717,165,1_800649840,1_7197,1774914540,1774912689,default
1774913016,1_59282,1_102717,165,1_800649830,1_8023844,1774913340,1774913340,default
1774913016,1_42540,1_100072,181,1_721481850,1_7976082,1774913207,1774913207,default
1774913016,1_620,40_510,510,40_16133722__MCOB-DO:121:0:Weekday:2:26MAR:86033:12345,40_15811,1774913400,1774913000,default
1774913016,1_620,40_510,510,40_16133722__MCOB-DO:121:0:Weekday:2:26MAR:86033:12345,40_MCOB-DO:121:0:Weekday:2:26MAR:86033:12345,1774913400,1774913400,default
1774913016,1_620,40_100239,550,40_597758970,40_7976615,1774913700,1774913700,default
1774913016,1_620,1_102754,256,1_816378490,1_8005262,1774914240,1774914240,default
1774913016,1_620,40_515,515,40_16133734__MCOB-DO:121:0:Weekday:2:26MAR:86035:12345,40_MCOB-DO:121:0:Weekday:2:26MAR:86035:12345,1774914300,1774914300,default
1774913016,1_620,40_510,510,40_16133701__MCOB-DO:121:0:Weekday:2:26MAR:86018:12345,40_MCOB-DO:121:0:Weekday:2:26MAR:86018:12345,1774914600,1774914600,default
1774913016,1_620,29_424,424,29_16132036__MCOB-DO:121:0:Weekday:2:26MAR:61057:12345,29_MCOB-DO:121:0:Weekday:2:26MAR:61057:12345,1774915800,1774915800,default
1774913016,1_620,40_510,510,40_16133731__MCOB-DO:121:0:Weekday:2:26MAR:86019:12345,40_MCOB-DO:121:0:Weekday:2:26MAR:86019:12345,1774915800,1774915800,default
1774913016,1_620,1_102754,256,1_816378500,1_8005267,1774916100,1774916100,default
1774913016,1_10912,1_100162,271,1_569496280,1_7976387,1774913280,1774913280,default
1774913016,1_10912,1_100162,271,1_569497120,1_7976667,1774913940,1774913940,default
1774913016,1_10912,40_100511,542,40_608343950,40_7976608,1774914360,1774914360,default
1774913016,1_10912,1_100162,271,1_569495930,1_7976350,1774914600,1774914600,default
1774913016,1_10912,40_100451,556,40_635882830,40_7976563,1774915200,1774915200,default
1774913016,1_10912,1_100162,271,1_569496790,1_7976668,1774916580,1774916580,default
1774913016,1_71960,1_102752,223,1_816297680,1_8024725,1774913220,1774913220,default
1774913016,1_71960,40_100511,542,40_721031210,40_7976604,1774913220,1774913220,default
1774913016,1_71960,40_100511,542,40_721030740,40_7976607,1774913880,1774913880,default
1774913316,1_12170,1_100039,14,1_562519870,1_7974994,1774913379,1774913379,default
1774913316,1_60161,1_100042,148,1_762077640,1_7976051,1774913340,1774913340,default
1774913316,1_970,40_577,577,40_3496020,40_514,1774913462,1774913462,default
1774913316,1_8541,1_100263,7,1_800587260,1_8023478,1774913340,1774913340,default
1774913316,1_30790,1_100006,107,1_800646850,1_3756,1774913335,1774913337,default
1774913316,1_77752,1_102746,333,1_778704190,1_7975729,1774913373,1774913373,default
1774913316,1_575,1_102615,E Line,1_761418390,1_6117,1774913400,1774913387,default
1774913316,1_575,1_100173,3,1_761126200,1_7974916,1774913400,1774913400,default
1774913316,1_2850,1_100089,2,1_788758230,1_7095,1774913940,1774912849,default
1774913316,1_46505,1_102619,F Line,1_694521250,1_7975997,1774913460,1774913460,default
1774913316,1_46505,1_102619,F Line,1_694521460,1_7976017,1774914060,1774914060,default
1774913316,1_46505,1_102619,F Line,1_694521960,1_7976016,1774914660,1774914660,default
1774913316,1_46505,1_102619,F Line,1_694521700,1_7976229,1774915260,1774915260,default
1774913316,1_46505,1_102619,F Line,1_694522120,1_7976085,1774915860,1774915860,default
1774913316,1_46505,1_102619,F Line,1_656236290,1_7975999,1774916760,1774916760,default
1774913316,1_29423,1_102732,79,1_816446400,1_8022070,1774913700,1774913700,default
1774913316,1_57453,1_102719,161,1_800652430,1_8023846,1774913400,1774913400,default
1774913316,1_81254,1_100203,346,1_724962650,1_7975623,1774913205,1774913386,default
1774913316,1_52306,1_102619,F Line,1_800654320,1_8023724,1774913700,1774913700,default
1774913316,1_52306,1_102619,F Line,1_800654600,1_8023712,1774914300,1774914300,default
1774913316,1_52306,1_102619,F Line,1_800653610,1_8023728,1774914900,1774914900,default
1774913316,1_52306,1_102619,F Line,1_800653870,1_8023729,1774915500,1774915500,default
1774913316,1_52306,1_102619,F Line,1_800654760,1_8023709,1774916100,1774916100,default
1774913316,1_52306,1_102619,F Line,1_800654580,1_8023711,1774916700,1774916700,default
1774913316,1_80121,1_102719,161,1_800652500,1_8023879,1774913397,1774913397,default
1774913316,1_49350,1_100026,128,1_806634840,1_8023678,1774913557,1774913557,default
1774913316,1_39983,1_102736,H Line,1_694056050,1_7974899,1774913460,1774913460,default
1774913316,1_59282,1_102717,165,1_800649840,1_7197,1774914540,1774912689,default
1774913316,1_55831,1_100005,106,1_727784870,1_7975005,1774913509,1774913509,default
1774913316,1_57940,1_102720,160,1_694518020,1_7333,1774913212,1774913486,default
1774913316,1_620,40_100239,550,40_597758970,40_7976615,1774913700,1774913700,default
1774913316,1_620,1_102754,256,1_816378490,1_8005262,1774914240,1774914240,default
1774913316,1_620,40_515,515,40_16133734__MCOB-DO:121:0:Weekday:2:26MAR:86035:12345,40_MCOB-DO:121:0:Weekday:2:26MAR:86035:12345,1774914300,1774914300,default
1774913316,1_620,40_510,510,40_16133701__MCOB-DO:121:0:Weekday:2:26MAR:86018:12345,40_MCOB-DO:121:0:Weekday:2:26MAR:86018:12345,1774914600,1774914600,default
1774913316,1_620,29_424,424,29_16132036__MCOB-DO:121:0:Weekday:2:26MAR:61057:12345,29_MCOB-DO:121:0:Weekday:2:26MAR:61057:12345,1774915800,1774915800,default
1774913316,1_620,40_510,510,40_16133731__MCOB-DO:121:0:Weekday:2:26MAR:86019:12345,40_MCOB-DO:121:0:Weekday:2:26MAR:86019:12345,1774915800,1774915800,default
1774913316,1_620,1_102754,256,1_816378500,1_8005267,1774916100,1774916100,default
1774913316,1_620,40_510,510,40_16133716__MCOB-DO:121:0:Weekday:2:26MAR:86028:12345,40_MCOB-DO:121:0:Weekday:2:26MAR:86028:12345,1774917000,1774917000,default
1774913316,1_68888,1_102552,226,1_816299220,1_8024713,1774913473,1774913473,default
1774913316,1_16990,1_102574,40,1_811900520,1_8026397,1774913496,1774913496,default
1774913316,1_10912,1_100264,70,1_801593300,1_8025882,1774913527,1774913527,default
1774913316,1_10912,1_100162,271,1_569497120,1_7976667,1774913940,1774913940,default
1774913316,1_10912,40_100511,542,40_608343950,40_7976608,1774914360,1774914360,default
1774913316,1_10912,1_100162,271,1_569495930,1_7976350,1774914600,1774914600,default
1774913316,1_10912,40_100451,556,40_635882830,40_7976563,1774915200,1774915200,default
1774913316,1_10912,1_100162,271,1_569496790,1_7976668,1774916580,1774916580,default
1774913316,1_71960,40_100511,542,40_721030740,40_7976607,1774913880,1774913880,default
1774913616,1_103,1_102745,G Line,1_736436820,1_7974688,1774913718,1774913718,default
1774913616,1_46791,1_100016,118,1_669631440,1_7976012,1774913700,1774913700,default
1774913616,1_77930,1_102746,333,1_778704190,1_7975729,1774913693,1774913693,default
1774913616,1_51551,1_102736,H Line,1_694056140,1_7974890,1774913717,1774913717,default
1774913616,1_10950,1_100447,49,1_801199810,1_8023497,1774913628,1774913628,default
1774913616,1_52638,1_102719,161,1_800652240,1_8023905,1774913629,1774913629,default
1774913616,1_60161,1_100042,148,1_762077770,1_7976051,1774914180,1774914180,default
1774913616,1_68784,1_102548,B Line,1_721019380,1_7976637,1774913659,1774913659,default
1774913616,1_575,1_102581,D Line,1_803816970,1_6106,1774913640,1774913681,default
1774913616,1_575,1_100028,13,1_788759030,1_7117,1774913460,1774913692,default
1774913616,1_2850,1_100089,2,1_788758230,1_7095,1774913940,1774912849,default
1774913616,1_2850,1_100089,2,1_788757880,1_8023453,1774914420,1774914420,default
1774913616,1_46505,1_102619,F Line,1_694521960,1_6225,1774914660,1774913488,default
1774913616,1_46505,1_102619,F Line,1_694521460,1_7976017,1774914060,1774914060,default
1774913616,1_46505,1_102619,F Line,1_694521960,1_7976016,1774914660,1774914660,default
1774913616,1_46505,1_102619,F Line,1_694521700,1_7976229,1774915260,1774915260,default
1774913616,1_46505,1_102619,F Line,1_694522120,1_7976085,1774915860,1774915860,default
1774913616,1_46505,1_102619,F Line,1_656236290,1_7975999,1774916760,1774916760,default
1774913616,1_29423,1_102732,79,1_816446400,1_8022070,1774913700,1774913700,default
1774913616,1_29423,1_102732,79,1_816446400,1_7228,1774913700,1774913700,default
1774913616,1_47660,1_102736,H Line,1_694056130,1_7974897,1774913687,1774913687,default
1774913616,1_11569,1_100002,10,1_675385230,1_7974875,1774913754,1774913754,default
1774913616,1_52306,1_102619,F Line,1_800654320,1_8023724,1774913700,1774913700,default
1774913616,1_52306,1_100031,132,1_800857640,1_8024991,1774913700,1774913700,default
1774913616,1_52306,1_102619,F Line,1_800654600,1_8023712,1774914300,1774914300,default
1774913616,1_52306,1_102619,F Line,1_800653610,1_8023728,1774914900,1774914900,default
1774913616,1_52306,1_102619,F Line,1_800653870,1_8023729,1774915500,1774915500,default
1774913616,1_52306,1_102619,F Line,1_800654760,1_8023709,1774916100,1774916100,default
1774913616,1_52306,1_102619,F Line,1_800654580,1_8023711,1774916700,1774916700,default
1774913616,1_70665,1_102704,250,1_806915410,1_8024720,1774913849,1774913849,default
1774913616,1_41850,1_100249,60,1_801585910,1_8025826,1774913726,1774913726,default
1774913616,1_59282,1_102717,165,1_800649840,1_7197,1774914540,1774912689,default
1774913616,1_79872,1_100133,240,1_806928090,1_8024705,1774913756,1774913756,default
1774913616,1_15540,1_100230,50,1_770997910,1_7976178,1774913760,1774913760,default
1774913616,1_620,1_102754,256,1_816378490,1_8005262,1774914240,1774914240,default
1774913616,1_620,40_515,515,40_16133734__MCOB-DO:121:0:Weekday:2:26MAR:86035:12345,40_MCOB-DO:121:0:Weekday:2:26MAR:86035:12345,1774914300,1774914300,default
1774913616,1_620,40_510,510,40_16133701__MCOB-DO:121:0:Weekday:2:26MAR:86018:12345,40_MCOB-DO:121:0:Weekday:2:26MAR:86018:12345,1774914600,1774914600,default
1774913616,1_620,29_424,424,29_16132036__MCOB-DO:121:0:Weekday:2:26MAR:61057:12345,29_MCOB-DO:121:0:Weekday:2:26MAR:61057:12345,1774915800,1774915800,default
1774913616,1_620,40_510,510,40_16133731__MCOB-DO:121:0:Weekday:2:26MAR:86019:12345,40_MCOB-DO:121:0:Weekday:2:26MAR:86019:12345,1774915800,1774915800,default
1774913616,1_620,1_102754,256,1_816378500,1_8005267,1774916100,1774916100,default
1774913616,1_620,40_510,510,40_16133716__MCOB-DO:121:0:Weekday:2:26MAR:86028:12345,40_MCOB-DO:121:0:Weekday:2:26MAR:86028:12345,1774917000,1774917000,default
1774913616,1_620,40_515,515,40_16133703__MCOB-DO:121:0:Weekday:2:26MAR:86025:12345,40_MCOB-DO:121:0:Weekday:2:26MAR:86025:12345,1774917180,1774917180,default
1774913616,1_10912,1_100264,70,1_801593300,1_8025882,1774913527,1774913788,default
1774913616,1_10912,1_100264,70,1_801593300,1_8261,1774913527,1774913839,default
1774913616,1_10912,1_100162,271,1_569497120,1_7976667,1774913940,1774913940,default
1774913616,1_10912,40_100511,542,40_608343950,40_7976608,1774914360,1774914360,default
1774913616,1_10912,1_100162,271,1_569495930,1_7976350,1774914600,1774914600,default
1774913616,1_10912,1_100162,271,1_569497230,1_7976676,1774915140,1774915140,default
1774913616,1_10912,40_100451,556,40_635882830,40_7976563,1774915200,1774915200,default
1774913616,1_10912,1_100162,271,1_569496790,1_7976668,1774916580,1774916580,default
1774913616,1_71960,40_100511,542,40_721030740,40_7976607,1774913880,1774913880,default
1774913616,1_8403,1_100039,14,1_562519900,1_7974990,1774913700,1774913700,default
1774913916,1_481,1_102736,H Line,1_694056370,1_6050,1774913760,1774913957,default
1774913916,1_5830,1_100229,5,1_809328590,1_8025804,1774913490,1774913938,default
1774913916,1_60161,1_100042,148,1_762077770,1_7976051,1774914180,1774914180,default
1774913916,1_970,40_577,577,40_3522020,40_41506,1774914062,1774914062,default
1774913916,1_970,40_577,577,40_3522020,40_519,1774914062,1774914062,default
1774913916,1_74455,1_102704,250,1_806915390,1_8024721,1774913936,1774913936,default
1774913916,1_9750,1_100269,75,1_803350640,1_8022017,1774913329,1774913940,default
1774913916,1_320,40_100239,550,40_597759580,40_9687,1774914060,1774914055,default
1774913916,1_575,1_102615,E Line,1_768604380,1_7975032,1774914000,1774914000,default
1774913916,1_2850,1_100089,2,1_788757880,1_7119,1774914420,1774913840,default
1774913916,1_2850,1_100089,2,1_788757880,1_8023453,1774914420,1774914420,default
1774913916,1_35334,1_102747,61,1_803357100,1_8022152,1774913996,1774913996,default
1774913916,1_46505,1_102619,F Line,1_694521960,1_6225,1774914660,1774913488,default
1774913916,1_46505,1_102619,F Line,1_694521460,1_6244,1774914060,1774914060,default
1774913916,1_46505,1_102619,F Line,1_694521460,1_7976017,1774914060,1774914060,default
1774913916,1_46505,1_102619,F Line,1_694521700,1_7976229,1774915260,1774915260,default
1774913916,1_46505,1_102619,F Line,1_694522120,1_7976085,1774915860,1774915860,default
1774913916,1_46505,1_102619,F Line,1_656236290,1_7975999,1774916760,1774916760,default
1774913916,1_280,40_100240,554,40_581722710,40_9664,1774913961,1774914021,default
1774913916,1_52306,1_102619,F Line,1_800654600,1_8023712,1774914300,1774914300,default
1774913916,1_52306,1_102619,F Line,1_800653610,1_8023728,1774914900,1774914900,default
1774913916,1_52306,1_102619,F Line,1_800653870,1_8023729,1774915500,1774915500,default
1774913916,1_52306,1_102619,F Line,1_800654760,1_8023709,1774916100,1774916100,default
1774913916,1_52306,1_102619,F Line,1_800654580,1_8023711,1774916700,1774916700,default
1774913916,1_52306,1_102619,F Line,1_800654920,1_8023715,1774917300,1774917300,default
1774913916,1_30800,1_100230,50,1_785559340,1_7976172,1774914016,1774914016,default
1774913916,1_72050,1_100136,245,1_761787250,1_7976345,1774914036,1774914036,default
1774913916,1_57804,1_100072,181,1_721481860,1_7976104,1774914553,1774914553,default
1774913916,1_39983,1_102736,H Line,1_694055970,1_7974894,1774914060,1774914060,default
1774913916,1_22184,1_100249,60,1_801585810,1_8025817,1774914005,1774914063,default
1774913916,1_59282,1_102717,165,1_800649840,1_7197,1774914540,1774912689,default
1774913916,1_59282,1_102717,165,1_800649390,1_8023880,1774914060,1774914060,default
1774913916,1_82810,1_100133,240,1_811764760,1_8024700,1774914057,1774914057,default
1774913916,1_620,1_102754,256,1_816378490,1_8005262,1774914240,1774914240,default
1774913916,1_620,1_100104,212,1_806323800,1_8005196,1774914300,1774914300,default
1774913916,1_620,40_100240,554,40_774872170,40_7976693,1774914480,1774914480,default
1774913916,1_620,40_510,510,40_16133701__MCOB-DO:121:0:Weekday:2:26MAR:86018:12345,40_MCOB-DO:121:0:Weekday:2:26MAR:86018:12345,1774914600,1774914600,default
1774913916,1_620,29_424,424,29_16132036__MCOB-DO:121:0:Weekday:2:26MAR:61057:12345,29_MCOB-DO:121:0:Weekday:2:26MAR:61057:12345,1774915800,1774915800,default
1774913916,1_620,40_510,510,40_16133731__MCOB-DO:121:0:Weekday:2:26MAR:86019:12345,40_MCOB-DO:121:0:Weekday:2:26MAR:86019:12345,1774915800,1774915800,default
1774913916,1_620,1_102754,256,1_816378500,1_8005267,1774916100,1774916100,default
1774913916,1_620,40_510,510,40_16133716__MCOB-DO:121:0:Weekday:2:26MAR:86028:12345,40_MCOB-DO:121:0:Weekday:2:26MAR:86028:12345,1774917000,1774917000,default
1774913916,1_620,40_515,515,40_16133703__MCOB-DO:121:0:Weekday:2:26MAR:86025:12345,40_MCOB-DO:121:0:Weekday:2:26MAR:86025:12345,1774917180,1774917180,default
1774913916,1_10912,1_100214,372,1_694306770,1_6987,1774913924,1774914098,default
1774913916,1_10912,1_100447,49,1_801199860,1_8023495,1774914120,1774914120,default
1774913916,1_10912,1_100264,70,1_801594180,1_8026417,1774914127,1774914127,default
1774913916,1_10912,40_100511,542,40_608343950,40_7976608,1774914360,1774914360,default
1774913916,1_10912,1_100162,271,1_569495930,1_7976350,1774914600,1774914600,default
1774913916,1_10912,1_100162,271,1_569497230,1_7976676,1774915140,1774915140,default
1774913916,1_10912,40_100451,556,40_635882830,40_7976563,1774915200,1774915200,default
1774913916,1_10912,1_100162,271,1_569496790,1_7976668,1774916580,1774916580,default
1774913916,1_10912,40_100451,556,40_635883200,40_7976710,1774917000,1774917000,default
1774914216,1_12170,1_100039,14,1_562519900,1_7974990,1774914279,1774914279,default
1774914216,1_55290,1_100006,107,1_800646800,1_8023889,1774913437,1774914224,default
1774914216,1_51551,1_102736,H Line,1_694056050,1_7974899,1774914257,1774914257,default
1774914216,1_26560,1_102574,40,1_811901410,1_8026389,1774914383,1774914383,default
1774914216,1_970,1_100487,102,1_762102010,1_8162,1774913976,1774914246,default
1774914216,1_30790,1_100249,60,1_801585870,1_8025821,1774914263,1774914263,default
1774914216,1_9750,1_100269,75,1_803352250,1_8022106,1774913929,1774914237,default
1774914216,1_30510,1_100249,60,1_801585900,1_8025825,1774914281,1774914281,default
1774914216,1_77752,1_102746,333,1_778704200,1_7975726,1774914273,1774914273,default
1774914216,1_320,1_100104,212,1_806323830,1_6952,1774914300,1774914300,default
1774914216,1_68784,1_102548,B Line,1_721018740,1_7976631,1774914259,1774914259,default
1774914216,1_575,1_102615,E Line,1_761418030,1_6057,1774914300,1774914281,default
1774914216,1_575,1_100089,2,1_788758220,1_8023470,1774914300,1774914300,default
1774914216,1_2850,1_100089,2,1_788757880,1_7119,1774914420,1774913840,default
1774914216,1_46505,1_102619,F Line,1_694521960,1_6225,1774914660,1774913488,default
1774914216,1_46505,1_102619,F Line,1_694521700,1_7976229,1774915260,1774915260,default
1774914216,1_46505,1_102619,F Line,1_694522120,1_7976085,1774915860,1774915860,default
1774914216,1_46505,1_102619,F Line,1_656236290,1_7975999,1774916760,1774916760,default
1774914216,1_46505,1_102619,F Line,1_635449070,1_7976142,1774917660,1774917660,default
1774914216,1_40060,1_102574,40,1_811901000,1_8026392,1774914273,1774914273,default
1774914216,1_47660,1_102736,H Line,1_694056140,1_7974890,1774914287,1774914287,default
1774914216,1_13810,1_100193,32,1_651767610,1_7974545,1774914278,1774914278,default
1774914216,1_51471,1_102736,H Line,1_694056630,1_6051,1774914104,1774914283,default
1774914216,1_57453,1_102719,161,1_800652350,1_8023732,1774914300,1774914300,default
1774914216,1_77460,1_100205,348,1_771627050,1_7975642,1774914285,1774914285,default
1774914216,1_52306,1_102619,F Line,1_800653610,1_8023728,1774914900,1774914900,default
1774914216,1_52306,1_102619,F Line,1_800653870,1_8023729,1774915500,1774915500,default
1774914216,1_52306,1_102619,F Line,1_800654760,1_8023709,1774916100,1774916100,default
1774914216,1_52306,1_102619,F Line,1_800654580,1_8023711,1774916700,1774916700,default
1774914216,1_52306,1_102619,F Line,1_800654920,1_8023715,1774917300,1774917300,default
1774914216,1_30800,1_100249,60,1_801585870,1_8025821,1774914311,1774914311,default
1774914216,1_40065,1_102574,40,1_811901000,1_8026392,1774914385,1774914385,default
1774914216,1_41850,1_100249,60,1_801585900,1_8025825,1774914386,1774914386,default
1774914216,1_17800,1_100202,345,1_761389940,1_7975635,1774914366,1774914366,default
1774914216,1_80124,1_102719,161,1_800652240,1_8023905,1774914357,1774914357,default
1774914216,1_57804,1_100072,181,1_721481860,1_7976104,1774914553,1774914553,default
1774914216,1_59282,1_102717,165,1_800649840,1_7197,1774914540,1774912689,default
1774914216,1_59282,1_102717,165,1_800649850,1_8023880,1774915980,1774915980,default
1774914216,1_55831,1_100005,106,1_727784860,1_7975017,1774914409,1774914409,default
1774914216,1_57791,1_102718,184,1_664464440,1_7975994,1774914549,1774914549,default
1774914216,1_620,40_100240,554,40_774872170,40_7976693,1774914480,1774914480,default
1774914216,1_620,40_100236,545,40_563502990,40_7976555,1774914360,1774914545,default
1774914216,1_620,40_510,510,40_16133701__MCOB-DO:121:0:Weekday:2:26MAR:86018:12345,40_MCOB-DO:121:0:Weekday:2:26MAR:86018:12345,1774914600,1774914895,default
1774914216,1_620,40_100239,550,40_597759260,40_7976643,1774914900,1774914900,default
1774914216,1_620,29_424,424,29_16132036__MCOB-DO:121:0:Weekday:2:26MAR:61057:12345,29_MCOB-DO:121:0:Weekday:2:26MAR:61057:12345,1774915800,1774915800,default
1774914216,1_620,40_510,510,40_16133731__MCOB-DO:121:0:Weekday:2:26MAR:86019:12345,40_MCOB-DO:121:0:Weekday:2:26MAR:86019:12345,1774915800,1774915800,default
1774914216,1_620,1_102754,256,1_816378500,1_8005267,1774916100,1774916100,default
1774914216,1_620,40_510,510,40_16133716__MCOB-DO:121:0:Weekday:2:26MAR:86028:12345,40_MCOB-DO:121:0:Weekday:2:26MAR:86028:12345,1774917000,1774917000,default
1774914216,1_620,40_515,515,40_16133703__MCOB-DO:121:0:Weekday:2:26MAR:86025:12345,40_MCOB-DO:121:0:Weekday:2:26MAR:86025:12345,1774917180,1774917180,default
1774914216,1_620,1_102754,256,1_816378510,1_8005288,1774917900,1774917900,default
1774914216,1_620,40_515,515,40_16133710__MCOB-DO:121:0:Weekday:2:26MAR:86023:12345,40_MCOB-DO:121:0:Weekday:2:26MAR:86023:12345,1774917900,1774917900,default
1774914216,1_10912,1_100447,49,1_801199860,1_8023495,1774914120,1774914421,default
1774914216,1_10912,1_100162,271,1_569495930,1_7976350,1774914600,1774914600,default
1774914216,1_10912,1_100162,271,1_569497230,1_7976676,1774915140,1774915140,default
1774914216,1_10912,40_100451,556,40_635882830,40_7976563,1774915200,1774915200,default
1774914216,1_10912,40_100511,542,40_581722900,40_7976606,1774915560,1774915560,default
1774914216,1_10912,1_100162,271,1_569496920,1_7976670,1774915920,1774915920,default
1774914216,1_10912,1_100162,271,1_569496790,1_7976668,1774916580,1774916580,default
1774914216,1_10912,40_100451,556,40_635883200,40_7976710,1774917000,1774917000,default
1774914216,1_71960,1_102752,223,1_816297690,1_8024727,1774914420,1774914420,default
1774914216,1_71960,40_100511,542,40_721031410,40_7976685,1774915200,1774915200,default
1774914216,1_25210,1_100259,67,1_724948030,1_8102,1774914101,1774914400,default
1774914216,1_18220,1_100028,13,1_788759020,1_8023468,1774914393,1774914393,default
1774914516,1_481,1_102736,H Line,1_694056250,1_6076,1774914360,1774914555,default
1774914516,1_6650,1_100229,5,1_809330900,1_8025798,1774914541,1774914541,default
1774914516,1_77930,1_102746,333,1_778704200,1_7975726,1774914593,1774914593,default
1774914516,1_970,1_100003,101,1_800669430,1_8135,1774914456,1774914535,default
1774914516,1_320,40_100239,550,40_597759730,40_9800,1774914660,1774914647,default
1774914516,1_575,1_102615,E Line,1_768604060,1_6049,1774914600,1774914586,default
1774914516,1_46505,1_102619,F Line,1_694521960,1_6225,1774914660,1774913488,default
1774914516,1_46505,1_102619,F Line,1_694521700,1_7976229,1774915260,1774915260,default
1774914516,1_46505,1_102619,F Line,1_694522120,1_7976085,1774915860,1774915860,default
1774914516,1_46505,1_102619,F Line,1_656236290,1_7975999,1774916760,1774916760,default
1774914516,1_46505,1_102619,F Line,1_635449070,1_7976142,1774917660,1774917660,default
1774914516,1_3470,1_100249,60,1_801585900,1_8025825,1774914600,1774914600,default
1774914516,1_57453,1_100060,168,1_693747160,1_7976218,1774917900,1774917900,default
1774914516,1_50774,1_100045,150,1_694513740,1_8187,1774914699,-1,default
1774914516,1_52306,1_102619,F Line,1_800653610,1_8023728,1774914900,1774914900,default
1774914516,1_52306,1_102619,F Line,1_800653870,1_8023729,1774915500,1774915500,default
1774914516,1_52306,1_102619,F Line,1_800654760,1_8023709,1774916100,1774916100,default
1774914516,1_52306,1_102619,F Line,1_800654580,1_8023711,1774916700,1774916700,default
1774914516,1_52306,1_102619,F Line,1_800654920,1_8023715,1774917300,1774917300,default
1774914516,1_49350,1_100026,128,1_806634900,1_8023674,1774914757,1774914757,default
1774914516,1_39983,1_102736,H Line,1_694056510,1_7974891,1774914660,1774914660,default
1774914516,1_59282,1_100072,181,1_721481540,1_7482,1774915200,1774912348,default
1774914516,1_59282,1_102717,165,1_800649850,1_7179,1774915980,1774914261,default
1774914516,1_620,40_100239,550,40_597759260,40_7976643,1774914900,1774914900,default
1774914516,1_620,40_510,510,40_16133701__MCOB-DO:121:0:Weekday:2:26MAR:86018:12345,40_MCOB-DO:121:0:Weekday:2:26MAR:86018:12345,1774914600,1774914928,default
1774914516,1_620,29_424,424,29_16132036__MCOB-DO:121:0:Weekday:2:26MAR:61057:12345,29_MCOB-DO:121:0:Weekday:2:26MAR:61057:12345,1774915800,1774915800,default
1774914516,1_620,40_510,510,40_16133731__MCOB-DO:121:0:Weekday:2:26MAR:86019:12345,40_MCOB-DO:121:0:Weekday:2:26MAR:86019:12345,1774915800,1774915800,default
1774914516,1_620,1_102754,256,1_816378500,1_8005267,1774916100,1774916100,default
1774914516,1_620,40_510,510,40_16133716__MCOB-DO:121:0:Weekday:2:26MAR:86028:12345,40_MCOB-DO:121:0:Weekday:2:26MAR:86028:12345,1774917000,1774917000,default
1774914516,1_620,40_515,515,40_16133703__MCOB-DO:121:0:Weekday:2:26MAR:86025:12345,40_MCOB-DO:121:0:Weekday:2:26MAR:86025:12345,1774917180,1774917180,default
1774914516,1_620,1_102754,256,1_816378510,1_8005288,1774917900,1774917900,default
1774914516,1_620,40_515,515,40_16133710__MCOB-DO:121:0:Weekday:2:26MAR:86023:12345,40_MCOB-DO:121:0:Weekday:2:26MAR:86023:12345,1774917900,1774917900,default
1774914516,1_620,40_510,510,40_16133723__MCOB-DO:121:0:Weekday:2:26MAR:86020:12345,40_MCOB-DO:121:0:Weekday:2:26MAR:86020:12345,1774918200,1774918200,default
1774914516,1_10912,1_100447,49,1_801199860,1_8023495,1774914120,1774914715,default
1774914516,1_10912,1_100264,70,1_816207650,1_8026416,1774914727,1774914727,default
1774914516,1_10912,1_100162,271,1_569497230,1_7976676,1774915140,1774915140,default
1774914516,1_10912,40_100451,556,40_635882830,40_7976563,1774915200,1774915200,default
1774914516,1_10912,40_100511,542,40_581722900,40_7976606,1774915560,1774915560,default
1774914516,1_10912,1_100162,271,1_569496920,1_7976670,1774915920,1774915920,default
1774914516,1_10912,1_100162,271,1_569496790,1_7976668,1774916580,1774916580,default
1774914516,1_10912,40_100451,556,40_635883200,40_7976710,1774917000,1774917000,default
1774914516,1_71960,40_100511,542,40_721031410,40_7976685,1774915200,1774915200,default
1774914516,1_8403,1_100039,14,1_562519940,1_7974992,1774914600,1774914600,default
1774914816,1_6650,1_102747,61,1_803357130,1_8022051,1774914843,1774914856,default
1774914816,1_51551,1_102736,H Line,1_694055970,1_7974894,1774914857,1774914857,default
1774914816,1_68784,1_102548,B Line,1_721018920,1_7976639,1774914859,1774914859,default
1774914816,1_575,1_102581,D Line,1_803817430,1_6062,1774914840,1774914907,default
1774914816,1_2850,1_100089,2,1_788758240,1_7140,1774915260,1774914542,default
1774914816,1_46505,1_102619,F Line,1_694521700,1_7976229,1774915260,1774915260,default
1774914816,1_46505,1_102619,F Line,1_694522120,1_7976085,1774915860,1774915860,default
1774914816,1_46505,1_102619,F Line,1_656236290,1_7975999,1774916760,1774916760,default
1774914816,1_46505,1_102619,F Line,1_635449070,1_7976142,1774917660,1774917660,default
1774914816,1_40060,1_102574,40,1_811901890,1_8025886,1774914873,1774914873,default
1774914816,1_280,1_100011,111,1_664454900,1_7486,1774914861,1774914861,default
1774914816,1_280,40_100240,554,40_560096530,40_7976689,1774914921,1774914935,default
1774914816,1_1190,1_100447,49,1_801199840,1_4408,1774914808,1774914884,default
1774914816,1_57453,1_100060,168,1_693747160,1_7976218,1774917900,1774917900,default
1774914816,1_58342,1_100072,181,1_721481700,1_7976033,1774914900,1774914900,default
1774914816,1_79877,1_100162,271,1_587120120,1_7976354,1774914895,1774914895,default
1774914816,1_81199,1_100072,181,1_721481860,1_7976104,1774914900,1774914900,default
1774914816,1_11569,1_100002,10,1_675385220,1_7974882,1774914954,1774914954,default
1774914816,1_52306,1_102619,F Line,1_800653610,1_8023728,1774914900,1774914900,default
1774914816,1_52306,1_102619,F Line,1_800653870,1_8023729,1774915500,1774915500,default
1774914816,1_52306,1_102619,F Line,1_800654760,1_8023709,1774916100,1774916100,default
1774914816,1_52306,1_102619,F Line,1_800654580,1_8023711,1774916700,1774916700,default
1774914816,1_52306,1_102619,F Line,1_800654920,1_8023715,1774917300,1774917300,default
1774914816,1_52306,1_102619,F Line,1_800654190,1_8023763,1774918200,1774918200,default
1774914816,1_25980,1_100254,65,1_778695430,1_7975670,1774914923,1774914923,default
1774914816,1_7750,1_102615,E Line,1_761418390,1_7975617,1774914912,1774914912,default
1774914816,1_45670,1_100210,36,1_800584250,1_4517,1774914921,1774914945,default
1774914816,1_72050,1_100136,245,1_761788310,1_7976379,1774914936,1774914936,default
1774914816,1_40065,1_102574,40,1_811901890,1_8025886,1774914985,1774914985,default
1774914816,1_60359,1_102720,160,1_694517650,1_7976098,1774914944,1774914944,default
1774914816,1_59282,1_100072,181,1_721481540,1_7482,1774915200,1774912348,default
1774914816,1_59282,1_102717,165,1_800649850,1_7179,1774915980,1774914261,default
1774914816,1_41370,1_100028,13,1_788759030,1_8023446,1774914961,1774914961,default
1774914816,1_82810,1_100133,240,1_806928090,1_8024705,1774914957,1774914957,default
1774914816,1_15540,1_100230,50,1_770997230,1_7976177,1774914960,1774914960,default
1774914816,1_45230,1_100133,240,1_811765030,1_8024704,1774914997,1774914997,default
1774914816,1_620,40_100236,545,40_563503510,40_7976553,1774914960,1774915143,default
1774914816,1_620,40_100239,550,40_597759710,40_7976704,1774915560,1774915560,default
1774914816,1_620,29_424,424,29_16132036__MCOB-DO:121:0:Weekday:2:26MAR:61057:12345,29_MCOB-DO:121:0:Weekday:2:26MAR:61057:12345,1774915800,1774915800,default
1774914816,1_620,40_510,510,40_16133731__MCOB-DO:121:0:Weekday:2:26MAR:86019:12345,40_MCOB-DO:121:0:Weekday:2:26MAR:86019:12345,1774915800,1774915800,default
1774914816,1_620,1_102754,256,1_816378500,1_8005267,1774916100,1774916100,default
1774914816,1_620,40_510,510,40_16133716__MCOB-DO:121:0:Weekday:2:26MAR:86028:12345,40_MCOB-DO:121:0:Weekday:2:26MAR:86028:12345,1774917000,1774917000,default
1774914816,1_620,40_515,515,40_16133703__MCOB-DO:121:0:Weekday:2:26MAR:86025:12345,40_MCOB-DO:121:0:Weekday:2:26MAR:86025:12345,1774917180,1774917180,default
1774914816,1_620,1_102754,256,1_816378510,1_8005288,1774917900,1774917900,default
1774914816,1_620,40_515,515,40_16133710__MCOB-DO:121:0:Weekday:2:26MAR:86023:12345,40_MCOB-DO:121:0:Weekday:2:26MAR:86023:12345,1774917900,1774917900,default
1774914816,1_620,40_510,510,40_16133723__MCOB-DO:121:0:Weekday:2:26MAR:86020:12345,40_MCOB-DO:121:0:Weekday:2:26MAR:86020:12345,1774918200,1774918200,default
1774914816,1_10912,1_100447,49,1_801199860,1_4377,1774914120,1774914981,default
1774914816,1_10912,1_100162,271,1_569497230,1_7976676,1774915140,1774915140,default
1774914816,1_10912,40_100451,556,40_635882830,40_7976563,1774915200,1774915200,default
1774914816,1_10912,40_100511,542,40_581722900,40_7976606,1774915560,1774915560,default
1774914816,1_10912,1_100162,271,1_569496920,1_7976670,1774915920,1774915920,default
1774914816,1_10912,1_100162,271,1_569496790,1_7976668,1774916580,1774916580,default
1774914816,1_10912,40_100451,556,40_635883200,40_7976710,1774917000,1774917000,default
1774914816,1_71960,40_100511,542,40_721031410,40_7976685,1774915200,1774915200,default
1774914816,1_3000,1_100089,2,1_788757880,1_8023453,1774914983,1774915032,default
