snapshot_ts,stop_id,route_id,route_short_name,trip_id,vehicle_id,scheduled_arrival_ts,predicted_arrival_ts,status
1774569454,1_970,40_578,578,40_419020,40_9202,1774569062,1774569484,default
1774569454,1_320,40_592,592,40_923020,block_15105_schedBasedVehicle,1774570680,1774569552,default
1774569454,1_2850,1_100089,2,1_491928949,1_7975119,1774569660,1774569660,default
1774569454,1_46505,1_102619,F Line,1_694521709,1_7976229,1774569660,1774569660,default
1774569454,1_46505,1_102619,F Line,1_694522129,1_7976085,1774570260,1774570260,default
1774569454,1_280,40_100240,554,40_560096539,40_9636,1774569321,1774569502,default
1774569454,1_280,1_100011,111,1_664454909,1_7976635,1774569261,1774569519,default
1774569454,1_27420,23_102638,First Hill Streetcar,23_55295719,23_404,1774569540,1774569476,default
1774569454,1_27420,1_100249,60,1_689961549,1_7090,1774569188,1774569560,default
1774569454,1_8671,1_100275,8,1_693945119,1_8208,1774569531,1774569485,default
1774569454,3_31002,40_560,560,40_3037020,40_9215,1774569745,1774569820,default
1774569454,1_40012,1_100026,128,1_651742819,1_1031,1774569575,1774569480,default
1774569454,1_52306,1_102719,161,1_693754319,1_7488,1774571220,1774569362,default
1774569454,1_52306,1_102719,161,1_664468349,1_7976218,1774569540,1774569540,default
1774569454,1_52306,1_102619,F Line,1_656236699,1_7976226,1774569900,1774569900,default
1774569454,1_52306,1_102719,161,1_693753589,1_7976230,1774570500,1774570500,default
1774569454,1_52306,1_102719,161,1_693754319,1_7976220,1774571220,1774571220,default
1774569454,1_53536,1_100074,183,1_721501299,1_7173,1774569571,1774569509,default
1774569454,1_59282,1_100072,181,1_721481549,1_7108,1774569600,1774568746,default
1774569454,1_59282,1_102717,165,1_664465499,1_7432,1774570380,1774568975,default
1774569454,1_620,40_515,515,40_15046848__KPOB-CS:253:2:Thu-Fri:1:25SEP:85043:45,40_91728,1774570800,1774569525,default
1774569454,1_620,40_100240,554,40_774872179,40_9632,1774568880,1774569640,default
1774569454,1_620,40_515,515,40_15047353__KPOB-CS:253:2:Thu-Fri:1:25SEP:85081:45,40_KPOB-CS:253:2:Thu-Fri:1:25SEP:85081:45,1774569600,1774569979,default
1774569454,1_620,40_100239,550,40_597759269,40_9687,1774569300,1774570137,default
1774569454,1_620,29_424,424,29_14876206__MCOB-DO:123:0:Weekday:1:25SEP:61049:12345,29_MCOB-DO:123:0:Weekday:1:25SEP:61049:12345,1774570200,1774570200,default
1774569454,1_620,40_515,515,40_15047216__KPOB-CS:253:2:Thu-Fri:1:25SEP:85083:45,40_KPOB-CS:253:2:Thu-Fri:1:25SEP:85083:45,1774570200,1774570255,default
1774569454,1_620,40_515,515,40_15046848__KPOB-CS:253:2:Thu-Fri:1:25SEP:85043:45,40_KPOB-CS:253:2:Thu-Fri:1:25SEP:85043:45,1774570800,1774570392,default
1774569454,1_620,1_102754,256,1_778603729,1_7976735,1774570500,1774570500,default
1774569454,1_620,40_510,510,40_15047266__KPOB-CS:253:2:Thu-Fri:1:25SEP:85057:45,40_KPOB-CS:253:2:Thu-Fri:1:25SEP:85057:45,1774570200,1774571404,default
1774569454,1_620,40_510,510,40_15047372__KPOB-CS:253:2:Thu-Fri:1:25SEP:85084:45,40_KPOB-CS:253:2:Thu-Fri:1:25SEP:85084:45,1774572300,1774571819,default
1774569454,1_620,40_515,515,40_15047093__KPOB-CS:253:2:Thu-Fri:1:25SEP:85052:45,40_KPOB-CS:253:2:Thu-Fri:1:25SEP:85052:45,1774572000,1774572000,default
1774569454,1_620,1_102754,256,1_778603739,1_7976728,1774572300,1774572300,default
1774569454,1_10912,40_100511,542,40_581722909,40_7976606,1774569960,1774569960,default
1774569454,1_10912,1_100162,271,1_569496929,1_7976670,1774570320,1774570320,default
1774569454,1_10912,1_100162,271,1_569496799,1_7976668,1774570980,1774570980,default
1774569454,1_10912,40_100451,556,40_635883209,40_7976710,1774571400,1774571400,default
1774569754,1_575,1_100028,13,1_605111539,1_7169,1774569360,1774569867,default
1774569754,1_2850,1_100089,2,1_491928959,1_7120,1774570320,1774569585,default
1774569754,1_2850,1_100089,2,1_491928959,1_7975111,1774570320,1774570320,default
1774569754,1_46505,1_102619,F Line,1_694522129,1_7976085,1774570260,1774570260,default
1774569754,1_40060,1_102574,40,1_778707719,1_8116,1774569993,1774569740,default
1774569754,1_280,1_100011,111,1_664454909,1_7976635,1774569261,1774569834,default
1774569754,1_72494,1_100160,269,1_720964939,1_7976380,1774571040,1774571040,default
1774569754,1_52306,1_102719,161,1_693754319,1_7488,1774571220,1774569362,default
1774569754,1_52306,1_102619,F Line,1_656236699,1_7976226,1774569900,1774569900,default
1774569754,1_52306,1_102719,161,1_693753589,1_7976230,1774570500,1774570500,default
1774569754,1_52306,1_102619,F Line,1_694522049,1_7975998,1774570500,1774570500,default
1774569754,1_40065,1_102574,40,1_778707719,1_8116,1774570105,1774569851,default
1774569754,1_59282,1_102717,165,1_664465499,1_7432,1774570380,1774568975,default
1774569754,1_620,40_515,515,40_15046848__KPOB-CS:253:2:Thu-Fri:1:25SEP:85043:45,40_91728,1774570800,1774569525,default
1774569754,1_620,40_515,515,40_15047353__KPOB-CS:253:2:Thu-Fri:1:25SEP:85081:45,40_KPOB-CS:253:2:Thu-Fri:1:25SEP:85081:45,1774569600,1774570130,default
1774569754,1_620,29_424,424,29_14876206__MCOB-DO:123:0:Weekday:1:25SEP:61049:12345,29_MCOB-DO:123:0:Weekday:1:25SEP:61049:12345,1774570200,1774570200,default
1774569754,1_620,40_100239,550,40_597759269,40_9687,1774569300,1774570201,default
1774569754,1_620,40_515,515,40_15047216__KPOB-CS:253:2:Thu-Fri:1:25SEP:85083:45,40_KPOB-CS:253:2:Thu-Fri:1:25SEP:85083:45,1774570200,1774570429,default
1774569754,1_620,1_102754,256,1_778603729,1_7976735,1774570500,1774570500,default
1774569754,1_620,40_510,510,40_15047266__KPOB-CS:253:2:Thu-Fri:1:25SEP:85057:45,40_KPOB-CS:253:2:Thu-Fri:1:25SEP:85057:45,1774570200,1774571574,default
1774569754,1_620,40_510,510,40_15047372__KPOB-CS:253:2:Thu-Fri:1:25SEP:85084:45,40_KPOB-CS:253:2:Thu-Fri:1:25SEP:85084:45,1774572300,1774571607,default
1774569754,1_620,40_515,515,40_15047093__KPOB-CS:253:2:Thu-Fri:1:25SEP:85052:45,40_KPOB-CS:253:2:Thu-Fri:1:25SEP:85052:45,1774572000,1774572000,default
1774569754,1_620,1_102754,256,1_778603739,1_7976728,1774572300,1774572300,default
1774569754,1_620,40_515,515,40_15047283__KPOB-CS:253:2:Thu-Fri:1:25SEP:85062:45,40_KPOB-CS:253:2:Thu-Fri:1:25SEP:85062:45,1774573200,1774573200,default
1774569754,1_10912,40_100511,542,40_581722909,40_7976606,1774569960,1774569960,default
1774569754,1_10912,1_100162,271,1_569496929,1_7976670,1774570320,1774570320,default
1774569754,1_10912,1_100162,271,1_569496799,1_7976668,1774570980,1774570980,default
1774569754,1_10912,40_100451,556,40_635883209,40_7976710,1774571400,1774571400,default
1774569754,1_71960,40_100511,542,40_721030809,40_7976686,1774570860,1774570860,default
1774570054,1_60161,1_100042,148,1_762077939,1_7976072,1774571280,1774571280,default
1774570054,1_575,1_100210,36,1_630543859,1_4356,1774570200,1774569948,default
1774570054,1_575,1_102576,C Line,1_774682269,1_6248,1774569720,1774570104,default
1774570054,1_575,1_100089,2,1_491928929,1_7158,1774570080,1774570139,default
1774570054,1_2850,1_100089,2,1_491928959,1_7120,1774570320,1774569585,default
1774570054,1_46505,1_102619,F Line,1_694522129,1_7976085,1774570260,1774570260,default
1774570054,1_46505,1_102619,F Line,1_656236299,1_7975999,1774571160,1774571160,default
1774570054,1_280,1_100011,111,1_664454909,1_7976635,1774569261,1774570097,default
1774570054,1_3470,1_100210,36,1_630543899,1_4357,1774570140,1774570052,default
1774570054,1_72494,1_100160,269,1_720964939,1_7976380,1774571040,1774571040,default
1774570054,1_52306,1_102719,161,1_693754319,1_7488,1774571220,1774569362,default
1774570054,1_52306,40_560,560,40_3037020,40_9215,1774570440,1774570444,default
1774570054,1_52306,1_102719,161,1_693753589,1_7976230,1774570500,1774570500,default
1774570054,1_52306,1_102619,F Line,1_694522049,1_7975998,1774570500,1774570500,default
1774570054,1_57804,1_100072,181,1_721482079,1_7453,1774570573,1774570692,default
1774570054,1_59282,1_102717,165,1_664465499,1_7432,1774570380,1774568975,default
1774570054,1_75850,1_102615,E Line,1_761418399,1_6087,1774570273,1774570101,default
1774570054,1_620,40_515,515,40_15046848__KPOB-CS:253:2:Thu-Fri:1:25SEP:85043:45,40_91728,1774570800,1774569525,default
1774570054,1_620,40_100236,545,40_563503519,40_7976553,1774569360,1774570304,default
1774570054,1_620,29_424,424,29_14876206__MCOB-DO:123:0:Weekday:1:25SEP:61049:12345,29_MCOB-DO:123:0:Weekday:1:25SEP:61049:12345,1774570200,1774570366,default
1774570054,1_620,1_102754,256,1_778603729,1_7976735,1774570500,1774570500,default
1774570054,1_620,40_515,515,40_15047216__KPOB-CS:253:2:Thu-Fri:1:25SEP:85083:45,40_KPOB-CS:253:2:Thu-Fri:1:25SEP:85083:45,1774570200,1774570556,default
1774570054,1_620,40_510,510,40_15047266__KPOB-CS:253:2:Thu-Fri:1:25SEP:85057:45,40_KPOB-CS:253:2:Thu-Fri:1:25SEP:85057:45,1774570200,1774571651,default
1774570054,1_620,40_510,510,40_15047372__KPOB-CS:253:2:Thu-Fri:1:25SEP:85084:45,40_KPOB-CS:253:2:Thu-Fri:1:25SEP:85084:45,1774572300,1774571811,default
1774570054,1_620,40_515,515,40_15047093__KPOB-CS:253:2:Thu-Fri:1:25SEP:85052:45,40_KPOB-CS:253:2:Thu-Fri:1:25SEP:85052:45,1774572000,1774572000,default
1774570054,1_620,1_102754,256,1_778603739,1_7976728,1774572300,1774572300,default
1774570054,1_620,40_510,510,40_15047320__KPOB-CS:253:2:Thu-Fri:1:25SEP:85085:45,40_KPOB-CS:253:2:Thu-Fri:1:25SEP:85085:45,1774573500,1774572670,default
1774570054,1_620,40_515,515,40_15047283__KPOB-CS:253:2:Thu-Fri:1:25SEP:85062:45,40_KPOB-CS:253:2:Thu-Fri:1:25SEP:85062:45,1774573200,1774573200,default
1774570054,1_10912,1_100162,271,1_569496929,1_7976670,1774570320,1774570320,default
1774570054,1_10912,1_100162,271,1_569496799,1_7976668,1774570980,1774570980,default
1774570054,1_10912,40_100511,542,40_581723459,40_7976604,1774571220,1774571220,default
1774570054,1_10912,40_100451,556,40_635883209,40_7976710,1774571400,1774571400,default
1774570054,1_10912,1_100162,271,1_569496949,1_7976352,1774571580,1774571580,default
1774570054,1_71960,40_100511,542,40_721030809,40_7976686,1774570860,1774570860,default
1774570355,1_60161,1_100042,148,1_762077939,1_3725,1774571280,1774570102,default
1774570355,1_60161,1_100042,148,1_762077939,1_7976072,1774571280,1774571280,default
1774570355,1_320,40_100240,554,40_581723289,40_9806,1774570440,1774570409,default
1774570355,1_46505,1_102619,F Line,1_656236299,1_7975999,1774571160,1774571160,default
1774570355,1_29423,1_102732,79,1_629939789,1_7975558,1774571400,1774571400,default
1774570355,1_60477,1_102715,162,1_721494669,1_7431,1774570669,1774570385,default
1774570355,1_72494,1_100160,269,1_720964939,1_7976380,1774571040,1774571040,default
1774570355,1_52306,1_102719,161,1_693754319,1_7488,1774571220,1774569362,default
1774570355,1_52306,1_102619,F Line,1_694522049,1_7975998,1774570500,1774570500,default
1774570355,1_52306,1_102719,161,1_693753589,1_7976230,1774570500,1774570500,default
1774570355,1_52306,1_102619,F Line,1_694521869,1_7976003,1774571100,1774571100,default
1774570355,1_52306,1_102719,161,1_664467879,1_7976132,1774572060,1774572060,default
1774570355,1_80121,1_102719,161,1_635446679,1_7438,1774570436,1774570480,default
1774570355,1_49350,1_100026,128,1_651742939,1_7487,1774570357,1774570524,default
1774570355,1_57804,1_100072,181,1_721482079,1_7453,1774570573,1774570503,default
1774570355,1_74714,1_102701,225,1_736529879,1_7421,1774569926,1774570500,default
1774570355,1_620,40_515,515,40_15046848__KPOB-CS:253:2:Thu-Fri:1:25SEP:85043:45,40_91728,1774570800,1774569525,default
1774570355,1_620,40_100236,545,40_563503519,40_7976553,1774569360,1774570618,default
1774570355,1_620,40_515,515,40_15047093__KPOB-CS:253:2:Thu-Fri:1:25SEP:85052:45,40_KPOB-CS:253:2:Thu-Fri:1:25SEP:85052:45,1774572000,1774570655,default
1774570355,1_620,40_100239,550,40_597759719,40_7976704,1774569960,1774571140,default
1774570355,1_620,40_510,510,40_15047266__KPOB-CS:253:2:Thu-Fri:1:25SEP:85057:45,40_KPOB-CS:253:2:Thu-Fri:1:25SEP:85057:45,1774570200,1774571698,default
1774570355,1_620,40_510,510,40_15047372__KPOB-CS:253:2:Thu-Fri:1:25SEP:85084:45,40_KPOB-CS:253:2:Thu-Fri:1:25SEP:85084:45,1774572300,1774572040,default
1774570355,1_620,1_102754,256,1_778603739,1_7976728,1774572300,1774572300,default
1774570355,1_620,40_510,510,40_15047320__KPOB-CS:253:2:Thu-Fri:1:25SEP:85085:45,40_KPOB-CS:253:2:Thu-Fri:1:25SEP:85085:45,1774573500,1774572310,default
1774570355,1_620,40_515,515,40_15047283__KPOB-CS:253:2:Thu-Fri:1:25SEP:85062:45,40_KPOB-CS:253:2:Thu-Fri:1:25SEP:85062:45,1774573200,1774573200,default
1774570355,1_10912,1_100162,271,1_569496799,1_7976668,1774570980,1774570980,default
1774570355,1_10912,40_100511,542,40_581723459,40_7976604,1774571220,1774571220,default
1774570355,1_10912,40_100451,556,40_635883209,40_7976710,1774571400,1774571400,default
1774570355,1_10912,1_100162,271,1_569496949,1_7976352,1774571580,1774571580,default
1774570355,1_10912,40_100451,556,40_635883199,40_7976550,1774573320,1774573320,default
1774570355,1_71960,40_100511,542,40_721030809,40_7976686,1774570860,1774570860,default
1774570355,1_81982,1_102746,333,1_778704889,1_7210,1774570479,1774570532,default
1774570654,1_481,1_102736,H Line,1_694056679,1_6073,1774570740,1774570650,default
1774570654,1_60161,1_100042,148,1_762077939,1_3725,1774571280,1774570102,default
1774570654,1_320,1_100104,212,1_694279239,1_6932,1774570440,1774570696,default
1774570654,1_320,1_100459,218,1_694279329,1_6930,1774569720,1774570711,default
1774570654,1_575,1_102581,D Line,1_628190069,1_6080,1774570500,1774570696,default
1774570654,1_575,1_100263,7,1_694071759,1_7974956,1774569240,1774570703,default
1774570654,1_575,1_102615,E Line,1_761418119,1_6057,1774570500,1774570704,default
1774570654,1_46505,1_102619,F Line,1_656236299,1_7975999,1774571160,1774571160,default
1774570654,1_29423,1_102732,79,1_629939789,1_7975558,1774571400,1774571400,default
1774570654,1_57453,1_100060,168,1_693747149,1_7402,1774570500,1774570005,default
1774570654,1_72494,1_100160,269,1_720964939,1_7976380,1774571040,1774571040,default
1774570654,1_79610,1_100487,102,1_762102019,1_8120,1774570802,1774570685,default
1774570654,1_52306,1_102719,161,1_693754319,1_7488,1774571220,1774569362,default
1774570654,1_52306,1_102619,F Line,1_694521869,1_7976003,1774571100,1774571100,default
1774570654,1_52306,1_102719,161,1_664467879,1_7976132,1774572060,1774572060,default
1774570654,1_76312,1_102705,230,1_664298829,1_7243,1774570618,1774570816,default
1774570654,1_59282,1_100072,181,1_721490259,1_7454,1774571340,1774570492,default
1774570654,1_60710,1_100512,A Line,1_721482829,1_6227,1774570636,1774570813,default
1774570654,1_620,40_515,515,40_15047093__KPOB-CS:253:2:Thu-Fri:1:25SEP:85052:45,40_KPOB-CS:253:2:Thu-Fri:1:25SEP:85052:45,1774572000,1774570655,default
1774570654,1_620,40_100236,545,40_563503519,40_9570,1774569360,1774570890,default
1774570654,1_620,40_100239,550,40_597759719,40_9821,1774569960,1774571227,default
1774570654,1_620,40_510,510,40_15047266__KPOB-CS:253:2:Thu-Fri:1:25SEP:85057:45,40_KPOB-CS:253:2:Thu-Fri:1:25SEP:85057:45,1774570200,1774571609,default
1774570654,1_620,40_510,510,40_15047372__KPOB-CS:253:2:Thu-Fri:1:25SEP:85084:45,40_KPOB-CS:253:2:Thu-Fri:1:25SEP:85084:45,1774572300,1774572199,default
1774570654,1_620,1_102754,256,1_778603739,1_7976728,1774572300,1774572300,default
1774570654,1_620,40_510,510,40_15047320__KPOB-CS:253:2:Thu-Fri:1:25SEP:85085:45,40_KPOB-CS:253:2:Thu-Fri:1:25SEP:85085:45,1774573500,1774572441,default
1774570654,1_620,40_515,515,40_15047283__KPOB-CS:253:2:Thu-Fri:1:25SEP:85062:45,40_KPOB-CS:253:2:Thu-Fri:1:25SEP:85062:45,1774573200,1774573200,default
1774570654,1_10912,1_100162,271,1_569496799,1_7976668,1774570980,1774570980,default
1774570654,1_10912,40_100511,542,40_581723459,40_7976604,1774571220,1774571220,default
1774570654,1_10912,40_100451,556,40_635883209,40_7976710,1774571400,1774571400,default
1774570654,1_10912,1_100162,271,1_569496949,1_7976352,1774571580,1774571580,default
1774570654,1_10912,40_100511,542,40_581723489,40_7976607,1774572420,1774572420,default
1774570654,1_10912,1_100162,271,1_569497189,1_7976663,1774572420,1774572420,default
1774570654,1_10912,40_100451,556,40_635883199,40_7976550,1774573320,1774573320,default
1774570654,1_71960,40_100511,542,40_721030809,40_7976686,1774570860,1774570860,default
1774570654,1_8403,1_100039,14,1_562520059,1_4328,1774570800,1774570734,default
1774570954,1_60161,1_100042,148,1_762077939,1_3725,1774571280,1774570102,default
1774570954,1_320,40_590,590,40_493020,40_9125,1774571220,1774571220,default
1774570954,1_2850,1_100089,2,1_491947819,1_7192,1774571100,1774570259,default
1774570954,1_46505,1_102619,F Line,1_656236299,1_7975999,1774571160,1774571160,default
1774570954,1_29423,1_102732,79,1_629939789,1_7975558,1774571400,1774571400,default
1774570954,1_68130,1_102548,B Line,1_721018329,1_6022,1774570888,1774571100,default
1774570954,1_73366,1_102548,B Line,1_721019269,1_6025,1774570420,1774571029,default
1774570954,1_72494,1_100160,269,1_720964939,1_7461,1774571040,1774570907,default
1774570954,1_72494,1_100160,269,1_720964939,1_7976380,1774571040,1774571040,default
1774570954,1_52306,1_102719,161,1_693754319,1_7488,1774571220,1774569362,default
1774570954,1_52306,1_102619,F Line,1_694521869,1_7976003,1774571100,1774571100,default
1774570954,1_52306,1_102619,F Line,1_694522209,1_7976035,1774571700,1774571700,default
1774570954,1_52306,1_102719,161,1_664467879,1_7976132,1774572060,1774572060,default
1774570954,1_9605,1_100259,67,1_761383909,1_7975676,1774570800,1774571110,default
1774570954,1_2200,1_102581,D Line,1_732748809,1_6094,1774570885,1774571113,default
1774570954,1_59282,1_100072,181,1_721490259,1_7454,1774571340,1774570492,default
1774570954,1_59282,1_102717,165,1_664465509,1_7976043,1774572060,1774572060,default
1774570954,1_620,40_515,515,40_15047093__KPOB-CS:253:2:Thu-Fri:1:25SEP:85052:45,40_KPOB-CS:253:2:Thu-Fri:1:25SEP:85052:45,1774572000,1774570655,default
1774570954,1_620,40_100236,545,40_585569839,40_7976564,1774570080,1774571199,default
1774570954,1_620,40_100239,550,40_597759959,40_9574,1774571160,1774571546,default
1774570954,1_620,40_100239,550,40_597759729,40_9657,1774570560,1774571647,default
1774570954,1_620,40_510,510,40_15047266__KPOB-CS:253:2:Thu-Fri:1:25SEP:85057:45,40_KPOB-CS:253:2:Thu-Fri:1:25SEP:85057:45,1774570200,1774571774,default
1774570954,1_620,1_102754,256,1_778603739,1_7976728,1774572300,1774572300,default
1774570954,1_620,40_510,510,40_15047372__KPOB-CS:253:2:Thu-Fri:1:25SEP:85084:45,40_KPOB-CS:253:2:Thu-Fri:1:25SEP:85084:45,1774572300,1774572339,default
1774570954,1_620,40_510,510,40_15047320__KPOB-CS:253:2:Thu-Fri:1:25SEP:85085:45,40_KPOB-CS:253:2:Thu-Fri:1:25SEP:85085:45,1774573500,1774572640,default
1774570954,1_620,40_515,515,40_15047283__KPOB-CS:253:2:Thu-Fri:1:25SEP:85062:45,40_KPOB-CS:253:2:Thu-Fri:1:25SEP:85062:45,1774573200,1774573200,default
1774570954,1_620,1_102754,256,1_778603749,1_6890,1774574160,1774574160,default
1774570954,1_620,40_515,515,40_15047271__KPOB-CS:253:2:Thu-Fri:1:25SEP:85060:45,40_KPOB-CS:253:2:Thu-Fri:1:25SEP:85060:45,1774574400,1774574400,default
1774570954,1_10912,1_100264,70,1_724577229,1_7975098,1774571167,1774571167,default
1774570954,1_10912,40_100511,542,40_581723459,40_7976604,1774571220,1774571220,default
1774570954,1_10912,40_100451,556,40_635883209,40_7976710,1774571400,1774571400,default
1774570954,1_10912,1_100162,271,1_569496949,1_7976352,1774571580,1774571580,default
1774570954,1_10912,40_100511,542,40_581723489,40_7976607,1774572420,1774572420,default
1774570954,1_10912,1_100162,271,1_569497189,1_7976663,1774572420,1774572420,default
1774570954,1_10912,40_100451,556,40_635883199,40_7976550,1774573320,1774573320,default
1774570954,1_8403,1_100039,14,1_562520059,1_4328,1774570800,1774570827,default
1774570954,1_58144,1_102719,161,1_664467859,1_7354,1774571322,1774571066,default
1774571254,1_12170,1_100039,14,1_562520059,1_4328,1774571379,1774571379,default
1774571254,1_60161,1_100042,148,1_762077939,1_3725,1774571280,1774570102,default
1774571254,1_970,1_100487,102,1_762101459,1_8178,1774570776,1774571271,default
1774571254,1_46505,1_102619,F Line,1_635449079,1_7976142,1774572060,1774572060,default
1774571254,1_29423,1_102732,79,1_629939789,1_7975558,1774571400,1774571400,default
1774571254,1_27420,1_100249,60,1_689961479,1_7094,1774571288,1774571363,default
1774571254,1_57453,1_102719,161,1_664467859,1_7354,1774571400,1774571162,default
1774571254,1_60477,1_102715,162,1_721494679,1_7168,1774572409,1774571286,default
1774571254,1_52306,1_102619,F Line,1_694522209,1_7976035,1774571700,1774571700,default
1774571254,1_52306,1_102719,161,1_664467879,1_7976132,1774572060,1774572060,default
1774571254,1_58112,1_102619,F Line,1_694521969,1_6287,1774571136,1774571378,default
1774571254,1_59282,1_102717,165,1_664465509,1_7428,1774572060,1774571090,default
1774571254,1_59282,1_102717,165,1_664465509,1_7976043,1774572060,1774572060,default
1774571254,1_620,40_515,515,40_15047093__KPOB-CS:253:2:Thu-Fri:1:25SEP:85052:45,40_KPOB-CS:253:2:Thu-Fri:1:25SEP:85052:45,1774572000,1774570655,default
1774571254,1_620,40_594,594,40_891020,40_9213,1774571160,1774571444,default
1774571254,1_620,40_100236,545,40_585569839,40_7976564,1774570080,1774571485,default
1774571254,1_620,40_100239,550,40_597759959,40_9574,1774571160,1774571908,default
1774571254,1_620,1_102754,256,1_778603739,1_7976728,1774572300,1774572300,default
1774571254,1_620,40_510,510,40_15047372__KPOB-CS:253:2:Thu-Fri:1:25SEP:85084:45,40_KPOB-CS:253:2:Thu-Fri:1:25SEP:85084:45,1774572300,1774572626,default
1774571254,1_620,40_510,510,40_15047320__KPOB-CS:253:2:Thu-Fri:1:25SEP:85085:45,40_KPOB-CS:253:2:Thu-Fri:1:25SEP:85085:45,1774573500,1774572859,default
1774571254,1_620,40_515,515,40_15047283__KPOB-CS:253:2:Thu-Fri:1:25SEP:85062:45,40_KPOB-CS:253:2:Thu-Fri:1:25SEP:85062:45,1774573200,1774573200,default
1774571254,1_620,1_102754,256,1_778603749,1_6890,1774574160,1774574160,default
1774571254,1_620,40_515,515,40_15047271__KPOB-CS:253:2:Thu-Fri:1:25SEP:85060:45,40_KPOB-CS:253:2:Thu-Fri:1:25SEP:85060:45,1774574400,1774574400,default
1774571254,1_10912,1_100264,70,1_724577789,1_8212,1774571506,1774571421,default
1774571254,1_10912,1_100214,372,1_694305849,1_7976725,1774571444,1774571444,default
1774571254,1_10912,1_100162,271,1_569496949,1_7976352,1774571580,1774571580,default
1774571254,1_10912,40_100511,542,40_581723489,40_7976607,1774572420,1774572420,default
1774571254,1_10912,1_100162,271,1_569497189,1_7976663,1774572420,1774572420,default
1774571254,1_10912,40_100451,556,40_635883199,40_7976550,1774573320,1774573320,default
1774571254,1_71960,40_100511,542,40_721031019,40_7976608,1774572660,1774572660,default
1774571554,1_12170,1_100039,14,1_562520059,1_4328,1774571379,1774571590,default
1774571554,1_575,1_102576,C Line,1_774681099,1_6255,1774571520,1774571636,default
1774571554,1_2850,1_100089,2,1_491928979,1_7133,1774572060,1774570537,default
1774571554,1_46505,1_102619,F Line,1_635449079,1_6282,1774572060,1774571213,default
1774571554,1_27420,23_102638,First Hill Streetcar,23_55295722,23_403,1774571700,1774571663,default
1774571554,3_31002,40_560,560,40_3763020,40_41516,1774571725,1774571795,default
1774571554,1_72494,1_100160,269,1_720964299,1_7976342,1774572960,1774572960,default
1774571554,1_52306,1_102619,F Line,1_694522209,1_7976035,1774571700,1774571700,default
1774571554,1_52306,1_102719,161,1_664467879,1_7976132,1774572060,1774572060,default
1774571554,1_52306,1_102619,F Line,1_694521479,1_7975997,1774572600,1774572600,default
1774571554,1_58112,1_102619,F Line,1_694521709,1_6041,1774571736,1774571619,default
1774571554,1_59282,1_102717,165,1_664465509,1_7428,1774572060,1774571090,default
1774571554,1_10210,1_100264,70,1_724577889,1_8221,1774571797,1774571683,default
1774571554,1_21320,1_100249,60,1_689961589,1_7002,1774571880,1774571596,default
1774571554,1_620,40_515,515,40_15047093__KPOB-CS:253:2:Thu-Fri:1:25SEP:85052:45,40_KPOB-CS:253:2:Thu-Fri:1:25SEP:85052:45,1774572000,1774570655,default
1774571554,1_620,40_515,515,40_15047093__KPOB-CS:253:2:Thu-Fri:1:25SEP:85052:45,40_91905,1774572000,1774570655,default
1774571554,1_620,40_100236,545,40_585569839,40_9820,1774570080,1774571730,default
1774571554,1_620,40_100239,550,40_597759959,40_9574,1774571160,1774571943,default
1774571554,1_620,1_102754,256,1_778603739,1_7976728,1774572300,1774572300,default
1774571554,1_620,40_510,510,40_15047372__KPOB-CS:253:2:Thu-Fri:1:25SEP:85084:45,40_KPOB-CS:253:2:Thu-Fri:1:25SEP:85084:45,1774572300,1774572710,default
1774571554,1_620,40_510,510,40_15047320__KPOB-CS:253:2:Thu-Fri:1:25SEP:85085:45,40_KPOB-CS:253:2:Thu-Fri:1:25SEP:85085:45,1774573500,1774573066,default
1774571554,1_620,40_515,515,40_15047283__KPOB-CS:253:2:Thu-Fri:1:25SEP:85062:45,40_KPOB-CS:253:2:Thu-Fri:1:25SEP:85062:45,1774573200,1774573200,default
1774571554,1_620,1_102754,256,1_778603749,1_6890,1774574160,1774574160,default
1774571554,1_620,40_515,515,40_15047271__KPOB-CS:253:2:Thu-Fri:1:25SEP:85060:45,40_KPOB-CS:253:2:Thu-Fri:1:25SEP:85060:45,1774574400,1774574400,default
1774571554,1_620,40_510,510,40_15047257__KPOB-CS:253:2:Thu-Fri:1:25SEP:85073:45,40_KPOB-CS:253:2:Thu-Fri:1:25SEP:85073:45,1774575000,1774575000,default
1774571554,1_10912,40_100511,542,40_581723489,40_7976607,1774572420,1774572420,default
1774571554,1_10912,1_100162,271,1_569497189,1_7976663,1774572420,1774572420,default
1774571554,1_10912,40_100451,556,40_635883199,40_7976550,1774573320,1774573320,default
1774571554,1_10912,1_100162,271,1_569554149,1_7976662,1774573380,1774573380,default
1774571554,1_71960,40_100511,542,40_721031019,40_7976608,1774572660,1774572660,default
1774571854,1_60161,1_100042,148,1_762077989,1_3734,1774573080,1774571640,default
1774571854,1_60161,1_100042,148,1_762077989,1_7976052,1774573080,1774573080,default
1774571854,1_60453,1_102715,162,1_721494679,1_7168,1774572660,1774571655,default
1774571854,1_575,1_100028,13,1_605110619,1_7120,1774571940,1774571950,default
1774571854,1_2850,1_100089,2,1_491928979,1_7133,1774572060,1774570537,default
1774571854,1_46505,1_102619,F Line,1_635449079,1_6282,1774572060,1774571213,default
1774571854,1_85120,1_100012,113,1_605094969,1_6949,1774571978,1774571830,default
1774571854,1_72494,1_100160,269,1_720964299,1_7976342,1774572960,1774572960,default
1774571854,1_52306,1_102719,161,1_664467879,1_7976132,1774572060,1774572060,default
1774571854,1_52306,1_102619,F Line,1_694521479,1_7975997,1774572600,1774572600,default
1774571854,1_59282,1_102717,165,1_664465509,1_7428,1774572060,1774571090,default
1774571854,1_14280,1_102581,D Line,1_585677409,1_6105,1774572082,1774571934,default
1774571854,1_620,1_102754,256,1_778603739,1_7976728,1774572300,1774572300,default
1774571854,1_620,40_100239,550,40_597760059,40_9666,1774571820,1774572679,default
1774571854,1_620,40_510,510,40_15047372__KPOB-CS:253:2:Thu-Fri:1:25SEP:85084:45,40_KPOB-CS:253:2:Thu-Fri:1:25SEP:85084:45,1774572300,1774572800,default
1774571854,1_620,40_515,515,40_15047283__KPOB-CS:253:2:Thu-Fri:1:25SEP:85062:45,40_KPOB-CS:253:2:Thu-Fri:1:25SEP:85062:45,1774573200,1774573200,default
1774571854,1_620,40_510,510,40_15047320__KPOB-CS:253:2:Thu-Fri:1:25SEP:85085:45,40_KPOB-CS:253:2:Thu-Fri:1:25SEP:85085:45,1774573500,1774573280,default
1774571854,1_620,1_102754,256,1_778603749,1_6890,1774574160,1774574160,default
1774571854,1_620,40_515,515,40_15047271__KPOB-CS:253:2:Thu-Fri:1:25SEP:85060:45,40_KPOB-CS:253:2:Thu-Fri:1:25SEP:85060:45,1774574400,1774574400,default
1774571854,1_620,40_510,510,40_15047257__KPOB-CS:253:2:Thu-Fri:1:25SEP:85073:45,40_KPOB-CS:253:2:Thu-Fri:1:25SEP:85073:45,1774575000,1774575000,default
1774571854,1_10912,1_100264,70,1_724577219,1_7975076,1774572046,1774572046,default
1774571854,1_10912,40_100511,542,40_581723489,40_7976607,1774572420,1774572420,default
1774571854,1_10912,1_100162,271,1_569497189,1_7976663,1774572420,1774572420,default
1774571854,1_10912,40_100451,556,40_635883199,40_7976550,1774573320,1774573320,default
1774571854,1_10912,1_100162,271,1_569554149,1_7976662,1774573380,1774573380,default
1774571854,1_10912,40_100451,556,40_635883589,40_7976589,1774575000,1774575147,default
1774571854,1_71960,40_100511,542,40_721031019,40_7976608,1774572660,1774572660,default
1774571854,1_81982,1_100196,331,1_778699509,1_7238,1774571831,1774572031,default
1774571854,1_58144,1_102719,161,1_664468349,1_7340,1774572240,1774571927,default
1774572154,1_26560,1_102574,40,1_761403719,1_8253,1774572083,1774572303,default
1774572154,1_60161,1_100042,148,1_762077989,1_3734,1774573080,1774571640,default
1774572154,1_970,40_592,592,40_2735020,40_9719,1774572210,1774572210,default
1774572154,1_575,1_100263,7,1_694070739,1_4520,1774571940,1774572206,default
1774572154,1_2850,1_100089,2,1_491928999,1_7152,1774573500,1774573084,default
1774572154,1_72494,1_100160,269,1_720964299,1_7976342,1774572960,1774572960,default
1774572154,1_52306,40_560,560,40_3763020,40_41516,1774572420,1774572373,default
1774572154,1_52306,1_102619,F Line,1_694521479,1_7975997,1774572600,1774572600,default
1774572154,1_8530,1_100005,106,1_727784889,1_7012,1774572426,1774572165,default
1774572154,1_99254,1_100003,101,1_694513059,1_6956,1774571740,1774572249,default
1774572154,1_2200,1_100275,8,1_759808879,1_8005,1774572753,1774572201,default
1774572154,1_57804,1_100072,181,1_721481719,1_7351,1774572433,1774572580,default
1774572154,1_59282,1_102717,165,1_664465519,1_1014,1774573740,1774572072,default
1774572154,1_45230,1_100133,240,1_787241089,1_7338,1774572327,1774572204,default
1774572154,1_55831,1_100005,106,1_727784859,1_7166,1774572409,1774572199,default
1774572154,1_620,40_100239,550,40_597760059,40_9666,1774571820,1774572779,default
1774572154,1_620,40_510,510,40_15047372__KPOB-CS:253:2:Thu-Fri:1:25SEP:85084:45,40_KPOB-CS:253:2:Thu-Fri:1:25SEP:85084:45,1774572300,1774572822,default
1774572154,1_620,40_515,515,40_15047283__KPOB-CS:253:2:Thu-Fri:1:25SEP:85062:45,40_KPOB-CS:253:2:Thu-Fri:1:25SEP:85062:45,1774573200,1774573200,default
1774572154,1_620,40_510,510,40_15047320__KPOB-CS:253:2:Thu-Fri:1:25SEP:85085:45,40_KPOB-CS:253:2:Thu-Fri:1:25SEP:85085:45,1774573500,1774573390,default
1774572154,1_620,1_102754,256,1_778603749,1_6890,1774574160,1774574160,default
1774572154,1_620,40_515,515,40_15047271__KPOB-CS:253:2:Thu-Fri:1:25SEP:85060:45,40_KPOB-CS:253:2:Thu-Fri:1:25SEP:85060:45,1774574400,1774574400,default
1774572154,1_620,40_510,510,40_15047257__KPOB-CS:253:2:Thu-Fri:1:25SEP:85073:45,40_KPOB-CS:253:2:Thu-Fri:1:25SEP:85073:45,1774575000,1774575000,default
1774572154,1_620,40_515,515,40_15047296__KPOB-CS:253:2:Thu-Fri:1:25SEP:85054:45,40_KPOB-CS:253:2:Thu-Fri:1:25SEP:85054:45,1774575600,1774575600,default
1774572154,1_10912,40_100511,542,40_581723489,40_7976607,1774572420,1774572420,default
1774572154,1_10912,1_100162,271,1_569497189,1_7976663,1774572420,1774572420,default
1774572154,1_10912,40_100451,556,40_635883199,40_7976550,1774573320,1774573320,default
1774572154,1_10912,1_100162,271,1_569554149,1_7976662,1774573380,1774573380,default
1774572154,1_10912,40_100511,542,40_581724879,40_7976685,1774573680,1774573680,default
1774572154,1_10912,40_100451,556,40_635883589,40_7976589,1774575000,1774575018,default
1774572154,1_71960,40_100511,542,40_721031019,40_7976608,1774572660,1774572660,default
1774572454,1_60161,1_100042,148,1_762077989,1_3734,1774573080,1774571640,default
1774572454,1_320,40_590,590,40_2687020,40_9736,1774573080,1774572512,default
1774572454,1_46505,1_102619,F Line,1_656237449,1_7976004,1774572960,1774572960,default
1774572454,1_72494,1_100160,269,1_720964299,1_7976342,1774572960,1774572960,default
1774572454,1_79610,1_100006,107,1_635438149,1_3735,1774572712,1774572415,default
1774572454,1_52306,1_102619,F Line,1_694521479,1_7975997,1774572600,1774572600,default
1774572454,1_8530,1_100039,14,1_562520099,1_7974992,1774572302,1774572592,default
1774572454,1_99254,40_594,594,40_878020,40_61402,1774572513,1774572623,default
1774572454,1_82187,1_100259,67,1_724948459,1_8295,1774572562,1774572452,default
1774572454,1_40065,1_102574,40,1_778707459,1_8102,1774572565,1774572488,default
1774572454,1_2200,1_102581,D Line,1_732750459,1_6091,1774572325,1774572600,default
1774572454,1_59282,1_100072,181,1_721481879,1_7453,1774573020,1774572001,default
1774572454,1_59282,1_102717,165,1_664465519,1_1014,1774573740,1774572072,default
1774572454,1_82810,1_100133,240,1_761786089,1_7309,1774572657,1774572534,default
1774572454,1_620,40_100236,545,40_585570399,40_9660,1774571520,1774572672,default
1774572454,1_620,40_100239,550,40_597760059,40_9666,1774571820,1774572683,default
1774572454,1_620,40_100240,554,40_774872599,40_9656,1774572240,1774572709,default
1774572454,1_620,40_515,515,40_15047283__KPOB-CS:253:2:Thu-Fri:1:25SEP:85062:45,40_KPOB-CS:253:2:Thu-Fri:1:25SEP:85062:45,1774573200,1774573200,default
1774572454,1_620,40_510,510,40_15047320__KPOB-CS:253:2:Thu-Fri:1:25SEP:85085:45,40_KPOB-CS:253:2:Thu-Fri:1:25SEP:85085:45,1774573500,1774573547,default
1774572454,1_620,1_102754,256,1_778603749,1_6890,1774574160,1774574160,default
1774572454,1_620,40_515,515,40_15047271__KPOB-CS:253:2:Thu-Fri:1:25SEP:85060:45,40_KPOB-CS:253:2:Thu-Fri:1:25SEP:85060:45,1774574400,1774574400,default
1774572454,1_620,40_510,510,40_15047257__KPOB-CS:253:2:Thu-Fri:1:25SEP:85073:45,40_KPOB-CS:253:2:Thu-Fri:1:25SEP:85073:45,1774575000,1774575000,default
1774572454,1_620,40_515,515,40_15047296__KPOB-CS:253:2:Thu-Fri:1:25SEP:85054:45,40_KPOB-CS:253:2:Thu-Fri:1:25SEP:85054:45,1774575600,1774575600,default
1774572454,1_620,1_102754,256,1_778603759,1_7976732,1774576020,1774576020,default
1774572454,1_10912,40_100451,556,40_635883199,40_7976550,1774573320,1774573320,default
1774572454,1_10912,1_100162,271,1_569554149,1_7976662,1774573380,1774573559,default
1774572454,1_10912,40_100511,542,40_581724879,40_7976685,1774573680,1774573680,default
1774572454,1_10912,40_100451,556,40_635883589,40_7976589,1774575000,1774575139,default
1774572454,1_71960,40_100511,542,40_721031019,40_7976608,1774572660,1774572660,default
1774572754,1_60161,1_100042,148,1_762077989,1_3734,1774573080,1774571640,default
1774572754,1_2850,1_100089,2,1_491928999,1_7152,1774573500,1774572620,default
1774572754,1_2850,1_100089,2,1_491928999,1_7975118,1774573500,1774573500,default
1774572754,1_46505,1_102619,F Line,1_656237449,1_7976004,1774572960,1774572960,default
1774572754,1_280,1_100011,111,1_664454929,1_7976577,1774571633,1774572797,default
1774572754,1_60477,1_102715,162,1_721494689,1_7071,1774573609,1774572701,default
1774572754,1_72494,1_100160,269,1_720964299,1_7976342,1774572960,1774572960,default
1774572754,1_59282,1_100072,181,1_721481879,1_7453,1774573020,1774572001,default
1774572754,1_59282,1_102717,165,1_664465519,1_1014,1774573740,1774572072,default
1774572754,1_25791,1_100214,372,1_694306709,1_6992,1774572741,1774572985,default
1774572754,1_620,1_100003,101,1_694513109,1_8100,1774572960,1774572873,default
1774572754,1_620,40_594,594,40_878020,40_61402,1774572900,1774572986,default
1774572754,1_620,40_100236,545,40_563504059,40_7976552,1774572240,1774573054,default
1774572754,1_620,40_515,515,40_15047283__KPOB-CS:253:2:Thu-Fri:1:25SEP:85062:45,40_KPOB-CS:253:2:Thu-Fri:1:25SEP:85062:45,1774573200,1774573386,default
1774572754,1_620,40_100239,550,40_597760469,40_9811,1774572420,1774573450,default
1774572754,1_620,40_510,510,40_15047320__KPOB-CS:253:2:Thu-Fri:1:25SEP:85085:45,40_KPOB-CS:253:2:Thu-Fri:1:25SEP:85085:45,1774573500,1774573491,default
1774572754,1_620,1_102754,256,1_778603749,1_6890,1774574160,1774574160,default
1774572754,1_620,40_515,515,40_15047271__KPOB-CS:253:2:Thu-Fri:1:25SEP:85060:45,40_KPOB-CS:253:2:Thu-Fri:1:25SEP:85060:45,1774574400,1774574400,default
1774572754,1_620,40_510,510,40_15047257__KPOB-CS:253:2:Thu-Fri:1:25SEP:85073:45,40_KPOB-CS:253:2:Thu-Fri:1:25SEP:85073:45,1774575000,1774575000,default
1774572754,1_620,40_515,515,40_15047296__KPOB-CS:253:2:Thu-Fri:1:25SEP:85054:45,40_KPOB-CS:253:2:Thu-Fri:1:25SEP:85054:45,1774575600,1774575600,default
1774572754,1_620,1_102754,256,1_778603759,1_7976732,1774576020,1774576020,default
1774572754,1_16990,1_102574,40,1_778707459,1_8102,1774572996,1774572868,default
1774572754,1_10912,40_100451,556,40_635883199,40_7976550,1774573320,1774573320,default
1774572754,1_10912,1_100162,271,1_569554149,1_7976662,1774573380,1774573530,default
1774572754,1_10912,40_100511,542,40_581724879,40_7976685,1774573680,1774573680,default
1774572754,1_10912,1_100162,271,1_569496359,1_7301,1774574340,1774574340,default
1774572754,1_10912,40_100451,556,40_635883589,40_7976589,1774575000,1774575000,default
1774572754,1_8403,1_100039,14,1_562520109,1_4310,1774572600,1774572804,default
1774573054,1_12170,1_100039,14,1_562520109,1_4310,1774573179,1774573179,default
1774573054,1_52638,40_574,574,40_1391020,40_9303,1774573142,1774573109,default
1774573054,1_26560,1_102574,40,1_761403869,1_8112,1774573256,1774573187,default
1774573054,1_60161,1_100042,148,1_762077989,1_3734,1774573080,1774571640,default
1774573054,1_8541,1_100263,7,1_770868779,1_4515,1774572360,1774573098,default
1774573054,1_60453,1_102715,162,1_721494689,1_7071,1774573860,1774572975,default
1774573054,1_575,1_100219,4,1_675344729,1_4311,1774572840,1774573100,default
1774573054,1_575,1_100089,2,1_491947819,1_7192,1774572600,1774573117,default
1774573054,1_2850,1_100089,2,1_491928999,1_7152,1774573500,1774572620,default
1774573054,1_46505,1_102619,F Line,1_656236449,1_7976083,1774573920,1774573920,default
1774573054,1_27420,23_102638,First Hill Streetcar,23_55295724,23_404,1774573140,1774573075,default
1774573054,1_52306,1_102719,161,1_635446339,1_7976090,1774574160,1774574160,default
1774573054,1_8530,1_100005,106,1_727784859,1_7166,1774573326,1774573045,default
1774573054,1_59282,1_102717,165,1_664465519,1_1014,1774573740,1774572072,default
1774573054,1_21320,1_100249,60,1_689961639,1_7091,1774573320,1774573139,default
1774573054,1_620,40_594,594,40_878020,40_61402,1774572900,1774573270,default
1774573054,1_620,40_100236,545,40_563504059,40_9584,1774572240,1774573319,default
1774573054,1_620,40_100236,545,40_563504219,40_7976560,1774572840,1774573351,default
1774573054,1_620,40_515,515,40_15047271__KPOB-CS:253:2:Thu-Fri:1:25SEP:85060:45,40_KPOB-CS:253:2:Thu-Fri:1:25SEP:85060:45,1774574400,1774573392,default
1774573054,1_620,40_100239,550,40_597760469,40_9811,1774572420,1774573438,default
1774573054,1_620,40_515,515,40_15047283__KPOB-CS:253:2:Thu-Fri:1:25SEP:85062:45,40_KPOB-CS:253:2:Thu-Fri:1:25SEP:85062:45,1774573200,1774573548,default
1774573054,1_620,40_510,510,40_15047320__KPOB-CS:253:2:Thu-Fri:1:25SEP:85085:45,40_KPOB-CS:253:2:Thu-Fri:1:25SEP:85085:45,1774573500,1774573788,default
1774573054,1_620,1_102754,256,1_778603749,1_6890,1774574160,1774574160,default
1774573054,1_620,40_510,510,40_15047257__KPOB-CS:253:2:Thu-Fri:1:25SEP:85073:45,40_KPOB-CS:253:2:Thu-Fri:1:25SEP:85073:45,1774575000,1774575000,default
1774573054,1_620,40_515,515,40_15047296__KPOB-CS:253:2:Thu-Fri:1:25SEP:85054:45,40_KPOB-CS:253:2:Thu-Fri:1:25SEP:85054:45,1774575600,1774575600,default
1774573054,1_620,1_102754,256,1_778603759,1_7976732,1774576020,1774576020,default
1774573054,1_10912,40_100451,556,40_635883199,40_7976550,1774573320,1774573320,default
1774573054,1_10912,1_100162,271,1_569554149,1_7976662,1774573380,1774573380,default
1774573054,1_10912,40_100511,542,40_581724879,40_7976685,1774573680,1774573680,default
1774573054,1_10912,1_100162,271,1_569496359,1_7301,1774574340,1774574340,default
1774573054,1_10912,1_100162,271,1_569496359,1_7976351,1774574340,1774574340,default
1774573054,1_10912,40_100451,556,40_635883589,40_7976589,1774575000,1774575000,default
1774573354,1_85800,1_100196,331,1_778705869,1_7251,1774573371,1774573441,default
1774573354,1_60161,1_100042,148,1_762078049,1_7976054,1774574880,1774574880,default
1774573354,1_320,1_100011,111,1_664454929,1_6933,1774571760,1774573409,default
1774573354,1_320,40_100239,550,40_597760749,40_9657,1774572660,1774573440,default
1774573354,1_2850,1_100089,2,1_692105949,1_7029,1774574040,1774572586,default
1774573354,1_2850,1_100089,2,1_491928999,1_7152,1774573500,1774572620,default
1774573354,1_46505,1_102619,F Line,1_656236449,1_7976083,1774573920,1774573920,default
1774573354,1_40060,1_102574,40,1_778707849,1_8199,1774573713,1774573354,default
1774573354,1_280,40_100240,554,40_581724259,40_7976690,1774572261,1774573410,default
1774573354,3_31002,40_560,560,40_3609020,40_41510,1774573500,1774573504,default
1774573354,1_72494,1_100160,269,1_720964049,1_7976341,1774574520,1774574520,default
1774573354,1_52306,1_102719,161,1_635446339,1_7976090,1774574160,1774574160,default
1774573354,1_52306,1_102619,F Line,1_694521719,1_7976229,1774574400,1774574400,default
1774573354,1_40030,1_102574,40,1_761403399,1_8116,1774573211,1774573453,default
1774573354,1_40065,1_102574,40,1_778707849,1_8199,1774573825,1774573432,default
1774573354,1_59282,1_102717,165,1_664465519,1_1014,1774573740,1774572072,default
1774573354,1_620,40_515,515,40_15047271__KPOB-CS:253:2:Thu-Fri:1:25SEP:85060:45,40_KPOB-CS:253:2:Thu-Fri:1:25SEP:85060:45,1774574400,1774573392,default
1774573354,1_620,40_100236,545,40_563504219,40_7976560,1774572840,1774573592,default
1774573354,1_620,40_510,510,40_15047320__KPOB-CS:253:2:Thu-Fri:1:25SEP:85085:45,40_KPOB-CS:253:2:Thu-Fri:1:25SEP:85085:45,1774573500,1774574011,default
1774573354,1_620,40_100239,550,40_597760789,40_9818,1774573020,1774574137,default
1774573354,1_620,1_102754,256,1_778603749,1_6890,1774574160,1774574160,default
1774573354,1_620,40_510,510,40_15047257__KPOB-CS:253:2:Thu-Fri:1:25SEP:85073:45,40_KPOB-CS:253:2:Thu-Fri:1:25SEP:85073:45,1774575000,1774575000,default
1774573354,1_620,40_515,515,40_15047296__KPOB-CS:253:2:Thu-Fri:1:25SEP:85054:45,40_KPOB-CS:253:2:Thu-Fri:1:25SEP:85054:45,1774575600,1774575600,default
1774573354,1_620,1_102754,256,1_778603759,1_7976732,1774576020,1774576020,default
1774573354,1_10912,40_100511,542,40_581724879,40_7976685,1774573680,1774573680,default
1774573354,1_10912,1_100162,271,1_569496359,1_7976351,1774574340,1774574340,default
1774573354,1_10912,40_100451,556,40_635883589,40_7976589,1774575000,1774575000,default
1774573354,1_10912,1_100162,271,1_569496519,1_7976382,1774575240,1774575240,default
1774573354,1_10912,40_100511,542,40_581725449,40_7976686,1774575480,1774575480,default
1774573655,1_103,1_102745,G Line,1_736436169,1_6401,1774573518,1774573688,default
1774573655,1_60161,1_100042,148,1_762078049,1_7976054,1774574880,1774574880,default
1774573655,1_2850,1_100089,2,1_692105949,1_7029,1774574040,1774572586,default
1774573655,1_46505,1_102619,F Line,1_656236449,1_7976083,1774573920,1774573920,default
1774573655,1_89990,29_130,130,29_14875641__MCOB-DO:123:0:Weekday:1:25SEP:41027:12345,29_15100,1774573740,1774573695,default
1774573655,1_72494,1_100160,269,1_720964049,1_7976341,1774574520,1774574520,default
1774573655,1_52306,1_102719,161,1_635446339,1_7976090,1774574160,1774574160,default
1774573655,1_52306,1_102619,F Line,1_694521719,1_7976229,1774574400,1774574400,default
1774573655,1_2200,1_102581,D Line,1_732748509,1_6081,1774573765,1774573803,default
1774573655,1_57804,1_100072,181,1_721482019,1_7323,1774574176,1774574250,default
1774573655,1_71678,1_102552,226,1_778457479,1_7460,1774573940,1774573664,default
1774573655,1_620,40_515,515,40_15047271__KPOB-CS:253:2:Thu-Fri:1:25SEP:85060:45,40_KPOB-CS:253:2:Thu-Fri:1:25SEP:85060:45,1774574400,1774573392,default
1774573655,1_620,40_100236,545,40_563504219,40_7976560,1774572840,1774573938,default
1774573655,1_620,40_100236,545,40_563504169,40_7976554,1774573440,1774573941,default
1774573655,1_620,40_510,510,40_15047320__KPOB-CS:253:2:Thu-Fri:1:25SEP:85085:45,40_KPOB-CS:253:2:Thu-Fri:1:25SEP:85085:45,1774573500,1774574011,default
1774573655,1_620,1_100104,212,1_694279279,1_6953,1774573380,1774574101,default
1774573655,1_620,1_102754,256,1_778603749,1_6890,1774574160,1774574160,default
1774573655,1_620,40_100239,550,40_597760789,40_9818,1774573020,1774574260,default
1774573655,1_620,40_510,510,40_15047257__KPOB-CS:253:2:Thu-Fri:1:25SEP:85073:45,40_KPOB-CS:253:2:Thu-Fri:1:25SEP:85073:45,1774575000,1774575000,default
1774573655,1_620,40_515,515,40_15047296__KPOB-CS:253:2:Thu-Fri:1:25SEP:85054:45,40_KPOB-CS:253:2:Thu-Fri:1:25SEP:85054:45,1774575600,1774575600,default
1774573655,1_620,1_102754,256,1_778603759,1_7976732,1774576020,1774576020,default
1774573655,1_10912,1_100162,271,1_569496359,1_7976351,1774574340,1774574340,default
1774573655,1_10912,40_100451,556,40_635883589,40_7976589,1774575000,1774575000,default
1774573655,1_10912,1_100162,271,1_569496519,1_7976382,1774575240,1774575240,default
1774573655,1_10912,40_100511,542,40_581725449,40_7976686,1774575480,1774575480,default
1774573655,1_71960,40_100511,542,40_721031199,40_7976604,1774574580,1774574580,default
1774573955,1_12170,1_100039,14,1_562520119,1_4359,1774573959,1774573959,default
1774573955,1_46791,1_100016,118,1_669631299,1_3704,1774574040,1774574129,default
1774573955,1_60161,1_100042,148,1_762078049,1_7976054,1774574880,1774574880,default
1774573955,1_30790,1_100249,60,1_689961719,1_7090,1774573463,1774573973,default
1774573955,1_320,40_590,590,40_1295020,40_9213,1774574520,1774573986,default
1774573955,1_68784,1_102548,B Line,1_721019329,1_6027,1774574019,1774573911,default
1774573955,1_575,1_100219,4,1_675344969,1_4334,1774574040,1774573912,default
1774573955,1_2850,1_100089,2,1_692105949,1_7029,1774574040,1774572586,default
1774573955,1_46505,1_102619,F Line,1_656237609,1_7975998,1774574820,1774574820,default
1774573955,1_29423,1_102732,79,1_561369689,1_7975557,1774575000,1774575000,default
1774573955,1_280,40_100240,554,40_581724259,40_7976690,1774572261,1774573997,default
1774573955,1_2320,1_100001,1,1_562520179,1_4353,1774573585,1774574026,default
1774573955,1_60477,1_102715,162,1_721494699,1_7101,1774574569,1774573932,default
1774573955,1_68130,1_102548,B Line,1_721019599,1_6029,1774573856,1774574028,default
1774573955,1_72494,1_100160,269,1_720964049,1_7976341,1774574520,1774574520,default
1774573955,1_52306,1_102719,161,1_635446339,1_7976090,1774574160,1774574160,default
1774573955,1_52306,40_560,560,40_3609020,40_41510,1774574160,1774574204,default
1774573955,1_52306,1_102619,F Line,1_694521719,1_7976229,1774574400,1774574400,default
1774573955,1_52306,1_102619,F Line,1_694522139,1_7976085,1774575300,1774575300,default
1774573955,1_99254,40_594,594,40_1632020,40_9717,1774574253,1774574081,default
1774573955,1_40030,1_102574,40,1_761401579,1_8125,1774573811,1774574054,default
1774573955,1_65092,1_100162,271,1_720967969,1_7976387,1774574880,1774574880,default
1774573955,1_57804,1_100072,181,1_721482019,1_7323,1774574176,1774574087,default
1774573955,1_620,40_515,515,40_15047271__KPOB-CS:253:2:Thu-Fri:1:25SEP:85060:45,40_KPOB-CS:253:2:Thu-Fri:1:25SEP:85060:45,1774574400,1774573392,default
1774573955,1_620,1_102754,256,1_778603749,1_6890,1774574160,1774574160,default
1774573955,1_620,40_100236,545,40_563504219,40_7976560,1774572840,1774574238,default
1774573955,1_620,40_100239,550,40_597760519,40_9690,1774573440,1774574566,default
1774573955,1_620,40_510,510,40_15047257__KPOB-CS:253:2:Thu-Fri:1:25SEP:85073:45,40_KPOB-CS:253:2:Thu-Fri:1:25SEP:85073:45,1774575000,1774575000,default
1774573955,1_620,40_515,515,40_15047296__KPOB-CS:253:2:Thu-Fri:1:25SEP:85054:45,40_KPOB-CS:253:2:Thu-Fri:1:25SEP:85054:45,1774575600,1774575600,default
1774573955,1_620,1_102754,256,1_778603759,1_7976732,1774576020,1774576020,default
1774573955,1_10912,1_100162,271,1_569496359,1_7976351,1774574340,1774574340,default
1774573955,1_10912,40_100451,556,40_635883589,40_7976589,1774575000,1774575000,default
1774573955,1_10912,1_100162,271,1_569496519,1_7976382,1774575240,1774575240,default
1774573955,1_10912,40_100511,542,40_581725449,40_7976686,1774575480,1774575480,default
1774573955,1_71960,40_100511,542,40_721031199,40_7976604,1774574580,1774574580,default
1774574255,1_12170,1_100039,14,1_562520119,1_4359,1774573959,1774574337,default
1774574255,1_60161,1_100042,148,1_762078049,1_3712,1774574880,1774573932,default
1774574255,1_30790,1_100006,107,1_635438219,1_3700,1774574352,1774574238,default
1774574255,1_60453,1_102715,162,1_721494699,1_7101,1774574820,1774574137,default
1774574255,1_64569,1_100099,208,1_736527469,1_7976338,1774574347,1774574347,default
1774574255,1_46505,1_102619,F Line,1_656237609,1_7975998,1774574820,1774574820,default
1774574255,1_29423,1_102732,79,1_561369689,1_7975557,1774575000,1774575000,default
1774574255,1_72494,1_100160,269,1_720964049,1_7976341,1774574520,1774574520,default
1774574255,1_52306,1_102619,F Line,1_694521719,1_7976229,1774574400,1774574400,default
1774574255,1_52306,1_102619,F Line,1_694522139,1_7976085,1774575300,1774575300,default
1774574255,1_99254,1_100045,150,1_694513809,1_8171,1774573660,1774574364,default
1774574255,1_30800,1_100006,107,1_635438219,1_3700,1774574380,1774574243,default
1774574255,1_65092,1_100162,271,1_720967969,1_7976387,1774574880,1774574880,default
1774574255,1_59282,1_100072,181,1_721482089,1_7351,1774574820,1774573905,default
1774574255,1_57791,1_102718,184,1_635461949,1_7442,1774574303,1774574505,default
1774574255,1_25791,1_100214,372,1_694306009,1_6984,1774574520,1774574471,default
1774574255,1_2260,1_100275,8,1_759808889,1_8208,1774574050,1774574415,default
1774574255,1_620,40_100236,545,40_563504219,40_9579,1774572840,1774574467,default
1774574255,1_620,40_100236,545,40_563505159,40_9816,1774574280,1774574510,default
1774574255,1_620,40_100239,550,40_597760779,40_9662,1774574280,1774574924,default
1774574255,1_620,40_510,510,40_15047257__KPOB-CS:253:2:Thu-Fri:1:25SEP:85073:45,40_KPOB-CS:253:2:Thu-Fri:1:25SEP:85073:45,1774575000,1774575000,default
1774574255,1_620,40_515,515,40_15047296__KPOB-CS:253:2:Thu-Fri:1:25SEP:85054:45,40_KPOB-CS:253:2:Thu-Fri:1:25SEP:85054:45,1774575600,1774575600,default
1774574255,1_620,40_515,515,40_15047296__KPOB-CS:253:2:Thu-Fri:1:25SEP:85054:45,40_91706,1774575600,1774575600,default
1774574255,1_620,1_102754,256,1_778603759,1_7976732,1774576020,1774576020,default
1774574255,1_10912,40_100451,556,40_635883589,40_7976589,1774575000,1774575000,default
1774574255,1_10912,1_100162,271,1_569496519,1_7976382,1774575240,1774575240,default
1774574255,1_10912,40_100511,542,40_581725449,40_7976686,1774575480,1774575480,default
1774574255,1_10912,1_100162,271,1_585519429,1_7976349,1774576320,1774576320,default
1774574255,1_71960,40_100511,542,40_721031199,40_7976604,1774574580,1774574580,default
1774574555,1_77930,1_102746,333,1_778704269,1_7214,1774574357,1774574566,default
1774574555,1_60161,1_100042,148,1_762078049,1_3712,1774574880,1774573932,default
1774574555,1_320,40_590,590,40_3685020,40_9723,1774575240,1774574785,default
1774574555,1_575,1_102576,C Line,1_774681729,1_6246,1774574460,1774574604,default
1774574555,1_2850,1_100089,2,1_491929019,1_7033,1774575300,1774574428,default
1774574555,1_2850,1_100089,2,1_491929019,1_7975113,1774575300,1774575300,default
1774574555,1_46505,1_102619,F Line,1_656237609,1_7975998,1774574820,1774574820,default
1774574555,1_29423,1_102732,79,1_561369689,1_7975557,1774575000,1774575000,default
1774574555,1_77460,1_102746,333,1_778704819,1_7256,1774574457,1774574610,default
1774574555,1_73366,1_102548,B Line,1_721019129,1_6042,1774574020,1774574647,default
1774574555,1_52306,1_102619,F Line,1_694522139,1_7976085,1774575300,1774575300,default
1774574555,1_52306,1_102619,F Line,1_694520769,1_7975999,1774576200,1774576200,default
1774574555,1_65092,1_100162,271,1_720967969,1_7976387,1774574880,1774574880,default
1774574555,1_59282,1_100072,181,1_721482089,1_7351,1774574820,1774573905,default
1774574555,1_620,40_100240,554,40_774872949,40_9684,1774574280,1774574750,default
1774574555,1_620,40_100239,550,40_597760779,40_9662,1774574280,1774574931,default
1774574555,1_620,40_510,510,40_15047257__KPOB-CS:253:2:Thu-Fri:1:25SEP:85073:45,40_KPOB-CS:253:2:Thu-Fri:1:25SEP:85073:45,1774575000,1774575029,default
1774574555,1_620,40_515,515,40_15047296__KPOB-CS:253:2:Thu-Fri:1:25SEP:85054:45,40_91706,1774575600,1774575600,default
1774574555,1_620,1_102754,256,1_778603759,1_7976732,1774576020,1774576020,default
1774574555,1_10912,40_100451,556,40_635883589,40_7976589,1774575000,1774575000,default
1774574555,1_10912,1_100162,271,1_569496519,1_7976382,1774575240,1774575240,default
1774574555,1_10912,40_100511,542,40_581725449,40_7976686,1774575480,1774575480,default
1774574555,1_10912,1_100162,271,1_585519429,1_7976349,1774576320,1774576320,default
1774574555,1_71960,40_100511,542,40_721031239,40_7976607,1774576320,1774576320,default
1774574855,1_46791,1_100016,118,1_669631319,1_7976005,1774574760,1774575060,default
1774574855,1_60161,1_100042,148,1_762078049,1_3712,1774574880,1774573932,default
1774574855,1_970,40_578,578,40_240020,40_9726,1774574882,1774574881,default
1774574855,1_64569,1_100162,271,1_569497239,1_7396,1774574533,1774574916,default
1774574855,1_2850,1_100089,2,1_491929019,1_7033,1774575300,1774574428,default
1774574855,1_29423,1_102732,79,1_561369689,1_7975557,1774575000,1774575000,default
1774574855,1_72560,1_102704,250,1_720962589,1_7976337,1774574385,1774574912,default
1774574855,1_2320,1_100001,1,1_562520249,1_4338,1774574485,1774574925,default
1774574855,1_72494,1_100160,269,1_720964859,1_7976395,1774576320,1774576320,default
1774574855,1_52306,1_102619,F Line,1_694522139,1_7976085,1774575300,1774575300,default
1774574855,1_52306,1_102619,F Line,1_694520769,1_7975999,1774576200,1774576200,default
1774574855,1_52306,1_102719,161,1_635446349,1_7976094,1774576320,1774576320,default
1774574855,1_8530,1_100263,7,1_694070949,1_4552,1774574953,1774574940,default
1774574855,1_18590,1_100252,62,1_721368479,1_6258,1774575135,1774574904,default
1774574855,1_50787,1_100074,183,1_770995169,1_7190,1774575060,1774575056,default
1774574855,1_7690,1_102615,E Line,1_768604539,1_6233,1774575065,1774574958,default
1774574855,1_620,40_510,510,40_15047257__KPOB-CS:253:2:Thu-Fri:1:25SEP:85073:45,40_19816,1774575000,1774575090,default
1774574855,1_620,40_510,510,40_15047257__KPOB-CS:253:2:Thu-Fri:1:25SEP:85073:45,40_KPOB-CS:253:2:Thu-Fri:1:25SEP:85073:45,1774575000,1774575090,default
1774574855,1_620,40_100236,545,40_560091729,40_7976551,1774575180,1774575180,default
1774574855,1_620,40_515,515,40_15047296__KPOB-CS:253:2:Thu-Fri:1:25SEP:85054:45,40_91706,1774575600,1774575600,default
1774574855,1_620,1_102754,256,1_778603759,1_7976732,1774576020,1774576020,default
1774574855,1_10912,1_100162,271,1_569496519,1_7976382,1774575240,1774575240,default
1774574855,1_10912,40_100511,542,40_581725449,40_7976686,1774575480,1774575480,default
1774574855,1_10912,1_100162,271,1_585519429,1_7976349,1774576320,1774576320,default
1774574855,1_71960,40_100511,542,40_721031239,40_7976607,1774576320,1774576320,default
1774574855,1_81982,1_102746,333,1_778704669,1_7975727,1774574979,1774575029,default
1774574855,1_10640,1_100252,62,1_736431279,1_7974599,1774575420,1774575420,default
1774575160,1_103,1_102745,G Line,1_736436279,1_6404,1774574958,1774575199,default
1774575160,1_60161,1_100042,148,1_762078129,1_7976061,1774576680,1774576680,default
1774575160,1_970,40_594,594,40_1300020,40_61402,1774575647,1774575191,default
1774575160,1_575,1_102576,C Line,1_774680409,1_6257,1774575000,1774575215,default
1774575160,1_2850,1_100089,2,1_491929019,1_7033,1774575300,1774574428,default
1774575160,1_46505,1_102619,F Line,1_656237769,1_7976035,1774575720,1774575720,default
1774575160,1_13810,1_102581,D Line,1_732748499,1_6105,1774575222,1774575121,default
1774575160,1_60477,1_102715,162,1_721494709,1_8182,1774575589,1774575253,default
1774575160,1_72494,1_100160,269,1_720964859,1_7976395,1774576320,1774576320,default
1774575160,1_52306,1_102619,F Line,1_694522139,1_7976085,1774575300,1774575300,default
1774575160,1_52306,1_102619,F Line,1_694520769,1_7975999,1774576200,1774576200,default
1774575160,1_52306,1_102719,161,1_635446349,1_7976094,1774576320,1774576320,default
1774575160,1_8530,1_100039,14,1_562520839,1_7974993,1774575062,1774575291,default
1774575160,1_48948,1_100512,A Line,1_721483809,1_6227,1774575271,1774575175,default
1774575160,1_57804,1_100072,181,1_721481559,1_7173,1774575436,1774575496,default
1774575160,1_59282,1_102717,165,1_664465529,1_7426,1774575840,1774575052,default
1774575160,1_59282,1_102717,165,1_664465529,1_7976040,1774575840,1774575840,default
1774575160,1_620,40_515,515,40_15047296__KPOB-CS:253:2:Thu-Fri:1:25SEP:85054:45,40_91706,1774575600,1774575600,default
1774575160,1_620,1_102754,256,1_778603759,1_7976732,1774576020,1774576020,default
1774575160,1_10912,40_100511,542,40_581725449,40_7976686,1774575480,1774575480,default
1774575160,1_10912,1_100162,271,1_585519429,1_7976349,1774576320,1774576320,default
1774575160,1_10912,40_100511,542,40_569576349,40_7976608,1774577460,1774577460,default
1774575160,1_71960,40_100511,542,40_721031239,40_7976607,1774576320,1774576320,default
1774575160,1_10640,1_100252,62,1_736431279,1_8042,1774575420,1774575183,default
1774575160,1_10640,1_100252,62,1_736431279,1_7974599,1774575420,1774575420,default
1774575459,1_60161,1_100042,148,1_762078129,1_3735,1774576680,1774575166,default
1774575459,1_60161,1_100042,148,1_762078129,1_7976061,1774576680,1774576680,default
1774575459,1_22430,1_100101,21,1_605082209,1_8247,1774575750,1774575363,default
1774575459,1_320,40_594,594,40_1300020,40_61402,1774575960,1774575518,default
1774575459,1_575,1_100219,4,1_675344799,1_4371,1774575420,1774575531,default
1774575459,1_2850,1_100089,2,1_491929029,1_7111,1774576080,1774574981,default
1774575459,1_46505,1_102619,F Line,1_656237769,1_7976035,1774575720,1774575720,default
1774575459,1_72494,1_100160,269,1_720964859,1_7976395,1774576320,1774576320,default
1774575459,1_52306,1_102619,F Line,1_694520769,1_7975999,1774576200,1774576200,default
1774575459,1_52306,1_102719,161,1_635446349,1_7976094,1774576320,1774576320,default
1774575459,1_57516,1_102717,165,1_664465099,1_7164,1774575557,1774575436,default
1774575459,1_59282,1_102717,165,1_664465529,1_7426,1774575840,1774575052,default
1774575459,1_65540,1_100133,240,1_761786149,1_7387,1774575595,1774575498,default
1774575459,1_25791,1_100214,372,1_694306869,1_6987,1774575720,1774575686,default
1774575459,1_620,1_102754,256,1_778603759,1_7976732,1774576020,1774576020,default
1774575459,1_620,40_100239,550,40_597760489,40_9688,1774575180,1774576071,default
1774575459,1_10912,1_100162,271,1_585519429,1_7976349,1774576320,1774576320,default
1774575459,1_10912,40_100511,542,40_569576349,40_7976608,1774577460,1774577460,default
1774575459,1_71960,40_100511,542,40_721031239,40_7976607,1774576320,1774576320,default
1774575459,1_10640,1_100252,62,1_736431289,1_7974594,1774576320,1774576320,default
1774575759,1_60161,1_100042,148,1_762078129,1_3735,1774576680,1774575166,default
1774575759,1_60453,1_102715,162,1_721494709,1_8182,1774575840,1774575708,default
1774575759,1_575,1_100089,2,1_491928999,1_7152,1774575000,1774575857,default
1774575759,1_2850,1_100089,2,1_491929029,1_7111,1774576080,1774574981,default
1774575759,1_2850,1_100089,2,1_491929039,1_7975114,1774577100,1774577100,default
1774575759,1_27420,1_100249,60,1_689961669,1_7098,1774575368,1774575821,default
1774575759,1_68130,1_102548,B Line,1_721018729,1_6028,1774575656,1774575849,default
1774575759,1_72494,1_100160,269,1_720964859,1_7976395,1774576320,1774576320,default
1774575759,1_52306,1_102619,F Line,1_694520769,1_7975999,1774576200,1774576200,default
1774575759,1_52306,1_102719,161,1_635446349,1_7976094,1774576320,1774576320,default
1774575759,1_59282,1_100072,181,1_721490249,1_7323,1774576620,1774575713,default
1774575759,1_21320,1_100249,60,1_689961699,1_7030,1774575960,1774575840,default
1774575759,1_620,1_102754,256,1_778603759,1_7976732,1774576020,1774576020,default
1774575759,1_620,40_100236,545,40_563505779,40_9583,1774576020,1774576033,default
1774575759,1_620,40_100239,550,40_597760489,40_9688,1774575180,1774576139,default
1774575759,1_620,40_100239,550,40_597761059,40_9674,1774575960,1774576447,default
1774575759,1_10912,1_100214,372,1_694306539,1_6922,1774575644,1774575930,default
1774575759,1_10912,1_100162,271,1_585519429,1_7976349,1774576320,1774576320,default
1774575759,1_10912,40_100511,542,40_569576349,40_7976608,1774577460,1774577460,default
1774575759,1_71960,40_100511,542,40_721031239,40_7976607,1774576320,1774576320,default
1774575759,1_71960,40_100511,542,40_721031449,40_7976685,1774578060,1774578060,default
1774575759,1_10640,1_100252,62,1_736431289,1_8050,1774576320,1774575561,default
1774576059,1_60161,1_100042,148,1_762078129,1_3735,1774576680,1774575166,default
1774576059,1_970,40_594,594,40_2207020,40_41501,1774576470,1774576115,default
1774576059,1_970,40_578,578,40_2545020,40_9729,1774576047,1774576159,default
1774576059,1_30510,1_100006,107,1_635437939,1_3725,1774576159,1774576058,default
1774576059,1_64569,1_100162,271,1_569496949,1_3718,1774576236,1774576074,default
1774576059,1_575,1_102576,C Line,1_774680379,1_6250,1774576080,1774576176,default
1774576059,1_2850,1_100089,2,1_491929039,1_7975114,1774577100,1774577100,default
1774576059,1_46505,1_102619,F Line,1_656237039,1_7975997,1774576620,1774576620,default
1774576059,1_81254,1_102746,333,1_778704819,1_7256,1774576201,1774576079,default
1774576059,1_72494,1_100160,269,1_720964859,1_7976395,1774576320,1774576320,default
1774576059,1_52306,1_102619,F Line,1_694520769,1_7975999,1774576200,1774576200,default
1774576059,1_52306,1_102719,161,1_635446349,1_7976094,1774576320,1774576320,default
1774576059,1_99254,1_100045,150,1_694514419,1_8162,1774576360,1774576233,default
1774576059,1_41850,1_100006,107,1_635437939,1_3725,1774576237,1774576090,default
1774576059,1_59282,1_100072,181,1_721490249,1_7323,1774576620,1774575713,default
1774576059,1_55150,1_100005,106,1_727784749,1_7040,1774576223,1774576121,default
1774576059,1_620,40_100240,554,40_774872959,40_9636,1774576080,1774576443,default
1774576059,1_620,40_100239,550,40_597761059,40_9674,1774575960,1774576549,default
1774576059,1_68888,1_102552,226,1_778457499,1_7423,1774576350,1774576200,default
1774576059,1_10912,1_100162,271,1_585519429,1_7976349,1774576320,1774576320,default
1774576059,1_10912,1_100162,271,1_569554059,1_7976354,1774577100,1774577157,default
1774576059,1_10912,40_100511,542,40_569576349,40_7976608,1774577460,1774577460,default
1774576059,1_71960,40_100511,542,40_721031239,40_7976607,1774576320,1774576320,default
1774576059,1_71960,40_100511,542,40_721031449,40_7976685,1774578060,1774578060,default
1774576059,1_10640,1_100252,62,1_736431289,1_8050,1774576320,1774575561,default
1774576359,1_481,1_102576,C Line,1_774680329,1_6263,1774575960,1774576383,default
1774576359,1_60161,1_100042,148,1_762078129,1_3735,1774576680,1774575166,default
1774576359,1_320,40_594,594,40_2207020,40_41501,1774576740,1774576385,default
1774576359,1_2850,1_100089,2,1_491929039,1_7158,1774577100,1774576092,default
1774576359,1_2850,1_100089,2,1_491929039,1_7975114,1774577100,1774577100,default
1774576359,1_46505,1_102619,F Line,1_656237039,1_7975997,1774576620,1774576620,default
1774576359,1_2320,1_100001,1,1_562520869,1_4394,1774576345,1774576433,default
1774576359,1_52306,1_102619,F Line,1_656237459,1_7976004,1774577100,1774577100,default
1774576359,1_80121,1_102719,161,1_635446709,1_7333,1774575716,1774576518,default
1774576359,1_40030,1_102574,40,1_666070359,1_8129,1774576215,1774576458,default
1774576359,1_59282,1_100072,181,1_721490249,1_7323,1774576620,1774575713,default
1774576359,1_59282,1_102717,165,1_664465539,1_7164,1774577640,1774576105,default
1774576359,1_60710,1_100512,A Line,1_785543349,1_6010,1774576506,1774576492,default
1774576359,1_25791,1_100214,372,1_694306539,1_6922,1774576320,1774576570,default
1774576359,1_10912,1_100162,271,1_569554059,1_7976354,1774577100,1774577100,default
1774576359,1_10912,40_100511,542,40_569576349,40_7976608,1774577460,1774577460,default
1774576359,1_71960,40_100511,542,40_721031449,40_7976685,1774578060,1774578060,default
1774576359,1_58144,1_102719,161,1_635446339,1_7393,1774576628,1774576468,default
1774576659,1_481,1_102736,H Line,1_694056529,1_6112,1774576440,1774576665,default
1774576659,1_481,1_102576,C Line,1_774681739,1_6251,1774576500,1774576683,default
1774576659,1_60161,1_100042,148,1_762078129,1_3735,1774576680,1774575166,default
1774576659,1_970,1_100003,101,1_762101769,1_8100,1774576674,1774576649,default
1774576659,1_575,1_100173,3,1_761126619,1_4370,1774576740,1774576721,default
1774576659,1_2850,1_100089,2,1_491929039,1_7158,1774577100,1774576092,default
1774576659,1_2850,1_100089,2,1_491929049,1_7975110,1774578000,1774578000,default
1774576659,1_280,1_100104,212,1_694279309,1_7976674,1774576585,1774576712,default
1774576659,1_27420,23_102638,First Hill Streetcar,23_55295729,23_404,1774576740,1774576776,default
1774576659,1_8671,1_100275,8,1_693945229,1_8208,1774577738,1774576652,default
1774576659,1_52306,1_102619,F Line,1_656237459,1_7976004,1774577100,1774577100,default
1774576659,1_52306,1_102719,161,1_635446359,1_7976091,1774577760,1774577760,default
1774576659,1_58112,1_102619,F Line,1_656237609,1_6275,1774576596,1774576796,default
1774576659,1_59282,1_102717,165,1_664465539,1_7164,1774577640,1774576105,default
1774576659,1_59282,1_100072,181,1_721481559,1_7173,1774576860,1774576750,default
1774576659,1_41370,1_100219,4,1_675344799,1_4371,1774576837,1774576695,default
1774576659,1_25791,1_100214,372,1_694307139,1_6876,1774576920,1774576754,default
1774576659,1_620,40_100236,545,40_563505739,40_9653,1774576920,1774576920,default
1774576659,1_620,40_100239,550,40_597761149,40_9687,1774576860,1774577339,default
1774576659,1_10912,1_100162,271,1_569554059,1_7976354,1774577100,1774577100,default
1774576659,1_10912,40_100511,542,40_569576349,40_7976608,1774577460,1774577460,default
1774576659,1_10912,1_100162,271,1_569495959,1_7976350,1774578120,1774578126,default
1774576659,1_71960,1_102752,223,1_766488379,1_7381,1774576980,1774576789,default
1774576659,1_71960,40_100511,542,40_721031449,40_7976685,1774578060,1774578060,default
1774576959,1_320,40_594,594,40_2702020,40_9717,1774577400,1774577091,default
1774576959,1_2850,1_100089,2,1_491929039,1_7158,1774577100,1774576092,default
1774576959,1_2850,1_100089,2,1_491929049,1_7169,1774578000,1774576729,default
1774576959,1_2850,1_100089,2,1_491929049,1_7975110,1774578000,1774578000,default
1774576959,1_46505,1_102619,F Line,1_656237539,1_7976016,1774577580,1774577580,default
1774576959,1_27420,1_100249,60,1_689961729,1_7139,1774576688,1774577092,default
1774576959,1_8671,1_100275,8,1_693945229,1_8208,1774577738,1774576968,default
1774576959,1_72494,1_100160,269,1_720966159,1_7976343,1774577880,1774577880,default
1774576959,1_52306,1_102619,F Line,1_656237459,1_7976004,1774577100,1774577100,default
1774576959,1_52306,1_102719,161,1_635446359,1_7976091,1774577760,1774577760,default
1774576959,1_65092,1_100162,271,1_720966799,1_7976352,1774578300,1774578300,default
1774576959,1_2200,1_102581,D Line,1_732749209,1_6079,1774577245,1774577114,default
1774576959,1_57804,1_100072,181,1_721481889,1_7108,1774577236,1774577563,default
1774576959,1_59282,1_102717,165,1_664465539,1_7164,1774577640,1774576105,default
1774576959,1_59282,1_100072,181,1_721482029,1_7173,1774577700,1774576761,default
1774576959,1_620,40_100239,550,40_597761149,40_9687,1774576860,1774577422,default
1774576959,1_10912,1_100223,43,1_686457119,1_4556,1774576940,1774577127,default
1774576959,1_10912,1_100214,372,1_694306559,1_7976765,1774577144,1774577144,default
1774576959,1_10912,40_100511,542,40_569576349,40_7976608,1774577460,1774577460,default
1774576959,1_10912,1_100162,271,1_569495959,1_7976350,1774578120,1774578161,default
1774576959,1_10912,40_100511,542,40_569576369,40_7976604,1774579260,1774579260,default
1774576959,1_71960,40_100511,542,40_721031449,40_7976685,1774578060,1774578060,default
1774576959,1_10640,1_100252,62,1_736431299,1_7974596,1774577220,1774577595,default
1774576959,1_10640,1_100252,62,1_736431309,1_7974587,1774578120,1774578120,default
1774577259,1_26560,1_102574,40,1_761403939,1_8186,1774576769,1774577276,default
1774577259,1_970,40_578,578,40_3461020,40_9311,1774577247,1774577330,default
1774577259,1_320,40_100239,550,40_597761699,40_7976614,1774577100,1774577353,default
1774577259,1_575,1_100210,36,1_630543529,1_4356,1774577400,1774577279,default
1774577259,1_575,1_100219,4,1_675345459,1_4385,1774577220,1774577311,default
1774577259,1_2850,1_100089,2,1_491929049,1_7169,1774578000,1774576729,default
1774577259,1_46505,1_102619,F Line,1_656237539,1_7976016,1774577580,1774577580,default
1774577259,1_60477,1_100060,168,1_693747229,1_7393,1774577350,1774577241,default
1774577259,1_8671,1_100275,8,1_693945229,1_8208,1774577738,1774577257,default
1774577259,3_31002,40_560,560,40_1857020,40_9221,1774577374,1774577450,default
1774577259,1_72494,1_100160,269,1_720966159,1_7976343,1774577880,1774577880,default
1774577259,1_52306,1_102719,161,1_635446359,1_7976091,1774577760,1774577760,default
1774577259,1_52306,1_102619,F Line,1_656236459,1_7976083,1774578000,1774578000,default
1774577259,1_8530,1_100263,7,1_694070819,1_4529,1774577353,1774577303,default
1774577259,1_99254,40_594,594,40_1206020,40_9716,1774577853,1774577493,default
1774577259,1_65092,1_100162,271,1_720966799,1_3718,1774578300,1774577038,default
1774577259,1_59282,1_102717,165,1_664465539,1_7164,1774577640,1774576105,default
1774577259,1_59282,1_100072,181,1_721482029,1_7173,1774577700,1774576761,default
1774577259,1_23905,1_100214,372,1_694306389,1_6962,1774577412,1774577349,default
1774577259,1_620,40_100240,554,40_774873239,40_9806,1774577760,1774577521,default
1774577259,1_620,40_100239,550,40_597761449,40_9657,1774577760,1774577952,default
1774577259,1_10912,40_100511,542,40_569576349,40_7976608,1774577460,1774577460,default
1774577259,1_10912,1_100162,271,1_569495959,1_7976350,1774578120,1774578400,default
1774577259,1_10912,40_100511,542,40_569576369,40_7976604,1774579260,1774579260,default
1774577259,1_71960,40_100511,542,40_721031449,40_7976685,1774578060,1774578060,default
1774577259,1_10640,1_100252,62,1_736431299,1_7974596,1774577220,1774577526,default
1774577259,1_10640,1_100252,62,1_736431309,1_7974587,1774578120,1774578120,default
1774577559,1_12170,1_100039,14,1_562520289,1_4403,1774577499,1774577599,default
1774577559,1_2850,1_100089,2,1_491929049,1_7169,1774578000,1774576729,default
1774577559,1_2850,1_100089,2,1_548774899,1_7975119,1774579020,1774579020,default
1774577559,1_29423,1_102732,79,1_561369669,1_7975558,1774578600,1774578600,default
1774577559,1_280,40_100240,554,40_694286999,40_7976689,1774577485,1774577614,default
1774577559,1_77460,1_100205,348,1_771627109,1_7225,1774577625,1774577607,default
1774577559,1_8671,1_100275,8,1_693945229,1_8208,1774577738,1774577535,default
1774577559,1_72494,1_100160,269,1_720966159,1_7976343,1774577880,1774577880,default
1774577559,1_52306,1_102719,161,1_635446359,1_7976091,1774577760,1774577760,default
1774577559,1_52306,1_102619,F Line,1_656236459,1_7976083,1774578000,1774578000,default
1774577559,1_80121,1_102719,161,1_635446719,1_7130,1774577505,1774577654,default
1774577559,1_65092,1_100162,271,1_720966799,1_3718,1774578300,1774577038,default
1774577559,1_40065,1_102574,40,1_778707739,1_8104,1774577613,1774577686,default
1774577559,1_59282,1_100072,181,1_721482029,1_7173,1774577700,1774576761,default
1774577559,1_620,40_100240,554,40_774873239,40_9806,1774577760,1774577555,default
1774577559,1_620,40_594,594,40_1206020,40_9716,1774578240,1774577837,default
1774577559,1_620,40_100236,545,40_563506209,40_7976567,1774577820,1774577856,default
1774577559,1_620,40_100239,550,40_597761449,40_9657,1774577760,1774577937,default
1774577559,1_10912,1_100264,70,1_724577919,1_7975073,1774577725,1774577725,default
1774577559,1_10912,1_100162,271,1_569495959,1_7976350,1774578120,1774578301,default
1774577559,1_10912,40_100511,542,40_569576369,40_7976604,1774579260,1774579260,default
1774577559,1_71960,40_100511,542,40_721031449,40_7976685,1774578060,1774578060,default
1774577559,1_71960,40_100511,542,40_721031129,40_7976686,1774580040,1774580040,default
1774577559,1_10640,1_100252,62,1_736431309,1_8072,1774578120,1774577455,default
1774577559,1_10640,1_100252,62,1_736431309,1_7974587,1774578120,1774578120,default
1774577859,1_970,40_594,594,40_2047020,40_9201,1774578330,1774577860,default
1774577859,1_2850,1_100089,2,1_491929049,1_7169,1774578000,1774576729,default
1774577859,1_2850,1_100089,2,1_548774899,1_7975119,1774579020,1774579020,default
1774577859,1_46505,1_102619,F Line,1_656237279,1_7976229,1774578480,1774578480,default
1774577859,1_29423,1_102732,79,1_561369669,1_7975558,1774578600,1774578600,default
1774577859,1_40060,1_102574,40,1_778707539,1_8124,1774578368,1774577903,default
1774577859,1_280,40_594,594,40_2047020,40_9201,1774578398,1774577928,default
1774577859,1_27420,1_100249,60,1_652445919,1_7091,1774577408,1774577921,default
1774577859,1_76024,1_102702,239,1_736529539,1_3706,1774577980,1774577897,default
1774577859,1_81254,1_102746,333,1_778704439,1_7214,1774577941,1774577858,default
1774577859,1_52306,1_102619,F Line,1_656236459,1_6236,1774578000,1774577872,default
1774577859,1_52306,1_102619,F Line,1_656236459,1_7976083,1774578000,1774578000,default
1774577859,1_52306,40_560,560,40_1857020,40_9221,1774578000,1774578006,default
1774577859,1_55395,1_100006,107,1_635438079,1_3712,1774577981,1774577868,default
1774577859,1_65092,1_100162,271,1_720966799,1_3718,1774578300,1774577038,default
1774577859,1_25791,1_100214,372,1_694306559,1_6882,1774577820,1774578039,default
1774577859,1_620,40_100236,545,40_563506209,40_7976567,1774577820,1774578124,default
1774577859,1_10912,1_100162,271,1_569495959,1_7976350,1774578120,1774578120,default
1774577859,1_10912,40_100511,542,40_569576369,40_7976604,1774579260,1774579260,default
1774577859,1_71960,40_100511,542,40_721031449,40_7976685,1774578060,1774578060,default
1774577859,1_71960,40_100511,542,40_721031129,40_7976686,1774580040,1774580040,default
1774577859,1_10640,1_100252,62,1_736431309,1_8072,1774578120,1774577455,default
1774577859,1_8403,1_100039,14,1_562520309,1_4409,1774577940,1774577872,default
1774578159,1_12170,1_100039,14,1_562520309,1_4409,1774578459,1774578217,default
1774578159,1_26560,1_102574,40,1_666069909,1_8102,1774577849,1774578290,default
1774578159,1_320,40_100239,550,40_597761939,40_7976644,1774578060,1774578272,default
1774578159,1_575,1_100219,4,1_675344879,1_4318,1774577700,1774578225,default
1774578159,1_2850,1_100089,2,1_548774899,1_7975119,1774579020,1774579020,default
1774578159,1_46505,1_102619,F Line,1_656237279,1_7976229,1774578480,1774578480,default
1774578159,1_29423,1_102732,79,1_561369669,1_7975558,1774578600,1774578600,default
1774578159,1_72560,1_102704,250,1_771116899,1_7370,1774578243,1774577992,default
1774578159,1_52306,1_102619,F Line,1_656237619,1_7975998,1774578900,1774578900,default
1774578159,1_8530,1_100005,106,1_727784749,1_7040,1774578377,1774578130,default
1774578159,1_65092,1_100162,271,1_720966799,1_3718,1774578300,1774577038,default
1774578159,1_59282,1_102717,165,1_664465549,1_7129,1774579500,1774577779,default
1774578159,1_59872,1_102619,F Line,1_694520769,1_6278,1774578112,1774578319,default
1774578159,1_9080,1_100263,7,1_650129169,1_4543,1774578451,1774578231,default
1774578159,1_60710,1_100512,A Line,1_785543369,1_6234,1774577935,1774578334,default
1774578159,1_10912,1_100264,70,1_724577159,1_7975077,1774578325,1774578325,default
1774578159,1_10912,40_100511,542,40_569576369,40_7976604,1774579260,1774579260,default
1774578159,1_71960,40_100511,542,40_721031129,40_7976686,1774580040,1774580040,default
1774578159,1_10640,1_100252,62,1_736431319,1_7017,1774579020,1774578054,default
1774578159,1_10640,1_100252,62,1_736431319,1_7974603,1774579020,1774579020,default
1774578459,1_60161,1_100042,148,1_762077909,1_3724,1774580460,1774578268,default
1774578459,1_74268,1_102702,239,1_736529309,1_3705,1774578505,1774578419,default
1774578459,1_575,1_102615,E Line,1_768604049,1_6208,1774578360,1774578509,default
1774578459,1_2850,1_100089,2,1_548774899,1_7975119,1774579020,1774579020,default
1774578459,1_2850,1_100089,2,1_548774909,1_7975117,1774580220,1774580220,default
1774578459,1_29423,1_102732,79,1_561369669,1_7975558,1774578600,1774578600,default
1774578459,1_27420,1_100249,60,1_581464139,1_7157,1774578068,1774578517,default
1774578459,1_52306,1_102619,F Line,1_656237619,1_7975998,1774578900,1774578900,default
1774578459,1_52306,1_102719,161,1_635446369,1_7976089,1774579980,1774579980,default
1774578459,1_57804,1_100072,181,1_721482099,1_7454,1774578919,1774579028,default
1774578459,1_59282,1_102717,165,1_664465549,1_7129,1774579500,1774577779,default
1774578459,1_30180,1_100006,107,1_635438079,1_3712,1774578624,1774578532,default
1774578459,1_81684,40_100240,554,40_560097879,40_9819,1774578840,1774578559,default
1774578459,1_7690,1_102615,E Line,1_768604369,1_6200,1774578665,1774578580,default
1774578459,1_620,40_100239,550,40_597761689,40_9574,1774578660,1774579003,default
1774578459,1_10912,40_100511,542,40_569576369,40_7976604,1774579260,1774579260,default
1774578459,1_10912,1_100162,271,1_569496769,1_7976668,1774579920,1774579920,default
1774578459,1_71960,40_100511,542,40_721031129,40_7976686,1774580040,1774580040,default
1774578459,1_10640,1_100252,62,1_736431319,1_7017,1774579020,1774578054,default
1774578760,1_26560,1_102574,40,1_666070359,1_8129,1774578449,1774578876,default
1774578760,1_60161,1_100042,148,1_762077909,1_3724,1774580460,1774578268,default
1774578760,1_575,1_102576,C Line,1_774680449,1_6248,1774579020,1774578867,default
1774578760,1_2850,1_100089,2,1_548774899,1_7076,1774579020,1774578470,default
1774578760,1_2850,1_100089,2,1_548774909,1_7975117,1774580220,1774580220,default
1774578760,1_46505,1_102619,F Line,1_656237699,1_7976085,1774579380,1774579380,default
1774578760,1_27420,1_100249,60,1_692332699,1_7155,1774578728,1774578887,default
1774578760,1_79610,1_100006,107,1_635437859,1_3753,1774578956,1774578773,default
1774578760,1_73953,1_102702,239,1_736529309,1_3705,1774578925,1774578806,default
1774578760,1_52306,1_102619,F Line,1_656237619,1_7975998,1774578900,1774578900,default
1774578760,1_52306,1_102719,161,1_635446369,1_7976089,1774579980,1774579980,default
1774578760,1_57804,1_100072,181,1_721482099,1_7454,1774578919,1774578816,default
1774578760,1_59282,1_102717,165,1_664465549,1_7129,1774579500,1774577779,default
1774578760,1_59282,1_100072,181,1_721481569,1_7108,1774579500,1774578737,default
1774578760,1_59282,1_100072,181,1_721481569,1_7976037,1774579500,1774579500,default
1774578760,1_85531,1_102757,187,1_762095189,1_7135,1774578720,1774578905,default
1774578760,1_14280,1_102581,D Line,1_585677759,1_6085,1774579042,1774578896,default
1774578760,1_25791,1_100214,372,1_694307039,1_6929,1774578780,1774578972,default
1774578760,1_620,40_100236,545,40_563506189,40_7976555,1774578660,1774578991,default
1774578760,1_10912,40_100511,542,40_569576369,40_7976604,1774579260,1774579260,default
1774578760,1_10912,1_100162,271,1_569496769,1_7976668,1774579920,1774579920,default
1774578760,1_71960,1_102752,223,1_766488399,1_7457,1774579020,1774578892,default
1774578760,1_71960,40_100511,542,40_721031129,40_7976686,1774580040,1774580040,default
1774578760,1_10640,1_100252,62,1_736431319,1_7017,1774579020,1774578054,default
1774578760,1_10640,1_100252,62,1_736431329,1_7974593,1774579920,1774579920,default
1774578760,1_52081,1_102736,H Line,1_694056389,1_6076,1774579119,1774578873,default
1774578760,1_8403,1_100039,14,1_562520349,1_4353,1774578660,1774578554,default
1774579060,1_12170,1_100039,14,1_562520349,1_4353,1774579179,1774579150,default
1774579060,1_28370,1_102574,40,1_778706439,1_8127,1774578449,1774579069,default
1774579060,1_60161,1_100042,148,1_762077909,1_3724,1774580460,1774578268,default
1774579060,1_970,40_578,578,40_2534020,40_9713,1774578447,1774579086,default
1774579060,1_970,40_594,594,40_681020,40_41509,1774579530,1774579147,default
1774579060,1_12770,1_100228,48,1_721360719,1_8082,1774578940,1774579106,default
1774579060,1_2850,1_100089,2,1_548774909,1_7975117,1774580220,1774580220,default
1774579060,1_46505,1_102619,F Line,1_656237699,1_7976085,1774579380,1774579380,default
1774579060,1_81199,1_100072,181,1_721482099,1_7454,1774579185,1774579148,default
1774579060,1_52306,1_102619,F Line,1_656237779,1_7976035,1774579800,1774579800,default
1774579060,1_52306,1_102719,161,1_635446369,1_7976089,1774579980,1774579980,default
1774579060,1_2200,1_102581,D Line,1_732748569,1_6094,1774578985,1774579214,default
1774579060,1_59282,1_102717,165,1_664465549,1_7129,1774579500,1774577779,default
1774579060,1_59282,1_100072,181,1_721481569,1_7108,1774579500,1774578737,default
1774579060,1_620,40_100236,545,40_563506189,40_7976555,1774578660,1774579322,default
1774579060,1_620,40_100239,550,40_597761959,40_9811,1774579560,1774579776,default
1774579060,1_10912,40_100511,542,40_569576369,40_7976604,1774579260,1774579260,default
1774579060,1_10912,1_100162,271,1_569496769,1_7976668,1774579920,1774579920,default
1774579060,1_71960,40_100511,542,40_721031129,40_7976686,1774580040,1774580040,default
1774579060,1_10640,1_100252,62,1_736431329,1_7974593,1774579920,1774579920,default
1774579360,1_60161,1_100042,148,1_762077909,1_3724,1774580460,1774578268,default
1774579360,1_320,40_594,594,40_681020,40_41509,1774579800,1774579407,default
1774579360,1_81205,1_100072,181,1_721482099,1_7454,1774579400,1774579388,default
1774579360,1_2850,1_100089,2,1_548774909,1_7975117,1774580220,1774580220,default
1774579360,1_46505,1_102619,F Line,1_656236319,1_7975999,1774580280,1774580280,default
1774579360,1_52306,1_102619,F Line,1_656237779,1_7976035,1774579800,1774579800,default
1774579360,1_52306,1_102719,161,1_635446369,1_7976089,1774579980,1774579980,default
1774579360,1_80121,1_102719,161,1_693753999,1_7402,1774579245,1774579511,default
1774579360,1_11060,1_100447,49,1_650118669,1_7136,1774579328,1774579480,default
1774579360,1_59282,1_102717,165,1_664465549,1_7129,1774579500,1774577779,default
1774579360,1_59282,1_100072,181,1_721481569,1_7108,1774579500,1774578737,default
1774579360,1_59872,1_102619,F Line,1_656237459,1_6054,1774578952,1774579519,default
1774579360,1_60710,1_100512,A Line,1_785554669,1_6285,1774579375,1774579530,default
1774579360,1_620,40_100239,550,40_597761959,40_9811,1774579560,1774579588,default
1774579360,1_620,40_100236,545,40_563506189,40_7976555,1774578660,1774579604,default
1774579360,1_10912,1_100162,271,1_569496769,1_7976668,1774579920,1774579920,default
1774579360,1_71960,40_100511,542,40_721031129,40_7976686,1774580040,1774580040,default
1774579360,1_71960,40_100511,542,40_721031059,40_7976608,1774581420,1774581420,default
1774579360,1_10640,1_100252,62,1_736431329,1_7974593,1774579920,1774579920,default
1774579660,1_60161,1_100042,148,1_762077909,1_3724,1774580460,1774578268,default
1774579660,1_75890,1_102615,E Line,1_761418419,1_6087,1774579585,1774579687,default
1774579660,1_51651,1_102736,H Line,1_694055789,1_6067,1774579178,1774579692,default
1774579660,1_575,1_100028,13,1_605111449,1_7169,1774579440,1774579712,default
1774579660,1_575,1_100219,4,1_675344849,1_4334,1774579500,1774579750,default
1774579660,1_2850,1_100089,2,1_548774909,1_7975117,1774580220,1774580220,default
1774579660,1_46505,1_102619,F Line,1_656236319,1_7975999,1774580280,1774580280,default
1774579660,1_72560,1_102704,250,1_771116929,1_7337,1774579983,1774579768,default
1774579660,1_5489,1_102746,333,1_778704809,1_7219,1774579617,1774579737,default
1774579660,1_52306,1_102619,F Line,1_656237779,1_7976035,1774579800,1774579800,default
1774579660,1_52306,1_102719,161,1_635446369,1_7976089,1774579980,1774579980,default
1774579660,1_8530,1_100039,14,1_562520409,1_4363,1774579401,1774579752,default
1774579660,1_99254,1_100003,101,1_694513369,1_8137,1774579582,1774579783,default
1774579660,1_58112,1_102619,F Line,1_656237539,1_6287,1774579356,1774579821,default
1774579660,1_25791,1_100214,372,1_694306239,1_6947,1774579718,1774579843,default
1774579660,1_620,40_594,594,40_2811020,40_9714,1774580040,1774579801,default
1774579660,1_620,40_100236,545,40_563506189,40_9568,1774578660,1774579850,default
1774579660,1_620,40_100236,545,40_563506229,40_7976564,1774579680,1774579922,default
1774579660,1_620,40_100240,554,40_774873559,40_9689,1774579440,1774580076,default
1774579660,1_10912,1_100162,271,1_569496769,1_7976668,1774579920,1774579920,default
1774579660,1_71960,40_100511,542,40_721031129,40_7976686,1774580040,1774580040,default
1774579660,1_71960,40_100511,542,40_721031059,40_7976608,1774581420,1774581420,default
1774579660,1_10640,1_100252,62,1_736431329,1_8002,1774579920,1774579460,default
1774579660,1_10640,1_100252,62,1_736431339,1_8296,1774580820,1774579627,default
1774579960,1_85800,1_100196,331,1_778705879,1_7203,1774579833,1774580076,default
1774579960,1_26560,1_102574,40,1_761401649,1_8134,1774579649,1774580085,default
1774579960,1_60161,1_100042,148,1_762077909,1_3724,1774580460,1774578268,default
1774579960,1_12770,1_100228,48,1_721358869,1_8069,1774579707,1774579976,default
1774579960,1_17651,1_102747,61,1_724959959,1_3747,1774579873,1774580008,default
1774579960,1_2850,1_100089,2,1_548774909,1_7975117,1774580220,1774580220,default
1774579960,1_46505,1_102619,F Line,1_656236319,1_7975999,1774580280,1774580280,default
1774579960,1_27420,1_100249,60,1_689961829,1_7090,1774579448,1774580014,default
1774579960,1_84810,1_102752,223,1_825197329,1_7381,1774579841,1774580037,default
1774579960,1_52306,1_102619,F Line,1_656237049,1_7975997,1774580700,1774580700,default
1774579960,1_52306,1_102719,161,1_635446379,1_7976088,1774581780,1774581780,default
1774579960,1_620,1_100003,101,1_694513369,1_8137,1774579920,1774580127,default
1774579960,1_620,40_100236,545,40_563506229,40_7976564,1774579680,1774580127,default
1774579960,1_620,40_100239,550,40_597761949,40_9690,1774580520,1774580689,default
1774579960,1_10912,40_100511,542,40_569577089,40_7976685,1774581180,1774581180,default
1774579960,1_10912,1_100162,271,1_569495969,1_7976387,1774581720,1774581720,default
1774579960,1_71960,40_100511,542,40_721031059,40_7976608,1774581420,1774581420,default
1774579960,1_10640,1_100252,62,1_736431339,1_8296,1774580820,1774579627,default
1774580260,1_60161,1_100042,148,1_762077909,1_3724,1774580460,1774578268,default
1774580260,1_2850,1_100089,2,1_548782529,1_7975118,1774581540,1774581540,default
1774580260,1_46505,1_102619,F Line,1_656237469,1_7976004,1774581180,1774581180,default
1774580260,1_52306,1_102619,F Line,1_656237049,1_7975997,1774580700,1774580700,default
1774580260,1_52306,1_102719,161,1_635446379,1_7976088,1774581780,1774581780,default
1774580260,1_57804,1_100072,181,1_721481739,1_7453,1774580719,1774580787,default
1774580260,1_59282,1_100072,181,1_770980539,1_7454,1774581300,1774580072,default
1774580260,1_620,40_100239,550,40_597761949,40_9690,1774580520,1774580501,default
1774580260,1_10912,40_100511,542,40_569577089,40_7976685,1774581180,1774581180,default
1774580260,1_10912,1_100162,271,1_569495969,1_7976387,1774581720,1774581720,default
1774580260,1_71960,40_100511,542,40_721031059,40_7976608,1774581420,1774581420,default
1774580260,1_81982,1_102746,333,1_778705019,1_7234,1774580379,1774580436,default
1774580260,1_10640,1_100252,62,1_736431339,1_8296,1774580820,1774579627,default
1774580260,1_8403,1_100039,14,1_562520419,1_4409,1774580460,1774580410,default
1774580560,1_481,1_102576,C Line,1_774680519,1_6268,1774580340,1774580567,default
1774580560,1_320,40_594,594,40_2436020,40_9716,1774580940,1774580675,default
1774580560,1_575,1_102576,C Line,1_774681149,1_6255,1774580520,1774580673,default
1774580560,1_2850,1_100089,2,1_548782529,1_7152,1774581540,1774580330,default
1774580560,1_2850,1_100089,2,1_548782529,1_7975118,1774581540,1774581540,default
1774580560,1_46505,1_102619,F Line,1_656237469,1_7976004,1774581180,1774581180,default
1774580560,1_52306,1_102619,F Line,1_656237049,1_7975997,1774580700,1774580700,default
1774580560,1_52306,1_102719,161,1_635446379,1_7976088,1774581780,1774581780,default
1774580560,1_57804,1_100072,181,1_721481739,1_7453,1774580719,1774580684,default
1774580560,1_59282,1_100072,181,1_770980539,1_7454,1774581300,1774580072,default
1774580560,1_25791,1_100214,372,1_694306379,1_6962,1774580618,1774580720,default
1774580560,1_10912,40_100511,542,40_569577089,40_7976685,1774581180,1774581180,default
1774580560,1_10912,1_100162,271,1_569495969,1_7976387,1774581720,1774581720,default
1774580560,1_71960,40_100511,542,40_721031059,40_7976608,1774581420,1774581420,default
1774580560,1_10640,1_100252,62,1_736431339,1_8296,1774580820,1774579627,default
1774580560,1_10640,1_100252,62,1_736431349,1_8290,1774581720,1774580527,default
1774580560,1_10640,1_100252,62,1_736431349,1_7974610,1774581720,1774581720,default
1774580860,1_30790,1_100230,50,1_785559499,1_3727,1774580517,1774580897,default
1774580860,1_320,40_594,594,40_2436020,40_9716,1774580940,1774580926,default
1774580860,1_2850,1_100089,2,1_548782529,1_7152,1774581540,1774580330,default
1774580860,1_46505,1_102619,F Line,1_656237469,1_7976004,1774581180,1774581180,default
1774580860,1_29423,1_102732,79,1_561369679,1_7975557,1774582200,1774582200,default
1774580860,1_1190,40_100239,550,40_597761949,40_9690,1774580929,1774580906,default
1774580860,1_77460,1_102746,333,1_778705019,1_7234,1774580757,1774580948,default
1774580860,3_31002,40_560,560,40_2742020,40_9206,1774580889,1774581090,default
1774580860,1_52306,1_102719,161,1_635446389,1_7976218,1774583640,1774583640,default
1774580860,1_99254,1_100045,150,1_693748679,1_8170,1774582360,1774582715,default
1774580860,1_54201,1_102619,F Line,1_656237549,1_6287,1774582339,1774582698,default
1774580860,1_59282,1_100072,181,1_721481749,1_7453,1774583100,1774582060,default
1774580860,1_59282,1_102717,165,1_664465569,1_7976043,1774583280,1774583280,default
1774580860,1_59872,1_102619,F Line,1_656237049,1_6228,1774582465,1774582693,default
1774580860,1_71678,1_102552,226,1_778457529,1_7246,1774582642,1774582688,default
1774580860,1_14280,1_102581,D Line,1_585677859,1_6111,1774582418,1774582698,default
1774580860,1_50787,1_100074,183,1_770995369,1_7466,1774582080,1774582705,default
1774580860,1_620,40_100239,550,40_597762299,40_9688,1774582440,1774582823,default
1774580860,1_10912,40_100511,542,40_569577119,40_7976686,1774582980,1774582980,default
1774580860,1_10912,1_100162,271,1_569496349,1_7976351,1774583520,1774583520,default
1774580860,1_71960,40_100511,542,40_721031209,40_7976604,1774583040,1774583040,default
1774580860,1_10640,1_100252,62,1_736431369,1_8249,1774583520,1774582033,default
1774582728,1_103,1_102745,G Line,1_736436309,1_6409,1774582486,1774582766,default
1774582728,1_60161,1_100042,148,1_762078249,1_7976072,1774584300,1774584300,default
1774582728,1_2850,1_100089,2,1_548774929,1_7975113,1774583940,1774583940,default
1774582728,1_46505,1_102619,F Line,1_656237629,1_7975998,1774582980,1774582980,default
1774582728,1_46505,1_102619,F Line,1_656237789,1_7976035,1774583880,1774583880,default
1774582728,1_1510,1_100210,36,1_630543909,1_4314,1774582794,1774582711,default
1774582728,1_81199,1_100072,181,1_721482039,1_7323,1774582725,1774582797,default
1774582728,1_52306,1_102719,161,1_635446389,1_7976218,1774583640,1774583640,default
1774582728,1_80121,1_102719,161,1_635446749,1_7488,1774582774,1774582902,default
1774582728,1_58112,1_100045,150,1_762102469,1_8163,1774582668,1774582829,default
1774582728,1_59282,1_100072,181,1_721481749,1_7453,1774583100,1774582060,default
1774582728,1_59282,1_102717,165,1_664465569,1_7976043,1774583280,1774583280,default
1774582728,1_23905,1_100214,372,1_694307089,1_6876,1774583052,1774582861,default
1774582728,1_12760,1_100173,3,1_675344399,1_4303,1774582910,1774582840,default
1774582728,1_620,40_100240,554,40_774873819,40_9684,1774583160,1774583015,default
1774582728,1_10912,40_100511,542,40_569577119,40_9678,1774582980,1774582826,default
1774582728,1_10912,40_100511,542,40_569577119,40_7976686,1774582980,1774582980,default
1774582728,1_10912,1_100162,271,1_569496349,1_7976351,1774583520,1774583520,default
1774582728,1_71960,40_100511,542,40_721031209,40_7976604,1774583040,1774583040,default
1774582728,1_10640,1_100252,62,1_736431369,1_8249,1774583520,1774582033,default
1774583028,1_60161,1_100042,148,1_762078249,1_7976072,1774584300,1774584300,default
1774583028,1_2850,1_100089,2,1_548774929,1_7975113,1774583940,1774583940,default
1774583028,1_46505,1_102619,F Line,1_656237789,1_7976035,1774583880,1774583880,default
1774583028,1_27420,23_102638,First Hill Streetcar,23_55295736,23_403,1774582860,1774583160,default
1774583028,1_73366,1_102548,B Line,1_721019429,1_6033,1774582740,1774583106,default
1774583028,1_52306,1_102619,F Line,1_656237709,1_7976085,1774583400,1774583400,default
1774583028,1_52306,1_102719,161,1_635446389,1_7976218,1774583640,1774583640,default
1774583028,1_58112,1_102619,F Line,1_656237469,1_6054,1774582821,1774583154,default
1774583028,1_59282,1_102717,165,1_664465569,1_7976043,1774583280,1774583280,default
1774583028,1_57791,1_102718,184,1_664480869,1_7442,1774583077,1774583240,default
1774583028,1_16990,1_102574,40,1_778707789,1_8186,1774583393,1774583108,default
1774583028,1_10912,1_100162,271,1_569496349,1_7976351,1774583520,1774583520,default
1774583028,1_10912,1_100162,271,1_569497039,1_7976352,1774585320,1774585320,default
1774583028,1_71960,40_100511,542,40_721031379,40_7976685,1774584840,1774584840,default
1774583028,1_71960,40_100511,542,40_721031379,40_9668,1774584840,1774584848,default
1774583028,1_10640,1_100252,62,1_736431369,1_8249,1774583520,1774582033,default
1774583328,1_77930,1_102746,333,1_778704339,1_7219,1774583339,1774583266,default
1774583328,1_60161,1_100042,148,1_762078249,1_3725,1774584300,1774583112,default
1774583328,1_60161,1_100042,148,1_762078249,1_7976072,1774584300,1774584300,default
1774583328,1_320,40_594,594,40_285020,40_41506,1774583640,1774583470,default
1774583328,1_2850,1_100089,2,1_548774939,1_7111,1774585200,1774583091,default
1774583328,1_2850,1_100089,2,1_548774929,1_7975113,1774583940,1774583940,default
1774583328,1_2850,1_100089,2,1_548774939,1_7975122,1774585200,1774585200,default
1774583328,1_46505,1_102619,F Line,1_656237789,1_7976035,1774583880,1774583880,default
1774583328,1_23530,1_100259,67,1_724948619,1_8295,1774583404,1774583303,default
1774583328,1_52306,1_102719,161,1_635446389,1_7976218,1774583640,1774583640,default
1774583328,1_52306,1_102619,F Line,1_656236329,1_7975999,1774584300,1774584300,default
1774583328,1_10912,1_100224,44,1_664046729,1_4530,1774585597,1774582485,default
1774583328,1_10912,1_100162,271,1_569496349,1_7976351,1774583520,1774583520,default
1774583328,1_10912,40_100511,542,40_569578019,40_7976608,1774584900,1774584900,default
1774583328,1_10912,1_100162,271,1_569497039,1_7976352,1774585320,1774585320,default
1774583328,1_71960,40_100511,542,40_721031379,40_7976685,1774584840,1774584840,default
1774583328,1_10640,1_100252,62,1_736431369,1_8249,1774583520,1774582033,default
1774583328,1_47890,1_100030,131,1_786610219,1_8014,1774583587,1774583421,default
1774583628,1_52638,40_574,574,40_784020,40_41601,1774583690,1774583675,default
1774583628,1_60161,1_100042,148,1_762078249,1_3725,1774584300,1774583112,default
1774583628,1_970,40_578,578,40_701020,40_9221,1774583847,1774583663,default
1774583628,1_2850,1_100089,2,1_548774939,1_7111,1774585200,1774583091,default
1774583628,1_2850,1_100089,2,1_548774929,1_7975113,1774583940,1774583940,default
1774583628,1_46505,1_102619,F Line,1_656237789,1_7976035,1774583880,1774583880,default
1774583628,1_46505,1_102619,F Line,1_656237059,1_7975997,1774584780,1774584780,default
1774583628,1_76030,1_102702,239,1_736529409,1_3719,1774583729,1774583620,default
1774583628,1_1510,1_100210,36,1_630543549,1_4356,1774583694,1774583673,default
1774583628,1_68130,1_102548,B Line,1_721019509,1_6025,1774583509,1774583704,default
1774583628,1_75770,1_102615,E Line,1_768603819,1_6217,1774583837,1774583642,default
1774583628,1_52306,1_102619,F Line,1_656236329,1_7975999,1774584300,1774584300,default
1774583628,1_52306,1_102719,161,1_635446399,1_7976220,1774585500,1774585500,default
1774583628,1_58112,1_102619,F Line,1_656236469,1_6236,1774583721,1774583761,default
1774583628,1_59872,1_102619,F Line,1_656237549,1_6287,1774583365,1774583765,default
1774583628,1_620,40_100236,545,40_560092229,40_7976551,1774583820,1774583820,default
1774583628,1_620,40_100236,545,40_560092229,40_9576,1774583820,1774583874,default
1774583628,1_10912,1_100224,44,1_664046729,1_4530,1774585597,1774582485,default
1774583628,1_10912,40_100511,542,40_569578019,40_7976608,1774584900,1774584900,default
1774583628,1_10912,1_100162,271,1_569497039,1_7976352,1774585320,1774585320,default
1774583628,1_71960,40_100511,542,40_721031379,40_7976685,1774584840,1774584840,default
1774583628,1_76310,1_102705,230,1_664298999,1_7462,1774583787,1774583810,default
1774583928,1_60161,1_100042,148,1_762078249,1_3725,1774584300,1774583112,default
1774583928,1_30790,1_100249,60,1_689961789,1_7140,1774584051,1774583940,default
1774583928,1_575,1_100263,7,1_694071399,1_4531,1774584000,1774583949,default
1774583928,1_2850,1_100089,2,1_548774939,1_7111,1774585200,1774583091,default
1774583928,1_46505,1_102619,F Line,1_656237059,1_7975997,1774584780,1774584780,default
1774583928,1_52306,1_102619,F Line,1_656236329,1_7975999,1774584300,1774584300,default
1774583928,1_52306,1_102719,161,1_635446399,1_7976220,1774585500,1774585500,default
1774583928,1_57804,1_100072,181,1_721481579,1_7173,1774584259,1774584141,default
1774583928,1_620,40_100239,550,40_597762289,40_9687,1774584240,1774584333,default
1774583928,1_10912,40_100511,542,40_569578019,40_7976608,1774584900,1774584900,default
1774583928,1_10912,1_100162,271,1_569497039,1_7976352,1774585320,1774585320,default
1774583928,1_71960,40_100511,542,40_721031379,40_7976685,1774584840,1774584840,default
1774583928,1_10640,1_100252,62,1_736431379,1_7974599,1774585380,1774585380,default
1774584228,1_60161,1_100042,148,1_762078249,1_3725,1774584300,1774583112,default
1774584228,1_2850,1_100089,2,1_548774939,1_7111,1774585200,1774583091,default
1774584228,1_2850,1_100089,2,1_548774949,1_7158,1774586340,1774583888,default
1774584228,1_46505,1_102619,F Line,1_656237059,1_7975997,1774584780,1774584780,default
1774584228,1_27420,1_100249,60,1_689961889,1_7142,1774584156,1774584361,default
1774584228,3_31002,40_560,560,40_370020,40_41516,1774584429,1774584454,default
1774584228,1_52306,1_102619,F Line,1_656237479,1_7976004,1774585200,1774585200,default
1774584228,1_52306,1_102719,161,1_635446399,1_7976220,1774585500,1774585500,default
1774584228,1_7750,1_102615,E Line,1_768604629,1_6212,1774583946,1774584319,default
1774584228,1_31970,1_100230,50,1_785558909,1_3702,1774584215,1774584364,default
1774584228,1_60710,1_100512,A Line,1_721482999,1_6272,1774584335,1774584396,default
1774584228,1_10912,40_100511,542,40_569578019,40_7976608,1774584900,1774584900,default
1774584228,1_10912,1_100162,271,1_569497039,1_7976352,1774585320,1774585320,default
1774584228,1_71960,40_100511,542,40_721031379,40_7976685,1774584840,1774584840,default
1774584228,1_10640,1_100252,62,1_736431379,1_7974599,1774585380,1774585380,default
1774584528,1_970,1_100045,150,1_762102459,1_8177,1774584252,1774584555,default
1774584528,1_2850,1_100089,2,1_548774939,1_7111,1774585200,1774583091,default
1774584528,1_2850,1_100089,2,1_548774949,1_7158,1774586340,1774583888,default
1774584528,1_46505,1_102619,F Line,1_656237059,1_7975997,1774584780,1774584780,default
1774584528,1_46505,1_102619,F Line,1_656237559,1_7976016,1774585740,1774585740,default
1774584528,1_29423,1_102732,79,1_561369649,1_7975558,1774585800,1774585800,default
1774584528,1_58342,1_100072,181,1_721481749,1_7453,1774584360,1774584609,default
1774584528,1_73366,1_102548,B Line,1_721019509,1_6025,1774584480,1774584626,default
1774584528,1_52306,40_560,560,40_370020,40_41516,1774585020,1774584671,default
1774584528,1_52306,1_102619,F Line,1_656237479,1_7976004,1774585200,1774585200,default
1774584528,1_52306,1_102719,161,1_635446399,1_7976220,1774585500,1774585500,default
1774584528,1_65092,1_100162,271,1_720966689,1_6981,1774585680,1774584387,default
1774584528,1_54201,1_102619,F Line,1_656237709,1_6229,1774584139,1774584668,default
1774584528,1_620,40_594,594,40_2195020,40_41512,1774584960,1774584791,default
1774584528,1_620,40_100240,554,40_774873879,40_9636,1774585080,1774584800,default
1774584528,1_10912,40_100511,542,40_569578019,40_7976608,1774584900,1774584900,default
1774584528,1_10912,1_100162,271,1_569497039,1_7976352,1774585320,1774585320,default
1774584528,1_71960,40_100511,542,40_721031379,40_7976685,1774584840,1774584840,default
1774584528,1_10640,1_100252,62,1_736431379,1_8042,1774585380,1774584466,default
1774584528,1_10640,1_100252,62,1_736431379,1_7974599,1774585380,1774585380,default
1774584828,1_6650,1_100229,5,1_571901529,1_8225,1774585004,1774584767,default
1774584828,1_970,40_594,594,40_2021020,40_9739,1774585204,1774584847,default
1774584828,1_2850,1_100089,2,1_548774939,1_7111,1774585200,1774583091,default
1774584828,1_2850,1_100089,2,1_548774949,1_7158,1774586340,1774583888,default
1774584828,1_46505,1_102619,F Line,1_656237559,1_7976016,1774585740,1774585740,default
1774584828,1_29423,1_102732,79,1_561369649,1_7975558,1774585800,1774585800,default
1774584828,1_60477,1_100060,168,1_664468589,1_7402,1774584670,1774584945,default
1774584828,1_52306,1_102619,F Line,1_656237479,1_7976004,1774585200,1774585200,default
1774584828,1_52306,1_102719,161,1_635446399,1_7976220,1774585500,1774585500,default
1774584828,1_65092,1_100162,271,1_720966689,1_6981,1774585680,1774584387,default
1774584828,1_39983,1_102736,H Line,1_694055669,1_6066,1774584960,1774584926,default
1774584828,1_10912,1_100162,271,1_569497039,1_7976352,1774585320,1774585320,default
1774584828,1_10912,40_100511,542,40_569577989,40_7976604,1774586700,1774586700,default
1774584828,1_10912,1_100162,271,1_569495709,1_7976354,1774587120,1774587120,default
1774584828,1_10640,1_100252,62,1_736431379,1_8042,1774585380,1774584466,default
1774585128,1_103,1_102745,G Line,1_736436519,1_6403,1774584286,1774585141,default
1774585128,1_6800,1_100229,5,1_571901529,1_8225,1774585489,1774585099,default
1774585128,1_2850,1_100089,2,1_548774939,1_7111,1774585200,1774583091,default
1774585128,1_2850,1_100089,2,1_548774949,1_7158,1774586340,1774583888,default
1774585128,1_2850,1_100089,2,1_548774289,1_7169,1774585200,1774585118,default
1774585128,1_46505,1_102619,F Line,1_656237559,1_7976016,1774585740,1774585740,default
1774585128,1_29423,1_102732,79,1_561369649,1_7975558,1774585800,1774585800,default
1774585128,1_8671,1_100275,8,1_693945299,1_8208,1774585238,1774585154,default
1774585128,1_52306,1_102719,161,1_635446399,1_7976220,1774585500,1774585500,default
1774585128,1_52306,1_102619,F Line,1_656236479,1_7976083,1774586100,1774586100,default
1774585128,1_52306,1_102719,161,1_635446409,1_7976090,1774587360,1774587360,default
1774585128,1_65092,1_100162,271,1_720966689,1_6981,1774585680,1774584387,default
1774585128,1_10912,1_100162,271,1_569497039,1_7976352,1774585320,1774585320,default
1774585128,1_10912,40_100511,542,40_569577989,40_7976604,1774586700,1774586700,default
1774585128,1_10912,1_100162,271,1_569495709,1_7976354,1774587120,1774587120,default
1774585128,1_10640,1_100252,62,1_736431379,1_8042,1774585380,1774584466,default
1774585128,1_52081,1_102736,H Line,1_694055669,1_6066,1774585341,1774585271,default
1774585428,1_575,1_100001,1,1_562520879,1_4394,1774584960,1774585477,default
1774585428,1_13830,1_102581,D Line,1_761139069,1_6111,1774585478,1774585432,default
1774585428,1_2850,1_100089,2,1_548774949,1_7158,1774586340,1774583888,default
1774585428,1_2850,1_100089,2,1_662785319,1_7169,1774587120,1774585115,default
1774585428,1_46505,1_102619,F Line,1_656237559,1_7976016,1774585740,1774585740,default
1774585428,1_46505,1_102619,F Line,1_656237299,1_7976229,1774586640,1774586640,default
1774585428,1_29423,1_102732,79,1_561369649,1_7975558,1774585800,1774585800,default
1774585428,1_27420,1_100249,60,1_689961759,1_7098,1774585356,1774585493,default
1774585428,1_1510,1_100210,36,1_630543579,1_4544,1774585494,1774585414,default
1774585428,1_52306,1_102619,F Line,1_656236479,1_7976083,1774586100,1774586100,default
1774585428,1_52306,1_102719,161,1_635446409,1_7976090,1774587360,1774587360,default
1774585428,1_21945,1_102717,165,1_664465169,1_7164,1774585140,1774585516,default
1774585428,1_65092,1_100162,271,1_720966689,1_6981,1774585680,1774584387,default
1774585428,1_40065,1_102574,40,1_778706649,1_8134,1774585721,1774585542,default
1774585428,1_9605,1_100193,32,1_651766899,1_7018,1774585392,1774585558,default
1774585428,1_54971,1_100004,105,1_635436739,1_3722,1774585175,1774585553,default
1774585428,1_22184,1_100249,60,1_689961789,1_7140,1774585588,1774585458,default
1774585428,1_85531,1_102757,187,1_762095229,1_7135,1774585800,1774585582,default
1774585428,1_45230,1_100133,240,1_787241579,1_7380,1774585578,1774585535,default
1774585428,1_620,40_100236,545,40_560092309,40_7976567,1774585680,1774585693,default
1774585428,1_10912,1_100214,372,1_694307109,1_6876,1774585461,1774585591,default
1774585428,1_10912,40_100511,542,40_569577989,40_7976604,1774586700,1774586700,default
1774585428,1_10912,1_100162,271,1_569495709,1_7976354,1774587120,1774587120,default
1774585428,1_10640,1_100252,62,1_736431389,1_7974596,1774587180,1774587180,default
1774585728,1_2850,1_100089,2,1_548774949,1_7158,1774586340,1774583888,default
1774585728,1_2850,1_100089,2,1_662785319,1_7169,1774587120,1774585115,default
1774585728,1_46505,1_102619,F Line,1_656237299,1_7976229,1774586640,1774586640,default
1774585728,1_29423,1_102732,79,1_561369649,1_7975558,1774585800,1774585800,default
1774585728,1_52306,1_102619,F Line,1_656236479,1_6238,1774586100,1774586100,default
1774585728,1_52306,1_102719,161,1_635446409,1_7976090,1774587360,1774587360,default
1774585728,1_8530,1_100263,7,1_694070519,1_4521,1774585821,1774585808,default
1774585728,1_59282,1_100072,181,1_721481589,1_7173,1774586460,1774585446,default
1774585728,1_620,40_100239,550,40_597762559,40_9811,1774586040,1774586392,default
1774585728,1_10912,40_100511,542,40_569577989,40_7976604,1774586700,1774586700,default
1774585728,1_10912,1_100162,271,1_569495709,1_7976354,1774587120,1774587120,default
1774585728,1_49810,1_100031,132,1_721369849,1_8076,1774585921,1774585862,default
1774585728,1_10640,1_100252,62,1_736431389,1_7974596,1774587180,1774587180,default
1774586028,1_970,1_100045,150,1_762102049,1_8170,1774586052,1774586061,default
1774586028,1_2850,1_100089,2,1_548774949,1_7158,1774586340,1774583888,default
1774586028,1_2850,1_100089,2,1_662785319,1_7169,1774587120,1774585115,default
1774586028,1_46505,1_102619,F Line,1_656237299,1_7976229,1774586640,1774586640,default
1774586028,1_73366,1_102548,B Line,1_721019669,1_6021,1774586040,1774586095,default
1774586028,1_5489,1_100196,331,1_778705909,1_7228,1774586217,1774586114,default
1774586028,1_52306,1_102619,F Line,1_656237639,1_7975998,1774587000,1774587000,default
1774586028,1_52306,1_102719,161,1_635446409,1_7976090,1774587360,1774587360,default
1774586028,1_99254,1_100045,150,1_694514519,1_8171,1774585900,1774586127,default
1774586028,1_59282,1_100072,181,1_721481589,1_7173,1774586460,1774585446,default
1774586028,1_59282,1_102717,165,1_664465579,1_7976040,1774586880,1774586880,default
1774586028,1_59872,1_102619,F Line,1_656236329,1_6278,1774585945,1774586181,default
1774586028,1_55831,1_100005,106,1_727784709,1_7040,1774586426,1774586129,default
1774586028,1_10912,40_100511,542,40_569577989,40_7976604,1774586700,1774586700,default
1774586028,1_10912,1_100162,271,1_569495709,1_7976354,1774587120,1774587120,default
1774586028,1_10640,1_100252,62,1_736431389,1_8031,1774587180,1774585839,default
1774586328,1_51651,1_102736,H Line,1_694056119,1_6061,1774586328,1774586366,default
1774586328,1_2850,1_100089,2,1_662785319,1_7169,1774587120,1774585115,default
1774586328,1_2850,1_100089,2,1_491948619,1_7076,1774588200,1774586137,default
1774586328,1_46505,1_102619,F Line,1_656237299,1_7976229,1774586640,1774586640,default
1774586328,1_46505,1_102619,F Line,1_656237719,1_7976085,1774587540,1774587540,default
1774586328,1_52306,1_102619,F Line,1_656237639,1_7975998,1774587000,1774587000,default
1774586328,1_52306,1_102719,161,1_635446409,1_7976090,1774587360,1774587360,default
1774586328,1_99254,40_594,594,40_1107020,40_9302,1774586416,1774586509,default
1774586328,1_59282,1_100072,181,1_721481589,1_7173,1774586460,1774585446,default
1774586328,1_59282,1_102717,165,1_664465579,1_7976040,1774586880,1774586880,default
1774586328,1_59282,1_102717,165,1_664465579,1_7426,1774586880,1774586880,default
1774586328,1_10912,40_100511,542,40_569577989,40_7976604,1774586700,1774586700,default
1774586328,1_10912,1_100162,271,1_569495709,1_7976354,1774587120,1774587120,default
1774586328,1_10640,1_100252,62,1_736431389,1_8031,1774587180,1774585839,default
1774586328,1_8403,1_100039,14,1_562520529,1_4403,1774586400,1774586428,default
1774586628,1_481,1_102576,C Line,1_774680339,1_6249,1774586640,1774586627,default
1774586628,1_60161,1_100042,148,1_762078079,1_3712,1774588080,1774586427,default
1774586628,1_60161,1_100042,148,1_762078079,1_7976054,1774588080,1774588080,default
1774586628,1_320,40_594,594,40_2727020,40_41512,1774587240,1774586800,default
1774586628,1_2850,1_100089,2,1_662785319,1_7169,1774587120,1774585115,default
1774586628,1_2850,1_100089,2,1_491948619,1_7076,1774588200,1774586137,default
1774586628,1_46505,1_102619,F Line,1_656237719,1_7976085,1774587540,1774587540,default
1774586628,1_52306,1_102619,F Line,1_656237639,1_7975998,1774587000,1774587000,default
1774586628,1_52306,1_102719,161,1_635446409,1_7976090,1774587360,1774587360,default
1774586628,1_52306,1_102619,F Line,1_656236499,1_7976035,1774587900,1774587900,default
1774586628,1_8530,1_100263,7,1_694071359,1_4507,1774586721,1774586680,default
1774586628,1_99254,1_100003,101,1_693748099,1_8167,1774586842,1774586678,default
1774586628,1_59282,1_102717,165,1_664465579,1_7426,1774586880,1774586367,default
1774586628,1_620,40_594,594,40_1107020,40_9302,1774586760,1774586822,default
1774586628,1_10912,1_100162,271,1_569495709,1_7976354,1774587120,1774587120,default
1774586628,1_10912,40_100511,542,40_569578009,40_7976685,1774588500,1774588500,default
1774586628,1_10912,1_100162,271,1_569496389,1_7976349,1774588920,1774588920,default
1774586628,1_71960,40_100511,542,40_721031109,40_7976608,1774587540,1774587540,default
1774586628,1_10640,1_100252,62,1_736431389,1_8031,1774587180,1774585839,default
1774586928,1_60161,1_100042,148,1_762078079,1_3712,1774588080,1774586427,default
1774586928,1_12770,1_100228,48,1_721360869,1_8040,1774586811,1774586963,default
1774586928,1_2850,1_100089,2,1_662785319,1_7169,1774587120,1774585115,default
1774586928,1_2850,1_100089,2,1_491948619,1_7076,1774588200,1774586137,default
1774586928,1_46505,1_102619,F Line,1_656237719,1_7976085,1774587540,1774587540,default
1774586928,1_52306,1_102719,161,1_635446409,1_7976090,1774587360,1774587360,default
1774586928,1_52306,1_102619,F Line,1_656236499,1_7976035,1774587900,1774587900,default
1774586928,1_52306,1_102719,161,1_635446419,1_7976094,1774589160,1774589160,default
1774586928,1_620,1_100003,101,1_693748099,1_8167,1774587180,1774587068,default
1774586928,1_10912,1_100162,271,1_569495709,1_7976354,1774587120,1774587120,default
1774586928,1_10912,40_100511,542,40_569578009,40_7976685,1774588500,1774588500,default
1774586928,1_10912,1_100162,271,1_569496389,1_7976349,1774588920,1774588920,default
1774586928,1_71960,40_100511,542,40_721031109,40_7976608,1774587540,1774587540,default
1774586928,1_10640,1_100252,62,1_736431389,1_8031,1774587180,1774585839,default
1774586928,1_8403,1_100039,14,1_562520589,1_4397,1774587120,1774587057,default
1774587228,1_60161,1_100042,148,1_762078079,1_3712,1774588080,1774586427,default
1774587228,1_970,1_100003,101,1_762102059,1_8192,1774587012,1774587266,default
1774587228,1_970,40_578,578,40_326020,40_9726,1774587447,1774587346,default
1774587228,1_575,1_102576,C Line,1_774680169,1_6259,1774586700,1774587279,default
1774587228,1_2850,1_100089,2,1_491948619,1_7076,1774588200,1774586137,default
1774587228,1_46505,1_102619,F Line,1_656237719,1_7976085,1774587540,1774587540,default
1774587228,1_46505,1_102619,F Line,1_656237489,1_7975999,1774589340,1774589340,default
1774587228,1_52306,1_102719,161,1_635446409,1_7976090,1774587360,1774587360,default
1774587228,1_52306,1_102619,F Line,1_656236499,1_7976035,1774587900,1774587900,default
1774587228,1_52306,1_102719,161,1_635446419,1_7976094,1774589160,1774589160,default
1774587228,1_57804,1_100072,181,1_762073779,1_7454,1774587859,1774587821,default
1774587228,1_14280,1_102581,D Line,1_692576249,1_6085,1774586918,1774587381,default
1774587228,1_620,40_100236,545,40_560092319,40_7976564,1774587480,1774587480,default
1774587228,1_620,40_100239,550,40_597763079,40_9690,1774587780,1774587886,default
1774587228,1_10912,40_100511,542,40_569578009,40_7976685,1774588500,1774588500,default
1774587228,1_10912,1_100162,271,1_569496389,1_7976349,1774588920,1774588920,default
1774587228,1_71960,40_100511,542,40_721031109,40_7976608,1774587540,1774587540,default
1774587228,1_10640,1_100252,62,1_736431399,1_7974603,1774588980,1774588980,default
1774587228,1_10640,1_100252,62,1_736431399,1_7017,1774588980,1774588980,default
1774587528,1_103,1_102745,G Line,1_736436579,1_6402,1774586986,1774587560,default
1774587528,1_60161,1_100042,148,1_762078079,1_3712,1774588080,1774586427,default
1774587528,1_575,1_100173,3,1_675344439,1_4386,1774587600,1774587524,default
1774587528,1_575,1_102576,C Line,1_774682149,1_6267,1774587600,1774587534,default
1774587528,1_13830,1_102581,D Line,1_769850589,1_6084,1774587214,1774587578,default
1774587528,1_2850,1_100089,2,1_491948619,1_7076,1774588200,1774586137,default
1774587528,1_2850,1_100089,2,1_491929149,1_7975117,1774589100,1774589100,default
1774587528,1_46505,1_102619,F Line,1_656237489,1_7975999,1774589340,1774589340,default
1774587528,1_2320,1_100001,1,1_562520559,1_4359,1774587104,1774587607,default
1774587528,1_52306,1_102619,F Line,1_656236499,1_7976035,1774587900,1774587900,default
1774587528,1_52306,1_102719,161,1_635446419,1_7976094,1774589160,1774589160,default
1774587528,1_99254,1_100045,150,1_693749439,1_8164,1774587640,1774587698,default
1774587528,1_57804,1_100072,181,1_762073779,1_7454,1774587859,1774587622,default
1774587528,1_39983,1_102736,H Line,1_694056279,1_6202,1774587660,1774587640,default
1774587528,1_14280,1_102581,D Line,1_585677969,1_6105,1774587818,1774587635,default
1774587528,1_620,40_100236,545,40_560092319,40_7976564,1774587480,1774587706,default
1774587528,1_620,40_100239,550,40_597763079,40_9690,1774587780,1774587717,default
1774587528,1_10912,40_100511,542,40_569578009,40_7976685,1774588500,1774588500,default
1774587528,1_10912,1_100162,271,1_569496389,1_7976349,1774588920,1774588920,default
1774587528,1_10640,1_100252,62,1_736431399,1_7017,1774588980,1774587352,default
1774587528,1_18220,1_100028,13,1_548773999,1_7111,1774587979,1774587663,default
1774587828,1_52638,40_574,574,40_954020,40_9303,1774587230,1774587863,default
1774587828,1_60161,1_100042,148,1_762078079,1_3712,1774588080,1774586427,default
1774587828,1_575,1_102615,E Line,1_768603879,1_6217,1774587660,1774587879,default
1774587828,1_2850,1_100089,2,1_491948619,1_7076,1774588200,1774586137,default
1774587828,1_2850,1_100089,2,1_491929149,1_7975117,1774589100,1774589100,default
1774587828,1_46505,1_102619,F Line,1_656237489,1_7975999,1774589340,1774589340,default
1774587828,1_52306,1_102719,161,1_635446419,1_7976094,1774589160,1774589160,default
1774587828,1_54201,1_102619,F Line,1_656237639,1_6275,1774587679,1774587958,default
1774587828,1_21080,1_100026,128,1_651742959,1_7328,1774587960,1774587916,default
1774587828,1_10912,1_100447,49,1_650118749,1_7975097,1774587660,1774587996,default
1774587828,1_10912,40_100511,542,40_569578009,40_7976685,1774588500,1774588500,default
1774587828,1_10912,1_100162,271,1_569496389,1_7976349,1774588920,1774588920,default
1774587828,1_10640,1_100252,62,1_736431399,1_7017,1774588980,1774587352,default
1774588128,1_575,1_102581,D Line,1_585678019,1_6079,1774588200,1774588159,default
1774588128,1_2850,1_100089,2,1_491948619,1_7076,1774588200,1774586137,default
1774588128,1_2850,1_100089,2,1_491929149,1_7975117,1774589100,1774589100,default
1774588128,1_46505,1_102619,F Line,1_656237489,1_7975999,1774589340,1774589340,default
1774588128,3_31002,40_560,560,40_2629020,40_41601,1774588244,1774588380,default
1774588128,1_52306,1_102719,161,1_635446419,1_7976094,1774589160,1774589160,default
1774588128,1_58112,1_102619,F Line,1_656237299,1_6041,1774588221,1774588177,default
1774588128,1_74714,1_102701,225,1_736529979,1_7240,1774588057,1774588274,default
1774588128,1_10912,40_100511,542,40_569578009,40_7976685,1774588500,1774588500,default
1774588128,1_10912,1_100162,271,1_569496389,1_7976349,1774588920,1774588920,default
1774588128,1_10640,1_100252,62,1_736431399,1_7017,1774588980,1774587352,default
1774588128,1_58144,1_102717,165,1_664465579,1_7426,1774588326,1774588200,default
1774588428,1_12170,1_100039,14,1_562520599,1_4353,1774588215,1774588529,default
1774588428,1_2850,1_100089,2,1_491929149,1_7975117,1774589100,1774589100,default
1774588428,1_46505,1_102619,F Line,1_656237489,1_7975999,1774589340,1774589340,default
1774588428,1_52306,1_102719,161,1_635446419,1_7976094,1774589160,1774589160,default
1774588428,1_9605,1_100259,67,1_657911809,1_7975678,1774588440,1774588557,default
1774588428,1_22184,1_102736,H Line,1_694055699,1_6066,1774588512,1774588568,default
1774588428,1_10912,1_100223,43,1_686456369,1_7974930,1774588384,1774588592,default
1774588428,1_10912,1_100162,271,1_569496389,1_7976349,1774588920,1774588920,default
1774588428,1_10640,1_100252,62,1_736431399,1_7017,1774588980,1774587352,default
1774588728,1_77930,1_102746,333,1_778704369,1_7222,1774588739,1774588657,default
1774588728,1_12770,1_100228,48,1_721359529,1_8013,1774588611,1774588751,default
1774588728,1_320,40_100239,550,40_597763089,40_9811,1774588800,1774588807,default
1774588728,1_320,40_594,594,40_356020,40_9302,1774589040,1774588822,default
1774588728,1_2850,1_100089,2,1_491929149,1_7975117,1774589100,1774589100,default
1774588728,1_2850,1_100089,2,1_491929159,1_7152,1774590000,1774590000,default
1774588728,1_2850,1_100089,2,1_491929159,1_7975118,1774590000,1774590000,default
1774588728,1_46505,1_102619,F Line,1_656237489,1_7975999,1774589340,1774589340,default
1774588728,1_52306,1_102719,161,1_635446419,1_7976094,1774589160,1774589160,default
1774588728,1_52306,1_102619,F Line,1_721497109,1_7976016,1774589700,1774589700,default
1774588728,1_52306,1_102719,161,1_635446429,1_7976091,1774591080,1774591080,default
1774588728,1_57516,1_102717,165,1_635443629,1_7129,1774588892,1774588761,default
1774588728,1_70665,1_102704,250,1_720962829,1_7370,1774588750,1774588829,default
1774588728,1_85531,1_102757,187,1_762095249,1_7135,1774589040,1774588784,default
1774588728,1_59872,1_102619,F Line,1_656237639,1_6275,1774588619,1774588878,default
1774588728,1_620,40_100240,554,40_774873979,40_9656,1774588980,1774588865,default
1774588728,1_10912,1_100447,49,1_650118759,1_7975094,1774588860,1774588893,default
1774588728,1_10912,1_100162,271,1_569496389,1_7976349,1774588920,1774588920,default
1774588728,1_10640,1_100252,62,1_736431399,1_7017,1774588980,1774587352,default
1774589029,1_64569,1_100162,271,1_569497039,1_3718,1774589354,1774589068,default
1774589029,1_2850,1_100089,2,1_491929159,1_7152,1774590000,1774588663,default
1774589029,1_2850,1_100089,2,1_491929149,1_7975117,1774589100,1774589100,default
1774589029,1_46505,1_102619,F Line,1_656237489,1_7975999,1774589340,1774589340,default
1774589029,1_40060,1_102574,40,1_778707679,1_8253,1774588945,1774589082,default
1774589029,1_27420,1_100249,60,1_689961809,1_7090,1774588896,1774589093,default
1774589029,1_2320,1_100001,1,1_562520619,1_4397,1774588784,1774589139,default
1774589029,1_75770,1_102615,E Line,1_768604709,1_6270,1774589743,1774589076,default
1774589029,1_52306,1_102719,161,1_635446419,1_7976094,1774589160,1774589160,default
1774589029,1_52306,1_102619,F Line,1_721497109,1_7976016,1774589700,1774589700,default
1774589029,1_52306,1_102719,161,1_635446429,1_7976091,1774591080,1774591080,default
1774589029,1_40065,1_102574,40,1_778707679,1_8253,1774589029,1774589147,default
1774589029,1_59282,1_100072,181,1_721482049,1_7976104,1774590120,1774590120,default
1774589029,1_620,40_100236,545,40_560092389,40_7976571,1774589280,1774589294,default
1774589029,1_64559,1_100162,271,1_569497039,1_3718,1774589537,1774589163,default
1774589029,1_10640,1_100252,62,1_736431409,1_8296,1774590780,1774589038,default
1774589329,1_103,1_102745,G Line,1_736436989,1_6408,1774588755,1774589337,default
1774589329,1_51740,1_100030,131,1_786609449,1_8076,1774589410,1774589304,default
1774589329,1_575,1_100263,7,1_694070689,1_4520,1774589340,1774589407,default
1774589329,1_2850,1_100089,2,1_491929159,1_7152,1774590000,1774588663,default
1774589329,1_74980,1_100205,348,1_771627469,1_7259,1774589444,1774589344,default
1774589329,1_52306,1_102619,F Line,1_721497109,1_7976016,1774589700,1774589700,default
1774589329,1_52306,1_102719,161,1_635446429,1_7976091,1774591080,1774591080,default
1774589329,1_99254,1_100045,150,1_693748979,1_8163,1774589320,1774589497,default
1774589329,1_49350,1_100026,128,1_651742959,1_7328,1774589457,1774589470,default
1774589329,1_2200,1_102581,D Line,1_761138619,1_6059,1774589472,1774589408,default
1774589329,1_59282,1_100072,181,1_721482049,1_7976104,1774590120,1774590120,default
1774589329,1_25791,1_100214,372,1_694306409,1_6962,1774589416,1774589491,default
1774589329,1_620,40_100236,545,40_560092389,40_9660,1774589280,1774589578,default
1774589329,1_620,40_100239,550,40_597762939,40_9688,1774589640,1774589797,default
1774589329,1_10912,40_100511,542,40_569578639,40_7976608,1774590300,1774590300,default
1774589329,1_10640,1_100252,62,1_736431409,1_8296,1774590780,1774589038,default
1774589629,1_575,1_100089,2,1_491948619,1_7076,1774589400,1774589713,default
1774589629,1_2850,1_100089,2,1_491929159,1_7152,1774590000,1774588663,default
1774589629,1_1190,1_100447,49,1_650118099,1_7975092,1774589573,1774589674,default
1774589629,1_52306,1_102719,161,1_635446429,1_7976091,1774591080,1774591080,default
1774589629,1_58112,1_100045,150,1_762103049,1_8162,1774589707,1774589722,default
1774589629,1_59282,1_100072,181,1_721482049,1_7976104,1774590120,1774590120,default
1774589629,1_59282,1_102717,165,1_664465589,1_7976042,1774590540,1774590540,default
1774589629,1_59872,1_102619,F Line,1_656236499,1_6281,1774589519,1774589773,default
1774589629,1_10912,40_100511,542,40_569578639,40_7976608,1774590300,1774590300,default
1774589629,1_10640,1_100252,62,1_736431409,1_8296,1774590780,1774589038,default
1774589929,1_26560,1_102574,40,1_628200369,1_8134,1774589642,1774589948,default
1774589929,1_2850,1_100089,2,1_491929159,1_7152,1774590000,1774588663,default
1774589929,1_46505,1_102619,F Line,1_656237649,1_7975998,1774591140,1774591140,default
1774589929,1_27420,1_100249,60,1_649509429,1_7140,1774590096,1774589992,default
1774589929,1_60477,1_100060,168,1_635439549,1_7393,1774590026,1774590039,default
1774589929,1_52306,1_102719,161,1_635446429,1_7976091,1774591080,1774591080,default
1774589929,1_8530,1_100039,14,1_562520629,1_7974989,1774589601,1774590040,default
1774589929,1_59282,1_100072,181,1_721482049,1_7976104,1774590120,1774590120,default
1774589929,1_59282,1_102717,165,1_664465589,1_7976042,1774590540,1774590540,default
1774589929,1_35440,1_100269,75,1_537943589,1_8115,1774590083,1774590015,default
1774589929,1_10912,40_100511,542,40_569578639,40_7976608,1774590300,1774590300,default
1774589929,1_10640,1_100252,62,1_736431409,1_8296,1774590780,1774589038,default
1774590229,1_52638,40_574,574,40_729020,40_41509,1774590470,1774590245,default
1774590229,1_970,40_594,594,40_1461020,40_9717,1774590604,1774590323,default
1774590229,1_46505,1_102619,F Line,1_656237649,1_7975998,1774591140,1774591140,default
1774590229,1_84810,1_102752,223,1_825197389,1_7249,1774590316,1774590285,default
1774590229,1_52306,1_102719,161,1_635446429,1_7976091,1774591080,1774591080,default
1774590229,1_52306,1_102619,F Line,1_721497269,1_7976085,1774591500,1774591500,default
1774590229,1_41128,1_100026,128,1_694540099,1_7300,1774590444,1774590284,default
1774590229,1_8530,1_100005,106,1_727784959,1_7012,1774590389,1774590255,default
1774590229,1_99254,40_594,594,40_776020,40_9215,1774590016,1774590338,default
1774590229,1_99254,1_100003,101,1_693750189,1_8179,1774590442,1774590342,default
1774590229,1_59282,1_102717,165,1_664465589,1_7129,1774590540,1774590192,default
1774590229,1_59282,1_102717,165,1_664465589,1_7976042,1774590540,1774590540,default
1774590229,1_10640,1_100252,62,1_736431409,1_8296,1774590780,1774589038,default
1774590529,1_77930,1_102746,333,1_778704379,1_7219,1774590539,1774590556,default
1774590529,1_10950,1_100447,49,1_650118769,1_7080,1774590580,1774590503,default
1774590529,1_970,1_100003,101,1_762102069,1_8167,1774590612,1774590563,default
1774590529,1_320,40_594,594,40_1461020,40_9717,1774590840,1774590580,default
1774590529,1_46505,1_102619,F Line,1_656237649,1_7975998,1774591140,1774591140,default
1774590529,1_280,40_100240,554,40_560099089,40_9656,1774590505,1774590585,default
1774590529,1_52306,1_102719,161,1_635446429,1_7976091,1774591080,1774591080,default
1774590529,1_52306,1_102619,F Line,1_721497269,1_7976085,1774591500,1774591500,default
1774590529,1_52306,1_102719,161,1_635446439,1_7976220,1774592880,1774592880,default
1774590529,1_8530,1_100263,7,1_694071219,1_4521,1774590617,1774590625,default
1774590529,1_620,1_100003,101,1_693750189,1_8179,1774590780,1774590667,default
1774590529,1_10640,1_100252,62,1_736431409,1_8296,1774590780,1774589038,default
1774590529,1_8403,1_100039,14,1_562520659,1_4353,1774590720,1774590666,default
1774590829,1_481,1_102736,H Line,1_694055769,1_6067,1774590900,1774590779,default
1774590829,1_26560,1_102574,40,1_761403129,1_8196,1774590542,1774590923,default
1774590829,1_970,40_578,578,40_2899020,40_9734,1774591047,1774590952,default
1774590829,1_320,40_100239,550,40_597763439,40_9690,1774590720,1774590880,default
1774590829,1_2850,1_100089,2,1_491929169,1_7975113,1774591800,1774591800,default
1774590829,1_46505,1_102619,F Line,1_656237649,1_7975998,1774591140,1774591140,default
1774590829,1_40060,1_102574,40,1_778707649,1_8126,1774590685,1774590875,default
1774590829,1_52306,1_102719,161,1_635446429,1_7976091,1774591080,1774591080,default
1774590829,1_52306,1_102619,F Line,1_721497269,1_7976085,1774591500,1774591500,default
1774590829,1_52306,1_102719,161,1_635446439,1_7976220,1774592880,1774592880,default
1774590829,1_40065,1_102574,40,1_778707649,1_8126,1774590769,1774590935,default
1774590829,1_11060,1_100447,49,1_650118769,1_7080,1774591071,1774590921,default
1774590829,1_620,40_100236,545,40_559501089,40_7976740,1774591080,1774591080,default
1774590829,1_10640,1_100252,62,1_736431419,1_7974595,1774592580,1774592580,default
1774591129,1_2850,1_100089,2,1_491929169,1_7975113,1774591800,1774591800,default
1774591129,1_52306,1_102619,F Line,1_721497269,1_7976085,1774591500,1774591500,default
1774591129,1_52306,1_102719,161,1_635446439,1_7976220,1774592880,1774592880,default
1774591129,1_99254,1_100045,150,1_693748899,1_8110,1774591060,1774591288,default
1774591129,1_57804,1_100072,181,1_721481599,1_7173,1774591699,1774591696,default
1774591129,1_620,40_100236,545,40_559501089,40_7976740,1774591080,1774591302,default
1774591129,1_620,40_100236,545,40_559501089,40_9671,1774591080,1774591380,default
1774591129,1_620,40_100239,550,40_597762949,40_9687,1774591440,1774591804,default
1774591129,1_10640,1_100252,62,1_736431419,1_7974595,1774592580,1774592580,default
1774591429,1_26560,1_102574,40,1_761403929,1_8264,1774591442,1774591540,default
1774591429,1_575,1_100089,2,1_491929159,1_7152,1774591200,1774591462,default
1774591429,1_2850,1_100089,2,1_491929169,1_7975113,1774591800,1774591800,default
1774591429,1_52306,1_102719,161,1_635446439,1_7976220,1774592880,1774592880,default
1774591429,1_40030,1_102574,40,1_761403849,1_8253,1774591400,1774591537,default
1774591429,1_17800,1_100202,345,1_774124519,1_3740,1774591386,1774591561,default
1774591429,1_57804,1_100072,181,1_721481599,1_7173,1774591699,1774591556,default
1774591429,1_59872,1_102619,F Line,1_721497109,1_6287,1774591319,1774591583,default
1774591429,1_620,40_100239,550,40_597762949,40_9687,1774591440,1774591627,default
1774591429,1_10640,1_100252,62,1_736431419,1_8067,1774592580,1774591376,default
1774591429,1_10640,1_100252,62,1_736431419,1_7974595,1774592580,1774592580,default
1774591729,1_575,1_100263,7,1_694071369,1_4531,1774592040,1774591626,default
1774591729,1_2850,1_100089,2,1_491929169,1_7975113,1774591800,1774591800,default
1774591729,1_52306,1_102719,161,1_635446439,1_7976220,1774592880,1774592880,default
1774591729,1_2200,1_102581,D Line,1_761138799,1_6080,1774591872,1774591839,default
1774591729,1_39983,1_102736,H Line,1_694055769,1_6067,1774592100,1774591831,default
1774591729,1_60710,1_100512,A Line,1_721483039,1_6272,1774591595,1774591918,default
1774591729,1_10640,1_100252,62,1_736431419,1_8067,1774592580,1774591376,default
1774592029,1_22196,1_102736,H Line,1_694056039,1_6051,1774592173,1774592041,default
1774592029,1_970,40_594,594,40_1143020,40_9215,1774592404,1774592097,default
1774592029,3_31002,40_560,560,40_1863020,40_9206,1774592324,1774592342,default
1774592029,1_52306,1_102719,161,1_635446439,1_7976220,1774592880,1774592880,default
1774592029,1_52306,1_102619,F Line,1_694521949,1_7975999,1774593300,1774593300,default
1774592029,1_59936,1_102720,160,1_770988449,1_7397,1774591906,1774592184,default
1774592029,1_81982,1_100196,331,1_778705939,1_7228,1774592188,1774592237,default
1774592029,1_10640,1_100252,62,1_736431419,1_8067,1774592580,1774591376,default
1774592329,1_26560,1_102574,40,1_761403729,1_8124,1774592222,1774592446,default
1774592329,1_320,40_594,594,40_1143020,40_9215,1774592640,1774592364,default
1774592329,1_575,1_100028,13,1_692106469,1_7111,1774592220,1774592380,default
1774592329,1_46505,1_102619,F Line,1_694522029,1_7976016,1774593060,1774593060,default
1774592329,1_40060,1_102574,40,1_778707279,1_8116,1774591885,1774592384,default
1774592329,1_13810,1_102581,D Line,1_761139089,1_6079,1774592481,1774592356,default
1774592329,3_31002,1_102736,H Line,1_694055769,1_6067,1774592626,1774592386,default
1774592329,1_52306,1_102719,161,1_635446439,1_7976220,1774592880,1774592880,default
1774592329,1_52306,1_102619,F Line,1_694521949,1_7975999,1774593300,1774593300,default
1774592329,1_10640,1_100252,62,1_736431419,1_8067,1774592580,1774591376,default
1774592329,1_8403,1_100039,14,1_562520949,1_7974993,1774592520,1774592520,default
1774592329,1_80004,1_102717,165,1_664465589,1_7129,1774592520,1774592428,default
1774592629,1_320,40_100239,550,40_597763329,40_7976614,1774592640,1774592684,default
1774592629,1_320,40_594,594,40_1143020,40_9215,1774592640,1774592717,default
1774592629,1_2850,1_100089,2,1_491929179,1_7158,1774593600,1774592520,default
1774592629,1_2850,1_100089,2,1_491929179,1_7975114,1774593600,1774593600,default
1774592629,1_46505,1_102619,F Line,1_694522029,1_7976016,1774593060,1774593060,default
1774592629,1_52306,40_560,560,40_1863020,40_9206,1774592880,1774592699,default
1774592629,1_52306,1_102719,161,1_635446439,1_7976220,1774592880,1774592880,default
1774592629,1_52306,1_102619,F Line,1_694521949,1_7975999,1774593300,1774593300,default
1774592629,1_52306,1_102719,161,1_635446449,1_7976088,1774594800,1774594800,default
1774592629,1_58112,1_102619,F Line,1_656237649,1_6275,1774592645,1774592783,default
1774592629,1_49350,1_100026,128,1_694540299,1_7487,1774592517,1774592754,default
1774592629,1_10210,1_100264,70,1_724577839,1_8212,1774592824,1774592770,default
1774592629,1_10640,1_100252,62,1_736431429,1_8042,1774594380,1774592676,default
1774592929,1_2850,1_100089,2,1_491929179,1_7158,1774593600,1774592520,default
1774592929,1_46505,1_102619,F Line,1_694522029,1_7976016,1774593060,1774593060,default
1774592929,1_27420,1_100249,60,1_649509419,1_7085,1774592316,1774593022,default
1774592929,1_11590,1_100002,10,1_675385559,1_4391,1774592858,1774592983,default
1774592929,1_52306,1_102619,F Line,1_694521949,1_7975999,1774593300,1774593300,default
1774592929,1_52306,1_102719,161,1_635446449,1_7976088,1774594800,1774594800,default
1774592929,1_65092,1_100162,271,1_569496389,1_7379,1774593300,1774592973,default
1774592929,1_620,40_100240,554,40_774874159,40_9636,1774593420,1774593152,default
1774592929,1_10912,1_100264,70,1_724577709,1_7975068,1774593063,1774593112,default
1774592929,1_10640,1_100252,62,1_736431429,1_8042,1774594380,1774592676,default
1774593229,1_103,1_102745,G Line,1_736436629,1_6409,1774593223,1774593250,default
1774593229,1_970,1_100045,150,1_762102489,1_8163,1774593192,1774593271,default
1774593229,1_2850,1_100089,2,1_491929179,1_7158,1774593600,1774592520,default
1774593229,1_5489,1_100196,331,1_778705939,1_7228,1774593357,1774593247,default
1774593229,1_52306,1_102719,161,1_635446449,1_7976088,1774594800,1774594800,default
1774593229,1_60428,1_100045,150,1_693749079,1_8162,1774593363,1774593333,default
1774593229,1_57791,1_102718,184,1_664480649,1_7442,1774593397,1774593452,default
1774593229,1_620,40_100239,550,40_597763449,40_7976613,1774593840,1774593879,default
1774593229,1_10640,1_100252,62,1_736431429,1_8042,1774594380,1774592676,default
1774593529,1_12170,1_100039,14,1_562520689,1_4397,1774593435,1774593635,default
1774593529,1_481,1_102736,H Line,1_694056399,1_6076,1774593600,1774593526,default
1774593529,1_2850,1_100089,2,1_491929179,1_7158,1774593600,1774592520,default
1774593529,1_27420,1_100249,60,1_689962089,1_7142,1774593456,1774593587,default
1774593529,1_52306,1_102719,161,1_635446449,1_7976088,1774594800,1774594800,default
1774593529,1_2200,1_100275,8,1_759809069,1_8005,1774594434,1774593599,default
1774593529,1_620,40_100239,550,40_597763449,40_7976613,1774593840,1774593699,default
1774593529,1_10912,1_100447,49,1_650118799,1_7975097,1774593660,1774593689,default
1774593529,1_10640,1_100252,62,1_736431429,1_8042,1774594380,1774592676,default
1774593829,1_12770,1_100228,48,1_721359539,1_8040,1774593794,1774593848,default
1774593829,1_71842,1_102753,222,1_774817709,1_7306,1774594031,1774593733,default
1774593829,1_52306,1_102719,161,1_635446449,1_7976088,1774594800,1774594800,default
1774593829,1_52306,1_102619,F Line,1_694522109,1_7975998,1774595100,1774595100,default
1774593829,1_10912,1_100224,44,1_664046629,1_4545,1774593697,1774594003,default
1774593829,1_10640,1_100252,62,1_736431429,1_8042,1774594380,1774592676,default
1774594129,1_73945,1_102704,250,1_720962869,1_7337,1774594079,1774594145,default
1774594129,1_30790,1_100006,107,1_732058909,1_3712,1774594212,1774594138,default
1774594129,1_2850,1_100089,2,1_491929189,1_7975119,1774594860,1774594860,default
1774594129,1_46505,1_102619,F Line,1_694522189,1_7976085,1774594860,1774594860,default
1774594129,1_81254,1_100202,345,1_774124109,1_3750,1774594322,1774594044,default
1774594129,1_52306,1_102719,161,1_635446449,1_7976088,1774594800,1774594800,default
1774594129,1_52306,1_102619,F Line,1_694522109,1_7975998,1774595100,1774595100,default
1774594129,1_71970,1_102753,222,1_774818029,1_7356,1774594306,1774594219,default
1774594429,1_52638,40_574,574,40_2253020,40_9728,1774594430,1774594458,default
1774594429,1_13830,1_100193,32,1_651767309,1_7054,1774594533,1774594417,default
1774594429,1_2850,1_100089,2,1_491929189,1_7975119,1774594860,1774594860,default
1774594429,1_46505,1_102619,F Line,1_694522189,1_7976085,1774594860,1774594860,default
1774594429,1_52306,1_102719,161,1_635446449,1_7976088,1774594800,1774594800,default
1774594429,1_52306,1_102619,F Line,1_694522109,1_7975998,1774595100,1774595100,default
1774594429,1_620,40_100236,545,40_560092519,40_7976567,1774594680,1774594680,default
1774594429,1_10640,1_100252,62,1_736431439,1_7974596,1774596180,1774596180,default
1774594729,1_22196,1_102736,H Line,1_713100009,1_6061,1774594873,1774594670,default
1774594729,1_2850,1_100089,2,1_491929189,1_7975119,1774594860,1774594860,default
1774594729,1_46505,1_102619,F Line,1_694522189,1_7976085,1774594860,1774594860,default
1774594729,1_52306,1_102619,F Line,1_694522109,1_7975998,1774595100,1774595100,default
1774594729,1_620,40_100236,545,40_560092519,40_7976567,1774594680,1774595011,default
1774594729,1_10912,1_100264,70,1_724577089,1_7975084,1774594863,1774594895,default
1774594729,1_10912,1_100447,49,1_650118809,1_7975094,1774594860,1774594898,default
1774594729,1_10640,1_100252,62,1_736431439,1_7974596,1774596180,1774596180,default
1774595030,1_27420,1_100249,60,1_649509459,1_7098,1774594656,1774595100,default
1774595030,1_620,40_100236,545,40_560092519,40_7976567,1774594680,1774595291,default
1774595030,1_10640,1_100252,62,1_736431439,1_8031,1774596180,1774595000,default
1774595030,1_10640,1_100252,62,1_736431439,1_7974596,1774596180,1774596180,default
1774595330,1_575,1_102581,D Line,1_628190449,1_6079,1774595400,1774595354,default
1774595330,1_8530,1_100039,14,1_562520719,1_4397,1774595601,1774595383,default
1774595330,1_21080,1_100026,128,1_694540169,1_7146,1774594680,1774595478,default
1774595330,1_620,40_100236,545,40_560092519,40_7976567,1774594680,1774595594,default
1774595330,1_620,40_100239,550,40_651524639,40_7976619,1774595460,1774595717,default
1774595330,1_10640,1_100252,62,1_736431439,1_8031,1774596180,1774595000,default
1774595630,1_2850,1_100089,2,1_772359849,1_7152,1774595760,1774595631,default
1774595630,1_47660,1_102736,H Line,1_694056399,1_6076,1774595883,1774595647,default
1774595630,1_620,40_100236,545,40_560092519,40_7976567,1774594680,1774595895,default
1774595630,1_81982,1_100196,331,1_778705949,1_7238,1774595788,1774595821,default
1774595630,1_10640,1_100252,62,1_736431439,1_8031,1774596180,1774595000,default
1774595930,1_2850,1_100089,2,1_491929199,1_7152,1774597200,1774597176,default
1774595930,1_2850,1_100089,2,1_491929199,1_7975118,1774597200,1774597200,default
1774595930,1_52306,1_102719,161,1_635446459,1_7976090,1774598100,1774598100,default
1774595930,1_81684,40_100240,554,40_560096209,40_9636,1774598160,1774598048,default
1774598104,1_8541,1_100039,14,1_562520909,1_4394,1774597980,1774598173,default
1774598104,1_99254,1_100045,150,1_724421509,1_8164,1774598200,1774598207,default
1774598405,1_51551,1_102736,H Line,1_732459439,1_6051,1774597837,1774598422,default
1774598405,1_1510,1_100263,7,1_694071349,1_4531,1774598634,1774598402,default
1774598705,1_2200,1_100028,13,1_605111719,1_7076,1774598882,1774598778,default
1774598705,1_25791,1_100214,372,1_694307169,1_7486,1774598874,1774598911,default
1774599005,1_8530,1_100263,7,1_694070499,1_4515,1774599317,1774599072,default
1774599305,1_80121,1_102719,161,1_635446019,1_7333,1774599432,1774599449,default
1774599605,1_8541,1_100263,7,1_770868499,1_4539,1774599420,1774599620,default
1774599605,1_9605,1_100259,67,1_761390219,1_7975679,1774599420,1774599738,default
1774600205,1_7690,1_102615,E Line,1_761418649,1_6097,1774600579,1774600320,default
1774600505,1_1510,1_100210,36,1_630542119,1_4402,1774600614,1774600578,default
1774600505,1_75770,1_102615,E Line,1_768604579,1_6212,1774601340,1774600533,default
1774600805,1_8403,1_100039,14,1_656521829,1_4353,1774601280,1774600928,default
1774601105,1_8541,1_100263,7,1_770869339,1_4531,1774601220,1774601150,default
1774601105,1_575,1_100210,36,1_630542119,1_4402,1774601100,1774601145,default
1774601405,1_26560,1_102574,40,1_761403759,1_8124,1774601495,1774601495,default
1774601405,1_58110,1_100045,150,1_762103059,1_8162,1774601460,1774601424,default
1774601405,1_58112,1_100045,150,1_762103059,1_8162,1774601547,1774601499,default
1774602305,1_10912,1_100223,43,1_686456059,1_7974928,1774602296,1774602479,default
1774602905,1_2200,1_102581,D Line,1_761138659,1_6059,1774603032,1774603026,default
1774602905,1_10912,1_100264,70,1_724577959,1_7975067,1774602843,1774603070,default
1774604406,1_7790,1_102615,E Line,1_761418559,1_6086,1774604440,1774604414,default
1774604406,1_575,1_102576,C Line,1_774680129,1_6259,1774604160,1774604451,default
1774604706,1_58110,1_100045,150,1_762102909,1_8164,1774604580,1774604769,default
1774606206,1_3470,1_100210,36,1_625370399,1_7974907,1774606260,1774606260,default
1774606806,1_12770,1_100219,4,1_675347249,1_7974873,1774606868,1774606868,default
1774606806,1_1510,1_100210,36,1_625370399,1_7974907,1774606893,1774606893,default
1774607106,1_12770,1_100228,48,1_721365959,1_8040,1774607258,1774607155,default
1774608006,1_575,1_102576,C Line,1_774680229,1_6249,1774607760,1774608077,default
1774608906,1_47660,1_102736,H Line,1_732458609,1_6067,1774609023,1774608905,default
1774608906,1_80121,1_102719,161,1_635446029,1_8164,1774608732,1774609009,default
1774609506,1_60453,1_102715,162,1_635447079,1_7976013,1774612320,1774612320,default
1774609506,1_60710,1_100512,A Line,1_762074249,1_6283,1774609514,1774609654,default
1774609807,1_60453,1_102715,162,1_635447079,1_7976013,1774612320,1774612320,default
1774609807,1_57453,40_102734,566,40_597750619,40_7976586,1774611840,1774611840,default
1774609807,1_59282,1_100072,181,1_721482009,1_7976037,1774612560,1774612560,default
1774609807,1_10640,1_100252,62,1_736430679,1_7974598,1774611840,1774611840,default
1774610107,1_60453,1_102715,162,1_635447079,1_7976013,1774612320,1774612320,default
1774610107,1_57453,40_102734,566,40_597750619,40_7976586,1774611840,1774611840,default
1774610107,1_59282,1_100072,181,1_721482009,1_7976037,1774612560,1774612560,default
1774610107,1_10640,1_100252,62,1_736430679,1_7974598,1774611840,1774611840,default
1774610407,1_60453,1_102715,162,1_635447079,1_7976013,1774612320,1774612320,default
1774610407,1_57453,40_102734,566,40_597750619,40_7976586,1774611840,1774611840,default
1774610407,1_59282,1_100072,181,1_721482009,1_7976037,1774612560,1774612560,default
1774610407,1_10640,1_100252,62,1_736430679,1_7974598,1774611840,1774611840,default
1774610707,1_60453,1_102715,162,1_635447079,1_7976013,1774612320,1774612320,default
1774610707,1_2850,1_100089,2,1_662783179,1_7975082,1774612080,1774612080,default
1774610707,1_57453,40_102734,566,40_597750619,40_7976586,1774611840,1774611840,default
1774610707,1_52306,1_102719,161,1_693753359,1_7976127,1774612320,1774612320,default
1774610707,1_59282,1_100072,181,1_721482009,1_7976037,1774612560,1774612560,default
1774610707,1_620,40_590,590,40_3229020,40_41515,1774611180,1774610933,default
1774610707,1_10640,1_100252,62,1_736430679,1_7974598,1774611840,1774611840,default
1774610707,1_10640,1_100252,62,1_736430689,1_7974587,1774613640,1774613640,default
1774611007,1_60453,1_102715,162,1_635447079,1_7976013,1774612320,1774612320,default
1774611007,1_60453,1_102715,162,1_635447089,1_7976026,1774613520,1774613520,default
1774611007,1_2850,1_100089,2,1_662783179,1_7975082,1774612080,1774612080,default
1774611007,1_57453,40_102734,566,40_597750619,40_7976586,1774611840,1774611840,default
1774611007,1_52306,1_102619,F Line,1_635448319,1_7976142,1774611840,1774611840,default
1774611007,1_52306,1_102719,161,1_693753359,1_7976127,1774612320,1774612320,default
1774611007,1_59282,1_102717,165,1_664465209,1_7976038,1774612500,1774612500,default
1774611007,1_59282,1_100072,181,1_721482009,1_7976037,1774612560,1774612560,default
1774611007,1_59282,1_102717,165,1_664465219,1_7976093,1774613880,1774613880,default
1774611007,1_10640,1_100252,62,1_736430679,1_7974598,1774611840,1774611840,default
1774611007,1_10640,1_100252,62,1_736430689,1_7974587,1774613640,1774613640,default
1774611307,1_103,1_102745,G Line,1_737094339,1_6402,1774611223,1774611321,default
1774611307,1_60453,1_102715,162,1_635447079,1_8187,1774612320,1774611025,default
1774611307,1_60453,1_102715,162,1_635447079,1_7976013,1774612320,1774612320,default
1774611307,1_60453,1_102715,162,1_635447089,1_7976026,1774613520,1774613520,default
1774611307,1_2850,1_100089,2,1_662783179,1_7975082,1774612080,1774612080,default
1774611307,1_57453,40_102734,566,40_597750619,40_7976586,1774611840,1774611840,default
1774611307,1_52306,1_102619,F Line,1_635448319,1_7976142,1774611840,1774611840,default
1774611307,1_52306,1_102719,161,1_693753359,1_7976127,1774612320,1774612320,default
1774611307,1_59282,1_102717,165,1_664465209,1_7976038,1774612500,1774612500,default
1774611307,1_59282,1_100072,181,1_721482009,1_7976037,1774612560,1774612560,default
1774611307,1_59282,1_102717,165,1_664465219,1_7976093,1774613880,1774613880,default
1774611307,1_59282,1_100072,181,1_721481729,1_7976141,1774613940,1774613940,default
1774611307,1_81684,40_100240,554,40_774869059,40_9657,1774611480,1774611400,default
1774611307,1_10912,1_100447,49,1_694075669,1_7975096,1774611420,1774611476,default
1774611307,1_10640,1_100252,62,1_736430679,1_8082,1774611840,1774611188,default
1774611307,1_10640,1_100252,62,1_736430679,1_7974598,1774611840,1774611840,default
1774611307,1_10640,1_100252,62,1_736430689,1_7974587,1774613640,1774613640,default
1774611607,1_60453,1_102715,162,1_635447079,1_8187,1774612320,1774611025,default
1774611607,1_60453,1_102715,162,1_635447089,1_7976026,1774613520,1774613520,default
1774611607,1_2850,1_100089,2,1_662783179,1_7975082,1774612080,1774612080,default
1774611607,1_57453,40_102734,566,40_597750619,40_7976586,1774611840,1774611840,default
1774611607,1_52306,1_102719,161,1_693753359,1_7451,1774612320,1774611516,default
1774611607,1_52306,1_102619,F Line,1_635448319,1_7976142,1774611840,1774611840,default
1774611607,1_52306,1_102719,161,1_693753359,1_7976127,1774612320,1774612320,default
1774611607,1_59282,1_102717,165,1_664465209,1_7976038,1774612500,1774612500,default
1774611607,1_59282,1_100072,181,1_721482009,1_7976037,1774612560,1774612560,default
1774611607,1_59282,1_102717,165,1_664465219,1_7976093,1774613880,1774613880,default
1774611607,1_59282,1_100072,181,1_721481729,1_7976141,1774613940,1774613940,default
1774611607,1_10640,1_100252,62,1_736430679,1_8082,1774611840,1774611188,default
1774611607,1_10640,1_100252,62,1_736430689,1_7974587,1774613640,1774613640,default
1774611907,1_60453,1_102715,162,1_635447079,1_8187,1774612320,1774611025,default
1774611907,1_60453,1_102715,162,1_635447089,1_7976026,1774613520,1774613520,default
1774611907,1_575,1_100264,70,1_724578879,1_8245,1774611660,1774611959,default
1774611907,1_2850,1_100089,2,1_662783179,1_7975082,1774612080,1774612080,default
1774611907,1_52306,1_102719,161,1_693753359,1_7451,1774612320,1774611516,default
1774611907,1_59282,1_102717,165,1_664465209,1_7976038,1774612500,1774612500,default
1774611907,1_59282,1_100072,181,1_721482009,1_7976037,1774612560,1774612560,default
1774611907,1_59282,1_102717,165,1_664465219,1_7976093,1774613880,1774613880,default
1774611907,1_59282,1_100072,181,1_721481729,1_7976141,1774613940,1774613940,default
1774611907,1_60710,1_100512,A Line,1_721482249,1_6234,1774612094,1774612074,default
1774611907,1_10640,1_100252,62,1_736430689,1_7974587,1774613640,1774613640,default
1774612207,1_12770,1_100219,4,1_675344999,1_4309,1774612268,1774612174,default
1774612207,1_60453,1_102715,162,1_635447079,1_8187,1774612320,1774611025,default
1774612207,1_60453,1_102715,162,1_635447089,1_7976026,1774613520,1774613520,default
1774612207,1_3470,1_100210,36,1_630541299,1_4313,1774612200,1774612272,default
1774612207,1_57453,40_102734,566,40_597751259,40_7976588,1774614480,1774614480,default
1774612207,1_52306,1_102719,161,1_693753359,1_7451,1774612320,1774611516,default
1774612207,1_52306,40_560,560,40_475020,40_9222,1774612500,1774612463,default
1774612207,1_22184,1_102736,H Line,1_694057449,1_6050,1774612526,1774612279,default
1774612207,1_59282,1_102717,165,1_664465209,1_7976038,1774612500,1774612500,default
1774612207,1_59282,1_100072,181,1_721482009,1_7976037,1774612560,1774612560,default
1774612207,1_59282,1_102717,165,1_664465219,1_7976093,1774613880,1774613880,default
1774612207,1_59282,1_100072,181,1_721481729,1_7976141,1774613940,1774613940,default
1774612207,1_59282,1_102717,165,1_635443679,1_7976073,1774615080,1774615080,default
1774612207,1_620,40_100240,554,40_774868069,40_9678,1774612500,1774612401,default
1774612207,1_10640,1_100252,62,1_736430689,1_7974587,1774613640,1774613640,default
1774612507,1_60453,1_102715,162,1_635447089,1_7976026,1774613520,1774613520,default
1774612507,1_60453,1_102715,162,1_664468649,1_7975993,1774614720,1774614720,default
1774612507,1_29423,1_102732,79,1_561368939,1_7975558,1774614300,1774614300,default
1774612507,1_27420,1_100249,60,1_689960469,1_7038,1774612596,1774612645,default
1774612507,1_57453,40_102734,566,40_597751259,40_7976588,1774614480,1774614480,default
1774612507,1_52306,1_102619,F Line,1_694520799,1_7976083,1774614000,1774614000,default
1774612507,1_52306,1_102719,161,1_635446809,1_7976210,1774614120,1774614120,default
1774612507,1_59282,1_102717,165,1_664465219,1_7976093,1774613880,1774613880,default
1774612507,1_59282,1_100072,181,1_721481729,1_7976141,1774613940,1774613940,default
1774612507,1_59282,1_102717,165,1_635443679,1_7976073,1774615080,1774615080,default
1774612507,1_59282,1_100072,181,1_770986359,1_7976082,1774615440,1774615440,default
1774612507,1_10640,1_100252,62,1_736430689,1_7974587,1774613640,1774613640,default
1774612807,1_970,40_578,578,40_3220020,40_9124,1774612947,1774612917,default
1774612807,1_60453,1_102715,162,1_635447089,1_7976026,1774613520,1774613520,default
1774612807,1_60453,1_102715,162,1_664468649,1_7975993,1774614720,1774614720,default
1774612807,1_575,1_100173,3,1_675344489,1_4358,1774612800,1774612847,default
1774612807,1_2850,1_100089,2,1_491928479,1_7975112,1774615020,1774615020,default
1774612807,1_29423,1_102732,79,1_561368939,1_7975558,1774614300,1774614300,default
1774612807,1_57453,40_102734,566,40_597751259,40_7976588,1774614480,1774614480,default
1774612807,1_52306,1_102619,F Line,1_694520799,1_7976083,1774614000,1774614000,default
1774612807,1_52306,1_102719,161,1_635446809,1_7976210,1774614120,1774614120,default
1774612807,1_59282,1_102717,165,1_664465219,1_7976093,1774613880,1774613880,default
1774612807,1_59282,1_100072,181,1_721481729,1_7976141,1774613940,1774613940,default
1774612807,1_59282,1_102717,165,1_635443679,1_7976073,1774615080,1774615080,default
1774612807,1_59282,1_100072,181,1_770986359,1_7976082,1774615440,1774615440,default
1774612807,1_620,40_590,590,40_1828020,40_41507,1774613580,1774612971,default
1774612807,1_10912,1_100264,70,1_724578889,1_8223,1774613043,1774612967,default
1774612807,1_71960,40_100511,542,40_721030919,40_7976607,1774614060,1774614060,default
1774612807,1_10640,1_100252,62,1_736430689,1_7974587,1774613640,1774613640,default
1774613107,1_60453,1_102715,162,1_635447089,1_7976026,1774613520,1774613520,default
1774613107,1_60453,1_102715,162,1_664468649,1_7975993,1774614720,1774614720,default
1774613107,1_64569,1_100099,208,1_664288949,1_7460,1774613121,1774613154,default
1774613107,1_2850,1_100089,2,1_491928479,1_7975112,1774615020,1774615020,default
1774613107,1_29423,1_102732,79,1_561368939,1_7975558,1774614300,1774614300,default
1774613107,1_57453,40_102734,566,40_597751259,40_7976588,1774614480,1774614480,default
1774613107,1_52306,1_102619,F Line,1_694520799,1_7976083,1774614000,1774614000,default
1774613107,1_52306,1_102719,161,1_635446809,1_7976210,1774614120,1774614120,default
1774613107,1_59282,1_102717,165,1_664465219,1_7064,1774613880,1774612940,default
1774613107,1_59282,1_100072,181,1_721481729,1_7976141,1774613940,1774613940,default
1774613107,1_59282,1_102717,165,1_635443679,1_7976073,1774615080,1774615080,default
1774613107,1_59282,1_100072,181,1_770986359,1_7976082,1774615440,1774615440,default
1774613107,1_68160,1_102548,B Line,1_721017969,1_6040,1774613252,1774613194,default
1774613107,1_59810,1_100487,102,1_694513209,1_8180,1774613272,1774613182,default
1774613107,1_10912,1_100162,271,1_569495659,1_7976347,1774615080,1774615080,default
1774613107,1_71960,40_100511,542,40_721030919,40_7976607,1774614060,1774614060,default
1774613107,1_10640,1_100252,62,1_736430689,1_8044,1774613640,1774612959,default
1774613107,1_10640,1_100252,62,1_736430699,1_7974588,1774615440,1774615440,default
1774613407,1_60161,1_100042,148,1_762076999,1_7976053,1774615500,1774615500,default
1774613407,1_60453,1_102715,162,1_635447089,1_8106,1774613520,1774613323,default
1774613407,1_60453,1_102715,162,1_635447089,1_7976026,1774613520,1774613520,default
1774613407,1_60453,1_102715,162,1_664468649,1_7975993,1774614720,1774614720,default
1774613407,1_2850,1_100089,2,1_491928479,1_7975112,1774615020,1774615020,default
1774613407,1_29423,1_102732,79,1_561368939,1_7975558,1774614300,1774614300,default
1774613407,1_57453,40_102734,566,40_597751259,40_7976588,1774614480,1774614480,default
1774613407,3_31002,40_560,560,40_11020,40_9203,1774613744,1774613704,default
1774613407,1_52306,1_102619,F Line,1_694520799,1_7976083,1774614000,1774614000,default
1774613407,1_52306,1_102719,161,1_635446809,1_7976210,1774614120,1774614120,default
1774613407,1_52306,1_102619,F Line,1_694521059,1_7976226,1774614900,1774614900,default
1774613407,1_55395,1_100006,107,1_664458379,1_3715,1774613592,1774613449,default
1774613407,1_99254,1_100487,102,1_693749559,1_8183,1774613645,1774613478,default
1774613407,1_99254,40_590,590,40_863020,40_9307,1774613836,1774613569,default
1774613407,1_59282,1_102717,165,1_664465219,1_7064,1774613880,1774612940,default
1774613407,1_59282,1_100072,181,1_721481729,1_7976141,1774613940,1774613940,default
1774613407,1_59282,1_102717,165,1_635443679,1_7976073,1774615080,1774615080,default
1774613407,1_59282,1_100072,181,1_770986359,1_7976082,1774615440,1774615440,default
1774613407,1_59872,1_102619,F Line,1_635448319,1_6279,1774613425,1774613570,default
1774613407,1_620,40_100239,550,40_597752049,40_9578,1774613880,1774613870,default
1774613407,1_10912,1_100162,271,1_569495659,1_7976347,1774615080,1774615080,default
1774613407,1_71960,40_100511,542,40_721030919,40_7976607,1774614060,1774614060,default
1774613407,1_71960,40_100511,542,40_721030949,40_7976602,1774615440,1774615440,default
1774613407,1_10640,1_100252,62,1_736430689,1_8044,1774613640,1774612959,default
1774613407,1_10640,1_100252,62,1_736430699,1_7974588,1774615440,1774615440,default
1774613707,1_60161,1_100042,148,1_762076999,1_7976053,1774615500,1774615500,default
1774613707,1_60453,1_102715,162,1_664468649,1_7975993,1774614720,1774614720,default
1774613707,1_2850,1_100089,2,1_491928479,1_7975112,1774615020,1774615020,default
1774613707,1_46505,1_102619,F Line,1_656236489,1_7975992,1774614180,1774614180,default
1774613707,1_29423,1_102732,79,1_561368939,1_7975558,1774614300,1774614300,default
1774613707,1_57453,40_102734,566,40_597751259,40_7976588,1774614480,1774614480,default
1774613707,1_52306,1_102619,F Line,1_694520799,1_7976083,1774614000,1774614000,default
1774613707,1_52306,1_102719,161,1_635446809,1_7433,1774614120,1774614120,default
1774613707,1_52306,1_102619,F Line,1_694521059,1_7976226,1774614900,1774614900,default
1774613707,1_59282,1_102717,165,1_664465219,1_7064,1774613880,1774612940,default
1774613707,1_59282,1_100072,181,1_721481729,1_7976141,1774613940,1774613940,default
1774613707,1_59282,1_102717,165,1_635443679,1_7976073,1774615080,1774615080,default
1774613707,1_59282,1_100072,181,1_770986359,1_7976082,1774615440,1774615440,default
1774613707,1_620,1_100487,102,1_693749559,1_8183,1774613940,1774613830,default
1774613707,1_620,40_100240,554,40_774869059,40_9657,1774614120,1774613909,default
1774613707,1_620,40_590,590,40_863020,40_9307,1774614180,1774613969,default
1774613707,1_10912,1_100162,271,1_569495659,1_7976347,1774615080,1774615080,default
1774613707,1_71960,40_100511,542,40_721030919,40_7976607,1774614060,1774614060,default
1774613707,1_71960,40_100511,542,40_721030949,40_7976602,1774615440,1774615440,default
1774613707,1_10640,1_100252,62,1_736430699,1_7974588,1774615440,1774615440,default
1774614007,1_60161,1_100042,148,1_762076999,1_7976053,1774615500,1774615500,default
1774614007,1_60453,1_102715,162,1_664468649,1_7975993,1774614720,1774614720,default
1774614007,1_60453,1_102715,162,1_664468659,1_7976113,1774616520,1774616520,default
1774614007,1_2850,1_100089,2,1_491928479,1_7975112,1774615020,1774615020,default
1774614007,1_46505,1_102619,F Line,1_656236489,1_7975992,1774614180,1774614180,default
1774614007,1_29423,1_102732,79,1_561368939,1_7975558,1774614300,1774614300,default
1774614007,1_57453,40_102734,566,40_597751259,40_7976588,1774614480,1774614480,default
1774614007,1_78002,1_102703,231,1_633061849,1_7976335,1774614051,1774614074,default
1774614007,1_52306,1_102719,161,1_635446809,1_7433,1774614120,1774614013,default
1774614007,1_52306,40_560,560,40_11020,40_9203,1774614300,1774614310,default
1774614007,1_52306,1_102619,F Line,1_694521059,1_7976226,1774614900,1774614900,default
1774614007,1_52306,1_102719,161,1_635446819,1_7976211,1774615020,1774615020,default
1774614007,1_99254,40_590,590,40_3387020,40_9735,1774614436,1774614101,default
1774614007,1_2200,1_100275,8,1_759808369,1_8057,1774614594,1774614085,default
1774614007,1_59282,1_102717,165,1_635443679,1_7976073,1774615080,1774615080,default
1774614007,1_59282,1_100072,181,1_770986359,1_7976082,1774615440,1774615440,default
1774614007,1_620,1_100068,177,1_721500679,1_8137,1774614300,1774614094,default
1774614007,1_10912,1_100162,271,1_569495659,1_7976347,1774615080,1774615080,default
1774614007,1_71960,40_100511,542,40_721030949,40_7976602,1774615440,1774615440,default
1774614007,1_10640,1_100252,62,1_736430699,1_7974588,1774615440,1774615440,default
1774614007,1_10640,1_100252,62,1_736430709,1_7974589,1774616340,1774616340,default
1774614307,1_481,1_102576,C Line,1_774682719,1_6247,1774614120,1774614359,default
1774614307,1_60161,1_100042,148,1_762076999,1_7976053,1774615500,1774615500,default
1774614307,1_12770,1_100228,48,1_759805999,1_8052,1774614194,1774614329,default
1774614307,1_60453,1_102715,162,1_664468649,1_7975993,1774614720,1774614720,default
1774614307,1_60453,1_102715,162,1_664468659,1_7976113,1774616520,1774616520,default
1774614307,1_575,1_100264,70,1_724578699,1_8209,1774613940,1774614341,default
1774614307,1_575,1_100210,36,1_630541329,1_4372,1774614300,1774614354,default
1774614307,1_575,1_102581,D Line,1_628189129,1_6064,1774614300,1774614390,default
1774614307,1_2850,1_100089,2,1_491928479,1_7975112,1774615020,1774615020,default
1774614307,1_25140,1_100254,65,1_778692999,1_8115,1774614458,1774614372,default
1774614307,1_57453,40_102734,566,40_597751259,40_9802,1774614480,1774614175,default
1774614307,1_57453,40_102734,566,40_597751259,40_7976588,1774614480,1774614480,default
1774614307,1_11940,1_100039,14,1_562520959,1_4329,1774614142,1774614395,default
1774614307,1_11940,1_100039,14,1_562520959,1_7974987,1774614142,1774614411,default
1774614307,1_52306,1_102619,F Line,1_694521059,1_7976226,1774614900,1774614900,default
1774614307,1_52306,1_102719,161,1_635446819,1_7976211,1774615020,1774615020,default
1774614307,1_52306,1_102719,161,1_635446099,1_7976212,1774615920,1774615920,default
1774614307,1_59282,1_100072,181,1_770986359,1_7130,1774615440,1774614272,default
1774614307,1_59282,1_102717,165,1_635443679,1_7976073,1774615080,1774615080,default
1774614307,1_59282,1_100072,181,1_770986359,1_7976082,1774615440,1774615440,default
1774614307,1_59282,1_100072,181,1_721481609,1_7976015,1774616640,1774616640,default
1774614307,1_59282,1_102717,165,1_635443699,1_7976041,1774617540,1774617540,default
1774614307,1_10912,1_100224,44,1_562536519,1_4560,1774614385,1774614492,default
1774614307,1_10912,1_100162,271,1_569495659,1_7976347,1774615080,1774615080,default
1774614307,1_71960,40_100511,542,40_721030949,40_7976602,1774615440,1774615440,default
1774614307,1_10640,1_100252,62,1_736430699,1_7974588,1774615440,1774615440,default
1774614307,1_10640,1_100252,62,1_736430709,1_7974589,1774616340,1774616340,default
1774614607,1_52638,40_574,574,40_341020,40_61402,1774615022,1774614671,default
1774614607,1_60161,1_100042,148,1_762076999,1_7976053,1774615500,1774615500,default
1774614607,1_60453,1_102715,162,1_664468649,1_7975993,1774614720,1774614720,default
1774614607,1_60453,1_102715,162,1_664468659,1_7976113,1774616520,1774616520,default
1774614607,1_320,40_594,594,40_1467020,40_9738,1774615200,1774614815,default
1774614607,1_575,1_102576,C Line,1_774682029,1_6258,1774614600,1774614656,default
1774614607,1_2850,1_100089,2,1_491928479,1_7975112,1774615020,1774615020,default
1774614607,1_46505,1_102619,F Line,1_635448329,1_7976142,1774615380,1774615380,default
1774614607,1_13810,1_102581,D Line,1_732750319,1_6100,1774614621,1774614658,default
1774614607,1_84810,1_102752,223,1_825196949,1_7369,1774614689,1774614689,default
1774614607,1_52306,1_102619,F Line,1_694521059,1_7976226,1774614900,1774614900,default
1774614607,1_52306,1_102719,161,1_635446819,1_7976211,1774615020,1774615020,default
1774614607,1_52306,1_102619,F Line,1_694521169,1_7975997,1774615800,1774615800,default
1774614607,1_52306,1_102719,161,1_635446099,1_7976212,1774615920,1774615920,default
1774614607,1_8530,1_100005,106,1_662808769,1_7092,1774614861,1774614690,default
1774614607,1_99254,40_590,590,40_2999020,40_9714,1774615156,1774614722,default
1774614607,1_54201,1_102619,F Line,1_694520799,1_6227,1774614739,1774614644,default
1774614607,1_59282,1_100072,181,1_770986359,1_7130,1774615440,1774614272,default
1774614607,1_59282,1_102717,165,1_635443679,1_7976073,1774615080,1774615080,default
1774614607,1_59282,1_100072,181,1_721481609,1_7976015,1774616640,1774616640,default
1774614607,1_59282,1_102717,165,1_635443699,1_7976041,1774617540,1774617540,default
1774614607,1_10912,1_100162,271,1_569495659,1_7976347,1774615080,1774615080,default
1774614607,1_71960,40_100511,542,40_721030949,40_7976602,1774615440,1774615440,default
1774614607,1_10640,1_100252,62,1_736430699,1_7974588,1774615440,1774615440,default
1774614607,1_10640,1_100252,62,1_736430709,1_7974589,1774616340,1774616340,default
1774614907,1_52638,1_102719,161,1_694519339,1_7132,1774614922,1774614870,default
1774614907,1_60161,1_100042,148,1_762076999,1_7976053,1774615500,1774615500,default
1774614907,1_60453,1_102715,162,1_664468659,1_7976113,1774616520,1774616520,default
1774614907,1_2850,1_100089,2,1_491928479,1_7975112,1774615020,1774615020,default
1774614907,1_46505,1_102619,F Line,1_635448329,1_7976142,1774615380,1774615380,default
1774614907,1_79610,1_100006,107,1_635436809,1_3734,1774615036,1774614937,default
1774614907,1_52306,1_102719,161,1_635446819,1_7976211,1774615020,1774615020,default
1774614907,1_52306,1_102619,F Line,1_694521169,1_7975997,1774615800,1774615800,default
1774614907,1_52306,1_102719,161,1_635446099,1_7976212,1774615920,1774615920,default
1774614907,1_57804,1_100072,181,1_721481439,1_7173,1774615282,1774615474,default
1774614907,1_59282,1_100072,181,1_770986359,1_7130,1774615440,1774614272,default
1774614907,1_59282,1_102717,165,1_635443679,1_7976073,1774615080,1774615080,default
1774614907,1_59282,1_100072,181,1_721481609,1_7976015,1774616640,1774616640,default
1774614907,1_59282,1_102717,165,1_635443699,1_7976041,1774617540,1774617540,default
1774614907,1_620,40_590,590,40_2999020,40_9714,1774615500,1774615140,default
1774614907,1_68888,1_102552,226,1_778457189,1_7360,1774615104,1774615071,default
1774614907,1_10912,1_100162,271,1_569495659,1_7976347,1774615080,1774615080,default
1774614907,1_71960,40_100511,542,40_721030949,40_7976602,1774615440,1774615440,default
1774614907,1_10640,1_100252,62,1_736430699,1_7974588,1774615440,1774615440,default
1774614907,1_10640,1_100252,62,1_736430709,1_7974589,1774616340,1774616340,default
1774614907,1_73380,1_102752,223,1_771129709,1_7423,1774615102,1774615038,default
1774615207,1_60161,1_100042,148,1_762076999,1_7976053,1774615500,1774615500,default
1774615207,1_60453,1_102715,162,1_664468659,1_7976113,1774616520,1774616520,default
1774615207,1_575,1_100024,125,1_721357609,1_7046,1774615320,1774615192,default
1774615207,1_575,1_100210,36,1_664021689,1_4554,1774615380,1774615258,default
1774615207,1_46505,1_102619,F Line,1_635448329,1_7976142,1774615380,1774615380,default
1774615207,1_46505,1_102619,F Line,1_635448979,1_7976000,1774616280,1774616280,default
1774615207,1_52306,1_102619,F Line,1_694521169,1_7975997,1774615800,1774615800,default
1774615207,1_52306,1_102719,161,1_635446099,1_7976212,1774615920,1774615920,default
1774615207,1_80121,1_102719,161,1_694519339,1_7132,1774615354,1774615320,default
1774615207,1_57804,1_100072,181,1_721481439,1_7173,1774615282,1774615347,default
1774615207,1_59282,1_100072,181,1_770986359,1_7130,1774615440,1774614272,default
1774615207,1_59282,1_100072,181,1_721481609,1_7976015,1774616640,1774616640,default
1774615207,1_59282,1_102717,165,1_635443699,1_7976041,1774617540,1774617540,default
1774615207,1_85531,1_102757,187,1_762094809,1_7177,1774615200,1774615338,default
1774615207,1_70330,1_102703,231,1_633061849,1_7308,1774615413,1774615253,default
1774615207,1_10210,1_102754,256,1_778603769,1_6932,1774615725,1774615647,default
1774615207,1_620,40_100236,545,40_648502929,40_9663,1774615020,1774615445,default
1774615207,1_620,40_100236,545,40_648502929,40_7976551,1774615020,1774615462,default
1774615207,1_620,40_100239,550,40_597754069,40_9689,1774615800,1774615870,default
1774615207,1_10912,1_100162,271,1_585519139,1_7976348,1774616580,1774616580,default
1774615207,1_71960,1_102752,223,1_771129709,1_7423,1774615500,1774615375,default
1774615207,1_71960,40_100511,542,40_721030949,40_7976602,1774615440,1774615440,default
1774615207,1_10640,1_100252,62,1_736430699,1_7974588,1774615440,1774615440,default
1774615207,1_10640,1_100252,62,1_736430709,1_7974589,1774616340,1774616340,default
1774615507,1_60453,1_102715,162,1_664468659,1_7976113,1774616520,1774616520,default
1774615507,1_46505,1_102619,F Line,1_635448979,1_7976000,1774616280,1774616280,default
1774615507,1_81199,1_100072,181,1_721481439,1_7173,1774615583,1774615639,default
1774615507,1_52306,1_102619,F Line,1_694521169,1_7975997,1774615800,1774615800,default
1774615507,1_52306,1_102619,F Line,1_635449099,1_7976017,1774616700,1774616700,default
1774615507,1_17950,1_100062,17,1_651754479,1_7974580,1774617480,1774617480,default
1774615507,1_49350,1_100026,128,1_651743099,1_7145,1774615677,1774615677,default
1774615507,1_59282,1_102717,165,1_635443689,1_7162,1774616400,1774615466,default
1774615507,1_59282,1_100072,181,1_721481609,1_7976015,1774616640,1774616640,default
1774615507,1_59282,1_102717,165,1_635443699,1_7976041,1774617540,1774617540,default
1774615507,1_10210,1_102754,256,1_778603769,1_6932,1774615725,1774615627,default
1774615507,1_10210,1_100177,303,1_761388719,1_8259,1774616160,1774616238,default
1774615507,1_620,40_100239,550,40_597754069,40_9689,1774615800,1774615892,default
1774615507,1_10912,1_100162,271,1_585519139,1_7976348,1774616580,1774616580,default
1774615507,1_10912,40_100511,542,40_569563239,40_7976607,1774617240,1774617240,default
1774615507,1_10640,1_100252,62,1_736430709,1_7974589,1774616340,1774616340,default
1774615507,1_59947,1_102720,160,1_664466249,1_7182,1774615725,1774615627,default
1774615807,1_46791,1_100016,118,1_635461249,1_3704,1774615800,1774615819,default
1774615807,1_481,1_100024,125,1_721357609,1_7046,1774615860,1774615729,default
1774615807,1_60453,1_102715,162,1_664468659,1_7976113,1774616520,1774616520,default
1774615807,1_2850,1_100089,2,1_491928489,1_7159,1774616820,1774615666,default
1774615807,1_46505,1_102619,F Line,1_635448979,1_7976000,1774616280,1774616280,default
1774615807,1_280,40_100240,554,40_560096489,40_9657,1774616005,1774615860,default
1774615807,1_52306,1_102619,F Line,1_635449099,1_7976017,1774616700,1774616700,default
1774615807,1_17950,1_100062,17,1_651754479,1_7974580,1774617480,1774617480,default
1774615807,1_59282,1_102717,165,1_635443689,1_7162,1774616400,1774615466,default
1774615807,1_59282,1_100072,181,1_721481609,1_7976015,1774616640,1774616640,default
1774615807,1_59282,1_102717,165,1_635443699,1_7976041,1774617540,1774617540,default
1774615807,1_10210,1_100177,303,1_761388719,1_8259,1774616160,1774616238,default
1774615807,1_10912,1_100162,271,1_585519139,1_7976348,1774616580,1774616580,default
1774615807,1_10912,40_100511,542,40_569563239,40_7976607,1774617240,1774617240,default
1774615807,1_10640,1_100252,62,1_736430709,1_7974589,1774616340,1774616340,default
1774615807,1_8403,1_100039,14,1_562518479,1_4312,1774616340,1774615965,default
1774616107,1_60453,1_102715,162,1_664468659,1_7976113,1774616520,1774616520,default
1774616107,1_60453,1_102715,162,1_693754399,1_7976013,1774619700,1774619440,default
1774616107,1_2850,1_100089,2,1_491928489,1_7159,1774616820,1774615666,default
1774616107,1_46505,1_102619,F Line,1_635448979,1_7976000,1774616280,1774616280,default
1774616107,1_46505,1_102619,F Line,1_635449519,1_7975996,1774618080,1774618080,default
1774616107,1_74980,1_100196,331,1_778705839,1_7200,1774616226,1774616139,default
1774616107,1_52306,1_102719,161,1_693754099,1_7132,1774616820,1774616022,default
1774616107,1_52306,1_102619,F Line,1_635449099,1_7976017,1774616700,1774616700,default
1774616107,1_52306,1_102719,161,1_635446109,1_7976209,1774617660,1774617660,default
1774616107,1_17950,1_100062,17,1_651754479,1_7974580,1774617480,1774617480,default
1774616107,1_59282,1_102717,165,1_635443689,1_7162,1774616400,1774615466,default
1774616107,1_59282,1_100072,181,1_721481609,1_7976015,1774616640,1774616640,default
1774616107,1_59282,1_102717,165,1_635443699,1_7976041,1774617540,1774617540,default
1774616107,1_620,1_100487,102,1_693749569,1_8163,1774616460,1774616226,default
1774616107,1_620,40_100236,545,40_648502329,40_7976562,1774616220,1774616323,default
1774616107,1_620,40_100236,545,40_648502329,40_9650,1774616220,1774616338,default
1774616107,1_10912,1_100162,271,1_585519139,1_7976348,1774616580,1774616580,default
1774616107,1_10912,40_100511,542,40_569563239,40_7976607,1774617240,1774617240,default
1774616107,1_10640,1_100252,62,1_736430709,1_7974589,1774616340,1774616340,default
1774616107,1_10640,1_100252,62,1_736430729,1_7974592,1774618140,1774618140,default
1774616407,1_970,40_578,578,40_100020,40_9307,1774616547,1774616506,default
1774616407,1_60453,1_102715,162,1_664468659,1_7976113,1774616520,1774616520,default
1774616407,1_60453,1_102715,162,1_693754389,1_7976115,1774618320,1774618320,default
1774616407,1_60453,1_102715,162,1_693754399,1_7976013,1774619700,1774619700,default
1774616407,1_320,40_100239,550,40_597756639,40_7976614,1774616460,1774616460,default
1774616407,1_13830,1_102581,D Line,1_732750389,1_6080,1774616494,1774616436,default
1774616407,1_2850,1_100089,2,1_491928489,1_7159,1774616820,1774615666,default
1774616407,1_46505,1_102619,F Line,1_635449519,1_7975996,1774618080,1774618080,default
1774616407,1_29423,1_102732,79,1_561369259,1_7975557,1774617900,1774617900,default
1774616407,1_27420,1_100161,27,1_759817279,1_7041,1774616554,1774616430,default
1774616407,1_2320,1_100001,1,1_562518439,1_4386,1774616324,1774616472,default
1774616407,1_52306,1_102719,161,1_693754099,1_7132,1774616820,1774616022,default
1774616407,1_52306,1_102619,F Line,1_635449099,1_7976017,1774616700,1774616700,default
1774616407,1_52306,1_102719,161,1_635446109,1_7976209,1774617660,1774617660,default
1774616407,1_17950,1_100062,17,1_651754479,1_7974580,1774617480,1774617480,default
1774616407,1_54201,1_102619,F Line,1_694521169,1_6008,1774616539,1774616463,default
1774616407,1_57804,1_100072,181,1_721490219,1_7453,1774616782,1774616862,default
1774616407,1_59282,1_100072,181,1_721481609,1_7976015,1774616640,1774616640,default
1774616407,1_59282,1_102717,165,1_635443699,1_7976041,1774617540,1774617540,default
1774616407,1_32120,1_100345,987,1_825266359,1_7976736,1774618740,1774618740,default
1774616407,1_620,1_100104,212,1_774865869,1_7401,1774617060,1774617139,default
1774616407,1_620,1_100011,111,1_635433389,1_6923,1774617120,1774617166,default
1774616407,1_10912,1_100162,271,1_585519139,1_7976348,1774616580,1774616580,default
1774616407,1_10912,40_100511,542,40_569563239,40_7976607,1774617240,1774617240,default
1774616407,1_10912,1_100162,271,1_585518969,1_7976343,1774618380,1774618380,default
1774616407,1_71960,40_100511,542,40_721030789,40_7976603,1774617420,1774617420,default
1774616407,1_10640,1_100252,62,1_736430729,1_7974592,1774618140,1774618140,default
1774616707,1_60453,1_102715,162,1_693754389,1_7976115,1774618320,1774618320,default
1774616707,1_60453,1_102715,162,1_693754399,1_7976013,1774619700,1774619700,default
1774616707,1_575,1_100001,1,1_562518469,1_4323,1774616760,1774616705,default
1774616707,1_575,1_102581,D Line,1_628189169,1_6108,1774616700,1774616770,default
1774616707,1_2850,1_100089,2,1_491928489,1_7159,1774616820,1774615666,default
1774616707,1_46505,1_102619,F Line,1_635449249,1_7976074,1774616880,1774616880,default
1774616707,1_46505,1_102619,F Line,1_635449519,1_7975996,1774618080,1774618080,default
1774616707,1_29423,1_102732,79,1_561369259,1_7975557,1774617900,1774617900,default
1774616707,1_72494,1_100160,269,1_720964079,1_7976395,1774617660,1774617660,default
1774616707,1_52306,1_102719,161,1_693754099,1_7132,1774616820,1774616022,default
1774616707,1_52306,1_102619,F Line,1_656237169,1_7976085,1774617600,1774617600,default
1774616707,1_52306,1_102719,161,1_635446109,1_7976209,1774617660,1774617660,default
1774616707,1_32013,1_100246,57,1_662805089,1_7974996,1774618800,1774618800,default
1774616707,1_40030,1_102574,40,1_690034329,1_8196,1774616780,1774616819,default
1774616707,1_17950,1_100062,17,1_651754479,1_7974580,1774617480,1774617480,default
1774616707,1_59282,1_100072,181,1_721481909,1_7173,1774617840,1774616644,default
1774616707,1_59282,1_102717,165,1_635443699,1_7976041,1774617540,1774617540,default
1774616707,1_59282,1_102717,165,1_664465259,1_7976039,1774618740,1774618740,default
1774616707,1_32120,1_100345,987,1_825266359,1_7976736,1774618740,1774618740,default
1774616707,1_620,1_100104,212,1_774865869,1_7401,1774617060,1774616976,default
1774616707,1_620,1_100011,111,1_635433389,1_6923,1774617120,1774616999,default
1774616707,1_10912,40_100511,542,40_569563239,40_7976607,1774617240,1774617240,default
1774616707,1_10912,1_100162,271,1_585518969,1_7976343,1774618380,1774618380,default
1774616707,1_71960,40_100511,542,40_721030789,40_7976603,1774617420,1774617420,default
1774616707,1_71960,40_100511,542,40_721031249,40_7976608,1774618680,1774618680,default
1774616707,1_10640,1_100252,62,1_736430729,1_7974592,1774618140,1774618140,default
1774617007,1_60453,1_102715,162,1_693754389,1_7976115,1774618320,1774618320,default
1774617007,1_60453,1_102715,162,1_693754399,1_7976013,1774619700,1774619700,default
1774617007,1_320,40_594,594,40_1397020,40_9714,1774617900,1774617206,default
1774617007,1_46505,1_102619,F Line,1_635448479,1_7976083,1774617480,1774617480,default
1774617007,1_46505,1_102619,F Line,1_635449519,1_7975996,1774618080,1774618080,default
1774617007,1_29423,1_102732,79,1_561369259,1_7975557,1774617900,1774617900,default
1774617007,1_68130,1_102548,B Line,1_721018369,1_6021,1774616897,1774617085,default
1774617007,3_31002,40_560,560,40_3195020,40_41507,1774617154,1774617138,default
1774617007,1_72494,1_100160,269,1_720964079,1_7976395,1774617660,1774617660,default
1774617007,1_52306,1_102619,F Line,1_656237169,1_7976085,1774617600,1774617600,default
1774617007,1_52306,1_102719,161,1_635446109,1_7976209,1774617660,1774617660,default
1774617007,1_52306,1_102619,F Line,1_656236509,1_7975992,1774618200,1774618200,default
1774617007,1_80121,1_102719,161,1_721494399,1_7189,1774617034,1774617111,default
1774617007,1_32013,1_100246,57,1_662805089,1_7974996,1774618800,1774618800,default
1774617007,1_70665,1_102704,250,1_720961669,1_7343,1774617130,1774617026,default
1774617007,1_17950,1_100062,17,1_651754479,1_7974580,1774617480,1774617480,default
1774617007,1_59282,1_100072,181,1_721481909,1_7173,1774617840,1774616644,default
1774617007,1_59282,1_102717,165,1_664465259,1_7976039,1774618740,1774618740,default
1774617007,1_32120,1_100345,987,1_825266359,1_7976736,1774618740,1774618740,default
1774617007,1_620,40_100236,545,40_648502719,40_9649,1774617120,1774617227,default
1774617007,1_620,1_100011,111,1_635442419,1_7480,1774618020,1774617866,default
1774617007,1_68888,1_102552,226,1_778457199,1_7381,1774616927,1774617184,default
1774617007,1_10912,40_100511,542,40_569563239,40_7976607,1774617240,1774617240,default
1774617007,1_10912,1_100162,271,1_585518969,1_7976343,1774618380,1774618380,default
1774617007,1_10912,40_100511,542,40_569560209,40_7976602,1774619040,1774619040,default
1774617007,1_71960,40_100511,542,40_721030789,40_7976603,1774617420,1774617420,default
1774617007,1_71960,40_100511,542,40_721031249,40_7976608,1774618680,1774618680,default
1774617007,1_10640,1_100252,62,1_736430719,1_7974590,1774617240,1774617240,default
1774617007,1_10640,1_100252,62,1_736430729,1_7974592,1774618140,1774618140,default
1774617307,1_60453,1_102715,162,1_693754389,1_7976115,1774618320,1774618320,default
1774617307,1_60453,1_102715,162,1_693754399,1_7976013,1774619700,1774619700,default
1774617307,1_575,1_100210,36,1_630541719,1_7974904,1774617360,1774617258,default
1774617307,1_575,1_100210,36,1_630541719,1_4351,1774617360,1774617339,default
1774617307,1_575,1_102615,E Line,1_768603829,1_6271,1774617300,1774617354,default
1774617307,1_46505,1_102619,F Line,1_635448479,1_7976083,1774617480,1774617480,default
1774617307,1_46505,1_102619,F Line,1_635449519,1_7975996,1774618080,1774618080,default
1774617307,1_29423,1_102732,79,1_561369259,1_7975557,1774617900,1774617900,default
1774617307,1_57453,40_102734,566,40_597750059,40_9659,1774617480,1774617294,default
1774617307,1_40801,1_100012,113,1_605094919,1_7099,1774617378,1774617645,default
1774617307,1_72494,1_100160,269,1_720964079,1_7976395,1774617660,1774617660,default
1774617307,1_52306,1_102619,F Line,1_656237169,1_7976085,1774617600,1774617600,default
1774617307,1_52306,1_102719,161,1_635446109,1_7976209,1774617660,1774617660,default
1774617307,1_52306,1_102619,F Line,1_656236509,1_7975992,1774618200,1774618200,default
1774617307,1_32013,1_100246,57,1_662805089,1_7974996,1774618800,1774618800,default
1774617307,1_55395,1_100006,107,1_664458389,1_3734,1774617432,1774617340,default
1774617307,1_17950,1_100062,17,1_651754479,1_7974580,1774617480,1774617480,default
1774617307,1_17950,1_100062,17,1_651754509,1_7974575,1774619880,1774619880,default
1774617307,1_59282,1_100072,181,1_721481909,1_7173,1774617840,1774616644,default
1774617307,1_59282,1_102717,165,1_635443699,1_7476,1774617540,1774616696,default
1774617307,1_59282,1_102717,165,1_664465259,1_7976039,1774618740,1774618740,default
1774617307,1_32120,1_100345,987,1_825266359,1_7976736,1774618740,1774618740,default
1774617307,1_59872,1_102619,F Line,1_694521169,1_6008,1774617532,1774617490,default
1774617307,1_81749,1_100160,269,1_761787159,1_7424,1774617378,1774617455,default
1774617307,1_10210,1_102754,256,1_778603779,1_6960,1774617761,1774617664,default
1774617307,1_10210,1_102729,322,1_761390069,1_8199,1774617720,1774617927,default
1774617307,1_10210,1_100177,303,1_761388729,1_8298,1774617960,1774618027,default
1774617307,1_57791,1_102718,184,1_664464239,1_7471,1774617503,1774617401,default
1774617307,1_620,40_100239,550,40_597754849,40_9820,1774617720,1774617545,default
1774617307,1_10912,1_100162,271,1_585518969,1_7976343,1774618380,1774618380,default
1774617307,1_10912,40_100511,542,40_569560209,40_7976602,1774619040,1774619040,default
1774617307,1_71960,40_100511,542,40_721031249,40_7976608,1774618680,1774618680,default
1774617307,1_10640,1_100252,62,1_736430729,1_7974592,1774618140,1774618140,default
1774617307,1_8403,1_100039,14,1_562518459,1_4353,1774617600,1774617436,default
1774617607,1_51551,1_102736,H Line,1_694057789,1_6050,1774617637,1774617624,default
1774617607,1_60161,1_100042,148,1_762077259,1_3756,1774617900,1774617606,default
1774617607,1_970,29_424,424,29_14876207__MCOB-DO:123:0:Weekday:1:25SEP:61016:12345,29_22806,1774617660,1774617654,default
1774617607,1_60453,1_102715,162,1_693754389,1_7976115,1774618320,1774618320,default
1774617607,1_60453,1_102715,162,1_693754399,1_7976013,1774619700,1774619700,default
1774617607,1_46505,1_102619,F Line,1_635449519,1_7975996,1774618080,1774618080,default
1774617607,1_29423,1_102732,79,1_561369259,1_7975557,1774617900,1774617900,default
1774617607,1_27290,1_100161,27,1_759817379,1_7059,1774617750,1774617639,default
1774617607,1_77460,1_102746,333,1_778704859,1_7219,1774617657,1774617672,default
1774617607,1_52306,40_560,560,40_3195020,40_41507,1774617780,1774617728,default
1774617607,1_52306,1_102619,F Line,1_656236509,1_7975992,1774618200,1774618200,default
1774617607,1_52306,1_102619,F Line,1_656237329,1_7976225,1774618800,1774618800,default
1774617607,1_32013,1_100246,57,1_662805089,1_7974996,1774618800,1774618800,default
1774617607,1_40030,1_102574,40,1_689542959,1_8268,1774617800,1774617709,default
1774617607,1_17950,1_100062,17,1_651754509,1_7974575,1774619880,1774619880,default
1774617607,1_38220,1_100214,372,1_694305859,1_6918,1774617758,1774617710,default
1774617607,1_2200,1_102581,D Line,1_732750219,1_6083,1774617959,1774617746,default
1774617607,1_57804,1_100072,181,1_721481769,1_7196,1774617982,1774617883,default
1774617607,1_59282,1_100072,181,1_721481909,1_7173,1774617840,1774616644,default
1774617607,1_59282,1_102717,165,1_664465259,1_7976039,1774618740,1774618740,default
1774617607,1_32120,1_100345,987,1_825266359,1_7976736,1774618740,1774618740,default
1774617607,1_59061,1_102717,165,1_635443699,1_7476,1774617778,1774617679,default
1774617607,1_10210,1_102754,256,1_778603779,1_6960,1774617761,1774617706,default
1774617607,1_10210,1_102729,322,1_761390069,1_8199,1774617720,1774617927,default
1774617607,1_10210,1_100177,303,1_761388729,1_8298,1774617960,1774618086,default
1774617607,1_620,40_100240,554,40_774870309,40_9819,1774617960,1774617664,default
1774617607,1_620,1_100011,111,1_635442419,1_7480,1774618020,1774617668,default
1774617607,1_620,40_100236,545,40_648500039,40_7976567,1774617720,1774617863,default
1774617607,1_620,1_100104,212,1_774865879,1_6987,1774618260,1774618219,default
1774617607,1_620,1_100459,218,1_774864099,1_6876,1774618320,1774618444,default
1774617607,1_10912,1_100162,271,1_585518969,1_7976343,1774618380,1774618380,default
1774617607,1_10912,40_100511,542,40_569560209,40_7976602,1774619040,1774619040,default
1774617607,1_71960,40_100511,542,40_721031249,40_7976608,1774618680,1774618680,default
1774617607,1_10640,1_100252,62,1_736430729,1_7974592,1774618140,1774618140,default
1774617607,1_10640,1_100252,62,1_736430749,1_7974601,1774619520,1774619520,default
1774617908,1_60453,1_102715,162,1_693754399,1_8187,1774619700,1774617672,default
1774617908,1_60453,1_102715,162,1_693754389,1_7976115,1774618320,1774618320,default
1774617908,1_60453,1_102715,162,1_693754399,1_7976013,1774619700,1774619700,default
1774617908,1_60453,1_102715,162,1_693754409,1_7976026,1774621140,1774621140,default
1774617908,1_575,1_100001,1,1_562518509,1_4312,1774617780,1774617951,default
1774617908,1_575,1_100210,36,1_630542319,1_4355,1774618260,1774617961,default
1774617908,1_2850,1_100089,2,1_491928509,1_7106,1774618500,1774617775,default
1774617908,1_46505,1_102619,F Line,1_635449519,1_7975996,1774618080,1774618080,default
1774617908,1_46505,1_102619,F Line,1_635448769,1_7976226,1774618680,1774618680,default
1774617908,1_46505,1_102619,F Line,1_635449569,1_7976034,1774619880,1774619880,default
1774617908,1_47660,1_102736,H Line,1_694057789,1_6050,1774618083,1774617900,default
1774617908,1_52306,1_102619,F Line,1_656236509,1_7975992,1774618200,1774618200,default
1774617908,1_52306,1_102719,161,1_693754109,1_7976092,1774618560,1774618560,default
1774617908,1_52306,1_102619,F Line,1_656237329,1_7976225,1774618800,1774618800,default
1774617908,1_32013,1_100246,57,1_662805089,1_7974996,1774618800,1774618800,default
1774617908,1_32013,1_100246,57,1_585672499,1_7974999,1774621020,1774621020,default
1774617908,1_8530,1_100039,14,1_562518489,1_4334,1774618031,1774618014,default
1774617908,1_17950,1_100062,17,1_651754509,1_7974575,1774619880,1774619880,default
1774617908,1_59282,1_100072,181,1_721490219,1_7453,1774618140,1774618004,default
1774617908,1_59282,1_102717,165,1_664465259,1_7976039,1774618740,1774618740,default
1774617908,1_23905,1_100214,372,1_694305859,1_6918,1774618152,1774618005,default
1774617908,1_32120,1_100345,987,1_825266359,1_7976736,1774618740,1774618740,default
1774617908,1_620,1_100459,218,1_774864099,1_6876,1774618320,1774618341,default
1774617908,1_620,1_100011,111,1_635433399,1_7416,1774618920,1774618823,default
1774617908,1_10912,1_100162,271,1_585518969,1_7976343,1774618380,1774618380,default
1774617908,1_10912,40_100511,542,40_569560209,40_7976602,1774619040,1774619040,default
1774617908,1_10912,1_100162,271,1_569495519,1_7976369,1774619520,1774619520,default
1774617908,1_10912,1_100162,271,1_569496469,1_7976349,1774620120,1774620120,default
1774617908,1_71960,40_100511,542,40_721031249,40_7976608,1774618680,1774618680,default
1774617908,1_10640,1_100252,62,1_736430739,1_8078,1774619040,1774617763,default
1774617908,1_10640,1_100252,62,1_736430729,1_7974592,1774618140,1774618140,default
1774617908,1_10640,1_100252,62,1_736430749,1_7974601,1774619520,1774619520,default
1774618208,1_60161,1_100042,148,1_762077249,1_3756,1774619100,1774617977,default
1774618208,1_60161,1_100042,148,1_762077249,1_7976071,1774619100,1774619100,default
1774618208,1_60453,1_102715,162,1_693754399,1_8187,1774619700,1774617672,default
1774618208,1_60453,1_102715,162,1_693754389,1_7976115,1774618320,1774618320,default
1774618208,1_60453,1_102715,162,1_693754409,1_7976026,1774621140,1774621140,default
1774618208,1_575,1_100210,36,1_630542319,1_7974905,1774618260,1774617894,default
1774618208,1_575,1_102576,C Line,1_774681619,1_6246,1774618380,1774618263,default
1774618208,1_2850,1_100089,2,1_491928509,1_7106,1774618500,1774617775,default
1774618208,1_2850,1_100089,2,1_491928529,1_7975122,1774620120,1774620120,default
1774618208,1_46505,1_102619,F Line,1_635448769,1_7976226,1774618680,1774618680,default
1774618208,1_46505,1_102619,F Line,1_635449569,1_7976034,1774619880,1774619880,default
1774618208,1_27420,1_100161,27,1_759817379,1_7059,1774618354,1774618261,default
1774618208,1_81199,1_100072,181,1_721481769,1_7196,1774618283,1774618236,default
1774618208,1_52306,1_102719,161,1_693754109,1_7976092,1774618560,1774618560,default
1774618208,1_52306,1_102619,F Line,1_656237329,1_7976225,1774618800,1774618800,default
1774618208,1_52306,1_102619,F Line,1_656236209,1_7976142,1774619400,1774619400,default
1774618208,1_52306,1_102719,161,1_635446119,1_7976093,1774619460,1774619460,default
1774618208,1_32013,1_100246,57,1_662805089,1_7974996,1774618800,1774618800,default
1774618208,1_32013,1_100246,57,1_585672499,1_7974999,1774621020,1774621020,default
1774618208,1_21945,1_102717,165,1_664464849,1_7467,1774618320,1774618301,default
1774618208,1_58112,1_102619,F Line,1_635449249,1_6285,1774618521,1774618354,default
1774618208,1_17950,1_100062,17,1_651754509,1_7974575,1774619880,1774619880,default
1774618208,1_60359,1_102720,160,1_770988749,1_7302,1774618435,1774618265,default
1774618208,1_59282,1_100072,181,1_721490199,1_7453,1774619040,1774617998,default
1774618208,1_59282,1_102717,165,1_664465259,1_7976039,1774618740,1774618740,default
1774618208,1_32120,1_100345,987,1_825266359,1_7976736,1774618740,1774618740,default
1774618208,1_10210,1_100264,70,1_724578779,1_8213,1774618379,1774618318,default
1774618208,1_10912,1_100162,271,1_585518969,1_7976343,1774618380,1774618380,default
1774618208,1_10912,40_100511,542,40_569560209,40_7976602,1774619040,1774619040,default
1774618208,1_10912,1_100162,271,1_569495519,1_7976369,1774619520,1774619520,default
1774618208,1_10912,1_100162,271,1_569496469,1_7976349,1774620120,1774620120,default
1774618208,1_71960,40_100511,542,40_721031249,40_7976608,1774618680,1774618680,default
1774618208,1_10640,1_100252,62,1_736430739,1_8078,1774619040,1774617763,default
1774618208,1_10640,1_100252,62,1_736430749,1_7974601,1774619520,1774619520,default
1774618508,1_12170,1_100039,14,1_562518449,1_4395,1774618575,1774618575,default
1774618508,1_60161,1_100042,148,1_762077249,1_3756,1774619100,1774617977,default
1774618508,1_60453,1_102715,162,1_693754399,1_8187,1774619700,1774617672,default
1774618508,1_60453,1_102715,162,1_693754409,1_7976026,1774621140,1774621140,default
1774618508,1_60453,1_102715,162,1_693754419,1_7975993,1774622340,1774622100,default
1774618508,1_320,40_100239,550,40_597750719,40_9584,1774618500,1774618544,default
1774618508,1_68784,1_100136,245,1_765953129,1_7456,1774618559,1774618452,default
1774618508,1_575,1_100219,4,1_675345059,1_4304,1774618620,1774618538,default
1774618508,1_2850,1_100089,2,1_491928529,1_7975122,1774620120,1774620120,default
1774618508,1_46505,1_102619,F Line,1_635448769,1_7976226,1774618680,1774618680,default
1774618508,1_46505,1_102619,F Line,1_635449569,1_7976034,1774619880,1774619880,default
1774618508,1_57453,40_102734,566,40_597750599,40_9806,1774618740,1774618517,default
1774618508,3_31002,40_560,560,40_795020,40_41503,1774618774,1774618759,default
1774618508,1_5489,1_100196,331,1_778705819,1_7208,1774618669,1774618587,default
1774618508,1_52306,1_102619,F Line,1_656237329,1_7976225,1774618800,1774618800,default
1774618508,1_52306,1_102619,F Line,1_656236209,1_7976142,1774619400,1774619400,default
1774618508,1_52306,1_102719,161,1_635446119,1_7976093,1774619460,1774619460,default
1774618508,1_32013,1_100246,57,1_662805089,1_7974996,1774618800,1774618800,default
1774618508,1_32013,1_100246,57,1_585672499,1_7974999,1774621020,1774621020,default
1774618508,1_17950,1_100062,17,1_651754509,1_7974575,1774619880,1774619880,default
1774618508,1_59282,1_100072,181,1_721490199,1_7453,1774619040,1774617998,default
1774618508,1_59282,1_102717,165,1_664465259,1_7976039,1774618740,1774618740,default
1774618508,1_32120,1_100345,987,1_825266359,1_7976736,1774618740,1774618740,default
1774618508,1_10210,1_102729,322,1_761390089,1_8123,1774619040,1774619167,default
1774618508,1_620,40_100239,550,40_597752649,40_7976616,1774619040,1774619175,default
1774618508,1_10912,40_100511,542,40_569560209,40_7976602,1774619040,1774619040,default
1774618508,1_10912,1_100162,271,1_569495519,1_7976369,1774619520,1774619520,default
1774618508,1_10912,1_100162,271,1_569496469,1_7976349,1774620120,1774620120,default
1774618508,1_10912,1_100162,271,1_569496629,1_7976370,1774621200,1774621200,default
1774618508,1_10640,1_100252,62,1_736430739,1_8078,1774619040,1774617763,default
1774618508,1_10640,1_100252,62,1_736430749,1_7974601,1774619520,1774619520,default
1774618808,1_103,1_102745,G Line,1_736437409,1_6409,1774618815,1774618838,default
1774618808,1_60161,1_100042,148,1_762077249,1_3756,1774619100,1774617977,default
1774618808,1_60453,1_102715,162,1_693754399,1_8187,1774619700,1774617672,default
1774618808,1_60453,1_102715,162,1_693754409,1_7976026,1774621140,1774621140,default
1774618808,1_60453,1_102715,162,1_693754419,1_7975993,1774622340,1774622340,default
1774618808,1_2850,1_100089,2,1_491928529,1_7975122,1774620120,1774620120,default
1774618808,1_46505,1_102619,F Line,1_635448879,1_7975997,1774619280,1774619280,default
1774618808,1_46505,1_102619,F Line,1_635449569,1_7976034,1774619880,1774619880,default
1774618808,1_36711,1_100230,50,1_785559189,1_3711,1774618898,1774618736,default
1774618808,1_52306,1_102619,F Line,1_656236209,1_7976142,1774619400,1774619400,default
1774618808,1_52306,1_102719,161,1_635446119,1_7976093,1774619460,1774619460,default
1774618808,1_32013,1_100246,57,1_585672499,1_7974999,1774621020,1774621020,default
1774618808,1_99254,40_590,590,40_106020,40_9726,1774619176,1774618906,default
1774618808,1_17950,1_100062,17,1_651754509,1_7974575,1774619880,1774619880,default
1774618808,1_73368,1_100136,245,1_765953129,1_7456,1774619002,1774618886,default
1774618808,1_54201,1_102619,F Line,1_656236509,1_6238,1774618939,1774618906,default
1774618808,1_57804,1_100072,181,1_721481619,1_7323,1774619242,1774619031,default
1774618808,1_59282,1_100072,181,1_721490199,1_7453,1774619040,1774617998,default
1774618808,1_59282,1_102717,165,1_635443719,1_7314,1774619880,1774618593,default
1774618808,1_55831,1_100005,106,1_727785939,1_7140,1774619006,1774618892,default
1774618808,1_10210,1_102729,322,1_761390089,1_8123,1774619040,1774619167,default
1774618808,1_620,40_100236,545,40_648500709,40_9683,1774618920,1774618985,default
1774618808,1_620,40_100239,550,40_597752649,40_9815,1774619040,1774619037,default
1774618808,1_620,40_100239,550,40_597752649,40_7976616,1774619040,1774619073,default
1774618808,1_10912,40_100511,542,40_569560209,40_7976602,1774619040,1774619040,default
1774618808,1_10912,1_100162,271,1_569495519,1_7976369,1774619520,1774619520,default
1774618808,1_10912,1_100162,271,1_569496469,1_7976349,1774620120,1774620120,default
1774618808,1_10912,1_100162,271,1_569496629,1_7976370,1774621200,1774621200,default
1774618808,1_10640,1_100252,62,1_736430739,1_8078,1774619040,1774617763,default
1774618808,1_10640,1_100252,62,1_736430749,1_7974601,1774619520,1774619520,default
1774618808,1_58144,1_102717,165,1_635443699,1_7476,1774619216,1774618887,default
1774618808,1_58144,1_102719,161,1_693754099,1_7132,1774619104,1774618919,default
1774619108,1_46791,1_100016,118,1_635461149,1_3704,1774619100,1774619130,default
1774619108,1_30510,1_100006,107,1_664458389,1_3734,1774619199,1774619084,default
1774619108,1_60453,1_102715,162,1_693754399,1_8187,1774619700,1774617672,default
1774619108,1_60453,1_102715,162,1_693754409,1_7976026,1774621140,1774621140,default
1774619108,1_60453,1_102715,162,1_693754419,1_7975993,1774622340,1774622340,default
1774619108,1_575,1_100219,4,1_675345499,1_4399,1774619040,1774619169,default
1774619108,1_575,1_102576,C Line,1_774681499,1_6254,1774618980,1774619171,default
1774619108,1_575,1_100264,70,1_724578809,1_8234,1774619160,1774619179,default
1774619108,1_2850,1_100089,2,1_662783279,1_7120,1774619400,1774618587,default
1774619108,1_2850,1_100089,2,1_491928529,1_7975122,1774620120,1774620120,default
1774619108,1_46505,1_102619,F Line,1_635448879,1_7975997,1774619280,1774619280,default
1774619108,1_46505,1_102619,F Line,1_635449569,1_7976034,1774619880,1774619880,default
1774619108,1_40801,1_100012,113,1_605094989,1_7111,1774619298,1774619391,default
1774619108,1_52306,1_102619,F Line,1_656236209,1_7976142,1774619400,1774619400,default
1774619108,1_52306,40_560,560,40_795020,40_41503,1774619400,1774619418,default
1774619108,1_52306,1_102719,161,1_635446119,1_7976093,1774619460,1774619460,default
1774619108,1_52306,1_102619,F Line,1_656236819,1_7976000,1774620000,1774620000,default
1774619108,1_32013,1_100246,57,1_585672499,1_7974999,1774621020,1774621020,default
1774619108,1_70665,1_102702,239,1_736529049,1_3718,1774619295,1774619182,default
1774619108,1_17950,1_100062,17,1_651754509,1_7974575,1774619880,1774619880,default
1774619108,1_41850,1_100006,107,1_664458389,1_3734,1774619270,1774619141,default
1774619108,1_59282,1_102717,165,1_635443719,1_7314,1774619880,1774618593,default
1774619108,1_70691,1_100344,986,1_721034009,1_7976721,1774620720,1774620720,default
1774619108,1_10210,1_100177,303,1_761388739,1_8127,1774619760,1774619848,default
1774619108,1_620,40_100240,554,40_774869289,40_9681,1774619340,1774619225,default
1774619108,1_620,40_590,590,40_106020,40_9726,1774619520,1774619308,default
1774619108,1_620,1_100459,218,1_774864119,1_6955,1774619460,1774619569,default
1774619108,1_620,1_100104,212,1_774865889,1_6829,1774619700,1774619736,default
1774619108,1_620,40_100239,550,40_597749729,40_9813,1774619700,1774619781,default
1774619108,1_10912,1_100162,271,1_569495519,1_7976369,1774619520,1774619520,default
1774619108,1_10912,1_100162,271,1_569496469,1_7976349,1774620120,1774620120,default
1774619108,1_10912,40_100511,542,40_569560409,40_7976603,1774620240,1774620240,default
1774619108,1_10912,1_100162,271,1_569553899,1_7976664,1774620600,1774620600,default
1774619108,1_10912,1_100162,271,1_569496629,1_7976370,1774621200,1774621200,default
1774619108,1_71960,40_100511,542,40_721031149,40_7976607,1774619880,1774619880,default
1774619108,1_10640,1_100252,62,1_736430749,1_7974601,1774619520,1774619520,default
1774619408,1_77930,1_102746,333,1_778703809,1_7203,1774619579,1774619452,default
1774619408,1_26560,1_102574,40,1_689542829,1_8111,1774619375,1774619485,default
1774619408,1_12770,1_100228,48,1_721360629,1_8208,1774619211,1774619434,default
1774619408,1_65252,1_100133,240,1_787241309,1_7320,1774619460,1774619370,default
1774619408,1_60453,1_102715,162,1_693754399,1_8187,1774619700,1774617672,default
1774619408,1_60453,1_102715,162,1_693754409,1_7976026,1774621140,1774621140,default
1774619408,1_60453,1_102715,162,1_693754419,1_7975993,1774622340,1774622340,default
1774619408,1_575,1_102576,C Line,1_774681409,1_6247,1774619460,1774619449,default
1774619408,1_2850,1_100089,2,1_491928529,1_7975122,1774620120,1774620120,default
1774619408,1_46505,1_102619,F Line,1_635449569,1_7976034,1774619880,1774619880,default
1774619408,1_1510,1_100210,36,1_630541949,1_4313,1774619498,1774619400,default
1774619408,1_81199,1_100072,181,1_721481619,1_7323,1774619543,1774619277,default
1774619408,1_72494,1_100160,269,1_720967219,1_7976380,1774620000,1774620000,default
1774619408,1_52306,1_102619,F Line,1_656236819,1_7976000,1774620000,1774620000,default
1774619408,1_52306,1_102719,161,1_693753399,1_7976231,1774621140,1774621140,default
1774619408,1_32013,1_100246,57,1_585672499,1_7974999,1774621020,1774621020,default
1774619408,1_32013,1_100246,57,1_585672499,1_8216,1774621020,1774621020,default
1774619408,1_99254,1_100487,102,1_693749579,1_8138,1774619722,1774619545,default
1774619408,1_17950,1_100062,17,1_651754509,1_7974575,1774619880,1774619880,default
1774619408,1_54201,1_102619,F Line,1_656237329,1_6232,1774619539,1774619501,default
1774619408,1_59282,1_102717,165,1_635443719,1_7314,1774619880,1774618593,default
1774619408,1_59282,1_100072,181,1_721481449,1_7196,1774620240,1774619185,default
1774619408,1_81749,1_100160,269,1_761787529,1_7462,1774619538,1774619563,default
1774619408,1_70691,1_100344,986,1_721034009,1_7976721,1774620720,1774620720,default
1774619408,1_10210,1_102754,256,1_778603789,1_6967,1774619921,1774619783,default
1774619408,1_10210,1_100177,303,1_761388739,1_8127,1774619760,1774619862,default
1774619408,1_620,1_100045,150,1_693747929,1_8140,1774619640,1774619448,default
1774619408,1_620,40_100236,545,40_648499739,40_7976566,1774619520,1774619618,default
1774619408,1_620,40_100239,550,40_597749729,40_9813,1774619700,1774619637,default
1774619408,1_620,1_100104,212,1_774865889,1_6829,1774619700,1774619647,default
1774619408,1_620,1_100011,111,1_664454969,1_7419,1774619940,1774620273,default
1774619408,1_10912,1_100162,271,1_569496469,1_7976349,1774620120,1774620120,default
1774619408,1_10912,40_100511,542,40_569560409,40_7976603,1774620240,1774620240,default
1774619408,1_10912,1_100162,271,1_569553899,1_7976664,1774620600,1774620600,default
1774619408,1_10912,1_100162,271,1_569496629,1_7976370,1774621200,1774621200,default
1774619408,1_71960,40_100511,542,40_721031149,40_7976607,1774619880,1774619880,default
1774619708,1_12170,1_100039,14,1_562523379,1_4320,1774619655,1774619753,default
1774619708,1_51551,1_102736,H Line,1_694057279,1_6072,1774619677,1774619731,default
1774619708,1_60453,1_102715,162,1_693754409,1_7976026,1774621140,1774621140,default
1774619708,1_60453,1_102715,162,1_693754419,1_7975993,1774622340,1774622340,default
1774619708,1_2850,1_100089,2,1_491928529,1_7975122,1774620120,1774620120,default
1774619708,1_46505,1_102619,F Line,1_635449569,1_7976034,1774619880,1774619880,default
1774619708,1_46505,1_102619,F Line,1_635449109,1_7976017,1774620480,1774620480,default
1774619708,1_46505,1_102619,F Line,1_635449369,1_7976229,1774621080,1774621080,default
1774619708,1_27420,23_102638,First Hill Streetcar,23_55295675,23_403,1774619940,1774619871,default
1774619708,1_73366,1_102548,B Line,1_721018299,1_6040,1774619870,1774619736,default
1774619708,1_72494,1_100160,269,1_720967219,1_7976380,1774620000,1774620000,default
1774619708,1_52306,1_102619,F Line,1_656236819,1_7976000,1774620000,1774620000,default
1774619708,1_52306,1_102619,F Line,1_656237079,1_7976074,1774620600,1774620600,default
1774619708,1_52306,1_102719,161,1_693753399,1_7976231,1774621140,1774621140,default
1774619708,1_32013,1_100246,57,1_585672499,1_8216,1774621020,1774621020,default
1774619708,1_99254,40_590,590,40_2690020,40_9722,1774620376,1774619800,default
1774619708,1_17950,1_100062,17,1_651754509,1_7974575,1774619880,1774619880,default
1774619708,1_57804,1_100072,181,1_721481919,1_7146,1774620142,1774620051,default
1774619708,1_59282,1_102717,165,1_635443719,1_7314,1774619880,1774618593,default
1774619708,1_59282,1_100072,181,1_721481449,1_7196,1774620240,1774619185,default
1774619708,1_59282,1_100072,181,1_721490209,1_7976104,1774622340,1774622340,default
1774619708,1_59872,1_102619,F Line,1_656236509,1_6238,1774619992,1774619869,default
1774619708,1_70691,1_100344,986,1_721034009,1_7976721,1774620720,1774620720,default
1774619708,1_10210,1_102754,256,1_778603789,1_6967,1774619921,1774619740,default
1774619708,1_10210,1_100177,303,1_761388739,1_8127,1774619760,1774619862,default
1774619708,1_620,1_100487,102,1_693749579,1_8138,1774620060,1774619846,default
1774619708,1_620,1_100011,111,1_664454969,1_7419,1774619940,1774620142,default
1774619708,1_620,40_100239,550,40_597752079,40_9578,1774620300,1774620377,default
1774619708,1_10912,1_100162,271,1_569496469,1_7976349,1774620120,1774620120,default
1774619708,1_10912,40_100511,542,40_569560409,40_7976603,1774620240,1774620240,default
1774619708,1_10912,1_100162,271,1_569553899,1_7976664,1774620600,1774620600,default
1774619708,1_10912,1_100162,271,1_569496629,1_7976370,1774621200,1774621200,default
1774619708,1_71960,40_100511,542,40_721031149,40_7976607,1774619880,1774619880,default
1774619708,1_76310,1_102705,230,1_664298439,1_7447,1774619645,1774619906,default
1774620008,1_60161,1_100042,148,1_762076889,1_7976052,1774620780,1774620780,default
1774620008,1_970,40_590,590,40_3364020,40_9302,1774620347,1774620072,default
1774620008,1_970,40_578,578,40_3337020,40_9723,1774620087,1774620090,default
1774620008,1_60453,1_102715,162,1_693754409,1_7976026,1774621140,1774621140,default
1774620008,1_60453,1_102715,162,1_693754419,1_7975993,1774622340,1774622340,default
1774620008,1_575,1_100210,36,1_630541949,1_7974902,1774620060,1774619872,default
1774620008,1_575,1_100210,36,1_630541949,1_4313,1774620060,1774619917,default
1774620008,1_575,1_100173,3,1_761127349,1_4307,1774620000,1774620045,default
1774620008,1_2850,1_100089,2,1_491928539,1_7150,1774620960,1774619639,default
1774620008,1_2850,1_100089,2,1_491928529,1_7975122,1774620120,1774620120,default
1774620008,1_46505,1_102619,F Line,1_635449109,1_6282,1774620480,1774619880,default
1774620008,1_46505,1_102619,F Line,1_635449109,1_7976017,1774620480,1774620480,default
1774620008,1_46505,1_102619,F Line,1_635449369,1_7976229,1774621080,1774621080,default
1774620008,1_29423,1_102732,79,1_629939659,1_7975558,1774621500,1774621500,default
1774620008,1_72560,1_102704,250,1_720961719,1_7388,1774620123,1774619964,default
1774620008,3_31002,40_560,560,40_3177020,40_41501,1774620274,1774620323,default
1774620008,1_52306,1_102619,F Line,1_656237079,1_7976074,1774620600,1774620600,default
1774620008,1_52306,1_102719,161,1_693753399,1_7976231,1774621140,1774621140,default
1774620008,1_32013,1_100246,57,1_585672499,1_8216,1774621020,1774621020,default
1774620008,1_17950,1_100062,17,1_721362419,1_7974580,1774622280,1774622280,default
1774620008,1_57804,1_100072,181,1_721481919,1_7146,1774620142,1774620007,default
1774620008,1_59282,1_100072,181,1_721481449,1_7196,1774620240,1774619185,default
1774620008,1_59282,1_102717,165,1_635443729,1_7179,1774621080,1774619854,default
1774620008,1_59282,1_102717,165,1_635443729,1_7976089,1774621080,1774621080,default
1774620008,1_59282,1_100072,181,1_721490209,1_7976104,1774622340,1774622340,default
1774620008,1_70691,1_100344,986,1_721034009,1_6920,1774620720,1774620720,default
1774620008,1_70691,1_100344,986,1_721034009,1_7976721,1774620720,1774620720,default
1774620008,1_25791,1_100214,372,1_694305799,1_6992,1774620098,1774620217,default
1774620008,1_620,40_590,590,40_2690020,40_9722,1774620720,1774620139,default
1774620008,1_620,40_100236,545,40_648501529,40_7976570,1774620120,1774620193,default
1774620008,1_620,40_100236,545,40_648501529,40_9665,1774620120,1774620193,default
1774620008,1_620,40_100239,550,40_597752079,40_9578,1774620300,1774620344,default
1774620008,1_10912,40_100511,542,40_569560409,40_7976603,1774620240,1774620240,default
1774620008,1_10912,1_100162,271,1_569553899,1_7976664,1774620600,1774620600,default
1774620008,1_10912,1_100162,271,1_569496629,1_7976370,1774621200,1774621200,default
1774620008,1_71960,40_100511,542,40_721031489,40_7976605,1774621080,1774621080,default
1774620308,1_12170,1_100039,14,1_562520989,1_4329,1774620255,1774620369,default
1774620308,1_60161,1_100042,148,1_762076889,1_7976052,1774620780,1774620780,default
1774620308,1_60453,1_102715,162,1_693754409,1_7976026,1774621140,1774621140,default
1774620308,1_60453,1_102715,162,1_693754419,1_7975993,1774622340,1774622340,default
1774620308,1_74268,1_102702,239,1_736529059,1_3706,1774620380,1774620284,default
1774620308,1_320,40_590,590,40_3364020,40_9302,1774620660,1774620385,default
1774620308,1_7790,1_102615,E Line,1_768603599,1_6216,1774620414,1774620255,default
1774620308,1_2850,1_100089,2,1_491928539,1_7150,1774620960,1774619639,default
1774620308,1_46505,1_102619,F Line,1_635449109,1_6282,1774620480,1774619880,default
1774620308,1_46505,1_102619,F Line,1_635449369,1_7976229,1774621080,1774621080,default
1774620308,1_29423,1_102732,79,1_629939659,1_7975558,1774621500,1774621500,default
1774620308,1_73366,1_102752,223,1_766488029,1_7463,1774620441,1774620309,default
1774620308,1_52306,1_102619,F Line,1_656237079,1_7976074,1774620600,1774620600,default
1774620308,1_52306,1_102719,161,1_693753399,1_7976231,1774621140,1774621140,default
1774620308,1_52306,1_102619,F Line,1_635448489,1_7976083,1774621200,1774621200,default
1774620308,1_32013,1_100246,57,1_585672499,1_8216,1774621020,1774621020,default
1774620308,1_99254,1_100003,101,1_693748389,1_8184,1774620442,1774620346,default
1774620308,1_17950,1_100062,17,1_721362419,1_7974580,1774622280,1774622280,default
1774620308,1_59282,1_102717,165,1_635443729,1_7179,1774621080,1774619854,default
1774620308,1_59282,1_100072,181,1_721490209,1_7976104,1774622340,1774622340,default
1774620308,1_23905,1_100214,372,1_694305949,1_6961,1774620192,1774620448,default
1774620308,1_70691,1_100344,986,1_721034009,1_6920,1774620720,1774620720,default
1774620308,1_620,40_100240,554,40_774868089,40_9678,1774620480,1774620683,default
1774620308,1_620,40_100239,550,40_597756649,40_9656,1774620900,1774620905,default
1774620308,1_620,1_100459,218,1_774864109,1_6929,1774620840,1774621121,default
1774620308,1_620,1_100011,111,1_664455009,1_7434,1774620840,1774621149,default
1774620308,1_10912,1_100162,271,1_569553899,1_7976664,1774620600,1774620600,default
1774620308,1_10912,1_100162,271,1_569496629,1_7976370,1774621200,1774621200,default
1774620308,1_10912,40_100511,542,40_569560529,40_7976608,1774621500,1774621500,default
1774620308,1_10912,1_100162,271,1_569495919,1_7976665,1774621800,1774621800,default
1774620308,1_71960,40_100511,542,40_721031489,40_7976605,1774621080,1774621080,default
1774620608,1_60161,1_100042,148,1_762076889,1_3702,1774620780,1774620291,default
1774620608,1_60453,1_102715,162,1_693754409,1_7976026,1774621140,1774621140,default
1774620608,1_60453,1_102715,162,1_693754419,1_7975993,1774622340,1774622340,default
1774620608,1_320,40_100239,550,40_597752629,40_9815,1774620480,1774620658,default
1774620608,1_575,1_100210,36,1_630543069,1_4335,1774620660,1774620617,default
1774620608,1_2850,1_100089,2,1_491928539,1_7150,1774620960,1774619639,default
1774620608,1_46505,1_102619,F Line,1_635449369,1_7976229,1774621080,1774621080,default
1774620608,1_46505,1_102619,F Line,1_635448669,1_7976085,1774621680,1774621680,default
1774620608,1_29423,1_102732,79,1_629939659,1_7975558,1774621500,1774621500,default
1774620608,1_74980,1_100196,331,1_778699229,1_7207,1774620650,1774620555,default
1774620608,1_10653,1_100252,62,1_736430779,1_8080,1774620868,1774620547,default
1774620608,1_73953,1_102702,239,1_736529059,1_3706,1774620770,1774620635,default
1774620608,1_52306,40_560,560,40_3177020,40_41501,1774620900,1774620849,default
1774620608,1_52306,1_102719,161,1_693753399,1_7976231,1774621140,1774621140,default
1774620608,1_52306,1_102619,F Line,1_635448489,1_7976083,1774621200,1774621200,default
1774620608,1_80121,1_102719,161,1_694518839,1_7108,1774620765,1774620742,default
1774620608,1_32013,1_100246,57,1_585672499,1_8216,1774621020,1774621020,default
1774620608,1_17950,1_100062,17,1_721362419,1_7974580,1774622280,1774622280,default
1774620608,1_2200,1_102581,D Line,1_732750169,1_6089,1774620792,1774620765,default
1774620608,1_57804,1_100072,181,1_721490229,1_7130,1774621042,1774620976,default
1774620608,1_59282,1_102717,165,1_635443729,1_7179,1774621080,1774619854,default
1774620608,1_59282,1_100072,181,1_721481779,1_7323,1774621440,1774620498,default
1774620608,1_59282,1_100072,181,1_721490209,1_7976104,1774622340,1774622340,default
1774620608,1_10210,1_102729,322,1_761390109,1_8128,1774621020,1774621288,default
1774620608,1_620,40_100239,550,40_597756649,40_9656,1774620900,1774620724,default
1774620608,1_620,40_100236,545,40_648501219,40_9632,1774620720,1774620784,default
1774620608,1_620,1_100459,218,1_774864109,1_6929,1774620840,1774621019,default
1774620608,1_620,1_100011,111,1_664455009,1_7434,1774620840,1774621030,default
1774620608,1_620,1_100104,212,1_774865919,1_7401,1774621320,1774621436,default
1774620608,1_10912,1_100162,271,1_569496629,1_7976370,1774621200,1774621200,default
1774620608,1_10912,40_100511,542,40_569560529,40_7976608,1774621500,1774621500,default
1774620608,1_10912,1_100162,271,1_569495919,1_7976665,1774621800,1774621800,default
1774620608,1_71960,40_100511,542,40_721031489,40_7976605,1774621080,1774621080,default
1774620608,1_8403,1_100039,14,1_562518569,1_4386,1774620660,1774620676,default
1774620908,1_481,1_102576,C Line,1_774681609,1_6246,1774621020,1774620919,default
1774620908,1_52638,40_574,574,40_2325020,40_9737,1774620943,1774620963,default
1774620908,1_60453,1_102715,162,1_693754409,1_7976026,1774621140,1774621140,default
1774620908,1_60453,1_102715,162,1_693754419,1_7975993,1774622340,1774622340,default
1774620908,1_320,40_594,594,40_3324020,40_41603,1774621500,1774621025,default
1774620908,1_575,1_100028,13,1_662783309,1_7120,1774620960,1774620960,default
1774620908,1_2850,1_100089,2,1_491928539,1_7150,1774620960,1774619639,default
1774620908,1_2850,1_100089,2,1_491928549,1_7090,1774621800,1774620026,default
1774620908,1_46505,1_102619,F Line,1_635449369,1_7976229,1774621080,1774621080,default
1774620908,1_46505,1_102619,F Line,1_635448669,1_7976085,1774621680,1774621680,default
1774620908,1_29423,1_102732,79,1_629939659,1_7975558,1774621500,1774621500,default
1774620908,1_13810,1_100193,32,1_651765859,1_7057,1774620983,1774620859,default
1774620908,1_52306,1_102719,161,1_693753399,1_7976231,1774621140,1774621140,default
1774620908,1_52306,1_102619,F Line,1_635448489,1_7976083,1774621200,1774621200,default
1774620908,1_52306,1_102619,F Line,1_635449529,1_7975996,1774621800,1774621800,default
1774620908,1_32013,1_100246,57,1_585672499,1_8216,1774621020,1774621020,default
1774620908,1_32013,1_100246,57,1_662805059,1_7975102,1774622520,1774622520,default
1774620908,1_17950,1_100062,17,1_721362419,1_7974580,1774622280,1774622280,default
1774620908,1_57804,1_100072,181,1_721490229,1_7130,1774621042,1774620940,default
1774620908,1_59282,1_102717,165,1_635443729,1_7179,1774621080,1774619854,default
1774620908,1_59282,1_100072,181,1_721481779,1_7323,1774621440,1774620498,default
1774620908,1_59282,1_100072,181,1_721490209,1_7976104,1774622340,1774622340,default
1774620908,1_60710,1_100512,A Line,1_721482349,1_6273,1774620955,1774621062,default
1774620908,1_10210,1_102729,322,1_761390109,1_8128,1774621020,1774621340,default
1774620908,1_75850,1_102615,E Line,1_768603599,1_6216,1774621105,1774620963,default
1774620908,1_620,1_100104,212,1_774865919,1_7401,1774621320,1774621370,default
1774620908,1_10912,1_100162,271,1_569496629,1_7976370,1774621200,1774621200,default
1774620908,1_10912,40_100511,542,40_569560529,40_7976608,1774621500,1774621500,default
1774620908,1_10912,1_100162,271,1_569495919,1_7976665,1774621800,1774621800,default
1774620908,1_71960,40_100511,542,40_721031489,40_7976605,1774621080,1774621080,default
1774620908,1_71960,40_100511,542,40_721030829,40_7976602,1774622340,1774622340,default
1774620908,1_18220,1_100028,13,1_692105199,1_7080,1774621128,1774620976,default
1774621208,1_75890,1_102615,E Line,1_768603599,1_6216,1774621307,1774621127,default
1774621208,1_60453,1_102715,162,1_693754419,1_7975993,1774622340,1774622340,default
1774621208,1_2850,1_100089,2,1_491928549,1_7090,1774621800,1774620026,default
1774621208,1_46505,1_102619,F Line,1_635448669,1_7976085,1774621680,1774621680,default
1774621208,1_46505,1_102619,F Line,1_635449549,1_7975992,1774622280,1774622280,default
1774621208,1_29423,1_102732,79,1_629939659,1_7975558,1774621500,1774621500,default
1774621208,1_36711,1_100230,50,1_785559539,1_3722,1774621358,1774621159,default
1774621208,1_52306,1_102619,F Line,1_635449529,1_7975996,1774621800,1774621800,default
1774621208,1_32013,1_100246,57,1_662805059,1_7975102,1774622520,1774622520,default
1774621208,1_99254,1_100003,101,1_693748149,1_8174,1774621342,1774621213,default
1774621208,1_17950,1_100062,17,1_721362419,1_7974580,1774622280,1774622280,default
1774621208,1_40093,1_100133,240,1_761786449,1_7356,1774621340,1774621281,default
1774621208,1_59282,1_100072,181,1_721481779,1_7323,1774621440,1774620498,default
1774621208,1_59282,1_102717,165,1_635443739,1_7467,1774622880,1774620772,default
1774621208,1_59282,1_100072,181,1_721490209,1_7976104,1774622340,1774622340,default
1774621208,1_85531,1_102757,187,1_762094949,1_7426,1774621440,1774621410,default
1774621208,1_71678,1_102552,226,1_778457229,1_7373,1774621402,1774621284,default
1774621208,1_10210,1_102754,256,1_778603799,1_6908,1774622484,1774621876,default
1774621208,1_10210,1_100177,303,1_761388749,1_8259,1774621800,1774621898,default
1774621208,1_620,40_100240,554,40_774868479,40_9816,1774621440,1774621262,default
1774621208,1_620,40_100239,550,40_597750129,40_9576,1774621560,1774621638,default
1774621208,1_620,1_100459,218,1_774864089,1_7976687,1774622160,1774622160,default
1774621208,1_10912,40_100511,542,40_569560529,40_7976608,1774621500,1774621500,default
1774621208,1_10912,1_100162,271,1_569495919,1_7976665,1774621800,1774621800,default
1774621208,1_10912,1_100162,271,1_585519759,1_7976353,1774622640,1774622640,default
1774621208,1_71960,40_100511,542,40_721030829,40_7976602,1774622340,1774622340,default
1774621508,1_60161,1_100042,148,1_762076869,1_7976054,1774622580,1774622580,default
1774621508,1_60453,1_102715,162,1_693754419,1_7975993,1774622340,1774622340,default
1774621508,1_2850,1_100089,2,1_491928549,1_7090,1774621800,1774620026,default
1774621508,1_2850,1_100089,2,1_491928559,1_7007,1774622640,1774621236,default
1774621508,1_46505,1_102619,F Line,1_635448669,1_7976085,1774621680,1774621680,default
1774621508,1_46505,1_102619,F Line,1_635449549,1_7975992,1774622280,1774622280,default
1774621508,1_10653,1_100252,62,1_736430669,1_8030,1774622248,1774621496,default
1774621508,3_31002,40_560,560,40_709020,40_41515,1774621774,1774621745,default
1774621508,1_52306,1_102619,F Line,1_635449529,1_7975996,1774621800,1774621800,default
1774621508,1_52306,1_102719,161,1_635446139,1_7976211,1774623000,1774623000,default
1774621508,1_32013,1_100246,57,1_662805059,1_7975102,1774622520,1774622520,default
1774621508,1_48390,1_100030,131,1_721371649,1_8073,1774621741,1774621547,default
1774621508,1_99254,40_590,590,40_538020,40_51401,1774622536,1774621691,default
1774621508,1_45670,1_100210,36,1_630543819,1_7974910,1774621584,1774621605,default
1774621508,1_17950,1_100062,17,1_721362419,1_7974580,1774622280,1774622280,default
1774621508,1_2200,1_102581,D Line,1_732750129,1_6051,1774621632,1774621593,default
1774621508,1_57804,1_100072,181,1_721490239,1_7427,1774621942,1774621992,default
1774621508,1_59282,1_102717,165,1_635443739,1_7467,1774622880,1774620772,default
1774621508,1_59282,1_100072,181,1_721490209,1_7976104,1774622340,1774622340,default
1774621508,1_45230,1_100133,240,1_787241219,1_7382,1774621984,1774621593,default
1774621508,1_10210,1_100177,303,1_761388749,1_8259,1774621800,1774622042,default
1774621508,1_10912,1_100162,271,1_569495919,1_7976665,1774621800,1774621800,default
1774621508,1_10912,1_100162,271,1_585519759,1_7976353,1774622640,1774622640,default
1774621508,1_71960,40_100511,542,40_721030829,40_7976602,1774622340,1774622340,default
1774621508,1_58144,1_100048,153,1_825128979,1_7191,1774621743,1774621566,default
1774621808,1_103,1_102745,G Line,1_736437459,1_6402,1774621726,1774621836,default
1774621808,1_12170,1_100039,14,1_562518599,1_4323,1774622055,1774621811,default
1774621808,1_46791,1_100016,118,1_635461269,1_3709,1774621800,1774621864,default
1774621808,1_52638,40_574,574,40_583020,40_9716,1774622803,1774621836,default
1774621808,1_26560,1_102574,40,1_690033919,1_8101,1774621916,1774621756,default
1774621808,1_60161,1_100042,148,1_762076869,1_7976054,1774622580,1774622580,default
1774621808,1_970,40_578,578,40_166020,40_9311,1774621887,1774621903,default
1774621808,1_8541,1_100263,7,1_650128409,1_4548,1774621800,1774621826,default
1774621808,1_75890,1_102615,E Line,1_768603649,1_6218,1774621907,1774621788,default
1774621808,1_60453,1_102715,162,1_693754419,1_7975993,1774622340,1774622340,default
1774621808,1_575,1_102581,D Line,1_628189299,1_6090,1774621740,1774621845,default
1774621808,1_2850,1_100089,2,1_491928559,1_7007,1774622640,1774621236,default
1774621808,1_46505,1_102619,F Line,1_635449549,1_7975992,1774622280,1774622280,default
1774621808,1_46505,1_102619,F Line,1_635448349,1_7976225,1774622880,1774622880,default
1774621808,1_1510,1_100210,36,1_630541529,1_4391,1774622018,1774621852,default
1774621808,1_10653,1_100252,62,1_736430669,1_8030,1774622248,1774621782,default
1774621808,1_8671,1_100275,8,1_693944739,1_8047,1774622618,1774621781,default
1774621808,1_40801,1_100012,113,1_605094929,1_7085,1774622052,1774622191,default
1774621808,1_72494,1_100160,269,1_720963989,1_7976342,1774622400,1774622400,default
1774621808,1_52306,1_102619,F Line,1_635448779,1_7976226,1774622400,1774622400,default
1774621808,1_52306,1_102719,161,1_635446139,1_7976211,1774623000,1774623000,default
1774621808,1_32013,1_100246,57,1_662805059,1_7144,1774622520,1774622520,default
1774621808,1_32013,1_100246,57,1_662805059,1_7975102,1774622520,1774622520,default
1774621808,1_99254,1_100045,150,1_724420359,1_6954,1774621600,1774621916,default
1774621808,1_99254,1_100045,150,1_724421079,1_8159,1774622200,1774621925,default
1774621808,1_17950,1_100062,17,1_721362419,1_7974580,1774622280,1774622280,default
1774621808,1_49630,1_100031,132,1_721370819,1_8023,1774621939,1774621880,default
1774621808,1_57804,1_100072,181,1_721490239,1_7427,1774621942,1774621875,default
1774621808,1_59282,1_102717,165,1_635443739,1_7467,1774622880,1774620772,default
1774621808,1_59282,1_100072,181,1_721490269,1_7146,1774623240,1774621697,default
1774621808,1_59282,1_100072,181,1_721490209,1_7976104,1774622340,1774622340,default
1774621808,1_23905,1_100214,372,1_694306149,1_6890,1774622185,1774621932,default
1774621808,1_10210,1_100177,303,1_761388749,1_8259,1774621800,1774622101,default
1774621808,1_25791,1_100214,372,1_694305899,1_6930,1774621898,1774621999,default
1774621808,1_620,40_100240,554,40_774868959,40_9657,1774622340,1774621983,default
1774621808,1_620,40_100236,545,40_648501959,40_9647,1774621980,1774622048,default
1774621808,1_620,40_100239,550,40_597754109,40_9689,1774622160,1774622280,default
1774621808,1_10912,1_100162,271,1_585519759,1_7976353,1774622640,1774622640,default
1774621808,1_10912,40_100511,542,40_569563159,40_7976607,1774622760,1774622760,default
1774621808,1_71960,40_100511,542,40_721030829,40_7976602,1774622340,1774622340,default
1774622108,1_60161,1_100042,148,1_762076869,1_7976054,1774622580,1774622580,default
1774622108,1_30790,1_100230,50,1_785559079,1_3724,1774622157,1774622051,default
1774622108,1_60453,1_102715,162,1_693754419,1_7975993,1774622340,1774622340,default
1774622108,1_320,40_100239,550,40_597752069,40_9578,1774622040,1774622154,default
1774622108,1_320,1_102754,256,1_778603799,1_6908,1774623120,1774622198,default
1774622108,1_575,1_100173,3,1_761127279,1_4308,1774621920,1774622174,default
1774622108,1_2850,1_100089,2,1_491928559,1_7007,1774622640,1774621236,default
1774622108,1_46505,1_102619,F Line,1_635449549,1_7975992,1774622280,1774622280,default
1774622108,1_46505,1_102619,F Line,1_635448349,1_7976225,1774622880,1774622880,default
1774622108,1_72560,1_102704,250,1_720961749,1_7343,1774622264,1774622126,default
1774622108,1_10653,1_100252,62,1_736430669,1_8030,1774622248,1774622097,default
1774622108,1_8671,1_100275,8,1_693944739,1_8047,1774622618,1774622043,default
1774622108,1_81199,1_100072,181,1_721490239,1_7427,1774622243,1774622152,default
1774622108,1_72494,1_100160,269,1_720963989,1_7976342,1774622400,1774622400,default
1774622108,1_74442,1_100146,255,1_635876949,1_7415,1774622413,1774622111,default
1774622108,1_52306,40_560,560,40_709020,40_41515,1774622400,1774622398,default
1774622108,1_52306,1_102619,F Line,1_635448779,1_7976226,1774622400,1774622400,default
1774622108,1_52306,1_102719,161,1_635446139,1_7976211,1774623000,1774623000,default
1774622108,1_32013,1_100246,57,1_662805059,1_7144,1774622520,1774621788,default
1774622108,1_40030,1_102574,40,1_761401509,1_8252,1774622115,1774622207,default
1774622108,1_17950,1_100062,17,1_721362419,1_7974580,1774622280,1774622280,default
1774622108,1_2200,1_102581,D Line,1_732749859,1_6100,1774622112,1774622245,default
1774622108,1_59282,1_102717,165,1_635443739,1_7467,1774622880,1774620772,default
1774622108,1_59282,1_100072,181,1_721490269,1_7146,1774623240,1774621697,default
1774622108,1_59282,1_100072,181,1_721490209,1_7976104,1774622340,1774622340,default
1774622108,1_59872,1_102619,F Line,1_656237079,1_6285,1774622392,1774622244,default
1774622108,1_620,1_100045,150,1_724421079,1_8159,1774622580,1774622215,default
1774622108,1_620,1_100104,212,1_774865979,1_7435,1774622820,1774622725,default
1774622108,1_620,1_100011,111,1_664454979,1_7394,1774623000,1774622949,default
1774622108,1_10912,1_100162,271,1_585519759,1_7976353,1774622640,1774622640,default
1774622108,1_10912,40_100511,542,40_569563159,40_7976607,1774622760,1774622760,default
1774622108,1_10912,1_100162,271,1_586298069,1_7976389,1774623420,1774623420,default
1774622108,1_71960,40_100511,542,40_721030829,40_7976602,1774622340,1774622340,default
1774622108,1_71960,40_100511,542,40_721030929,40_7976603,1774623540,1774623540,default
1774622408,1_60161,1_100042,148,1_762076869,1_7976054,1774622580,1774622580,default
1774622408,1_970,40_577,577,40_672020,40_9726,1774622547,1774622547,default
1774622408,1_575,1_100210,36,1_630541529,1_4391,1774622580,1774622403,default
1774622408,1_2850,1_100089,2,1_491928559,1_7007,1774622640,1774621236,default
1774622408,1_2850,1_100089,2,1_491928569,1_7975121,1774623360,1774623360,default
1774622408,1_46505,1_102619,F Line,1_635448349,1_7976225,1774622880,1774622880,default
1774622408,1_46505,1_102619,F Line,1_635448999,1_7976142,1774623480,1774623480,default
1774622408,1_40060,1_102574,40,1_778707289,1_8104,1774622485,1774622388,default
1774622408,1_27420,1_100249,60,1_689961139,1_7166,1774622228,1774622516,default
1774622408,1_10653,1_100252,62,1_736430829,1_8292,1774623628,1774623463,default
1774622408,3_31002,40_560,560,40_631020,40_9222,1774623754,1774623778,default
1774622408,1_72494,1_100160,269,1_720964919,1_7976341,1774624440,1774624440,default
1774622408,1_52306,1_102619,F Line,1_635449579,1_7976034,1774623600,1774623600,default
1774622408,1_52306,1_102619,F Line,1_635449119,1_7976017,1774624200,1774624200,default
1774622408,1_99254,40_595,595,40_3382020,40_9739,1774624533,1774623547,default
1774622408,1_7750,1_102615,E Line,1_768603789,1_6201,1774623426,1774623564,default
1774622408,1_17950,1_100062,17,1_721362429,1_7974608,1774624680,1774624680,default
1774622408,1_57804,1_100072,181,1_721481459,1_7173,1774623799,1774623846,default
1774622408,1_59282,1_102717,165,1_694516419,1_7473,1774624200,1774622434,default
1774622408,1_59282,1_100072,181,1_721481629,1_7130,1774624080,1774622983,default
1774622408,1_59872,1_102619,F Line,1_635449529,1_6229,1774623592,1774623647,default
1774622408,1_10210,1_102754,256,1_778603809,1_6866,1774624404,1774623546,default
1774622408,1_10210,1_100177,303,1_761394229,1_8298,1774623840,1774624131,default
1774622408,1_620,40_100240,554,40_774868709,40_9568,1774624200,1774623719,default
1774622408,1_620,40_590,590,40_794020,40_41514,1774623720,1774623720,default
1774622408,1_620,40_100236,545,40_648502949,40_7976551,1774623780,1774623780,default
1774622408,1_620,1_100104,212,1_774865989,1_6987,1774624140,1774623989,default
1774622408,1_620,1_100011,111,1_664454989,1_7486,1774624320,1774624413,default
1774622408,1_10912,40_100511,542,40_569562809,40_7976605,1774623960,1774623960,default
1774622408,1_10912,1_100162,271,1_585555279,1_7976620,1774624440,1774624440,default
1774622408,1_10912,40_100511,542,40_569567879,40_7976686,1774625160,1774625160,default
1774622408,1_10912,1_100162,271,1_585519149,1_7976348,1774625400,1774625400,default
1774622408,1_10912,1_100162,271,1_569495669,1_7976723,1774626240,1774626240,default
1774622408,1_71960,40_100511,542,40_721031259,40_7976608,1774624680,1774624680,default
1774622408,1_81982,1_102746,333,1_778704849,1_7975726,1774623639,1774623639,default
1774622408,1_8403,1_100039,14,1_562518689,1_4312,1774623480,1774623609,default
1774623652,1_85800,1_100196,331,1_778699189,1_7200,1774623732,1774623562,default
1774623652,1_60161,1_100042,148,1_762076939,1_7976061,1774624380,1774624380,default
1774623652,1_970,40_578,578,40_3753020,40_41604,1774623687,1774623704,default
1774623652,1_2850,1_100089,2,1_491928579,1_7159,1774624200,1774623166,default
1774623652,1_2850,1_100089,2,1_491928149,1_7122,1774623840,1774623595,default
1774623652,1_46505,1_102619,F Line,1_635449269,1_7976074,1774624380,1774624380,default
1774623652,1_29423,1_102732,79,1_561369239,1_7975555,1774624200,1774624200,default
1774623652,1_1510,1_100005,106,1_727785759,1_7975012,1774623732,1774623483,default
1774623652,3_31002,40_560,560,40_631020,40_9222,1774623754,1774623801,default
1774623652,1_72494,1_100160,269,1_720964919,1_7976341,1774624440,1774624440,default
1774623652,1_84810,1_102752,223,1_825197009,1_7463,1774623727,1774623738,default
1774623652,1_52306,1_102619,F Line,1_635449119,1_7976017,1774624200,1774624200,default
1774623652,1_52306,1_102719,161,1_635446149,1_7976214,1774624800,1774624800,default
1774623652,1_8530,1_100005,106,1_727785729,1_7008,1774624086,1774623779,default
1774623652,1_17950,1_100062,17,1_721362429,1_7974608,1774624680,1774624680,default
1774623652,1_57804,1_100072,181,1_721481459,1_7173,1774623799,1774623772,default
1774623652,1_59282,1_102717,165,1_694516419,1_7473,1774624200,1774622434,default
1774623652,1_59282,1_100072,181,1_721481629,1_7130,1774624080,1774622983,default
1774623652,1_50140,1_102619,F Line,1_635449579,1_6000,1774623803,1774623723,default
1774623652,1_10210,1_100177,303,1_761394229,1_8298,1774623840,1774624183,default
1774623652,1_620,40_595,595,40_3382020,40_9739,1774624920,1774623818,default
1774623652,1_620,1_100104,212,1_774865989,1_6987,1774624140,1774623862,default
1774623652,1_620,1_100011,111,1_664454989,1_7486,1774624320,1774624322,default
1774623652,1_10912,40_100511,542,40_569562809,40_7976605,1774623960,1774623960,default
1774623652,1_10912,1_100162,271,1_585555279,1_7976620,1774624440,1774624440,default
1774623652,1_10912,40_100511,542,40_569567879,40_7976686,1774625160,1774625160,default
1774623652,1_10912,1_100162,271,1_585519149,1_7976348,1774625400,1774625400,default
1774623652,1_10912,1_100162,271,1_569495669,1_7976723,1774626240,1774626240,default
1774623652,1_71960,40_100511,542,40_721031259,40_7976608,1774624680,1774624680,default
1774623952,1_12170,1_100039,14,1_562518689,1_4312,1774623975,1774623958,default
1774623952,1_60161,1_100042,148,1_762076939,1_7976061,1774624380,1774624380,default
1774623952,1_2850,1_100089,2,1_491928579,1_7159,1774624200,1774623166,default
1774623952,1_2850,1_100089,2,1_491928599,1_7975115,1774625100,1774625100,default
1774623952,1_46505,1_102619,F Line,1_635449269,1_7976074,1774624380,1774624380,default
1774623952,1_29423,1_102732,79,1_561369239,1_7975555,1774624200,1774624200,default
1774623952,1_29423,1_102732,79,1_629939919,1_7975557,1774625400,1774625400,default
1774623952,1_89990,29_130,130,29_14875640__MCOB-DO:123:0:Weekday:1:25SEP:41027:12345,29_17112,1774624020,1774623993,default
1774623952,1_58342,1_100072,181,1_721490209,1_7482,1774623720,1774624013,default
1774623952,1_10653,1_100252,62,1_721367979,1_8027,1774624800,1774623986,default
1774623952,1_81199,1_100072,181,1_721481459,1_7173,1774624103,1774623984,default
1774623952,1_72494,1_100160,269,1_720964919,1_7976341,1774624440,1774624440,default
1774623952,1_52306,1_102619,F Line,1_635449119,1_7976017,1774624200,1774624200,default
1774623952,1_52306,1_102719,161,1_635446149,1_7976214,1774624800,1774624800,default
1774623952,1_8530,1_100005,106,1_727785729,1_7008,1774624086,1774623940,default
1774623952,1_99254,40_590,590,40_581020,40_9221,1774625176,1774623990,default
1774623952,1_17950,1_100062,17,1_721362429,1_7974608,1774624680,1774624680,default
1774623952,1_11060,1_100249,60,1_689960729,1_7158,1774624073,1774623995,default
1774623952,1_2200,1_102581,D Line,1_732750369,1_6080,1774624105,1774623999,default
1774623952,1_59282,1_102717,165,1_694516419,1_7473,1774624200,1774622434,default
1774623952,1_59282,1_100072,181,1_721481629,1_7130,1774624080,1774622983,default
1774623952,1_60710,1_100512,A Line,1_721482399,1_6281,1774623945,1774624096,default
1774623952,1_10210,1_100177,303,1_761394229,1_8298,1774623840,1774624239,default
1774623952,1_57791,1_102718,184,1_635442739,1_7471,1774624223,1774624217,default
1774623952,1_620,1_100011,111,1_664454989,1_7486,1774624320,1774624194,default
1774623952,1_620,40_100239,550,40_597754819,40_7976646,1774624260,1774624528,default
1774623952,1_620,40_100239,550,40_597754819,40_9820,1774624260,1774624543,default
1774623952,1_10912,1_100264,70,1_724578419,1_7975068,1774624066,1774624128,default
1774623952,1_10912,1_100162,271,1_585555279,1_7976620,1774624440,1774624440,default
1774623952,1_10912,40_100511,542,40_569567879,40_7976686,1774625160,1774625160,default
1774623952,1_10912,1_100162,271,1_585519149,1_7976348,1774625400,1774625400,default
1774623952,1_10912,1_100162,271,1_569495669,1_7976723,1774626240,1774626240,default
1774623952,1_10912,1_100162,271,1_671213689,1_7976721,1774626960,1774626960,default
1774623952,1_71960,40_100511,542,40_721031259,40_7976608,1774624680,1774624680,default
1774624252,1_60161,1_100042,148,1_762076939,1_7976061,1774624380,1774624380,default
1774624252,1_320,1_102754,256,1_778603809,1_6866,1774625040,1774624253,default
1774624252,1_12220,1_100009,11,1_736449749,1_7024,1774624423,1774624226,default
1774624252,1_575,1_100089,2,1_491928559,1_7007,1774624320,1774624346,default
1774624252,1_2850,1_100089,2,1_491928599,1_7975115,1774625100,1774625100,default
1774624252,1_46505,1_102619,F Line,1_635449269,1_7976074,1774624380,1774624380,default
1774624252,1_46505,1_102619,F Line,1_635448499,1_7976083,1774625280,1774625280,default
1774624252,1_29423,1_102732,79,1_629939919,1_7975557,1774625400,1774625400,default
1774624252,1_75770,1_102615,E Line,1_761417919,1_6055,1774624337,1774624241,default
1774624252,1_11569,1_100002,10,1_675385419,1_4338,1774624221,1774624339,default
1774624252,1_72494,1_100160,269,1_720964919,1_7976341,1774624440,1774624440,default
1774624252,1_72494,1_100160,269,1_720964349,1_7976395,1774626300,1774626300,default
1774624252,1_11940,1_100039,14,1_562518749,1_4323,1774624399,1774624360,default
1774624252,1_52306,40_560,560,40_631020,40_9222,1774624380,1774624356,default
1774624252,1_52306,1_102719,161,1_635446149,1_7976214,1774624800,1774624800,default
1774624252,1_52306,1_102619,F Line,1_656237189,1_7976229,1774625100,1774625100,default
1774624252,1_80121,1_102719,161,1_635446499,1_7189,1774624425,1774624396,default
1774624252,1_99254,1_100045,150,1_724420379,1_8183,1774624360,1774624404,default
1774624252,1_17950,1_100062,17,1_721362429,1_7974608,1774624680,1774624680,default
1774624252,1_57804,1_100072,181,1_721481789,1_7453,1774624642,1774624795,default
1774624252,1_22184,1_102736,H Line,1_694057659,1_6060,1774624361,1774624383,default
1774624252,1_59872,1_102619,F Line,1_635448779,1_6228,1774624192,1774624388,default
1774624252,1_10210,1_102729,322,1_761390059,1_8199,1774624860,1774625095,default
1774624252,1_620,40_100239,550,40_597754819,40_9820,1774624260,1774624480,default
1774624252,1_620,1_100459,218,1_774864129,1_6955,1774625040,1774625198,default
1774624252,1_10912,1_100162,271,1_585555279,1_7976620,1774624440,1774624440,default
1774624252,1_10912,40_100511,542,40_569567879,40_7976686,1774625160,1774625160,default
1774624252,1_10912,1_100162,271,1_585519149,1_7976348,1774625400,1774625400,default
1774624252,1_10912,1_100162,271,1_569495669,1_7976723,1774626240,1774626240,default
1774624252,1_10912,40_100511,542,40_569562199,40_7976602,1774626360,1774626360,default
1774624252,1_10912,1_100162,271,1_671213689,1_7976721,1774626960,1774626960,default
1774624252,1_71960,40_100511,542,40_721031259,40_7976608,1774624680,1774624680,default
1774624552,1_46791,1_100016,118,1_637324339,1_3704,1774624740,1774624750,default
1774624552,1_481,1_100024,125,1_721357669,1_7047,1774624560,1774624536,default
1774624552,1_52638,40_574,574,40_1853020,40_9728,1774624632,1774624611,default
1774624552,1_575,1_102576,C Line,1_774681109,1_6257,1774624800,1774624569,default
1774624552,1_575,1_100219,4,1_675345119,1_4346,1774624020,1774624613,default
1774624552,1_2850,1_100089,2,1_491928599,1_7122,1774625100,1774624278,default
1774624552,1_46505,1_102619,F Line,1_635448499,1_7976083,1774625280,1774625280,default
1774624552,1_29423,1_102732,79,1_629939919,1_7975557,1774625400,1774625400,default
1774624552,1_47660,1_102736,H Line,1_694057349,1_6077,1774624623,1774624501,default
1774624552,1_72494,1_100160,269,1_720964349,1_7976395,1774626300,1774626300,default
1774624552,1_52306,1_102719,161,1_635446149,1_7976214,1774624800,1774624800,default
1774624552,1_52306,1_102619,F Line,1_656237189,1_7976229,1774625100,1774625100,default
1774624552,1_8530,1_100005,106,1_727785919,1_7169,1774624686,1774624648,default
1774624552,1_58112,1_102619,F Line,1_635448349,1_6232,1774624641,1774624652,default
1774624552,1_17950,1_100062,17,1_721362429,1_7974608,1774624680,1774624680,default
1774624552,1_2200,1_102581,D Line,1_732749879,1_6057,1774624645,1774624683,default
1774624552,1_57804,1_100072,181,1_721481789,1_7453,1774624642,1774624729,default
1774624552,1_39983,1_102736,H Line,1_694057379,1_6112,1774624680,1774624549,default
1774624552,1_59282,1_100072,181,1_721481929,1_7976015,1774625280,1774625280,default
1774624552,1_23905,1_100214,372,1_694306129,1_6972,1774624825,1774624714,default
1774624552,1_10210,1_102729,322,1_761390059,1_8199,1774624860,1774625095,default
1774624552,1_620,1_100045,150,1_724420379,1_8183,1774624740,1774624556,default
1774624552,1_620,1_100459,218,1_774864129,1_6955,1774625040,1774624977,default
1774624552,1_620,40_100240,554,40_774870509,40_9811,1774624980,1774625026,default
1774624552,1_620,40_100239,550,40_597756289,40_9690,1774624980,1774625161,default
1774624552,1_10912,40_100511,542,40_569567879,40_7976686,1774625160,1774625160,default
1774624552,1_10912,1_100162,271,1_585519149,1_7976348,1774625400,1774625400,default
1774624552,1_10912,1_100162,271,1_569495669,1_7976723,1774626240,1774626240,default
1774624552,1_10912,40_100511,542,40_569562199,40_7976602,1774626360,1774626360,default
1774624552,1_10912,1_100162,271,1_671213689,1_7976721,1774626960,1774626960,default
1774624552,1_8403,1_100039,14,1_562518699,1_4334,1774624440,1774624452,default
1774624852,1_12170,1_100039,14,1_562518699,1_4334,1774624959,1774624913,default
1774624852,1_85800,1_100196,331,1_778699309,1_7232,1774624872,1774624898,default
1774624852,1_2850,1_100089,2,1_491928599,1_7122,1774625100,1774624278,default
1774624852,1_46505,1_102619,F Line,1_635448499,1_7976083,1774625280,1774625280,default
1774624852,1_29423,1_102732,79,1_629939919,1_7975557,1774625400,1774625400,default
1774624852,1_40060,1_102574,40,1_778706839,1_8196,1774624988,1774624790,default
1774624852,1_27420,23_102638,First Hill Streetcar,23_55295682,23_404,1774624980,1774624877,default
1774624852,1_10653,1_100252,62,1_736430859,1_8055,1774625068,1774624804,default
1774624852,1_40801,1_100012,113,1_605094939,1_7111,1774625172,1774625216,default
1774624852,1_72494,1_100160,269,1_720964349,1_7976395,1774626300,1774626300,default
1774624852,1_52306,1_102619,F Line,1_656237189,1_7976229,1774625100,1774625100,default
1774624852,1_52306,1_102619,F Line,1_656236529,1_7976085,1774626000,1774626000,default
1774624852,1_70665,1_102704,250,1_720961829,1_7363,1774625031,1774624956,default
1774624852,1_59282,1_100072,181,1_721481929,1_7976015,1774625280,1774625280,default
1774624852,1_10210,1_102729,322,1_761390059,1_8199,1774624860,1774625095,default
1774624852,1_10210,1_100177,303,1_761388759,1_8127,1774625580,1774625602,default
1774624852,1_620,1_100459,218,1_774864129,1_6955,1774625040,1774624963,default
1774624852,1_620,40_100240,554,40_774870509,40_9811,1774624980,1774625055,default
1774624852,1_620,1_100104,212,1_774865929,1_7976688,1774625760,1774625856,default
1774624852,1_620,1_100011,111,1_635433439,1_6923,1774625700,1774625914,default
1774624852,1_10912,40_100511,542,40_569567879,40_7976686,1774625160,1774625160,default
1774624852,1_10912,1_100162,271,1_585519149,1_7976348,1774625400,1774625400,default
1774624852,1_10912,1_100162,271,1_569495669,1_7976723,1774626240,1774626240,default
1774624852,1_10912,40_100511,542,40_569562199,40_7976602,1774626360,1774626360,default
1774624852,1_10912,1_100162,271,1_671213689,1_7976721,1774626960,1774626960,default
1774624852,1_71960,40_100511,542,40_721030879,40_7976607,1774625940,1774625940,default
1774625152,1_62212,1_100060,168,1_770985659,1_7319,1774625191,1774625075,default
1774625152,1_81205,1_100072,181,1_721481789,1_7453,1774625191,1774625191,default
1774625152,1_575,1_100264,70,1_724578399,1_8232,1774625160,1774625195,default
1774625152,1_575,1_100028,13,1_605109409,1_7094,1774624920,1774625201,default
1774625152,1_2850,1_100089,2,1_561503829,1_7080,1774625700,1774624945,default
1774625152,1_2850,1_100089,2,1_561503829,1_7975120,1774625700,1774625700,default
1774625152,1_46505,1_102619,F Line,1_635448499,1_7976083,1774625280,1774625280,default
1774625152,1_29423,1_102732,79,1_629939919,1_7975557,1774625400,1774625400,default
1774625152,3_31002,40_560,560,40_1605020,40_9203,1774625554,1774625488,default
1774625152,1_72494,1_100160,269,1_720964349,1_7976395,1774626300,1774626300,default
1774625152,1_52306,1_102619,F Line,1_656236529,1_7976085,1774626000,1774626000,default
1774625152,1_52306,1_102719,161,1_635446159,1_7976092,1774626600,1774626600,default
1774625152,1_99254,40_590,590,40_906020,40_51403,1774626256,1774625144,default
1774625152,1_41850,1_100249,60,1_689960539,1_7095,1774625006,1774625271,default
1774625152,1_2200,1_102581,D Line,1_732749909,1_6083,1774625125,1774625307,default
1774625152,1_59872,1_102619,F Line,1_635449579,1_6000,1774625392,1774625316,default
1774625152,1_14280,1_102581,D Line,1_628189339,1_6108,1774625378,1774625310,default
1774625152,1_10210,1_100177,303,1_761388759,1_8127,1774625580,1774625602,default
1774625152,1_10210,1_102754,256,1_778603819,1_6960,1774626204,1774625920,default
1774625152,1_620,1_100011,111,1_635433439,1_6923,1774625700,1774625815,default
1774625152,1_620,1_100104,212,1_774865929,1_7976688,1774625760,1774626035,default
1774625152,1_16990,1_102574,40,1_778706839,1_8196,1774625470,1774625216,default
1774625152,1_10912,1_100162,271,1_585519149,1_7976348,1774625400,1774625400,default
1774625152,1_10912,1_100162,271,1_569495669,1_7976723,1774626240,1774626240,default
1774625152,1_10912,40_100511,542,40_569562199,40_7976602,1774626360,1774626360,default
1774625152,1_10912,1_100162,271,1_671213689,1_7976721,1774626960,1774626960,default
1774625152,1_71960,40_100511,542,40_721030879,40_7976607,1774625940,1774625940,default
1774625452,1_60161,1_100042,148,1_762077099,1_3734,1774626180,1774624934,default
1774625452,1_970,40_578,578,40_3194020,40_9727,1774625487,1774625437,default
1774625452,1_2850,1_100089,2,1_561503829,1_7080,1774625700,1774624945,default
1774625452,1_46505,1_102619,F Line,1_635448789,1_7976226,1774626180,1774626180,default
1774625452,1_74980,1_100196,331,1_778699309,1_7232,1774625493,1774625383,default
1774625452,1_1190,1_100173,3,1_761127229,1_4408,1774625523,1774625405,default
1774625452,3_31002,40_560,560,40_1605020,40_9203,1774625554,1774625575,default
1774625452,1_11569,1_100002,10,1_675385429,1_4306,1774625421,1774625549,default
1774625452,1_72494,1_100160,269,1_720964349,1_7976395,1774626300,1774626300,default
1774625452,1_52306,1_102619,F Line,1_656236529,1_7976085,1774626000,1774626000,default
1774625452,1_52306,1_102719,161,1_635446159,1_7976092,1774626600,1774626600,default
1774625452,1_8530,1_100005,106,1_727785929,1_7142,1774625586,1774625551,default
1774625452,1_8530,1_100263,7,1_650129639,1_4539,1774625589,1774625583,default
1774625452,1_8530,1_100039,14,1_562518769,1_4364,1774625512,1774625598,default
1774625452,1_70665,1_100136,245,1_761789639,1_7469,1774625616,1774625479,default
1774625452,1_57804,1_100072,181,1_721490189,1_7426,1774625542,1774625717,default
1774625452,1_59282,1_102717,165,1_770987489,1_7976081,1774625940,1774625940,default
1774625452,1_10210,1_102754,256,1_778603819,1_6960,1774626204,1774625553,default
1774625452,1_620,1_100011,111,1_635433439,1_6923,1774625700,1774625580,default
1774625452,1_620,40_100239,550,40_597752669,40_9815,1774625700,1774625925,default
1774625452,1_620,1_100104,212,1_774865929,1_6829,1774625760,1774626231,default
1774625452,1_10912,1_100162,271,1_569495669,1_7976723,1774626240,1774626240,default
1774625452,1_10912,40_100511,542,40_569562199,40_7976602,1774626360,1774626360,default
1774625452,1_10912,1_100162,271,1_671213689,1_7976721,1774626960,1774626960,default
1774625452,1_71960,40_100511,542,40_721030879,40_7976607,1774625940,1774625940,default
1774625452,1_8403,1_100039,14,1_562518729,1_4319,1774625400,1774625481,default
1774625752,1_60161,1_100042,148,1_762077099,1_3734,1774626180,1774624934,default
1774625752,1_30790,1_100230,50,1_785559639,1_3712,1774625861,1774625752,default
1774625752,1_68784,1_102548,B Line,1_721018319,1_6040,1774625859,1774625719,default
1774625752,1_46505,1_102619,F Line,1_635448789,1_7976226,1774626180,1774626180,default
1774625752,1_1510,1_100210,36,1_630542639,1_4549,1774625841,1774625828,default
1774625752,1_73366,1_102548,B Line,1_721018669,1_6033,1774625860,1774625852,default
1774625752,1_72494,1_100160,269,1_720964349,1_7976395,1774626300,1774626300,default
1774625752,1_52306,1_102619,F Line,1_656236529,1_7976085,1774626000,1774626000,default
1774625752,1_52306,1_102719,161,1_635446159,1_7976092,1774626600,1774626600,default
1774625752,1_99254,40_590,590,40_124020,40_9202,1774626736,1774625874,default
1774625752,1_59282,1_102717,165,1_770987489,1_7173,1774625940,1774625522,default
1774625752,1_65540,1_100133,240,1_761786739,1_7382,1774626085,1774625841,default
1774625752,1_35440,1_100269,75,1_561354109,1_8256,1774625903,1774625772,default
1774625752,1_2260,1_100275,8,1_759808479,1_8075,1774625948,1774625827,default
1774625752,1_620,1_100104,212,1_774865929,1_6829,1774625760,1774626068,default
1774625752,1_620,40_100239,550,40_597749719,40_9813,1774626300,1774626374,default
1774625752,1_10912,1_100162,271,1_569495669,1_7976723,1774626240,1774626240,default
1774625752,1_10912,40_100511,542,40_569562199,40_7976602,1774626360,1774626360,default
1774625752,1_10912,1_100162,271,1_671213689,1_7976721,1774626960,1774626960,default
1774625752,1_71960,40_100511,542,40_721030879,40_7976607,1774625940,1774625940,default
1774626052,1_85800,1_100196,331,1_778699419,1_7208,1774626072,1774626049,default
1774626052,1_60161,1_100042,148,1_762077099,1_3734,1774626180,1774624934,default
1774626052,1_575,1_102576,C Line,1_774681809,1_6255,1774626120,1774626090,default
1774626052,1_575,1_100089,2,1_491928579,1_7159,1774625880,1774626154,default
1774626052,1_2850,1_100089,2,1_491928609,1_7136,1774626600,1774625771,default
1774626052,1_46505,1_102619,F Line,1_635448789,1_7976226,1774626180,1774626180,default
1774626052,1_46505,1_102619,F Line,1_656236739,1_7975997,1774627080,1774627080,default
1774626052,1_72494,1_100160,269,1_720964349,1_7976395,1774626300,1774626300,default
1774626052,1_52306,40_560,560,40_1605020,40_9203,1774626180,1774626157,default
1774626052,1_52306,1_102719,161,1_635446159,1_7976092,1774626600,1774626600,default
1774626052,1_52306,1_102619,F Line,1_656236229,1_7976225,1774626900,1774626900,default
1774626052,1_57804,1_100072,181,1_721481639,1_7196,1774626442,1774626556,default
1774626052,1_59282,1_100072,181,1_721481469,1_7453,1774627080,1774625874,default
1774626052,1_59872,1_102619,F Line,1_635449119,1_6282,1774625992,1774626195,default
1774626052,1_620,40_100239,550,40_597749719,40_9813,1774626300,1774626175,default
1774626052,1_620,40_590,590,40_124020,40_9202,1774627080,1774626218,default
1774626052,1_620,40_100236,545,40_648502729,40_7976567,1774626180,1774626341,default
1774626052,1_620,40_100240,554,40_774870349,40_9819,1774626780,1774626429,default
1774626052,1_10912,1_100162,271,1_569495669,1_7976723,1774626240,1774626240,default
1774626052,1_10912,40_100511,542,40_569562199,40_7976602,1774626360,1774626360,default
1774626052,1_10912,1_100162,271,1_671213689,1_7976721,1774626960,1774626960,default
1774626352,1_22196,1_102736,H Line,1_694057699,1_6078,1774626366,1774626264,default
1774626352,1_970,40_594,594,40_3723020,40_41514,1774626630,1774626345,default
1774626352,1_575,1_100210,36,1_630542639,1_4549,1774626420,1774626379,default
1774626352,1_2850,1_100089,2,1_491928609,1_7136,1774626600,1774625771,default
1774626352,1_46505,1_102619,F Line,1_656236739,1_7975997,1774627080,1774627080,default
1774626352,1_47660,1_102736,H Line,1_694057249,1_6050,1774626423,1774626285,default
1774626352,1_280,1_102754,256,1_778603819,1_6960,1774626682,1774626272,default
1774626352,1_280,40_594,594,40_3723020,40_41514,1774626698,1774626422,default
1774626352,1_72494,1_100160,269,1_720964059,1_7976343,1774628400,1774628400,default
1774626352,1_11940,1_100039,14,1_562518839,1_4312,1774626259,1774626430,default
1774626352,1_52306,1_102719,161,1_635446159,1_7976092,1774626600,1774626600,default
1774626352,1_52306,1_102619,F Line,1_656236229,1_7976225,1774626900,1774626900,default
1774626352,1_52306,1_102719,161,1_635446169,1_7976230,1774628460,1774628460,default
1774626352,1_39983,1_102736,H Line,1_694057269,1_7974967,1774626480,1774626480,default
1774626352,1_59282,1_100072,181,1_721481469,1_7453,1774627080,1774625874,default
1774626352,1_60710,1_100512,A Line,1_721482439,1_6280,1774626345,1774626501,default
1774626352,1_10210,1_102729,322,1_761390079,1_8123,1774627260,1774627398,default
1774626352,1_620,40_100240,554,40_774870349,40_9819,1774626780,1774626438,default
1774626352,1_620,1_100104,212,1_774865969,1_6908,1774627020,1774627020,default
1774626352,1_16990,1_102574,40,1_778706259,1_8268,1774626670,1774626418,default
1774626352,1_10912,1_100162,271,1_671213689,1_7976721,1774626960,1774626960,default
1774626352,1_10912,1_100162,271,1_569553859,1_7976666,1774627740,1774627740,default
1774626352,1_71960,40_100511,542,40_721031479,40_7976605,1774627140,1774627140,default
1774626352,1_8403,1_100039,14,1_562518789,1_4353,1774626360,1774626420,default
1774626652,1_575,1_100263,7,1_650129649,1_4507,1774626780,1774626667,default
1774626652,1_46505,1_102619,F Line,1_656236739,1_7975997,1774627080,1774627080,default
1774626652,1_3470,1_100249,60,1_689960599,1_7156,1774626660,1774626701,default
1774626652,1_81199,1_100072,181,1_721481639,1_7196,1774626743,1774626642,default
1774626652,1_81254,1_102746,333,1_778704529,1_7204,1774626775,1774626584,default
1774626652,1_72494,1_100160,269,1_720964059,1_7976343,1774628400,1774628400,default
1774626652,1_52306,1_102619,F Line,1_656236229,1_7976225,1774626900,1774626900,default
1774626652,1_52306,1_102619,F Line,1_656236839,1_7976142,1774627800,1774627800,default
1774626652,1_52306,1_102719,161,1_635446169,1_7976230,1774628460,1774628460,default
1774626652,1_2200,1_102581,D Line,1_732749759,1_6090,1774626625,1774626791,default
1774626652,1_59282,1_100072,181,1_721481469,1_7453,1774627080,1774625874,default
1774626652,1_23905,1_100214,372,1_694306699,1_6856,1774626685,1774626798,default
1774626652,1_10210,1_102729,322,1_761390079,1_8123,1774627260,1774627532,default
1774626652,1_620,1_100104,212,1_774865969,1_6908,1774627020,1774626837,default
1774626652,1_620,40_100239,550,40_597752139,40_9578,1774626900,1774627281,default
1774626652,1_10912,1_100162,271,1_671213689,1_7976721,1774626960,1774626960,default
1774626652,1_10912,1_100162,271,1_569553859,1_7976666,1774627740,1774627740,default
1774626652,1_71960,40_100511,542,40_721031479,40_7976605,1774627140,1774627140,default
1774626952,1_12170,1_100039,14,1_562518789,1_4353,1774626939,1774627043,default
1774626952,1_320,40_100239,550,40_597756269,40_9690,1774626960,1774626993,default
1774626952,1_81205,1_100072,181,1_721481639,1_7196,1774626991,1774626946,default
1774626952,1_2850,1_100089,2,1_491928619,1_7029,1774627560,1774626824,default
1774626952,1_46505,1_102619,F Line,1_656236739,1_7975997,1774627080,1774627080,default
1774626952,1_47660,1_102736,H Line,1_694057399,1_6067,1774627023,1774626858,default
1774626952,1_27420,23_102638,First Hill Streetcar,23_55295685,23_403,1774627140,1774627052,default
1774626952,1_73366,1_102548,B Line,1_721018069,1_6027,1774627000,1774627034,default
1774626952,1_72494,1_100160,269,1_720964059,1_7976343,1774628400,1774628400,default
1774626952,1_52306,1_102619,F Line,1_656236839,1_7976142,1774627800,1774627800,default
1774626952,1_52306,1_102719,161,1_635446169,1_7976230,1774628460,1774628460,default
1774626952,1_40030,1_102574,40,1_690034289,1_8155,1774626975,1774627062,default
1774626952,1_59282,1_102717,165,1_694516439,1_7162,1774627740,1774626718,default
1774626952,1_23905,1_100214,372,1_694305869,1_6918,1774627585,1774627012,default
1774626952,1_10210,1_102754,256,1_778603829,1_6967,1774628004,1774627629,default
1774626952,1_10210,1_102729,322,1_761390079,1_8123,1774627260,1774627718,default
1774626952,1_620,40_100239,550,40_597752139,40_9578,1774626900,1774627204,default
1774626952,1_620,40_100240,554,40_774868139,40_9688,1774627620,1774627373,default
1774626952,1_10912,1_100162,271,1_569553859,1_7976666,1774627740,1774627740,default
1774626952,1_10912,40_100511,542,40_569565609,40_7976608,1774627800,1774627800,default
1774626952,1_71960,40_100511,542,40_721031479,40_7976605,1774627140,1774627140,default
1774627252,1_85800,1_100196,331,1_778699009,1_7253,1774627212,1774627305,default
1774627252,1_60161,1_100042,148,1_762077029,1_7976053,1774628040,1774628040,default
1774627252,1_970,1_100003,101,1_762100589,1_8135,1774627374,1774627242,default
1774627252,1_2850,1_100089,2,1_491928619,1_7029,1774627560,1774626824,default
1774627252,1_46505,1_102619,F Line,1_656236959,1_7976017,1774627980,1774627980,default
1774627252,1_27420,1_100161,27,1_759817849,1_7041,1774627294,1774627310,default
1774627252,1_72494,1_100160,269,1_720964059,1_7976343,1774628400,1774628400,default
1774627252,1_52306,1_102619,F Line,1_656236839,1_7976142,1774627800,1774627800,default
1774627252,1_52306,1_102719,161,1_635446169,1_7976230,1774628460,1774628460,default
1774627252,1_41850,1_100006,107,1_762076929,1_3715,1774627870,1774627301,default
1774627252,1_59282,1_102717,165,1_694516439,1_7162,1774627740,1774626718,default
1774627252,1_82810,1_100133,240,1_761786739,1_7382,1774627784,1774627321,default
1774627252,1_10210,1_102754,256,1_778603829,1_6967,1774628004,1774627332,default
1774627252,1_10210,1_102729,322,1_761390079,1_8123,1774627260,1774627738,default
1774627252,1_620,40_100239,550,40_597756669,40_9656,1774627440,1774627440,default
1774627252,1_620,40_100236,545,40_648502159,40_9648,1774627500,1774627514,default
1774627252,1_10912,1_100162,271,1_569553859,1_7976666,1774627740,1774627740,default
1774627252,1_10912,40_100511,542,40_569565609,40_7976608,1774627800,1774627800,default
1774627252,1_10912,1_100162,271,1_569495539,1_7976369,1774628700,1774628700,default
1774627553,1_60161,1_100042,148,1_762077029,1_7976053,1774628040,1774628040,default
1774627553,1_46505,1_102619,F Line,1_656236959,1_7976017,1774627980,1774627980,default
1774627553,3_31002,40_560,560,40_805020,40_9213,1774627620,1774627680,default
1774627553,1_11200,1_100447,49,1_650117689,1_7040,1774627500,1774627620,default
1774627553,1_72494,1_100160,269,1_720964059,1_7976343,1774628400,1774628400,default
1774627553,1_84810,1_102752,223,1_825197039,1_7334,1774627459,1774627652,default
1774627553,1_52306,1_102619,F Line,1_656236839,1_7976142,1774627800,1774627800,default
1774627553,1_52306,1_102719,161,1_635446169,1_7976230,1774628460,1774628460,default
1774627553,1_52306,1_102619,F Line,1_656237099,1_7976074,1774628700,1774628700,default
1774627553,1_68593,1_100162,271,1_585519149,1_7378,1774627689,1774627596,default
1774627553,1_59282,1_102717,165,1_694516439,1_7162,1774627740,1774626718,default
1774627553,1_81749,1_100160,269,1_761787139,1_7462,1774627594,1774627758,default
1774627553,1_57791,1_102718,184,1_635442759,1_7471,1774627763,1774627666,default
1774627553,1_620,1_100104,212,1_774865999,1_6944,1774628100,1774628172,default
1774627553,1_10912,1_100162,271,1_569553859,1_7976666,1774627740,1774627740,default
1774627553,1_10912,40_100511,542,40_569565609,40_7976608,1774627800,1774627800,default
1774627553,1_10912,1_100162,271,1_569495539,1_7976369,1774628700,1774628700,default
1774627553,1_71960,40_100511,542,40_721030869,40_7976686,1774628940,1774628940,default
1774627853,1_46791,1_100016,118,1_669626569,1_3709,1774627980,1774628035,default
1774627853,1_51551,1_102736,H Line,1_694057359,1_6063,1774627777,1774627876,default
1774627853,1_60161,1_100042,148,1_762077029,1_7976053,1774628040,1774628040,default
1774627853,1_8541,1_100263,7,1_770869949,1_4555,1774627800,1774627875,default
1774627853,1_320,40_100239,550,40_597752619,40_9815,1774627860,1774627888,default
1774627853,1_2850,1_100089,2,1_491928629,1_7150,1774628520,1774628483,default
1774627853,1_46505,1_102619,F Line,1_656236959,1_7976017,1774627980,1774627980,default
1774627853,1_72494,1_100160,269,1_720964059,1_7976343,1774628400,1774628400,default
1774627853,1_52306,1_102719,161,1_635446169,1_7976230,1774628460,1774628460,default
1774627853,1_52306,1_102619,F Line,1_656237099,1_7976074,1774628700,1774628700,default
1774627853,1_52306,1_102719,161,1_635446179,1_7976212,1774630260,1774630260,default
1774627853,1_58112,1_100045,150,1_762101949,1_8179,1774627968,1774627868,default
1774627853,1_40065,1_102574,40,1_778706749,1_8101,1774628081,1774627885,default
1774627853,1_7690,1_102615,E Line,1_761417729,1_6082,1774628045,1774627891,default
1774627853,1_620,1_100104,212,1_774865999,1_6944,1774628100,1774628035,default
1774627853,1_620,40_590,590,40_674020,40_61402,1774628880,1774628121,default
1774627853,1_620,40_100240,554,40_774869239,40_9681,1774628580,1774628299,default
1774627853,1_620,40_100239,550,40_597750149,40_9576,1774628040,1774628401,default
1774627853,1_60680,1_100512,A Line,1_721482469,1_6273,1774628029,1774627966,default
1774627853,1_10912,1_100162,271,1_569495539,1_7976369,1774628700,1774628700,default
1774627853,1_10912,1_100162,271,1_569496989,1_7455,1774629660,1774629660,default
1774627853,1_10912,1_100162,271,1_569496989,1_7976364,1774629660,1774629660,default
1774627853,1_71960,40_100511,542,40_721030869,40_7976686,1774628940,1774628940,default
1774628153,1_12170,1_100039,14,1_562518809,1_4395,1774627899,1774628255,default
1774628153,1_22196,1_102736,H Line,1_694057739,1_6112,1774628259,1774628088,default
1774628153,1_970,40_594,594,40_2364020,40_9221,1774628430,1774628182,default
1774628153,1_2850,1_100089,2,1_491928629,1_7150,1774628520,1774627852,default
1774628153,1_29423,1_102732,79,1_561369379,1_7975558,1774629000,1774629000,default
1774628153,1_280,1_102754,256,1_778603829,1_6967,1774628515,1774628147,default
1774628153,1_13810,1_102581,D Line,1_732749789,1_6051,1774628355,1774628173,default
1774628153,1_11011,1_100289,9,1_664068639,1_8296,1774628586,1774628136,default
1774628153,1_72494,1_100160,269,1_720964059,1_7976343,1774628400,1774628400,default
1774628153,1_72494,1_100160,269,1_720964809,1_7976380,1774630140,1774630140,default
1774628153,1_52306,40_560,560,40_805020,40_9213,1774628280,1774628293,default
1774628153,1_52306,1_102719,161,1_635446169,1_7976230,1774628460,1774628460,default
1774628153,1_52306,1_102619,F Line,1_656237099,1_7976074,1774628700,1774628700,default
1774628153,1_52306,1_102719,161,1_635446179,1_7976212,1774630260,1774630260,default
1774628153,1_2200,1_102581,D Line,1_732749689,1_6089,1774628065,1774628326,default
1774628153,1_57804,1_100072,181,1_721481939,1_7482,1774628242,1774628554,default
1774628153,1_59282,1_100072,181,1_721481799,1_7196,1774628880,1774627735,default
1774628153,1_23905,1_100214,372,1_694305889,1_6930,1774628485,1774628332,default
1774628153,1_10210,1_102729,322,1_761390099,1_8128,1774629180,1774629194,default
1774628153,1_82107,1_100196,331,1_724954609,1_7200,1774628375,1774628212,default
1774628153,1_18145,1_102574,40,1_690034289,1_8155,1774628329,1774628271,default
1774628153,1_10912,1_100162,271,1_569495539,1_7976369,1774628700,1774628700,default
1774628153,1_10912,40_100511,542,40_569563329,40_7976607,1774629120,1774629120,default
1774628153,1_10912,1_100162,271,1_569496989,1_7976364,1774629660,1774629660,default
1774628153,1_71960,1_102752,223,1_766488089,1_7321,1774628460,1774628382,default
1774628153,1_71960,40_100511,542,40_721030869,40_7976686,1774628940,1774628940,default
1774628153,1_8403,1_100039,14,1_562518869,1_4320,1774628220,1774628339,default
1774628464,1_46791,1_100016,118,1_669626689,1_3704,1774628460,1774628516,default
1774628464,1_970,40_578,578,40_1313020,40_9729,1774628727,1774628588,default
1774628464,1_2850,1_100089,2,1_491928629,1_7150,1774628520,1774627852,default
1774628464,1_46505,1_102619,F Line,1_770992189,1_7976229,1774628940,1774628940,default
1774628464,1_29423,1_102732,79,1_561369379,1_7975558,1774629000,1774629000,default
1774628464,1_40060,1_102574,40,1_778707169,1_8130,1774628588,1774628496,default
1774628464,1_72560,1_102704,250,1_771116089,1_7388,1774628542,1774628428,default
1774628464,1_72494,1_100160,269,1_720964809,1_7976380,1774630140,1774630140,default
1774628464,1_52306,1_102619,F Line,1_656237099,1_7976074,1774628700,1774628700,default
1774628464,1_52306,1_102619,F Line,1_721495929,1_7976083,1774629540,1774629540,default
1774628464,1_52306,1_102719,161,1_635446179,1_7976212,1774630260,1774630260,default
1774628464,1_8530,1_100263,7,1_650129699,1_4523,1774628349,1774628576,default
1774628464,1_99254,40_590,590,40_3650020,40_9722,1774629153,1774628542,default
1774628464,1_99254,1_100045,150,1_694514589,1_6975,1774628560,1774628591,default
1774628464,1_59282,1_100072,181,1_721481799,1_7196,1774628880,1774627735,default
1774628464,1_59282,1_102717,165,1_635443779,1_7476,1774629420,1774628197,default
1774628464,1_10210,1_102729,322,1_761390099,1_8128,1774629180,1774629183,default
1774628464,1_620,40_100239,550,40_597754099,40_9689,1774628640,1774629113,default
1774628464,1_620,1_100104,212,1_774865939,1_7435,1774629180,1774629131,default
1774628464,1_10912,1_100162,271,1_569495539,1_7976369,1774628700,1774628700,default
1774628464,1_10912,40_100511,542,40_569563329,40_7976607,1774629120,1774629120,default
1774628464,1_10912,1_100162,271,1_569496989,1_7976364,1774629660,1774629660,default
1774628464,1_71960,40_100511,542,40_721030869,40_7976686,1774628940,1774628940,default
1774628764,1_12170,1_100039,14,1_562518869,1_4320,1774628799,1774628861,default
1774628764,1_320,40_100239,550,40_597752129,40_9578,1774628760,1774628814,default
1774628764,1_575,1_102576,C Line,1_774681209,1_6268,1774628640,1774628800,default
1774628764,1_46505,1_102619,F Line,1_770992189,1_7976229,1774628940,1774628940,default
1774628764,1_29423,1_102732,79,1_561369379,1_7975558,1774629000,1774629000,default
1774628764,1_81199,1_100072,181,1_721481939,1_7482,1774628543,1774628867,default
1774628764,1_73366,1_102548,B Line,1_721018249,1_6034,1774628860,1774628804,default
1774628764,1_72494,1_100160,269,1_720964809,1_7976380,1774630140,1774630140,default
1774628764,1_52306,1_102619,F Line,1_721495929,1_7976083,1774629540,1774629540,default
1774628764,1_52306,1_102719,161,1_635446179,1_7976212,1774630260,1774630260,default
1774628764,1_38220,1_100214,372,1_694306479,1_6891,1774628951,1774628745,default
1774628764,1_2200,1_102581,D Line,1_732749789,1_6051,1774629025,1774628908,default
1774628764,1_59282,1_102717,165,1_635443779,1_7476,1774629420,1774628197,default
1774628764,1_10210,1_102729,322,1_761390099,1_8128,1774629180,1774629183,default
1774628764,1_18145,1_102574,40,1_690033989,1_8196,1774628989,1774628868,default
1774628764,1_620,1_100045,150,1_694514589,1_6975,1774628940,1774628913,default
1774628764,1_620,40_590,590,40_3650020,40_9722,1774629540,1774628951,default
1774628764,1_620,40_100239,550,40_597754099,40_9689,1774628640,1774628977,default
1774628764,1_620,1_100104,212,1_774865939,1_7435,1774629180,1774628982,default
1774628764,1_620,40_100239,550,40_597756319,40_9810,1774629240,1774629154,default
1774628764,1_620,40_100240,554,40_774868979,40_9592,1774629480,1774629253,default
1774628764,1_10912,40_100511,542,40_569563329,40_7976607,1774629120,1774629120,default
1774628764,1_10912,1_100162,271,1_569496989,1_7976364,1774629660,1774629660,default
1774628764,1_71960,40_100511,542,40_721030869,40_7976686,1774628940,1774628940,default
1774628764,1_58144,1_100048,153,1_825129489,1_7177,1774628950,1774628860,default
1774628764,1_58144,1_102719,161,1_635446159,1_7189,1774628948,1774628869,default
1774629064,1_60161,1_100042,148,1_762077489,1_7976051,1774629840,-1,default
1774629064,1_575,1_102576,C Line,1_774680799,1_6253,1774629120,1774628938,default
1774629064,1_46505,1_102619,F Line,1_770991539,1_7976085,1774629840,1774629840,default
1774629064,1_72494,1_100160,269,1_720964809,1_7976380,1774630140,1774630140,default
1774629064,1_52306,1_102619,F Line,1_721495929,1_7976083,1774629540,1774629540,default
1774629064,1_52306,1_102719,161,1_635446179,1_7976212,1774630260,1774630260,default
1774629064,1_80121,1_102719,161,1_693753789,1_7487,1774628865,1774629148,default
1774629064,1_99254,1_100045,150,1_694514599,1_8114,1774629400,1774629188,default
1774629064,1_59282,1_102717,165,1_635443779,1_7476,1774629420,1774628197,default
1774629064,1_23905,1_100214,372,1_694306479,1_6891,1774629385,1774629146,default
1774629064,1_620,40_100240,554,40_774868979,40_9592,1774629480,1774629237,default
1774629064,1_620,40_100236,545,40_648501559,40_7976570,1774629300,1774629323,default
1774629064,1_620,40_100236,545,40_648501559,40_9665,1774629300,1774629353,default
1774629064,1_10912,1_100162,271,1_569496989,1_7976364,1774629660,1774629660,default
1774629064,1_10912,1_100162,271,1_569496609,1_7976370,1774630560,1774630560,default
1774629064,1_41900,1_100289,9,1_664068649,1_7062,1774629420,1774629283,default
1774629064,1_59947,1_102720,160,1_635445529,1_7333,1774629246,1774629163,default
1774629364,1_103,1_102745,G Line,1_736435009,1_6400,1774629286,1774629367,default
1774629364,1_60161,1_100042,148,1_762077489,1_7976051,1774629840,-1,default
1774629364,1_575,1_100173,3,1_761126969,1_4342,1774629000,1774629449,default
1774629364,1_2850,1_100089,2,1_662783559,1_7090,1774629540,1774628635,default
1774629364,1_46505,1_102619,F Line,1_770991539,1_7976085,1774629840,1774629840,default
1774629364,1_280,40_100240,554,40_736592599,40_7976696,1774629173,1774629412,default
1774629364,1_31680,1_100249,60,1_689960689,1_7038,1774629470,1774629340,default
1774629364,1_1190,40_100239,550,40_597756319,40_9810,1774629752,1774629406,default
1774629364,3_31002,40_560,560,40_2846020,40_41507,1774629600,1774629674,default
1774629364,1_72494,1_100160,269,1_720964809,1_7976380,1774630140,1774630140,default
1774629364,1_52306,1_102619,F Line,1_721495929,1_7976083,1774629540,1774629540,default
1774629364,1_52306,1_102719,161,1_635446179,1_7976212,1774630260,1774630260,default
1774629364,1_52306,1_102619,F Line,1_721496189,1_7976226,1774630440,1774630440,default
1774629364,1_99254,1_100003,101,1_762100619,1_8184,1774629520,1774629502,default
1774629364,1_7750,1_102615,E Line,1_768604089,1_6208,1774629426,1774629462,default
1774629364,1_45670,1_100210,36,1_630541969,1_7974904,1774629384,1774629467,default
1774629364,1_14280,1_102581,D Line,1_585676239,1_6117,1774629518,1774629495,default
1774629364,1_620,1_100045,150,1_694514599,1_8114,1774629780,1774629440,default
1774629364,1_10912,1_100224,44,1_659992429,1_4515,1774629577,1774629530,default
1774629364,1_10912,1_100162,271,1_569496989,1_7976364,1774629660,1774629660,default
1774629364,1_10912,40_100511,542,40_569562649,40_7976605,1774630380,1774630380,default
1774629364,1_10912,1_100162,271,1_569496609,1_7976370,1774630560,1774630560,default
1774629664,1_12170,1_100039,14,1_562521059,1_4329,1774629699,1774629699,default
1774629664,1_60161,1_100042,148,1_762077489,1_7976051,1774629840,-1,default
1774629664,1_575,1_100219,4,1_675345559,1_4392,1774629840,1774629599,default
1774629664,1_575,1_100264,70,1_724578459,1_8241,1774629720,1774629681,default
1774629664,1_575,1_100263,7,1_650129709,1_4517,1774629660,1774629713,default
1774629664,1_2850,1_100089,2,1_772357919,1_7007,1774629780,1774629661,default
1774629664,1_46505,1_102619,F Line,1_770991539,1_7976085,1774629840,1774629840,default
1774629664,1_72494,1_100160,269,1_720964809,1_7976380,1774630140,1774630140,default
1774629664,1_52306,1_102719,161,1_635446179,1_7976212,1774630260,1774630260,default
1774629664,1_52306,1_102619,F Line,1_721496189,1_7976226,1774630440,1774630440,default
1774629664,1_8530,1_100005,106,1_727785469,1_7140,1774629966,1774629748,default
1774629664,1_99254,40_594,594,40_2347020,40_9714,1774630173,1774629742,default
1774629664,1_58112,1_100045,150,1_762101689,1_8183,1774629768,1774629693,default
1774629664,1_57804,1_100072,181,1_721481479,1_7130,1774630042,1774630177,default
1774629664,1_59282,1_100072,181,1_721481649,1_7976104,1774630680,1774630680,default
1774629664,1_10210,1_102754,256,1_778603839,1_6933,1774630408,1774630016,default
1774629664,1_7690,1_102615,E Line,1_761417889,1_6055,1774629845,1774629747,default
1774629664,1_620,40_100239,550,40_597750739,40_9584,1774629840,1774630251,default
1774629664,1_620,1_100104,212,1_774865949,1_6829,1774630380,1774630554,default
1774629664,1_10912,40_100511,542,40_569562649,40_7976605,1774630380,1774630380,default
1774629664,1_10912,1_100162,271,1_569496609,1_7976370,1774630560,1774630560,default
1774629664,1_10912,1_100162,271,1_569496429,1_7976349,1774631460,1774631460,default
1774629964,1_12170,1_100039,14,1_562521059,1_4329,1774629699,1774630015,default
1774629964,1_26560,1_102574,40,1_690033989,1_8196,1774629956,1774630101,default
1774629964,1_970,40_594,594,40_2959020,40_9124,1774630204,1774630033,default
1774629964,1_575,1_102576,C Line,1_774682179,1_6258,1774630080,1774629984,default
1774629964,1_2850,1_100089,2,1_662783639,1_7007,1774630440,1774629657,default
1774629964,1_46505,1_102619,F Line,1_770991239,1_7976225,1774630740,1774630740,default
1774629964,1_72494,1_100160,269,1_720964809,1_7976380,1774630140,1774630140,default
1774629964,1_72494,1_100160,269,1_720966199,1_7976342,1774631940,1774631940,default
1774629964,1_52306,1_102719,161,1_635446179,1_7976212,1774630260,1774630260,default
1774629964,1_52306,40_560,560,40_2846020,40_41507,1774630260,1774630274,default
1774629964,1_52306,1_102619,F Line,1_721496189,1_7976226,1774630440,1774630440,default
1774629964,1_57804,1_100072,181,1_721481479,1_7130,1774630042,1774630106,default
1774629964,1_59282,1_100072,181,1_721481649,1_7482,1774630680,1774629891,default
1774629964,1_59282,1_100072,181,1_721481649,1_7976104,1774630680,1774630680,default
1774629964,1_59872,1_102619,F Line,1_656236839,1_6279,1774629652,1774630100,default
1774629964,1_10210,1_102754,256,1_778603839,1_6933,1774630408,1774630067,default
1774629964,1_81684,1_100160,269,1_720964059,1_7461,1774630140,1774630021,default
1774629964,1_25791,1_100214,372,1_694306679,1_6856,1774629998,1774630172,default
1774629964,1_620,40_594,594,40_2347020,40_9714,1774630560,1774630180,default
1774629964,1_620,40_100236,545,40_648501169,40_7976552,1774630200,1774630231,default
1774629964,1_620,1_100104,212,1_774865949,1_6829,1774630380,1774630438,default
1774629964,1_620,40_100239,550,40_597754909,40_7976646,1774630740,1774630651,default
1774629964,1_10912,40_100511,542,40_569562649,40_7976605,1774630380,1774630380,default
1774629964,1_10912,1_100162,271,1_569496609,1_7976370,1774630560,1774630560,default
1774629964,1_10912,40_100511,542,40_569565799,40_7976685,1774631460,1774631460,default
1774629964,1_10912,1_100162,271,1_569496429,1_7976349,1774631460,1774631460,default
1774629964,1_71960,40_100511,542,40_721031299,40_7976608,1774630860,1774630860,default
1774629964,1_8403,1_100039,14,1_562518919,1_4386,1774629960,1774630067,default
1774630264,1_77930,1_102746,333,1_778703929,1_7251,1774630277,1774630289,default
1774630264,1_2850,1_100089,2,1_662783639,1_7007,1774630440,1774629657,default
1774630264,1_46505,1_102619,F Line,1_770991239,1_7976225,1774630740,1774630740,default
1774630264,1_11200,1_100289,9,1_664068649,1_7062,1774630350,1774630043,default
1774630264,1_72494,1_100160,269,1_720966199,1_7976342,1774631940,1774631940,default
1774630264,1_52306,1_102619,F Line,1_721496189,1_7976226,1774630440,1774630440,default
1774630264,1_52306,1_102619,F Line,1_656236749,1_7975997,1774631400,1774631400,default
1774630264,1_59282,1_100072,181,1_721481649,1_7482,1774630680,1774629891,default
1774630264,1_59282,1_102717,165,1_635443789,1_7976039,1774631220,1774631220,default
1774630264,1_620,40_100239,550,40_597754909,40_7976646,1774630740,1774630551,default
1774630264,1_10912,1_100162,271,1_569496609,1_7976370,1774630560,1774630560,default
1774630264,1_10912,40_100511,542,40_569565799,40_7976685,1774631460,1774631460,default
1774630264,1_10912,1_100162,271,1_569496429,1_7976349,1774631460,1774631460,default
1774630264,1_71960,40_100511,542,40_721031299,40_7976608,1774630860,1774630860,default
1774630564,1_12170,1_100039,14,1_562518919,1_4386,1774630539,1774630579,default
1774630564,1_60161,1_100042,148,1_762077289,1_7976071,1774631640,1774631640,default
1774630564,1_46505,1_102619,F Line,1_770991239,1_7976225,1774630740,1774630740,default
1774630564,1_72494,1_100160,269,1_720966199,1_7976342,1774631940,1774631940,default
1774630564,1_52306,1_102619,F Line,1_656236749,1_7975997,1774631400,1774631400,default
1774630564,1_21945,1_102717,165,1_664464919,1_7467,1774630740,1774630591,default
1774630564,1_40065,1_102574,40,1_778706449,1_8252,1774630789,1774630669,default
1774630564,1_2200,1_102581,D Line,1_732749679,1_6066,1774630585,1774630757,default
1774630564,1_59282,1_102717,165,1_635443789,1_7190,1774631220,1774630333,default
1774630564,1_620,1_100003,101,1_762100989,1_8174,1774630800,1774630675,default
1774630564,1_620,40_100240,554,40_774868469,40_9816,1774630320,1774630789,default
1774630564,1_10912,1_100447,49,1_650118389,1_7178,1774630860,1774630718,default
1774630564,1_10912,40_100511,542,40_569565799,40_7976685,1774631460,1774631460,default
1774630564,1_10912,1_100162,271,1_569496429,1_7976349,1774631460,1774631460,default
1774630564,1_10912,1_100162,271,1_569496259,1_7976353,1774632360,1774632360,default
1774630564,1_71960,40_100511,542,40_721031299,40_7976608,1774630860,1774630860,default
1774630864,1_60161,1_100042,148,1_762077289,1_7976071,1774631640,1774631640,default
1774630864,1_575,1_100024,125,1_770790019,1_7046,1774631100,1774630868,default
1774630864,1_2850,1_100089,2,1_662783649,1_7975111,1774631460,1774631460,default
1774630864,1_46505,1_102619,F Line,1_770991849,1_7976142,1774631640,1774631640,default
1774630864,1_72494,1_100160,269,1_720966199,1_7976342,1774631940,1774631940,default
1774630864,1_79610,1_100003,101,1_762100659,1_6956,1774631040,1774630866,default
1774630864,1_52306,1_102619,F Line,1_656236749,1_7975997,1774631400,1774631400,default
1774630864,1_52306,1_102719,161,1_635446189,1_7976123,1774632060,1774632060,default
1774630864,1_99254,40_594,594,40_2475020,40_9302,1774631373,1774630984,default
1774630864,1_70665,1_100136,245,1_761787949,1_7366,1774631025,1774630875,default
1774630864,1_41940,1_100249,60,1_689960709,1_7067,1774631197,1774630916,default
1774630864,1_49350,1_100026,128,1_651743189,1_7176,1774630997,1774630997,default
1774630864,1_59282,1_102717,165,1_635443789,1_7190,1774631220,1774630333,default
1774630864,1_620,40_100236,545,40_648501899,40_9647,1774631100,1774631090,default
1774630864,1_620,40_100240,554,40_774868729,40_9672,1774631220,1774631342,default
1774630864,1_10912,40_100511,542,40_569565799,40_7976685,1774631460,1774631460,default
1774630864,1_10912,1_100162,271,1_569496429,1_7976349,1774631460,1774631460,default
1774630864,1_10912,1_100162,271,1_569496259,1_7976353,1774632360,1774632360,default
1774630864,1_8403,1_100039,14,1_562518979,1_4323,1774630800,1774630864,default
1774631164,1_103,1_102745,G Line,1_736437089,1_6403,1774631086,1774631181,default
1774631164,1_12170,1_100039,14,1_562518979,1_4323,1774631379,1774631229,default
1774631164,1_26560,1_102574,40,1_690033999,1_8268,1774631336,1774631303,default
1774631164,1_60161,1_100042,148,1_762077289,1_3756,1774631640,1774630980,default
1774631164,1_60161,1_100042,148,1_762077289,1_7976071,1774631640,1774631640,default
1774631164,1_575,1_102576,C Line,1_774680949,1_6250,1774631280,1774631077,default
1774631164,1_575,1_100264,70,1_724578499,1_8225,1774631160,1774631214,default
1774631164,1_2850,1_100089,2,1_662783649,1_7159,1774631460,1774631460,default
1774631164,1_46505,1_102619,F Line,1_770991849,1_7976142,1774631640,1774631640,default
1774631164,1_29423,1_102732,79,1_561369519,1_7975557,1774632600,1774632600,default
1774631164,1_1190,40_100239,550,40_597754909,40_7976646,1774631252,1774630986,default
1774631164,1_72494,1_100160,269,1_720966199,1_7976342,1774631940,1774631940,default
1774631164,1_52306,1_102619,F Line,1_656236749,1_7975997,1774631400,1774631400,default
1774631164,1_52306,1_102719,161,1_635446189,1_7976123,1774632060,1774632060,default
1774631164,1_52306,1_102619,F Line,1_656236969,1_7976017,1774632300,1774632300,default
1774631164,1_68593,1_100136,245,1_761787039,1_7456,1774631388,1774631182,default
1774631164,1_2200,1_102581,D Line,1_732749649,1_6053,1774631185,1774631342,default
1774631164,1_81749,1_100160,269,1_761787489,1_7327,1774631254,1774631350,default
1774631164,1_58111,1_102619,F Line,1_770991539,1_6054,1774631356,1774631262,default
1774631164,1_620,40_594,594,40_2475020,40_9302,1774631760,1774631320,default
1774631164,1_10912,40_100511,542,40_569565799,40_7976685,1774631460,1774631460,default
1774631164,1_10912,1_100162,271,1_569496429,1_7976349,1774631460,1774631460,default
1774631164,1_10912,1_100162,271,1_569496259,1_7976353,1774632360,1774632360,default
1774631164,1_10912,40_100511,542,40_569567959,40_7976686,1774633080,1774633080,default
1774631464,1_60161,1_100042,148,1_762077289,1_3756,1774631640,1774630980,default
1774631464,1_46505,1_102619,F Line,1_770991849,1_7976142,1774631640,1774631640,default
1774631464,1_29423,1_102732,79,1_561369519,1_7975557,1774632600,1774632600,default
1774631464,1_27420,1_100249,60,1_689960699,1_7158,1774631528,1774631528,default
1774631464,3_31002,40_560,560,40_3689020,40_9202,1774631460,1774631651,default
1774631464,1_72494,1_100160,269,1_720966199,1_7976342,1774631940,1774631940,default
1774631464,1_52306,1_102719,161,1_635446189,1_7976123,1774632060,1774632060,default
1774631464,1_52306,1_102619,F Line,1_656236969,1_7976017,1774632300,1774632300,default
1774631464,1_52306,1_102719,161,1_635446199,1_7976093,1774633860,1774633860,default
1774631464,1_58112,1_100045,150,1_762102669,1_8192,1774631568,1774631555,default
1774631464,1_58112,1_102619,F Line,1_770991539,1_6054,1774631601,1774631608,default
1774631464,1_59282,1_100072,181,1_721481949,1_7130,1774632480,1774631392,default
1774631464,1_74714,1_102701,225,1_736529819,1_7358,1774631252,1774631610,default
1774631464,1_620,40_100240,554,40_774869909,40_9662,1774632120,1774631821,default
1774631464,1_620,40_100239,550,40_597756259,40_9690,1774631640,1774631953,default
1774631464,1_10912,1_100224,44,1_562511499,1_4561,1774631689,1774631636,default
1774631464,1_10912,1_100162,271,1_569496259,1_7976353,1774632360,1774632360,default
1774631464,1_10912,40_100511,542,40_569567959,40_7976686,1774633080,1774633080,default
1774631464,1_71960,40_100511,542,40_721030839,40_7976607,1774632660,1774632660,default
1774631464,1_81982,1_102746,333,1_778704619,1_7975728,1774631679,1774631679,default
1774631464,1_18220,1_100219,4,1_689911049,1_4377,1774631940,1774631510,default
1774631764,1_575,1_102576,C Line,1_774680899,1_6248,1774631880,1774631738,default
1774631764,1_2850,1_100089,2,1_491928669,1_7094,1774632180,1774631470,default
1774631764,1_46505,1_102619,F Line,1_770992099,1_7976074,1774632540,1774632540,default
1774631764,1_29423,1_102732,79,1_561369519,1_7975557,1774632600,1774632600,default
1774631764,1_280,40_100240,554,40_560096519,40_7976708,1774631753,1774631809,default
1774631764,1_81254,1_102746,333,1_778705029,1_7219,1774632001,1774631734,default
1774631764,1_72494,1_100160,269,1_720966199,1_7976342,1774631940,1774631940,default
1774631764,1_72494,1_100160,269,1_720963929,1_7976341,1774633740,1774633740,default
1774631764,1_52306,1_102719,161,1_635446189,1_7146,1774632060,1774631649,default
1774631764,1_52306,1_102719,161,1_635446189,1_7976123,1774632060,1774632060,default
1774631764,1_52306,1_102619,F Line,1_656236969,1_7976017,1774632300,1774632300,default
1774631764,1_52306,1_102719,161,1_635446199,1_7976093,1774633860,1774633860,default
1774631764,1_40030,1_102574,40,1_690034159,1_8119,1774631835,1774631877,default
1774631764,1_57804,1_100072,181,1_721481809,1_7454,1774631842,1774632202,default
1774631764,1_59282,1_100072,181,1_721481949,1_7130,1774632480,1774631392,default
1774631764,1_65540,1_100133,240,1_761786779,1_7370,1774631925,1774631815,default
1774631764,1_620,40_100240,554,40_774869909,40_9662,1774632120,1774631796,default
1774631764,1_10912,1_100162,271,1_569496259,1_7976353,1774632360,1774632360,default
1774631764,1_10912,40_100511,542,40_569567959,40_7976686,1774633080,1774633080,default
1774631764,1_10912,1_100162,271,1_569495889,1_7976665,1774633260,1774633260,default
1774631764,1_71960,1_102752,223,1_766488119,1_7395,1774631940,1774631928,default
1774631764,1_71960,40_100511,542,40_721030839,40_7976607,1774632660,1774632660,default
1774631764,1_8403,1_100039,14,1_562518989,1_4364,1774631700,1774631835,default
1774632064,1_103,1_102745,G Line,1_736435079,1_6408,1774631806,1774632083,default
1774632064,1_5830,1_100229,5,1_810305099,1_8226,1774631837,1774632078,default
1774632064,1_575,1_100089,2,1_662783639,1_7007,1774632000,1774632160,default
1774632064,1_2850,1_100089,2,1_491928669,1_7094,1774632180,1774631470,default
1774632064,1_46505,1_102619,F Line,1_770992099,1_7976074,1774632540,1774632540,default
1774632064,1_29423,1_102732,79,1_561369519,1_7975557,1774632600,1774632600,default
1774632064,1_72494,1_100160,269,1_720963929,1_7976341,1774633740,1774633740,default
1774632064,1_52306,40_560,560,40_3689020,40_9202,1774632120,1774632182,default
1774632064,1_52306,1_102619,F Line,1_656236969,1_7976017,1774632300,1774632300,default
1774632064,1_52306,1_102619,F Line,1_656237209,1_7976229,1774633200,1774633200,default
1774632064,1_52306,1_102719,161,1_635446199,1_7976093,1774633860,1774633860,default
1774632064,1_8530,1_100263,7,1_650129769,1_4550,1774632313,1774632145,default
1774632064,1_82187,1_100259,67,1_724949959,1_8103,1774632276,1774632113,default
1774632064,1_54201,1_102619,F Line,1_656236749,1_6008,1774632209,1774632160,default
1774632064,1_49350,1_100026,128,1_651747329,1_7101,1774632197,1774632208,default
1774632064,1_59282,1_100072,181,1_721481949,1_7130,1774632480,1774631392,default
1774632064,1_59282,1_102717,165,1_635443799,1_7179,1774633020,1774631653,default
1774632064,1_82810,1_100133,240,1_766261659,1_7367,1774632284,1774632143,default
1774632064,1_10912,1_100214,372,1_694306489,1_6891,1774632141,1774632236,default
1774632064,1_10912,1_100162,271,1_569496259,1_7976353,1774632360,1774632360,default
1774632064,1_10912,40_100511,542,40_569567959,40_7976686,1774633080,1774633080,default
1774632064,1_10912,1_100162,271,1_569495889,1_7976665,1774633260,1774633260,default
1774632064,1_10912,1_100162,271,1_569497089,1_7976667,1774634160,1774634160,default
1774632064,1_71960,40_100511,542,40_721030839,40_7976607,1774632660,1774632660,default
1774632064,1_18220,1_100028,13,1_662783629,1_7090,1774632528,1774632168,default
1774632365,1_26560,1_102574,40,1_690034069,1_8112,1774632056,1774632474,default
1774632365,1_60161,1_100042,148,1_762077079,1_7976052,1774633440,1774633440,default
1774632365,1_2850,1_100089,2,1_491928679,1_7085,1774633080,1774633029,default
1774632365,1_2850,1_100089,2,1_491928679,1_7975115,1774633080,1774633080,default
1774632365,1_46505,1_102619,F Line,1_770992099,1_7976074,1774632540,1774632540,default
1774632365,1_29423,1_102732,79,1_561369519,1_7975557,1774632600,1774632600,default
1774632365,1_27420,23_102638,First Hill Streetcar,23_55295691,23_404,1774632360,1774632467,default
1774632365,1_81199,1_100072,181,1_721481809,1_7454,1774632143,1774632459,default
1774632365,1_72494,1_100160,269,1_720963929,1_7976341,1774633740,1774633740,default
1774632365,1_52306,1_102619,F Line,1_656237209,1_7976229,1774633200,1774633200,default
1774632365,1_52306,1_102719,161,1_635446199,1_7976093,1774633860,1774633860,default
1774632365,1_41940,1_100249,60,1_689960989,1_7166,1774632517,1774632448,default
1774632365,1_59282,1_102717,165,1_635443799,1_7179,1774633020,1774631653,default
1774632365,1_10912,40_100511,542,40_569567959,40_7976686,1774633080,1774633080,default
1774632365,1_10912,1_100162,271,1_569495889,1_7976665,1774633260,1774633260,default
1774632365,1_10912,1_100162,271,1_569497089,1_7976667,1774634160,1774634160,default
1774632365,1_71960,40_100511,542,40_721030839,40_7976607,1774632660,1774632660,default
1774632365,1_58144,1_100048,153,1_825129019,1_7191,1774632550,1774632511,default
1774632665,1_60161,1_100042,148,1_762077079,1_3702,1774633440,1774632458,default
1774632665,1_60161,1_100042,148,1_762077079,1_7976052,1774633440,1774633440,default
1774632665,1_12220,1_100009,11,1_736449489,1_7024,1774634137,1774632600,default
1774632665,1_2850,1_100089,2,1_491928679,1_7085,1774633080,1774632478,default
1774632665,1_2850,1_100089,2,1_491928679,1_7975115,1774633080,1774633080,default
1774632665,1_46505,1_102619,F Line,1_770991389,1_7976083,1774633440,1774633440,default
1774632665,1_3470,1_100249,60,1_689961239,1_7069,1774632840,1774632666,default
1774632665,1_58110,1_100045,150,1_762101699,1_8178,1774632360,1774632730,default
1774632665,1_72494,1_100160,269,1_720963929,1_7976341,1774633740,1774633740,default
1774632665,1_73112,1_102704,250,1_720962039,1_7343,1774632767,1774632691,default
1774632665,1_52306,1_102619,F Line,1_656237209,1_7976229,1774633200,1774633200,default
1774632665,1_52306,1_102719,161,1_635446199,1_7976093,1774633860,1774633860,default
1774632665,1_99254,1_100045,150,1_694513719,1_8159,1774632760,1774632639,default
1774632665,1_59282,1_102717,165,1_635443799,1_7179,1774633020,1774631653,default
1774632665,1_620,40_100236,545,40_560087729,40_7976551,1774632960,1774632960,default
1774632665,1_620,40_100236,545,40_560087729,40_9663,1774632960,1774632960,default
1774632665,1_620,40_100239,550,40_597752639,40_9815,1774632540,1774633010,default
1774632665,1_10912,40_100511,542,40_569567959,40_7976686,1774633080,1774633080,default
1774632665,1_10912,1_100162,271,1_569495889,1_7976665,1774633260,1774633260,default
1774632665,1_10912,1_100162,271,1_569497089,1_7976667,1774634160,1774634160,default
1774632665,1_10912,40_100511,542,40_569565579,40_7976608,1774634880,1774634880,default
1774632665,1_8403,1_100039,14,1_562519039,1_4312,1774632600,1774632591,default
1774632965,1_60161,1_100042,148,1_762077079,1_3702,1774633440,1774632458,default
1774632965,1_575,1_102576,C Line,1_774680789,1_6257,1774633080,1774633008,default
1774632965,1_2850,1_100089,2,1_491928679,1_7085,1774633080,1774632478,default
1774632965,1_46505,1_102619,F Line,1_770991389,1_7976083,1774633440,1774633440,default
1774632965,1_27420,1_100249,60,1_689960949,1_7119,1774632908,1774633020,default
1774632965,1_68130,1_102548,B Line,1_721018349,1_6040,1774632832,1774633023,default
1774632965,3_31002,40_560,560,40_2679020,40_41501,1774633260,1774633265,default
1774632965,1_72494,1_100160,269,1_720963929,1_7976341,1774633740,1774633740,default
1774632965,1_52306,1_102619,F Line,1_656237209,1_7976229,1774633200,1774633200,default
1774632965,1_52306,1_102719,161,1_635446199,1_7976093,1774633860,1774633860,default
1774632965,1_52306,1_102619,F Line,1_656236549,1_7976085,1774634100,1774634100,default
1774632965,1_82187,1_100259,67,1_724949209,1_8146,1774633236,1774632995,default
1774632965,1_40065,1_102574,40,1_778707219,1_8181,1774633129,1774633013,default
1774632965,1_81234,1_100205,348,1_771626939,1_7231,1774633147,1774632997,default
1774632965,1_620,1_100045,150,1_694513719,1_8159,1774633140,1774633046,default
1774632965,1_10912,1_100162,271,1_569495889,1_7976665,1774633260,1774633260,default
1774632965,1_10912,1_100162,271,1_569497089,1_7976667,1774634160,1774634160,default
1774632965,1_10912,40_100511,542,40_569565579,40_7976608,1774634880,1774634880,default
1774632965,1_10912,1_100162,271,1_569496909,1_7976389,1774635060,1774635060,default
1774632965,1_71960,1_102752,223,1_766488129,1_7334,1774633140,1774633178,default
1774633265,1_60161,1_100042,148,1_762077079,1_3702,1774633440,1774632458,default
1774633265,1_8541,1_100263,7,1_770869569,1_4508,1774633200,1774633316,default
1774633265,1_320,40_100239,550,40_597756249,40_9690,1774633260,1774633332,default
1774633265,1_575,1_102615,E Line,1_768603449,1_6202,1774633380,1774633294,default
1774633265,1_575,1_100263,7,1_650129769,1_4550,1774633140,1774633330,default
1774633265,1_46505,1_102619,F Line,1_770991389,1_7976083,1774633440,1774633440,default
1774633265,1_280,40_100240,554,40_560096819,40_7976690,1774633073,1774633308,default
1774633265,1_72494,1_100160,269,1_720963929,1_7976341,1774633740,1774633740,default
1774633265,1_52306,1_102719,161,1_635446199,1_7976093,1774633860,1774633860,default
1774633265,1_52306,1_102619,F Line,1_656236549,1_7976085,1774634100,1774634100,default
1774633265,1_52306,1_102719,161,1_693753479,1_7976231,1774635540,1774635540,default
1774633265,1_99254,40_594,594,40_2808020,40_9217,1774633593,1774633372,default
1774633265,1_58112,1_100045,150,1_762101979,1_6975,1774633368,1774633272,default
1774633265,1_58112,1_102619,F Line,1_770991849,1_6279,1774633401,1774633370,default
1774633265,1_17800,1_100202,345,1_724954079,1_3745,1774632966,1774633401,default
1774633265,1_57804,1_100072,181,1_721481659,1_7453,1774633642,1774633782,default
1774633265,1_59282,1_100072,181,1_721481489,1_7976015,1774634280,1774634280,default
1774633265,1_10210,1_100264,70,1_724578339,1_8214,1774633006,1774633416,default
1774633265,1_50787,1_100074,183,1_721501029,1_7191,1774633320,1774633439,default
1774633265,1_2260,1_100275,8,1_759808569,1_8075,1774633508,1774633394,default
1774633265,1_620,40_100239,550,40_597752089,40_9578,1774633440,1774633811,default
1774633265,1_10912,1_100162,271,1_569497089,1_7976667,1774634160,1774634160,default
1774633265,1_10912,40_100511,542,40_569565579,40_7976608,1774634880,1774634880,default
1774633265,1_10912,1_100162,271,1_569496909,1_7976389,1774635060,1774635060,default
1774633265,1_41900,1_100249,60,1_689961239,1_7069,1774633440,1774633372,default
1774633565,1_103,1_102745,G Line,1_736437329,1_6402,1774633246,1774633573,default
1774633565,1_77510,1_100205,348,1_771626939,1_7231,1774633634,1774633487,default
1774633565,1_575,1_100001,1,1_562519119,1_4329,1774633320,1774633601,default
1774633565,1_575,1_100028,13,1_662783809,1_7159,1774632900,1774633610,default
1774633565,1_2850,1_100089,2,1_491928689,1_7080,1774633980,1774633311,default
1774633565,1_46505,1_102619,F Line,1_770991649,1_7976226,1774634340,1774634340,default
1774633565,1_46505,1_102619,F Line,1_635449599,1_7976003,1774635180,1774635180,default
1774633565,1_27420,1_100249,60,1_689961239,1_7069,1774633628,1774633627,default
1774633565,1_10653,1_100252,62,1_721368069,1_8024,1774633800,1774633589,default
1774633565,1_72494,1_100160,269,1_720963929,1_7976341,1774633740,1774633740,default
1774633565,1_72494,1_100160,269,1_720964889,1_7976395,1774635540,1774635540,default
1774633565,1_52306,40_560,560,40_2679020,40_41501,1774633920,1774633801,default
1774633565,1_52306,1_102719,161,1_635446199,1_7976093,1774633860,1774633860,default
1774633565,1_52306,1_102619,F Line,1_656236549,1_7976085,1774634100,1774634100,default
1774633565,1_52306,1_102719,161,1_693753479,1_7976231,1774635540,1774635540,default
1774633565,1_8530,1_100263,7,1_650129789,1_4555,1774633513,1774633695,default
1774633565,1_70665,1_100136,245,1_761786959,1_7469,1774633785,1774633615,default
1774633565,1_2200,1_102581,D Line,1_732749599,1_6090,1774633765,1774633724,default
1774633565,1_59282,1_100072,181,1_721481489,1_7976015,1774634280,1774634280,default
1774633565,1_25791,1_100214,372,1_694306609,1_6961,1774633598,1774633781,default
1774633565,1_620,40_100240,554,40_774870499,40_9811,1774633260,1774633772,default
1774633565,1_620,40_594,594,40_2808020,40_9217,1774633980,1774633777,default
1774633565,1_620,40_100236,545,40_560088839,40_7976562,1774633860,1774633860,default
1774633565,1_10912,1_100162,271,1_569497089,1_7976667,1774634160,1774634160,default
1774633565,1_10912,40_100511,542,40_569565579,40_7976608,1774634880,1774634880,default
1774633565,1_10912,1_100162,271,1_569496909,1_7976389,1774635060,1774635060,default
1774633565,1_71960,40_100511,542,40_721031399,40_7976685,1774634460,1774634460,default
1774633565,1_8403,1_100039,14,1_562519049,1_4407,1774633560,1774633591,default
1774633865,1_103,1_102745,G Line,1_736435219,1_6410,1774633606,1774633881,default
1774633865,1_51551,1_102736,H Line,1_694056719,1_6112,1774633707,1774633877,default
1774633865,1_2850,1_100089,2,1_491928689,1_7080,1774633980,1774633311,default
1774633865,1_46505,1_102619,F Line,1_770991649,1_7976226,1774634340,1774634340,default
1774633865,1_46505,1_102619,F Line,1_635449599,1_7976003,1774635180,1774635180,default
1774633865,1_40060,1_102574,40,1_778706539,1_8104,1774633988,1774633892,default
1774633865,1_72494,1_100160,269,1_720964889,1_7976395,1774635540,1774635540,default
1774633865,1_52306,1_102619,F Line,1_656236549,1_7976085,1774634100,1774634100,default
1774633865,1_52306,1_102619,F Line,1_656236249,1_7976225,1774635000,1774635000,default
1774633865,1_52306,1_102719,161,1_693753479,1_7976231,1774635540,1774635540,default
1774633865,1_99254,1_100003,101,1_762100819,1_8163,1774633840,1774634019,default
1774633865,1_40065,1_102574,40,1_778706539,1_8104,1774634081,1774633947,default
1774633865,1_59282,1_102717,165,1_635443809,1_7467,1774634820,1774633515,default
1774633865,1_59282,1_100072,181,1_721481489,1_7454,1774634280,1774633619,default
1774633865,1_620,1_100045,150,1_724420629,1_8179,1774634100,1774633892,default
1774633865,1_10912,1_100162,271,1_569497089,1_7419,1774634160,1774634160,default
1774633865,1_10912,1_100162,271,1_569497089,1_7976667,1774634160,1774634160,default
1774633865,1_10912,40_100511,542,40_569565579,40_7976608,1774634880,1774634880,default
1774633865,1_10912,1_100162,271,1_569496909,1_7976389,1774635060,1774635060,default
1774633865,1_10912,1_100162,271,1_569496739,1_7976723,1774635960,1774635960,default
1774633865,1_71960,40_100511,542,40_721031399,40_7976685,1774634460,1774634460,default
1774633865,1_81982,1_100196,331,1_778699479,1_7253,1774633921,1774634050,default
1774634165,1_12170,1_100039,14,1_562519049,1_4407,1774634139,1774634218,default
1774634165,1_46791,1_100016,118,1_635461309,1_3704,1774634100,1774634267,default
1774634165,1_51551,1_102736,H Line,1_694056729,1_6050,1774634307,1774634117,default
1774634165,1_60161,1_100042,148,1_762077149,1_7976054,1774635240,1774635240,default
1774634165,1_81205,1_100072,181,1_721481659,1_7453,1774634191,1774634211,default
1774634165,1_575,1_100219,4,1_675345229,1_4309,1774633860,1774634220,default
1774634165,1_46505,1_102619,F Line,1_770991649,1_7976226,1774634340,1774634340,default
1774634165,1_46505,1_102619,F Line,1_635449599,1_7976003,1774635180,1774635180,default
1774634165,1_280,40_100240,554,40_560097849,40_7976694,1774634273,1774634273,default
1774634165,1_72494,1_100160,269,1_720964889,1_7976395,1774635540,1774635540,default
1774634165,1_11940,1_100039,14,1_562519139,1_4323,1774634299,1774634167,default
1774634165,1_52306,1_102619,F Line,1_656236249,1_7976225,1774635000,1774635000,default
1774634165,1_52306,1_102719,161,1_693753479,1_7976231,1774635540,1774635540,default
1774634165,1_59282,1_102717,165,1_635443809,1_7467,1774634820,1774633515,default
1774634165,1_620,40_100240,554,40_774869499,40_9668,1774634400,1774634313,default
1774634165,1_620,40_100239,550,40_597756609,40_9656,1774634340,1774634796,default
1774634165,1_10912,40_100511,542,40_569565579,40_7976608,1774634880,1774634880,default
1774634165,1_10912,1_100162,271,1_569496909,1_7976389,1774635060,1774635060,default
1774634165,1_10912,1_100162,271,1_569496739,1_7976723,1774635960,1774635960,default
1774634165,1_71960,40_100511,542,40_721031399,40_7976685,1774634460,1774634460,default
1774634465,1_60161,1_100042,148,1_762077149,1_7976054,1774635240,1774635240,default
1774634465,1_575,1_100028,13,1_605109739,1_7085,1774634520,1774634520,default
1774634465,1_2850,1_100089,2,1_491928699,1_7136,1774634880,1774634194,default
1774634465,1_46505,1_102619,F Line,1_635449599,1_7976003,1774635180,1774635180,default
1774634465,1_47660,1_102736,H Line,1_694056729,1_6050,1774634763,1774634466,default
1774634465,1_280,40_100240,554,40_560097849,40_7976694,1774634273,1774634537,default
1774634465,1_72494,1_100160,269,1_720964889,1_7976395,1774635540,1774635540,default
1774634465,1_36500,1_100026,128,1_651743219,1_7143,1774634555,1774634452,default
1774634465,1_52306,1_102619,F Line,1_656236249,1_7976225,1774635000,1774635000,default
1774634465,1_52306,1_102719,161,1_693753479,1_7976231,1774635540,1774635540,default
1774634465,1_58112,1_102619,F Line,1_770992099,1_6285,1774634301,1774634602,default
1774634465,1_36510,1_100026,128,1_651743219,1_7143,1774634628,1774634502,default
1774634465,1_2200,1_100275,8,1_759808599,1_8041,1774635693,1774634512,default
1774634465,1_59282,1_102717,165,1_635443809,1_7467,1774634820,1774633515,default
1774634465,1_620,40_100236,545,40_560090179,40_9649,1774634760,1774634760,default
1774634465,1_620,40_100236,545,40_560090179,40_7976572,1774634760,1774634760,default
1774634465,1_10912,40_100511,542,40_569565579,40_7976608,1774634880,1774634880,default
1774634465,1_10912,1_100162,271,1_569496909,1_7976389,1774635060,1774635060,default
1774634465,1_10912,1_100162,271,1_569496739,1_7976723,1774635960,1774635960,default
1774634765,1_60161,1_100042,148,1_762077149,1_7976054,1774635240,1774635240,default
1774634765,1_320,40_100240,554,40_560097849,40_9662,1774634400,1774634845,default
1774634765,1_2850,1_100089,2,1_491928699,1_7136,1774634880,1774634194,default
1774634765,1_2850,1_100089,2,1_491928209,1_7029,1774635180,1774634730,default
1774634765,1_46505,1_102619,F Line,1_635449599,1_7976003,1774635180,1774635180,default
1774634765,1_46505,1_102619,F Line,1_656236759,1_7975997,1774636080,1774636080,default
1774634765,1_29423,1_102732,79,1_561369339,1_7975558,1774636200,1774636200,default
1774634765,1_2320,1_100001,1,1_562519179,1_4386,1774634675,1774634834,default
1774634765,3_31002,40_560,560,40_1073020,40_41509,1774634965,1774634902,default
1774634765,1_72494,1_100160,269,1_720964889,1_7976395,1774635540,1774635540,default
1774634765,1_52306,1_102619,F Line,1_656236249,1_7976225,1774635000,1774635000,default
1774634765,1_52306,1_102719,161,1_693753479,1_7976231,1774635540,1774635540,default
1774634765,1_52306,1_102619,F Line,1_635449029,1_7976142,1774635900,1774635900,default
1774634765,1_99254,40_594,594,40_1177020,40_41508,1774635393,1774634880,default
1774634765,1_22184,1_102736,H Line,1_694057119,1_6078,1774634786,1774634898,default
1774634765,1_81749,1_100160,269,1_761787999,1_7424,1774634823,1774634912,default
1774634765,1_82107,1_100196,331,1_724954939,1_7233,1774634976,1774634830,default
1774634765,1_10912,1_100162,271,1_569496909,1_7976389,1774635060,1774635060,default
1774634765,1_10912,1_100162,271,1_569496739,1_7976723,1774635960,1774635960,default
1774634765,1_10912,40_100511,542,40_569563229,40_7976607,1774636680,1774636680,default
1774634765,1_71960,1_102752,223,1_771129859,1_7369,1774634940,1774634773,default
1774634765,1_76310,40_100232,522,40_635897569,40_9684,1774634955,1774634886,default
1774635065,1_12170,1_100039,14,1_562519099,1_4334,1774635099,1774635099,default
1774635065,1_60161,1_100042,148,1_762077149,1_7976054,1774635240,1774635240,default
1774635065,1_970,40_594,594,40_2697020,40_9716,1774635604,1774635070,default
1774635065,1_320,40_100239,550,40_597752119,40_9578,1774635060,1774635140,default
1774635065,1_46505,1_102619,F Line,1_635449599,1_7976003,1774635180,1774635180,default
1774635065,1_46505,1_102619,F Line,1_656236759,1_7975997,1774636080,1774636080,default
1774635065,1_29423,1_102732,79,1_561369339,1_7975558,1774636200,1774636200,default
1774635065,1_89990,29_130,130,29_14876947__MCOB-DO:123:0:Weekday:1:25SEP:41006:12345,29_15107,1774635120,1774635082,default
1774635065,1_280,40_594,594,40_2697020,40_9716,1774635663,1774635107,default
1774635065,1_70832,1_100136,245,1_761788169,1_7247,1774635149,1774635083,default
1774635065,1_60477,1_100060,168,1_693746869,1_7146,1774635070,1774635127,default
1774635065,1_1510,1_100210,36,1_630542339,1_4372,1774635218,1774635135,default
1774635065,1_72494,1_100160,269,1_720964889,1_7976395,1774635540,1774635540,default
1774635065,1_72494,1_100160,269,1_720964359,1_7976343,1774637340,1774637340,default
1774635065,1_52306,1_102719,161,1_693753479,1_7976231,1774635540,1774635540,default
1774635065,1_52306,1_102619,F Line,1_635449029,1_7976142,1774635900,1774635900,default
1774635065,1_58112,1_100045,150,1_762102229,1_8140,1774635168,1774635138,default
1774635065,1_58112,1_102619,F Line,1_770991389,1_6227,1774635261,1774635213,default
1774635065,1_70665,1_102704,250,1_720962059,1_7342,1774635051,1774635177,default
1774635065,1_57804,1_100072,181,1_721481959,1_7196,1774635439,1774635679,default
1774635065,1_59282,1_100072,181,1_721481819,1_7453,1774636080,1774634899,default
1774635065,1_71678,1_102552,226,1_778457329,1_7330,1774635262,1774635151,default
1774635065,1_620,40_594,594,40_1177020,40_41508,1774635780,1774635310,default
1774635065,1_620,40_100240,554,40_774870329,40_9688,1774635600,1774635482,default
1774635065,1_620,40_100239,550,40_597754149,40_9574,1774635240,1774635514,default
1774635065,1_10912,1_100228,48,1_721361719,1_8007,1774635240,1774635181,default
1774635065,1_10912,1_100162,271,1_569496739,1_7976723,1774635960,1774635960,default
1774635065,1_10912,40_100511,542,40_569563229,40_7976607,1774636680,1774636680,default
1774635065,1_10912,1_100162,271,1_569496159,1_7976348,1774636860,1774636860,default
1774635065,1_81982,1_102746,333,1_778704679,1_7975729,1774635279,1774635279,default
1774635365,1_8541,1_100005,106,1_727785519,1_7169,1774635540,1774635350,default
1774635365,1_2850,1_100089,2,1_491928709,1_7029,1774635780,1774634780,default
1774635365,1_46505,1_102619,F Line,1_656236759,1_7975997,1774636080,1774636080,default
1774635365,1_29423,1_102732,79,1_561369339,1_7975558,1774636200,1774636200,default
1774635365,1_27420,1_100249,60,1_689960819,1_7117,1774635068,1774635418,default
1774635365,1_72494,1_100160,269,1_720964889,1_7976395,1774635540,1774635540,default
1774635365,1_72494,1_100160,269,1_720964359,1_7976343,1774637340,1774637340,default
1774635365,1_79610,1_100006,107,1_635437129,1_3734,1774635592,1774635352,default
1774635365,1_52306,1_102719,161,1_693753479,1_7976231,1774635540,1774635540,default
1774635365,1_52306,40_560,560,40_1073020,40_41509,1774635660,1774635679,default
1774635365,1_52306,1_102619,F Line,1_635449029,1_7976142,1774635900,1774635900,default
1774635365,1_8530,1_100039,14,1_562519189,1_4364,1774635352,1774635480,default
1774635365,1_40030,1_102574,40,1_690034209,1_8181,1774635435,1774635479,default
1774635365,1_57804,1_100072,181,1_721481959,1_7196,1774635439,1774635618,default
1774635365,1_59282,1_100072,181,1_721481819,1_7453,1774636080,1774634899,default
1774635365,1_60710,1_100512,A Line,1_721482549,1_6273,1774635405,1774635531,default
1774635365,1_14280,1_102581,D Line,1_585676449,1_6053,1774635518,1774635459,default
1774635365,1_25791,1_100214,372,1_694306749,1_6914,1774635398,1774635550,default
1774635365,1_620,40_100240,554,40_774870329,40_9688,1774635600,1774635506,default
1774635365,1_620,40_100236,545,40_560087819,40_7976567,1774635660,1774635660,default
1774635365,1_10912,1_100162,271,1_569496739,1_7976723,1774635960,1774635960,default
1774635365,1_10912,40_100511,542,40_569563229,40_7976607,1774636680,1774636680,default
1774635365,1_10912,1_100162,271,1_569496159,1_7976348,1774636860,1774636860,default
1774635365,1_71960,40_100511,542,40_721031099,40_7976686,1774636260,1774636260,default
1774635365,1_8403,1_100039,14,1_562519149,1_4319,1774635420,1774635433,default
1774635665,1_103,1_102745,G Line,1_736435129,1_6412,1774635406,1774635711,default
1774635665,1_970,40_578,578,40_2539020,40_9302,1774635927,1774635775,default
1774635665,1_575,1_100210,36,1_630542339,1_4372,1774635780,1774635720,default
1774635665,1_2850,1_100089,2,1_491928709,1_7029,1774635780,1774634780,default
1774635665,1_46505,1_102619,F Line,1_656236759,1_7975997,1774636080,1774636080,default
1774635665,1_46505,1_102619,F Line,1_656236979,1_7976017,1774636980,1774636980,default
1774635665,1_29423,1_102732,79,1_561369339,1_7975558,1774636200,1774636200,default
1774635665,1_280,40_100240,554,40_560098269,40_7976695,1774635473,1774635712,default
1774635665,1_72560,1_102704,250,1_771116219,1_7387,1774635742,1774635697,default
1774635665,1_73366,1_102548,B Line,1_721018909,1_7976639,1774635760,-1,default
1774635665,1_72494,1_100160,269,1_720964359,1_7976343,1774637340,1774637340,default
1774635665,1_52306,1_102619,F Line,1_635449029,1_7976142,1774635900,1774635900,default
1774635665,1_52306,1_102619,F Line,1_694521569,1_7976074,1774636800,1774636800,default
1774635665,1_52306,1_102719,161,1_635446219,1_7976131,1774637340,1774637340,default
1774635665,1_49350,1_100026,128,1_651747439,1_7392,1774635857,1774635799,default
1774635665,1_59282,1_100072,181,1_721481819,1_7453,1774636080,1774634899,default
1774635665,1_59282,1_102717,165,1_664465369,1_7473,1774636620,1774635201,default
1774635665,1_620,1_100045,150,1_724420349,1_8183,1774635900,1774635730,default
1774635665,1_10912,1_100162,271,1_569496739,1_7976723,1774635960,1774635960,default
1774635665,1_10912,40_100511,542,40_569563229,40_7976607,1774636680,1774636680,default
1774635665,1_10912,1_100162,271,1_569496159,1_7976348,1774636860,1774636860,default
1774635665,1_10912,1_100162,271,1_569495559,1_7976369,1774637760,1774637760,default
1774635665,1_71960,40_100511,542,40_721031099,40_7976686,1774636260,1774636260,default
1774635965,1_12170,1_100039,14,1_562519149,1_4319,1774635999,1774636033,default
1774635965,1_60161,1_100042,148,1_762077189,1_7976061,1774637040,1774637040,default
1774635965,1_320,40_100240,554,40_560098269,40_9811,1774635600,1774636029,default
1774635965,1_320,40_100239,550,40_597756619,40_9656,1774635960,1774636065,default
1774635965,1_2850,1_100089,2,1_491928719,1_7150,1774636680,1774635868,default
1774635965,1_46505,1_102619,F Line,1_656236759,1_7975997,1774636080,1774636080,default
1774635965,1_46505,1_102619,F Line,1_656236979,1_7976017,1774636980,1774636980,default
1774635965,1_29423,1_102732,79,1_561369339,1_7975558,1774636200,1774636200,default
1774635965,1_72494,1_100160,269,1_720964359,1_7976343,1774637340,1774637340,default
1774635965,1_52306,1_102619,F Line,1_694521569,1_7976074,1774636800,1774636800,default
1774635965,1_52306,1_102719,161,1_635446219,1_7976131,1774637340,1774637340,default
1774635965,1_45670,1_100210,36,1_630543759,1_7974910,1774635984,1774636071,default
1774635965,1_59282,1_102717,165,1_664465369,1_7473,1774636620,1774635201,default
1774635965,1_23905,1_100214,372,1_694306689,1_6856,1774636058,1774636138,default
1774635965,1_620,40_100239,550,40_597756309,40_9810,1774636140,1774636536,default
1774635965,1_10912,40_100511,542,40_569563229,40_7976607,1774636680,1774636680,default
1774635965,1_10912,1_100162,271,1_569496159,1_7976348,1774636860,1774636860,default
1774635965,1_10912,1_100162,271,1_569495559,1_7976369,1774637760,1774637760,default
1774635965,1_71960,40_100511,542,40_721031099,40_7976686,1774636260,1774636260,default
1774636265,1_60161,1_100042,148,1_762077189,1_7976061,1774637040,1774637040,default
1774636265,1_2850,1_100089,2,1_491928719,1_7150,1774636680,1774635868,default
1774636265,1_2850,1_100089,2,1_491928219,1_7090,1774636980,1774636216,default
1774636265,1_46505,1_102619,F Line,1_656236979,1_7976017,1774636980,1774636980,default
1774636265,1_72494,1_100160,269,1_720964359,1_7976343,1774637340,1774637340,default
1774636265,1_52306,1_102619,F Line,1_694521569,1_7976074,1774636800,1774636800,default
1774636265,1_52306,1_102719,161,1_635446219,1_7976131,1774637340,1774637340,default
1774636265,1_41128,1_100026,128,1_651743219,1_7143,1774636656,1774636310,default
1774636265,1_8530,1_100005,106,1_727785669,1_7155,1774636086,1774636375,default
1774636265,1_41940,1_100249,60,1_689960779,1_7095,1774636057,1774636380,default
1774636265,1_59282,1_102717,165,1_664465369,1_7473,1774636620,1774635201,default
1774636265,1_620,40_100236,545,40_560088509,40_7976555,1774636560,1774636560,default
1774636265,1_620,40_100240,554,40_774869229,40_9681,1774636800,1774636664,default
1774636265,1_10912,40_100511,542,40_569563229,40_7976607,1774636680,1774636680,default
1774636265,1_10912,1_100162,271,1_569496159,1_7976348,1774636860,1774636860,default
1774636265,1_10912,1_100162,271,1_569495559,1_7976369,1774637760,1774637760,default
1774636265,1_10912,40_100511,542,40_569565819,40_7976685,1774638480,1774638480,default
1774636265,1_80966,1_102718,184,1_635442819,1_7976222,1774637549,1774636222,default
1774636265,1_8403,1_100039,14,1_562519169,1_4353,1774636320,1774636184,default
1774636565,1_60161,1_100042,148,1_762077189,1_7976061,1774637040,1774637040,default
1774636565,1_51651,1_102736,H Line,1_694057019,1_6050,1774636778,1774636590,default
1774636565,1_2850,1_100089,2,1_491928719,1_7150,1774636680,1774635868,default
1774636565,1_46505,1_102619,F Line,1_656236979,1_7976017,1774636980,1774636980,default
1774636565,1_46505,1_102619,F Line,1_656237219,1_7976229,1774637880,1774637880,default
1774636565,1_27420,1_100249,60,1_689960849,1_7139,1774636508,1774636709,default
1774636565,1_10653,1_100252,62,1_736431009,1_8028,1774637428,1774636549,default
1774636565,1_72494,1_100160,269,1_720964359,1_7976343,1774637340,1774637340,default
1774636565,1_52306,1_102619,F Line,1_694521569,1_7976074,1774636800,1774636800,default
1774636565,1_52306,1_102719,161,1_635446219,1_7976131,1774637340,1774637340,default
1774636565,1_52306,1_102619,F Line,1_694520859,1_7976083,1774637700,1774637700,default
1774636565,1_99254,40_594,594,40_1238020,40_9727,1774637193,1774636761,default
1774636565,1_2200,1_100275,8,1_759808619,1_8029,1774637493,1774636684,default
1774636565,1_58111,1_102619,F Line,1_635449599,1_6009,1774636735,1774636618,default
1774636565,1_620,40_100240,554,40_774869229,40_9681,1774636800,1774636724,default
1774636565,1_620,40_100236,545,40_560088509,40_7976555,1774636560,1774636881,default
1774636565,1_620,40_100239,550,40_597754889,40_9820,1774637040,1774636941,default
1774636565,1_10912,1_100162,271,1_569496159,1_7976348,1774636860,1774636860,default
1774636565,1_10912,1_100162,271,1_569495559,1_7976369,1774637760,1774637760,default
1774636565,1_10912,40_100511,542,40_569565819,40_7976685,1774638480,1774638480,default
1774636565,1_71960,1_102752,223,1_771129879,1_7321,1774636740,1774636804,default
1774636865,1_12170,1_100039,14,1_562519169,1_4353,1774636899,1774636899,default
1774636865,1_60161,1_100042,148,1_762077189,1_7976061,1774637040,1774637040,default
1774636865,1_8541,1_100263,7,1_770869579,1_4520,1774636200,1774636889,default
1774636865,1_320,40_100239,550,40_597754119,40_9574,1774636800,1774636899,default
1774636865,1_320,40_100240,554,40_560098619,40_9668,1774636800,1774636911,default
1774636865,1_46505,1_102619,F Line,1_656236979,1_7976017,1774636980,1774636980,default
1774636865,1_46505,1_102619,F Line,1_656237219,1_7976229,1774637880,1774637880,default
1774636865,1_89990,29_130,130,29_14875854__MCOB-DO:123:0:Weekday:1:25SEP:41019:12345,29_15102,1774636920,1774636892,default
1774636865,1_23530,1_100259,67,1_724948599,1_8145,1774636924,1774636821,default
1774636865,1_79877,1_100162,271,1_569495889,1_6915,1774636292,1774636926,default
1774636865,1_10653,1_100252,62,1_736431009,1_8028,1774637428,1774636865,default
1774636865,3_31002,40_560,560,40_3565020,40_9220,1774636765,1774636993,default
1774636865,1_72494,1_100160,269,1_720964359,1_7976343,1774637340,1774637340,default
1774636865,1_72494,1_100160,269,1_720964019,1_7976380,1774639140,1774639140,default
1774636865,1_52306,1_102719,161,1_635446219,1_7976131,1774637340,1774637340,default
1774636865,1_52306,1_102619,F Line,1_694520859,1_7976083,1774637700,1774637700,default
1774636865,1_58112,1_102619,F Line,1_635449599,1_6009,1774637001,1774636950,default
1774636865,1_43782,1_100275,8,1_693944899,1_8075,1774637028,1774636915,default
1774636865,1_57804,1_100072,181,1_721481499,1_7482,1774637239,1774637430,default
1774636865,1_59282,1_100072,181,1_721481669,1_7196,1774637880,1774636857,default
1774636865,1_82810,1_100133,240,1_761786339,1_7320,1774637084,1774636928,default
1774636865,1_620,40_594,594,40_1238020,40_9727,1774637580,1774637139,default
1774636865,1_10912,1_100162,271,1_569495559,1_7976369,1774637760,1774637760,default
1774636865,1_10912,40_100511,542,40_569565819,40_7976685,1774638480,1774638480,default
1774636865,1_10912,1_100162,271,1_569496069,1_7976674,1774638660,1774638660,default
1774636865,1_71960,40_100511,542,40_721031309,40_7976608,1774638060,1774638060,default
1774636865,1_81982,1_102746,333,1_778704459,1_7975682,1774637079,1774637079,default
1774637165,1_970,1_100003,101,1_762100879,1_8163,1774637154,1774637181,default
1774637165,1_2850,1_100089,2,1_491928729,1_7090,1774637580,1774636215,default
1774637165,1_46505,1_102619,F Line,1_656237219,1_7976229,1774637880,1774637880,default
1774637165,1_280,40_594,594,40_3289020,40_41603,1774637463,1774637196,default
1774637165,1_1510,1_100005,106,1_727785449,1_7975011,1774637232,1774636930,default
1774637165,1_10653,1_100252,62,1_736431009,1_8028,1774637428,1774637166,default
1774637165,1_72494,1_100160,269,1_720964359,1_7976343,1774637340,1774637340,default
1774637165,1_72494,1_100160,269,1_720964019,1_7976380,1774639140,1774639140,default
1774637165,1_5489,1_102746,333,1_778704959,1_7219,1774637380,1774637206,default
1774637165,1_52306,1_102719,161,1_635446219,1_7976131,1774637340,1774637340,default
1774637165,1_52306,40_560,560,40_3565020,40_9220,1774637460,1774637536,default
1774637165,1_52306,1_102619,F Line,1_694520859,1_7976083,1774637700,1774637700,default
1774637165,1_58112,1_100045,150,1_762102409,1_8161,1774637009,1774637271,default
1774637165,1_73368,1_100136,245,1_761787729,1_7249,1774637327,1774637191,default
1774637165,1_57804,1_100072,181,1_721481499,1_7482,1774637239,1774637294,default
1774637165,1_59282,1_100072,181,1_721481669,1_7196,1774637880,1774636857,default
1774637165,1_620,40_100236,545,40_560088079,40_9683,1774637460,1774637474,default
1774637165,1_10912,1_100162,271,1_569495559,1_7976369,1774637760,1774637760,default
1774637165,1_10912,40_100511,542,40_569565819,40_7976685,1774638480,1774638480,default
1774637165,1_10912,1_100162,271,1_569496069,1_7976674,1774638660,1774638660,default
1774637165,1_71960,40_100511,542,40_721031309,40_7976608,1774638060,1774638060,default
1774637465,1_8541,1_100263,7,1_650128669,1_4539,1774637400,1774637489,default
1774637465,1_2850,1_100089,2,1_491928729,1_7090,1774637580,1774636215,default
1774637465,1_46505,1_102619,F Line,1_656237219,1_7976229,1774637880,1774637880,default
1774637465,1_46505,1_102619,F Line,1_656236559,1_7976085,1774638780,1774638780,default
1774637465,1_81199,1_100072,181,1_721481499,1_7482,1774637543,1774637559,default
1774637465,1_72494,1_100160,269,1_720964019,1_7976380,1774639140,1774639140,default
1774637465,1_52306,1_102619,F Line,1_694520859,1_7976083,1774637700,1774637700,default
1774637465,1_52306,1_102619,F Line,1_694521119,1_7976226,1774638600,1774638600,default
1774637465,1_40065,1_102574,40,1_778707009,1_8268,1774637733,1774637481,default
1774637465,1_59282,1_100072,181,1_721481669,1_7196,1774637880,1774636857,default
1774637465,1_59282,1_102717,165,1_664465379,1_7976081,1774638420,1774638420,default
1774637465,1_620,40_100239,550,40_597756239,40_9690,1774638000,1774638105,default
1774637465,1_10912,1_100162,271,1_569495559,1_7976369,1774637760,1774637760,default
1774637465,1_10912,40_100511,542,40_569565819,40_7976685,1774638480,1774638480,default
1774637465,1_10912,1_100162,271,1_569496069,1_7976674,1774638660,1774638660,default
1774637465,1_10912,1_100162,271,1_569497169,1_7976370,1774639560,1774639560,default
1774637465,1_71960,40_100511,542,40_721031309,40_7976608,1774638060,1774638060,default
1774637465,1_81982,1_100196,331,1_778699409,1_7233,1774637521,1774637655,default
1774637765,1_481,1_102736,H Line,1_694057179,1_6047,1774637700,1774637786,default
1774637765,1_77930,1_102746,333,1_778704009,1_7256,1774637519,1774637801,default
1774637765,1_60161,1_100042,148,1_762077199,1_7976055,1774638840,1774638840,default
1774637765,1_575,1_102576,C Line,1_774680939,1_6253,1774637880,1774637801,default
1774637765,1_2850,1_100089,2,1_491928739,1_7007,1774638480,1774638443,default
1774637765,1_2850,1_100089,2,1_491928739,1_7975112,1774638480,1774638480,default
1774637765,1_46505,1_102619,F Line,1_656237219,1_7976229,1774637880,1774637880,default
1774637765,1_46505,1_102619,F Line,1_656236559,1_7976085,1774638780,1774638780,default
1774637765,1_72494,1_100160,269,1_720964019,1_7976380,1774639140,1774639140,default
1774637765,1_52306,1_102619,F Line,1_694521119,1_7976226,1774638600,1774638600,default
1774637765,1_21945,1_102717,165,1_664464959,1_7476,1774637880,1774637864,default
1774637765,1_58112,1_102619,F Line,1_656236759,1_6008,1774637901,1774637930,default
1774637765,1_59282,1_102717,165,1_664465379,1_7173,1774638420,1774637760,default
1774637765,1_59282,1_102717,165,1_664465379,1_7976081,1774638420,1774638420,default
1774637765,1_14280,1_102581,D Line,1_628189609,1_6090,1774637940,1774637835,default
1774637765,1_620,40_100239,550,40_597756239,40_9690,1774638000,1774637908,default
1774637765,1_10912,40_100511,542,40_569565819,40_7976685,1774638480,1774638480,default
1774637765,1_10912,1_100162,271,1_569496069,1_7976674,1774638660,1774638660,default
1774637765,1_10912,1_100162,271,1_569497169,1_7976370,1774639560,1774639560,default
1774637765,1_71960,40_100511,542,40_721031309,40_7976608,1774638060,1774638060,default
1774637765,1_8403,1_100039,14,1_562519329,1_4319,1774638000,1774637896,default
1774638065,1_60161,1_100042,148,1_762077199,1_7976055,1774638840,1774638840,default
1774638065,1_970,1_100003,101,1_762100919,1_6956,1774638054,1774638103,default
1774638065,1_2850,1_100089,2,1_491928739,1_7007,1774638480,1774637837,default
1774638065,1_2850,1_100089,2,1_491928739,1_7975112,1774638480,1774638480,default
1774638065,1_46505,1_102619,F Line,1_656236559,1_7976085,1774638780,1774638780,default
1774638065,1_27420,1_100161,27,1_759818409,1_7041,1774637994,1774638150,default
1774638065,1_72494,1_100160,269,1_720964019,1_7976380,1774639140,1774639140,default
1774638065,1_52306,1_102619,F Line,1_694521119,1_7976226,1774638600,1774638600,default
1774638065,1_40030,1_102574,40,1_690034279,1_8155,1774638135,1774638181,default
1774638065,1_9605,1_100259,67,1_657908979,1_7975673,1774638060,1774638203,default
1774638065,1_2200,1_102581,D Line,1_732749359,1_6095,1774637965,1774638249,default
1774638065,1_59282,1_102717,165,1_664465379,1_7173,1774638420,1774637760,default
1774638065,1_74714,1_102701,225,1_736533729,1_7380,1774638392,1774638213,default
1774638065,1_620,40_100236,545,40_560088369,40_7976570,1774638360,1774638360,default
1774638065,1_620,40_100240,554,40_774869039,40_9592,1774638000,1774638408,default
1774638065,1_620,40_100239,550,40_597752689,40_9815,1774638900,1774638703,default
1774638065,1_10912,40_100511,542,40_569565819,40_7976685,1774638480,1774638480,default
1774638065,1_10912,1_100162,271,1_569496069,1_7976674,1774638660,1774638660,default
1774638065,1_10912,1_100162,271,1_569497169,1_7976370,1774639560,1774639560,default
1774638065,1_10912,40_100511,542,40_569567979,40_7976686,1774640280,1774640280,default
1774638365,1_51551,1_102736,H Line,1_694056799,1_6060,1774638507,1774638353,default
1774638365,1_60161,1_100042,148,1_762077199,1_3734,1774638840,1774638108,default
1774638365,1_60161,1_100042,148,1_762077199,1_7976055,1774638840,1774638840,default
1774638365,1_2850,1_100089,2,1_491928739,1_7007,1774638480,1774637837,default
1774638365,1_46505,1_102619,F Line,1_656236559,1_7976085,1774638780,1774638780,default
1774638365,1_46505,1_102619,F Line,1_656236259,1_7976225,1774639680,1774639680,default
1774638365,1_29423,1_102732,79,1_561369579,1_7975557,1774639800,1774639800,default
1774638365,1_74980,1_100196,331,1_778699409,1_7233,1774638410,1774638374,default
1774638365,1_47660,1_102736,H Line,1_694056779,1_6076,1774638415,1774638348,default
1774638365,3_31002,40_560,560,40_3831020,40_41517,1774638565,1774638597,default
1774638365,1_74743,1_102701,225,1_736533729,1_7380,1774638539,1774638341,default
1774638365,1_72494,1_100160,269,1_720964019,1_7976380,1774639140,1774639140,default
1774638365,1_52306,1_102619,F Line,1_694521119,1_7976226,1774638600,1774638600,default
1774638365,1_52306,1_102719,161,1_635446229,1_7976227,1774639080,1774639080,default
1774638365,1_52306,1_102619,F Line,1_656237379,1_7976003,1774639500,1774639500,default
1774638365,1_99254,40_594,594,40_1336020,40_9221,1774638993,1774638548,default
1774638365,1_60428,1_100045,150,1_724421109,1_8114,1774638533,1774638379,default
1774638365,1_57791,1_102718,184,1_635442819,1_7077,1774638323,1774638550,default
1774638365,1_620,40_100239,550,40_597752689,40_9815,1774638900,1774638525,default
1774638365,1_10912,1_100162,271,1_569496069,1_7976674,1774638660,1774638660,default
1774638365,1_10912,1_100162,271,1_569497169,1_7976370,1774639560,1774639560,default
1774638365,1_10912,40_100511,542,40_569567979,40_7976686,1774640280,1774640280,default
1774638365,1_10912,1_100162,271,1_569496579,1_7976354,1774640460,1774640460,default
1774638365,1_71960,1_102752,223,1_771129889,1_7423,1774638540,1774638530,default
1774638665,1_12170,1_100039,14,1_562520999,1_4320,1774638699,1774638699,default
1774638665,1_60161,1_100042,148,1_762077199,1_3734,1774638840,1774638108,default
1774638665,1_320,40_594,594,40_2052020,40_9713,1774639440,1774638819,default
1774638665,1_575,1_102576,C Line,1_774682219,1_6258,1774638480,1774638711,default
1774638665,1_46505,1_102619,F Line,1_656236559,1_7976085,1774638780,1774638780,default
1774638665,1_46505,1_102619,F Line,1_656236259,1_7976225,1774639680,1774639680,default
1774638665,1_29423,1_102732,79,1_561369579,1_7975557,1774639800,1774639800,default
1774638665,1_47660,1_102736,H Line,1_694056799,1_6060,1774639015,1774638677,default
1774638665,1_72494,1_100160,269,1_720964019,1_7976380,1774639140,1774639140,default
1774638665,1_72494,1_100160,269,1_720964829,1_7976342,1774640940,1774640940,default
1774638665,1_52306,1_102719,161,1_635446229,1_7976227,1774639080,1774639080,default
1774638665,1_52306,1_102619,F Line,1_656237379,1_7976003,1774639500,1774639500,default
1774638665,1_8530,1_100005,106,1_727785459,1_7140,1774638846,1774638656,default
1774638665,1_8530,1_100039,14,1_562519329,1_4319,1774638952,1774638749,default
1774638665,1_8530,1_100263,7,1_650129869,1_4517,1774638373,1774638773,default
1774638665,1_99254,1_100045,150,1_724420399,1_8178,1774638220,1774638788,default
1774638665,1_2200,1_100275,8,1_759808639,1_8067,1774639293,1774638667,default
1774638665,1_2200,1_102581,D Line,1_732749369,1_6066,1774638565,1774638816,default
1774638665,1_71678,1_102552,226,1_778457349,1_7373,1774638862,1774638722,default
1774638665,1_10912,1_100162,271,1_569497169,1_7976370,1774639560,1774639560,default
1774638665,1_10912,40_100511,542,40_569567979,40_7976686,1774640280,1774640280,default
1774638665,1_10912,1_100162,271,1_569496579,1_7976354,1774640460,1774640460,default
1774638665,1_71960,40_100511,542,40_721030819,40_7976607,1774639860,1774639860,default
1774638665,1_81982,1_102746,333,1_778704979,1_7975730,1774638879,1774638879,default
1774638965,1_46791,1_100016,118,1_669626549,1_7976007,1774638960,1774638991,default
1774638965,1_2850,1_100089,2,1_491928749,1_7975111,1774639380,1774639380,default
1774638965,1_46505,1_102619,F Line,1_656236259,1_7976225,1774639680,1774639680,default
1774638965,1_29423,1_102732,79,1_561369579,1_7975557,1774639800,1774639800,default
1774638965,1_47660,1_102736,H Line,1_694056799,1_7974891,1774639015,1774638690,default
1774638965,1_1190,40_100239,550,40_597752689,40_9815,1774639360,1774638968,default
1774638965,1_68130,1_102548,B Line,1_721018679,1_6040,1774638952,1774639032,default
1774638965,1_72494,1_100160,269,1_720964019,1_7976380,1774639140,1774639140,default
1774638965,1_72494,1_100160,269,1_720964829,1_7976342,1774640940,1774640940,default
1774638965,1_52306,1_102719,161,1_635446229,1_7976227,1774639080,1774639080,default
1774638965,1_52306,40_560,560,40_3831020,40_41517,1774639260,1774639304,default
1774638965,1_52306,1_102619,F Line,1_656237379,1_7976003,1774639500,1774639500,default
1774638965,1_52306,1_102719,161,1_635446239,1_7976092,1774640880,1774640880,default
1774638965,1_70665,1_100136,245,1_761787439,1_7366,1774639125,1774639029,default
1774638965,1_57804,1_100072,181,1_721481829,1_7130,1774639096,1774639377,default
1774638965,1_59282,1_100072,181,1_721481969,1_7482,1774639680,1774638707,default
1774638965,1_81749,1_100160,269,1_761787079,1_7240,1774638483,1774639107,default
1774638965,1_25791,1_100214,372,1_694305809,1_6992,1774639080,1774639187,default
1774638965,1_620,40_100236,545,40_560090389,40_7976552,1774639260,1774639260,default
1774638965,1_10912,1_100162,271,1_569497169,1_7976370,1774639560,1774639560,default
1774638965,1_10912,40_100511,542,40_569567979,40_7976686,1774640280,1774640280,default
1774638965,1_10912,1_100162,271,1_569496579,1_7976354,1774640460,1774640460,default
1774638965,1_71960,40_100511,542,40_721030819,40_7976607,1774639860,1774639860,default
1774639265,1_320,40_100240,554,40_560097459,40_9681,1774639200,1774639350,default
1774639265,1_2850,1_100089,2,1_491928749,1_7159,1774639380,1774638994,default
1774639265,1_8080,1_100005,106,1_727785399,1_7092,1774639406,1774639270,default
1774639265,1_46505,1_102619,F Line,1_656236259,1_6232,1774639680,1774638981,default
1774639265,1_46505,1_102619,F Line,1_656236869,1_7976142,1774640580,1774640580,default
1774639265,1_29423,1_102732,79,1_561369579,1_7975557,1774639800,1774639800,default
1774639265,1_40060,1_102574,40,1_778706769,1_8101,1774639491,1774639288,default
1774639265,1_27420,1_100249,60,1_689961399,1_7091,1774639388,1774639388,default
1774639265,1_60477,1_100060,168,1_693746899,1_7313,1774638670,1774639326,default
1774639265,1_72494,1_100160,269,1_720964829,1_7976342,1774640940,1774640940,default
1774639265,1_52306,1_102619,F Line,1_656237379,1_7976003,1774639500,1774639500,default
1774639265,1_52306,1_102619,F Line,1_656236769,1_7975997,1774640400,1774640400,default
1774639265,1_52306,1_102719,161,1_635446239,1_7976092,1774640880,1774640880,default
1774639265,1_40065,1_102574,40,1_778706769,1_8101,1774639593,1774639389,default
1774639265,1_9605,1_100259,67,1_657909639,1_7975678,1774639020,1774639400,default
1774639265,1_59282,1_100072,181,1_721481969,1_7482,1774639680,1774638707,default
1774639265,1_59282,1_102717,165,1_664465389,1_7162,1774640220,1774638992,default
1774639265,1_620,1_100045,150,1_724420679,1_6975,1774639500,1774639388,default
1774639265,1_10912,1_100162,271,1_569497169,1_7976370,1774639560,1774639560,default
1774639265,1_10912,40_100511,542,40_569567979,40_7976686,1774640280,1774640280,default
1774639265,1_10912,1_100162,271,1_569496579,1_7976354,1774640460,1774640460,default
1774639265,1_71960,40_100511,542,40_721030819,40_7976607,1774639860,1774639860,default
1774639565,1_12170,1_100039,14,1_562519309,1_4329,1774639599,1774639621,default
1774639565,1_85800,1_100196,331,1_778699019,1_7232,1774639632,1774639693,default
1774639565,1_60161,1_100042,148,1_762077329,1_7976053,1774640640,1774640640,default
1774639565,1_320,40_100239,550,40_597756229,40_9690,1774639500,1774639638,default
1774639565,1_46505,1_102619,F Line,1_656236259,1_6232,1774639680,1774638981,default
1774639565,1_46505,1_102619,F Line,1_656236869,1_7976142,1774640580,1774640580,default
1774639565,1_29423,1_102732,79,1_561369579,1_7975557,1774639800,1774639800,default
1774639565,1_27420,23_102638,First Hill Streetcar,23_55295699,23_404,1774639560,1774639726,default
1774639565,1_77460,1_102746,333,1_778704979,1_7256,1774639257,1774639622,default
1774639565,1_81199,1_100072,181,1_721481829,1_7130,1774639403,1774639641,default
1774639565,1_72494,1_100160,269,1_720964829,1_7976342,1774640940,1774640940,default
1774639565,1_11940,1_100039,14,1_562519459,1_4353,1774639699,1774639617,default
1774639565,1_52306,1_102619,F Line,1_656236769,1_7975997,1774640400,1774640400,default
1774639565,1_52306,1_102719,161,1_635446239,1_7976092,1774640880,1774640880,default
1774639565,1_49350,1_100026,128,1_651747509,1_7145,1774639637,1774639700,default
1774639565,1_59282,1_102717,165,1_664465389,1_7162,1774640220,1774638992,default
1774639565,1_620,40_100239,550,40_597752109,40_9578,1774639800,1774640175,default
1774639565,1_10912,40_100511,542,40_569567979,40_7976686,1774640280,1774640280,default
1774639565,1_10912,1_100162,271,1_569496579,1_7976354,1774640460,1774640460,default
1774639565,1_10912,1_100162,271,1_569496969,1_7976364,1774641360,1774641360,default
1774639565,1_71960,40_100511,542,40_721030819,40_7976607,1774639860,1774639860,default
1774639565,1_16140,1_100196,331,1_778699019,1_7232,1774639739,1774639665,default
1774639866,1_60161,1_100042,148,1_762077329,1_7976053,1774640640,1774640640,default
1774639866,1_575,1_100001,1,1_562519479,1_4319,1774639740,1774639905,default
1774639866,1_2850,1_100089,2,1_491928759,1_7094,1774640280,1774639448,default
1774639866,1_46505,1_102619,F Line,1_656236869,1_7976142,1774640580,1774640580,default
1774639866,1_1510,1_100001,1,1_562519389,1_4353,1774640051,1774639860,default
1774639866,1_72494,1_100160,269,1_720964829,1_7976342,1774640940,1774640940,default
1774639866,1_52306,1_102619,F Line,1_656236769,1_7975997,1774640400,1774640400,default
1774639866,1_52306,1_102719,161,1_635446239,1_7976092,1774640880,1774640880,default
1774639866,1_80121,1_102719,161,1_635446579,1_7071,1774639736,1774640017,default
1774639866,1_99254,1_100045,150,1_724421109,1_8114,1774640080,1774639938,default
1774639866,1_99254,1_100003,101,1_762101059,1_8100,1774640122,1774639954,default
1774639866,1_58112,1_102619,F Line,1_656237219,1_6277,1774639701,1774640003,default
1774639866,1_59282,1_102717,165,1_664465389,1_7162,1774640220,1774638992,default
1774639866,1_57791,1_102718,184,1_635442829,1_7353,1774640123,1774640115,default
1774639866,1_10912,40_100511,542,40_569567979,40_7976686,1774640280,1774640280,default
1774639866,1_10912,1_100162,271,1_569496579,1_7976354,1774640460,1774640460,default
1774639866,1_10912,1_100162,271,1_569496969,1_7976364,1774641360,1774641360,default
1774639866,1_10912,40_100511,542,40_569565599,40_7976608,1774642080,1774642080,default
1774640166,1_77930,1_102746,333,1_778704039,1_7237,1774640219,1774640160,default
1774640166,1_60161,1_100042,148,1_762077329,1_3738,1774640640,1774639947,default
1774640166,1_60161,1_100042,148,1_762077329,1_7976053,1774640640,1774640640,default
1774640166,1_2850,1_100089,2,1_491928759,1_7094,1774640280,1774639448,default
1774640166,1_46505,1_102619,F Line,1_656236869,1_7976142,1774640580,1774640580,default
1774640166,1_46505,1_102619,F Line,1_656237129,1_7976074,1774641480,1774641480,default
1774640166,3_31002,40_560,560,40_2524020,40_41512,1774640365,1774640285,default
1774640166,1_72494,1_100160,269,1_720964829,1_7976342,1774640940,1774640940,default
1774640166,1_52306,1_102619,F Line,1_656236769,1_7975997,1774640400,1774640400,default
1774640166,1_52306,1_102719,161,1_635446239,1_7976092,1774640880,1774640880,default
1774640166,1_52306,1_102619,F Line,1_656236989,1_7976017,1774641300,1774641300,default
1774640166,1_22184,1_100024,125,1_770790059,1_7019,1774640315,1774640225,default
1774640166,1_620,1_100045,150,1_724421109,1_8114,1774640460,1774640230,default
1774640166,1_620,1_100003,101,1_762101059,1_8100,1774640460,1774640245,default
1774640166,1_620,40_100240,554,40_774869919,40_9662,1774640400,1774640530,default
1774640166,1_10912,1_100214,372,1_694306849,1_6948,1774640253,1774640340,default
1774640166,1_10912,1_100162,271,1_569496579,1_7976354,1774640460,1774640460,default
1774640166,1_10912,1_100162,271,1_569496969,1_7976364,1774641360,1774641360,default
1774640166,1_10912,40_100511,542,40_569565599,40_7976608,1774642080,1774642080,default
1774640166,1_10912,1_100162,271,1_569496319,1_7976351,1774642260,1774642260,default
1774640166,1_71960,1_102752,223,1_771129909,1_7334,1774640340,1774640368,default
1774640466,1_12170,1_100039,14,1_562519319,1_4386,1774640499,1774640560,default
1774640466,1_60161,1_100042,148,1_762077329,1_3738,1774640640,1774639947,default
1774640466,1_575,1_102576,C Line,1_774680849,1_6248,1774640280,1774640591,default
1774640466,1_2850,1_100089,2,1_491928239,1_7085,1774640640,1774640425,default
1774640466,1_46505,1_102619,F Line,1_656236869,1_7976142,1774640580,1774640580,default
1774640466,1_46505,1_102619,F Line,1_656237129,1_7976074,1774641480,1774641480,default
1774640466,1_1510,1_100210,36,1_630542889,1_4313,1774640618,1774640461,default
1774640466,1_72494,1_100160,269,1_720964829,1_7976342,1774640940,1774640940,default
1774640466,1_72494,1_100160,269,1_720966179,1_7976341,1774642740,1774642740,default
1774640466,1_52306,1_102719,161,1_635446239,1_7976092,1774640880,1774640880,default
1774640466,1_52306,1_102619,F Line,1_656236989,1_7976017,1774641300,1774641300,default
1774640466,1_59872,1_102619,F Line,1_694521119,1_6228,1774640632,1774640606,default
1774640466,1_49554,1_100026,128,1_651742609,1_7143,1774640759,1774640581,default
1774640466,1_55831,1_100005,106,1_727785399,1_7092,1774640648,1774640514,default
1774640466,1_620,40_100239,550,40_597756629,40_9656,1774640700,1774641090,default
1774640466,1_10912,1_100162,271,1_569496969,1_7976364,1774641360,1774641360,default
1774640466,1_10912,40_100511,542,40_569565599,40_7976608,1774642080,1774642080,default
1774640466,1_10912,1_100162,271,1_569496319,1_7976351,1774642260,1774642260,default
1774640766,1_52638,1_102719,161,1_635446589,1_7319,1774640929,1774640747,default
1774640766,1_320,40_594,594,40_158020,40_9726,1774641240,1774640849,default
1774640766,1_575,1_102576,C Line,1_774681979,1_6269,1774640880,1774640892,default
1774640766,1_2850,1_100089,2,1_491928769,1_7085,1774641180,1774640572,default
1774640766,1_46505,1_102619,F Line,1_656237129,1_7976074,1774641480,1774641480,default
1774640766,1_74980,1_100205,348,1_771627309,1_7231,1774640824,1774640768,default
1774640766,1_27420,1_100249,60,1_689960859,1_7067,1774640828,1774640860,default
1774640766,1_72494,1_100160,269,1_720964829,1_7976342,1774640940,1774640940,default
1774640766,1_72494,1_100160,269,1_720966179,1_7976341,1774642740,1774642740,default
1774640766,1_52306,1_102719,161,1_635446239,1_7976092,1774640880,1774640880,default
1774640766,1_52306,40_560,560,40_2524020,40_41512,1774641060,1774640997,default
1774640766,1_52306,1_102619,F Line,1_656236989,1_7976017,1774641300,1774641300,default
1774640766,1_52306,1_102719,161,1_635446249,1_7976230,1774642620,1774642620,default
1774640766,1_99254,1_100045,150,1_724420889,1_8140,1774640980,1774640881,default
1774640766,1_49350,1_100026,128,1_651743239,1_7420,1774640897,1774640898,default
1774640766,1_57804,1_100072,181,1_721481679,1_7454,1774640956,1774641133,default
1774640766,1_59282,1_100072,181,1_721481509,1_7130,1774641480,1774640716,default
1774640766,1_59282,1_100072,181,1_721481509,1_7976082,1774641480,1774641480,default
1774640766,1_49572,1_100026,128,1_651742609,1_7143,1774641044,1774640800,default
1774640766,1_620,40_594,594,40_1805020,40_9124,1774641180,1774641032,default
1774640766,1_620,40_100236,545,40_560087859,40_9807,1774641060,1774641060,default
1774640766,1_620,40_100236,545,40_560087859,40_7976558,1774641060,1774641060,default
1774640766,1_10912,1_100162,271,1_569496969,1_7976364,1774641360,1774641360,default
1774640766,1_10912,40_100511,542,40_569565599,40_7976608,1774642080,1774642080,default
1774640766,1_10912,1_100162,271,1_569496319,1_7976351,1774642260,1774642260,default
1774640766,1_71960,40_100511,542,40_721031389,40_7976685,1774641660,1774641660,default
1774640766,1_8403,1_100039,14,1_562519359,1_4323,1774640820,1774640863,default
1774641066,1_12770,1_100228,48,1_721358959,1_8000,1774641040,1774641130,default
1774641066,1_84372,1_100048,153,1_635458339,1_7311,1774641102,1774641044,default
1774641066,1_320,40_594,594,40_158020,40_9726,1774641240,1774641076,default
1774641066,1_575,1_100263,7,1_650129899,1_4545,1774641000,1774641107,default
1774641066,1_575,1_100219,4,1_675345309,1_4304,1774641060,1774641113,default
1774641066,1_2850,1_100089,2,1_491928769,1_7085,1774641180,1774640572,default
1774641066,1_46505,1_102619,F Line,1_656237129,1_7976074,1774641480,1774641480,default
1774641066,1_46505,1_102619,F Line,1_656236409,1_7976083,1774642380,1774642380,default
1774641066,1_72494,1_100160,269,1_720966179,1_7976341,1774642740,1774642740,default
1774641066,1_52306,1_102619,F Line,1_656236989,1_7976017,1774641300,1774641300,default
1774641066,1_52306,1_102619,F Line,1_656237229,1_7976229,1774642200,1774642200,default
1774641066,1_52306,1_102719,161,1_635446249,1_7976230,1774642620,1774642620,default
1774641066,1_80121,1_102719,161,1_635446589,1_7319,1774641476,1774641239,default
1774641066,1_8530,1_100005,106,1_727785399,1_7092,1774641546,1774641117,default
1774641066,1_8530,1_100039,14,1_562519449,1_7974986,1774640752,1774641164,default
1774641066,1_59282,1_100072,181,1_721481509,1_7130,1774641480,1774640716,default
1774641066,1_59282,1_102717,165,1_664465399,1_7476,1774642020,1774640735,default
1774641066,1_75850,1_102615,E Line,1_761418079,1_6086,1774641417,1774641127,default
1774641066,1_10912,1_100162,271,1_569496969,1_7976364,1774641360,1774641360,default
1774641066,1_10912,40_100511,542,40_569565599,40_7976608,1774642080,1774642080,default
1774641066,1_10912,1_100162,271,1_569496319,1_7976351,1774642260,1774642260,default
1774641066,1_10912,1_100162,271,1_569497139,1_7976667,1774643160,1774643160,default
1774641066,1_71960,40_100511,542,40_721031389,40_7976685,1774641660,1774641660,default
1774641066,1_52081,1_102736,H Line,1_694056809,1_6062,1774641279,1774641158,default
1774641366,1_85800,1_100196,331,1_778699089,1_7253,1774641492,1774641442,default
1774641366,1_60161,1_100042,148,1_762077439,1_7976051,1774642440,1774642440,default
1774641366,1_320,40_100239,550,40_597752099,40_9578,1774641300,1774641420,default
1774641366,1_575,1_100210,36,1_630542949,1_4316,1774641780,1774641367,default
1774641366,1_575,1_102576,C Line,1_774680759,1_6257,1774641480,1774641467,default
1774641366,1_46505,1_102619,F Line,1_656237129,1_7976074,1774641480,1774641480,default
1774641366,1_46505,1_102619,F Line,1_656236409,1_7976083,1774642380,1774642380,default
1774641366,1_40060,1_102574,40,1_778707099,1_8257,1774641411,1774641228,default
1774641366,1_47660,1_102736,H Line,1_694056899,1_6077,1774641475,1774641307,default
1774641366,1_1510,1_100005,106,1_727785399,1_7092,1774641792,1774641322,default
1774641366,3_31002,1_102736,H Line,1_694056809,1_6062,1774641441,1774641272,default
1774641366,1_72494,1_100160,269,1_720966179,1_7976341,1774642740,1774642740,default
1774641366,1_52306,1_102619,F Line,1_656237229,1_7976229,1774642200,1774642200,default
1774641366,1_52306,1_102719,161,1_635446249,1_7976230,1774642620,1774642620,default
1774641366,1_80121,1_102719,161,1_635446589,1_7319,1774641476,1774641387,default
1774641366,1_40065,1_102574,40,1_778707099,1_8257,1774641513,1774641433,default
1774641366,1_59282,1_102717,165,1_664465399,1_7476,1774642020,1774640735,default
1774641366,1_14280,1_102581,D Line,1_628189679,1_6096,1774641540,1774641476,default
1774641366,1_620,40_100239,550,40_597754139,40_9574,1774641600,1774641684,default
1774641366,1_10912,40_100511,542,40_569565599,40_7976608,1774642080,1774642080,default
1774641366,1_10912,1_100162,271,1_569496319,1_7976351,1774642260,1774642260,default
1774641366,1_10912,1_100162,271,1_569497139,1_7976667,1774643160,1774643160,default
1774641366,1_71960,40_100511,542,40_721031389,40_9687,1774641660,1774641430,default
1774641366,1_71960,40_100511,542,40_721031389,40_7976685,1774641660,1774641660,default
1774641366,1_16140,1_100196,331,1_778699089,1_7253,1774641599,1774641484,default
1774641666,1_52638,40_574,574,40_3766020,40_9730,1774641242,1774641683,default
1774641666,1_60161,1_100042,148,1_762077439,1_7976051,1774642440,1774642440,default
1774641666,1_970,1_100003,101,1_762100969,1_8184,1774641654,1774641688,default
1774641666,1_575,1_100210,36,1_630542949,1_7974908,1774641780,1774641318,default
1774641666,1_575,1_100263,7,1_650129909,1_4503,1774641660,1774641759,default
1774641666,1_13830,1_102581,D Line,1_732749249,1_6092,1774641671,1774641712,default
1774641666,1_2850,1_100089,2,1_491928779,1_7080,1774642080,1774641508,default
1774641666,1_2850,1_100089,2,1_491928779,1_7975120,1774642080,1774642080,default
1774641666,1_46505,1_102619,F Line,1_656236409,1_7976083,1774642380,1774642380,default
1774641666,1_1510,1_100210,36,1_630543149,1_4389,1774641818,1774641666,default
1774641666,1_72494,1_100160,269,1_720966179,1_7976341,1774642740,1774642740,default
1774641666,1_52306,1_102619,F Line,1_656237229,1_7976229,1774642200,1774642200,default
1774641666,1_52306,1_102719,161,1_635446249,1_7976230,1774642620,1774642620,default
1774641666,1_8530,1_100039,14,1_562521019,1_4320,1774641652,1774641817,default
1774641666,1_40030,1_102574,40,1_690033879,1_8112,1774641735,1774641788,default
1774641666,1_72446,1_102752,223,1_771129919,1_7369,1774641853,1774641762,default
1774641666,1_2200,1_100275,8,1_759808679,1_8041,1774642893,1774641718,default
1774641666,1_2200,1_102581,D Line,1_732749299,1_6090,1774641685,1774641803,default
1774641666,1_59282,1_102717,165,1_664465399,1_7476,1774642020,1774640735,default
1774641666,1_620,40_100240,554,40_774870569,40_9811,1774641600,1774641969,default
1774641666,1_620,40_510,510,40_15047459__KPOB-CS:253:2:Thu-Fri:1:25SEP:85035:45,40_KPOB-CS:253:2:Thu-Fri:1:25SEP:85035:45,1774645200,1774645661,default
1774641666,1_10912,40_100511,542,40_569565599,40_7976608,1774642080,1774642080,default
1774641666,1_10912,1_100162,271,1_569496319,1_7976351,1774642260,1774642260,default
1774641666,1_10912,1_100162,271,1_569497139,1_7976667,1774643160,1774643160,default
1774641666,1_10912,40_100511,542,40_569569649,40_7976607,1774643880,1774643880,default
1774641966,1_60161,1_100042,148,1_762077439,1_7976051,1774642440,1774642440,default
1774641966,1_2850,1_100089,2,1_491928779,1_7080,1774642080,1774641508,default
1774641966,1_46505,1_102619,F Line,1_656236409,1_7976083,1774642380,1774642380,default
1774641966,1_46505,1_102619,F Line,1_656236669,1_7976226,1774643280,1774643280,default
1774641966,3_31002,40_560,560,40_3340020,40_9122,1774642165,1774642125,default
1774641966,1_72494,1_100160,269,1_720966179,1_7976341,1774642740,1774642740,default
1774641966,1_52306,1_102619,F Line,1_656237229,1_7976229,1774642200,1774642200,default
1774641966,1_52306,1_102719,161,1_635446249,1_7976230,1774642620,1774642620,default
1774641966,1_52306,1_102619,F Line,1_656236569,1_7976085,1774643100,1774643100,default
1774641966,1_60710,1_100512,A Line,1_721482619,1_6272,1774642015,1774642140,default
1774641966,1_72391,1_102701,225,1_825187099,1_7386,1774642225,1774642025,default
1774641966,1_620,40_100236,545,40_560089459,40_9663,1774641960,1774642211,default
1774641966,1_620,40_100239,550,40_597756359,40_9810,1774642500,1774642475,default
1774641966,1_620,40_510,510,40_15047459__KPOB-CS:253:2:Thu-Fri:1:25SEP:85035:45,40_KPOB-CS:253:2:Thu-Fri:1:25SEP:85035:45,1774645200,1774645342,default
1774641966,1_10912,1_100162,271,1_569496319,1_7976351,1774642260,1774642260,default
1774641966,1_10912,1_100162,271,1_569497139,1_7976667,1774643160,1774643160,default
1774641966,1_10912,40_100511,542,40_569569649,40_7976607,1774643880,1774643880,default
1774641966,1_71960,1_102752,223,1_771129919,1_7369,1774642140,1774642024,default
1774641966,1_8403,1_100039,14,1_562519399,1_4364,1774641780,1774641884,default
1774642266,1_12170,1_100039,14,1_562519399,1_4364,1774642359,1774642378,default
1774642266,1_60161,1_100042,148,1_762077439,1_7976051,1774642440,1774642440,default
1774642266,1_575,1_100001,1,1_562519439,1_4395,1774641540,1774642347,default
1774642266,1_46505,1_102619,F Line,1_656236409,1_7976083,1774642380,1774642380,default
1774642266,1_46505,1_102619,F Line,1_656236669,1_7976226,1774643280,1774643280,default
1774642266,1_29423,1_102732,79,1_561369389,1_7975558,1774643400,1774643400,default
1774642266,1_40060,1_102574,40,1_778706389,1_8252,1774642311,1774642285,default
1774642266,1_280,40_100240,554,40_560096849,40_7976690,1774641473,1774642317,default
1774642266,1_27420,1_100249,60,1_689960959,1_7166,1774642268,1774642384,default
1774642266,1_40012,1_100026,128,1_651742609,1_7143,1774642575,1774642290,default
1774642266,1_72494,1_100160,269,1_720966179,1_7976341,1774642740,1774642740,default
1774642266,1_52306,1_102719,161,1_635446249,1_7976230,1774642620,1774642620,default
1774642266,1_52306,1_102619,F Line,1_656236569,1_7976085,1774643100,1774643100,default
1774642266,1_8530,1_100263,7,1_650129919,1_4520,1774641373,1774642359,default
1774642266,1_59872,1_102619,F Line,1_656236769,1_6008,1774642458,1774642405,default
1774642266,1_81749,1_100160,269,1_761787499,1_7461,1774642234,1774642464,default
1774642266,1_620,40_100239,550,40_597756359,40_9810,1774642500,1774642345,default
1774642266,1_620,40_510,510,40_15047459__KPOB-CS:253:2:Thu-Fri:1:25SEP:85035:45,40_KPOB-CS:253:2:Thu-Fri:1:25SEP:85035:45,1774645200,1774645200,default
1774642266,1_22460,1_100111,22,1_635462289,1_7058,1774642531,1774642338,default
1774642266,1_10912,1_100228,48,1_721359689,1_8042,1774642440,1774642386,default
1774642266,1_10912,1_100162,271,1_569497139,1_7976667,1774643160,1774643160,default
1774642266,1_10912,40_100511,542,40_569569649,40_7976607,1774643880,1774643880,default
1774642266,1_10912,1_100162,271,1_569496459,1_7976349,1774644000,1774644000,default
1774642266,1_52081,1_102736,H Line,1_694056839,1_6050,1774642479,1774642322,default
1774642566,1_575,1_100089,2,1_491928769,1_7085,1774642620,1774642676,default
1774642566,1_575,1_102576,C Line,1_774681689,1_6220,1774642080,1774642676,default
1774642566,1_2850,1_100089,2,1_491928789,1_7136,1774642980,1774642271,default
1774642566,1_46505,1_102619,F Line,1_656236669,1_7976226,1774643280,1774643280,default
1774642566,1_29423,1_102732,79,1_561369389,1_7975558,1774643400,1774643400,default
1774642566,1_72494,1_100160,269,1_720966179,1_7976341,1774642740,1774642740,default
1774642566,1_72494,1_100160,269,1_720963939,1_7976395,1774644600,1774644600,default
1774642566,1_52306,40_560,560,40_3340020,40_9122,1774642860,1774642814,default
1774642566,1_52306,1_102619,F Line,1_656236569,1_7976085,1774643100,1774643100,default
1774642566,1_57804,1_100072,181,1_721481979,1_7453,1774642756,1774642916,default
1774642566,1_59282,1_100072,181,1_721481839,1_7454,1774643340,1774642454,default
1774642566,1_25791,1_100214,372,1_694306569,1_6961,1774642680,1774642799,default
1774642566,1_620,40_100236,545,40_560088819,40_7976562,1774642860,1774642880,default
1774642566,1_620,40_100240,554,40_774869429,40_9668,1774642920,1774642955,default
1774642566,1_620,40_510,510,40_15047459__KPOB-CS:253:2:Thu-Fri:1:25SEP:85035:45,40_KPOB-CS:253:2:Thu-Fri:1:25SEP:85035:45,1774645200,1774645200,default
1774642566,1_10912,1_100162,271,1_569497139,1_7976667,1774643160,1774643160,default
1774642566,1_10912,40_100511,542,40_569569649,40_7976607,1774643880,1774643880,default
1774642566,1_10912,1_100162,271,1_569496459,1_7976349,1774644000,1774644000,default
1774642566,1_71960,40_100511,542,40_721030849,40_7976686,1774643460,1774643460,default
1774642566,1_8403,1_100039,14,1_562519369,1_4312,1774642680,1774642692,default
1774642566,1_41900,1_100249,60,1_689961199,1_7144,1774642800,1774642676,default
1774642866,1_970,40_578,578,40_2518020,40_9221,1774643067,1774642870,default
1774642866,1_2850,1_100089,2,1_491928789,1_7136,1774642980,1774642271,default
1774642866,1_2850,1_100089,2,1_491928799,1_7029,1774643700,1774643451,default
1774642866,1_46505,1_102619,F Line,1_656236669,1_7976226,1774643280,1774643280,default
1774642866,1_46505,1_102619,F Line,1_694521839,1_7976003,1774644180,1774644180,default
1774642866,1_29423,1_102732,79,1_561369389,1_7975558,1774643400,1774643400,default
1774642866,1_1190,40_100239,550,40_597756359,40_9810,1774642960,1774642892,default
1774642866,1_27420,1_100249,60,1_689961199,1_7144,1774642988,1774642816,default
1774642866,1_72494,1_100160,269,1_720963939,1_7976395,1774644600,1774644600,default
1774642866,1_52306,1_102619,F Line,1_656236569,1_7976085,1774643100,1774643100,default
1774642866,1_52306,1_102619,F Line,1_656236269,1_7976225,1774644000,1774644000,default
1774642866,1_99254,1_100045,150,1_724421159,1_8161,1774642780,1774643030,default
1774642866,1_2200,1_102581,D Line,1_732749259,1_6089,1774642825,1774643044,default
1774642866,1_59282,1_100072,181,1_721481839,1_7454,1774643340,1774642454,default
1774642866,1_59282,1_102717,165,1_664465409,1_7976039,1774643820,1774643820,default
1774642866,1_620,40_100236,545,40_560088819,40_7976562,1774642860,1774643135,default
1774642866,1_620,40_510,510,40_15047459__KPOB-CS:253:2:Thu-Fri:1:25SEP:85035:45,40_KPOB-CS:253:2:Thu-Fri:1:25SEP:85035:45,1774645200,1774645200,default
1774642866,1_620,40_510,510,40_15046930__KPOB-CS:253:2:Thu-Fri:1:25SEP:85049:45,40_KPOB-CS:253:2:Thu-Fri:1:25SEP:85049:45,1774646400,1774645461,default
1774642866,1_10912,1_100162,271,1_569497139,1_7419,1774643160,1774643160,default
1774642866,1_10912,40_100511,542,40_569569649,40_7976607,1774643880,1774643880,default
1774642866,1_10912,1_100162,271,1_569496459,1_7976349,1774644000,1774644000,default
1774642866,1_10912,1_100162,271,1_569496749,1_7976670,1774644900,1774644900,default
1774642866,1_71960,40_100511,542,40_721030849,40_7976686,1774643460,1774643460,default
1774642866,1_81982,1_100196,331,1_778699239,1_7214,1774642981,1774643056,default
1774642866,1_52081,1_102736,H Line,1_694057139,1_6067,1774643079,1774642975,default
1774642866,1_8403,1_100039,14,1_562519369,1_4312,1774642680,1774642707,default
1774643166,1_12170,1_100039,14,1_562519369,1_4312,1774643259,1774643259,default
1774643166,1_60161,1_100042,148,1_762077449,1_7976071,1774644240,1774644240,default
1774643166,1_12770,1_100228,48,1_721361389,1_8007,1774642900,1774643190,default
1774643166,1_320,40_100239,550,40_597754079,40_9574,1774643100,1774643223,default
1774643166,1_575,1_102576,C Line,1_774680629,1_6259,1774643280,1774643100,default
1774643166,1_2850,1_100089,2,1_491928799,1_7029,1774643700,1774643646,default
1774643166,1_2850,1_100089,2,1_491928799,1_7975122,1774643700,1774643700,default
1774643166,1_46505,1_102619,F Line,1_656236669,1_7976226,1774643280,1774643280,default
1774643166,1_46505,1_102619,F Line,1_694521839,1_7976003,1774644180,1774644180,default
1774643166,1_29423,1_102732,79,1_561369389,1_7975558,1774643400,1774643400,default
1774643166,1_40060,1_102574,40,1_778706149,1_8295,1774643211,1774643156,default
1774643166,1_27420,23_102638,First Hill Streetcar,23_55295703,23_404,1774643160,1774643339,default
1774643166,3_31002,1_102736,H Line,1_694057139,1_6067,1774643241,1774643196,default
1774643166,1_72494,1_100160,269,1_720963939,1_7976395,1774644600,1774644600,default
1774643166,1_52306,1_102619,F Line,1_656236269,1_7976225,1774644000,1774644000,default
1774643166,1_45670,1_100210,36,1_630543049,1_7974910,1774643184,1774643262,default
1774643166,1_40065,1_102574,40,1_778706149,1_8295,1774643313,1774643279,default
1774643166,1_59282,1_100072,181,1_721481839,1_7454,1774643340,1774642454,default
1774643166,1_59282,1_102717,165,1_664465409,1_7976039,1774643820,1774643820,default
1774643166,1_2260,1_100275,8,1_759808679,1_8041,1774643408,1774643297,default
1774643166,1_620,40_100239,550,40_597754859,40_7976642,1774643400,1774643837,default
1774643166,1_620,40_510,510,40_15046930__KPOB-CS:253:2:Thu-Fri:1:25SEP:85049:45,40_KPOB-CS:253:2:Thu-Fri:1:25SEP:85049:45,1774646400,1774645076,default
1774643166,1_620,40_510,510,40_15047459__KPOB-CS:253:2:Thu-Fri:1:25SEP:85035:45,40_KPOB-CS:253:2:Thu-Fri:1:25SEP:85035:45,1774645200,1774645200,default
1774643166,1_10912,40_100511,542,40_569569649,40_7976607,1774643880,1774643880,default
1774643166,1_10912,1_100162,271,1_569496459,1_7976349,1774644000,1774644000,default
1774643166,1_10912,1_100162,271,1_569496749,1_7976670,1774644900,1774644900,default
1774643166,1_71960,40_100511,542,40_721030849,40_7976686,1774643460,1774643460,default
1774643466,1_60161,1_100042,148,1_762077449,1_7976071,1774644240,1774644240,default
1774643466,1_2850,1_100089,2,1_491928799,1_7975122,1774643700,1774643700,default
1774643466,1_46505,1_102619,F Line,1_694521839,1_7976003,1774644180,1774644180,default
1774643466,3_31002,40_560,560,40_1422020,40_9202,1774643905,1774643829,default
1774643466,1_72494,1_100160,269,1_720963939,1_7976395,1774644600,1774644600,default
1774643466,1_52306,1_102619,F Line,1_656236269,1_7976225,1774644000,1774644000,default
1774643466,1_52306,1_102719,161,1_635446259,1_7976132,1774644420,1774644420,default
1774643466,1_8530,1_100005,106,1_727785379,1_7142,1774643346,1774643588,default
1774643466,1_59282,1_102717,165,1_664465409,1_7190,1774643820,1774643352,default
1774643466,1_59282,1_102717,165,1_664465409,1_7976039,1774643820,1774643820,default
1774643466,1_25791,1_100214,372,1_694305979,1_6942,1774643580,1774643655,default
1774643466,1_620,40_100236,545,40_560090189,40_9649,1774643760,1774643760,default
1774643466,1_620,40_100236,545,40_560090189,40_7976572,1774643760,1774643760,default
1774643466,1_620,40_100239,550,40_597754859,40_7976642,1774643400,1774643862,default
1774643466,1_620,40_510,510,40_15046930__KPOB-CS:253:2:Thu-Fri:1:25SEP:85049:45,40_KPOB-CS:253:2:Thu-Fri:1:25SEP:85049:45,1774646400,1774644984,default
1774643466,1_620,40_510,510,40_15047459__KPOB-CS:253:2:Thu-Fri:1:25SEP:85035:45,40_KPOB-CS:253:2:Thu-Fri:1:25SEP:85035:45,1774645200,1774645200,default
1774643466,1_10912,40_100511,542,40_569569649,40_7976607,1774643880,1774643880,default
1774643466,1_10912,1_100162,271,1_569496459,1_7976349,1774644000,1774644000,default
1774643466,1_10912,1_100162,271,1_569496749,1_7976670,1774644900,1774644900,default
1774643466,1_10912,40_100511,542,40_569570759,40_7976685,1774645680,1774645680,default
1774643844,1_60161,1_100042,148,1_762077449,1_7976071,1774644240,1774644240,default
1774643844,1_46505,1_102619,F Line,1_694521839,1_7976003,1774644180,1774644180,default
1774643844,1_46505,1_102619,F Line,1_694521239,1_7975997,1774645080,1774645080,default
1774643844,1_72494,1_100160,269,1_720963939,1_7976395,1774644600,1774644600,default
1774643844,1_52306,1_102619,F Line,1_656236269,1_7976225,1774644000,1774644000,default
1774643844,1_52306,1_102719,161,1_635446259,1_7976132,1774644420,1774644420,default
1774643844,1_52306,1_102619,F Line,1_656236879,1_7976142,1774644900,1774644900,default
1774643844,1_57791,1_102718,184,1_635442849,1_7975994,1774643723,1774644103,default
1774643844,1_620,40_100239,550,40_597756279,40_9690,1774644300,1774644479,default
1774643844,1_620,40_510,510,40_15046930__KPOB-CS:253:2:Thu-Fri:1:25SEP:85049:45,40_KPOB-CS:253:2:Thu-Fri:1:25SEP:85049:45,1774646400,1774645029,default
1774643844,1_620,40_510,510,40_15047459__KPOB-CS:253:2:Thu-Fri:1:25SEP:85035:45,40_KPOB-CS:253:2:Thu-Fri:1:25SEP:85035:45,1774645200,1774645200,default
1774643844,1_10912,1_100162,271,1_569496749,1_7976670,1774644900,1774644900,default
1774643844,1_10912,40_100511,542,40_569570759,40_7976685,1774645680,1774645680,default
1774643844,1_10912,1_100162,271,1_569496199,1_7976348,1774645800,1774645800,default
1774643844,1_71960,1_102752,223,1_771129939,1_7321,1774644000,1774644046,default
1774644144,1_60161,1_100042,148,1_762077449,1_7976071,1774644240,1774644240,default
1774644144,1_575,1_100219,4,1_675345339,1_4311,1774643760,1774644201,default
1774644144,1_46505,1_102619,F Line,1_694521239,1_7975997,1774645080,1774645080,default
1774644144,1_72494,1_100160,269,1_720963939,1_7976395,1774644600,1774644600,default
1774644144,1_84810,1_102752,223,1_825197149,1_7411,1774643994,1774644235,default
1774644144,1_52306,1_102719,161,1_635446259,1_7976132,1774644420,1774644420,default
1774644144,1_52306,1_102619,F Line,1_656236879,1_7976142,1774644900,1774644900,default
1774644144,1_52306,1_102719,161,1_664467819,1_7976123,1774646040,1774646040,default
1774644144,1_8530,1_100039,14,1_562519499,1_4323,1774644352,1774644309,default
1774644144,1_99254,40_594,594,40_1484020,40_9308,1774644393,1774644251,default
1774644144,1_70665,1_102704,250,1_720962279,1_7227,1774643991,1774644264,default
1774644144,1_2200,1_102581,D Line,1_732749169,1_6051,1774644025,1774644339,default
1774644144,1_23905,1_100214,372,1_694306069,1_6972,1774644098,1774644281,default
1774644144,1_620,40_100239,550,40_597756279,40_9690,1774644300,1774644349,default
1774644144,1_620,40_100240,554,40_774870359,40_9688,1774644240,1774644512,default
1774644144,1_620,40_510,510,40_15046930__KPOB-CS:253:2:Thu-Fri:1:25SEP:85049:45,40_KPOB-CS:253:2:Thu-Fri:1:25SEP:85049:45,1774646400,1774644974,default
1774644144,1_620,40_510,510,40_15047459__KPOB-CS:253:2:Thu-Fri:1:25SEP:85035:45,40_KPOB-CS:253:2:Thu-Fri:1:25SEP:85035:45,1774645200,1774645200,default
1774644144,1_10912,1_100162,271,1_569496749,1_7976670,1774644900,1774644900,default
1774644144,1_10912,40_100511,542,40_569570759,40_7976685,1774645680,1774645680,default
1774644144,1_10912,1_100162,271,1_569496199,1_7976348,1774645800,1774645800,default
1774644144,1_71960,40_100511,542,40_721031319,40_7976608,1774645260,1774645260,default
1774644444,1_12170,1_100039,14,1_562519419,1_4407,1774644159,1774644508,default
1774644444,1_970,1_100045,150,1_762102219,1_8140,1774644414,1774644488,default
1774644444,1_2850,1_100089,2,1_491928809,1_7150,1774644660,1774643993,default
1774644444,1_2850,1_100089,2,1_491928819,1_7090,1774645440,1774644991,default
1774644444,1_46505,1_102619,F Line,1_694521239,1_6008,1774645080,1774644197,default
1774644444,1_46505,1_102619,F Line,1_694521239,1_7975997,1774645080,1774645080,default
1774644444,1_72494,1_100160,269,1_720963939,1_7976395,1774644600,1774644600,default
1774644444,1_72494,1_100160,269,1_720964899,1_7976343,1774646400,1774646400,default
1774644444,1_79610,1_100006,107,1_635437349,1_3715,1774644652,1774644463,default
1774644444,1_52306,40_560,560,40_1422020,40_9202,1774644600,1774644613,default
1774644444,1_52306,1_102619,F Line,1_656236879,1_7976142,1774644900,1774644900,default
1774644444,1_52306,1_102719,161,1_664467819,1_7976123,1774646040,1774646040,default
1774644444,1_57804,1_100072,181,1_721481519,1_7196,1774644556,1774644588,default
1774644444,1_59282,1_100072,181,1_721481689,1_7453,1774645080,1774643994,default
1774644444,1_25791,1_100214,372,1_694306729,1_6914,1774644480,1774644624,default
1774644444,1_620,40_594,594,40_1484020,40_9308,1774644780,1774644638,default
1774644444,1_620,40_100236,545,40_560088269,40_7976567,1774644660,1774644660,default
1774644444,1_620,40_100239,550,40_597752709,40_9815,1774645200,1774645000,default
1774644444,1_620,40_510,510,40_15046930__KPOB-CS:253:2:Thu-Fri:1:25SEP:85049:45,40_KPOB-CS:253:2:Thu-Fri:1:25SEP:85049:45,1774646400,1774645093,default
1774644444,1_620,40_510,510,40_15047459__KPOB-CS:253:2:Thu-Fri:1:25SEP:85035:45,40_KPOB-CS:253:2:Thu-Fri:1:25SEP:85035:45,1774645200,1774645200,default
1774644444,1_10912,1_100162,271,1_569496749,1_7976670,1774644900,1774644900,default
1774644444,1_10912,40_100511,542,40_569570759,40_7976685,1774645680,1774645680,default
1774644444,1_10912,1_100162,271,1_569496199,1_7976348,1774645800,1774645800,default
1774644444,1_71960,40_100511,542,40_721031319,40_7976608,1774645260,1774645260,default
1774644444,1_8403,1_100039,14,1_562519489,1_4334,1774644480,1774644528,default
1774644744,1_103,1_102745,G Line,1_736435569,1_6409,1774644406,1774644775,default
1774644744,1_46505,1_102619,F Line,1_694521239,1_6008,1774645080,1774644197,default
1774644744,1_46505,1_102619,F Line,1_721496539,1_7976017,1774645980,1774645980,default
1774644744,1_27420,1_100249,60,1_689961159,1_7038,1774644428,1774644825,default
1774644744,1_72494,1_100160,269,1_720964899,1_7976343,1774646400,1774646400,default
1774644744,1_52306,1_102619,F Line,1_656236879,1_7976142,1774644900,1774644900,default
1774644744,1_52306,1_102619,F Line,1_656237139,1_7976074,1774645800,1774645800,default
1774644744,1_52306,1_102719,161,1_664467819,1_7976123,1774646040,1774646040,default
1774644744,1_8530,1_100263,7,1_650129979,1_4528,1774644973,1774644852,default
1774644744,1_40065,1_102574,40,1_778706509,1_8104,1774645165,1774644879,default
1774644744,1_59282,1_100072,181,1_721481689,1_7453,1774645080,1774643994,default
1774644744,1_59282,1_102717,165,1_664465419,1_7976089,1774645560,1774645636,default
1774644744,1_23905,1_100214,372,1_694305819,1_6992,1774644938,1774644794,default
1774644744,1_15540,1_100230,50,1_770997219,1_3725,1774644960,1774644769,default
1774644744,1_620,40_100239,550,40_597752709,40_9815,1774645200,1774644845,default
1774644744,1_620,40_100236,545,40_560088269,40_9685,1774644660,1774644924,default
1774644744,1_620,40_510,510,40_15047459__KPOB-CS:253:2:Thu-Fri:1:25SEP:85035:45,40_KPOB-CS:253:2:Thu-Fri:1:25SEP:85035:45,1774645200,1774645364,default
1774644744,1_620,40_510,510,40_15046930__KPOB-CS:253:2:Thu-Fri:1:25SEP:85049:45,40_KPOB-CS:253:2:Thu-Fri:1:25SEP:85049:45,1774646400,1774645368,default
1774644744,1_620,40_510,510,40_15047091__KPOB-CS:253:2:Thu-Fri:1:25SEP:85052:45,40_KPOB-CS:253:2:Thu-Fri:1:25SEP:85052:45,1774648200,1774647755,default
1774644744,1_10912,40_100511,542,40_569570759,40_7976685,1774645680,1774645680,default
1774644744,1_10912,1_100162,271,1_569496199,1_7976348,1774645800,1774645800,default
1774644744,1_10912,1_100162,271,1_569495949,1_7976350,1774646700,1774646700,default
1774644744,1_71960,40_100511,542,40_721031319,40_7976608,1774645260,1774645260,default
1774644744,1_52081,1_102736,H Line,1_694056869,1_6071,1774644939,1774644873,default
1774645044,1_12170,1_100039,14,1_562519489,1_4334,1774645059,1774645149,default
1774645044,1_60161,1_100042,148,1_762077569,1_7976052,1774645920,1774645920,default
1774645044,1_575,1_102615,E Line,1_761418389,1_7975617,1774645080,1774645080,default
1774645044,1_2850,1_100089,2,1_491928819,1_7090,1774645440,1774644425,default
1774645044,1_46505,1_102619,F Line,1_721496539,1_7976017,1774645980,1774645980,default
1774645044,1_47660,1_102736,H Line,1_694056829,1_6063,1774645135,1774645050,default
1774645044,1_72494,1_100160,269,1_720964899,1_7976343,1774646400,1774646400,default
1774645044,1_52306,1_102619,F Line,1_656237139,1_7976074,1774645800,1774645800,default
1774645044,1_52306,1_102719,161,1_664467819,1_7976123,1774646040,1774646040,default
1774645044,1_80121,1_102719,161,1_635446609,1_7064,1774645076,1774645134,default
1774645044,1_70665,1_100136,245,1_761787299,1_7247,1774645425,1774645078,default
1774645044,1_59282,1_102717,165,1_664465419,1_7976089,1774645560,1774645709,default
1774645044,1_620,40_100240,554,40_774869189,40_9681,1774645560,1774645313,default
1774645044,1_620,40_510,510,40_15047459__KPOB-CS:253:2:Thu-Fri:1:25SEP:85035:45,40_KPOB-CS:253:2:Thu-Fri:1:25SEP:85035:45,1774645200,1774645564,default
1774645044,1_620,40_510,510,40_15046930__KPOB-CS:253:2:Thu-Fri:1:25SEP:85049:45,40_KPOB-CS:253:2:Thu-Fri:1:25SEP:85049:45,1774646400,1774645609,default
1774645044,1_620,40_510,510,40_15047091__KPOB-CS:253:2:Thu-Fri:1:25SEP:85052:45,40_KPOB-CS:253:2:Thu-Fri:1:25SEP:85052:45,1774648200,1774647395,default
1774645044,1_10912,40_100511,542,40_569570759,40_7976685,1774645680,1774645680,default
1774645044,1_10912,1_100162,271,1_569496199,1_7976348,1774645800,1774645800,default
1774645044,1_10912,1_100162,271,1_569495949,1_7976350,1774646700,1774646700,default
1774645044,1_71960,40_100511,542,40_721031319,40_7976608,1774645260,1774645260,default
1774645344,1_85800,1_100196,331,1_778699359,1_7233,1774645092,1774645423,default
1774645344,1_60161,1_100042,148,1_762077569,1_7976052,1774645920,1774645920,default
1774645344,1_2850,1_100089,2,1_491928819,1_7090,1774645440,1774644425,default
1774645344,1_46505,1_102619,F Line,1_721496539,1_7976017,1774645980,1774645980,default
1774645344,1_27420,1_100249,60,1_689961149,1_7192,1774645148,1774645403,default
1774645344,1_57453,1_102720,160,1_721492369,1_7333,1774645560,1774645318,default
1774645344,1_1510,1_100001,1,1_562519679,1_4364,1774645451,1774645337,default
1774645344,3_31002,40_560,560,40_3743020,40_41510,1774645645,1774645695,default
1774645344,1_72494,1_100160,269,1_720964899,1_7976343,1774646400,1774646400,default
1774645344,1_84810,1_102752,223,1_825197159,1_7369,1774645194,1774645427,default
1774645344,1_52306,1_102619,F Line,1_656237139,1_7976074,1774645800,1774645800,default
1774645344,1_52306,1_102719,161,1_664467819,1_7976123,1774646040,1774646040,default
1774645344,1_9605,1_100259,67,1_657909749,1_7975669,1774645320,1774645470,default
1774645344,1_2200,1_102581,D Line,1_732749489,1_6096,1774645225,1774645475,default
1774645344,1_59282,1_102717,165,1_664465419,1_7976089,1774645560,1774645683,default
1774645344,1_57791,1_102718,184,1_635442859,1_7077,1774645523,1774645556,default
1774645344,1_620,1_100003,101,1_762101089,1_6965,1774645020,1774645510,default
1774645344,1_620,40_100236,545,40_560088719,40_7976555,1774645560,1774645560,default
1774645344,1_620,40_100236,545,40_560088719,40_9648,1774645560,1774645581,default
1774645344,1_620,40_510,510,40_15046930__KPOB-CS:253:2:Thu-Fri:1:25SEP:85049:45,40_KPOB-CS:253:2:Thu-Fri:1:25SEP:85049:45,1774646400,1774645969,default
1774645344,1_620,40_510,510,40_15047091__KPOB-CS:253:2:Thu-Fri:1:25SEP:85052:45,40_KPOB-CS:253:2:Thu-Fri:1:25SEP:85052:45,1774648200,1774647037,default
1774645344,1_620,40_515,515,40_15047030__KPOB-CS:253:2:Thu-Fri:1:25SEP:85053:45,40_KPOB-CS:253:2:Thu-Fri:1:25SEP:85053:45,1774648800,1774647892,default
1774645344,1_10912,40_100511,542,40_569570759,40_7976685,1774645680,1774645680,default
1774645344,1_10912,1_100162,271,1_569496199,1_7976348,1774645800,1774645800,default
1774645344,1_10912,1_100162,271,1_569495949,1_7976350,1774646700,1774646700,default
1774645344,1_71960,1_102752,223,1_766488229,1_7459,1774645320,1774645600,default
1774645344,1_52081,1_102736,H Line,1_694056859,1_6069,1774645539,1774645498,default
1774645344,1_8403,1_100039,14,1_562519539,1_4319,1774645380,1774645526,default
1774645344,1_58144,1_102719,161,1_635446249,1_7976230,1774645140,1774645523,default
1774645644,1_60161,1_100042,148,1_762077569,1_3702,1774645920,1774645429,default
1774645644,1_60161,1_100042,148,1_762077569,1_7976052,1774645920,1774645920,default
1774645644,1_970,40_578,578,40_675020,40_9736,1774644867,1774645746,default
1774645644,1_320,40_100240,554,40_560098559,40_9668,1774645200,1774645693,default
1774645644,1_2850,1_100089,2,1_491928829,1_7007,1774646460,1774646121,default
1774645644,1_46505,1_102619,F Line,1_721496539,1_7976017,1774645980,1774645980,default
1774645644,1_46505,1_102619,F Line,1_721496779,1_7976229,1774646880,1774646880,default
1774645644,3_31002,40_560,560,40_3743020,40_41510,1774645645,1774645737,default
1774645644,1_72494,1_100160,269,1_720964899,1_7976343,1774646400,1774646400,default
1774645644,1_52306,1_102619,F Line,1_656237139,1_7976074,1774645800,1774645800,default
1774645644,1_52306,1_102719,161,1_664467819,1_7976123,1774646040,1774646040,default
1774645644,1_52306,1_102619,F Line,1_656236419,1_7976083,1774646700,1774646700,default
1774645644,1_58112,1_102619,F Line,1_656236669,1_6228,1774645281,1774645760,default
1774645644,1_11060,1_100447,49,1_650118499,1_7082,1774645230,1774645766,default
1774645644,1_59282,1_102717,165,1_664465419,1_7976089,1774645560,1774645800,default
1774645644,1_10210,1_100264,70,1_724577479,1_8213,1774645606,1774645802,default
1774645644,1_620,40_510,510,40_15046930__KPOB-CS:253:2:Thu-Fri:1:25SEP:85049:45,40_KPOB-CS:253:2:Thu-Fri:1:25SEP:85049:45,1774646400,1774646269,default
1774645644,1_620,40_510,510,40_15047091__KPOB-CS:253:2:Thu-Fri:1:25SEP:85052:45,40_KPOB-CS:253:2:Thu-Fri:1:25SEP:85052:45,1774648200,1774647035,default
1774645644,1_620,40_515,515,40_15047030__KPOB-CS:253:2:Thu-Fri:1:25SEP:85053:45,40_KPOB-CS:253:2:Thu-Fri:1:25SEP:85053:45,1774648800,1774647525,default
1774645644,1_10912,1_100162,271,1_569495949,1_7976350,1774646700,1774646700,default
1774645644,1_10912,40_100511,542,40_569570779,40_7976686,1774647480,1774647480,default
1774645644,1_10912,1_100162,271,1_569495869,1_7976674,1774647660,1774647660,default
1774645944,1_970,40_592,592,40_1851020,40_41511,1774646010,1774646010,default
1774645944,1_7790,1_102615,E Line,1_761417859,1_6094,1774646109,1774645918,default
1774645944,1_575,1_100210,36,1_630543849,1_7974904,1774645980,1774645815,default
1774645944,1_575,1_100210,36,1_630543849,1_4351,1774645980,1774645897,default
1774645944,1_46505,1_102619,F Line,1_721496779,1_7976229,1774646880,1774646880,default
1774645944,1_29423,1_102732,79,1_561369479,1_7975557,1774647000,1774647000,default
1774645944,1_72494,1_100160,269,1_720964899,1_7976343,1774646400,1774646400,default
1774645944,1_59773,1_100045,150,1_694513819,1_8110,1774647238,1774645933,default
1774645944,1_52306,1_102719,161,1_664467819,1_7146,1774646040,1774645906,default
1774645944,1_52306,1_102719,161,1_664467819,1_7976123,1774646040,1774646040,default
1774645944,1_52306,1_102619,F Line,1_656236419,1_7976083,1774646700,1774646700,default
1774645944,1_52306,1_102719,161,1_664467829,1_7976093,1774647480,1774647480,default
1774645944,1_8530,1_100039,14,1_562519609,1_4312,1774646152,1774645979,default
1774645944,1_57804,1_100072,181,1_721481849,1_7482,1774646296,1774646567,default
1774645944,1_620,1_100045,150,1_694513279,1_8168,1774645980,1774646117,default
1774645944,1_620,40_510,510,40_15046930__KPOB-CS:253:2:Thu-Fri:1:25SEP:85049:45,40_KPOB-CS:253:2:Thu-Fri:1:25SEP:85049:45,1774646400,1774646508,default
1774645944,1_620,40_100239,550,40_597757399,40_9578,1774646100,1774646602,default
1774645944,1_620,40_510,510,40_15047091__KPOB-CS:253:2:Thu-Fri:1:25SEP:85052:45,40_KPOB-CS:253:2:Thu-Fri:1:25SEP:85052:45,1774648200,1774647130,default
1774645944,1_620,40_515,515,40_15047030__KPOB-CS:253:2:Thu-Fri:1:25SEP:85053:45,40_KPOB-CS:253:2:Thu-Fri:1:25SEP:85053:45,1774648800,1774647354,default
1774645944,1_620,40_510,510,40_15046984__KPOB-CS:253:2:Thu-Fri:1:25SEP:85056:45,40_KPOB-CS:253:2:Thu-Fri:1:25SEP:85056:45,1774649400,1774648333,default
1774645944,1_10912,1_100162,271,1_569495949,1_7976350,1774646700,1774646700,default
1774645944,1_10912,40_100511,542,40_569570779,40_7976686,1774647480,1774647480,default
1774645944,1_10912,1_100162,271,1_569495869,1_7976674,1774647660,1774647660,default
1774645944,1_10912,1_100162,271,1_581747189,1_7976720,1774648320,1774648320,default
1774645944,1_71960,40_100511,542,40_721030799,40_7976607,1774647060,1774647060,default
1774646244,1_320,40_592,592,40_1851020,40_41511,1774646280,1774646280,default
1774646244,1_575,1_100089,2,1_491928809,1_7150,1774646160,1774646350,default
1774646244,1_2850,1_100089,2,1_491928829,1_7007,1774646460,1774645591,default
1774646244,1_46505,1_102619,F Line,1_721496779,1_7976229,1774646880,1774646880,default
1774646244,1_29423,1_102732,79,1_561369479,1_7975557,1774647000,1774647000,default
1774646244,1_280,40_100240,554,40_560097129,40_7976696,1774646273,1774646295,default
1774646244,1_72494,1_100160,269,1_720964899,1_7976343,1774646400,1774646400,default
1774646244,1_72494,1_100160,269,1_720964319,1_7976380,1774648200,1774648200,default
1774646244,1_52306,40_560,560,40_3743020,40_41510,1774646340,1774646348,default
1774646244,1_52306,1_102619,F Line,1_656236419,1_7976083,1774646700,1774646700,default
1774646244,1_52306,1_102719,161,1_664467829,1_7976093,1774647480,1774647480,default
1774646244,1_57804,1_100072,181,1_721481849,1_7482,1774646296,1774646478,default
1774646244,1_59282,1_100072,181,1_721481989,1_7196,1774646880,1774646133,default
1774646244,1_59282,1_100072,181,1_721481989,1_7976037,1774646880,1774646880,default
1774646244,1_59282,1_102717,165,1_694516559,1_7976040,1774649340,1774649340,default
1774646244,1_81749,1_100160,269,1_761787979,1_7462,1774645954,1774646392,default
1774646244,1_620,40_100236,545,40_560089049,40_9683,1774646460,1774646467,default
1774646244,1_620,40_100239,550,40_597757399,40_9578,1774646100,1774646643,default
1774646244,1_620,40_510,510,40_15046930__KPOB-CS:253:2:Thu-Fri:1:25SEP:85049:45,40_KPOB-CS:253:2:Thu-Fri:1:25SEP:85049:45,1774646400,1774646644,default
1774646244,1_620,40_100239,550,40_597757369,40_9656,1774647060,1774646896,default
1774646244,1_620,40_510,510,40_15047091__KPOB-CS:253:2:Thu-Fri:1:25SEP:85052:45,40_KPOB-CS:253:2:Thu-Fri:1:25SEP:85052:45,1774648200,1774647209,default
1774646244,1_620,40_515,515,40_15047030__KPOB-CS:253:2:Thu-Fri:1:25SEP:85053:45,40_KPOB-CS:253:2:Thu-Fri:1:25SEP:85053:45,1774648800,1774647507,default
1774646244,1_620,40_510,510,40_15046984__KPOB-CS:253:2:Thu-Fri:1:25SEP:85056:45,40_KPOB-CS:253:2:Thu-Fri:1:25SEP:85056:45,1774649400,1774648138,default
1774646244,1_10912,1_100162,271,1_569495949,1_7976350,1774646700,1774646700,default
1774646244,1_10912,40_100511,542,40_569570779,40_7976686,1774647480,1774647480,default
1774646244,1_10912,1_100162,271,1_569495869,1_7976674,1774647660,1774647660,default
1774646244,1_10912,1_100162,271,1_581747189,1_7976720,1774648320,1774648320,default
1774646244,1_71960,1_102752,223,1_766488239,1_7423,1774646520,1774646434,default
1774646244,1_71960,40_100511,542,40_721030799,40_7976607,1774647060,1774647060,default
1774646244,1_8403,1_100039,14,1_562519569,1_4353,1774646280,1774646307,default
1774646544,1_320,40_594,594,40_2423020,40_61402,1774646700,1774646700,default
1774646544,1_575,1_100210,36,1_630542199,1_4355,1774646580,1774646611,default
1774646544,1_46505,1_102619,F Line,1_721496779,1_7976229,1774646880,1774646880,default
1774646544,1_46505,1_102619,F Line,1_721496129,1_7976085,1774647780,1774647780,default
1774646544,1_29423,1_102732,79,1_561369479,1_7975557,1774647000,1774647000,default
1774646544,1_27420,23_102638,First Hill Streetcar,23_55295707,23_404,1774646760,1774646731,default
1774646544,1_2320,1_100001,1,1_562519679,1_4364,1774646495,1774646607,default
1774646544,1_72494,1_100160,269,1_720964319,1_7976380,1774648200,1774648200,default
1774646544,1_52306,1_102619,F Line,1_656236419,1_7976083,1774646700,1774646700,default
1774646544,1_52306,1_102719,161,1_664467829,1_7976093,1774647480,1774647480,default
1774646544,1_8530,1_100263,7,1_650130009,1_4517,1774646773,1774646544,default
1774646544,1_59282,1_100072,181,1_721481989,1_7196,1774646880,1774646133,default
1774646544,1_59282,1_102717,165,1_664465429,1_7976049,1774647300,1774647300,default
1774646544,1_59282,1_102717,165,1_694516559,1_7976040,1774649340,1774649340,default
1774646544,1_85531,1_102757,187,1_762095089,1_7488,1774646760,1774646709,default
1774646544,1_60428,1_100045,150,1_694513589,1_8192,1774646753,1774646580,default
1774646544,1_31970,1_100026,128,1_651747349,1_7103,1774646678,1774646582,default
1774646544,1_25791,1_100214,372,1_694306339,1_6957,1774646280,1774646756,default
1774646544,1_620,40_100239,550,40_597757369,40_9656,1774647060,1774646806,default
1774646544,1_620,40_100240,554,40_774871429,40_9592,1774646880,1774646900,default
1774646544,1_620,40_510,510,40_15047091__KPOB-CS:253:2:Thu-Fri:1:25SEP:85052:45,40_KPOB-CS:253:2:Thu-Fri:1:25SEP:85052:45,1774648200,1774647163,default
1774646544,1_620,40_515,515,40_15047030__KPOB-CS:253:2:Thu-Fri:1:25SEP:85053:45,40_KPOB-CS:253:2:Thu-Fri:1:25SEP:85053:45,1774648800,1774647554,default
1774646544,1_620,40_510,510,40_15046984__KPOB-CS:253:2:Thu-Fri:1:25SEP:85056:45,40_KPOB-CS:253:2:Thu-Fri:1:25SEP:85056:45,1774649400,1774648263,default
1774646544,1_620,1_102754,256,1_778603689,1_7976702,1774649640,1774649640,default
1774646544,1_620,40_515,515,40_15046997__KPOB-CS:253:2:Thu-Fri:1:25SEP:85059:45,40_KPOB-CS:253:2:Thu-Fri:1:25SEP:85059:45,1774650000,1774649792,default
1774646544,1_10912,1_100224,44,1_664048629,1_4547,1774646809,1774646655,default
1774646544,1_10912,40_100511,542,40_569570779,40_7976686,1774647480,1774647480,default
1774646544,1_10912,1_100162,271,1_569495869,1_7976674,1774647660,1774647660,default
1774646544,1_10912,1_100162,271,1_581747189,1_7976720,1774648320,1774648320,default
1774646544,1_10912,40_100451,556,40_635882649,40_7976563,1774648800,1774648800,default
1774646544,1_10912,1_100162,271,1_581704389,1_7976671,1774648980,1774648980,default
1774646544,1_71960,40_100511,542,40_721030799,40_7976607,1774647060,1774647060,default
1774646544,1_52081,1_102736,H Line,1_694056499,1_6060,1774646739,1774646641,default
1774646844,1_12170,1_100039,14,1_562519569,1_4353,1774646859,1774646941,default
1774646844,1_60161,1_100042,148,1_762077559,1_3715,1774647660,1774646580,default
1774646844,1_575,1_100028,13,1_605110269,1_7090,1774646940,1774646962,default
1774646844,1_13830,1_102581,D Line,1_732750449,1_6080,1774647011,1774646831,default
1774646844,1_2850,1_100089,2,1_548774689,1_7975111,1774647420,1774647420,default
1774646844,1_2850,1_100089,2,1_491928859,1_7975080,1774649160,1774649160,default
1774646844,1_46505,1_102619,F Line,1_721496129,1_7976085,1774647780,1774647780,default
1774646844,1_29423,1_102732,79,1_561369479,1_7975557,1774647000,1774647000,default
1774646844,1_27420,1_100249,60,1_689960939,1_7139,1774646648,1774646915,default
1774646844,1_72494,1_100160,269,1_720964319,1_7976380,1774648200,1774648200,default
1774646844,1_73112,1_102704,250,1_720962329,1_7976337,1774645307,1774646933,default
1774646844,1_52306,1_102719,161,1_664467829,1_7976093,1774647480,1774647480,default
1774646844,1_52306,1_102619,F Line,1_656236679,1_7976226,1774647600,1774647633,default
1774646844,1_8530,1_100005,106,1_727785409,1_7033,1774647006,1774646867,default
1774646844,1_66730,1_102552,226,1_778457399,1_7373,1774646989,1774646898,default
1774646844,1_40065,1_102574,40,1_778707409,1_8155,1774647085,1774646868,default
1774646844,1_59282,1_102717,165,1_664465429,1_7467,1774647300,1774646754,default
1774646844,1_59282,1_102717,165,1_664465429,1_7976049,1774647300,1774647300,default
1774646844,1_59282,1_102717,165,1_694516559,1_7976040,1774649340,1774649340,default
1774646844,1_620,40_510,510,40_15047091__KPOB-CS:253:2:Thu-Fri:1:25SEP:85052:45,40_KPOB-CS:253:2:Thu-Fri:1:25SEP:85052:45,1774648200,1774647400,default
1774646844,1_620,40_515,515,40_15047030__KPOB-CS:253:2:Thu-Fri:1:25SEP:85053:45,40_KPOB-CS:253:2:Thu-Fri:1:25SEP:85053:45,1774648800,1774647534,default
1774646844,1_620,40_510,510,40_15046984__KPOB-CS:253:2:Thu-Fri:1:25SEP:85056:45,40_KPOB-CS:253:2:Thu-Fri:1:25SEP:85056:45,1774649400,1774648351,default
1774646844,1_620,40_515,515,40_15046997__KPOB-CS:253:2:Thu-Fri:1:25SEP:85059:45,40_KPOB-CS:253:2:Thu-Fri:1:25SEP:85059:45,1774650000,1774649533,default
1774646844,1_620,1_102754,256,1_778603689,1_7976702,1774649640,1774649640,default
1774646844,1_620,40_510,510,40_15047274__KPOB-CS:253:2:Thu-Fri:1:25SEP:85060:45,40_KPOB-CS:253:2:Thu-Fri:1:25SEP:85060:45,1774650300,1774650176,default
1774646844,1_10912,40_100511,542,40_569570779,40_7976686,1774647480,1774647480,default
1774646844,1_10912,1_100162,271,1_569495869,1_7976674,1774647660,1774647660,default
1774646844,1_10912,1_100162,271,1_581747189,1_7976720,1774648320,1774648320,default
1774646844,1_10912,40_100451,556,40_635882649,40_7976563,1774648800,1774648800,default
1774646844,1_10912,1_100162,271,1_581704389,1_7976671,1774648980,1774648980,default
1774646844,1_71960,40_100511,542,40_721030799,40_7976607,1774647060,1774647060,default
1774647144,1_60161,1_100042,148,1_762077559,1_3715,1774647660,1774646580,default
1774647144,1_23220,1_100269,75,1_616833329,1_8267,1774647261,-1,default
1774647144,1_80692,1_100045,150,1_694513589,1_8192,1774647243,1774647179,default
1774647144,1_575,1_100210,36,1_630542979,1_7974970,1774647180,1774647023,default
1774647144,1_575,1_100210,36,1_630542979,1_4314,1774647180,1774647073,default
1774647144,1_575,1_100263,7,1_650129999,1_4523,1774647060,1774647210,default
1774647144,1_2850,1_100089,2,1_548774689,1_7159,1774647420,1774647040,default
1774647144,1_2850,1_100089,2,1_548774689,1_7975111,1774647420,1774647420,default
1774647144,1_2850,1_100089,2,1_491928859,1_7975080,1774649160,1774649160,default
1774647144,1_46505,1_102619,F Line,1_721496129,1_6054,1774647780,1774646948,default
1774647144,1_46505,1_102619,F Line,1_721496129,1_7976085,1774647780,1774647780,default
1774647144,1_1510,1_100005,106,1_727785409,1_7033,1774647252,1774647095,default
1774647144,3_31002,40_560,560,40_1102020,40_41504,1774647205,1774647424,default
1774647144,1_72494,1_100160,269,1_720964319,1_7976380,1774648200,1774648200,default
1774647144,1_52306,1_102719,161,1_664467829,1_7976093,1774647480,1774647480,default
1774647144,1_52306,1_102619,F Line,1_656236679,1_7976226,1774647600,1774647600,default
1774647144,1_40030,1_102574,40,1_761403389,1_8181,1774647251,1774647174,default
1774647144,1_59282,1_102717,165,1_664465429,1_7467,1774647300,1774646754,default
1774647144,1_59282,1_102717,165,1_694516559,1_7976040,1774649340,1774649340,default
1774647144,1_620,40_100236,545,40_560089269,40_9665,1774647360,1774647362,default
1774647144,1_620,40_515,515,40_15047030__KPOB-CS:253:2:Thu-Fri:1:25SEP:85053:45,40_KPOB-CS:253:2:Thu-Fri:1:25SEP:85053:45,1774648800,1774647642,default
1774647144,1_620,40_510,510,40_15047091__KPOB-CS:253:2:Thu-Fri:1:25SEP:85052:45,40_KPOB-CS:253:2:Thu-Fri:1:25SEP:85052:45,1774648200,1774647700,default
1774647144,1_620,40_510,510,40_15046984__KPOB-CS:253:2:Thu-Fri:1:25SEP:85056:45,40_KPOB-CS:253:2:Thu-Fri:1:25SEP:85056:45,1774649400,1774648461,default
1774647144,1_620,40_515,515,40_15046997__KPOB-CS:253:2:Thu-Fri:1:25SEP:85059:45,40_KPOB-CS:253:2:Thu-Fri:1:25SEP:85059:45,1774650000,1774649090,default
1774647144,1_620,1_102754,256,1_778603689,1_7976702,1774649640,1774649640,default
1774647144,1_620,40_510,510,40_15047274__KPOB-CS:253:2:Thu-Fri:1:25SEP:85060:45,40_KPOB-CS:253:2:Thu-Fri:1:25SEP:85060:45,1774650300,1774649824,default
1774647144,1_620,40_515,515,40_15047245__KPOB-CS:253:2:Thu-Fri:1:25SEP:85061:45,40_KPOB-CS:253:2:Thu-Fri:1:25SEP:85061:45,1774650600,1774650089,default
1774647144,1_10912,40_100511,542,40_569570779,40_7976686,1774647480,1774647480,default
1774647144,1_10912,1_100162,271,1_569495869,1_7976674,1774647660,1774647660,default
1774647144,1_10912,1_100162,271,1_581747189,1_7976720,1774648320,1774648320,default
1774647144,1_10912,40_100451,556,40_635882649,40_7976563,1774648800,1774648800,default
1774647144,1_10912,1_100162,271,1_581704389,1_7976671,1774648980,1774648980,default
1774647444,1_103,1_102745,G Line,1_736435469,1_6412,1774646926,1774647452,default
1774647444,1_26560,1_102574,40,1_761403269,1_8257,1774646909,1774647560,default
1774647444,1_60161,1_100042,148,1_762077559,1_3715,1774647660,1774646580,default
1774647444,1_320,40_590,590,40_396020,40_9123,1774647660,1774647660,default
1774647444,1_575,1_100173,3,1_761126129,1_4408,1774647000,1774647550,default
1774647444,1_2850,1_100089,2,1_491928859,1_7975080,1774649160,1774649160,default
1774647444,1_46505,1_102619,F Line,1_721496129,1_6054,1774647780,1774646948,default
1774647444,1_46505,1_102619,F Line,1_694520739,1_7976225,1774648560,1774648560,default
1774647444,1_1190,40_100239,550,40_597757369,40_7976614,1774647520,1774647201,default
1774647444,1_73366,1_102548,B Line,1_721018709,1_6020,1774647580,1774647510,default
1774647444,1_72494,1_100160,269,1_720964319,1_7976380,1774648200,1774648200,default
1774647444,1_52306,1_102619,F Line,1_656236679,1_7976226,1774647600,1774647600,default
1774647444,1_52306,1_102719,161,1_664468399,1_7976094,1774648620,1774648620,default
1774647444,1_54201,1_102619,F Line,1_656236419,1_6227,1774647519,1774647566,default
1774647444,1_2200,1_102581,D Line,1_732750449,1_6080,1774647625,1774647464,default
1774647444,1_57804,1_100072,181,1_721482059,1_7130,1774648033,1774648101,default
1774647444,1_59282,1_102717,165,1_694516559,1_7976040,1774649340,1774649340,default
1774647444,1_23905,1_100214,372,1_694306879,1_6960,1774647638,1774647567,default
1774647444,1_620,40_515,515,40_15047030__KPOB-CS:253:2:Thu-Fri:1:25SEP:85053:45,40_KPOB-CS:253:2:Thu-Fri:1:25SEP:85053:45,1774648800,1774647983,default
1774647444,1_620,40_510,510,40_15047091__KPOB-CS:253:2:Thu-Fri:1:25SEP:85052:45,40_KPOB-CS:253:2:Thu-Fri:1:25SEP:85052:45,1774648200,1774648000,default
1774647444,1_620,40_510,510,40_15046984__KPOB-CS:253:2:Thu-Fri:1:25SEP:85056:45,40_KPOB-CS:253:2:Thu-Fri:1:25SEP:85056:45,1774649400,1774648386,default
1774647444,1_620,40_515,515,40_15046997__KPOB-CS:253:2:Thu-Fri:1:25SEP:85059:45,40_KPOB-CS:253:2:Thu-Fri:1:25SEP:85059:45,1774650000,1774649075,default
1774647444,1_620,29_424,424,29_14876205__MCOB-DO:123:0:Weekday:1:25SEP:61042:12345,29_MCOB-DO:123:0:Weekday:1:25SEP:61042:12345,1774650900,1774649422,default
1774647444,1_620,40_510,510,40_15047274__KPOB-CS:253:2:Thu-Fri:1:25SEP:85060:45,40_KPOB-CS:253:2:Thu-Fri:1:25SEP:85060:45,1774650300,1774649460,default
1774647444,1_620,1_102754,256,1_778603689,1_7976702,1774649640,1774649640,default
1774647444,1_620,40_515,515,40_15047245__KPOB-CS:253:2:Thu-Fri:1:25SEP:85061:45,40_KPOB-CS:253:2:Thu-Fri:1:25SEP:85061:45,1774650600,1774649778,default
1774647444,1_10912,1_100162,271,1_569495869,1_7976674,1774647660,1774647660,default
1774647444,1_10912,1_100162,271,1_581747189,1_7976720,1774648320,1774648320,default
1774647444,1_10912,40_100511,542,40_608343989,40_7976608,1774648740,1774648740,default
1774647444,1_10912,40_100451,556,40_635882649,40_7976563,1774648800,1774648800,default
1774647444,1_10912,1_100162,271,1_581704389,1_7976671,1774648980,1774648980,default
1774647444,1_10912,1_100162,271,1_664291359,1_7976352,1774649400,1774649400,default
1774647744,1_970,40_592,592,40_1471020,40_41512,1774647810,1774647810,default
1774647744,1_575,1_102576,C Line,1_774682109,1_6267,1774647540,1774647815,default
1774647744,1_2850,1_100089,2,1_491928859,1_7975080,1774649160,1774649160,default
1774647744,1_46505,1_102619,F Line,1_694520739,1_7976225,1774648560,1774648560,default
1774647744,1_72494,1_100160,269,1_720964319,1_7976380,1774648200,1774648200,default
1774647744,1_52306,40_560,560,40_1102020,40_41504,1774647900,1774647956,default
1774647744,1_52306,1_102619,F Line,1_656237399,1_7976003,1774648500,1774648500,default
1774647744,1_52306,1_102719,161,1_664468399,1_7976094,1774648620,1774648620,default
1774647744,1_57804,1_100072,181,1_721482059,1_7130,1774648033,1774647909,default
1774647744,1_59282,1_102717,165,1_694516559,1_7976040,1774649340,1774649340,default
1774647744,1_71678,1_102552,226,1_778457399,1_7373,1774647951,1774647843,default
1774647744,1_10210,1_100264,70,1_724577409,1_8214,1774647406,1774647896,default
1774647744,1_620,40_100236,545,40_563500539,40_7976571,1774647960,1774648037,default
1774647744,1_620,40_515,515,40_15047030__KPOB-CS:253:2:Thu-Fri:1:25SEP:85053:45,40_KPOB-CS:253:2:Thu-Fri:1:25SEP:85053:45,1774648800,1774648103,default
1774647744,1_620,40_100239,550,40_597757379,40_9574,1774647960,1774648264,default
1774647744,1_620,40_510,510,40_15047091__KPOB-CS:253:2:Thu-Fri:1:25SEP:85052:45,40_KPOB-CS:253:2:Thu-Fri:1:25SEP:85052:45,1774648200,1774648280,default
1774647744,1_620,40_510,510,40_15046984__KPOB-CS:253:2:Thu-Fri:1:25SEP:85056:45,40_KPOB-CS:253:2:Thu-Fri:1:25SEP:85056:45,1774649400,1774648613,default
1774647744,1_620,40_515,515,40_15046997__KPOB-CS:253:2:Thu-Fri:1:25SEP:85059:45,40_KPOB-CS:253:2:Thu-Fri:1:25SEP:85059:45,1774650000,1774649149,default
1774647744,1_620,40_510,510,40_15047274__KPOB-CS:253:2:Thu-Fri:1:25SEP:85060:45,40_KPOB-CS:253:2:Thu-Fri:1:25SEP:85060:45,1774650300,1774649430,default
1774647744,1_620,29_424,424,29_14876205__MCOB-DO:123:0:Weekday:1:25SEP:61042:12345,29_MCOB-DO:123:0:Weekday:1:25SEP:61042:12345,1774650900,1774649499,default
1774647744,1_620,40_515,515,40_15047245__KPOB-CS:253:2:Thu-Fri:1:25SEP:85061:45,40_KPOB-CS:253:2:Thu-Fri:1:25SEP:85061:45,1774650600,1774649510,default
1774647744,1_620,1_102754,256,1_778603689,1_7976702,1774649640,1774649640,default
1774647744,1_620,40_510,510,40_15047159__KPOB-CS:253:2:Thu-Fri:1:25SEP:85064:45,40_KPOB-CS:253:2:Thu-Fri:1:25SEP:85064:45,1774651200,1774650106,default
1774647744,1_10912,1_100162,271,1_581747189,1_7976720,1774648320,1774648320,default
1774647744,1_10912,40_100511,542,40_608343989,40_7976608,1774648740,1774648740,default
1774647744,1_10912,40_100451,556,40_635882649,40_7976563,1774648800,1774648800,default
1774647744,1_10912,1_100162,271,1_581704389,1_7976671,1774648980,1774648980,default
1774647744,1_10912,1_100162,271,1_664291359,1_7976352,1774649400,1774649400,default
1774647744,1_10912,40_100451,556,40_635882059,40_7976710,1774650300,1774650300,default
1774647744,1_71960,40_100511,542,40_721031459,40_7976685,1774648680,1774648680,default
1774648045,1_103,1_102745,G Line,1_736437589,1_6402,1774647646,1774648100,default
1774648045,1_30790,1_100249,60,1_689961209,1_7144,1774647517,1774648073,default
1774648045,1_320,40_592,592,40_1471020,40_41512,1774648080,1774648080,default
1774648045,1_320,40_590,590,40_306020,40_41603,1774648260,1774648260,default
1774648045,1_575,1_102576,C Line,1_774680989,1_6250,1774648140,1774648111,default
1774648045,1_2850,1_100089,2,1_548774699,1_7094,1774648260,1774647317,default
1774648045,1_2850,1_100089,2,1_491928859,1_7975080,1774649160,1774649160,default
1774648045,1_46505,1_102619,F Line,1_694520739,1_7976225,1774648560,1774648560,default
1774648045,1_72494,1_100160,269,1_720964319,1_7976380,1774648200,1774648200,default
1774648045,1_52306,1_102619,F Line,1_656237399,1_7976003,1774648500,1774648500,default
1774648045,1_52306,1_102719,161,1_664468399,1_7976094,1774648620,1774648620,default
1774648045,1_52306,1_102719,161,1_664467839,1_7976220,1774649460,1774649460,default
1774648045,1_79229,1_100045,150,1_762102219,1_8140,1774648245,1774648104,default
1774648045,1_59282,1_100072,181,1_721481529,1_7482,1774648680,1774647880,default
1774648045,1_59282,1_102717,165,1_694516559,1_7976040,1774649340,1774649340,default
1774648045,1_60710,1_100512,A Line,1_721482689,1_6234,1774648036,1774648217,default
1774648045,1_14280,1_102581,D Line,1_585676949,1_6051,1774648282,1774648139,default
1774648045,1_620,40_100236,545,40_563500539,40_9658,1774647960,1774648229,default
1774648045,1_620,40_510,510,40_15047091__KPOB-CS:253:2:Thu-Fri:1:25SEP:85052:45,40_KPOB-CS:253:2:Thu-Fri:1:25SEP:85052:45,1774648200,1774648451,default
1774648045,1_620,40_515,515,40_15047030__KPOB-CS:253:2:Thu-Fri:1:25SEP:85053:45,40_KPOB-CS:253:2:Thu-Fri:1:25SEP:85053:45,1774648800,1774648560,default
1774648045,1_620,40_510,510,40_15046984__KPOB-CS:253:2:Thu-Fri:1:25SEP:85056:45,40_KPOB-CS:253:2:Thu-Fri:1:25SEP:85056:45,1774649400,1774648913,default
1774648045,1_620,40_515,515,40_15046997__KPOB-CS:253:2:Thu-Fri:1:25SEP:85059:45,40_KPOB-CS:253:2:Thu-Fri:1:25SEP:85059:45,1774650000,1774649230,default
1774648045,1_620,29_424,424,29_14876205__MCOB-DO:123:0:Weekday:1:25SEP:61042:12345,29_MCOB-DO:123:0:Weekday:1:25SEP:61042:12345,1774650900,1774649454,default
1774648045,1_620,40_510,510,40_15047274__KPOB-CS:253:2:Thu-Fri:1:25SEP:85060:45,40_KPOB-CS:253:2:Thu-Fri:1:25SEP:85060:45,1774650300,1774649520,default
1774648045,1_620,40_515,515,40_15047245__KPOB-CS:253:2:Thu-Fri:1:25SEP:85061:45,40_KPOB-CS:253:2:Thu-Fri:1:25SEP:85061:45,1774650600,1774649564,default
1774648045,1_620,1_102754,256,1_778603689,1_7976702,1774649640,1774649640,default
1774648045,1_620,40_510,510,40_15047159__KPOB-CS:253:2:Thu-Fri:1:25SEP:85064:45,40_KPOB-CS:253:2:Thu-Fri:1:25SEP:85064:45,1774651200,1774649791,default
1774648045,1_10912,1_100264,70,1_724578009,1_7975074,1774648066,1774648220,default
1774648045,1_10912,1_100162,271,1_581747189,1_7976720,1774648320,1774648320,default
1774648045,1_10912,40_100511,542,40_608343989,40_7976608,1774648740,1774648740,default
1774648045,1_10912,40_100451,556,40_635882649,40_7976563,1774648800,1774648800,default
1774648045,1_10912,1_100162,271,1_581704389,1_7976671,1774648980,1774648980,default
1774648045,1_10912,1_100162,271,1_664291359,1_7976352,1774649400,1774649400,default
1774648045,1_10912,40_100511,542,40_608344599,40_7976604,1774650060,1774650060,default
1774648045,1_10912,40_100451,556,40_635882059,40_7976710,1774650300,1774650300,default
1774648045,1_71960,40_100511,542,40_721031459,40_7976685,1774648680,1774648680,default
1774648045,1_8403,1_100039,14,1_562520769,1_4320,1774648080,1774648180,default
1774648345,1_46791,1_100016,118,1_635461369,1_3709,1774648440,1774648483,default
1774648345,1_52638,40_574,574,40_3025020,40_9718,1774648442,1774648384,default
1774648345,1_26560,1_102574,40,1_761401449,1_8252,1774647836,1774648472,default
1774648345,1_2850,1_100089,2,1_491928859,1_7157,1774649160,1774648208,default
1774648345,1_2850,1_100089,2,1_491928859,1_7975080,1774649160,1774649160,default
1774648345,1_46505,1_102619,F Line,1_694520739,1_7976225,1774648560,1774648560,default
1774648345,1_46505,1_102619,F Line,1_694521349,1_7976142,1774649340,1774649340,default
1774648345,1_72560,1_102704,250,1_771116509,1_7363,1774648482,1774648367,default
1774648345,1_11200,1_100447,49,1_650117859,1_7082,1774647960,1774648422,default
1774648345,1_72494,1_100160,269,1_720964029,1_7976342,1774650060,1774650060,default
1774648345,1_52306,1_102619,F Line,1_656237399,1_7976003,1774648500,1774648500,default
1774648345,1_52306,1_102719,161,1_664467839,1_7976220,1774649460,1774649460,default
1774648345,1_99254,40_594,594,40_1848020,40_9301,1774648053,1774648458,default
1774648345,1_99254,1_100003,101,1_694514739,1_8184,1774647442,1774648485,default
1774648345,1_99254,1_100045,150,1_694514489,1_8191,1774647400,1774648502,default
1774648345,1_59282,1_100072,181,1_721481529,1_7482,1774648680,1774647880,default
1774648345,1_59282,1_102717,165,1_694516559,1_7976040,1774649340,1774649340,default
1774648345,1_620,40_100236,545,40_563501229,40_9632,1774648560,1774648597,default
1774648345,1_620,40_515,515,40_15047030__KPOB-CS:253:2:Thu-Fri:1:25SEP:85053:45,40_KPOB-CS:253:2:Thu-Fri:1:25SEP:85053:45,1774648800,1774648856,default
1774648345,1_620,40_100239,550,40_597757349,40_9659,1774648920,1774649063,default
1774648345,1_620,40_510,510,40_15046984__KPOB-CS:253:2:Thu-Fri:1:25SEP:85056:45,40_KPOB-CS:253:2:Thu-Fri:1:25SEP:85056:45,1774649400,1774649213,default
1774648345,1_620,40_515,515,40_15046997__KPOB-CS:253:2:Thu-Fri:1:25SEP:85059:45,40_KPOB-CS:253:2:Thu-Fri:1:25SEP:85059:45,1774650000,1774649323,default
1774648345,1_620,29_424,424,29_14876205__MCOB-DO:123:0:Weekday:1:25SEP:61042:12345,29_MCOB-DO:123:0:Weekday:1:25SEP:61042:12345,1774650900,1774649566,default
1774648345,1_620,1_102754,256,1_778603689,1_7976702,1774649640,1774649640,default
1774648345,1_620,40_515,515,40_15047245__KPOB-CS:253:2:Thu-Fri:1:25SEP:85061:45,40_KPOB-CS:253:2:Thu-Fri:1:25SEP:85061:45,1774650600,1774649700,default
1774648345,1_620,40_510,510,40_15047274__KPOB-CS:253:2:Thu-Fri:1:25SEP:85060:45,40_KPOB-CS:253:2:Thu-Fri:1:25SEP:85060:45,1774650300,1774649711,default
1774648345,1_620,40_510,510,40_15047159__KPOB-CS:253:2:Thu-Fri:1:25SEP:85064:45,40_KPOB-CS:253:2:Thu-Fri:1:25SEP:85064:45,1774651200,1774649845,default
1774648345,1_620,1_102754,256,1_778603699,1_7976730,1774651380,1774651380,default
1774648345,1_10912,40_100511,542,40_608343989,40_7976608,1774648740,1774648740,default
1774648345,1_10912,40_100451,556,40_635882649,40_7976563,1774648800,1774648800,default
1774648345,1_10912,1_100162,271,1_581704389,1_7976671,1774648980,1774648980,default
1774648345,1_10912,1_100162,271,1_664291359,1_7976352,1774649400,1774649400,default
1774648345,1_10912,40_100511,542,40_608344599,40_7976604,1774650060,1774650060,default
1774648345,1_10912,1_100162,271,1_581745979,1_7976388,1774650240,1774650240,default
1774648345,1_10912,40_100451,556,40_635882059,40_7976710,1774650300,1774650300,default
1774648345,1_71960,40_100511,542,40_721031459,40_7976685,1774648680,1774648680,default
1774648645,1_12170,1_100039,14,1_562520769,1_4320,1774648659,1774648733,default
1774648645,1_481,1_102576,C Line,1_774680679,1_6268,1774648560,1774648650,default
1774648645,1_320,40_590,590,40_937020,40_9729,1774648860,1774648860,default
1774648645,1_575,1_102576,C Line,1_774680889,1_6248,1774648740,1774648740,default
1774648645,1_2850,1_100089,2,1_491928859,1_7157,1774649160,1774648208,default
1774648645,1_2850,1_100089,2,1_548774719,1_7975115,1774650120,1774650120,default
1774648645,1_46505,1_102619,F Line,1_694521349,1_7976142,1774649340,1774649340,default
1774648645,1_11569,1_100002,10,1_675385219,1_4303,1774648221,1774648722,default
1774648645,1_72494,1_100160,269,1_720964029,1_7976342,1774650060,1774650060,default
1774648645,1_52306,1_102619,F Line,1_635448949,1_7975997,1774649400,1774649400,default
1774648645,1_52306,1_102719,161,1_664467839,1_7976220,1774649460,1774649460,default
1774648645,1_18590,1_100252,62,1_721368269,1_8054,1774648776,1774648709,default
1774648645,1_2200,1_102581,D Line,1_732750149,1_6064,1774648885,1774648764,default
1774648645,1_22184,1_102736,H Line,1_694056339,1_6069,1774648781,1774648749,default
1774648645,1_59282,1_102717,165,1_694516559,1_7976040,1774649340,1774649340,default
1774648645,1_59282,1_102717,165,1_664465449,1_7976038,1774650540,1774650540,default
1774648645,1_23905,1_100214,372,1_694306449,1_6882,1774648598,1774648802,default
1774648645,1_55831,1_100005,106,1_727785139,1_7098,1774648909,1774648812,default
1774648645,1_620,40_594,594,40_1848020,40_9301,1774648440,1774648841,default
1774648645,1_620,40_100239,550,40_597757349,40_9659,1774648920,1774648930,default
1774648645,1_620,40_100240,554,40_774871439,40_9672,1774648260,1774648950,default
1774648645,1_620,40_515,515,40_15047030__KPOB-CS:253:2:Thu-Fri:1:25SEP:85053:45,40_KPOB-CS:253:2:Thu-Fri:1:25SEP:85053:45,1774648800,1774649016,default
1774648645,1_620,40_515,515,40_15046997__KPOB-CS:253:2:Thu-Fri:1:25SEP:85059:45,40_KPOB-CS:253:2:Thu-Fri:1:25SEP:85059:45,1774650000,1774649311,default
1774648645,1_620,40_510,510,40_15046984__KPOB-CS:253:2:Thu-Fri:1:25SEP:85056:45,40_KPOB-CS:253:2:Thu-Fri:1:25SEP:85056:45,1774649400,1774649512,default
1774648645,1_620,29_424,424,29_14876205__MCOB-DO:123:0:Weekday:1:25SEP:61042:12345,29_MCOB-DO:123:0:Weekday:1:25SEP:61042:12345,1774650900,1774649618,default
1774648645,1_620,1_102754,256,1_778603689,1_7976702,1774649640,1774649640,default
1774648645,1_620,40_510,510,40_15047274__KPOB-CS:253:2:Thu-Fri:1:25SEP:85060:45,40_KPOB-CS:253:2:Thu-Fri:1:25SEP:85060:45,1774650300,1774649812,default
1774648645,1_620,40_515,515,40_15047245__KPOB-CS:253:2:Thu-Fri:1:25SEP:85061:45,40_KPOB-CS:253:2:Thu-Fri:1:25SEP:85061:45,1774650600,1774649824,default
1774648645,1_620,40_510,510,40_15047159__KPOB-CS:253:2:Thu-Fri:1:25SEP:85064:45,40_KPOB-CS:253:2:Thu-Fri:1:25SEP:85064:45,1774651200,1774649982,default
1774648645,1_620,1_102754,256,1_778603699,1_7976730,1774651380,1774651380,default
1774648645,1_620,40_510,510,40_15046952__KPOB-CS:253:2:Thu-Fri:1:25SEP:85067:45,40_KPOB-CS:253:2:Thu-Fri:1:25SEP:85067:45,1774652100,1774651879,default
1774648645,1_10912,1_100162,271,1_581704389,1_7976671,1774648980,1774648980,default
1774648645,1_10912,1_100162,271,1_664291359,1_7976352,1774649400,1774649400,default
1774648645,1_10912,40_100511,542,40_608344599,40_7976604,1774650060,1774650060,default
1774648645,1_10912,1_100162,271,1_581745979,1_7976388,1774650240,1774650240,default
1774648645,1_10912,40_100451,556,40_635882059,40_7976710,1774650300,1774650300,default
1774648945,1_85800,1_100196,331,1_778699179,1_7253,1774648851,1774648991,default
1774648945,1_60161,1_100042,148,1_762077629,1_7976061,1774649460,1774649460,default
1774648945,1_320,40_100240,554,40_560096529,40_9592,1774648800,1774648991,default
1774648945,1_320,40_100239,550,40_597758469,40_9656,1774648920,1774649005,default
1774648945,1_2850,1_100089,2,1_491928859,1_7157,1774649160,1774648208,default
1774648945,1_2850,1_100089,2,1_548774719,1_7975115,1774650120,1774650120,default
1774648945,1_46505,1_102619,F Line,1_694521349,1_7976142,1774649340,1774649340,default
1774648945,1_1510,1_100210,36,1_630543799,1_4389,1774649138,1774648983,default
1774648945,3_31002,40_560,560,40_2664020,40_41516,1774649005,1774649118,default
1774648945,1_72494,1_100160,269,1_720964029,1_7976342,1774650060,1774650060,default
1774648945,1_52306,1_102619,F Line,1_635448949,1_7975997,1774649400,1774649400,default
1774648945,1_52306,1_102719,161,1_664467839,1_7976220,1774649460,1774649460,default
1774648945,1_80121,1_102719,161,1_635446629,1_7404,1774648807,1774649120,default
1774648945,1_48390,1_100030,131,1_721370879,1_8021,1774649096,1774648977,default
1774648945,1_71970,1_102753,222,1_774817899,1_7337,1774648981,1774649069,default
1774648945,1_59282,1_102717,165,1_664465449,1_7473,1774650540,1774648945,default
1774648945,1_59282,1_102717,165,1_694516559,1_7976040,1774649340,1774649340,default
1774648945,1_59282,1_102717,165,1_664465449,1_7976038,1774650540,1774650540,default
1774648945,1_74714,1_102701,225,1_736529839,1_7380,1774649126,1774649090,default
1774648945,1_10210,1_100264,70,1_724577559,1_8241,1774648362,1774649098,default
1774648945,1_620,40_100236,545,40_563501279,40_9816,1774649760,1774649139,default
1774648945,1_620,40_100236,545,40_563501309,40_9647,1774649160,1774649180,default
1774648945,1_620,40_515,515,40_15046997__KPOB-CS:253:2:Thu-Fri:1:25SEP:85059:45,40_KPOB-CS:253:2:Thu-Fri:1:25SEP:85059:45,1774650000,1774649493,default
1774648945,1_620,1_102754,256,1_778603689,1_7976702,1774649640,1774649640,default
1774648945,1_620,40_510,510,40_15046984__KPOB-CS:253:2:Thu-Fri:1:25SEP:85056:45,40_KPOB-CS:253:2:Thu-Fri:1:25SEP:85056:45,1774649400,1774649811,default
1774648945,1_620,40_510,510,40_15047274__KPOB-CS:253:2:Thu-Fri:1:25SEP:85060:45,40_KPOB-CS:253:2:Thu-Fri:1:25SEP:85060:45,1774650300,1774649829,default
1774648945,1_620,29_424,424,29_14876205__MCOB-DO:123:0:Weekday:1:25SEP:61042:12345,29_MCOB-DO:123:0:Weekday:1:25SEP:61042:12345,1774650900,1774649856,default
1774648945,1_620,40_515,515,40_15047245__KPOB-CS:253:2:Thu-Fri:1:25SEP:85061:45,40_KPOB-CS:253:2:Thu-Fri:1:25SEP:85061:45,1774650600,1774649877,default
1774648945,1_620,40_510,510,40_15047159__KPOB-CS:253:2:Thu-Fri:1:25SEP:85064:45,40_KPOB-CS:253:2:Thu-Fri:1:25SEP:85064:45,1774651200,1774650059,default
1774648945,1_620,1_102754,256,1_778603699,1_7976730,1774651380,1774651380,default
1774648945,1_620,40_510,510,40_15046952__KPOB-CS:253:2:Thu-Fri:1:25SEP:85067:45,40_KPOB-CS:253:2:Thu-Fri:1:25SEP:85067:45,1774652100,1774651646,default
1774648945,1_620,40_515,515,40_15047368__KPOB-CS:253:2:Thu-Fri:1:25SEP:85068:45,40_KPOB-CS:253:2:Thu-Fri:1:25SEP:85068:45,1774652400,1774652531,default
1774648945,1_10912,1_100162,271,1_664291359,1_7976352,1774649400,1774649400,default
1774648945,1_10912,40_100511,542,40_608344599,40_7976604,1774650060,1774650060,default
1774648945,1_10912,1_100162,271,1_581745979,1_7976388,1774650240,1774650240,default
1774648945,1_10912,40_100451,556,40_635882059,40_7976710,1774650300,1774650300,default
1774649245,1_481,1_102576,C Line,1_774680959,1_6253,1774649160,1774649271,default
1774649245,1_26560,1_102574,40,1_761401269,1_8295,1774648736,1774649382,default
1774649245,1_60161,1_100042,148,1_762077629,1_7976061,1774649460,1774649460,default
1774649245,1_60161,1_100042,148,1_762077629,1_3727,1774649460,1774649460,default
1774649245,1_970,40_595,595,40_1896020,40_41509,1774649267,1774649267,default
1774649245,1_76009,29_121,121,29_14876669__MCOB-DO:123:0:Weekday:1:25SEP:41013:12345,29_17115,1774649280,1774649125,default
1774649245,1_575,1_102581,D Line,1_585677069,1_6113,1774649280,1774649250,default
1774649245,1_575,1_102576,C Line,1_774681999,1_6263,1774649340,1774649344,default
1774649245,1_2850,1_100089,2,1_548774719,1_7085,1774650120,1774648991,default
1774649245,1_2850,1_100089,2,1_548774719,1_7975115,1774650120,1774650120,default
1774649245,1_46505,1_102619,F Line,1_694521349,1_7976142,1774649340,1774649340,default
1774649245,1_46505,1_102619,F Line,1_694521599,1_7976074,1774650060,1774650060,default
1774649245,1_46505,1_102619,F Line,1_694521879,1_7976004,1774650660,1774650660,default
1774649245,1_280,40_595,595,40_1896020,40_41509,1774649325,1774649325,default
1774649245,1_27420,1_100249,60,1_689961309,1_7030,1774649048,1774649333,default
1774649245,1_59286,1_100072,181,1_721482059,1_7130,1774649377,1774649245,default
1774649245,1_72494,1_100160,269,1_720964029,1_7976342,1774650060,1774650060,default
1774649245,1_52306,1_102619,F Line,1_635448949,1_6008,1774649400,1774649204,default
1774649245,1_52306,1_102619,F Line,1_635448949,1_7975997,1774649400,1774649400,default
1774649245,1_52306,1_102719,161,1_664467839,1_7976220,1774649460,1774649460,default
1774649245,1_52306,1_102719,161,1_664468419,1_7976091,1774650360,1774650360,default
1774649245,1_2200,1_100028,13,1_548775599,1_7975122,1774648946,1774649369,default
1774649245,1_59282,1_102717,165,1_664465449,1_7473,1774650540,1774648945,default
1774649245,1_620,1_102754,256,1_778603689,1_7976702,1774649640,1774649640,default
1774649245,1_620,40_515,515,40_15046997__KPOB-CS:253:2:Thu-Fri:1:25SEP:85059:45,40_KPOB-CS:253:2:Thu-Fri:1:25SEP:85059:45,1774650000,1774649758,default
1774649245,1_620,40_510,510,40_15047274__KPOB-CS:253:2:Thu-Fri:1:25SEP:85060:45,40_KPOB-CS:253:2:Thu-Fri:1:25SEP:85060:45,1774650300,1774649857,default
1774649245,1_620,40_515,515,40_15047245__KPOB-CS:253:2:Thu-Fri:1:25SEP:85061:45,40_KPOB-CS:253:2:Thu-Fri:1:25SEP:85061:45,1774650600,1774649895,default
1774649245,1_620,40_510,510,40_15046984__KPOB-CS:253:2:Thu-Fri:1:25SEP:85056:45,40_KPOB-CS:253:2:Thu-Fri:1:25SEP:85056:45,1774649400,1774650032,default
1774649245,1_620,40_510,510,40_15047159__KPOB-CS:253:2:Thu-Fri:1:25SEP:85064:45,40_KPOB-CS:253:2:Thu-Fri:1:25SEP:85064:45,1774651200,1774650044,default
1774649245,1_620,29_424,424,29_14876205__MCOB-DO:123:0:Weekday:1:25SEP:61042:12345,29_MCOB-DO:123:0:Weekday:1:25SEP:61042:12345,1774650900,1774650157,default
1774649245,1_620,40_510,510,40_15046952__KPOB-CS:253:2:Thu-Fri:1:25SEP:85067:45,40_KPOB-CS:253:2:Thu-Fri:1:25SEP:85067:45,1774652100,1774651292,default
1774649245,1_620,1_102754,256,1_778603699,1_7976730,1774651380,1774651380,default
1774649245,1_620,40_515,515,40_15047368__KPOB-CS:253:2:Thu-Fri:1:25SEP:85068:45,40_KPOB-CS:253:2:Thu-Fri:1:25SEP:85068:45,1774652400,1774652306,default
1774649245,1_10912,40_100511,542,40_608344599,40_7976604,1774650060,1774650060,default
1774649245,1_10912,40_100451,556,40_635882059,40_7976710,1774650300,1774650300,default
1774649245,1_10912,1_100162,271,1_581745979,1_7976388,1774650240,1774650353,default
1774649245,1_10912,1_100162,271,1_569496339,1_7976351,1774650960,1774650960,default
1774649245,1_10912,40_100511,542,40_569571209,40_7976607,1774651440,1774651440,default
1774649245,1_10912,1_100162,271,1_569496089,1_7976382,1774651560,1774651560,default
1774649545,1_46791,1_100016,118,1_669631329,1_7976012,1774649700,1774649700,default
1774649545,1_970,40_592,592,40_3659020,40_9714,1774649610,1774649610,default
1774649545,1_12770,1_100228,48,1_721360709,1_8040,1774649429,1774649578,default
1774649545,1_320,40_595,595,40_1896020,40_41509,1774649580,1774649580,default
1774649545,1_575,1_100210,36,1_630543799,1_4389,1774649700,1774649559,default
1774649545,1_575,1_100028,13,1_605110359,1_7159,1774648980,1774649621,default
1774649545,1_2850,1_100089,2,1_548774719,1_7085,1774650120,1774648991,default
1774649545,1_46505,1_102619,F Line,1_694521599,1_7976074,1774650060,1774650060,default
1774649545,1_46505,1_102619,F Line,1_694521879,1_7976004,1774650660,1774650660,default
1774649545,1_29423,1_102732,79,1_561369299,1_7975558,1774650600,1774650600,default
1774649545,1_72494,1_100160,269,1_720964029,1_7976342,1774650060,1774650060,default
1774649545,1_52306,40_560,560,40_2664020,40_41516,1774649700,1774649658,default
1774649545,1_52306,1_102619,F Line,1_656237009,1_7976017,1774650300,1774650300,default
1774649545,1_52306,1_102719,161,1_664468419,1_7976091,1774650360,1774650360,default
1774649545,1_8530,1_100005,106,1_727785139,1_7098,1774649826,1774649624,default
1774649545,1_99254,40_594,594,40_2229020,40_9206,1774649853,1774649670,default
1774649545,1_57804,1_100072,181,1_721481699,1_7454,1774649893,1774650164,default
1774649545,1_59282,1_102717,165,1_664465449,1_7473,1774650540,1774648945,default
1774649545,1_620,40_100236,545,40_563501279,40_9816,1774649760,1774649851,default
1774649545,1_620,40_515,515,40_15047245__KPOB-CS:253:2:Thu-Fri:1:25SEP:85061:45,40_KPOB-CS:253:2:Thu-Fri:1:25SEP:85061:45,1774650600,1774650034,default
1774649545,1_620,40_515,515,40_15046997__KPOB-CS:253:2:Thu-Fri:1:25SEP:85059:45,40_KPOB-CS:253:2:Thu-Fri:1:25SEP:85059:45,1774650000,1774650057,default
1774649545,1_620,40_510,510,40_15047159__KPOB-CS:253:2:Thu-Fri:1:25SEP:85064:45,40_KPOB-CS:253:2:Thu-Fri:1:25SEP:85064:45,1774651200,1774650070,default
1774649545,1_620,40_510,510,40_15047274__KPOB-CS:253:2:Thu-Fri:1:25SEP:85060:45,40_KPOB-CS:253:2:Thu-Fri:1:25SEP:85060:45,1774650300,1774650120,default
1774649545,1_620,40_100239,550,40_597757809,40_7976642,1774649880,1774650249,default
1774649545,1_620,29_424,424,29_14876205__MCOB-DO:123:0:Weekday:1:25SEP:61042:12345,29_MCOB-DO:123:0:Weekday:1:25SEP:61042:12345,1774650900,1774650457,default
1774649545,1_620,40_510,510,40_15046952__KPOB-CS:253:2:Thu-Fri:1:25SEP:85067:45,40_KPOB-CS:253:2:Thu-Fri:1:25SEP:85067:45,1774652100,1774651235,default
1774649545,1_620,1_102754,256,1_778603699,1_7976730,1774651380,1774651380,default
1774649545,1_620,40_515,515,40_15047368__KPOB-CS:253:2:Thu-Fri:1:25SEP:85068:45,40_KPOB-CS:253:2:Thu-Fri:1:25SEP:85068:45,1774652400,1774652230,default
1774649545,1_620,40_510,510,40_15046903__KPOB-CS:253:2:Thu-Fri:1:25SEP:85071:45,40_KPOB-CS:253:2:Thu-Fri:1:25SEP:85071:45,1774653000,1774652804,default
1774649545,1_620,40_515,515,40_15047300__KPOB-CS:253:2:Thu-Fri:1:25SEP:85054:45,40_KPOB-CS:253:2:Thu-Fri:1:25SEP:85054:45,1774653000,1774653000,default
1774649545,1_10912,1_100224,44,1_664048399,1_4529,1774649749,1774649726,default
1774649545,1_10912,1_100214,372,1_694306909,1_7976668,1774649744,1774649773,default
1774649545,1_10912,40_100511,542,40_608344599,40_7976604,1774650060,1774650060,default
1774649545,1_10912,40_100451,556,40_635882059,40_7976710,1774650300,1774650300,default
1774649545,1_10912,1_100162,271,1_581745979,1_7976388,1774650240,1774650303,default
1774649545,1_10912,1_100162,271,1_569496339,1_7976351,1774650960,1774650960,default
1774649545,1_10912,40_100511,542,40_569571209,40_7976607,1774651440,1774651440,default
1774649545,1_10912,1_100162,271,1_569496089,1_7976382,1774651560,1774651560,default
1774649545,1_10912,40_100451,556,40_635882329,40_7976550,1774652220,1774652220,default
1774649545,1_71960,40_100511,542,40_721031159,40_7976686,1774650720,1774650720,default
1774649845,1_12170,1_100039,14,1_562519739,1_4329,1774649559,1774649969,default
1774649845,1_970,40_590,590,40_1812020,40_41513,1774649867,1774649867,default
1774649845,1_970,40_578,578,40_962020,40_9125,1774650062,1774649879,default
1774649845,1_8541,1_100039,14,1_562519749,1_4323,1774649760,1774649886,default
1774649845,1_320,40_592,592,40_3659020,40_9714,1774649880,1774649880,default
1774649845,1_2850,1_100089,2,1_548774719,1_7085,1774650120,1774648991,default
1774649845,1_2850,1_100089,2,1_491928879,1_7080,1774650960,1774649709,default
1774649845,1_46505,1_102619,F Line,1_694521599,1_7976074,1774650060,1774650060,default
1774649845,1_46505,1_102619,F Line,1_694521879,1_7976004,1774650660,1774650660,default
1774649845,1_29423,1_102732,79,1_561369299,1_7975558,1774650600,1774650600,default
1774649845,1_27420,1_100249,60,1_689961419,1_7091,1774649768,1774649905,default
1774649845,1_1510,1_100005,106,1_727785139,1_7098,1774650072,1774649868,default
1774649845,1_72494,1_100160,269,1_720964029,1_7976342,1774650060,1774650060,default
1774649845,1_52306,1_102619,F Line,1_656237009,1_7976017,1774650300,1774650300,default
1774649845,1_52306,1_102719,161,1_664468419,1_7976091,1774650360,1774650360,default
1774649845,1_52306,1_102619,F Line,1_656237509,1_7976016,1774650900,1774650900,default
1774649845,1_52306,1_102719,161,1_664468409,1_7976131,1774651260,1774651260,default
1774649845,1_58112,1_102619,F Line,1_721496129,1_6054,1774649856,1774649958,default
1774649845,1_45670,1_100210,36,1_630541779,1_7974903,1774649812,1774649948,default
1774649845,1_59282,1_102717,165,1_664465449,1_7473,1774650540,1774648945,default
1774649845,1_59282,1_100072,181,1_721481859,1_7130,1774650480,1774649495,default
1774649845,1_620,40_100239,550,40_597757809,40_7976642,1774649880,1774650083,default
1774649845,1_620,40_594,594,40_2229020,40_9206,1774650240,1774650135,default
1774649845,1_620,40_515,515,40_15047245__KPOB-CS:253:2:Thu-Fri:1:25SEP:85061:45,40_KPOB-CS:253:2:Thu-Fri:1:25SEP:85061:45,1774650600,1774650334,default
1774649845,1_620,40_510,510,40_15047159__KPOB-CS:253:2:Thu-Fri:1:25SEP:85064:45,40_KPOB-CS:253:2:Thu-Fri:1:25SEP:85064:45,1774651200,1774650351,default
1774649845,1_620,40_515,515,40_15046997__KPOB-CS:253:2:Thu-Fri:1:25SEP:85059:45,40_KPOB-CS:253:2:Thu-Fri:1:25SEP:85059:45,1774650000,1774650357,default
1774649845,1_620,40_510,510,40_15047274__KPOB-CS:253:2:Thu-Fri:1:25SEP:85060:45,40_KPOB-CS:253:2:Thu-Fri:1:25SEP:85060:45,1774650300,1774650419,default
1774649845,1_620,29_424,424,29_14876205__MCOB-DO:123:0:Weekday:1:25SEP:61042:12345,29_MCOB-DO:123:0:Weekday:1:25SEP:61042:12345,1774650900,1774650757,default
1774649845,1_620,1_102754,256,1_778603699,1_7976730,1774651380,1774651380,default
1774649845,1_620,40_510,510,40_15046952__KPOB-CS:253:2:Thu-Fri:1:25SEP:85067:45,40_KPOB-CS:253:2:Thu-Fri:1:25SEP:85067:45,1774652100,1774651381,default
1774649845,1_620,40_515,515,40_15047368__KPOB-CS:253:2:Thu-Fri:1:25SEP:85068:45,40_KPOB-CS:253:2:Thu-Fri:1:25SEP:85068:45,1774652400,1774652021,default
1774649845,1_620,40_510,510,40_15046903__KPOB-CS:253:2:Thu-Fri:1:25SEP:85071:45,40_KPOB-CS:253:2:Thu-Fri:1:25SEP:85071:45,1774653000,1774652434,default
1774649845,1_620,40_515,515,40_15047300__KPOB-CS:253:2:Thu-Fri:1:25SEP:85054:45,40_KPOB-CS:253:2:Thu-Fri:1:25SEP:85054:45,1774653000,1774653000,default
1774649845,1_10912,40_100511,542,40_608344599,40_7976604,1774650060,1774650060,default
1774649845,1_10912,1_100162,271,1_581745979,1_7976388,1774650240,1774650240,default
1774649845,1_10912,40_100451,556,40_635882059,40_7976710,1774650300,1774650300,default
1774649845,1_10912,1_100162,271,1_569496339,1_7976351,1774650960,1774650960,default
1774649845,1_10912,40_100511,542,40_569571209,40_7976607,1774651440,1774651440,default
1774649845,1_10912,1_100162,271,1_569496089,1_7976382,1774651560,1774651560,default
1774649845,1_10912,40_100451,556,40_635882329,40_7976550,1774652220,1774652220,default
1774649845,1_71960,40_100511,542,40_721031159,40_7976686,1774650720,1774650720,default
1774650145,1_26560,1_102574,40,1_761403389,1_8181,1774649636,1774650285,default
1774650145,1_30790,1_100249,60,1_689961359,1_7192,1774649737,1774650167,default
1774650145,1_320,40_590,590,40_1812020,40_41513,1774650180,1774650180,default
1774650145,1_575,1_102581,D Line,1_628189899,1_6080,1774650180,1774650162,default
1774650145,1_2850,1_100089,2,1_491928879,1_7080,1774650960,1774649709,default
1774650145,1_46505,1_102619,F Line,1_694521879,1_7976004,1774650660,1774650660,default
1774650145,1_46505,1_102619,F Line,1_694520889,1_7976083,1774651260,1774651260,default
1774650145,1_29423,1_102732,79,1_561369299,1_7975558,1774650600,1774650600,default
1774650145,1_29423,1_102732,79,1_629940169,1_7975604,1774652700,1774652700,default
1774650145,1_52306,1_102619,F Line,1_656237009,1_6282,1774650300,1774650089,default
1774650145,1_52306,1_102619,F Line,1_656237009,1_7976017,1774650300,1774650300,default
1774650145,1_52306,1_102719,161,1_664468419,1_7976091,1774650360,1774650360,default
1774650145,1_52306,1_102619,F Line,1_656237509,1_7976016,1774650900,1774650900,default
1774650145,1_52306,1_102719,161,1_664468409,1_7976131,1774651260,1774651260,default
1774650145,1_59282,1_102717,165,1_664465449,1_7473,1774650540,1774648945,default
1774650145,1_59282,1_100072,181,1_721481859,1_7130,1774650480,1774649495,default
1774650145,1_620,40_100236,545,40_563501209,40_7976558,1774650360,1774650378,default
1774650145,1_620,40_100236,545,40_563501209,40_9807,1774650360,1774650423,default
1774650145,1_620,40_510,510,40_15047159__KPOB-CS:253:2:Thu-Fri:1:25SEP:85064:45,40_KPOB-CS:253:2:Thu-Fri:1:25SEP:85064:45,1774651200,1774650592,default
1774650145,1_620,40_515,515,40_15046997__KPOB-CS:253:2:Thu-Fri:1:25SEP:85059:45,40_KPOB-CS:253:2:Thu-Fri:1:25SEP:85059:45,1774650000,1774650624,default
1774650145,1_620,40_515,515,40_15047245__KPOB-CS:253:2:Thu-Fri:1:25SEP:85061:45,40_KPOB-CS:253:2:Thu-Fri:1:25SEP:85061:45,1774650600,1774650633,default
1774650145,1_620,40_510,510,40_15047274__KPOB-CS:253:2:Thu-Fri:1:25SEP:85060:45,40_KPOB-CS:253:2:Thu-Fri:1:25SEP:85060:45,1774650300,1774650661,default
1774650145,1_620,29_424,424,29_14876205__MCOB-DO:123:0:Weekday:1:25SEP:61042:12345,29_MCOB-DO:123:0:Weekday:1:25SEP:61042:12345,1774650900,1774650900,default
1774650145,1_620,1_102754,256,1_778603699,1_7976730,1774651380,1774651380,default
1774650145,1_620,40_510,510,40_15046952__KPOB-CS:253:2:Thu-Fri:1:25SEP:85067:45,40_KPOB-CS:253:2:Thu-Fri:1:25SEP:85067:45,1774652100,1774651452,default
1774650145,1_620,40_515,515,40_15047368__KPOB-CS:253:2:Thu-Fri:1:25SEP:85068:45,40_KPOB-CS:253:2:Thu-Fri:1:25SEP:85068:45,1774652400,1774651920,default
1774650145,1_620,40_510,510,40_15046903__KPOB-CS:253:2:Thu-Fri:1:25SEP:85071:45,40_KPOB-CS:253:2:Thu-Fri:1:25SEP:85071:45,1774653000,1774652042,default
1774650145,1_620,40_515,515,40_15047300__KPOB-CS:253:2:Thu-Fri:1:25SEP:85054:45,40_KPOB-CS:253:2:Thu-Fri:1:25SEP:85054:45,1774653000,1774653000,default
1774650145,1_620,40_515,515,40_15047259__KPOB-CS:253:2:Thu-Fri:1:25SEP:85073:45,40_KPOB-CS:253:2:Thu-Fri:1:25SEP:85073:45,1774653600,1774653664,default
1774650145,1_10912,1_100214,372,1_694306929,1_7976755,1774650224,1774650342,default
1774650145,1_10912,1_100162,271,1_569496339,1_7976351,1774650960,1774650960,default
1774650145,1_10912,40_100511,542,40_569571209,40_7976607,1774651440,1774651440,default
1774650145,1_10912,1_100162,271,1_569496089,1_7976382,1774651560,1774651560,default
1774650145,1_10912,1_100162,271,1_587120129,1_7976354,1774652160,1774652160,default
1774650145,1_10912,40_100451,556,40_635882329,40_7976550,1774652220,1774652220,default
1774650145,1_71960,40_100511,542,40_721031159,40_7976686,1774650720,1774650720,default
1774650445,1_12170,1_100039,14,1_562519619,1_4386,1774650459,1774650459,default
1774650445,1_575,1_102615,E Line,1_761418579,1_6049,1774650540,1774650456,default
1774650445,1_2850,1_100089,2,1_491928879,1_7080,1774650960,1774649709,default
1774650445,1_46505,1_102619,F Line,1_694521879,1_7976004,1774650660,1774650660,default
1774650445,1_46505,1_102619,F Line,1_694520889,1_7976083,1774651260,1774651260,default
1774650445,1_29423,1_102732,79,1_561369299,1_7975558,1774650600,1774650600,default
1774650445,1_29423,1_102732,79,1_629940169,1_7975604,1774652700,1774652700,default
1774650445,1_72494,1_100160,269,1_720964869,1_7976341,1774651860,1774651860,default
1774650445,1_52306,1_102619,F Line,1_656237509,1_7976016,1774650900,1774650900,default
1774650445,1_52306,1_102719,161,1_664468409,1_7976131,1774651260,1774651260,default
1774650445,1_52306,1_102619,F Line,1_656237249,1_7976229,1774651500,1774651500,default
1774650445,1_22184,1_102736,H Line,1_694056419,1_6060,1774650581,1774650496,default
1774650445,1_59282,1_102717,165,1_664465459,1_7147,1774651740,1774650123,default
1774650445,1_620,40_515,515,40_15046997__KPOB-CS:253:2:Thu-Fri:1:25SEP:85059:45,40_KPOB-CS:253:2:Thu-Fri:1:25SEP:85059:45,1774650000,1774650638,default
1774650445,1_620,40_510,510,40_15047274__KPOB-CS:253:2:Thu-Fri:1:25SEP:85060:45,40_KPOB-CS:253:2:Thu-Fri:1:25SEP:85060:45,1774650300,1774650718,default
1774650445,1_620,40_515,515,40_15047245__KPOB-CS:253:2:Thu-Fri:1:25SEP:85061:45,40_KPOB-CS:253:2:Thu-Fri:1:25SEP:85061:45,1774650600,1774650852,default
1774650445,1_620,40_510,510,40_15047159__KPOB-CS:253:2:Thu-Fri:1:25SEP:85064:45,40_KPOB-CS:253:2:Thu-Fri:1:25SEP:85064:45,1774651200,1774650892,default
1774650445,1_620,29_424,424,29_14876205__MCOB-DO:123:0:Weekday:1:25SEP:61042:12345,29_MCOB-DO:123:0:Weekday:1:25SEP:61042:12345,1774650900,1774650900,default
1774650445,1_620,40_100239,550,40_597758489,40_9690,1774650780,1774650922,default
1774650445,1_620,1_102754,256,1_778603699,1_7976730,1774651380,1774651380,default
1774650445,1_620,40_510,510,40_15046952__KPOB-CS:253:2:Thu-Fri:1:25SEP:85067:45,40_KPOB-CS:253:2:Thu-Fri:1:25SEP:85067:45,1774652100,1774651570,default
1774650445,1_620,40_515,515,40_15047368__KPOB-CS:253:2:Thu-Fri:1:25SEP:85068:45,40_KPOB-CS:253:2:Thu-Fri:1:25SEP:85068:45,1774652400,1774652011,default
1774650445,1_620,40_510,510,40_15046903__KPOB-CS:253:2:Thu-Fri:1:25SEP:85071:45,40_KPOB-CS:253:2:Thu-Fri:1:25SEP:85071:45,1774653000,1774652102,default
1774650445,1_620,40_515,515,40_15047300__KPOB-CS:253:2:Thu-Fri:1:25SEP:85054:45,40_KPOB-CS:253:2:Thu-Fri:1:25SEP:85054:45,1774653000,1774653000,default
1774650445,1_620,1_102754,256,1_778603709,1_7976732,1774653180,1774653180,default
1774650445,1_620,40_515,515,40_15047259__KPOB-CS:253:2:Thu-Fri:1:25SEP:85073:45,40_KPOB-CS:253:2:Thu-Fri:1:25SEP:85073:45,1774653600,1774653292,default
1774650445,1_10912,1_100162,271,1_569496339,1_7976351,1774650960,1774650960,default
1774650445,1_10912,40_100511,542,40_569571209,40_7976607,1774651440,1774651440,default
1774650445,1_10912,1_100162,271,1_569496089,1_7976382,1774651560,1774651560,default
1774650445,1_10912,1_100162,271,1_587120129,1_7976354,1774652160,1774652160,default
1774650445,1_10912,40_100451,556,40_635882329,40_7976550,1774652220,1774652220,default
1774650445,1_71960,40_100511,542,40_721031159,40_7976686,1774650720,1774650720,default
1774650745,1_320,40_100239,550,40_597758439,40_9659,1774650720,1774650820,default
1774650745,1_2850,1_100089,2,1_491928879,1_7080,1774650960,1774649709,default
1774650745,1_2850,1_100089,2,1_491928889,1_7975116,1774651800,1774651800,default
1774650745,1_46505,1_102619,F Line,1_694520889,1_7976083,1774651260,1774651260,default
1774650745,1_29423,1_102732,79,1_629940169,1_7975604,1774652700,1774652700,default
1774650745,1_27420,23_102638,First Hill Streetcar,23_55295712,23_404,1774650900,1774650878,default
1774650745,1_72494,1_100160,269,1_720964869,1_7976341,1774651860,1774651860,default
1774650745,1_79610,1_100006,107,1_696733639,1_7430,1774650875,1774650745,default
1774650745,1_52306,1_102619,F Line,1_656237509,1_7976016,1774650900,1774650900,default
1774650745,1_52306,1_102719,161,1_664468409,1_7976131,1774651260,1774651260,default
1774650745,1_52306,1_102619,F Line,1_656237249,1_7976229,1774651500,1774651500,default
1774650745,1_52306,1_102719,161,1_664468329,1_7976089,1774652160,1774652160,default
1774650745,1_80121,1_102719,161,1_635446639,1_7426,1774650607,1774650902,default
1774650745,1_76312,1_102705,230,1_664298689,1_7447,1774653418,1774653122,default
1774650745,1_57804,1_100072,181,1_721481539,1_7196,1774653613,1774653804,default
1774650745,1_59282,1_102717,165,1_664465479,1_7976200,1774654140,1774654140,default
1774650745,1_22420,1_100101,21,1_605084039,1_8207,1774653840,1774653206,default
1774650745,1_620,40_510,510,40_15046903__KPOB-CS:253:2:Thu-Fri:1:25SEP:85071:45,40_KPOB-CS:253:2:Thu-Fri:1:25SEP:85071:45,1774653000,1774653351,default
1774650745,1_620,40_100236,545,40_563502519,40_9649,1774653360,1774653360,default
1774650745,1_620,40_100239,550,40_597758499,40_9578,1774652700,1774653491,default
1774650745,1_620,40_100239,550,40_597758519,40_9801,1774653300,1774653590,default
1774650745,1_620,40_515,515,40_15047259__KPOB-CS:253:2:Thu-Fri:1:25SEP:85073:45,40_KPOB-CS:253:2:Thu-Fri:1:25SEP:85073:45,1774653600,1774653640,default
1774650745,1_620,40_515,515,40_15047303__KPOB-CS:253:2:Thu-Fri:1:25SEP:85075:45,40_KPOB-CS:253:2:Thu-Fri:1:25SEP:85075:45,1774654200,1774653853,default
1774650745,1_620,40_510,510,40_15047141__KPOB-CS:253:2:Thu-Fri:1:25SEP:85076:45,40_KPOB-CS:253:2:Thu-Fri:1:25SEP:85076:45,1774654800,1774653931,default
1774650745,1_620,40_510,510,40_15047201__KPOB-CS:253:2:Thu-Fri:1:25SEP:85080:45,40_KPOB-CS:253:2:Thu-Fri:1:25SEP:85080:45,1774655700,1774654667,default
1774650745,1_620,40_515,515,40_15047279__KPOB-CS:253:2:Thu-Fri:1:25SEP:85079:45,40_KPOB-CS:253:2:Thu-Fri:1:25SEP:85079:45,1774655400,1774654725,default
1774650745,1_620,40_515,515,40_15047055__KPOB-CS:253:2:Thu-Fri:1:25SEP:85077:45,40_KPOB-CS:253:2:Thu-Fri:1:25SEP:85077:45,1774654800,1774654800,default
1774650745,1_620,1_102754,256,1_778603719,1_7976703,1774655040,1774655040,default
1774650745,1_620,29_424,424,29_14876206__MCOB-DO:123:0:Weekday:1:25SEP:61049:12345,29_MCOB-DO:123:0:Weekday:1:25SEP:61049:12345,1774656600,1774655148,default
1774650745,1_620,40_515,515,40_15047353__KPOB-CS:253:2:Thu-Fri:1:25SEP:85081:45,40_KPOB-CS:253:2:Thu-Fri:1:25SEP:85081:45,1774656000,1774655158,default
1774650745,1_620,40_515,515,40_15047216__KPOB-CS:253:2:Thu-Fri:1:25SEP:85083:45,40_KPOB-CS:253:2:Thu-Fri:1:25SEP:85083:45,1774656600,1774656587,default
1774650745,1_620,40_510,510,40_15047266__KPOB-CS:253:2:Thu-Fri:1:25SEP:85057:45,40_KPOB-CS:253:2:Thu-Fri:1:25SEP:85057:45,1774656600,1774656600,default
1774650745,1_10912,1_100162,271,1_569554069,1_7976675,1774653540,1774653540,default
1774650745,1_10912,40_100451,556,40_635882829,40_7976589,1774653900,1774653900,default
1774650745,1_10912,40_100511,542,40_608344419,40_7976686,1774653960,1774653960,default
1774650745,1_10912,1_100162,271,1_569496289,1_7976387,1774654080,1774654080,default
1774650745,1_10912,1_100162,271,1_569497129,1_7976667,1774654740,1774654740,default
1774650745,1_10912,40_100451,556,40_635882839,40_7976563,1774656000,1774656342,default
1774650745,1_71960,40_100511,542,40_721031219,40_7976604,1774654020,1774654020,default
1774653309,1_103,1_102745,G Line,1_736436009,1_6400,1774652718,1774653312,default
1774653309,1_22430,1_100101,21,1_605084039,1_8207,1774653870,1774653236,default
1774653309,1_320,40_595,595,40_542020,40_9217,1774653420,1774653420,default
1774653309,1_320,40_592,592,40_343020,40_41517,1774653480,1774653480,default
1774653309,1_2850,1_100089,2,1_491928909,1_7150,1774653420,1774652848,default
1774653309,1_2850,1_100089,2,1_491928919,1_7975110,1774654140,1774654140,default
1774653309,1_46505,1_102619,F Line,1_694522199,1_7976035,1774653660,1774653660,default
1774653309,1_46505,1_102619,F Line,1_694521259,1_7975997,1774654260,1774654260,default
1774653309,1_29423,1_102732,79,1_561369469,1_7975557,1774654200,1774654200,default
1774653309,1_79871,1_100162,271,1_721030319,1_6915,1774653373,1774653258,default
1774653309,1_72494,1_100160,269,1_720966209,1_7327,1774653720,1774653072,default
1774653309,1_52306,1_102719,161,1_664468339,1_7976088,1774653900,1774653900,default
1774653309,1_52306,1_102619,F Line,1_656236899,1_7976142,1774653900,1774653900,default
1774653309,1_52306,1_102719,161,1_664467859,1_7976092,1774654800,1774654800,default
1774653309,1_57804,1_100072,181,1_721481539,1_7196,1774653613,1774653723,default
1774653309,1_59282,1_100072,181,1_721481709,1_7453,1774654080,1774653061,default
1774653309,1_59282,1_102717,165,1_664465479,1_7976200,1774654140,1774654140,default
1774653309,1_25791,1_100214,372,1_694306629,1_6961,1774653441,1774653554,default
1774653309,1_620,40_100239,550,40_597758519,40_9801,1774653300,1774653502,default
1774653309,1_620,40_515,515,40_15047259__KPOB-CS:253:2:Thu-Fri:1:25SEP:85073:45,40_KPOB-CS:253:2:Thu-Fri:1:25SEP:85073:45,1774653600,1774653748,default
1774653309,1_620,40_515,515,40_15047303__KPOB-CS:253:2:Thu-Fri:1:25SEP:85075:45,40_KPOB-CS:253:2:Thu-Fri:1:25SEP:85075:45,1774654200,1774653919,default
1774653309,1_620,40_510,510,40_15047141__KPOB-CS:253:2:Thu-Fri:1:25SEP:85076:45,40_KPOB-CS:253:2:Thu-Fri:1:25SEP:85076:45,1774654800,1774653944,default
1774653309,1_620,40_100239,550,40_597758449,40_9656,1774653900,1774654012,default
1774653309,1_620,40_510,510,40_15047201__KPOB-CS:253:2:Thu-Fri:1:25SEP:85080:45,40_KPOB-CS:253:2:Thu-Fri:1:25SEP:85080:45,1774655700,1774654713,default
1774653309,1_620,40_515,515,40_15047279__KPOB-CS:253:2:Thu-Fri:1:25SEP:85079:45,40_KPOB-CS:253:2:Thu-Fri:1:25SEP:85079:45,1774655400,1774654785,default
1774653309,1_620,40_515,515,40_15047055__KPOB-CS:253:2:Thu-Fri:1:25SEP:85077:45,40_KPOB-CS:253:2:Thu-Fri:1:25SEP:85077:45,1774654800,1774654800,default
1774653309,1_620,1_102754,256,1_778603719,1_7976703,1774655040,1774655040,default
1774653309,1_620,40_515,515,40_15047353__KPOB-CS:253:2:Thu-Fri:1:25SEP:85081:45,40_KPOB-CS:253:2:Thu-Fri:1:25SEP:85081:45,1774656000,1774655137,default
1774653309,1_620,29_424,424,29_14876206__MCOB-DO:123:0:Weekday:1:25SEP:61049:12345,29_MCOB-DO:123:0:Weekday:1:25SEP:61049:12345,1774656600,1774655218,default
1774653309,1_620,40_515,515,40_15047216__KPOB-CS:253:2:Thu-Fri:1:25SEP:85083:45,40_KPOB-CS:253:2:Thu-Fri:1:25SEP:85083:45,1774656600,1774656382,default
1774653309,1_620,40_510,510,40_15047266__KPOB-CS:253:2:Thu-Fri:1:25SEP:85057:45,40_KPOB-CS:253:2:Thu-Fri:1:25SEP:85057:45,1774656600,1774656600,default
1774653309,1_620,1_102754,256,1_778603729,1_7976735,1774656900,1774656900,default
1774653309,1_620,40_515,515,40_15046848__KPOB-CS:253:2:Thu-Fri:1:25SEP:85043:45,40_KPOB-CS:253:2:Thu-Fri:1:25SEP:85043:45,1774657200,1774656991,default
1774653309,1_10912,1_100264,70,1_724577349,1_7975067,1774653427,1774653490,default
1774653309,1_10912,1_100162,271,1_569554069,1_7976675,1774653540,1774653540,default
1774653309,1_10912,40_100451,556,40_635882829,40_7976589,1774653900,1774653900,default
1774653309,1_10912,40_100511,542,40_608344419,40_7976686,1774653960,1774653960,default
1774653309,1_10912,1_100162,271,1_569496289,1_7976387,1774654080,1774654080,default
1774653309,1_10912,1_100162,271,1_569497129,1_7976667,1774654740,1774654740,default
1774653309,1_10912,40_100451,556,40_635882839,40_7976563,1774656000,1774656184,default
1774653309,1_71960,40_100511,542,40_721031219,40_7976604,1774654020,1774654020,default
1774653609,1_103,1_102745,G Line,1_736435939,1_6412,1774653078,1774653649,default
1774653609,1_12170,1_100039,14,1_562519819,1_4312,1774653279,1774653690,default
1774653609,1_970,40_578,578,40_1934020,40_9206,1774653662,1774653691,default
1774653609,1_970,40_590,590,40_3473020,40_9303,1774653707,1774653707,default
1774653609,1_575,1_100210,36,1_630542749,1_4355,1774653900,1774653598,default
1774653609,1_575,1_102576,C Line,1_774681469,1_6255,1774653660,-1,default
1774653609,1_2850,1_100089,2,1_491928919,1_7975110,1774654140,1774654140,default
1774653609,1_46505,1_102619,F Line,1_694522199,1_7976035,1774653660,1774653660,default
1774653609,1_46505,1_102619,F Line,1_694521259,1_7975997,1774654260,1774654260,default
1774653609,1_29423,1_102732,79,1_561369469,1_7975557,1774654200,1774654200,default
1774653609,1_72494,1_100160,269,1_720966209,1_7327,1774653720,1774653072,default
1774653609,1_52306,1_102719,161,1_664468339,1_7976088,1774653900,1774653900,default
1774653609,1_52306,1_102619,F Line,1_656236899,1_7976142,1774653900,1774653900,default
1774653609,1_52306,1_102619,F Line,1_656237159,1_7976074,1774654500,1774654500,default
1774653609,1_52306,1_102719,161,1_664467859,1_7976092,1774654800,1774654800,default
1774653609,1_21945,1_102717,165,1_664465059,1_7310,1774653780,1774653620,default
1774653609,1_57804,1_100072,181,1_721481539,1_7196,1774653613,1774653738,default
1774653609,1_59282,1_100072,181,1_721481709,1_7453,1774654080,1774653061,default
1774653609,1_59282,1_102717,165,1_664465479,1_7976200,1774654140,1774654140,default
1774653609,1_59282,1_102717,165,1_664465489,1_7976041,1774655340,1774655340,default
1774653609,1_620,40_100239,550,40_597758449,40_9656,1774653900,1774653916,default
1774653609,1_620,40_510,510,40_15047141__KPOB-CS:253:2:Thu-Fri:1:25SEP:85076:45,40_KPOB-CS:253:2:Thu-Fri:1:25SEP:85076:45,1774654800,1774654117,default
1774653609,1_620,40_515,515,40_15047303__KPOB-CS:253:2:Thu-Fri:1:25SEP:85075:45,40_KPOB-CS:253:2:Thu-Fri:1:25SEP:85075:45,1774654200,1774654177,default
1774653609,1_620,40_515,515,40_15047055__KPOB-CS:253:2:Thu-Fri:1:25SEP:85077:45,40_KPOB-CS:253:2:Thu-Fri:1:25SEP:85077:45,1774654800,1774654800,default
1774653609,1_620,40_510,510,40_15047201__KPOB-CS:253:2:Thu-Fri:1:25SEP:85080:45,40_KPOB-CS:253:2:Thu-Fri:1:25SEP:85080:45,1774655700,1774654848,default
1774653609,1_620,40_515,515,40_15047279__KPOB-CS:253:2:Thu-Fri:1:25SEP:85079:45,40_KPOB-CS:253:2:Thu-Fri:1:25SEP:85079:45,1774655400,1774654892,default
1774653609,1_620,1_102754,256,1_778603719,1_7976703,1774655040,1774655040,default
1774653609,1_620,29_424,424,29_14876206__MCOB-DO:123:0:Weekday:1:25SEP:61049:12345,29_MCOB-DO:123:0:Weekday:1:25SEP:61049:12345,1774656600,1774655140,default
1774653609,1_620,40_515,515,40_15047353__KPOB-CS:253:2:Thu-Fri:1:25SEP:85081:45,40_KPOB-CS:253:2:Thu-Fri:1:25SEP:85081:45,1774656000,1774655225,default
1774653609,1_620,40_515,515,40_15047216__KPOB-CS:253:2:Thu-Fri:1:25SEP:85083:45,40_KPOB-CS:253:2:Thu-Fri:1:25SEP:85083:45,1774656600,1774656118,default
1774653609,1_620,40_515,515,40_15046848__KPOB-CS:253:2:Thu-Fri:1:25SEP:85043:45,40_KPOB-CS:253:2:Thu-Fri:1:25SEP:85043:45,1774657200,1774656306,default
1774653609,1_620,40_510,510,40_15047266__KPOB-CS:253:2:Thu-Fri:1:25SEP:85057:45,40_KPOB-CS:253:2:Thu-Fri:1:25SEP:85057:45,1774656600,1774656600,default
1774653609,1_620,1_102754,256,1_778603729,1_7976735,1774656900,1774656900,default
1774653609,1_10912,40_100451,556,40_635882829,40_7976589,1774653900,1774653900,default
1774653609,1_10912,40_100511,542,40_608344419,40_7976686,1774653960,1774653960,default
1774653609,1_10912,1_100162,271,1_569496289,1_7976387,1774654080,1774654080,default
1774653609,1_10912,1_100162,271,1_569497129,1_7976667,1774654740,1774654740,default
1774653609,1_10912,1_100162,271,1_569495939,1_7976350,1774655400,1774655400,default
1774653609,1_10912,40_100451,556,40_635882839,40_7976563,1774656000,1774656000,default
1774653609,1_10912,1_100162,271,1_569496799,1_7976668,1774657380,1774657222,default
1774653609,1_71960,40_100511,542,40_721031219,40_7976604,1774654020,1774654020,default
1774653609,1_71960,40_100511,542,40_721030749,40_7976607,1774654680,1774654680,default
1774653609,1_8403,1_100039,14,1_562519879,1_4407,1774653600,1774653723,default
1774653609,1_58144,1_100048,153,1_825129229,1_7163,1774653881,1774653739,default
1774653909,1_103,1_102745,G Line,1_736437619,1_6402,1774653798,1774653959,default
1774653909,1_51551,1_102736,H Line,1_694056169,1_6063,1774653317,1774653961,default
1774653909,1_8541,1_100039,14,1_562519909,1_4334,1774653480,1774653957,default
1774653909,1_12770,1_100228,48,1_721360289,1_8249,1774653989,1774653851,default
1774653909,1_320,40_590,590,40_3473020,40_9303,1774654020,1774654020,default
1774653909,1_575,1_100028,13,1_605110499,1_7136,1774653480,1774653984,default
1774653909,1_2850,1_100089,2,1_491928929,1_7090,1774654860,1774653700,default
1774653909,1_2850,1_100089,2,1_491928919,1_7975110,1774654140,1774654140,default
1774653909,1_46505,1_102619,F Line,1_694521259,1_6008,1774654260,1774653706,default
1774653909,1_46505,1_102619,F Line,1_694521469,1_6282,1774654860,1774653740,default
1774653909,1_46505,1_102619,F Line,1_694521259,1_7975997,1774654260,1774654260,default
1774653909,1_46505,1_102619,F Line,1_694521469,1_7976017,1774654860,1774654860,default
1774653909,1_29423,1_102732,79,1_561369469,1_7975557,1774654200,1774654200,default
1774653909,1_73112,1_102704,250,1_720962489,1_7976337,1774654002,1774654002,default
1774653909,1_52306,1_102619,F Line,1_656237159,1_7976074,1774654500,1774654500,default
1774653909,1_52306,1_102719,161,1_664467859,1_7976092,1774654800,1774654800,default
1774653909,1_59282,1_100072,181,1_721481709,1_7453,1774654080,1774653061,default
1774653909,1_59282,1_102717,165,1_664465479,1_7976200,1774654140,1774654140,default
1774653909,1_59282,1_102717,165,1_664465489,1_7976041,1774655340,1774655340,default
1774653909,1_85531,1_102757,187,1_762095129,1_7976065,1774654140,1774654161,default
1774653909,1_620,40_100240,554,40_774872169,40_9688,1774653960,1774654153,default
1774653909,1_620,40_515,515,40_15047303__KPOB-CS:253:2:Thu-Fri:1:25SEP:85075:45,40_KPOB-CS:253:2:Thu-Fri:1:25SEP:85075:45,1774654200,1774654330,default
1774653909,1_620,40_510,510,40_15047141__KPOB-CS:253:2:Thu-Fri:1:25SEP:85076:45,40_KPOB-CS:253:2:Thu-Fri:1:25SEP:85076:45,1774654800,1774654366,default
1774653909,1_620,40_100239,550,40_597758979,40_9678,1774654500,1774654433,default
1774653909,1_620,40_515,515,40_15047055__KPOB-CS:253:2:Thu-Fri:1:25SEP:85077:45,40_KPOB-CS:253:2:Thu-Fri:1:25SEP:85077:45,1774654800,1774654800,default
1774653909,1_620,40_510,510,40_15047201__KPOB-CS:253:2:Thu-Fri:1:25SEP:85080:45,40_KPOB-CS:253:2:Thu-Fri:1:25SEP:85080:45,1774655700,1774654953,default
1774653909,1_620,1_102754,256,1_778603719,1_7976703,1774655040,1774655040,default
1774653909,1_620,40_515,515,40_15047279__KPOB-CS:253:2:Thu-Fri:1:25SEP:85079:45,40_KPOB-CS:253:2:Thu-Fri:1:25SEP:85079:45,1774655400,1774655040,default
1774653909,1_620,29_424,424,29_14876206__MCOB-DO:123:0:Weekday:1:25SEP:61049:12345,29_MCOB-DO:123:0:Weekday:1:25SEP:61049:12345,1774656600,1774655283,default
1774653909,1_620,40_515,515,40_15047353__KPOB-CS:253:2:Thu-Fri:1:25SEP:85081:45,40_KPOB-CS:253:2:Thu-Fri:1:25SEP:85081:45,1774656000,1774655378,default
1774653909,1_620,40_515,515,40_15047216__KPOB-CS:253:2:Thu-Fri:1:25SEP:85083:45,40_KPOB-CS:253:2:Thu-Fri:1:25SEP:85083:45,1774656600,1774655751,default
1774653909,1_620,40_515,515,40_15046848__KPOB-CS:253:2:Thu-Fri:1:25SEP:85043:45,40_KPOB-CS:253:2:Thu-Fri:1:25SEP:85043:45,1774657200,1774656254,default
1774653909,1_620,40_510,510,40_15047266__KPOB-CS:253:2:Thu-Fri:1:25SEP:85057:45,40_KPOB-CS:253:2:Thu-Fri:1:25SEP:85057:45,1774656600,1774656600,default
1774653909,1_620,40_510,510,40_15047252__KPOB-CS:253:2:Thu-Fri:1:25SEP:85055:45,40_KPOB-CS:253:2:Thu-Fri:1:25SEP:85055:45,1774657500,1774656866,default
1774653909,1_620,1_102754,256,1_778603729,1_7976735,1774656900,1774656900,default
1774653909,1_10912,1_100162,271,1_569496289,1_7976387,1774654080,1774654080,default
1774653909,1_10912,1_100162,271,1_569497129,1_7976667,1774654740,1774654740,default
1774653909,1_10912,40_100511,542,40_608343959,40_7976608,1774655160,1774655235,default
1774653909,1_10912,1_100162,271,1_569495939,1_7976350,1774655400,1774655400,default
1774653909,1_10912,40_100451,556,40_635882839,40_7976563,1774656000,1774656000,default
1774653909,1_10912,1_100162,271,1_569496799,1_7976668,1774657380,1774657380,default
1774653909,1_71960,40_100511,542,40_721030749,40_7976607,1774654680,1774654680,default
1774653909,1_58144,1_102719,161,1_664468409,1_7404,1774654127,1774654015,default
1774654210,1_970,40_577,577,40_3496020,40_9715,1774654262,1774654262,default
1774654210,1_970,40_590,590,40_2427020,40_9204,1774654307,1774654307,default
1774654210,1_30790,1_100006,107,1_762078059,1_3715,1774654233,1774654185,default
1774654210,1_575,1_100028,13,1_605110559,1_7029,1774654260,1774654297,default
1774654210,1_2850,1_100089,2,1_491928929,1_7090,1774654860,1774653700,default
1774654210,1_46505,1_102619,F Line,1_694521259,1_6008,1774654260,1774653706,default
1774654210,1_46505,1_102619,F Line,1_694521469,1_6282,1774654860,1774653740,default
1774654210,1_27420,1_100161,27,1_759819379,1_7041,1774654294,1774654255,default
1774654210,3_31002,40_560,560,40_3279020,40_9203,1774654345,1774654326,default
1774654210,1_11200,1_100447,49,1_650117909,1_7178,1774654020,1774654292,default
1774654210,1_72494,1_100160,269,1_720963969,1_7976343,1774655580,1774655580,default
1774654210,1_52306,1_102619,F Line,1_656237159,1_7976074,1774654500,1774654500,default
1774654210,1_52306,1_102719,161,1_664467859,1_7976092,1774654800,1774654800,default
1774654210,1_52306,1_102619,F Line,1_656237439,1_7976004,1774655100,1774655100,default
1774654210,1_52306,1_102719,161,1_664468349,1_7976218,1774655940,1774655940,default
1774654210,1_59282,1_102717,165,1_664465489,1_7476,1774655340,1774653946,default
1774654210,1_620,40_100239,550,40_597758979,40_9678,1774654500,1774654277,default
1774654210,1_620,40_510,510,40_15047141__KPOB-CS:253:2:Thu-Fri:1:25SEP:85076:45,40_KPOB-CS:253:2:Thu-Fri:1:25SEP:85076:45,1774654800,1774654662,default
1774654210,1_620,40_515,515,40_15047055__KPOB-CS:253:2:Thu-Fri:1:25SEP:85077:45,40_KPOB-CS:253:2:Thu-Fri:1:25SEP:85077:45,1774654800,1774654800,default
1774654210,1_620,40_510,510,40_15047201__KPOB-CS:253:2:Thu-Fri:1:25SEP:85080:45,40_KPOB-CS:253:2:Thu-Fri:1:25SEP:85080:45,1774655700,1774654941,default
1774654210,1_620,40_515,515,40_15047279__KPOB-CS:253:2:Thu-Fri:1:25SEP:85079:45,40_KPOB-CS:253:2:Thu-Fri:1:25SEP:85079:45,1774655400,1774655036,default
1774654210,1_620,1_102754,256,1_778603719,1_7976703,1774655040,1774655040,default
1774654210,1_620,29_424,424,29_14876206__MCOB-DO:123:0:Weekday:1:25SEP:61049:12345,29_MCOB-DO:123:0:Weekday:1:25SEP:61049:12345,1774656600,1774655245,default
1774654210,1_620,40_515,515,40_15047353__KPOB-CS:253:2:Thu-Fri:1:25SEP:85081:45,40_KPOB-CS:253:2:Thu-Fri:1:25SEP:85081:45,1774656000,1774655479,default
1774654210,1_620,40_515,515,40_15047216__KPOB-CS:253:2:Thu-Fri:1:25SEP:85083:45,40_KPOB-CS:253:2:Thu-Fri:1:25SEP:85083:45,1774656600,1774655929,default
1774654210,1_620,40_515,515,40_15046848__KPOB-CS:253:2:Thu-Fri:1:25SEP:85043:45,40_KPOB-CS:253:2:Thu-Fri:1:25SEP:85043:45,1774657200,1774656361,default
1774654210,1_620,40_510,510,40_15047266__KPOB-CS:253:2:Thu-Fri:1:25SEP:85057:45,40_KPOB-CS:253:2:Thu-Fri:1:25SEP:85057:45,1774656600,1774656600,default
1774654210,1_620,40_510,510,40_15047252__KPOB-CS:253:2:Thu-Fri:1:25SEP:85055:45,40_KPOB-CS:253:2:Thu-Fri:1:25SEP:85055:45,1774657500,1774656873,default
1774654210,1_620,1_102754,256,1_778603729,1_7976735,1774656900,1774656900,default
1774654210,1_10912,1_100162,271,1_569497129,1_7976667,1774654740,1774654740,default
1774654210,1_10912,40_100511,542,40_608343959,40_7976608,1774655160,1774655191,default
1774654210,1_10912,1_100162,271,1_569495939,1_7976350,1774655400,1774655400,default
1774654210,1_10912,40_100451,556,40_635882839,40_7976563,1774656000,1774656000,default
1774654210,1_10912,1_100162,271,1_569496799,1_7976668,1774657380,1774657380,default
1774654210,1_71960,40_100511,542,40_721030749,40_7976607,1774654680,1774654680,default
1774654510,1_320,40_590,590,40_2427020,40_9204,1774654620,1774654620,default
1774654510,1_575,1_102576,C Line,1_774680489,1_6256,1774654320,1774654611,default
1774654510,1_2850,1_100089,2,1_491928929,1_7090,1774654860,1774653700,default
1774654510,1_2850,1_100089,2,1_491928949,1_7975119,1774656060,1774656060,default
1774654510,1_46505,1_102619,F Line,1_694521469,1_6282,1774654860,1774653740,default
1774654510,1_46505,1_102619,F Line,1_694521969,1_6239,1774655460,1774654222,default
1774654510,1_60477,1_102715,162,1_721494659,1_7451,1774655329,1774654545,default
1774654510,1_72494,1_100160,269,1_720963969,1_7976343,1774655580,1774655580,default
1774654510,1_52306,1_102719,161,1_664467859,1_7976092,1774654800,1774654800,default
1774654510,1_52306,1_102619,F Line,1_656237439,1_7976004,1774655100,1774655100,default
1774654510,1_52306,1_102719,161,1_664468349,1_7976218,1774655940,1774655940,default
1774654510,1_40030,1_102574,40,1_761403889,1_7229,1774654751,1774654624,default
1774654510,1_59282,1_102717,165,1_664465489,1_7476,1774655340,1774653946,default
1774654510,1_620,40_510,510,40_15047141__KPOB-CS:253:2:Thu-Fri:1:25SEP:85076:45,40_19815,1774654800,1774654555,default
1774654510,1_620,40_100236,545,40_563502939,40_9646,1774654560,1774654733,default
1774654510,1_620,1_100104,212,1_694279219,1_6946,1774654980,1774654768,default
1774654510,1_620,40_515,515,40_15047055__KPOB-CS:253:2:Thu-Fri:1:25SEP:85077:45,40_KPOB-CS:253:2:Thu-Fri:1:25SEP:85077:45,1774654800,1774654800,default
1774654510,1_620,40_510,510,40_15047141__KPOB-CS:253:2:Thu-Fri:1:25SEP:85076:45,40_KPOB-CS:253:2:Thu-Fri:1:25SEP:85076:45,1774654800,1774654835,default
1774654510,1_620,1_102754,256,1_778603719,1_7976703,1774655040,1774655040,default
1774654510,1_620,40_510,510,40_15047201__KPOB-CS:253:2:Thu-Fri:1:25SEP:85080:45,40_KPOB-CS:253:2:Thu-Fri:1:25SEP:85080:45,1774655700,1774655041,default
1774654510,1_620,40_515,515,40_15047279__KPOB-CS:253:2:Thu-Fri:1:25SEP:85079:45,40_KPOB-CS:253:2:Thu-Fri:1:25SEP:85079:45,1774655400,1774655150,default
1774654510,1_620,40_100239,550,40_597759279,40_9574,1774655100,1774655262,default
1774654510,1_620,29_424,424,29_14876206__MCOB-DO:123:0:Weekday:1:25SEP:61049:12345,29_MCOB-DO:123:0:Weekday:1:25SEP:61049:12345,1774656600,1774655514,default
1774654510,1_620,40_515,515,40_15047353__KPOB-CS:253:2:Thu-Fri:1:25SEP:85081:45,40_KPOB-CS:253:2:Thu-Fri:1:25SEP:85081:45,1774656000,1774655644,default
1774654510,1_620,40_515,515,40_15047216__KPOB-CS:253:2:Thu-Fri:1:25SEP:85083:45,40_KPOB-CS:253:2:Thu-Fri:1:25SEP:85083:45,1774656600,1774656006,default
1774654510,1_620,40_515,515,40_15046848__KPOB-CS:253:2:Thu-Fri:1:25SEP:85043:45,40_KPOB-CS:253:2:Thu-Fri:1:25SEP:85043:45,1774657200,1774656318,default
1774654510,1_620,40_510,510,40_15047266__KPOB-CS:253:2:Thu-Fri:1:25SEP:85057:45,40_KPOB-CS:253:2:Thu-Fri:1:25SEP:85057:45,1774656600,1774656600,default
1774654510,1_620,40_510,510,40_15047252__KPOB-CS:253:2:Thu-Fri:1:25SEP:85055:45,40_KPOB-CS:253:2:Thu-Fri:1:25SEP:85055:45,1774657500,1774656847,default
1774654510,1_620,1_102754,256,1_778603729,1_7976735,1774656900,1774656900,default
1774654510,1_10912,1_100162,271,1_569497129,1_7419,1774654740,1774654740,default
1774654510,1_10912,1_100162,271,1_569495939,1_7976350,1774655400,1774655400,default
1774654510,1_10912,40_100511,542,40_608343959,40_7976608,1774655160,1774655414,default
1774654510,1_10912,1_100162,271,1_569497239,1_7976676,1774655940,1774655940,default
1774654510,1_10912,40_100451,556,40_635882839,40_7976563,1774656000,1774656000,default
1774654510,1_10912,1_100162,271,1_569496799,1_7976668,1774657380,1774657380,default
1774654510,1_10912,40_100451,556,40_635883209,40_7976710,1774657800,1774657800,default
1774654510,1_71960,40_100511,542,40_721030749,40_7976607,1774654680,1774654680,default
1774654810,1_103,1_102745,G Line,1_736435919,1_6401,1774654878,1774654839,default
1774654810,1_970,40_590,590,40_990020,40_61401,1774654907,1774654907,default
1774654810,1_60453,1_102715,162,1_721494659,1_7451,1774655580,1774654803,default
1774654810,1_320,1_100011,111,1_664455019,1_7405,1774654860,1774654816,default
1774654810,1_320,40_100239,550,40_597759589,40_9578,1774654860,1774654917,default
1774654810,1_575,1_102615,E Line,1_768604389,1_6209,1774654800,1774654843,default
1774654810,1_2850,1_100089,2,1_491928929,1_7090,1774654860,1774653700,default
1774654810,1_2850,1_100089,2,1_491928939,1_7007,1774655340,1774654223,default
1774654810,1_2850,1_100089,2,1_491928949,1_7975119,1774656060,1774656060,default
1774654810,1_46505,1_102619,F Line,1_694521469,1_6282,1774654860,1774653740,default
1774654810,1_46505,1_102619,F Line,1_694521969,1_6239,1774655460,1774654222,default
1774654810,1_1190,40_100239,550,40_597758979,40_9678,1774654960,1774654813,default
1774654810,1_72494,1_100160,269,1_720963969,1_7976343,1774655580,1774655580,default
1774654810,1_52306,40_560,560,40_3279020,40_9203,1774655040,1774654972,default
1774654810,1_52306,1_102619,F Line,1_656237439,1_7976004,1774655100,1774655100,default
1774654810,1_52306,1_102619,F Line,1_656236439,1_7976083,1774655700,1774655700,default
1774654810,1_52306,1_102719,161,1_664468349,1_7976218,1774655940,1774655940,default
1774654810,1_57804,1_100072,181,1_721481869,1_7482,1774655353,1774655204,default
1774654810,1_59282,1_102717,165,1_664465489,1_7476,1774655340,1774653946,default
1774654810,1_45230,1_100133,240,1_787241189,1_7382,1774655137,1774654803,default
1774654810,1_57940,1_102720,160,1_694517129,1_7474,1774654972,1774654889,default
1774654810,1_620,1_102754,256,1_778603719,1_7976703,1774655040,1774655040,default
1774654810,1_620,40_100240,554,40_774872179,40_9681,1774655280,1774655238,default
1774654810,1_620,40_510,510,40_15047201__KPOB-CS:253:2:Thu-Fri:1:25SEP:85080:45,40_KPOB-CS:253:2:Thu-Fri:1:25SEP:85080:45,1774655700,1774655261,default
1774654810,1_620,40_515,515,40_15047279__KPOB-CS:253:2:Thu-Fri:1:25SEP:85079:45,40_KPOB-CS:253:2:Thu-Fri:1:25SEP:85079:45,1774655400,1774655352,default
1774654810,1_620,40_100239,550,40_597759279,40_9574,1774655100,1774655414,default
1774654810,1_620,40_515,515,40_15047353__KPOB-CS:253:2:Thu-Fri:1:25SEP:85081:45,40_KPOB-CS:253:2:Thu-Fri:1:25SEP:85081:45,1774656000,1774655692,default
1774654810,1_620,29_424,424,29_14876206__MCOB-DO:123:0:Weekday:1:25SEP:61049:12345,29_MCOB-DO:123:0:Weekday:1:25SEP:61049:12345,1774656600,1774655814,default
1774654810,1_620,40_515,515,40_15047216__KPOB-CS:253:2:Thu-Fri:1:25SEP:85083:45,40_KPOB-CS:253:2:Thu-Fri:1:25SEP:85083:45,1774656600,1774656117,default
1774654810,1_620,40_515,515,40_15046848__KPOB-CS:253:2:Thu-Fri:1:25SEP:85043:45,40_KPOB-CS:253:2:Thu-Fri:1:25SEP:85043:45,1774657200,1774656377,default
1774654810,1_620,40_510,510,40_15047266__KPOB-CS:253:2:Thu-Fri:1:25SEP:85057:45,40_KPOB-CS:253:2:Thu-Fri:1:25SEP:85057:45,1774656600,1774656600,default
1774654810,1_620,1_102754,256,1_778603729,1_7976735,1774656900,1774656900,default
1774654810,1_620,40_515,515,40_15047093__KPOB-CS:253:2:Thu-Fri:1:25SEP:85052:45,40_KPOB-CS:253:2:Thu-Fri:1:25SEP:85052:45,1774658400,1774658400,default
1774654810,1_10912,1_100162,271,1_569495939,1_7976350,1774655400,1774655400,default
1774654810,1_10912,40_100511,542,40_608343959,40_7976608,1774655160,1774655501,default
1774654810,1_10912,1_100162,271,1_569497239,1_7976676,1774655940,1774655940,default
1774654810,1_10912,40_100451,556,40_635882839,40_7976563,1774656000,1774656000,default
1774654810,1_10912,1_100162,271,1_569496799,1_7976668,1774657380,1774657380,default
1774654810,1_10912,40_100451,556,40_635883209,40_7976710,1774657800,1774657800,default
1774654810,1_71960,40_100511,542,40_721031419,40_7976685,1774656000,1774656000,default
1774655110,1_320,40_590,590,40_990020,40_61401,1774655220,1774655220,default
1774655110,1_320,40_592,592,40_190020,40_9728,1774655280,1774655280,default
1774655110,1_575,1_100263,7,1_694072149,1_4553,1774655220,1774655127,default
1774655110,1_2850,1_100089,2,1_491928939,1_7007,1774655340,1774654223,default
1774655110,1_2850,1_100089,2,1_491928949,1_7975119,1774656060,1774656060,default
1774655110,1_46505,1_102619,F Line,1_694521969,1_6239,1774655460,1774654222,default
1774655110,1_46505,1_102619,F Line,1_694521709,1_7976229,1774656060,1774656060,default
1774655110,1_280,40_590,590,40_2141020,block_15103_schedBasedVehicle,1774656165,1774655139,default
1774655110,1_72494,1_100160,269,1_720963969,1_7976343,1774655580,1774655580,default
1774655110,1_52306,1_102619,F Line,1_656236439,1_7976083,1774655700,1774655700,default
1774655110,1_52306,1_102719,161,1_664468349,1_7976218,1774655940,1774655940,default
1774655110,1_52306,1_102719,161,1_693753589,1_7976230,1774656900,1774656900,default
1774655110,1_49350,1_100026,128,1_651754609,1_7328,1774655257,1774655141,default
1774655110,1_57804,1_100072,181,1_721481869,1_7482,1774655353,1774655003,default
1774655110,1_59282,1_102717,165,1_664465489,1_7476,1774655340,1774653946,default
1774655110,1_59282,1_102717,165,1_664465499,1_7976231,1774656780,1774656780,default
1774655110,1_25791,1_100214,372,1_694307029,1_6951,1774654761,1774655307,default
1774655110,1_620,40_100239,550,40_597759279,40_9574,1774655100,1774655274,default
1774655110,1_620,40_100236,545,40_563502999,40_7976555,1774655160,1774655440,default
1774655110,1_620,40_510,510,40_15047201__KPOB-CS:253:2:Thu-Fri:1:25SEP:85080:45,40_KPOB-CS:253:2:Thu-Fri:1:25SEP:85080:45,1774655700,1774655561,default
1774655110,1_620,40_515,515,40_15047279__KPOB-CS:253:2:Thu-Fri:1:25SEP:85079:45,40_KPOB-CS:253:2:Thu-Fri:1:25SEP:85079:45,1774655400,1774655641,default
1774655110,1_620,40_515,515,40_15047353__KPOB-CS:253:2:Thu-Fri:1:25SEP:85081:45,40_KPOB-CS:253:2:Thu-Fri:1:25SEP:85081:45,1774656000,1774655731,default
1774655110,1_620,40_100239,550,40_597759269,40_9659,1774655700,1774655829,default
1774655110,1_620,29_424,424,29_14876206__MCOB-DO:123:0:Weekday:1:25SEP:61049:12345,29_MCOB-DO:123:0:Weekday:1:25SEP:61049:12345,1774656600,1774656105,default
1774655110,1_620,40_515,515,40_15047216__KPOB-CS:253:2:Thu-Fri:1:25SEP:85083:45,40_KPOB-CS:253:2:Thu-Fri:1:25SEP:85083:45,1774656600,1774656221,default
1774655110,1_620,40_515,515,40_15046848__KPOB-CS:253:2:Thu-Fri:1:25SEP:85043:45,40_KPOB-CS:253:2:Thu-Fri:1:25SEP:85043:45,1774657200,1774656227,default
1774655110,1_620,40_510,510,40_15047266__KPOB-CS:253:2:Thu-Fri:1:25SEP:85057:45,40_KPOB-CS:253:2:Thu-Fri:1:25SEP:85057:45,1774656600,1774656600,default
1774655110,1_620,1_102754,256,1_778603729,1_7976735,1774656900,1774656900,default
1774655110,1_620,40_515,515,40_15047093__KPOB-CS:253:2:Thu-Fri:1:25SEP:85052:45,40_KPOB-CS:253:2:Thu-Fri:1:25SEP:85052:45,1774658400,1774658400,default
1774655110,1_10912,1_100162,271,1_569495939,1_7976350,1774655400,1774655400,default
1774655110,1_10912,1_100162,271,1_569497239,1_7976676,1774655940,1774655940,default
1774655110,1_10912,40_100451,556,40_635882839,40_7976563,1774656000,1774656000,default
1774655110,1_10912,40_100511,542,40_581722909,40_7976606,1774656360,1774656360,default
1774655110,1_10912,1_100162,271,1_569496929,1_7976670,1774656720,1774656720,default
1774655110,1_10912,1_100162,271,1_569496799,1_7976668,1774657380,1774657380,default
1774655110,1_10912,40_100451,556,40_635883209,40_7976710,1774657800,1774657800,default
1774655110,1_71960,40_100511,542,40_721031419,40_7976685,1774656000,1774656000,default
1774655110,1_39476,1_100246,57,1_662804989,1_8216,1774655354,1774655162,default
1774655110,1_76310,1_100214,372,1_694306919,1_6851,1774655335,1774655225,default
1774655410,1_103,1_102745,G Line,1_736435969,1_6406,1774655238,1774655411,default
1774655410,1_77930,1_102746,333,1_778704209,1_7219,1774655393,1774655466,default
1774655410,1_74871,1_100205,348,1_771626419,1_7254,1774655467,1774655352,default
1774655410,1_26560,1_102574,40,1_761403189,1_8268,1774655183,1774655550,default
1774655410,1_970,40_590,590,40_3513020,40_41514,1774655507,1774655507,default
1774655410,1_575,1_102576,C Line,1_774681069,1_6253,1774655520,1774655367,default
1774655410,1_2850,1_100089,2,1_491928949,1_7975119,1774656060,1774656060,default
1774655410,1_46505,1_102619,F Line,1_694521969,1_6239,1774655460,1774654222,default
1774655410,1_46505,1_102619,F Line,1_694521709,1_7976229,1774656060,1774656060,default
1774655410,1_57453,1_102720,160,1_694517129,1_7474,1774655520,1774655388,default
1774655410,1_81199,1_100072,181,1_721481869,1_7482,1774655700,1774655442,default
1774655410,1_72494,1_100160,269,1_720963969,1_7976343,1774655580,1774655580,default
1774655410,1_52306,1_102619,F Line,1_656236439,1_7976083,1774655700,1774655700,default
1774655410,1_52306,1_102719,161,1_664468349,1_7976218,1774655940,1774655940,default
1774655410,1_52306,1_102619,F Line,1_656236699,1_7976226,1774656300,1774656300,default
1774655410,1_52306,1_102719,161,1_693753589,1_7976230,1774656900,1774656900,default
1774655410,1_8530,1_100039,14,1_562519969,1_7974991,1774655272,1774655544,default
1774655410,1_99254,40_594,594,40_1594020,40_9307,1774655373,1774655593,default
1774655410,1_70665,1_100136,245,1_761787259,1_7366,1774655616,1774655468,default
1774655410,1_49350,1_100026,128,1_651742929,1_7121,1774655557,1774655557,default
1774655410,1_2200,1_102581,D Line,1_732749199,1_6053,1774655365,1774655543,default
1774655410,1_59282,1_100072,181,1_721481549,1_7196,1774656000,1774655093,default
1774655410,1_59282,1_102717,165,1_664465499,1_7313,1774656780,1774655307,default
1774655410,1_59282,1_102717,165,1_664465499,1_7976231,1774656780,1774656780,default
1774655410,1_81749,1_100160,269,1_761787249,1_7462,1774655314,1774655553,default
1774655410,1_25791,1_100214,372,1_694306779,1_6914,1774655421,1774655587,default
1774655410,1_620,40_510,510,40_15047201__KPOB-CS:253:2:Thu-Fri:1:25SEP:85080:45,40_KPOB-CS:253:2:Thu-Fri:1:25SEP:85080:45,1774655700,1774655621,default
1774655410,1_620,40_100239,550,40_597759269,40_9659,1774655700,1774655770,default
1774655410,1_620,40_515,515,40_15047279__KPOB-CS:253:2:Thu-Fri:1:25SEP:85079:45,40_KPOB-CS:253:2:Thu-Fri:1:25SEP:85079:45,1774655400,1774655791,default
1774655410,1_620,40_515,515,40_15047353__KPOB-CS:253:2:Thu-Fri:1:25SEP:85081:45,40_KPOB-CS:253:2:Thu-Fri:1:25SEP:85081:45,1774656000,1774655934,default
1774655410,1_620,40_515,515,40_15047216__KPOB-CS:253:2:Thu-Fri:1:25SEP:85083:45,40_KPOB-CS:253:2:Thu-Fri:1:25SEP:85083:45,1774656600,1774656174,default
1774655410,1_620,29_424,424,29_14876206__MCOB-DO:123:0:Weekday:1:25SEP:61049:12345,29_MCOB-DO:123:0:Weekday:1:25SEP:61049:12345,1774656600,1774656345,default
1774655410,1_620,40_515,515,40_15046848__KPOB-CS:253:2:Thu-Fri:1:25SEP:85043:45,40_KPOB-CS:253:2:Thu-Fri:1:25SEP:85043:45,1774657200,1774656376,default
1774655410,1_620,40_510,510,40_15047266__KPOB-CS:253:2:Thu-Fri:1:25SEP:85057:45,40_KPOB-CS:253:2:Thu-Fri:1:25SEP:85057:45,1774656600,1774656600,default
1774655410,1_620,1_102754,256,1_778603729,1_7976735,1774656900,1774656900,default
1774655410,1_620,40_515,515,40_15047093__KPOB-CS:253:2:Thu-Fri:1:25SEP:85052:45,40_KPOB-CS:253:2:Thu-Fri:1:25SEP:85052:45,1774658400,1774658400,default
1774655410,1_620,1_102754,256,1_778603739,1_7976728,1774658700,1774658700,default
1774655410,1_10912,1_100162,271,1_569497239,1_7976676,1774655940,1774655940,default
1774655410,1_10912,40_100451,556,40_635882839,40_7976563,1774656000,1774656000,default
1774655410,1_10912,40_100511,542,40_581722909,40_7976606,1774656360,1774656360,default
1774655410,1_10912,1_100162,271,1_569496929,1_7976670,1774656720,1774656720,default
1774655410,1_10912,1_100162,271,1_569496799,1_7976668,1774657380,1774657380,default
1774655410,1_10912,40_100451,556,40_635883209,40_7976710,1774657800,1774657800,default
1774655410,1_71960,40_100511,542,40_721031419,40_7976685,1774656000,1774656000,default
1774655710,1_60161,1_100042,148,1_762077779,1_7976051,1774654980,1774656292,default
1774655710,1_74268,1_102702,239,1_736529259,1_3706,1774655831,1774655660,default
1774655710,1_320,40_590,590,40_3513020,40_41514,1774655820,1774655820,default
1774655710,1_575,1_100264,70,1_724577439,1_8213,1774655760,1774655757,default
1774655710,1_2850,1_100089,2,1_491928949,1_7975119,1774656060,1774656060,default
1774655710,1_46505,1_102619,F Line,1_694521709,1_7976229,1774656060,1774656060,default
1774655710,1_46505,1_102619,F Line,1_694522129,1_7976085,1774656660,1774656660,default
1774655710,1_280,40_592,592,40_923020,block_15105_schedBasedVehicle,1774656878,1774655750,default
1774655710,1_27420,1_100249,60,1_689961549,1_7038,1774655588,1774655787,default
1774655710,3_31002,40_560,560,40_3037020,40_9122,1774656145,1774656067,default
1774655710,1_52306,1_102719,161,1_664468349,1_7976218,1774655940,1774655940,default
1774655710,1_52306,1_102619,F Line,1_656236699,1_7976226,1774656300,1774656300,default
1774655710,1_52306,1_102719,161,1_693753589,1_7976230,1774656900,1774656900,default
1774655710,1_8530,1_100263,7,1_694071319,1_4523,1774655589,1774655823,default
1774655710,1_58112,1_102619,F Line,1_694522199,1_6010,1774655736,1774655804,default
1774655710,1_2200,1_102581,D Line,1_732750359,1_6080,1774655845,1774655727,default
1774655710,1_59282,1_100072,181,1_721481549,1_7196,1774656000,1774655093,default
1774655710,1_59282,1_102717,165,1_664465499,1_7313,1774656780,1774655307,default
1774655710,1_620,40_515,515,40_15046848__KPOB-CS:253:2:Thu-Fri:1:25SEP:85043:45,40_91902,1774657200,1774655706,default
1774655710,1_620,40_594,594,40_1594020,40_9307,1774655760,1774655976,default
1774655710,1_620,40_515,515,40_15047353__KPOB-CS:253:2:Thu-Fri:1:25SEP:85081:45,40_KPOB-CS:253:2:Thu-Fri:1:25SEP:85081:45,1774656000,1774656177,default
1774655710,1_620,40_515,515,40_15047216__KPOB-CS:253:2:Thu-Fri:1:25SEP:85083:45,40_KPOB-CS:253:2:Thu-Fri:1:25SEP:85083:45,1774656600,1774656302,default
1774655710,1_620,40_515,515,40_15046848__KPOB-CS:253:2:Thu-Fri:1:25SEP:85043:45,40_KPOB-CS:253:2:Thu-Fri:1:25SEP:85043:45,1774657200,1774656571,default
1774655710,1_620,40_510,510,40_15047266__KPOB-CS:253:2:Thu-Fri:1:25SEP:85057:45,40_KPOB-CS:253:2:Thu-Fri:1:25SEP:85057:45,1774656600,1774656600,default
1774655710,1_620,29_424,424,29_14876206__MCOB-DO:123:0:Weekday:1:25SEP:61049:12345,29_MCOB-DO:123:0:Weekday:1:25SEP:61049:12345,1774656600,1774656600,default
1774655710,1_620,1_102754,256,1_778603729,1_7976735,1774656900,1774656900,default
1774655710,1_620,40_515,515,40_15047093__KPOB-CS:253:2:Thu-Fri:1:25SEP:85052:45,40_KPOB-CS:253:2:Thu-Fri:1:25SEP:85052:45,1774658400,1774658400,default
1774655710,1_620,1_102754,256,1_778603739,1_7976728,1774658700,1774658700,default
1774655710,1_10912,40_586,586,40_1592020,block_15104_schedBasedVehicle,1774656574,1774655853,default
1774655710,1_10912,1_100162,271,1_569497239,1_7976676,1774655940,1774655940,default
1774655710,1_10912,40_100451,556,40_635882839,40_7976563,1774656000,1774656000,default
1774655710,1_10912,40_100511,542,40_581722909,40_7976606,1774656360,1774656360,default
1774655710,1_10912,1_100162,271,1_569496929,1_7976670,1774656720,1774656720,default
1774655710,1_10912,1_100162,271,1_569496799,1_7976668,1774657380,1774657380,default
1774655710,1_10912,40_100451,556,40_635883209,40_7976710,1774657800,1774657800,default
1774655710,1_71960,40_100511,542,40_721031419,40_7976685,1774656000,1774656000,default
